gene	enhancer	enhancer_index	global_concordance	max_regional_concordance	best_domain	local_advantage	regional_specificity	regional_evidence_score	predicted_class	screen_only	permutation_pvalue	permutation_qvalue	initial_spearman_rho	link_pvalue
foxa3	18-46301064-46301564	0	0.2496348351188506	0.37892816992561085	2	0.12929333480676025	0.11433263311379582	0.00560148574504797	regional_candidate	True	0.005	0.01	0.2900921076090748	0.0
foxa3	18-46297910-46298410	1	0.24328966061326762	0.3567735777233266	3	0.11348391711005895	0.09840936766016573	0.003984404689563146	unsupported	True	0.005	0.01	0.2473776082001058	7.4351962442655e-311
foxa3	18-46306811-46307311	2	0.4637752181195582	0.7473285697377922	0	0.283553351618234	0.4388373815967639	0.09299294152869264	core_concordant	True	0.005	0.01	0.2440826601771977	1.937504216811756e-302
foxa3	18-46310875-46311375	3	0.4698809047574989	0.5462906496681698	0	0.07640974491067087	0.16911991247934555	0.0070593914110324155	core_concordant	True	0.005	0.01	0.2270757840113216	5.276038208413962e-261
foxa3	18-46334994-46335494	4	0.2735339413435655	0.5002004154307605	1	0.22666647408719504	0.27453991183454685	0.03112696855647364	regional_candidate	True	0.005	0.01	0.2252918434464981	7.519147034788386e-257
foxa3	18-46340181-46340681	5	0.13249572963560477	0.22924474990577032	3	0.09674902027016555	0.06878522390553538	0.0015256015789082414	unsupported	True	0.05	0.07142857142857142	0.2062187202416206	1.1038579112524256e-214
foxa3	18-46306100-46306600	6	0.05479020159157037	0.10326652575746155	4	0.04847632416589118	0.05665797289023723	0.00028362876854124666	unsupported	True	0.315	0.37058823529411766	0.1846459564993109	7.55324342052175e-172
foxa3	18-46346770-46347270	7	0.09578096632790532	0.23590490407613146	3	0.14012393774822612	0.07615271623215353	0.0025172984072660237	unsupported	True	0.085	0.10625000000000001	0.1821434381494984	3.305541315023097e-167
foxa3	18-46305105-46305605	8	0.44351390607986485	0.7046893137402713	0	0.2611754076604065	0.2890491538939822	0.05319877958255001	core_concordant	True	0.005	0.01	0.1821086590152245	3.8306041529043755e-167
foxa3	18-46411799-46412299	9	0.4604463215403177	0.718418565033301	0	0.2579722434929833	0.5430473567056097	0.10064407931612117	core_concordant	True	0.005	0.01	0.17347654777959	1.1811729661478231e-151
foxa3	18-46334473-46334973	10	0.024199598063178094	0.1257732211549895	3	0.10157362309181142	0.07824893694326243	0.0009996490869632483	unsupported	True	0.335	0.37222222222222223	0.1550537320732521	3.0087515266298067e-121
foxa3	18-46330081-46330581	11	0.3026224021803753	0.5663245247442326	1	0.2637021225638573	0.3518842671016189	0.05255074102635375	regional_candidate	True	0.005	0.01	0.1484909622006141	2.80373818230931e-111
foxa3	18-46320432-46320932	12	0.15117305331777964	0.311745875846359	1	0.16057282252857935	0.2183830664571919	0.010931801021020735	regional_candidate	True	0.075	0.1	0.1279308136898678	6.158491125895576e-83
foxa3	18-46276088-46276588	13	0.36715044122438834	0.6786207475617255	0	0.3114703063373372	0.5767822095929301	0.12191457799442358	core_concordant	True	0.005	0.01	0.1245081263835134	1.2185183442139484e-78
foxa3	18-46328891-46329391	14	0.18587536993158368	0.3251753941845373	1	0.1393000242529536	0.1788549428020156	0.008101581665813535	regional_candidate	True	0.02	0.03636363636363637	0.1206584394477688	5.962702777127421e-74
foxa3	18-46280368-46280868	15	0.15890510043065495	0.23694548749031594	5	0.07804038705966099	0.07641990971413506	0.001413104818108438	unsupported	True	0.05	0.07142857142857142	0.1112544025758526	3.967499739408564e-63
foxa3	18-46269672-46270172	16	0.01886827569057084	0.08544139547857388	4	0.06657311978800304	0.0762396504506081	0.0004336587752492085	unsupported	True	0.43	0.4526315789473684	0.1110246605181256	7.107692571642324e-63
foxa3	18-46303710-46304210	17	0.025314680541500004	0.0731815395781723	3	0.0478668590366723	0.05603209722956948	0.0001962787802345597	unsupported	True	0.5	0.5	0.0996628786049846	5.1437432575044034e-51
foxa3	18-46290893-46291393	18	0.16016080681740993	0.4095640966004399	0	0.24940328978302997	0.3239653592126316	0.03309197067461272	regional_candidate	True	0.005	0.01	0.0987170040656185	4.3668557343709455e-50
foxa3	18-46288980-46289480	19	0.09616354073678372	0.2672331635670442	0	0.17106962283026045	0.20035669454504768	0.009159401760921811	regional_candidate	True	0.045	0.07142857142857142	0.092920906478511	1.3705248846406764e-44
xbp1	5-15942209-15942709	0	0.11650741104722717	0.4188302853331142	2	0.30232287428588706	0.33370250725632505	0.042254070764801185	regional_candidate	True	0.005	0.025	0.3728222177225747	0.0
xbp1	5-15961068-15961568	1	0.14925440107795998	0.24416994882469734	0	0.09491554774673736	0.0501888082885418	0.0011631519529042666	unsupported	True	0.06	0.10909090909090909	0.2859291865471227	0.0
xbp1	5-15925937-15926437	2	0.09519371211811319	0.329166555717826	2	0.23397284359971282	0.2171960510526323	0.016727578682594328	regional_candidate	True	0.01	0.03333333333333333	0.2747475763816968	0.0
xbp1	5-15976978-15977478	3	0.07416898144545443	0.28895165981173476	2	0.21478267836628034	0.2117741441143623	0.01314308699412139	regional_candidate	True	0.04	0.09999999999999999	0.2367713650186873	3.232561149154574e-284
xbp1	5-15937393-15937893	4	0.044101783602377695	0.12368147324176704	2	0.07957968963938934	0.0906793940824372	0.0008925149517744529	unsupported	True	0.455	0.45499999999999996	0.2346963106610202	3.702030980550045e-279
xbp1	5-16018203-16018703	5	0.0872735457057225	0.3043112421586229	2	0.21703769645290039	0.21764620419469483	0.014374881243170814	regional_candidate	True	0.045	0.09999999999999999	0.2145029988614979	1.6964513722351963e-232
xbp1	5-15927120-15927620	6	0.08767886365676116	0.23700256871851103	3	0.14932370506174986	0.16331239288766736	0.005779642188298202	regional_candidate	True	0.07	0.11666666666666668	0.1932115903120736	3.0139321528572285e-188
xbp1	5-15938584-15939084	7	0.06774704345485505	0.16039979020596246	2	0.0926527467511074	0.10642016638184229	0.0015815612956934651	unsupported	True	0.31	0.3875	0.1929271697026564	1.087595823966432e-187
xbp1	5-15942910-15943410	8	0.21388840931421596	0.3692478113493781	0	0.15535940203516216	0.13663066241656033	0.0078379708630153	regional_candidate	True	0.01	0.03333333333333333	0.184449540211408	1.757304135862745e-171
xbp1	5-15928698-15929198	9	0.029617287035205206	0.14145104432470085	2	0.11183375728949564	0.12332384973864821	0.0019508601959860193	unsupported	True	0.345	0.39444444444444443	0.1843711145366579	2.4612341360330344e-171
xbp1	5-15959453-15959953	10	0.12295359492475899	0.24265887138509212	0	0.11970527646033313	0.1335757289293616	0.003880047302164552	unsupported	True	0.05	0.1	0.1841635401048803	5.998878988911422e-171
xbp1	5-15958243-15958743	11	0.43182818622623864	0.7097840878092254	0	0.2779559015829868	0.31474280950400463	0.06209519218527621	core_concordant	True	0.005	0.025	0.1770431710826337	5.879946010143805e-158
xbp1	5-15939298-15939798	12	0.08720312469349939	0.12708207079548456	2	0.03987894610198517	0.060826023187167	0.00030826014523390095	unsupported	True	0.355	0.39444444444444443	0.1744838695515803	2.0228030429364778e-153
xbp1	5-15943582-15944082	13	0.29113083595544803	0.47615601751901826	0	0.18502518156357023	0.364919532986425	0.03214972234924353	regional_candidate	True	0.005	0.025	0.1705073598990774	1.6439299779050606e-146
xbp1	5-15913842-15914342	14	0.020976025396022075	0.1734097735911294	3	0.15243374819510733	0.14846226324481687	0.003924377497096247	unsupported	True	0.205	0.2733333333333333	0.1659328186885184	9.056410785316738e-139
xbp1	5-15953252-15953752	15	0.34128649054914145	0.489338128892331	0	0.14805163834318957	0.3575289929050378	0.025902014385880384	regional_candidate	True	0.015	0.04285714285714286	0.16456393445275	1.6992983557035812e-136
xbp1	5-15926469-15926969	16	0.07692926091661476	0.2073665079806538	3	0.13043724706403906	0.1431789003197681	0.00387274820256126	unsupported	True	0.145	0.20714285714285713	0.1552813591292448	1.3320606658758823e-121
xbp1	5-15934648-15935148	17	0.31899082525546246	0.5551798613166923	0	0.23618903606122982	0.2721358607410911	0.03568446685475576	regional_candidate	True	0.005	0.025	0.1475065840067662	8.023152408002182e-110
xbp1	5-15953823-15954323	18	0.12995575152915317	0.236348765869151	0	0.10639301433999782	0.13520386138599594	0.003399817050298049	unsupported	True	0.105	0.16153846153846155	0.1426262546409832	9.488793824737456e-103
xbp1	5-16031093-16031593	19	0.07775875797664357	0.13893886423290902	1	0.06118010625626545	0.1007266549734802	0.0008562062289471028	unsupported	True	0.38	0.39999999999999997	0.1388333869965339	2.0122465040758424e-97
meis1b	13-5523460-5523960	0	0.35210172397941825	0.5045966649195239	2	0.15249494094010568	0.22401769694169416	0.017237812001898504	core_concordant	True	0.015	0.075	0.3895119261568753	0.0
meis1b	13-5603751-5604251	1	0.2668306809708837	0.32253302873783685	4	0.05570234776695315	0.08445174565754301	0.0015172471357151325	unsupported	True	0.08	0.16	0.2442742834948228	6.328189093484171e-303
meis1b	13-5499219-5499719	2	0.23649448358093772	0.3373825714060962	5	0.10088808782515846	0.12924685445384618	0.004399289244709096	unsupported	True	0.1	0.18181818181818182	0.2424406258853162	2.715921543135209e-298
meis1b	13-5498074-5498574	3	0.2292650445389904	0.32179825050304384	5	0.09253320596405343	0.12448376580078607	0.0037067560560511935	unsupported	True	0.045	0.15	0.2402274235118151	9.402873439217806e-293
meis1b	13-5596482-5596982	4	0.25065389021943035	0.3175483022497579	2	0.06689441203032753	0.0933450076502339	0.001982853972143625	unsupported	True	0.075	0.16	0.2228806221995675	2.711018165005645e-251
meis1b	13-5644627-5645127	5	0.21475339643093724	0.3253172199892803	3	0.11056382355834307	0.20861239153738448	0.007503436360123803	regional_candidate	True	0.015	0.075	0.2072272469838018	8.225480004532396e-217
meis1b	13-5522949-5523449	6	0.17462988179931319	0.21022877863899816	1	0.03559889683968498	0.032395830146951826	0.00024244756153770437	unsupported	True	0.205	0.2529411764705882	0.2068493379586745	5.1734680973809044e-216
meis1b	13-5621976-5622476	7	0.19509319795524405	0.4827207245886105	2	0.28762752663336644	0.5212792962136242	0.07237638170218086	regional_candidate	True	0.005	0.075	0.191373684762999	1.1615016715877345e-184
meis1b	13-5574154-5574654	8	0.16831745696336164	0.3353872457683838	2	0.16706978880502216	0.17646079888026717	0.009887641410867716	regional_candidate	True	0.135	0.2076923076923077	0.190853602593032	1.1831971293864835e-183
meis1b	13-5496293-5496793	9	0.14977036088044723	0.29751388532796114	2	0.1477435244475139	0.2294734726087464	0.010086678591425034	regional_candidate	True	0.075	0.16	0.1797318319755285	8.470345991758958e-163
meis1b	13-5495280-5495780	10	0.160158238906394	0.21289147813167628	5	0.05273323922528228	0.04213476811201525	0.00047302417275192334	unsupported	True	0.13	0.2076923076923077	0.1734303339402271	1.4226253005612214e-151
meis1b	13-5642339-5642839	11	0.2531925488524211	0.41608212586843113	3	0.16288957701601003	0.16821955831934718	0.011401154831779824	regional_candidate	True	0.01	0.075	0.1725773183178466	4.364977119362786e-150
meis1b	13-5530588-5531088	12	0.11607879652578675	0.280935232655603	2	0.16485643612981626	0.26538953158281886	0.012291245786728057	regional_candidate	True	0.075	0.16	0.1722519376657359	1.6036455915451428e-149
meis1b	13-5628177-5628677	13	0.24187796792022326	0.38036789902013685	3	0.1384899310999136	0.19353293187202417	0.010194758275062445	regional_candidate	True	0.045	0.15	0.1693336997380195	1.6716705665273667e-144
meis1b	13-5524185-5524685	14	0.12350376424375316	0.1946622689604208	2	0.07115850471666764	0.08209227275712294	0.0011371319814745076	unsupported	True	0.215	0.2529411764705882	0.1643159534191056	4.364881164264132e-136
meis1b	13-5478014-5478514	15	0.13486734710470974	0.21726367696041302	1	0.08239632985570328	0.13382340309291435	0.002395670375316564	unsupported	True	0.245	0.2578947368421053	0.1628023995961435	1.3381638577173556e-133
meis1b	13-5590052-5590552	16	0.09048719745529561	0.14039246870982922	5	0.049905271254533604	0.037349504761903934	0.00026168274030602954	unsupported	True	0.24	0.2578947368421053	0.1547152746351483	1.0081817497081912e-120
meis1b	13-5494112-5494612	17	0.10865276604034284	0.23921162742322563	3	0.1305588613828828	0.16420596639850632	0.005128349001083854	regional_candidate	True	0.155	0.22142857142857145	0.1520581882738156	1.2151938909077896e-116
meis1b	13-5619550-5620050	18	0.09979823303744177	0.19521836602047543	2	0.09542013298303366	0.11585794739324101	0.0021581743215693004	unsupported	True	0.17	0.22666666666666668	0.1451108525513384	2.554290360422844e-106
meis1b	13-5536180-5536680	19	0.1162081512540619	0.16258996484856536	5	0.046381813594503454	0.05732573706597001	0.00043230584823413296	unsupported	True	0.365	0.365	0.1429591793939452	3.1810270440893894e-103
pax6b	7-15902021-15902521	0	0.4693572017673795	0.6169779232057901	3	0.14762072143841065	0.29102220513302357	0.02650593172057587	core_concordant	True	0.005	0.011111111111111112	0.3667433882129496	0.0
pax6b	7-15920007-15920507	1	0.42087722144759904	0.5022105301452431	1	0.08133330869764405	0.11474956663765323	0.00468711175681297	core_concordant	True	0.005	0.011111111111111112	0.3637969391022684	0.0
pax6b	7-15925159-15925659	2	0.4614510096737133	0.5866459575301488	3	0.12519494785643553	0.2574191425306767	0.018906177255533858	core_concordant	True	0.005	0.011111111111111112	0.3497834003664892	0.0
pax6b	7-15885872-15886372	3	0.3784046848329289	0.4891283690084879	3	0.110723684175559	0.17250519930281621	0.009342552980702983	core_concordant	True	0.005	0.011111111111111112	0.3351646673988431	0.0
pax6b	7-15800321-15800821	4	0.3182096755146933	0.372027721129288	3	0.05381804561459469	0.1163278713186317	0.00232909393997573	unsupported	True	0.01	0.018181818181818184	0.3100401631656223	0.0
pax6b	7-15956748-15957248	5	0.2359721244481408	0.41506494035628344	1	0.17909281590814263	0.1278437760607407	0.009503286136208579	regional_candidate	True	0.005	0.011111111111111112	0.2817141610369708	0.0
pax6b	7-15797190-15797690	6	0.41268755125734363	0.5265596053460363	3	0.11387205408869266	0.20220255239963275	0.01212415074763469	core_concordant	True	0.005	0.011111111111111112	0.2784334850250667	0.0
pax6b	7-15962139-15962639	7	0.32029705900379885	0.4108762047934599	3	0.09057914578966103	0.1758402651006525	0.006544214731063375	regional_candidate	True	0.025	0.03571428571428571	0.2748861108470937	0.0
pax6b	7-15967024-15967524	8	0.36597907170712696	0.49084808361950816	3	0.1248690119123812	0.2208429788569624	0.013535844964164958	core_concordant	True	0.005	0.011111111111111112	0.2736601739846039	0.0
pax6b	7-15888023-15888523	9	0.21383302779503108	0.5003635663993632	1	0.2865305386043321	0.3632588152695698	0.0520802137115825	regional_candidate	True	0.005	0.011111111111111112	0.2713327374752849	0.0
pax6b	7-15970082-15970582	10	0.22978797326277517	0.2406489396745176	3	0.010860966411742418	0.03603663860645198	9.418824342452269e-05	unsupported	True	0.115	0.12105263157894738	0.2682332756074527	0.0
pax6b	7-15878117-15878617	11	0.21608996462947966	0.41996668093906314	2	0.20387671630958348	0.24384703591492854	0.0208785313967304	regional_candidate	True	0.04	0.047058823529411764	0.2672210145458019	0.0
pax6b	7-15881732-15882232	12	0.3511995070555919	0.5058923784603977	3	0.1546928714048058	0.2828684589064601	0.02213670419915742	core_concordant	True	0.005	0.011111111111111112	0.2579234984796386	0.0
pax6b	7-15876716-15877216	13	0.21770734264231742	0.338485961672996	2	0.12077861903067857	0.09173819137336775	0.0037504285396598707	unsupported	True	0.04	0.047058823529411764	0.2301241404606925	3.4694841544366983e-268
pax6b	7-15846323-15846823	14	0.29267725664139066	0.36538854173856183	4	0.07271128509717117	0.1426578085634028	0.003790114173682054	unsupported	True	0.025	0.03571428571428571	0.2275293089001873	4.576206789908748e-262
pax6b	7-15931725-15932225	15	0.14035169436425965	0.21272311023635795	2	0.0723714158720983	0.08082702461282801	0.0012443379181414933	unsupported	True	0.19	0.19	0.2205376833811012	5.883010545821199e-246
pax6b	7-15948601-15949101	16	0.30126553588725474	0.3492923274449541	3	0.048026791557699344	0.07749592031543678	0.001300024271426121	unsupported	True	0.025	0.03571428571428571	0.2188473834848233	3.810987987289591e-242
pax6b	7-15920701-15921201	17	0.19432516519495968	0.3266010123478157	1	0.132275847152856	0.1841215531715739	0.007954313578725829	regional_candidate	True	0.01	0.018181818181818184	0.2020703892216437	4.7474004018505955e-206
pax6b	7-15949127-15949627	18	0.15577877931957657	0.2557378346267742	1	0.09995905530719762	0.13230737566155754	0.0033822147709861943	unsupported	True	0.075	0.08333333333333333	0.1982937857141029	2.3509923592657322e-198
pax6b	7-15916640-15917140	19	0.23122410400412485	0.3209748218450322	3	0.08975071784090732	0.16914960819268046	0.004872814664161478	unsupported	True	0.035	0.04666666666666667	0.1975433519686979	7.613409109455237e-197
pcdh10b	14-42974880-42975380	0	0.2994649331727374	0.3487011744532724	4	0.049236241280535	0.052359234953599176	0.0008989418381083632	unsupported	True	0.025	0.05454545454545454	0.3499406108119082	0.0
pcdh10b	14-42969288-42969788	1	0.48885375223442257	0.6542672738145814	2	0.16541352158015882	0.49048630072286215	0.05308271009737915	core_concordant	True	0.005	0.025	0.3210293400071525	0.0
pcdh10b	14-42969977-42970477	2	0.3516354678924645	0.43252860061509296	1	0.08089313272262844	0.2682237713420321	0.009384772501420767	core_concordant	True	0.01	0.03333333333333333	0.3120688127153765	0.0
pcdh10b	14-42995102-42995602	3	0.24404396026962158	0.3589871220227063	2	0.1149431617530847	0.17510424350095283	0.007225346507488307	regional_candidate	True	0.03	0.05454545454545454	0.2882787843897579	0.0
pcdh10b	14-42974267-42974767	4	0.1945509920409994	0.30569718170647403	4	0.11114618966547463	0.13015331401944003	0.004422229164193558	unsupported	True	0.03	0.05454545454545454	0.2587239319160488	0.0
pcdh10b	14-42976958-42977458	5	0.09024322801339368	0.13500752266651372	1	0.04476429465312004	0.07227244557630796	0.00043677971914486436	unsupported	True	0.21	0.2866666666666667	0.2372646663947562	1.9933416156769884e-285
pcdh10b	14-42954914-42955414	6	0.24879147495699563	0.4590646658247252	0	0.21027319086772958	0.2381515318568132	0.022988527336635974	regional_candidate	True	0.005	0.025	0.2344977600761919	1.121744877186846e-278
pcdh10b	14-43003937-43004437	7	0.13967596813891525	0.1969206785125788	2	0.05724471037366355	0.10549916407591411	0.0011892569673539655	unsupported	True	0.055	0.09166666666666667	0.2298196168944826	1.8302483157925769e-267
pcdh10b	14-42923070-42923570	8	0.19907411434860267	0.49897174820101314	0	0.2998976338524105	0.3489706091367286	0.05222011781708772	regional_candidate	True	0.005	0.025	0.2282333338899894	1.0176020783279227e-263
pcdh10b	14-42972243-42972743	9	0.1118476718031331	0.13621691667964878	1	0.024369244876515678	0.06473638043478558	0.00021489263488512584	unsupported	True	0.29	0.32	0.1955119357315573	8.690418233774839e-193
pcdh10b	14-42932284-42932784	10	0.13328214899137936	0.3355825827301748	0	0.20230043373879547	0.2565431712127486	0.017416331602609463	regional_candidate	True	0.01	0.03333333333333333	0.190064446077232	3.9536670306639034e-182
pcdh10b	14-42916589-42917089	11	0.18844512120542606	0.4341089782748855	0	0.24566385706945942	0.2871921169531573	0.030627570570124274	regional_candidate	True	0.02	0.05454545454545454	0.1755464081146308	2.697866863659757e-155
pcdh10b	14-42916028-42916528	12	0.17430692959204244	0.44635674939218195	0	0.27204981980013954	0.31651365113046154	0.0384346556542077	regional_candidate	True	0.005	0.025	0.1744599357573072	2.228679910895733e-153
pcdh10b	14-42998232-42998732	13	0.12027742751776051	0.1457177202806435	5	0.025440292762882996	0.026198090038902513	9.711897795501997e-05	unsupported	True	0.24	0.3	0.1597741563664822	1.068803912543586e-128
pcdh10b	14-42986553-42987053	14	0.0730463067604935	0.3739014540872132	0	0.3008551473267197	0.35197540565971436	0.03959377570169602	regional_candidate	True	0.03	0.05454545454545454	0.1516313395351293	5.412237664850559e-116
pcdh10b	14-42997698-42998198	15	0.12288244956691467	0.15355708325711356	4	0.03067463369019889	0.03902373299204023	0.00018381377358361612	unsupported	True	0.28	0.32	0.14812837646779	9.6702378518262e-111
pcdh10b	14-42985592-42986092	16	0.08636351602940719	0.13393453948508935	1	0.04757102345568216	0.05181647578621537	0.0003301436554591135	unsupported	True	0.215	0.2866666666666667	0.140816332467359	3.4475142815093893e-100
pcdh10b	14-42993203-42993703	17	0.07586716011207814	0.14497679057094875	0	0.06910963045887061	0.05116230853016894	0.0005126101301213005	unsupported	True	0.215	0.2866666666666667	0.121861480502933	2.1189990993235172e-75
pcdh10b	14-42968680-42969180	18	0.1641033675329716	0.17781082241024646	1	0.013707454877274844	0.08610162126863304	0.00020985839389501068	unsupported	True	0.32	0.32	0.1179095967785905	1.0759476286732636e-70
pcdh10b	14-42961454-42961954	19	0.0692207163581472	0.11081888334825196	0	0.04159816699010477	0.0630236260681129	0.0002905302450795962	unsupported	True	0.31	0.32	0.116162510348876	1.1523283958688482e-68
dbx1a	7-17049240-17049740	0	0.21340025827310583	0.20315624490161713	1	-0.010244013371488697	0.029894046390981366	0.0	unsupported	True	0.035	0.06363636363636364	0.186456178900624	3.011428964981085e-175
dbx1a	7-17052729-17053229	1	0.3576783020193507	0.5644502754409932	3	0.20677197342164255	0.3998200259731479	0.04666399372239727	core_concordant	True	0.005	0.02	0.1799304172602408	3.691737353434131e-163
dbx1a	7-17056668-17057168	2	0.07193717622690422	0.1948436126356133	1	0.12290643640870909	0.09893689341973201	0.002369294627536152	unsupported	True	0.06	0.0923076923076923	0.1758158419490296	8.988027965822649e-156
dbx1a	7-17024025-17024525	3	0.2589188702295293	0.376891850506153	0	0.11797298027662367	0.30159328556312304	0.013409758797233546	regional_candidate	True	0.005	0.02	0.148787279056253	1.0169403859464206e-111
dbx1a	7-17045010-17045510	4	0.15437185480048257	0.19584544602845638	3	0.04147359122797381	0.060698595053389065	0.0004930191165693923	unsupported	True	0.015	0.03333333333333333	0.1324088862652564	9.71351949491814e-89
dbx1a	7-17079707-17080207	5	0.34289290061256755	0.5287130225888925	3	0.18582012197632497	0.4617852827867319	0.04536833447283229	regional_candidate	True	0.005	0.02	0.1291740532837027	1.5821352788946722e-84
dbx1a	7-16948076-16948576	6	0.12849390534323987	0.11836575505176244	3	-0.010128150291477428	0.06081688449323873	0.0	unsupported	True	0.155	0.19375	0.1178534456936884	1.2517268168960222e-70
dbx1a	7-17035301-17035801	7	0.0853048501054026	0.09974333126170226	3	0.014438481156299657	0.06331775878411738	9.118657699723706e-05	unsupported	True	0.2	0.2222222222222222	0.1118791203758983	8.077655076008485e-64
dbx1a	7-17059007-17059507	8	0.026386202852690187	0.11572351760020284	1	0.08933731474751266	0.0935379900947767	0.0009670358053744125	unsupported	True	0.135	0.18000000000000002	0.110715238603119	1.5556721801739519e-62
dbx1a	7-17072879-17073379	9	0.09332575271488103	0.13276680439287022	4	0.0394410516779892	0.03602570335626418	0.0001886472408129603	unsupported	True	0.105	0.15	0.1023418107636809	1.0760113148880118e-53
dbx1a	7-17006284-17006784	10	0.13155923936736877	0.4212472366023389	3	0.2896879972349702	0.4032765628918606	0.04921194717367409	regional_candidate	True	0.01	0.028571428571428574	0.1000305086864626	2.227580752073042e-51
dbx1a	7-17084616-17085116	11	0.27458093752974266	0.34541869539170117	0	0.0708377578619585	0.2712845684436734	0.0066379768961626635	regional_candidate	True	0.01	0.028571428571428574	0.100010591144348	2.331089681107989e-51
dbx1a	7-17086225-17086725	12	0.03767923191015471	0.04801108862672667	4	0.010331856716571962	0.03053561733998903	1.5147000255890963e-05	unsupported	True	0.565	0.565	0.0967874527065581	3.2160149987087465e-48
dbx1a	7-17079160-17079660	13	0.2872029475247295	0.4516642280225689	3	0.16446128049783937	0.40213403759827016	0.029871029956860383	regional_candidate	True	0.005	0.02	0.0939025338908144	1.6964909139777002e-45
dbx1a	7-16991571-16992071	14	0.11122457337536737	0.11220334205912118	0	0.0009787686837538084	0.05711860171459976	6.272828665764381e-06	unsupported	True	0.195	0.2222222222222222	0.0929303576620436	1.3433736746145825e-44
dbx1a	7-16982755-16983255	15	0.059407523730058975	0.1789050135127927	3	0.11949748978273372	0.1562126682483325	0.0033396237744804653	unsupported	True	0.04	0.06666666666666667	0.091617125250884	2.123956908083771e-43
dbx1a	7-17081338-17081838	16	0.20945377190188066	0.2946365269330486	3	0.08518275503116793	0.2458981514615476	0.006171539780217733	regional_candidate	True	0.02	0.04	0.0913581714919707	3.643647628527434e-43
dbx1a	7-17009748-17010248	17	0.10705517116635901	0.1989452395706382	0	0.09189006840427918	0.09198972385805489	0.0016816725748094105	unsupported	True	0.015	0.03333333333333333	0.0908025708007036	1.1539379882031624e-42
dbx1a	7-17074091-17074591	18	0.07380275487518692	0.08285850952747646	1	0.009055754652289541	0.04725557008660051	3.5458043734695185e-05	unsupported	True	0.4	0.42105263157894735	0.0905494284320772	1.9465587381171516e-42
dbx1a	7-17093496-17093996	19	0.23152119157065779	0.496458740900583	3	0.2649375493299252	0.40302958830103597	0.05301070831538972	regional_candidate	True	0.005	0.02	0.0793284441044613	5.20087499453949e-33
efnb2b	1-7653831-7654331	0	0.3253347294200932	0.41640146001057904	3	0.09106673059048581	0.08272882800746634	0.0031371035962132632	unsupported	True	0.015	0.04285714285714286	0.3715754017648707	0.0
efnb2b	1-7613428-7613928	1	0.33200759820994724	0.43393653674173516	2	0.10192893853178792	0.2993843450676081	0.013241976331254747	regional_candidate	True	0.01	0.04	0.3386947152215439	0.0
efnb2b	1-7616609-7617109	2	0.3753582296634854	0.5048397959365016	2	0.1294815662730162	0.49532659512038396	0.03237823519931378	core_concordant	True	0.005	0.025	0.3291139500306093	0.0
efnb2b	1-7629566-7630066	3	0.2854052532784111	0.3887517651374302	2	0.10334651185901911	0.31657787868050136	0.012718876828431485	regional_candidate	True	0.045	0.0818181818181818	0.3181587098024484	0.0
efnb2b	1-7617965-7618465	4	0.36206018022706254	0.5759944232815587	5	0.21393424305449615	0.11771994829882582	0.014506032500366297	core_concordant	True	0.005	0.025	0.3034747261679867	0.0
efnb2b	1-7656960-7657460	5	0.19464677015095636	0.30734749981815934	2	0.11270072966720299	0.3164482136070521	0.010961224198901887	regional_candidate	True	0.04	0.08	0.2753269081169512	0.0
efnb2b	1-7623926-7624426	6	0.19105401394598281	0.33102412079005006	2	0.13997010684406724	0.36417844162506363	0.01687365510774413	regional_candidate	True	0.015	0.04285714285714286	0.2282226282248232	1.078339174468318e-263
efnb2b	1-7640166-7640666	7	0.2606973843526294	0.48809654940992353	5	0.22739916505729413	0.03465624460455008	0.0038465918171975526	unsupported	True	0.005	0.025	0.2229415664051509	1.965583614677369e-251
efnb2b	1-7620980-7621480	8	0.25565028914346877	0.3545018591786253	2	0.09885157003515654	0.3781004079559237	0.013249797308713592	regional_candidate	True	0.02	0.05	0.2196822736342708	5.040613143326358e-244
efnb2b	1-7641085-7641585	9	0.10486166608817385	0.2164079238740141	3	0.11154625778584026	0.11670200148668355	0.002817127272068776	unsupported	True	0.15	0.21428571428571427	0.2148584652600185	2.8057167999780588e-233
efnb2b	1-7747738-7748238	10	0.13647565060791303	0.1630306513612025	2	0.02655500075328948	0.013614603028468508	5.894141593350474e-05	unsupported	True	0.265	0.311764705882353	0.1876132848771998	1.9377401013530372e-177
efnb2b	1-7688045-7688545	11	0.1297624624711519	0.3636049675301286	0	0.23384250505897672	0.27955734973658003	0.023769726096032028	regional_candidate	True	0.03	0.06666666666666667	0.1710348383942984	2.0369675239028995e-147
efnb2b	1-7662367-7662867	12	0.05965847074659114	0.19054144765994036	0	0.1308829769133492	0.192796631226587	0.004808084216777531	unsupported	True	0.245	0.311764705882353	0.165848568492043	1.251536771708014e-138
efnb2b	1-7687430-7687930	13	0.17551217361976698	0.45224847420164355	5	0.2767363005818766	0.08780772519085916	0.010989450254377498	regional_candidate	True	0.005	0.025	0.1617945526889141	5.872640730871918e-132
efnb2b	1-7621848-7622348	14	0.04960319142342349	0.07861432955406543	2	0.02901113813064194	0.04776809388806992	0.00010894427011694288	unsupported	True	0.65	0.65	0.1548633060782486	5.94292172382245e-121
efnb2b	1-7654393-7654893	15	0.09372191035590359	0.21185713826766886	3	0.11813522791176527	0.12925739334913325	0.003235027066531835	unsupported	True	0.125	0.19230769230769232	0.1429313972710725	3.48513525295004e-103
efnb2b	1-7595106-7595606	16	0.1194580720749247	0.26073278455603144	0	0.14127471248110673	0.10648127060874174	0.003922232190701724	unsupported	True	0.11	0.18333333333333335	0.1417879159562481	1.470040160776684e-101
efnb2b	1-7619165-7619665	17	0.08267563952231954	0.1066717072521788	2	0.023996067729859252	0.04863363717623088	0.0001244875946180942	unsupported	True	0.49	0.5444444444444445	0.1349701494750173	3.770053344983994e-92
efnb2b	1-7676546-7677046	18	0.03755558768555769	0.09538975531654446	2	0.057834167630986776	0.06580408074700292	0.0003630271037434556	unsupported	True	0.59	0.6210526315789473	0.1302902009014267	5.729255120501171e-86
efnb2b	1-7583474-7583974	19	0.11384200969364824	0.18331416140822226	2	0.06947215171457402	0.15275308339772178	0.001945345533084242	unsupported	True	0.25	0.311764705882353	0.1276514666611015	1.3951227012165754e-82
lhx1a	15-27805247-27805747	0	0.49027407522928224	0.6296624376606407	2	0.13938836243135844	0.5355891243221069	0.04700738063479912	core_concordant	True	0.005	0.016666666666666666	0.1309588434245324	7.738351675820095e-87
lhx1a	15-27700454-27700954	1	0.26153304743566935	0.3709051809683671	1	0.10937213353269776	0.1863675256722479	0.0075603138228101585	regional_candidate	True	0.005	0.016666666666666666	0.12426722485948	2.419477915137608e-78
lhx1a	15-27758411-27758911	2	0.2788165234056469	0.4397368428551799	3	0.160920319449533	0.2608686539234689	0.018459742442996595	regional_candidate	True	0.005	0.016666666666666666	0.1197969247933907	6.371963258364111e-73
lhx1a	15-27612517-27613017	3	0.06617859205794704	0.2833346652846831	3	0.21715607322673605	0.24647056963749928	0.01516480259219767	regional_candidate	True	0.035	0.05833333333333334	0.1049136512565125	2.464534630388448e-56
lhx1a	15-27750880-27751380	4	0.1838149346243844	0.303738116286168	2	0.11992318166178359	0.26572670147534916	0.009679159220293904	regional_candidate	True	0.005	0.016666666666666666	0.1043959080044256	8.483128149818132e-56
lhx1a	15-27719985-27720485	5	0.23401566282992167	0.2763629792849911	2	0.04234731645506942	0.14915199775604318	0.0017455602152774234	unsupported	True	0.02	0.05714285714285715	0.104231950255886	1.253123397509025e-55
lhx1a	15-27680801-27681301	6	0.1325555922876978	0.3693223529021716	3	0.23676676061447377	0.3051388778654447	0.026682337354240852	regional_candidate	True	0.005	0.016666666666666666	0.098010720037845	2.1278038772953085e-49
lhx1a	15-27693606-27694106	7	0.14675311048207249	0.18706351616372352	1	0.040310405681651035	0.14323846615660618	0.0010801048695307043	unsupported	True	0.07	0.09333333333333334	0.0975880830773393	5.45882697763244e-49
lhx1a	15-27810213-27810713	8	0.12767654083027433	0.20333167063154586	1	0.07565512980127154	0.13970321963690333	0.0021490663535718795	unsupported	True	0.05	0.07142857142857142	0.097455751589274	7.325652239152928e-49
lhx1a	15-27683414-27683914	9	0.06097120794074147	0.1202303773431976	1	0.059259169402456124	0.06108199186043254	0.0004351940618924667	unsupported	True	0.22	0.24444444444444446	0.0928603819715807	1.5578167362048145e-44
lhx1a	15-27671248-27671748	10	0.13905549067509723	0.19143969317433532	1	0.052384202499238086	0.09747193966944509	0.0009774891255713647	unsupported	True	0.05	0.07142857142857142	0.0898873934203731	7.588240186847053e-42
lhx1a	15-27691547-27692047	11	0.19340522486957068	0.20413470212777937	2	0.010729477258208692	0.12660514075393992	0.0002772980039227017	unsupported	True	0.035	0.05833333333333334	0.0881800818074529	2.420025567050534e-40
lhx1a	15-27695773-27696273	12	0.14639226201538247	0.20544176645709106	1	0.05904950444170859	0.1371397380962537	0.0016636743222404687	unsupported	True	0.035	0.05833333333333334	0.0872416169018057	1.577666173892853e-39
lhx1a	15-27808774-27809274	13	0.07113565809409454	0.23979782528044363	3	0.16866216718634908	0.20314857950269433	0.008216307913745382	regional_candidate	True	0.035	0.05833333333333334	0.0857307441262727	3.093490180075201e-38
lhx1a	15-27731185-27731685	14	0.14948596719239024	0.22964648275665014	1	0.0801605155642599	0.17121699990851444	0.003151861918129611	unsupported	True	0.03	0.05833333333333334	0.0838169768777488	1.2445716908189034e-36
lhx1a	15-27667230-27667730	15	0.08293207780708055	0.3831928480599445	3	0.30026077025286396	0.37505875732596045	0.04315342788016729	regional_candidate	True	0.005	0.016666666666666666	0.0832455381648118	3.690599463576812e-36
lhx1a	15-27706370-27706870	16	0.07485485834174309	0.12002446753167628	1	0.045169609189933194	0.06761467351925118	0.0003665701323871813	unsupported	True	0.18	0.2117647058823529	0.078398430048731	2.763365884353778e-32
lhx1a	15-27744135-27744635	17	0.03210586738641762	0.08156639107484824	1	0.04946052368843062	0.05435382471023932	0.00021928052740620606	unsupported	True	0.365	0.38421052631578945	0.0780065863286922	5.552625616053436e-32
lhx1a	15-27615612-27616112	18	0.06109802032645984	0.05998924834238568	2	-0.0011087719840741639	0.036147366679328274	0.0	unsupported	True	0.635	0.635	0.0761032988843107	1.5667017163280452e-30
lhx1a	15-27740206-27740706	19	0.037384277509698444	0.12192103623828388	3	0.08453675872858543	0.08188822443405919	0.0008440063069679208	unsupported	True	0.18	0.2117647058823529	0.0754467113325758	4.864981165647376e-30
tram1	24-14234177-14234677	0	0.029207095056377693	0.25038841855836547	2	0.22118132350198777	0.14817527063180347	0.008206130492575178	regional_candidate	True	0.065	0.15	0.1538758166990025	1.9992639568869148e-119
tram1	24-14294019-14294519	1	0.1213894676839746	0.23476088007090898	0	0.11337141238693438	0.06951270132380424	0.0018500925399299107	unsupported	True	0.045	0.12857142857142856	0.136124770742886	1.0389451773510197e-93
tram1	24-14268663-14269163	2	-0.007084861987982142	0.11105123544292975	2	0.11813609743091188	0.08921308921957542	0.0011704007532139884	unsupported	True	0.335	0.37222222222222223	0.1161232587253287	1.2788625537950612e-68
tram1	24-14272605-14273105	3	0.14865605853473118	0.23251553745243178	0	0.0838594789177006	0.13550097497634092	0.002642083621099265	unsupported	True	0.075	0.15	0.115814317530291	2.900101855079486e-68
tram1	24-14246906-14247406	4	0.10588913899016705	0.17739344476278965	0	0.0715043057726226	0.06131736426150475	0.0007777736757877617	unsupported	True	0.14	0.23333333333333336	0.1152936317976836	1.1469156237594967e-67
tram1	24-14307504-14308004	5	0.1255165254295072	0.23837891809409836	5	0.11286239266459117	0.12229997509662466	0.0032903603714576624	unsupported	True	0.095	0.17272727272727273	0.1010954944542606	1.9378822164091582e-52
tram1	24-14201154-14201654	6	0.2357917332061538	0.3882368840752268	0	0.15244515086907298	0.25824793418736314	0.015284360177193946	regional_candidate	True	0.02	0.08	0.099664394453687	5.126057414793767e-51
tram1	24-14248318-14248818	7	-0.005894704838197668	0.2355101129180648	3	0.2414048177562625	0.2328625984923253	0.013239001556253582	regional_candidate	True	0.075	0.15	0.0995734304134399	6.302381653101868e-51
tram1	24-14299947-14300447	8	0.011583083377250307	0.2094607054072116	2	0.1978776220299613	0.1892252243623927	0.007842928815893727	regional_candidate	True	0.04	0.12857142857142856	0.099239822330067	1.3422882201263416e-50
tram1	24-14210036-14210536	9	0.5558630629874981	0.7508496111257447	0	0.19498654813824656	0.657323319349012	0.0962357977705675	core_concordant	True	0.005	0.05	0.0939978642007637	1.3833247962249446e-45
tram1	24-14204227-14204727	10	0.06907850117208598	0.14645466175554045	0	0.07737616058345446	0.07724589472367423	0.0008753581592738522	unsupported	True	0.22	0.275	0.0914592864225129	2.9518356491257274e-43
tram1	24-14246178-14246678	11	0.013344612383431402	0.30501996297064726	1	0.2916753505872159	0.3149447072128488	0.028019624237610157	regional_candidate	True	0.02	0.08	0.0881448209513234	2.5975853673452924e-40
tram1	24-14287554-14288054	12	-0.013514623219789789	0.18446166499104943	3	0.19797628821083924	0.19032058296475074	0.006950324173653915	unsupported	True	0.205	0.2733333333333333	0.0875069688325232	9.304384817412463e-40
tram1	24-14228577-14229077	13	0.20108348714370305	0.402327476900068	0	0.20124398975636493	0.2839069447828706	0.022986805898287846	regional_candidate	True	0.005	0.05	0.0847037314175112	2.270113890924634e-37
tram1	24-14284313-14284813	14	0.09084073480440495	0.13125986733711012	0	0.04041913253270517	0.07409494352461031	0.00039310405240761847	unsupported	True	0.19	0.2714285714285714	0.0819617215377917	4.1294266845456455e-35
tram1	24-14199286-14199786	15	0.08478361674805235	0.13404988720115765	5	0.049266270453105304	0.041020623239691856	0.00027090585660035163	unsupported	True	0.285	0.3352941176470588	0.0818907395291279	4.714127871611136e-35
tram1	24-14300683-14301183	16	0.08462781046406373	0.1705075763090659	1	0.08587976584500218	0.10118357480516041	0.0014816463370922312	unsupported	True	0.165	0.2538461538461539	0.0812715863768319	1.4891635999554314e-34
tram1	24-14303503-14304003	17	0.0346947120530763	0.060695291441540365	0	0.026000579388464062	0.036135445316198035	5.702580675029976e-05	unsupported	True	0.645	0.645	0.0766083220898784	6.510180667500522e-31
tram1	24-14236219-14236719	18	0.2529427005416325	0.41491721894533107	5	0.1619745184036986	0.3840858237316861	0.025812878290117962	regional_candidate	True	0.01	0.06666666666666667	0.0709910984121397	8.209085891739487e-27
tram1	24-14280927-14281427	19	0.021404510267121247	0.07482811741597474	2	0.0534236071488535	0.02191866076639786	8.762177412743527e-05	unsupported	True	0.645	0.645	0.0673329665444196	2.618366587646685e-24
id3	17-27285723-27286223	0	0.31699451983290655	0.47649829875406957	0	0.15950377892116302	0.24127013185698484	0.01833732121846229	regional_candidate	True	0.005	0.02	0.2263478393177533	2.6404973046743934e-259
id3	17-27299205-27299705	1	0.17154554593639842	0.39663622568357737	2	0.22509067974717895	0.2948521558570205	0.026324140312549066	regional_candidate	True	0.005	0.02	0.2043158644487036	1.0636118040826298e-210
id3	17-27271029-27271529	2	0.4144395201658043	0.6325182857846493	0	0.21807876561884498	0.4177044903470474	0.05761765907503654	core_concordant	True	0.005	0.02	0.1982147847839368	3.392658364938548e-198
id3	17-27199607-27200107	3	0.08951975213459458	0.17453983678393367	2	0.08502008464933909	0.09607177123337668	0.0014256466444577084	unsupported	True	0.275	0.36666666666666664	0.1844906335146614	1.472852733785542e-171
id3	17-27291304-27291804	4	0.09857249482383262	0.15553044525809528	3	0.05695795043426266	0.03203178496603412	0.0002837598258770829	unsupported	True	0.185	0.3230769230769231	0.1816893327211573	2.2603552903092902e-166
id3	17-27319464-27319964	5	0.18345675536786937	0.320805803330529	5	0.13734904796265962	0.22330486604633373	0.009839342003083411	regional_candidate	True	0.02	0.05714285714285715	0.1790644492994727	1.3705539885935345e-161
id3	17-27326999-27327499	6	0.22079515971180083	0.4245985474176067	0	0.2038033877058059	0.2716361574873151	0.023505932312558427	regional_candidate	True	0.005	0.02	0.1715055116412004	3.142318543252524e-148
id3	17-27278777-27279277	7	0.09440490310909457	0.24639057170338632	3	0.15198566859429175	0.13928991236350033	0.00521610576339568	regional_candidate	True	0.025	0.0625	0.1664078273075629	1.4570380108203948e-139
id3	17-27241446-27241946	8	0.07177143435354512	0.10390444076700943	0	0.03213300641346431	0.035252595898543154	0.00011770002975734073	unsupported	True	0.455	0.5352941176470588	0.1653034096368631	1.0108383254427402e-137
id3	17-27288900-27289400	9	0.17211392243161522	0.3140714787073752	0	0.14195755627575996	0.20953640626751713	0.009342142875838238	regional_candidate	True	0.02	0.05714285714285715	0.1610961107781851	7.955851561794436e-131
id3	17-27270462-27270962	10	0.13657064992920584	0.17427112619649807	2	0.03770047626729223	0.029861111748124808	0.0001961906233946567	unsupported	True	0.19	0.3230769230769231	0.157880613632274	1.1098825816581154e-125
id3	17-27197349-27197849	11	0.03670131960842534	0.11040148242458935	2	0.07370016281616401	0.08540795842649221	0.0006949310120187087	unsupported	True	0.51	0.5666666666666667	0.1532806619158748	1.6450477521984693e-118
id3	17-27200362-27200862	12	0.028681980730052233	0.06770433967135202	2	0.03902235894129978	0.040694588814831	0.00010751441365327731	unsupported	True	0.69	0.69	0.1525220852180376	2.3847879427604704e-117
id3	17-27204033-27204533	13	0.027406994038662577	0.06873232631449566	3	0.041325332275833085	0.031739406773695106	9.01521737273873e-05	unsupported	True	0.645	0.6789473684210526	0.1468234587899129	8.114410064116067e-109
id3	17-27258410-27258910	14	0.012890945212079178	0.19859724707119875	3	0.18570630185911957	0.10393324984524444	0.003833137276093	unsupported	True	0.195	0.3230769230769231	0.1414934500966199	3.83381593853815e-101
id3	17-27206866-27207366	15	0.04689870083554075	0.1385575438544041	0	0.09165884301886336	0.12248272744615508	0.0015555335978995309	unsupported	True	0.36	0.44999999999999996	0.1294745312322307	6.494234941003791e-85
id3	17-27278081-27278581	16	0.1125517652103669	0.18717155271016073	5	0.07461978749979382	0.1265935107640214	0.001768093775315807	unsupported	True	0.08	0.17777777777777778	0.1269257650271286	1.1573900428432815e-81
id3	17-27248969-27249469	17	0.15226540979742595	0.34736020217064434	0	0.1950947923732184	0.2729618530449729	0.018498124311087324	regional_candidate	True	0.005	0.02	0.1239312719038938	6.282901257025836e-78
id3	17-27301240-27301740	18	0.06776062702064929	0.14204184108622628	2	0.07428121406557699	0.09720829623947808	0.0010256486612262136	unsupported	True	0.21	0.3230769230769231	0.1234827841550646	2.236819892790063e-77
id3	17-27355893-27356393	19	0.08604254642342149	0.1668901449361208	4	0.08084759851269932	0.14386115328695648	0.0019410706979037901	unsupported	True	0.24	0.34285714285714286	0.116439448730315	5.519373567190782e-69
tbx16	8-51771836-51772336	0	0.6978934433508344	0.6803437886814973	1	-0.01754965466933711	0.4008903274407892	0.0	core_concordant	True	0.005	0.014285714285714287	0.5417431921652164	0.0
tbx16	8-51768499-51768999	1	0.5730648897268299	0.5585561850948939	1	-0.014508704631935987	0.3494821759054908	0.0	core_concordant	True	0.005	0.014285714285714287	0.4858959055309184	0.0
tbx16	8-51773848-51774348	2	0.5819825815845687	0.5673480450215707	2	-0.014634536562998068	0.5475873883740872	0.0	core_concordant	True	0.005	0.014285714285714287	0.4696046161896435	0.0
tbx16	8-51748243-51748743	3	0.5449354150502889	0.5213268503788228	2	-0.023608564671466103	0.5286536029878355	0.0	core_concordant	True	0.005	0.014285714285714287	0.4575526247650904	0.0
tbx16	8-51746648-51747148	4	0.3127445481236376	0.30903658617589297	1	-0.0037079619477446424	0.316554205491365	0.0	unsupported	True	0.055	0.08461538461538462	0.3610217118058551	0.0
tbx16	8-51793817-51794317	5	0.41389042723926855	0.4292261188490747	2	0.015335691609806135	0.16943074073891523	0.0011152743588689817	core_concordant	True	0.005	0.014285714285714287	0.3604486513531045	0.0
tbx16	8-51733525-51734025	6	0.327976687438504	0.34230366792043554	2	0.01432698048193154	0.1287927418142481	0.0006316225269969668	unsupported	True	0.035	0.05833333333333334	0.3574160459066637	0.0
tbx16	8-51766567-51767067	7	0.297941231303821	0.3614748133661561	1	0.06353358206233511	0.2664258036894235	0.00611867898310459	regional_candidate	True	0.01	0.025	0.337433371769951	0.0
tbx16	8-51764619-51765119	8	0.27984155475559713	0.7312952490222068	0	0.45145369426660964	0.43495973162314583	0.14360019022905246	regional_candidate	True	0.005	0.014285714285714287	0.3312492158052695	0.0
tbx16	8-51730849-51731349	9	0.3825671051285813	0.41967960437024443	2	0.037112499241663155	0.49419215300705577	0.00769722019754012	core_concordant	True	0.02	0.04	0.3272449314346305	0.0
tbx16	8-51728856-51729356	10	0.3083927788900156	0.28431858037604457	2	-0.024074198513971024	0.2439083511049133	0.0	unsupported	True	0.075	0.10714285714285714	0.3156353525552671	0.0
tbx16	8-51737333-51737833	11	0.3814371251299934	0.40284741562938026	2	0.021410290499386864	0.39412788025612333	0.003399384574512086	core_concordant	True	0.03	0.05454545454545454	0.3060760189431389	0.0
tbx16	8-51738992-51739492	12	0.314842049332538	0.36508823016582465	2	0.050246180833286636	0.26308101468978295	0.004826034225184867	unsupported	True	0.015	0.03333333333333333	0.3005293295480455	0.0
tbx16	8-51732688-51733188	13	0.2904369103533627	0.2885380269853398	2	-0.0018988833680229078	0.3001572064933022	0.0	unsupported	True	0.145	0.19333333333333333	0.2956549435407007	0.0
tbx16	8-51780992-51781492	14	0.2564137235085252	0.22610440048238462	1	-0.03030932302614059	0.0818992553462263	0.0	unsupported	True	0.165	0.2	0.2952020098926955	0.0
tbx16	8-51731696-51732196	15	0.2610164651401072	0.25230746034104656	1	-0.008709004799060616	0.25969359634090095	0.0	unsupported	True	0.17	0.2	0.2645137655591801	0.0
tbx16	8-51713463-51713963	16	0.13126158758309453	0.1546977640753612	1	0.023436176492266675	0.09154140033363713	0.0003318855532247966	unsupported	True	0.245	0.2578947368421053	0.2102395911563857	3.108366417944411e-223
tbx16	8-51721045-51721545	17	0.13542506320552172	0.1421053778159251	1	0.006680314610403387	0.09653697272847414	9.164338148359544e-05	unsupported	True	0.345	0.345	0.2055028099508794	3.5193971903002205e-213
tbx16	8-51781787-51782287	18	0.1767134368885144	0.20066675615368046	0	0.023953319265166056	0.04773135262203218	0.00022942718419430736	unsupported	True	0.245	0.2578947368421053	0.1869515152137801	3.4867139386094325e-176
tbx16	8-51818854-51819354	19	0.1303310694896175	0.47438041247502233	0	0.3440493429854048	0.39947063873241057	0.0651977104998637	regional_candidate	True	0.005	0.014285714285714287	0.1820724516405819	4.465883124916584e-167
foxo1a	15-3291359-3291859	0	0.5911828011480954	0.7886672351384159	0	0.19748443399032045	0.6884260008184387	0.1072220071617111	core_concordant	True	0.005	0.016666666666666666	0.1898373905093426	1.081965143563912e-181
foxo1a	15-3293317-3293817	1	0.34811981463122166	0.5949949686477317	0	0.24687515401651006	0.47488005707971315	0.06975488204634593	regional_candidate	True	0.005	0.016666666666666666	0.1462465369923538	5.677536726576701e-108
foxo1a	15-3332505-3333005	2	0.2389112180404338	0.4858271787566467	0	0.2469159607162129	0.388053367716991	0.04655029392933694	regional_candidate	True	0.01	0.025	0.1284250892090806	1.4425773214858285e-83
foxo1a	15-3312658-3313158	3	0.21969659380440437	0.3997550477652112	0	0.18005845396080683	0.3420459362955031	0.024620218806648456	regional_candidate	True	0.01	0.025	0.1170883282326097	9.767987135922223e-70
foxo1a	15-3296892-3297392	4	0.26558191216562804	0.4849271965073247	0	0.21934528434169664	0.43246472597059965	0.04599975659493369	regional_candidate	True	0.005	0.016666666666666666	0.1118094775790207	9.650241218789936e-64
foxo1a	15-3303576-3304076	5	0.09842660011762264	0.20702112115623836	5	0.10859452103861572	0.18345228676691086	0.004124256809324112	unsupported	True	0.1	0.19090909090909092	0.1095132620031695	3.1933707724083385e-61
foxo1a	15-3304470-3304970	6	0.20375247067470942	0.4116625157950107	0	0.20791004512030126	0.39554178969605774	0.0338539361470388	regional_candidate	True	0.005	0.016666666666666666	0.1073630644449889	6.53927320583097e-59
foxo1a	15-3358438-3358938	7	0.13517937309017083	0.2489539889335326	0	0.11377461584336176	0.161797351402508	0.004582852452007825	unsupported	True	0.055	0.12222222222222223	0.1035171895958734	6.815384389206832e-55
foxo1a	15-3268368-3268868	8	0.0837072824214638	0.1352268503793219	5	0.05151956795785809	0.06599235643486948	0.00045975745650723206	unsupported	True	0.215	0.26875	0.1012926658679311	1.2295280079052926e-52
foxo1a	15-3344461-3344961	9	0.10005185032983611	0.2959441665097959	0	0.19589231617995978	0.25787617263729234	0.014949903898281101	regional_candidate	True	0.005	0.016666666666666666	0.0892151111113087	2.990189786838252e-41
foxo1a	15-3382534-3383034	10	0.16389512603251719	0.3268371354430306	0	0.16294200941051343	0.24101936685001468	0.012835606794647507	regional_candidate	True	0.005	0.016666666666666666	0.0886047882113131	1.0291444195246626e-40
foxo1a	15-3264626-3265126	11	0.06507592647429185	0.17748268595641434	0	0.11240675948212249	0.16334630515803306	0.0032588002113077955	unsupported	True	0.135	0.20714285714285713	0.0838443868171737	1.1811218554455136e-36
foxo1a	15-3305095-3305595	12	0.10374789761546307	0.20166270430677477	5	0.0979148066913117	0.15535666331345468	0.0030676361197698	unsupported	True	0.105	0.19090909090909092	0.0757470530759968	2.9007505563540498e-30
foxo1a	15-3286824-3287324	13	0.07726028399792999	0.16378594174204045	4	0.08652565774411046	0.11126311548642795	0.0015767859737144659	unsupported	True	0.125	0.20714285714285713	0.062213915575822	5.0292843356811575e-21
foxo1a	15-3315394-3315894	14	0.034144923765284156	0.09520915411669326	5	0.0610642303514091	0.07577577896670651	0.0004405508098367772	unsupported	True	0.385	0.45294117647058824	0.0619150253341588	7.678965277051134e-21
foxo1a	15-3199026-3199526	15	0.008239647280545786	0.057653136475969605	3	0.04941348919542382	0.05605923490661881	0.00015970393856244182	unsupported	True	0.49	0.5157894736842106	0.0573383319068666	3.89754202782356e-18
foxo1a	15-3249805-3250305	16	0.03446631649390486	0.07106052783548371	0	0.03659421134157885	0.06294138937176615	0.00016367303902976	unsupported	True	0.445	0.49444444444444446	0.0537934647588836	3.5169195673611364e-16
foxo1a	15-3323838-3324338	17	0.0967374561565418	0.18334332300477538	5	0.08660586684823357	0.15544508015199324	0.0024682514030517446	unsupported	True	0.145	0.20714285714285713	0.0474784361923773	5.340732316707959e-13
foxo1a	15-3340736-3341236	18	0.06194557157801732	0.12544172672537726	5	0.06349615514735994	0.052058867478296925	0.00041465238521847376	unsupported	True	0.19	0.2533333333333333	0.0450220989625626	7.260421386768152e-12
foxo1a	15-3222862-3223362	19	-0.03024042890876125	0.009393389709598484	2	0.03963381861835973	0.04567081854160061	1.7003058673620222e-05	unsupported	True	0.87	0.8699999999999999	0.0425701587790771	8.597108217604979e-11
dlx3b	12-5769478-5769978	0	0.3964327939525236	0.5175082369207757	1	0.12107544296825212	0.07757504344681831	0.004860661312127494	core_concordant	True	0.005	0.01	0.378932055279452	0.0
dlx3b	12-5711986-5712486	1	0.2999321741986755	0.44950037120840847	1	0.14956819700973295	0.14049320903401463	0.009445493327634004	regional_candidate	True	0.005	0.01	0.3693399047035922	0.0
dlx3b	12-5749212-5749712	2	0.45917060605612664	0.5216007518234121	0	0.062430145767285505	0.2707153120434376	0.008815468104642258	core_concordant	True	0.005	0.01	0.3536510757782543	0.0
dlx3b	12-5741888-5742388	3	0.36286242326472395	0.3924297668972028	5	0.02956734363247887	0.03852408465342677	0.000446999028905464	core_concordant	True	0.005	0.01	0.3482991270606506	0.0
dlx3b	12-5674968-5675468	4	0.23054842681912605	0.3995015441658294	2	0.16895311734670335	0.08147097028135258	0.005499048628811191	regional_candidate	True	0.005	0.01	0.3370180812281093	0.0
dlx3b	12-5765921-5766421	5	0.4304914776005867	0.5661976026488813	0	0.1357061250482946	0.2292996257931113	0.017618576722828055	core_concordant	True	0.005	0.01	0.3046304860484386	0.0
dlx3b	12-5737205-5737705	6	0.30477773371441186	0.41441340486792116	0	0.1096356711535093	0.1037107713429738	0.00471204618784184	unsupported	True	0.005	0.01	0.2971183085278212	0.0
dlx3b	12-5781291-5781791	7	0.12900941172773542	0.32465221864646476	2	0.19564280691872935	0.19290326966592752	0.01225241925492627	regional_candidate	True	0.035	0.05384615384615385	0.2910008435558111	0.0
dlx3b	12-5673458-5673958	8	0.13124041122111915	0.3049889162564826	2	0.17374850503536346	0.21127014297833147	0.01119549394720045	regional_candidate	True	0.025	0.041666666666666664	0.2846131163328194	0.0
dlx3b	12-5789977-5790477	9	0.38348508820766547	0.4128559676383055	5	0.02937087943064004	0.1940469515861058	0.002353002244708359	core_concordant	True	0.01	0.018181818181818184	0.2723019891823922	0.0
dlx3b	12-5762042-5762542	10	0.28595442383185304	0.5248295383787144	0	0.23887511454686133	0.16284062945896266	0.020415120643826397	regional_candidate	True	0.005	0.01	0.2688880941656151	0.0
dlx3b	12-5629369-5629869	11	0.15342027613321954	0.36443460586177523	2	0.2110143297285557	0.1665184821968112	0.01280542515830176	regional_candidate	True	0.005	0.01	0.2575080905390421	0.0
dlx3b	12-5784912-5785412	12	0.09209231799053505	0.20762167255394268	1	0.11552935456340763	0.1570850563053055	0.003767904652671007	unsupported	True	0.175	0.18421052631578946	0.2545699574528133	0.0
dlx3b	12-5659748-5660248	13	0.08046647645331798	0.19720970927440906	2	0.11674323282109109	0.10327397161646797	0.002377666218309423	unsupported	True	0.125	0.15625	0.2431611396253334	4.152011167440471e-300
dlx3b	12-5677440-5677940	14	0.16705410306640756	0.26511381354287045	0	0.09805971047646289	0.11358385775579058	0.0029528377099421054	unsupported	True	0.05	0.07142857142857142	0.2386332693723627	8.471096032382403e-289
dlx3b	12-5650296-5650796	15	0.18828292967771434	0.36756118271508736	2	0.17927825303737302	0.16933838265766574	0.011158675787072289	regional_candidate	True	0.005	0.01	0.2368216182426282	2.4345283314802982e-284
dlx3b	12-5738629-5739129	16	0.1544677076014216	0.21682150164682987	3	0.06235379404540828	0.06279292733585354	0.0008489379767252561	unsupported	True	0.15	0.17647058823529413	0.2221620123195674	1.192621801013534e-249
dlx3b	12-5676860-5677360	17	0.07522205971582668	0.12503571820093545	1	0.04981365848510877	0.06190674840082194	0.00038558535069126913	unsupported	True	0.345	0.345	0.215880464515863	1.5605213296270375e-235
dlx3b	12-5668472-5668972	18	0.1567561028842521	0.17198676845492245	5	0.015230665570670349	0.0127948588366604	3.351578665902607e-05	unsupported	True	0.165	0.18333333333333335	0.2098661196237927	1.969230377590388e-222
dlx3b	12-5629904-5630404	19	0.07564199157315529	0.23893335870825413	2	0.16329136713509884	0.18927072586093402	0.007384540230563773	regional_candidate	True	0.115	0.15333333333333335	0.2049495445741647	5.064616090020169e-212
bambia	12-23490057-23490557	0	0.4176977900671819	0.494064786661291	3	0.07636699659410912	0.0949269236477372	0.003581615980029292	core_concordant	True	0.01	0.04	0.3953167975904806	0.0
bambia	12-23420694-23421194	1	0.39482583038549973	0.4441233211993145	3	0.04929749081381479	0.07979111650596404	0.0017469598980052426	core_concordant	True	0.015	0.04285714285714286	0.3710512744398402	0.0
bambia	12-23492978-23493478	2	0.392953788898863	0.4584165648261088	1	0.06546277592724581	0.23544400272423371	0.00706549107898508	core_concordant	True	0.01	0.04	0.2813547168402361	0.0
bambia	12-23521964-23522464	3	0.3027470444602194	0.34498258589081315	2	0.04223554143059377	0.1882614471099096	0.0027430683662450594	unsupported	True	0.025	0.0625	0.2501336513192944	0.0
bambia	12-23488465-23488965	4	0.2623618195774831	0.43375927971524	0	0.17139746013775686	0.13811240459936452	0.01026799970869183	regional_candidate	True	0.01	0.04	0.2500142807631014	0.0
bambia	12-23515586-23516086	5	0.23299965070976633	0.2849974468229321	4	0.05199779611316577	0.0628046858027608	0.000930717657563419	unsupported	True	0.14	0.18666666666666668	0.2442396776666974	7.745915443106887e-303
bambia	12-23468964-23469464	6	0.31345827215295863	0.6297056888429837	0	0.3162474166900251	0.40558511861583124	0.08076935509345141	regional_candidate	True	0.005	0.04	0.241639242569232	2.794183104268477e-296
bambia	12-23325388-23325888	7	0.18614850924258988	0.40441523890359876	0	0.21826672966100888	0.1709605001198585	0.01509075029722741	regional_candidate	True	0.01	0.04	0.2148049218058791	3.680022267969889e-233
bambia	12-23447950-23448450	8	0.20523143583625492	0.4086431727176634	5	0.2034117368814085	0.22385200845286954	0.01860720965173167	regional_candidate	True	0.015	0.04285714285714286	0.2143156496808852	4.373822123434658e-232
bambia	12-23513574-23514074	9	0.19857891878602843	0.350804037952669	0	0.15222511916664058	0.18091670494662226	0.009661166698470149	regional_candidate	True	0.04	0.0818181818181818	0.2139262733155403	3.122249546210036e-231
bambia	12-23509240-23509740	10	0.1598322890024525	0.22269747267089815	3	0.06286518366844565	0.09897684588094961	0.0013856676789165132	unsupported	True	0.13	0.18666666666666668	0.2064924758247989	2.9273169304746256e-215
bambia	12-23421256-23421756	11	0.16959580659598725	0.19693180046199754	2	0.027335993866010294	0.02995511957473021	0.00016125818870133313	unsupported	True	0.2	0.23529411764705882	0.1964278375581787	1.3039338564131781e-194
bambia	12-23496321-23496821	12	0.3097561844579405	0.3990054497539372	1	0.0892492652959967	0.2953239831033192	0.010516765599596	regional_candidate	True	0.045	0.0818181818181818	0.194088415383922	5.693782949948352e-190
bambia	12-23452509-23453009	13	0.15187927988190053	0.18846306681277128	2	0.03658378693087075	0.06647826532376742	0.00045834720934788636	unsupported	True	0.29	0.3222222222222222	0.1807171008553483	1.362356280517278e-164
bambia	12-23433633-23434133	14	0.17206316960837584	0.21372903562304177	2	0.04166586601466593	0.07579364237828709	0.0006749579504909118	unsupported	True	0.12	0.18666666666666668	0.1784965727505858	1.4516597692763192e-160
bambia	12-23489494-23489994	15	0.14314880460369334	0.20118147814234183	2	0.058032673538648494	0.13194399481279623	0.0015404592075760307	unsupported	True	0.2	0.23529411764705882	0.1783110811157054	3.132647300922463e-160
bambia	12-23444308-23444808	16	0.1650664219446149	0.2772032930271324	5	0.11213687108251752	0.09684320611191649	0.0030103429710513154	unsupported	True	0.14	0.18666666666666668	0.1768260392830329	1.4354220126367389e-157
bambia	12-23473643-23474143	17	0.1737348357721653	0.3656521462837842	0	0.19191731051161887	0.20777653526900455	0.014580713479252012	regional_candidate	True	0.045	0.0818181818181818	0.1612787419200668	4.0292296523180543e-131
bambia	12-23507617-23508117	18	0.13283177348464262	0.1642977928572974	0	0.03146601937265478	0.02600646663186515	0.00013444816703369852	unsupported	True	0.35	0.365	0.1597083048505945	1.3627970135713398e-128
bambia	12-23506853-23507353	19	0.14608581175762245	0.1581373133456231	2	0.01205150158800064	0.0658752617695284	0.0001255445523397889	unsupported	True	0.365	0.365	0.1592971922858706	6.197912942505445e-128
foxc1a	2-623417-623917	0	0.6970905429744477	0.7140907276138854	1	0.017000184639437643	0.11525717173648076	0.0013991845162549844	core_concordant	True	0.005	0.02	0.632153694958504	0.0
foxc1a	2-621353-621853	1	0.625191737212439	0.7161610878301262	2	0.09096935061768718	0.4694432321081812	0.030583620566435647	core_concordant	True	0.005	0.02	0.5152281801848045	0.0
foxc1a	2-618129-618629	2	0.5293104330234766	0.6157132986996693	4	0.08640286567619271	0.10392613845563792	0.005528807528670881	core_concordant	True	0.005	0.02	0.4691448178689029	0.0
foxc1a	2-637250-637750	3	0.42767037940525066	0.49988139469294723	4	0.07221101528769658	0.11345623041083086	0.0040954230860156815	core_concordant	True	0.005	0.02	0.4086063090712172	0.0
foxc1a	2-628474-628974	4	0.39039271509366347	0.42681369913626016	3	0.036420984042596694	0.06490574865479842	0.0010089582353533769	core_concordant	True	0.005	0.02	0.3933442656777395	0.0
foxc1a	2-605368-605868	5	0.2303170818894134	0.33178937980697254	4	0.10147229791755913	0.16374166297301582	0.005512761106182039	regional_candidate	True	0.05	0.08333333333333333	0.3352822638163094	0.0
foxc1a	2-680379-680879	6	0.3359019725542751	0.3783403897473349	2	0.042438417193059796	0.12146093876545583	0.0019501971533646644	unsupported	True	0.01	0.028571428571428574	0.3161766038694333	0.0
foxc1a	2-620640-621140	7	0.2766827703401114	0.33239209883800774	2	0.05570932849789634	0.29075995781182096	0.0053841011787003875	regional_candidate	True	0.03	0.06666666666666667	0.3142745433613446	0.0
foxc1a	2-630993-631493	8	0.19552706291985913	0.23632840200512975	1	0.040801339085270616	0.169971863077526	0.0016389562844630608	unsupported	True	0.05	0.08333333333333333	0.2712965407900509	0.0
foxc1a	2-623942-624442	9	0.1845177420299783	0.22417200669704387	3	0.039654264667065564	0.05512655534214861	0.0004900406826800105	unsupported	True	0.165	0.19411764705882353	0.2603997096395686	0.0
foxc1a	2-631679-632179	10	0.17223156674325354	0.21483253402722313	3	0.04260096728396959	0.09456402375893971	0.0008654569198814591	unsupported	True	0.09	0.13846153846153844	0.2446061574889367	9.09118085511512e-304
foxc1a	2-641159-641659	11	0.1853917513834312	0.3839246488032864	5	0.19853289741985522	0.2952193342917624	0.02250211153740233	regional_candidate	True	0.02	0.05	0.2364852222207603	1.6222055486931358e-283
foxc1a	2-642009-642509	12	0.12520353414408553	0.1519677741812571	2	0.026764240037171566	0.02727978698735918	0.00011095513179412135	unsupported	True	0.305	0.32105263157894737	0.2155732448653847	7.452494666981894e-235
foxc1a	2-603067-603567	13	0.10305989609361256	0.13117935620230514	2	0.02811946010869258	0.06778950463574913	0.00025005464911141505	unsupported	True	0.43	0.43	0.2139234137316173	3.1675991942215e-231
foxc1a	2-669076-669576	14	0.2202627204686151	0.3025558822157553	4	0.08229316174714021	0.08567163551390505	0.002133076382167768	unsupported	True	0.045	0.08333333333333333	0.2120728895634246	3.421906107664395e-227
foxc1a	2-655963-656463	15	0.21143078516839772	0.18434631968164406	2	-0.027084465486753667	0.11421183321191837	0.0	unsupported	True	0.18	0.19999999999999998	0.2018097843815801	1.6311027334576183e-205
foxc1a	2-675985-676485	16	0.13030209028102072	0.21670334523476478	4	0.08640125495374407	0.1169181000144413	0.0021891091452261517	unsupported	True	0.13	0.17333333333333334	0.1933799430142668	1.4087158849090098e-188
foxc1a	2-695767-696267	17	0.17015570901801602	0.40226175754636195	3	0.23210604852834593	0.22950767360045427	0.02142853178468969	regional_candidate	True	0.01	0.028571428571428574	0.1833176958406987	2.2382437941308054e-169
foxc1a	2-669593-670093	18	0.17436207383537014	0.16672980493786718	1	-0.0076322688975029584	0.023917057477504722	0.0	unsupported	True	0.155	0.19375	0.1777973674669999	2.624927448390726e-159
foxc1a	2-615532-616032	19	0.10107809026508761	0.23648538645561837	3	0.13540729619053077	0.14254747274605922	0.0045646333295152365	unsupported	True	0.1	0.14285714285714285	0.1691347507844595	3.6471557026622364e-144
fzd8a	24-4459776-4460276	0	0.3274465712284942	0.48030269665936326	0	0.15285612543086907	0.333777507251513	0.024505013091275087	regional_candidate	True	0.005	0.03333333333333333	0.2655364647355288	0.0
fzd8a	24-4482516-4483016	1	0.5554967131680983	0.7556494711411894	0	0.20015275797309107	0.5449492125429126	0.08242102114636098	core_concordant	True	0.005	0.03333333333333333	0.2518506227506903	0.0
fzd8a	24-4477900-4478400	2	0.41526429976784635	0.6330589064021611	0	0.21779460663431477	0.36263884315316675	0.04999948886918754	core_concordant	True	0.005	0.03333333333333333	0.2504746461048279	0.0
fzd8a	24-4475480-4475980	3	0.2189417142717752	0.29875935274555615	0	0.07981763847378096	0.2734065947663127	0.006519726387167824	regional_candidate	True	0.11	0.18333333333333335	0.2180090743536201	2.879907475793328e-240
fzd8a	24-4452326-4452826	4	0.3080595046243045	0.35412699609940224	0	0.046067491475097755	0.16820573772360758	0.002744065071036609	unsupported	True	0.075	0.13636363636363635	0.2095625141461231	8.809030881883988e-222
fzd8a	24-4540134-4540634	5	0.2969436727321644	0.362930284958682	5	0.06598661222651764	0.15355900795655944	0.0036775140411568455	unsupported	True	0.035	0.1	0.2088391484708926	3.0972566435419307e-220
fzd8a	24-4472830-4473330	6	0.28843250358194295	0.38071322417580117	0	0.09228072059385822	0.2132560303259458	0.0074922154950126515	regional_candidate	True	0.045	0.11249999999999999	0.2038718342422328	8.925844571911223e-210
fzd8a	24-4525070-4525570	7	0.28072259837516855	0.3447278537152833	0	0.06400525534011475	0.21346374949758945	0.004709948337649133	unsupported	True	0.065	0.13	0.2027715569894384	1.7003475727950674e-207
fzd8a	24-4542736-4543236	8	0.23759765594571533	0.3588955073178491	0	0.12129785137213375	0.21794036482606757	0.009487653238070751	regional_candidate	True	0.06	0.13	0.1972342842505093	3.175517297548877e-196
fzd8a	24-4547157-4547657	9	0.21249547864354085	0.3990238924343276	0	0.18652841379078677	0.2713915058525215	0.020199478102319153	regional_candidate	True	0.025	0.08333333333333333	0.1815548470168791	3.990437827522868e-166
fzd8a	24-4481964-4482464	10	0.2407717383048943	0.4199700259462396	0	0.17919828764134532	0.28080512461075857	0.02113280665797305	regional_candidate	True	0.015	0.06	0.1583972859597704	1.6825446169366e-126
fzd8a	24-4529380-4529880	11	0.22785512760155388	0.37809628740778833	0	0.15024115980623445	0.33259782374710634	0.018893427164645656	regional_candidate	True	0.01	0.05	0.1568544002814744	4.6161009882754605e-124
fzd8a	24-4463046-4463546	12	0.1688831729343128	0.2095160734391245	3	0.04063290050481172	0.1478490807781349	0.0012586755609726114	unsupported	True	0.15	0.2	0.1550943941147311	2.601441910220874e-121
fzd8a	24-4418548-4419048	13	0.1316092643081958	0.21037806384154617	0	0.07876879953335036	0.16608350612232956	0.002752207570087408	unsupported	True	0.28	0.3294117647058824	0.151585915085917	6.343101017968955e-116
fzd8a	24-4479894-4480394	14	0.17373015094054323	0.3213920340445465	1	0.1476618831040033	0.187552589213314	0.008900749425166407	regional_candidate	True	0.13	0.2	0.145552902273155	5.826549403151485e-107
fzd8a	24-4447955-4448455	15	0.151768382151234	0.17094006016402083	1	0.019171678012786825	0.06063189071644223	0.0001987033047572788	unsupported	True	0.35	0.3684210526315789	0.1436135034271912	3.684391140704785e-104
fzd8a	24-4486237-4486737	16	0.10795992238985448	0.16515384629848498	3	0.0571939239086305	0.14012819756225786	0.0013236224406650932	unsupported	True	0.22	0.275	0.1385803241139052	4.5058645967895164e-97
fzd8a	24-4463565-4464065	17	0.1955958415841153	0.27590045645901756	0	0.08030461487490226	0.15794918159273122	0.0034995346874688556	unsupported	True	0.15	0.2	0.1335082193611572	3.4006942939593406e-90
fzd8a	24-4383484-4383984	18	0.07862847821259054	0.12094764651182735	3	0.042319168299236806	0.041096836271098586	0.0002103502032721117	unsupported	True	0.38	0.38	0.1151719315572426	1.5801578599432218e-67
fzd8a	24-4537072-4537572	19	0.09627383367881003	0.12543098188365664	0	0.02915714820484662	0.11037049976052724	0.00040364806543725153	unsupported	True	0.305	0.33888888888888885	0.1088021883526878	1.878229527301285e-60
pitx2	14-36153237-36153737	0	0.24950680805572217	0.3510070066761627	0	0.10150019862044052	0.23688524998906668	0.00843957734119464	regional_candidate	True	0.02	0.04	0.1622158688816631	1.2122340277080839e-132
pitx2	14-36213263-36213763	1	0.5264939027666524	0.676692573933901	0	0.1501986711672486	0.5544388115767829	0.0563522323418914	core_concordant	True	0.005	0.014285714285714287	0.1561373310462611	6.151700848093849e-123
pitx2	14-36141899-36142399	2	0.36051585805453834	0.5407311228247397	0	0.18021526477020133	0.42395562586340585	0.041313628876031454	core_concordant	True	0.005	0.014285714285714287	0.1518601181891559	2.4317120880605045e-116
pitx2	14-36213786-36214286	3	0.19394566596722526	0.2430116353685011	0	0.04906596940127583	0.20685997708214887	0.0024665159258165457	unsupported	True	0.13	0.2	0.1332919954561604	6.59000875180763e-90
pitx2	14-36175131-36175631	4	0.2170146723989917	0.35878119346036064	0	0.14176652106136894	0.3135677736789133	0.015949048351178618	regional_candidate	True	0.01	0.022222222222222223	0.1328561968300997	2.491816589594418e-89
pitx2	14-36225135-36225635	5	0.0747604892060003	0.11813997960359283	0	0.043379490397592535	0.07686837976832264	0.00039393907830837535	unsupported	True	0.275	0.3625	0.1322922144712461	1.3840530996308552e-88
pitx2	14-36210515-36211015	6	0.26390532024388547	0.3998112025344847	0	0.13590588229059924	0.3195190183227855	0.017361607199311586	regional_candidate	True	0.005	0.014285714285714287	0.119438560093864	1.6983024857828709e-72
pitx2	14-36275093-36275593	7	0.15073631907503998	0.19694259287728857	5	0.04620627380224859	0.1740487856246294	0.0015838410547202352	unsupported	True	0.13	0.2	0.1193099897017686	2.4123499299553424e-72
pitx2	14-36159617-36160117	8	0.023725553767868952	0.03780658288764405	4	0.014081029119775094	0.023790878069408612	1.2665207039747024e-05	unsupported	True	0.585	0.6157894736842104	0.1140899354967636	2.687903899633074e-66
pitx2	14-36131605-36132105	9	0.23281397955289093	0.380255739077081	0	0.14744175952419006	0.253948570647296	0.014237772694385314	regional_candidate	True	0.01	0.022222222222222223	0.113625899347094	8.986711358103037e-66
pitx2	14-36181328-36181828	10	0.07988522324167728	0.19482327653501488	0	0.1149380532933376	0.12568525519754825	0.0028144206687609175	unsupported	True	0.1	0.18181818181818182	0.0978673056091379	2.930729329524372e-49
pitx2	14-36235897-36236397	11	0.04088919274821007	0.08159345778228747	0	0.0407042650340774	0.07427509484684698	0.00024668257354709254	unsupported	True	0.43	0.47777777777777775	0.0966720465689149	4.1477467320540466e-48
pitx2	14-36288173-36288673	12	0.194904306301494	0.40740668084261406	0	0.21250237454112006	0.3569830377982291	0.03090576618791791	regional_candidate	True	0.005	0.014285714285714287	0.0948430825056329	2.2447604088343512e-46
pitx2	14-36293597-36294097	13	0.04948924534043375	0.09622478828239789	5	0.04673554294196414	0.06370275665825982	0.0002864787960898841	unsupported	True	0.34	0.4	0.0907875017821445	1.1904693169222535e-42
pitx2	14-36162447-36162947	14	0.210904018689186	0.41740482674918633	0	0.20650080806000032	0.32150614341403694	0.027712040062906042	regional_candidate	True	0.005	0.014285714285714287	0.0890048649777223	4.5817126748950935e-41
pitx2	14-36251040-36251540	15	0.033962255770814756	0.00833885796693176	5	-0.025623397803882994	0.017948551726842468	0.0	unsupported	True	0.94	0.9399999999999998	0.0864884889757384	6.999860424341512e-39
pitx2	14-36228120-36228620	16	0.19830249497436545	0.37685655078365987	0	0.17855405580929443	0.23663478723528059	0.015922981048645563	regional_candidate	True	0.005	0.014285714285714287	0.0851426949123583	9.71304192389648e-38
pitx2	14-36203042-36203542	17	0.4354567475041379	0.669318047464412	0	0.23386129996027416	0.5324554697753241	0.08334397075643288	core_concordant	True	0.005	0.014285714285714287	0.0837980987254619	1.290230224989158e-36
pitx2	14-36134856-36135356	18	0.11084036208054504	0.14300080274599689	0	0.032160440665451845	0.0970963506131849	0.0004465430901539523	unsupported	True	0.195	0.2785714285714286	0.080952870251334	2.6829235275656966e-34
pitx2	14-36246410-36246910	19	0.11222821343763349	0.13404468128059258	0	0.021816467842959084	0.08506115123893646	0.0002487512552381525	unsupported	True	0.29	0.3625	0.0777511174221425	8.735083612922117e-32
clic4	17-25460520-25461020	0	0.4198454898910815	0.5233976717297114	2	0.10355218183862991	0.2027089376244438	0.01098661580678861	core_concordant	True	0.005	0.014285714285714287	0.4625580177735809	0.0
clic4	17-25454776-25455276	1	0.3649025074595972	0.4428479557882548	2	0.07794544832865763	0.3249070609371168	0.01121513622904513	core_concordant	True	0.005	0.014285714285714287	0.3595239950866251	0.0
clic4	17-25462789-25463289	2	0.3173214060815216	0.4660988738614315	2	0.1487774677799099	0.31932596243558065	0.022143662118442986	regional_candidate	True	0.005	0.014285714285714287	0.3348767431631959	0.0
clic4	17-25455495-25455995	3	0.2963142757094197	0.4013231282562632	2	0.1050088525468435	0.3357953510061572	0.014151249266387816	regional_candidate	True	0.005	0.014285714285714287	0.2885976283839482	0.0
clic4	17-25463321-25463821	4	0.2889557374200531	0.42040761627786866	2	0.13145187885781556	0.36640689278582733	0.020248880069784335	regional_candidate	True	0.005	0.014285714285714287	0.2792432555947657	0.0
clic4	17-25462159-25462659	5	0.12286790098183084	0.17496294951090188	2	0.05209504852907104	0.12418122782522678	0.0011318750527143232	unsupported	True	0.16	0.31666666666666665	0.2359365839447418	3.553718473960196e-282
clic4	17-25406268-25406768	6	0.08692348707380784	0.143413382187539	2	0.05648989511373115	0.07557972400382997	0.0006123020988809366	unsupported	True	0.19	0.31666666666666665	0.216676872969314	2.6796183859272527e-237
clic4	17-25448478-25448978	7	0.12583032332259556	0.3713937818720736	0	0.24556345854947806	0.21800720044448849	0.019882418346017266	regional_candidate	True	0.005	0.014285714285714287	0.2007646468268898	2.2628299201256292e-203
clic4	17-25465451-25465951	8	0.231584542907269	0.6190024491683194	0	0.3874179062610504	0.2341658395420354	0.05615592649877948	regional_candidate	True	0.005	0.014285714285714287	0.1889848924011087	4.685588268347845e-180
clic4	17-25358190-25358690	9	0.048970181649065116	0.06977850196681734	5	0.020808320317752226	0.013980195979287936	2.0298872971370773e-05	unsupported	True	0.565	0.5947368421052631	0.1813700616461846	8.707030429192188e-166
clic4	17-25472419-25472919	10	0.14863851882180482	0.20128174297093818	2	0.05264322414913336	0.17526742481560126	0.001857154650074434	unsupported	True	0.135	0.30000000000000004	0.1797477863393167	7.923927817375955e-163
clic4	17-25451637-25452137	11	0.09442124080583099	0.12054025347139453	1	0.026119012665563546	0.036762056213575894	0.00011574137865329367	unsupported	True	0.33	0.4235294117647058	0.1796826678248944	1.0402256882362437e-162
clic4	17-25390645-25391145	12	0.08304207911947675	0.12132256765471304	0	0.03828048853523629	0.09911761270189853	0.00046033065601829595	unsupported	True	0.345	0.4235294117647058	0.1746900336819641	8.772115627981137e-154
clic4	17-25452713-25453213	13	0.1402290012803172	0.2634911605395874	0	0.12326215925927017	0.12623630380613318	0.004099964454285129	unsupported	True	0.09	0.22499999999999998	0.1691837301305834	3.0101150181610046e-144
clic4	17-25431101-25431601	14	0.0843439023294801	0.15862089983795805	4	0.07427699750847795	0.11256229981816213	0.0013261959797235103	unsupported	True	0.18	0.31666666666666665	0.1617850585120131	6.084902264308954e-132
clic4	17-25432131-25432631	15	0.047047361141001776	0.049448056067658196	1	0.00240069492665642	0.058811289665224704	6.98147039601921e-06	unsupported	True	0.65	0.65	0.157198699112718	1.3253392392363322e-124
clic4	17-25392645-25393145	16	0.045861449027356144	0.1465327308531371	0	0.10067128182578094	0.12375724734413743	0.001825622093442711	unsupported	True	0.225	0.32142857142857145	0.1566307011254652	1.0368724052658822e-123
clic4	17-25534500-25535000	17	0.08793413445125307	0.11594945801963148	2	0.02801532356837841	0.10432035473598329	0.00033887023275342077	unsupported	True	0.36	0.4235294117647058	0.1559147148162472	1.371105298016827e-122
clic4	17-25440551-25441051	18	0.13512598952828359	0.18855383740459866	2	0.05342784787631508	0.11550795935675438	0.0011636301558905619	unsupported	True	0.21	0.32142857142857145	0.1530497910201309	3.717451375850021e-118
clic4	17-25358702-25359202	19	0.0682487594264499	0.09751186932711835	2	0.029263109900668452	0.042537805882748754	0.00012138165242858026	unsupported	True	0.39	0.43333333333333335	0.1501940735799478	8.012594811410496e-114
irx1b	19-28218202-28218702	0	0.36853399112607826	0.47313967240174976	4	0.10460568127567149	0.18070250740784877	0.008943526866444854	core_concordant	True	0.005	0.016666666666666666	0.4103040381460808	0.0
irx1b	19-28157669-28158169	1	0.3704379338392974	0.5230365215224987	0	0.15259858768320128	0.16634659009300912	0.013276892287108972	core_concordant	True	0.005	0.016666666666666666	0.3699459343601041	0.0
irx1b	19-28139797-28140297	2	0.2360369068646539	0.24224130734617821	4	0.006204400481524319	0.0440671081388232	6.623119268169849e-05	unsupported	True	0.09	0.19999999999999998	0.3077817039700279	0.0
irx1b	19-28170159-28170659	3	0.2969807488277978	0.4204022790522224	1	0.12342153022442459	0.19545232006830274	0.010141374447476386	regional_candidate	True	0.005	0.016666666666666666	0.2453886456934652	9.26209855412865e-306
irx1b	19-28209101-28209601	4	0.21817514413066222	0.23635475275533208	1	0.018179608624669857	0.056278229575234484	0.0002418183735996668	unsupported	True	0.16	0.26666666666666666	0.2341099851873087	9.747151481939059e-278
irx1b	19-28217680-28218180	5	0.18831262175445665	0.21358861808786533	4	0.025275996333408685	0.12566782764453394	0.0006784385187716628	unsupported	True	0.11	0.22000000000000003	0.2312350029239625	7.881403622952346e-271
irx1b	19-28163733-28164233	6	0.22439802053884134	0.45349246467918436	0	0.22909444414034302	0.1509972146144115	0.015687493840782035	regional_candidate	True	0.005	0.016666666666666666	0.2278779898110699	6.959385456967556e-263
irx1b	19-28191026-28191526	7	0.17840674441151208	0.1846787761904164	4	0.006272031778904313	0.09290876741062043	0.00010761726151764713	unsupported	True	0.235	0.311764705882353	0.2185205891538165	2.0616010333582068e-241
irx1b	19-28137244-28137744	8	0.14376967923744727	0.229264978361492	2	0.08549529912404474	0.16363636183503383	0.003207449076203824	unsupported	True	0.125	0.22727272727272727	0.2122046504788207	1.7714893270971408e-227
irx1b	19-28124996-28125496	9	0.24145856085549694	0.42061480223695524	1	0.1791562413814583	0.2885691354974729	0.021745348548956073	regional_candidate	True	0.01	0.028571428571428574	0.1949985232596814	9.064731748884475e-192
irx1b	19-28194594-28195094	10	0.1204039645085141	0.18775793261523546	4	0.06735396810672137	0.11903249533441465	0.0015053137186694576	unsupported	True	0.265	0.311764705882353	0.1886399017286132	2.141920535980057e-179
irx1b	19-28176249-28176749	11	0.21966387538488635	0.3257725682576858	1	0.10610869287279945	0.18164651106789262	0.006279029694823329	regional_candidate	True	0.005	0.016666666666666666	0.188361298564569	7.292668364255175e-179
irx1b	19-28145418-28145918	12	0.16531617431127188	0.18765437544423913	5	0.02233820113296725	0.05391244983317106	0.00022599350569053588	unsupported	True	0.19	0.2714285714285714	0.1864939056476627	2.5559335238660326e-175
irx1b	19-28224749-28225249	13	0.1278611990912023	0.17999919281736654	4	0.05213799372616423	0.03729905251966714	0.00035004402820094536	unsupported	True	0.26	0.311764705882353	0.1701053108641046	8.037893224353796e-146
irx1b	19-28227799-28228299	14	0.16318275082535527	0.2948735173903183	4	0.13169076656496304	0.18922407700156368	0.007347971978886348	regional_candidate	True	0.05	0.125	0.1685319760871129	3.8538368276966213e-143
irx1b	19-28125807-28126307	15	0.2585155266401463	0.40176772103827435	1	0.14325219439812803	0.16032690045683692	0.009227471692423314	regional_candidate	True	0.005	0.016666666666666666	0.1636798684228297	4.87428161299495e-135
irx1b	19-28211348-28211848	16	0.0964547213558926	0.1421017535014515	4	0.04564703214555889	0.11101639275974678	0.0007201104194305486	unsupported	True	0.33	0.3666666666666667	0.1619070559764251	3.8551067114221744e-132
irx1b	19-28123158-28123658	17	0.11673289595193133	0.14675019976552617	4	0.03001730381359484	0.06708426646772829	0.0002955092347917568	unsupported	True	0.37	0.38947368421052636	0.1508267574680863	8.933491623166202e-115
irx1b	19-28180988-28181488	18	0.10134016614652772	0.1654210788140017	2	0.06408091266747398	0.14083835274067288	0.0014929335374910117	unsupported	True	0.405	0.4050000000000001	0.1438297513797624	1.8029530094689985e-104
irx1b	19-28151423-28151923	19	0.13881715949567014	0.23228065702633524	0	0.0934634975306651	0.10171870604993338	0.0022082889617882056	unsupported	True	0.175	0.2692307692307692	0.1369228423293454	8.52062455797463e-95
ntd5	16-13591268-13591768	0	0.383130353363759	0.47824807429905	1	0.09511772093529097	0.21553927784154553	0.009804853054056045	core_concordant	True	0.005	0.03333333333333333	0.246431526436627	1.998913560447486e-308
ntd5	16-13547491-13547991	1	0.06588350044446199	0.2955297366869211	4	0.2296462362424591	0.22699212339409755	0.01540534065831734	regional_candidate	True	0.055	0.1642857142857143	0.2224352419883535	2.8336761511828075e-250
ntd5	16-13588208-13588708	2	0.17809367437430795	0.23974160246909046	3	0.061647928094782506	0.09952062262321423	0.0014708723140657678	unsupported	True	0.105	0.1642857142857143	0.2014953348991849	7.215396276936266e-205
ntd5	16-13553975-13554475	3	0.06834417946718678	0.1686636921447662	4	0.10031951267757942	0.07603248506622115	0.001286489370326846	unsupported	True	0.21	0.2625	0.1914829130659617	7.127486427573142e-185
ntd5	16-13592175-13592675	4	0.16082924194843157	0.28923412005662663	5	0.12840487810819506	0.16258115859651276	0.006038113343676532	regional_candidate	True	0.085	0.1642857142857143	0.184039121717443	1.0227323479166682e-170
ntd5	16-13545191-13545691	5	0.12755717724877225	0.23506599350394525	3	0.107508816255173	0.12297345475346082	0.0031077441619019076	unsupported	True	0.07	0.1642857142857143	0.1719521792944744	5.305605062121437e-149
ntd5	16-13567325-13567825	6	0.4368769501108192	0.583746347704688	1	0.14686939759386886	0.3024637468949762	0.025931570375684262	core_concordant	True	0.005	0.03333333333333333	0.1715217780268503	2.9454703303372993e-148
ntd5	16-13547995-13548495	7	-0.0012072117651171688	0.21556479248289123	4	0.2167720042480084	0.21233201994787276	0.009921938132659881	regional_candidate	True	0.11	0.1642857142857143	0.1674562657794118	2.5329631945703397e-141
ntd5	16-13524712-13525212	8	0.11522423660625888	0.25738488239899676	3	0.14216064579273788	0.1898341970919643	0.006946033480247297	regional_candidate	True	0.09	0.1642857142857143	0.1603456607633743	1.2914943757014909e-129
ntd5	16-13553265-13553765	9	0.016334514232995655	0.16306260424906466	4	0.146728090016069	0.16313702086402873	0.0039031942519682896	unsupported	True	0.205	0.2625	0.1496672054910039	4.9430276852083575e-113
ntd5	16-13608484-13608984	10	0.10076743799330816	0.17719293206848802	3	0.07642549407517986	0.07323077334050447	0.0009916953345562478	unsupported	True	0.115	0.1642857142857143	0.1315400795492707	1.3462674823511386e-87
ntd5	16-13653776-13654276	11	0.13075523713044543	0.24592417455042334	3	0.11516893741997791	0.15783911917965396	0.004470449887819174	unsupported	True	0.095	0.1642857142857143	0.1268492334384858	1.4456681570569494e-81
ntd5	16-13581315-13581815	12	0.09927478663177422	0.11689207336066693	3	0.017617286728892706	0.047818813810122526	9.847429573400134e-05	unsupported	True	0.235	0.2764705882352941	0.1248076008864422	5.1842768137826516e-79
ntd5	16-13513872-13514372	13	0.020859060601155312	0.09035351249817687	2	0.06949445189702155	0.08360160868182323	0.0005249401714457142	unsupported	True	0.33	0.3473684210526316	0.1242426169454764	2.5948816454254805e-78
ntd5	16-13523123-13523623	14	0.1978571582625725	0.2837675313665341	3	0.0859103731039616	0.16923697643217267	0.004125756237173813	unsupported	True	0.045	0.1642857142857143	0.117173947268845	7.76693077070761e-70
ntd5	16-13520295-13520795	15	0.1096450728501624	0.2281093951209231	3	0.1184643222707607	0.1436605887594892	0.0038821149345891794	unsupported	True	0.1	0.1642857142857143	0.1136165062623649	9.208501677836157e-66
ntd5	16-13587008-13587508	16	0.01012068609474976	0.025065952708844874	3	0.014945266614095114	0.021850213193257872	8.185468879706685e-06	unsupported	True	0.69	0.69	0.1129823443333166	4.753054014228533e-65
ntd5	16-13603058-13603558	17	0.07728827867738677	0.12333502054247016	1	0.04604674186508338	0.08067322622599367	0.000458157438434348	unsupported	True	0.325	0.3473684210526316	0.1055089422778608	5.904446053002433e-57
ntd5	16-13568084-13568584	18	0.35213161246602476	0.494025860642948	3	0.14189424817692325	0.34277086139093726	0.024028041344584375	core_concordant	True	0.005	0.03333333333333333	0.1029592158158551	2.5356332554110102e-54
ntd5	16-13566766-13567266	19	0.19705587199870134	0.3164848089853009	1	0.11942893698659957	0.17729175121052068	0.006701175092917196	regional_candidate	True	0.015	0.075	0.1015853516813012	6.247613921857334e-53
gli2a	9-37098807-37099307	0	0.3651953214737917	0.44492700205243424	2	0.07973168057864255	0.19290262211879994	0.006843177619752786	core_concordant	True	0.005	0.02	0.3767354758854071	0.0
gli2a	9-37154459-37154959	1	0.41341636835851575	0.556572749385604	2	0.14315638102708822	0.3366106716565725	0.026820108484288927	core_concordant	True	0.005	0.02	0.3535010264638493	0.0
gli2a	9-37156141-37156641	2	0.40410930051772953	0.5679321103915802	2	0.16382280987385067	0.43574750971782295	0.04054205033091118	core_concordant	True	0.005	0.02	0.3246135253024533	0.0
gli2a	9-37206521-37207021	3	0.2196757104995071	0.2867745798568197	4	0.0670988693573126	0.033556327899177174	0.000645699252826985	unsupported	True	0.055	0.09166666666666667	0.3042573485325236	0.0
gli2a	9-37091848-37092348	4	0.23305851177154585	0.3226281475102615	1	0.08956963573871563	0.22069765315321388	0.006377651404856549	regional_candidate	True	0.01	0.025	0.2766274482416974	0.0
gli2a	9-37146074-37146574	5	0.29153914269774023	0.41974178073954627	2	0.12820263804180604	0.36100615995407176	0.019426464774440842	regional_candidate	True	0.01	0.025	0.274916407952038	0.0
gli2a	9-37200278-37200778	6	0.29770094891557247	0.43556538137582634	2	0.13786443246025387	0.2925418184526272	0.017566836080222185	regional_candidate	True	0.005	0.02	0.2725174035598024	0.0
gli2a	9-37166236-37166736	7	0.22699661811383848	0.26971328441050163	1	0.04271666629666315	0.041119302537934416	0.0004737458616509959	unsupported	True	0.04	0.07272727272727274	0.2720011100668854	0.0
gli2a	9-37043570-37044070	8	0.17919914599626918	0.34250786930821436	0	0.16330872331194518	0.08975126782766557	0.005020194342112005	regional_candidate	True	0.015	0.03	0.2475332124662727	0.0
gli2a	9-37143995-37144495	9	0.16083192403719812	0.18792997972187797	2	0.02709805568467985	0.09479280033642275	0.0004827358482911816	unsupported	True	0.115	0.13529411764705884	0.2139603663277836	2.629029036228272e-231
gli2a	9-37172633-37173133	10	0.12889849771486797	0.17569558593574425	2	0.046797088220876276	0.11698998528693083	0.0009618965533114472	unsupported	True	0.095	0.13125	0.1950441871027731	7.360393736311424e-192
gli2a	9-37099470-37099970	11	0.16035248006382272	0.24161415205995962	2	0.0812616719961369	0.20814307878964816	0.00408667495931872	unsupported	True	0.08	0.12307692307692308	0.1844171565067183	2.0196121923994923e-171
gli2a	9-37202795-37203295	12	0.1204617611382723	0.21691530459209304	3	0.09645354345382075	0.09661305104184849	0.0020213623837096423	unsupported	True	0.105	0.13125	0.1833138668804638	2.2751247364643186e-169
gli2a	9-37090391-37090891	13	0.09005097796226207	0.19008163005433912	3	0.10003065209207705	0.050923095622445014	0.0009682512006380519	unsupported	True	0.13	0.14444444444444446	0.1799280920185806	3.727832147312779e-163
gli2a	9-37076436-37076936	14	0.11345354249622752	0.15638012557841907	2	0.04292658308219155	0.1189278072883864	0.000798346250024861	unsupported	True	0.25	0.25	0.177273601761266	2.2775845034538926e-158
gli2a	9-37177797-37178297	15	0.16099992729074614	0.2226518141184965	2	0.06165188682775036	0.2603215822989492	0.0035734094854561914	unsupported	True	0.105	0.13125	0.1742911824320459	4.4123780552740986e-153
gli2a	9-37151838-37152338	16	0.10617013556050799	0.17078438090663287	2	0.06461424534612488	0.09743215714696041	0.0010751739762643233	unsupported	True	0.14	0.1473684210526316	0.1742823139993262	4.573542611794398e-153
gli2a	9-37120256-37120756	17	0.12404852387295448	0.3271862945018385	3	0.20313777062888402	0.12336288919980812	0.008199178046259196	regional_candidate	True	0.005	0.02	0.1666309611402781	6.164651707888939e-140
gli2a	9-37162324-37162824	18	0.17313408666863037	0.25736859171277926	1	0.0842345050441489	0.22497494362427267	0.004877302880702386	unsupported	True	0.01	0.025	0.1657627308043074	1.739806585235514e-138
gli2a	9-37127261-37127761	19	0.21749617782166222	0.32880920548740494	2	0.11131302766574272	0.3396545715418135	0.012431611443623166	regional_candidate	True	0.015	0.03	0.1630780075577104	4.73728407614759e-134
zgc:174154	12-16701900-16702400	0	0.334028232282176	0.4924172757391877	0	0.1583890434570117	0.38923952301161846	0.030358153238583294	regional_candidate	True	0.005	0.007000000000000001	0.2116817285524743	2.409737813128808e-226
zgc:174154	12-16745280-16745780	1	0.49534600213094354	0.5982214424382584	4	0.10287544030731482	0.5502877066993926	0.03386596799102588	core_concordant	True	0.005	0.007000000000000001	0.1839724674435299	1.3608705172253691e-170
zgc:174154	12-16746302-16746802	2	0.7309930212112761	0.8000205691174601	0	0.06902754790618404	0.578404355715844	0.031941488737833666	core_concordant	True	0.005	0.007000000000000001	0.1520090564675427	1.4434899337482304e-116
zgc:174154	12-16716978-16717478	3	0.4631198506073088	0.5738278745135329	5	0.11070802390622408	0.32552408154537005	0.02067968227794045	core_concordant	True	0.005	0.007000000000000001	0.1254121036375249	9.177622956361688e-80
zgc:174154	12-16743167-16743667	4	0.4317726035145783	0.6045099019918643	0	0.17273729847728597	0.551415050486577	0.057579535618375956	core_concordant	True	0.005	0.007000000000000001	0.1059696372496182	1.9430606955637576e-57
zgc:174154	12-16778486-16778986	5	0.29206184677374	0.4305534925653337	5	0.13849164579159373	0.40482704048227397	0.024139051782800607	regional_candidate	True	0.005	0.007000000000000001	0.1042874794773477	1.0980923619782729e-55
zgc:174154	12-16773025-16773525	6	0.3782702659035585	0.5891027319394979	0	0.21083246603593941	0.5273973390375706	0.06550379466406842	core_concordant	True	0.005	0.007000000000000001	0.0938119629958749	2.0590655779032344e-45
zgc:174154	12-16747935-16748435	7	0.3871529592772422	0.5912649291828558	0	0.2041119699056136	0.581049404618957	0.07012351127912607	core_concordant	True	0.005	0.007000000000000001	0.0830595388416242	5.248762527596528e-36
zgc:174154	12-16742242-16742742	8	0.3372197690681393	0.44949652718425037	5	0.1122767581161111	0.4405377869482067	0.022233066695563398	regional_candidate	True	0.005	0.007000000000000001	0.0792443481346397	6.053662213468338e-33
zgc:174154	12-16748818-16749318	9	0.13173841001119277	0.23490363948937332	0	0.10316522947818055	0.20762498918807307	0.005031560707654178	regional_candidate	True	0.055	0.07	0.0778403091244766	7.45834610974447e-32
zgc:174154	12-16762190-16762690	10	0.2600045391715271	0.4700797887568213	0	0.21007524958529422	0.42547560884193547	0.042016622188626604	regional_candidate	True	0.005	0.007000000000000001	0.0614171842318765	1.5470457055895252e-20
zgc:174154	12-16815079-16815579	11	0.06921318051889587	0.21130168408699868	5	0.14208850356810282	0.21202732666430082	0.0063658109429896815	regional_candidate	True	0.07	0.08166666666666668	0.0562589153304467	1.5817623828700385e-17
zgc:174154	12-16757148-16757648	12	0.022294974537515933	0.03931026117735582	5	0.017015286639839883	0.02430452881379202	1.625670050418195e-05	unsupported	True	0.6	0.6461538461538462	0.0555220585008742	4.054326695249325e-17
zgc:174154	12-16761641-16762141	13	-0.008183105936665979	-0.005034189814010138	4	0.003148916122655841	0.013571709369453115	0.0	unsupported	True	0.95	0.95	0.0217265661455641	0.0005622345565489
cnn3a	24-31209794-31210294	0	0.3725039600936432	0.4705889974908514	4	0.0980850373972082	0.08728159359892479	0.004028721053292461	core_concordant	True	0.005	0.02	0.2340658669772832	1.2462314968249638e-277
cnn3a	24-31208005-31208505	1	0.2222150784714167	0.3084430252435582	1	0.08622794677214152	0.1224768342368141	0.0032574439473531326	unsupported	True	0.005	0.02	0.1815868014679028	3.4864777947089925e-166
cnn3a	24-31238379-31238879	2	0.26191732132218	0.3800615652355126	5	0.11814424391333261	0.2769230258082825	0.012434421593682365	regional_candidate	True	0.005	0.02	0.170153138988668	6.656370016140395e-146
cnn3a	24-31211310-31211810	3	0.16983489673109817	0.18214093344219628	1	0.012306036711098117	0.04760619237417199	0.00010670609123608853	unsupported	True	0.175	0.24666666666666667	0.1682775912155293	1.0395888024500801e-142
cnn3a	24-31213739-31214239	4	0.08224845395144019	0.1365628033008429	4	0.0543143493494027	0.07703482168676537	0.000571391908696357	unsupported	True	0.185	0.24666666666666667	0.1400599563364916	3.957581268412085e-99
cnn3a	24-31266582-31267082	5	0.2182249907101462	0.3427063719112923	5	0.12448138120114607	0.17170223092778752	0.007324913757653402	regional_candidate	True	0.005	0.02	0.1293187207835119	1.03079353971647e-84
cnn3a	24-31204941-31205441	6	0.24285494982243042	0.5096463788394798	3	0.26679142901704944	0.3081449904671203	0.041898254247064635	regional_candidate	True	0.005	0.02	0.1264673447616444	4.376710526285872e-81
cnn3a	24-31250287-31250787	7	0.1518454287552622	0.24506146616051735	3	0.09321603740525516	0.12330262061168751	0.00281668299393136	unsupported	True	0.015	0.04285714285714286	0.1242401824922422	2.612908938614995e-78
cnn3a	24-31260057-31260557	8	0.1456081801535664	0.22892886918883254	4	0.08332068903526613	0.18340035591206277	0.0034982721284175945	unsupported	True	0.025	0.0625	0.1119553796225495	6.64717024753783e-64
cnn3a	24-31226687-31227187	9	0.16289469082880662	0.2553946922900259	1	0.09250000146121931	0.1506502526717477	0.003558962986738513	unsupported	True	0.04	0.07272727272727274	0.1052693844703289	1.0503458979374806e-56
cnn3a	24-31258640-31259140	10	0.13850706675188318	0.20583070888223698	3	0.0673236421303538	0.15303773921714364	0.0021206857292205583	unsupported	True	0.035	0.07	0.1047286267992485	3.8360694669699292e-56
cnn3a	24-31220053-31220553	11	0.1210239161761162	0.20415460536706148	1	0.08313068919094528	0.12527396262016327	0.0021260886908907864	unsupported	True	0.03	0.06666666666666667	0.103925899486141	2.591501729896185e-55
cnn3a	24-31120413-31120913	12	0.07613379058667934	0.11563828105926453	4	0.039504490472585196	0.08041013191514552	0.00036733208727132634	unsupported	True	0.325	0.38235294117647056	0.0947879246771038	2.5288654621121964e-46
cnn3a	24-31264069-31264569	13	0.11888241871278123	0.1851113123139112	4	0.06622889360112998	0.13462229190267347	0.0016504312554906947	unsupported	True	0.095	0.14615384615384613	0.0910190997801414	7.369463565275386e-43
cnn3a	24-31235382-31235882	14	0.11661837698192078	0.2851479800545956	4	0.16852960307267478	0.24336492454653552	0.011695114611344523	regional_candidate	True	0.01	0.03333333333333333	0.0869000291455589	3.1059834501091524e-39
cnn3a	24-31286343-31286843	15	0.002406148805515462	0.013411865980999213	5	0.01100571717548375	0.016894992480905903	2.493822598030674e-06	unsupported	True	0.93	0.93	0.083784752942251	1.323508789985232e-36
cnn3a	24-31182547-31183047	16	0.04483839644417108	0.06888854575654552	2	0.02405014931237444	0.03470189842800235	5.749340473128447e-05	unsupported	True	0.505	0.5611111111111111	0.0831074891505751	4.7935457211206195e-36
cnn3a	24-31212578-31213078	17	0.10148408581448429	0.2115398824670554	4	0.11005579665257112	0.14134533508160518	0.003290687642455344	unsupported	True	0.06	0.09999999999999999	0.0769457025084371	3.609125938484912e-31
cnn3a	24-31242200-31242700	18	0.06877107269212555	0.060212633571769175	5	-0.008558439120356379	0.03635455940273799	0.0	unsupported	True	0.65	0.6842105263157895	0.0758146639601172	2.5812729945963523e-30
cnn3a	24-31149868-31150368	19	0.06532296007727566	0.11575470892259193	4	0.050431748845316274	0.06782580045301838	0.00039594751689029484	unsupported	True	0.235	0.29374999999999996	0.0608297717553195	3.5101304017967456e-20
bhlha15	12-17761896-17762396	0	0.5039098061718876	0.7339612260460668	0	0.2300514198741792	0.6089175070514736	0.10281500387315785	core_concordant	True	0.005	0.02	0.1688070557390973	1.3155023456694832e-143
bhlha15	12-17759695-17760195	1	0.009931502762806636	0.07804352575207238	2	0.06811202298926575	0.0601798914846641	0.0003198983948117107	unsupported	True	0.34	0.4	0.1684796378899218	4.727359735265735e-143
bhlha15	12-17740062-17740562	2	0.44172071374117483	0.6930153963290075	0	0.2512946825878327	0.6362128139572858	0.11079715123651275	core_concordant	True	0.005	0.02	0.1502605157675325	6.3667058291044686e-114
bhlha15	12-17746669-17747169	3	0.01977955449812507	0.0726443416932583	2	0.052864787195133225	0.059834039372783594	0.00022978231668475428	unsupported	True	0.395	0.4388888888888889	0.1229409353986753	1.0307816157632975e-76
bhlha15	12-17752086-17752586	4	0.4732731709853325	0.7160502782679835	0	0.242777107282651	0.646720058094932	0.11242621277875961	core_concordant	True	0.005	0.02	0.1127009855282796	9.815483704067348e-65
bhlha15	12-17763081-17763581	5	0.18186236808605952	0.3827115482821283	0	0.20084918019606876	0.37335834788180855	0.02869904840445935	regional_candidate	True	0.005	0.02	0.1124175591303895	2.034024308022284e-64
bhlha15	12-17842580-17843080	6	0.07653118920956314	0.18866928213521203	0	0.11213809292564889	0.14910613632698053	0.0031546405380537368	unsupported	True	0.095	0.17272727272727273	0.104733845869554	3.788532969035061e-56
bhlha15	12-17738644-17739144	7	0.6296965861343999	0.803713556607958	0	0.17401697047355802	0.7057050413243218	0.09869976470323612	core_concordant	True	0.005	0.02	0.1036648115580996	4.808461097293002e-55
bhlha15	12-17709639-17710139	8	0.14760435494432012	0.27861080685205586	0	0.13100645190773574	0.22677340670926358	0.008277186999226673	regional_candidate	True	0.02	0.05714285714285715	0.1007033058420243	4.777362618314966e-52
bhlha15	12-17757826-17758326	9	0.2415362952774494	0.36030818277259724	0	0.11877188749514783	0.3463953342092708	0.014823809223032777	regional_candidate	True	0.025	0.0625	0.0986759951572029	4.788933769320312e-50
bhlha15	12-17759125-17759625	10	0.3146141512666599	0.44342492293941316	5	0.12881077167275323	0.4332060155680376	0.024743820693647042	regional_candidate	True	0.015	0.049999999999999996	0.0843742039558303	4.281220766905787e-37
bhlha15	12-17781377-17781877	11	0.07827355727325921	0.17626283413584298	0	0.09798927686258377	0.13758895509900756	0.002376418223221381	unsupported	True	0.145	0.22307692307692306	0.0665839801995712	8.212388474078157e-24
bhlha15	12-17777503-17778003	12	0.06827796736084753	0.19011778151872966	0	0.12183981415788213	0.15906260725633173	0.003684512740942378	unsupported	True	0.075	0.15	0.065395330972036	4.909544104960534e-23
bhlha15	12-17691345-17691845	13	0.11127689568862846	0.19759843446632464	0	0.08632153877769617	0.17297101248941088	0.0029503667197181833	unsupported	True	0.105	0.17500000000000002	0.0625273975893173	3.2195791523862294e-21
bhlha15	12-17695410-17695910	14	-0.014080521791974415	0.004036405015440102	3	0.018116926807414516	0.013924527448791822	1.018262458777756e-06	unsupported	True	0.915	0.915	0.0562888188451134	1.522090700434416e-17
bhlha15	12-17722036-17722536	15	-0.02331370609816823	0.04014846422555277	2	0.063462170323721	0.062068713445143836	0.00015814541342787215	unsupported	True	0.575	0.6052631578947368	0.0537895072059082	3.534086832758914e-16
bhlha15	12-17831226-17831726	16	0.041630236958772736	0.09999337703978414	0	0.05836314008101141	0.08566943680564192	0.0004999606197088124	unsupported	True	0.22	0.28125	0.0524046852790035	1.900847645256498e-15
bhlha15	12-17794320-17794820	17	0.18351145093502888	0.293405857092871	0	0.1098944061578421	0.2989502835793492	0.009639252026623052	regional_candidate	True	0.03	0.06666666666666667	0.0506980249771417	1.4251207511093492e-14
bhlha15	12-17715694-17716194	18	0.049547664131163204	0.10158320762364058	0	0.052035543492477375	0.0684663724474914	0.0003619089600226691	unsupported	True	0.225	0.28125	0.0501706205626528	2.62128991225201e-14
bhlha15	12-17765502-17766002	19	0.06462866703704673	0.1400483539906412	0	0.07541968695359447	0.12999746286012198	0.001373085593830344	unsupported	True	0.175	0.25	0.0449369392736949	7.92888028482617e-12
tuba8l2	1-5410314-5410814	0	0.5524161916483213	0.6668945684401054	0	0.11447837679178408	0.21556237067073913	0.01645711084573045	core_concordant	True	0.005	0.02	0.6040361074317155	0.0
tuba8l2	1-5407877-5408377	1	0.4029040669887342	0.4623977488475648	3	0.05949368185883058	0.2630694798038	0.007236974191507179	core_concordant	True	0.005	0.02	0.5304636357293266	0.0
tuba8l2	1-5343435-5343935	2	0.35398234701312853	0.2511095417960295	1	-0.10287280521709902	0.1896928153052554	0.0	core_concordant	True	0.195	0.24375000000000002	0.3941733928306013	0.0
tuba8l2	1-5465577-5466077	3	0.2002839871006602	0.322557690466271	3	0.12227370336561078	0.28713174672855185	0.011324568938576012	regional_candidate	True	0.09	0.15	0.3795014150665807	0.0
tuba8l2	1-5409108-5409608	4	0.14764283396384495	0.20199237497418537	4	0.054349541010340424	0.04633360497444414	0.0005086592516530189	unsupported	True	0.15	0.21428571428571427	0.3157512299936693	0.0
tuba8l2	1-5340089-5340589	5	0.37735727062802016	0.40525233199422755	2	0.027895061366207397	0.305308395632783	0.0034513705646385634	core_concordant	True	0.005	0.02	0.3072180343849708	0.0
tuba8l2	1-5407256-5407756	6	0.1543928697780729	0.3302382014778968	0	0.1758453316998239	0.0869857252173066	0.0050513346601499635	regional_candidate	True	0.005	0.02	0.2793723223528118	0.0
tuba8l2	1-5475259-5475759	7	0.13868254629634236	0.2837228965412274	3	0.14504035024488504	0.2249768841741697	0.009258084118986988	regional_candidate	True	0.055	0.1375	0.2719167130041666	0.0
tuba8l2	1-5409697-5410197	8	0.12613190074987196	0.15460248590831627	4	0.028470585158444306	0.053420070238299366	0.00023513502268392495	unsupported	True	0.26	0.2888888888888889	0.269542623992025	0.0
tuba8l2	1-5349522-5350022	9	0.175903484451386	0.39234609085921274	3	0.21644260640782673	0.20957550249128173	0.017797237706388046	regional_candidate	True	0.01	0.03333333333333333	0.2689353507264772	0.0
tuba8l2	1-5342664-5343164	10	0.1588904808536922	0.19999431609192322	3	0.041103835238231023	0.12319453815312216	0.001012724817707354	unsupported	True	0.19	0.24375000000000002	0.2676501009554229	0.0
tuba8l2	1-5311417-5311917	11	0.14188897779741858	0.35733295040732793	3	0.21544397260990936	0.20630362361137797	0.015882331991986732	regional_candidate	True	0.005	0.02	0.2668440673812319	0.0
tuba8l2	1-5303032-5303532	12	0.24686218553681752	0.2760289519609421	2	0.029166766424124607	0.24402568139794048	0.001964619517873115	unsupported	True	0.085	0.15	0.2298441076856043	1.6012676552979258e-267
tuba8l2	1-5430251-5430751	13	0.11763620655306124	0.15708672256224782	3	0.03945051600918657	0.14533793118664987	0.0009006812891927057	unsupported	True	0.315	0.33157894736842103	0.2285485536055425	1.8435844456929304e-264
tuba8l2	1-5332000-5332500	14	0.25123420705032923	0.2702286693914465	2	0.01899446234111729	0.3071552530767152	0.0015765813137519837	unsupported	True	0.085	0.15	0.2170434870883451	4.1029522132092773e-238
tuba8l2	1-5492936-5493436	15	0.12329787657669597	0.30259011521738827	3	0.1792922386406923	0.08422153417892511	0.004569191653799446	unsupported	True	0.025	0.07142857142857142	0.2125561036903166	3.0529087159657687e-228
tuba8l2	1-5483389-5483889	16	0.1583676322511188	0.16313652903673878	3	0.00476889678561998	0.08570142755821135	6.667410536174996e-05	unsupported	True	0.225	0.2647058823529412	0.2088723953378407	2.6305487893523107e-220
tuba8l2	1-5325921-5326421	17	0.1624136792620932	0.21530979963322727	2	0.05289612037113406	0.20553360027627166	0.0023408330829583607	unsupported	True	0.12	0.1846153846153846	0.2070411260623292	2.035548765150041e-216
tuba8l2	1-5478654-5479154	18	0.11127737832719756	0.27951509903422833	3	0.16823772070703077	0.18212255803777638	0.008564310225641912	regional_candidate	True	0.085	0.15	0.2050503556532991	3.1173416606083133e-212
tuba8l2	1-5363389-5363889	19	0.0976796989187626	0.18688527530585627	0	0.08920557638709367	0.036149620064048704	0.0006026578605828558	unsupported	True	0.39	0.39	0.1823365148762957	1.4573768227386437e-167
sox10	3-1469093-1469593	0	0.3931254869005543	0.5525558250112618	4	0.15943033811070745	0.2384291892146268	0.021004219621772367	core_concordant	True	0.005	0.01	0.1620870411669926	1.9647901637225102e-132
sox10	3-1457433-1457933	1	0.29692420613275355	0.39984985980812277	0	0.10292565367536921	0.2520749003318782	0.010374094173366476	regional_candidate	True	0.005	0.01	0.1579176850622632	9.6958213103736e-126
sox10	3-1498938-1499438	2	0.26943339613526474	0.40514018944068636	0	0.13570679330542162	0.23277714098414384	0.01279815144572885	regional_candidate	True	0.005	0.01	0.1492616436406359	1.9966495924025581e-112
sox10	3-1496913-1497413	3	0.35569675650433086	0.48004805602836903	4	0.12435129952403817	0.21682061328920982	0.012943019695567786	core_concordant	True	0.005	0.01	0.1349587412309152	3.905622159095287e-92
sox10	3-1460674-1461174	4	0.34458745003904623	0.5068633591717877	4	0.16227590913274148	0.28416787143316585	0.023373294038895872	regional_candidate	True	0.005	0.01	0.1257461047205073	3.5128326149299356e-80
sox10	3-1489138-1489638	5	0.2744724242750754	0.40646525212785	0	0.1319928278527746	0.245376838906794	0.013164589617835216	regional_candidate	True	0.005	0.01	0.1244117530321983	1.603521108980612e-78
sox10	3-1456868-1457368	6	0.37524327433456667	0.4991866224144411	4	0.12394334807987445	0.31803395931728007	0.01967703498520535	core_concordant	True	0.005	0.01	0.1195003153685611	1.4346370476412161e-72
sox10	3-1489857-1490357	7	0.265063373505906	0.39912125987296143	0	0.13405788636705546	0.29028103144639483	0.015531588912394093	regional_candidate	True	0.005	0.01	0.1110071993773186	7.429366118682268e-63
sox10	3-1455428-1455928	8	0.19302452637067755	0.30616564686280556	0	0.11314112049212802	0.23889865383900682	0.008275431294449763	regional_candidate	True	0.005	0.01	0.1049727100581586	2.139581163670872e-56
sox10	3-1478502-1479002	9	0.12509690873059173	0.16449577415470687	0	0.03939886542411514	0.08089088964917127	0.0005242495579827591	unsupported	True	0.12	0.17142857142857143	0.0926309630272089	2.5295834107565367e-44
sox10	3-1486225-1486725	10	0.19759615553877544	0.3775839263099676	0	0.17998777077119218	0.2755158721040711	0.018724193443825123	regional_candidate	True	0.005	0.01	0.0899033533857051	7.34425788273489e-42
sox10	3-1495836-1496336	11	0.10349816786224432	0.10887087092915626	5	0.005372703066911941	0.045550314726900326	2.6643784863883628e-05	unsupported	True	0.25	0.3125	0.082231730540255	2.492673170135719e-35
sox10	3-1553964-1554464	12	0.0370880420573747	0.07143577856867192	3	0.034347736511297224	0.047832979041853484	0.00011736573819512513	unsupported	True	0.435	0.4833333333333333	0.0642115343392666	2.8228937148306927e-22
sox10	3-1449164-1449664	13	0.10537759703042794	0.13070657574695319	0	0.025328978716525244	0.10828348753804021	0.00035849025213004085	unsupported	True	0.175	0.23333333333333334	0.0620329476293827	6.4996952406822774e-21
sox10	3-1394909-1395409	14	0.02293173263874448	0.057125676641116827	4	0.03419394400237234	0.047202252466317624	9.220262314135008e-05	unsupported	True	0.53	0.5578947368421053	0.0599785647792424	1.134905222787869e-19
sox10	3-1403068-1403568	15	0.04147598745276877	0.08742791728518226	4	0.04595192983241349	0.08156817906294242	0.00032769865204479876	unsupported	True	0.32	0.3764705882352941	0.0495370399541898	5.4063098240074377e-14
sox10	3-1413237-1413737	16	0.1366869738137623	0.25337393543344655	0	0.11668696161968425	0.1737430186057716	0.005136787867582194	regional_candidate	True	0.065	0.1076923076923077	0.0493061889787019	7.022393980134569e-14
sox10	3-1504839-1505339	17	0.19070960445980584	0.2418324330480854	4	0.05112282858827957	0.22551891966696586	0.0027881260407491906	unsupported	True	0.02	0.03636363636363637	0.0475242973702004	5.080271286559695e-13
sox10	3-1404645-1405145	18	0.002548066329088881	0.062448820637407025	3	0.05990075430831814	0.07633068665825075	0.00028553260108679266	unsupported	True	0.59	0.59	0.0444318032002434	1.3324832980072478e-11
sox10	3-1505590-1506090	19	0.0848078625232858	0.16212329196798494	0	0.07731542944469914	0.13365214229230699	0.001675280411826132	unsupported	True	0.07	0.1076923076923077	0.0437026606257716	2.7909967113430503e-11
shha	7-40888965-40889465	0	0.41817808897210007	0.578846311881978	0	0.16066822290987792	0.1955688294095405	0.018188333003477858	core_concordant	True	0.005	0.03333333333333333	0.1506006688323415	1.958687377639904e-114
shha	7-40920591-40921091	1	0.24509938295197542	0.40566837047470894	3	0.16056898752273352	0.25844847751678046	0.016834754776054145	regional_candidate	True	0.005	0.03333333333333333	0.1329095199007709	2.118086214027736e-89
shha	7-40810278-40810778	2	0.10465865930295604	0.23029577255190764	3	0.1256371132489516	0.14429121058657346	0.004174878030788126	unsupported	True	0.045	0.09999999999999999	0.1159053038048103	2.2792348199678948e-68
shha	7-40807460-40807960	3	0.2036732380730889	0.4300719260484174	1	0.22639868797532847	0.28276669951291206	0.02753234876479052	regional_candidate	True	0.005	0.03333333333333333	0.1129204457225877	5.576062164518286e-65
shha	7-40886718-40887218	4	0.14238060600925467	0.23048972734089648	1	0.08810912133164181	0.09322307277220263	0.0018931972207691578	unsupported	True	0.03	0.08571428571428572	0.1125035709325027	1.630835288621333e-64
shha	7-40891677-40892177	5	0.2046883899505891	0.3466113778929669	1	0.14192298794237782	0.24027393386962714	0.011819584765740363	regional_candidate	True	0.01	0.05	0.1094150821805705	4.0813087964410305e-61
shha	7-40880297-40880797	6	0.10453403247661933	0.1664137608725473	3	0.06187972839592798	0.09633065679021303	0.0009919782631522952	unsupported	True	0.19	0.2111111111111111	0.0939834856123315	1.4265846854505132e-45
shha	7-40819114-40819614	7	0.16669059275801332	0.2797855005729887	5	0.11309490781497536	0.10514719757892088	0.003327100788720868	unsupported	True	0.02	0.06666666666666667	0.093926281668816	1.6124342287875638e-45
shha	7-40866959-40867459	8	0.11672865089966196	0.28066364183826437	1	0.16393499093860242	0.17677616532712312	0.008133575944219004	regional_candidate	True	0.015	0.06	0.0891354704756316	3.515220693083305e-41
shha	7-40890398-40890898	9	0.06828594987961323	0.22729639158123335	1	0.15901044170162013	0.1989312043842555	0.007189870979364672	regional_candidate	True	0.06	0.12	0.0839928879704654	8.8929319707625e-37
shha	7-40887840-40888340	10	0.0984241591169074	0.21944235462250303	1	0.12101819550559563	0.14556835893305242	0.003865788711325146	unsupported	True	0.04	0.09999999999999999	0.0793688473139077	4.83470959390454e-33
shha	7-40914453-40914953	11	0.10832886062689968	0.21183529009994773	0	0.10350642947304804	0.1314392792324302	0.002881978976026923	unsupported	True	0.075	0.13636363636363635	0.0748899806644682	1.2618487633616964e-29
shha	7-40784874-40785374	12	0.05381603300259458	0.1572908266206566	0	0.10347479361806203	0.13740430798556946	0.0022363424772276863	unsupported	True	0.17	0.2111111111111111	0.074392065203068	2.9418326048239146e-29
shha	7-40818283-40818783	13	0.09101684827672968	0.17533250275673207	3	0.08431565448000239	0.14108883495732785	0.002085755007317702	unsupported	True	0.095	0.14615384615384613	0.0660271456926011	1.905395275839599e-23
shha	7-40895194-40895694	14	0.09533994225244327	0.16492588672521913	3	0.06958594447277586	0.10497246504075862	0.0012047189719479213	unsupported	True	0.135	0.19285714285714287	0.0629872144024044	1.6669841594521938e-21
shha	7-40816331-40816831	15	0.042851299095263924	0.11579942388985702	1	0.07294812479459309	0.06789102649079878	0.0005734993186411701	unsupported	True	0.185	0.2111111111111111	0.0629147849897489	1.849685400443435e-21
shha	7-40925652-40926152	16	0.1099837090193464	0.18464542904307027	3	0.07466172002372387	0.10903096207954656	0.0015030948821651104	unsupported	True	0.09	0.14615384615384613	0.0578207199235217	2.0665908861218493e-18
shha	7-40892317-40892817	17	0.06316430505710927	0.13439298446410883	0	0.07122867940699956	0.0629119124721569	0.0006022327629765521	unsupported	True	0.33	0.3473684210526316	0.0575738271018404	2.8612829863571454e-18
shha	7-40957433-40957933	18	0.023715106555468	0.06672554843523139	1	0.043010441879763384	0.04575829144488689	0.00013132150660015088	unsupported	True	0.52	0.52	0.0564458591543119	1.243348444485911e-17
shha	7-40977180-40977680	19	0.11912167014643885	0.17007058293056823	0	0.050948912784129385	0.10019361509829898	0.000868168787340053	unsupported	True	0.155	0.20666666666666667	0.0536622967476819	4.132121815828073e-16
gata5	23-7391661-7392161	0	0.3638737364254581	0.451096640606024	2	0.08722290418056589	0.07087846235093487	0.0027887810778782266	core_concordant	True	0.005	0.011111111111111112	0.3396356251164074	0.0
gata5	23-7417531-7418031	1	0.4100328167056169	0.5105006842823457	4	0.10046786757672882	0.17010556630309742	0.00872452995603426	core_concordant	True	0.005	0.011111111111111112	0.281707975678347	0.0
gata5	23-7454422-7454922	2	0.29136571082681245	0.427950164009197	4	0.13658445318238455	0.21539632320825233	0.012590203537464022	regional_candidate	True	0.005	0.011111111111111112	0.2400499507083306	2.6000607115259995e-292
gata5	23-7415762-7416262	3	0.4582227614568686	0.6427056052583641	4	0.1844828438014955	0.3018341155316813	0.03578791503532404	core_concordant	True	0.005	0.011111111111111112	0.2269118213861462	1.275274140739809e-260
gata5	23-7419989-7420489	4	0.3606867531780898	0.4615046089140645	4	0.10081785573597468	0.13027039139592206	0.006061208405992841	core_concordant	True	0.005	0.011111111111111112	0.2237959725510561	2.1446875864698036e-253
gata5	23-7422599-7423099	5	0.30315968071191496	0.4073282732815737	4	0.10416859256965877	0.193661914513568	0.008217232468631694	regional_candidate	True	0.005	0.011111111111111112	0.2213534482982081	8.290784934325916e-248
gata5	23-7343127-7343627	6	0.23393636039729293	0.36228402827969886	4	0.12834766788240592	0.2080852726783128	0.009675613544717254	regional_candidate	True	0.01	0.02	0.2037591064881689	1.530551635352449e-209
gata5	23-7374365-7374865	7	0.18911662614867678	0.24159189754843471	4	0.05247527139975794	0.04348287383806915	0.0005512584984076881	unsupported	True	0.035	0.05384615384615385	0.1950463142069327	7.289319477011842e-192
gata5	23-7302529-7303029	8	0.06706821481973167	0.14778127442750305	2	0.08071305960777138	0.0898375612757989	0.0010715715436435418	unsupported	True	0.25	0.29411764705882354	0.1883624559206642	7.255675643836619e-179
gata5	23-7478644-7479144	9	0.046976639170646595	0.09368713863069399	2	0.04671049946004739	0.05400604701082352	0.00023633980684053944	unsupported	True	0.295	0.295	0.1865104279888838	2.3787714860768542e-175
gata5	23-7419090-7419590	10	0.13258270446504056	0.2723808437873136	5	0.13979813932227303	0.18964801660156946	0.007221480736402314	regional_candidate	True	0.03	0.049999999999999996	0.1828399334178911	1.7152377172423902e-168
gata5	23-7408058-7408558	11	0.40097356664345	0.5447891976688639	5	0.1438156310254139	0.35451882096038767	0.027776266800807147	core_concordant	True	0.005	0.011111111111111112	0.1788436678111739	3.4339913652487558e-161
gata5	23-7352666-7353166	12	0.2527915653464325	0.4019546650628831	5	0.1491630997164506	0.2600888035202944	0.015594093359671326	regional_candidate	True	0.005	0.011111111111111112	0.1686504131949183	2.4266531233659213e-143
gata5	23-7388357-7388857	13	0.09661208775637874	0.17619550990501417	5	0.07958342214863544	0.13383319744471234	0.0018766414347549613	unsupported	True	0.105	0.13125	0.1668912298080053	2.256887161153431e-140
gata5	23-7368809-7369309	14	0.2990494314579644	0.5607327142049618	4	0.2616832827469974	0.4349848652722867	0.06382723338275484	regional_candidate	True	0.005	0.011111111111111112	0.1610414527756519	9.750912198074788e-131
gata5	23-7459071-7459571	15	0.18364442425269062	0.24852559920401598	5	0.06488117495132537	0.11047754572269075	0.001781409866464941	unsupported	True	0.025	0.045454545454545456	0.1596045332408138	1.9982147249650432e-128
gata5	23-7397811-7398311	16	0.06626223762171697	0.1384113236933791	4	0.07214908607166214	0.06642279420837287	0.0006633146623029418	unsupported	True	0.28	0.2947368421052632	0.1542288886504313	5.703187246676524e-120
gata5	23-7332203-7332703	17	0.13470845987687244	0.20640606043512177	4	0.07169760055824934	0.10057613829440239	0.0014884080938835453	unsupported	True	0.05	0.07142857142857142	0.1529910735607323	4.5730537723406255e-118
gata5	23-7393080-7393580	18	0.1733206092573867	0.2497149385839587	4	0.076394329326572	0.12264024542566257	0.0023395840785269888	unsupported	True	0.065	0.08666666666666667	0.1467927444970382	9.001715092411732e-109
gata5	23-7440702-7441202	19	0.08456079505037434	0.12519495999755015	1	0.04063416494717581	0.06471826592845667	0.00032923428708176404	unsupported	True	0.275	0.2947368421052632	0.1467624535449376	9.971552649463085e-109
sp8b	16-19446427-19446927	0	0.3946066144211088	0.5288539971742398	2	0.13424738275313097	0.25023145552325987	0.017765748953909127	core_concordant	True	0.005	0.04	0.3982113307090327	0.0
sp8b	16-19444028-19444528	1	0.39090016271867845	0.5488294208925997	1	0.15792925817392123	0.2165431414332718	0.018769141682164453	core_concordant	True	0.005	0.04	0.3726351548833089	0.0
sp8b	16-19442324-19442824	2	0.3477486112137368	0.48665205404273054	1	0.13890344282899375	0.1530568499290219	0.010346282723613395	regional_candidate	True	0.01	0.04	0.3621365293085757	0.0
sp8b	16-19445891-19446391	3	0.32435797949248996	0.42828216616926496	1	0.103924186676775	0.13321061750110685	0.005929054827907398	regional_candidate	True	0.01	0.04	0.3369235994505387	0.0
sp8b	16-19483333-19483833	4	0.280297895135968	0.3236237896315708	1	0.04332589449560281	0.0703757250875865	0.0009867584620847593	unsupported	True	0.045	0.09999999999999999	0.3016016243287169	0.0
sp8b	16-19482748-19483248	5	0.2378503500872796	0.28076100345367966	4	0.04291065336640007	0.02215462395834983	0.0002669108916475565	unsupported	True	0.07	0.1272727272727273	0.2586372393083233	0.0
sp8b	16-19517742-19518242	6	0.24013526697552556	0.2851278732430955	2	0.04499260626756996	0.10049045322647182	0.0012891564645626467	unsupported	True	0.04	0.09999999999999999	0.2330601402860654	3.329307939277743e-275
sp8b	16-19462308-19462808	7	0.28146508601348813	0.39642295488850504	0	0.11495786887501691	0.19478980271705415	0.008876948825528018	regional_candidate	True	0.03	0.08571428571428572	0.229475433117555	1.195474790847034e-266
sp8b	16-19444757-19445257	8	0.21738939432909044	0.2594285580248235	0	0.04203916369573307	0.07835494149119954	0.0008545514987741038	unsupported	True	0.12	0.1846153846153846	0.2117251906843875	1.9402850796154057e-226
sp8b	16-19524553-19525053	9	0.25046728257966205	0.3959789487059219	0	0.14551166612625982	0.20909530548035155	0.012047978784136031	regional_candidate	True	0.01	0.04	0.2007513635317461	2.4087993285005877e-203
sp8b	16-19445297-19445797	10	0.16242439893261823	0.2175979174060148	0	0.05517351847339658	0.0948952257792521	0.0011392781761383481	unsupported	True	0.14	0.2	0.1862390282204177	7.734362940214602e-175
sp8b	16-19443105-19443605	11	0.13362800245252832	0.19542037252936806	1	0.06179237007683974	0.08181706283866273	0.000987980958858062	unsupported	True	0.245	0.31875	0.1707799131835823	5.593058520427244e-147
sp8b	16-19541274-19541774	12	0.1518741447993981	0.26202212022793797	0	0.11014797542853988	0.18226688459279777	0.005260442114256488	regional_candidate	True	0.085	0.1416666666666667	0.1553325615265478	1.1087955578065314e-121
sp8b	16-19533290-19533790	13	0.1643965741028828	0.40006580230294136	0	0.23566922820005856	0.3161985445452904	0.029812210253964744	regional_candidate	True	0.02	0.06666666666666667	0.1500578217499125	1.2835330837214695e-113
sp8b	16-19531782-19532282	14	0.15622610320141575	0.2928314758575129	0	0.13660537265609715	0.14191977662554486	0.0056771249859283906	regional_candidate	True	0.065	0.1272727272727273	0.1394887610688466	2.4770727358369943e-98
sp8b	16-19484069-19484569	15	0.07240058778907076	0.15529151385319873	3	0.08289092606412797	0.10889861710931177	0.0014017710291937232	unsupported	True	0.41	0.431578947368421	0.1326090251904368	5.287659082268629e-89
sp8b	16-19516829-19517329	16	0.026997573429289354	0.05765619400568976	0	0.030658620576400408	0.0806633688540346	0.00014258536024649608	unsupported	True	0.74	0.74	0.1314671739029618	1.6772167002278991e-87
sp8b	16-19457875-19458375	17	0.06098173732209331	0.14783960663410908	2	0.08685786931201578	0.12787114037403566	0.0016419975629778619	unsupported	True	0.305	0.3588235294117647	0.1251934953284839	1.7182787185968692e-79
sp8b	16-19495937-19496437	18	0.09287406174160548	0.13826714001376555	0	0.045393078272160076	0.061426638836211356	0.0003855363813214895	unsupported	True	0.375	0.4166666666666667	0.1168179277417733	2.0124814198105108e-69
sp8b	16-19456553-19457053	19	0.06956971784754253	0.18511828098849795	2	0.11554856314095542	0.16536524049723156	0.003537187527117506	unsupported	True	0.255	0.31875	0.1137519364992989	6.478007716379601e-66
zic2b	1-29847577-29848077	0	0.47526428529755765	0.5484160836146578	4	0.07315179831710011	0.17154716507084455	0.006882064450846083	core_concordant	True	0.005	0.028571428571428574	0.406066760805908	0.0
zic2b	1-29839211-29839711	1	0.3647277999852791	0.43034086704025504	4	0.06561306705497594	0.12893418707996457	0.0036405836647955144	core_concordant	True	0.005	0.028571428571428574	0.3894648643851607	0.0
zic2b	1-29857686-29858186	2	0.2460866405946487	0.31587309378092143	2	0.06978645318627275	0.05358473141524228	0.0011812037544013433	unsupported	True	0.01	0.028571428571428574	0.3656861389207192	0.0
zic2b	1-29885991-29886491	3	0.43220501515667	0.5081871992633216	4	0.07598218410665158	0.18823838524664677	0.00726848139784233	core_concordant	True	0.005	0.028571428571428574	0.3514888620308478	0.0
zic2b	1-29775386-29775886	4	0.2824643949182313	0.373166772435038	0	0.09070237751680671	0.17536257046551884	0.005935516820960279	regional_candidate	True	0.01	0.028571428571428574	0.2740652978747405	0.0
zic2b	1-29912960-29913460	5	0.11137922702755423	0.27653054594256754	2	0.1651513189150133	0.13300575299738324	0.006074290858748441	regional_candidate	True	0.065	0.13	0.2605040066909229	0.0
zic2b	1-29880473-29880973	6	0.19461085443369278	0.34109372475979405	2	0.14648287032610127	0.19781072385436083	0.009883491728149044	regional_candidate	True	0.01	0.028571428571428574	0.2477141642754246	0.0
zic2b	1-29870393-29870893	7	0.13424395484711482	0.19923911963471874	2	0.06499516478760392	0.08961545813573979	0.0011604824917428288	unsupported	True	0.155	0.23846153846153847	0.2391357028552131	4.8385589561563775e-290
zic2b	1-29844364-29844864	8	0.2853180840691325	0.40151451292752033	4	0.11619642885838782	0.21529610880458266	0.010044543619233532	regional_candidate	True	0.01	0.028571428571428574	0.2353389306346628	1.0164164502873876e-280
zic2b	1-29849859-29850359	9	0.24821435975890338	0.38842500200522406	4	0.14021064224632068	0.265564180083622	0.014462975525360576	regional_candidate	True	0.015	0.0375	0.2327572095971931	1.7824887257683962e-274
zic2b	1-29871184-29871684	10	0.08821439244844018	0.20969524151322044	1	0.12148084906478027	0.029764961273758217	0.0007582313133493172	unsupported	True	0.11	0.18333333333333335	0.2322265315280394	3.349529562995791e-273
zic2b	1-29855006-29855506	11	0.20581817386727871	0.27189768462268826	0	0.06607951075540955	0.08582146528652265	0.0015419427646150429	unsupported	True	0.04	0.08888888888888889	0.2285594186127189	1.7380827226709507e-264
zic2b	1-29834680-29835180	12	0.11181338053709809	0.1578454762955012	4	0.0460320957584031	0.06955967467881269	0.0005054176802653178	unsupported	True	0.25	0.3125	0.1983515032648777	1.798177186658531e-198
zic2b	1-29837640-29838140	13	0.14876024423646095	0.24882648238415542	0	0.10006623814769447	0.1299089898626164	0.00323462083243577	unsupported	True	0.095	0.17272727272727273	0.1926920288678799	3.137396433276837e-187
zic2b	1-29873107-29873607	14	0.06905312695139802	0.12978990600509463	2	0.06073677905369661	0.07502150377678538	0.0005913960780529943	unsupported	True	0.375	0.39473684210526316	0.1760028111310632	4.1874967630639597e-156
zic2b	1-29740483-29740983	15	0.09750746752901118	0.13425381457204105	3	0.03674634704302987	0.04624690554867583	0.00022815158240078624	unsupported	True	0.34	0.39473684210526316	0.1570377186255507	2.3761586597132727e-124
zic2b	1-29856547-29857047	16	0.08476521812654732	0.19402082198433462	2	0.1092556038577873	0.12672055936631926	0.0026862049384854605	unsupported	True	0.19	0.2714285714285714	0.1394859242424823	2.4996902169538223e-98
zic2b	1-29814803-29815303	17	0.03721683482684885	0.13701184895898733	3	0.09979501413213848	0.1250657365298633	0.0017100362474988084	unsupported	True	0.36	0.39473684210526316	0.1387788663999924	2.394213812912294e-97
zic2b	1-29926705-29927205	18	0.05821439897013619	0.1146623192401608	2	0.05644792027002462	0.035871264585987064	0.00023217494689981374	unsupported	True	0.46	0.4600000000000001	0.1384385229657961	7.07395726954636e-97
zic2b	1-29853534-29854034	19	0.09999054381195142	0.15767073833799583	3	0.05768019452604441	0.0609224423041507	0.0005540578635372317	unsupported	True	0.21	0.28	0.1347749280817172	6.897830032992204e-92
fn1a	9-15469944-15470444	0	0.3517861619849916	0.5029421106809531	5	0.1511559486959615	0.08313198378596176	0.006319917188660896	core_concordant	True	0.005	0.03333333333333333	0.3756666033036035	0.0
fn1a	9-15403379-15403879	1	0.3092925761103239	0.38681828001146135	1	0.07752570390113744	0.2753906692955068	0.00825851437717757	regional_candidate	True	0.01	0.04	0.3070141121098441	0.0
fn1a	9-15472374-15472874	2	0.257517846930548	0.35764909559119723	4	0.10013124866064921	0.08128072960327942	0.0029108133390260515	unsupported	True	0.015	0.049999999999999996	0.295166102402017	0.0
fn1a	9-15461599-15462099	3	0.23739111805883442	0.350022678627983	5	0.11263156056914855	0.03669218885767578	0.0014465381960399415	unsupported	True	0.01	0.04	0.2745835036753148	0.0
fn1a	9-15393146-15393646	4	0.20157517794378638	0.23072869277038774	1	0.029153514826601362	0.09899601430194502	0.0006659018741881008	unsupported	True	0.14	0.15555555555555556	0.2702635735680144	0.0
fn1a	9-15505590-15506090	5	0.21873272650593914	0.2874103069391026	3	0.06867758043316344	0.07727445173276107	0.0015252929295317722	unsupported	True	0.04	0.08888888888888889	0.25543812372325	0.0
fn1a	9-15360694-15361194	6	0.20183721510044547	0.2438226842993119	1	0.04198546919886642	0.09273153260086506	0.0009492936081555697	unsupported	True	0.12	0.1411764705882353	0.2528782775726043	0.0
fn1a	9-15500365-15500865	7	0.23434432902467742	0.3027540368652784	4	0.06840970784060099	0.07994140488238954	0.0016556916348107302	unsupported	True	0.025	0.0625	0.2479465193491513	0.0
fn1a	9-15421880-15422380	8	0.20982731893261689	0.24758065210084323	3	0.03775333316822635	0.04977985836169557	0.00046529207948014297	unsupported	True	0.12	0.1411764705882353	0.2424330471574701	2.8378083538923083e-298
fn1a	9-15452765-15453265	9	0.15844077076474117	0.2687385507220361	5	0.11029777995729495	0.05741137749838243	0.001701745885078239	unsupported	True	0.075	0.11999999999999998	0.2316289568476878	9.029483761618727e-272
fn1a	9-15359916-15360416	10	0.1744317733637226	0.27445463996144204	3	0.10002286659771945	0.050906409725617635	0.0013974695159755125	unsupported	True	0.07	0.11999999999999998	0.2307240387580158	1.3012674697052429e-269
fn1a	9-15463274-15463774	11	0.1807779717081294	0.36820560309746103	0	0.18742763138933163	0.191755327864793	0.013233400288225484	regional_candidate	True	0.025	0.0625	0.2219540996683341	3.55534581557999e-249
fn1a	9-15460705-15461205	12	0.14196010779751217	0.24727667701215092	5	0.10531656921463875	0.09556586800690733	0.0024887579927138407	unsupported	True	0.09	0.11999999999999998	0.2187818108561249	5.348685952486807e-242
fn1a	9-15473371-15473871	13	0.2488643715562069	0.43002829892973626	5	0.18116392737352938	0.3268337824537404	0.025462186993438312	regional_candidate	True	0.005	0.03333333333333333	0.2167983627822479	1.4393642803426264e-237
fn1a	9-15454004-15454504	14	0.1387443985599029	0.12786746873117044	5	-0.010876929828732451	0.04058642508134355	0.0	unsupported	True	0.445	0.445	0.2073781225130013	3.943473934466204e-217
fn1a	9-15442435-15442935	15	0.20738182161117172	0.38949610812537866	5	0.18211428651420694	0.26050126119755534	0.018478085379338538	regional_candidate	True	0.005	0.03333333333333333	0.2009408384514645	9.871053549859029e-204
fn1a	9-15444340-15444840	16	0.10843884708945943	0.14644214977750458	3	0.03800330268804515	0.036950894018376604	0.0002056422689386091	unsupported	True	0.245	0.2578947368421053	0.197266210268531	2.7402744024091368e-196
fn1a	9-15432872-15433372	17	0.16359665650983746	0.26430446306811245	0	0.10070780655827499	0.06391617032021862	0.0017012901168979445	unsupported	True	0.055	0.11000000000000001	0.1855087818873536	1.82928344451709e-173
fn1a	9-15384964-15385464	18	0.16791731300598411	0.258368140995671	3	0.0904508279896869	0.09870753963961124	0.0023067569304129217	unsupported	True	0.09	0.11999999999999998	0.1843234916671873	3.019692600554791e-171
fn1a	9-15412092-15412592	19	0.18747427323922813	0.27122351948494733	1	0.0837492462457192	0.1542504730086826	0.003503763295041687	unsupported	True	0.085	0.11999999999999998	0.1818594071099775	1.1008601733973923e-166
fezf2	11-20061606-20062106	0	0.47809244100041626	0.5527157234605904	3	0.07462328246017413	0.14180997485107122	0.005849017865406985	core_concordant	True	0.005	0.014285714285714287	0.2572568247354106	0.0
fezf2	11-20019724-20020224	1	0.4968287914342691	0.5553627013529511	0	0.05853390991868196	0.14311106060194634	0.004652190005753905	core_concordant	True	0.005	0.014285714285714287	0.250103382524771	0.0
fezf2	11-20017781-20018281	2	0.45560792982836795	0.5545572681027233	0	0.09894933827435537	0.17089164529923867	0.009377350020503297	core_concordant	True	0.005	0.014285714285714287	0.2450310582366483	7.548786073394286e-305
fezf2	11-20029935-20030435	3	0.5925489472618485	0.7346503253569759	0	0.14210137809512746	0.27530249735331125	0.02874015566195041	core_concordant	True	0.005	0.014285714285714287	0.2351703085419835	2.613558363807871e-280
fezf2	11-20063699-20064199	4	0.3582544852050377	0.3625925372849603	0	0.004338052079922605	0.07399219555493641	0.00011638567701421024	core_concordant	True	0.005	0.014285714285714287	0.2332743042495796	1.0152312191616436e-275
fezf2	11-20030808-20031308	5	0.41854642484965493	0.4452321486067149	0	0.026685723757059965	0.1422663637165527	0.0016903153402644886	core_concordant	True	0.005	0.014285714285714287	0.2288306189027118	3.9885902357060807e-265
fezf2	11-20000375-20000875	6	0.25294064540565414	0.2672118851315635	4	0.01427123972590938	0.09720626906362145	0.0003706907481240701	unsupported	True	0.02	0.03076923076923077	0.2042417838683625	1.5172934379377032e-210
fezf2	11-19989181-19989681	7	0.37664132930076855	0.5412282102997473	0	0.16458688099897878	0.31258979810973875	0.02784520633207058	core_concordant	True	0.005	0.014285714285714287	0.1950226970195772	8.118444797520512e-192
fezf2	11-19973203-19973703	8	0.26299193863284615	0.3537699177617097	0	0.09077797912886354	0.14210320605245327	0.004563575998611895	unsupported	True	0.01	0.022222222222222223	0.1929539318529504	9.639701770132736e-188
fezf2	11-20067444-20067944	9	0.20124712140296017	0.24617430394611742	3	0.04492718254315725	0.13442148506287194	0.0014866905875577053	unsupported	True	0.065	0.08125	0.1763834969286332	8.81875546378834e-157
fezf2	11-19983778-19984278	10	0.21539313614929748	0.3932236878134149	0	0.1778305516641174	0.2786189540002405	0.019483039233176135	regional_candidate	True	0.015	0.024999999999999998	0.167625168062276	1.3153165649520334e-141
fezf2	11-19958916-19959416	11	0.2451698323481884	0.3317617436933184	0	0.08659191134513	0.1292595258368514	0.0037133525991957703	unsupported	True	0.015	0.024999999999999998	0.1661641104536151	3.722972723892929e-139
fezf2	11-20013185-20013685	12	0.2249468651888113	0.2701572247083354	0	0.045210359519524124	0.1223991694537439	0.0014949718591040684	unsupported	True	0.025	0.03333333333333333	0.1491617027255384	2.814808283162209e-112
fezf2	11-20028217-20028717	13	0.19549536793274366	0.25489801394970524	3	0.059402646016961574	0.07804354335215699	0.0011817054031994924	unsupported	True	0.025	0.03333333333333333	0.1358001314931382	2.86106625984618e-93
fezf2	11-20022917-20023417	14	0.11452709288335287	0.16043155245088295	0	0.04590445956753007	0.13872206183544583	0.0010216219138808698	unsupported	True	0.18	0.1894736842105263	0.1335832295292802	2.702600440326627e-90
fezf2	11-20153160-20153660	15	0.10402940159332416	0.1734734585452031	0	0.06944405695187894	0.14497619898828568	0.0017464848828883026	unsupported	True	0.09	0.09999999999999999	0.1296404593169872	3.968095191342538e-85
fezf2	11-20049690-20050190	16	0.19100077816077207	0.3051540191380988	0	0.11415324097732674	0.23312878167826823	0.008120882647903215	regional_candidate	True	0.01	0.022222222222222223	0.1182419881838617	4.386415748245952e-71
fezf2	11-20007031-20007531	17	0.22537986262712972	0.34877709848130933	3	0.12339723585417961	0.2189491280320766	0.009423161009758938	regional_candidate	True	0.015	0.024999999999999998	0.1104817574378819	2.805278425764652e-62
fezf2	11-19962406-19962906	18	0.10692794186844687	0.13670499836793717	0	0.029777056499490306	0.10773508238731674	0.00043855423286763556	unsupported	True	0.225	0.225	0.1056494224553259	4.209372188830325e-57
fezf2	11-20048184-20048684	19	0.12364530173763479	0.20423984423034613	0	0.08059454249271135	0.14265543823900284	0.0023481965039341478	unsupported	True	0.085	0.09999999999999999	0.0960266757197297	1.7110459114983194e-47
lft1	20-35072776-35073276	0	0.49955537341957384	0.6869874994121884	3	0.18743212599261455	0.5422869430102792	0.06982677972369365	core_concordant	True	0.005	0.06666666666666667	0.1704601410888681	1.9811744584520841e-146
lft1	20-35073655-35074155	1	0.17362174875341824	0.3108638176384682	3	0.13724206888504997	0.19146673061290398	0.008168658758704683	regional_candidate	True	0.03	0.12	0.1308212519001808	1.1693271251681065e-86
lft1	20-35147532-35148032	2	0.12802514621974578	0.18936380660964713	0	0.06133866038990135	0.13889666546719115	0.0016133295252083488	unsupported	True	0.09	0.2222222222222222	0.0997721083746157	4.012675664692553e-51
lft1	20-35078667-35079167	3	0.23109356740494097	0.3561972721901072	3	0.12510370478516625	0.2997398090265718	0.013356884989944404	regional_candidate	True	0.01	0.06666666666666667	0.0997467681192959	4.2507323056126996e-51
lft1	20-35119575-35120075	4	0.05939348362240185	0.12571115826977963	5	0.06631767464737778	0.08428946335008963	0.000702710441078862	unsupported	True	0.145	0.2636363636363636	0.0995271039583511	7.00110148041589e-51
lft1	20-35152652-35153152	5	0.07650723213099077	0.06915932011559825	3	-0.007347912015392519	0.015663374151139907	0.0	unsupported	True	0.42	0.56	0.0839027220699372	1.056586238786698e-36
lft1	20-35151912-35152412	6	0.18178843952971227	0.34329535182008586	0	0.1615069122903736	0.3061934263584299	0.01697676355819653	regional_candidate	True	0.015	0.075	0.0837595267680395	1.3887589778465307e-36
lft1	20-35055052-35055552	7	0.04448009835610803	0.12503013407684088	0	0.08055003572073285	0.11043771119368288	0.001112238263258949	unsupported	True	0.2	0.3333333333333333	0.0800633212785608	1.3704627065276725e-33
lft1	20-34999658-35000158	8	0.024320501367744655	0.03795706254707299	0	0.013636561179328335	0.029989514778336494	1.552268697768689e-05	unsupported	True	0.645	0.67	0.0780487008954734	5.152272481976458e-32
lft1	20-35056097-35056597	9	0.22788826400349846	0.377007968023747	0	0.14911970402024852	0.3630809937796219	0.020412165342546053	regional_candidate	True	0.01	0.06666666666666667	0.0739768081422864	5.933823802871139e-29
lft1	20-35090722-35091222	10	0.07946202860010382	0.16338185448405151	0	0.0839198258839477	0.13431779607455419	0.001841628183239616	unsupported	True	0.06	0.17142857142857143	0.0695695454643085	7.995632428399002e-26
lft1	20-35030290-35030790	11	0.08849029237884266	0.1993205684960567	3	0.11083027611721404	0.16691213036358954	0.003687214751766514	unsupported	True	0.1	0.2222222222222222	0.0667154778286131	6.725256003642907e-24
lft1	20-34981738-34982238	12	0.04365750333988619	0.09640279123494967	3	0.052745287895063483	0.0891419667320152	0.0004532684464461861	unsupported	True	0.3	0.46153846153846156	0.0661754262444754	1.523870087369468e-23
lft1	20-34997696-34998196	13	0.027161871936778863	0.07139420262887054	5	0.044232330692091676	0.07716219314151233	0.0002436729573822844	unsupported	True	0.375	0.5357142857142857	0.0646840155346286	1.4097542069564785e-22
lft1	20-34977928-34978428	14	0.10549294058443329	0.16018166643314044	0	0.054688725848707154	0.15874027042106797	0.0013905856022078636	unsupported	True	0.135	0.2636363636363636	0.0639541699236699	4.111810875300478e-22
lft1	20-35021401-35021901	15	0.025140796733335257	0.03581968695324138	3	0.010678890219906121	0.016842128250873927	6.442358345725435e-06	unsupported	True	0.65	0.67	0.0624155866550398	3.77571817199246e-21
lft1	20-35064783-35065283	16	-0.0018045815175915336	0.05148934582434588	5	0.053293927341937414	0.044776211485059225	0.00012286903425781203	unsupported	True	0.575	0.67	0.0622028847069005	5.108635395434449e-21
lft1	20-35155343-35155843	17	0.017272347801026402	0.037374701552830646	4	0.020102353751804244	0.04813339116542566	3.616355403516405e-05	unsupported	True	0.67	0.67	0.0621574608570555	5.448647645233501e-21
lft1	20-35104823-35105323	18	0.05800866277916606	0.1792920939561394	3	0.12128343117697335	0.1628804058479942	0.003541860541067653	unsupported	True	0.06	0.17142857142857143	0.0611660762060722	2.19797051559799e-20
lft1	20-35043834-35044334	19	0.014024150830829054	0.04067035749866262	2	0.02664620666783357	0.02150048947843703	2.330031160307151e-05	unsupported	True	0.57	0.67	0.0607855238945391	3.7324123208571375e-20
msx3	13-24650261-24650761	0	0.40822337170567946	0.5922969475198235	4	0.18407357581414407	0.2981387037654655	0.032504935034827945	core_concordant	True	0.005	0.02	0.2142161671640529	7.229565977326304e-232
msx3	13-24627872-24628372	1	0.1589184319779957	0.3349842082144549	1	0.1760657762364592	0.19524547615393426	0.011515432656608033	regional_candidate	True	0.005	0.02	0.2068879221255422	4.2886046171405855e-216
msx3	13-24632217-24632717	2	0.31894631516677674	0.38330584511169313	4	0.0643595299449164	0.13927399979948993	0.0034358037845713912	unsupported	True	0.005	0.02	0.2019528406662024	8.285686923474042e-206
msx3	13-24622613-24623113	3	0.05172243149625809	0.1505050489949676	1	0.09878261749870952	0.1219886890342963	0.0018136403244277451	unsupported	True	0.23	0.2555555555555556	0.1233961802344738	2.8568342681842632e-77
msx3	13-24649615-24650115	4	0.10483212593246435	0.19196263029404195	2	0.0871305043615776	0.13304676125869133	0.0022253136253784717	unsupported	True	0.095	0.22000000000000003	0.1130799824924448	3.693979350834361e-65
msx3	13-24646942-24647442	5	0.14855622125150791	0.1717721512694583	0	0.023215930017950387	0.08644689009398294	0.00034473725165963125	unsupported	True	0.15	0.22000000000000003	0.1083952395589326	5.1504108124971e-60
msx3	13-24651575-24652075	6	0.032462209972658	0.1625986273009464	1	0.1301364173282884	0.1630536890051076	0.0034502165190686248	unsupported	True	0.165	0.22000000000000003	0.0938947957910311	1.7248112389541256e-45
msx3	13-24618828-24619328	7	0.08460985968927667	0.20997881321754258	4	0.1253689535282659	0.17494225305038802	0.00460532403504387	unsupported	True	0.09	0.22000000000000003	0.0885136480146872	1.236847516806728e-40
msx3	13-24625915-24626415	8	0.2197504200543798	0.3523692908256823	4	0.1326188707713025	0.2461611709955125	0.011503312743540047	regional_candidate	True	0.005	0.02	0.0873448515350225	1.2849281322195729e-39
msx3	13-24594520-24595020	9	0.03893092095311211	0.1985744235223601	0	0.15964350256924797	0.14502210823254086	0.004597362746963135	unsupported	True	0.13	0.22000000000000003	0.0850738395095147	1.1099779532813693e-37
msx3	13-24750025-24750525	10	0.028466961593273277	0.1428651921604672	1	0.11439823056719392	0.14960169014299002	0.002445018991737356	unsupported	True	0.21	0.24705882352941178	0.0850547282891534	1.1518419777368605e-37
msx3	13-24586452-24586952	11	-0.0008310610028761131	0.04075902056109694	1	0.04159008156397305	0.048332986966947135	8.193267734726137e-05	unsupported	True	0.75	0.75	0.0837130922739162	1.5173356981829146e-36
msx3	13-24655422-24655922	12	0.05009107478585225	0.19975306455503414	2	0.14966198976918188	0.1945702247599531	0.005816762694863965	unsupported	True	0.1	0.22000000000000003	0.0835121986731538	2.2243641075148527e-36
msx3	13-24638107-24638607	13	0.05844807480140098	0.22393867772916778	2	0.1654906029277668	0.2065539041429999	0.007654835387315817	regional_candidate	True	0.035	0.11666666666666668	0.0833045555093936	3.299827900211596e-36
msx3	13-24690751-24691251	14	0.05690704693653536	0.17737063625955396	1	0.1204635893230186	0.12171114303371669	0.0026005659039407174	unsupported	True	0.11	0.22000000000000003	0.0802148353415657	1.0394042763682605e-33
msx3	13-24696336-24696836	15	0.09070116048782255	0.18894937755634056	0	0.09824821706851801	0.12300389595379733	0.0022834368779677925	unsupported	True	0.165	0.22000000000000003	0.0767725333885759	4.886960835360593e-31
msx3	13-24588251-24588751	16	0.0502171227264882	0.14425714527038283	4	0.09404002254389462	0.10280139928507807	0.0013945981485005124	unsupported	True	0.16	0.22000000000000003	0.0653767660446039	5.047313940632593e-23
msx3	13-24650763-24651263	17	0.1695917641895447	0.32757294225331296	4	0.15798117806376827	0.2512087395050495	0.013000142533457652	regional_candidate	True	0.005	0.02	0.0603433886028245	6.87696999863408e-20
msx3	13-24755132-24755632	18	0.044191273968954135	0.15338565473796803	1	0.10919438076901389	0.1478192312194591	0.0024758023655413867	unsupported	True	0.18	0.22499999999999998	0.0546642347119755	1.194414785911755e-16
msx3	13-24567004-24567504	19	0.023052573592524397	0.05306325540058641	4	0.03001068180806201	0.03108286046590498	4.94983510275483e-05	unsupported	True	0.735	0.75	0.051905754918159	3.448570001971725e-15
csrp1a	23-5783195-5783695	0	0.45754676387031146	0.6895766197672606	0	0.23202985589694913	0.5500087729841344	0.08800270374117486	core_concordant	True	0.005	0.03333333333333333	0.1579917927393005	7.399666831543492e-126
csrp1a	23-5781765-5782265	1	0.4104804967092035	0.5526866641681359	0	0.14220616745893244	0.499388099146762	0.03924963353417294	core_concordant	True	0.005	0.03333333333333333	0.1340316075944718	6.824965557685893e-91
csrp1a	23-5722104-5722604	2	0.26608439087220975	0.4919982588586085	0	0.22591386798639873	0.45398342840556816	0.050459908364444035	regional_candidate	True	0.005	0.03333333333333333	0.122140240016327	9.732082147665343e-76
csrp1a	23-5777721-5778221	3	0.1826851003260717	0.29277192395927537	5	0.11008682363320368	0.23830942482148684	0.007680791679987637	regional_candidate	True	0.01	0.05	0.1116183805688974	1.5713223507958425e-63
csrp1a	23-5780661-5781161	4	0.21476370459908306	0.2913922383005915	0	0.07662853370150846	0.1926799118380824	0.004302342035175269	unsupported	True	0.015	0.06	0.1102157442978317	5.483290096648301e-62
csrp1a	23-5803787-5804287	5	0.036745286484790245	0.0781989125979648	4	0.04145362611317455	0.0462973623996471	0.0001500788487486221	unsupported	True	0.46	0.7076923076923077	0.0991455670996163	1.661158417158573e-50
csrp1a	23-5754490-5754990	6	0.0496968201488045	0.14715430790082323	0	0.09745748775201873	0.09254386938092327	0.0013271983907679544	unsupported	True	0.245	0.49000000000000005	0.0963139826631573	9.115679508817571e-48
csrp1a	23-5751062-5751562	7	0.11439297849975477	0.17720062937029463	5	0.06280765087053986	0.12230920737164774	0.0013612470826812305	unsupported	True	0.13	0.2888888888888889	0.0873401668254981	1.2969584614361179e-39
csrp1a	23-5850569-5851069	8	0.07859006915903366	0.2069630585324404	0	0.12837298937340674	0.13229289171381642	0.003514819263495464	unsupported	True	0.045	0.12857142857142856	0.077484066480447	1.4004509571265046e-31
csrp1a	23-5770892-5771392	9	0.06917411735663406	0.11699704388858656	0	0.0478229265319525	0.10118631934294807	0.0005661517274695091	unsupported	True	0.285	0.5181818181818181	0.0701594639657036	3.126285332137825e-26
csrp1a	23-5751896-5752396	10	0.11636487732773847	0.26377693509039374	0	0.14741205776265526	0.2501434616799798	0.00972655354773211	regional_candidate	True	0.04	0.12857142857142856	0.0598073152037182	1.4342883361403506e-19
csrp1a	23-5721356-5721856	11	-0.020656340125338495	0.020365231168345987	2	0.041021571293684486	0.04225282878469094	3.5298595507245254e-05	unsupported	True	0.875	0.9200000000000002	0.058322044392761	1.0629203098149622e-18
csrp1a	23-5736080-5736580	12	0.10399453348946625	0.15715399858773918	5	0.053159465098272934	0.13705008225672513	0.0011449468812242498	unsupported	True	0.105	0.2625	0.0504077163210854	1.9946568901698508e-14
csrp1a	23-5756058-5756558	13	-0.0054829297798111186	0.026281641989838338	3	0.031764571769649454	0.020316177942606123	1.6960455347778076e-05	unsupported	True	0.8	0.8888888888888888	0.0470597815751639	8.411681676086873e-13
csrp1a	23-5847847-5848347	14	-0.035143637300720204	0.03882491475238035	1	0.07396855205310054	0.06467583064909796	0.0001857375203986287	unsupported	True	0.67	0.84375	0.0455645937564965	4.127215072087453e-12
csrp1a	23-5767062-5767562	15	0.0013653748171860878	0.013486310344904835	1	0.012120935527718747	0.012519297136680868	2.0464881666853588e-06	unsupported	True	0.92	0.9200000000000002	0.0442231639228015	1.6484054333153094e-11
csrp1a	23-5868572-5869072	16	-0.01597169431032352	0.02772438380592026	1	0.04369607811624378	0.05521542149800991	6.689054792109351e-05	unsupported	True	0.72	0.8470588235294116	0.0361474917994897	2.970288915644053e-08
csrp1a	23-5857059-5857559	17	-0.00565054851290893	0.04560172907295841	1	0.05125227758586734	0.06287731671792912	0.00014695639159720478	unsupported	True	0.625	0.84375	0.0324530416009817	5.68643210157339e-07
csrp1a	23-5793521-5794021	18	0.008819850433321761	0.06562676169027304	3	0.05680691125695128	0.0733517309478745	0.000273459186637791	unsupported	True	0.43	0.7076923076923077	0.0314416831100905	1.211317130816688e-06
csrp1a	23-5747895-5748395	19	0.021187478517482785	0.04338349952913317	5	0.022196021011650382	0.036548565966722	3.5194115113246486e-05	unsupported	True	0.675	0.84375	0.0303311670957352	2.7086768413695166e-06
unc5b	13-29139625-29140125	0	0.35266187257514725	0.3707868304406163	4	0.018124957865469027	0.050352415838049946	0.00033839319305710674	core_concordant	True	0.005	0.016666666666666666	0.3265620995437101	0.0
unc5b	13-29176419-29176919	1	0.23151826654987231	0.3948164340146152	1	0.16329816746474288	0.3660641391222837	0.02360118008720916	regional_candidate	True	0.005	0.016666666666666666	0.2866089783254359	0.0
unc5b	13-29163789-29164289	2	0.2833138227047917	0.3395504662566575	0	0.056236643551865806	0.13971843062716946	0.0026679483779791266	unsupported	True	0.005	0.016666666666666666	0.2523812262022517	0.0
unc5b	13-29160008-29160508	3	0.24169365782778182	0.38987720531987147	1	0.14818354749208965	0.2601511752797548	0.015029814624354225	regional_candidate	True	0.005	0.016666666666666666	0.2464994000039626	1.3392048197507176e-308
unc5b	13-29138985-29139485	4	0.2327426261634535	0.29658472428181604	4	0.06384209811836253	0.126180336749573	0.002389173077176605	unsupported	True	0.025	0.0625	0.2400929167979102	2.0327133220056583e-292
unc5b	13-29131829-29132329	5	0.15668251455781101	0.16492348995703837	2	0.008240975399227357	0.04708619509127239	6.399628027496551e-05	unsupported	True	0.305	0.36315789473684207	0.2366960677359792	4.942966962954513e-284
unc5b	13-29092602-29093102	6	0.21943493799506145	0.27077543383511493	1	0.051340495840053485	0.1272919417017972	0.0017695801184721438	unsupported	True	0.015	0.04285714285714286	0.2213029459494576	1.0799559446002187e-247
unc5b	13-29102274-29102774	7	0.17222443353954256	0.20314013448426876	4	0.030915700944726204	0.13538143351244394	0.0008502251386633592	unsupported	True	0.19	0.34285714285714286	0.1994015419284544	1.3504274744237828e-200
unc5b	13-29148142-29148642	8	0.21855825881147242	0.4900817791522115	1	0.2715235203407391	0.496852168643174	0.06611548704444307	regional_candidate	True	0.005	0.016666666666666666	0.1929371985841198	1.0395144522689072e-187
unc5b	13-29216576-29217076	9	0.18863355251995792	0.33241732765665266	1	0.14378377513669474	0.21839222965288876	0.01043832268161868	regional_candidate	True	0.005	0.016666666666666666	0.1760035453095271	4.174949339285397e-156
unc5b	13-29130460-29130960	10	0.0807414728918294	0.11009613337036796	1	0.02935466047853856	0.052953231003904186	0.00017113608493911836	unsupported	True	0.455	0.45499999999999996	0.1665607590729283	8.081558174678114e-140
unc5b	13-29160596-29161096	11	0.11291223634457968	0.1350672126411582	1	0.02215497629657852	0.059057185928281616	0.0001767233665708802	unsupported	True	0.345	0.36315789473684207	0.1453160851909253	1.2868368992965251e-106
unc5b	13-29056924-29057424	12	0.09705978137094014	0.1691041456623475	1	0.07204436429140736	0.10826690789056378	0.0013190158117252645	unsupported	True	0.23	0.34285714285714286	0.1434631077842131	6.052618177107078e-104
unc5b	13-29137289-29137789	13	0.08862890244582833	0.17404763987905975	3	0.08541873743323142	0.12317348247175139	0.0018312114988628032	unsupported	True	0.305	0.36315789473684207	0.14167651952924	2.1131082947126806e-101
unc5b	13-29032632-29033132	14	0.08167775872990939	0.19655651490553974	3	0.11487875617563036	0.25326762056698576	0.005718825408842548	unsupported	True	0.22	0.34285714285714286	0.1413841283111319	5.469617402988767e-101
unc5b	13-29146395-29146895	15	0.11112226233387987	0.17823961538159439	1	0.06711735304771452	0.10155840802098266	0.0012149403095269504	unsupported	True	0.24	0.34285714285714286	0.141375360723458	5.627668232277785e-101
unc5b	13-29110781-29111281	16	0.14303862996776692	0.24339713317936998	1	0.10035850321160306	0.18578120288420763	0.004538072235754093	unsupported	True	0.065	0.14444444444444446	0.1361256731694609	1.0360201318829046e-93
unc5b	13-29173659-29174159	17	0.10783560872282688	0.14573482446261268	2	0.0378992157397858	0.06334990272775047	0.00034989643503186837	unsupported	True	0.32	0.36315789473684207	0.1355307452827422	6.618557593766675e-93
unc5b	13-29191002-29191502	18	0.10960072351011643	0.21267759717313778	2	0.10307687366302135	0.16491888362449483	0.003615375154749803	unsupported	True	0.085	0.17	0.1338702291418336	1.120607571563369e-90
unc5b	13-29177851-29178351	19	0.12940284720455295	0.16363644637620964	0	0.03423359917165669	0.06984666756606858	0.0003912715685375649	unsupported	True	0.345	0.36315789473684207	0.1271363349286913	6.272130957774187e-82
nop58	6-9726631-9727131	0	0.39799891449885344	0.5616770635006672	4	0.1636781490018137	0.17531426954549606	0.016117388004611308	core_concordant	True	0.005	0.05	0.400344013477552	0.0
nop58	6-9611508-9612008	1	0.18055884984059187	0.23596093795146442	5	0.05540208811087255	0.04434668944683026	0.0005797322387778275	unsupported	True	0.05	0.2	0.2722343384256525	0.0
nop58	6-9713208-9713708	2	0.22858825656994716	0.32237770562349194	5	0.09378944905354478	0.1349975965569477	0.004081737029063775	unsupported	True	0.07	0.23333333333333336	0.2562159984897337	0.0
nop58	6-9759599-9760099	3	0.09343840216905004	0.1338048345390103	4	0.04036643236996025	0.0457397374063743	0.00024705055847683126	unsupported	True	0.41	0.6277777777777778	0.2163509680618024	1.4167235897879027e-236
nop58	6-9649705-9650205	4	0.10092045673663975	0.14430858325856985	3	0.043388126521930095	0.03689962008358871	0.0002310388188695264	unsupported	True	0.27	0.6000000000000001	0.192969194528749	8.998574205867141e-188
nop58	6-9747587-9748087	5	0.15243549662365607	0.17922111685903824	4	0.026785620235382168	0.0394485768500934	0.00018937481724745904	unsupported	True	0.16	0.4571428571428572	0.1874026261569889	4.8679770803279345e-177
nop58	6-9682920-9683420	6	0.10264600925410051	0.2574844352635069	2	0.1548384260094064	0.18264757102519397	0.0072818818869142005	regional_candidate	True	0.05	0.2	0.1745318137725426	1.6657591554208985e-153
nop58	6-9636441-9636941	7	0.0971177001397045	0.15249801272013613	2	0.055380312580431634	0.05738680241953198	0.00048465379026547625	unsupported	True	0.255	0.6000000000000001	0.1661176863978357	4.450667375745453e-139
nop58	6-9596989-9597489	8	0.08154911076063183	0.11987837732888726	2	0.03832926656825543	0.03882217556206949	0.00017838208426745574	unsupported	True	0.345	0.6277777777777778	0.1613938772721161	2.6228465193366694e-131
nop58	6-9730209-9730709	9	0.05669534970000075	0.089700989977705	3	0.033005640277704244	0.03317016624570458	9.820487481278703e-05	unsupported	True	0.515	0.6277777777777778	0.1288406125950229	4.23936150136878e-84
nop58	6-9727233-9727733	10	0.09759611001435109	0.36286751186149546	2	0.2652714018471444	0.34640414685822407	0.03334429976972486	regional_candidate	True	0.02	0.13333333333333333	0.1252841905418412	1.3248170995704436e-79
nop58	6-9769734-9770234	11	0.032224027296718714	0.05908143680659555	5	0.026857409509876834	0.04833876839009603	7.670271744137699e-05	unsupported	True	0.68	0.68	0.1189244758031102	6.894071754031531e-72
nop58	6-9660701-9661201	12	0.04700670474323046	0.08543567535660579	3	0.03842897061337533	0.03803556878878934	0.00012487857181653572	unsupported	True	0.565	0.6277777777777778	0.1141811852035696	2.118748762055046e-66
nop58	6-9638301-9638801	13	0.05422961874119896	0.11669176303812939	2	0.062462144296930436	0.05946875137281079	0.0004334568900502324	unsupported	True	0.485	0.6277777777777778	0.1126147090613238	1.2255329091034338e-64
nop58	6-9726117-9726617	14	0.05622041684882465	0.0995912831010754	4	0.04337086625225075	0.04802648392726855	0.00020744368414669923	unsupported	True	0.52	0.6277777777777778	0.1106980786790874	1.6246358654098209e-62
nop58	6-9763204-9763704	15	0.026727514948551846	0.10651249634197751	0	0.07978498139342567	0.037721398991505964	0.00032056012793026215	unsupported	True	0.495	0.6277777777777778	0.1104999016951779	2.6797664632507314e-62
nop58	6-9711321-9711821	16	0.11925268875193318	0.455973435779326	2	0.3367207470273928	0.4725126148171835	0.07254756259731106	regional_candidate	True	0.005	0.05	0.1103061193694765	4.367521386001646e-62
nop58	6-9725223-9725723	17	0.04755914087702167	0.08379112134435532	1	0.03623198046733365	0.04829787813013112	0.00014662841070852382	unsupported	True	0.6	0.631578947368421	0.0980826803483137	1.811701529034397e-49
nop58	6-9705206-9705706	18	0.054416391741628906	0.11573792032028833	2	0.061321528578659426	0.08109839177892471	0.0005755736299830916	unsupported	True	0.395	0.6277777777777778	0.0979120807799007	2.652082767173522e-49
nop58	6-9699538-9700038	19	0.055091576229406386	0.09316903634654547	1	0.038077460117139084	0.040708055906922676	0.0001444175382712363	unsupported	True	0.56	0.6277777777777778	0.097517983607969	6.379579691754698e-49
hdlbpa	6-26889381-26889881	0	0.17621093942683216	0.3023389305034181	2	0.12612799107658593	0.14271392233756955	0.0054421673613112035	regional_candidate	True	0.005	0.03333333333333333	0.2466887749298096	4.377533446928693e-309
hdlbpa	6-26888110-26888610	1	0.1587676861956819	0.2802966131198268	3	0.12152892692414488	0.14332285068670092	0.004882170598774101	unsupported	True	0.025	0.08333333333333333	0.2222270936328967	8.470535716117132e-250
hdlbpa	6-26972578-26973078	2	0.19363798182230327	0.27471817810321025	3	0.08108019628090699	0.09133686123349402	0.002034455861799293	unsupported	True	0.02	0.08333333333333333	0.211815831844215	1.2346428552538943e-226
hdlbpa	6-26883545-26884045	3	0.14126782397575788	0.2805574134749349	0	0.13928958949917702	0.1563122519776815	0.006108483814581054	regional_candidate	True	0.03	0.08571428571428572	0.2053344148189322	7.930612770810427e-213
hdlbpa	6-26958879-26959379	4	0.09312367042987185	0.21816941946924337	2	0.12504574903937152	0.10649756361581286	0.002905376910206129	unsupported	True	0.11	0.18333333333333335	0.1810483974936793	3.379432120016882e-165
hdlbpa	6-26956734-26957234	5	0.1036402967498026	0.22106738624459685	2	0.11742708949479425	0.13345570262285128	0.0034644165875899286	unsupported	True	0.09	0.1636363636363636	0.1791732324551141	8.712779117290424e-162
hdlbpa	6-26929192-26929692	6	0.37752080930952964	0.6030708908116661	0	0.22555008150213646	0.3420740872982412	0.046529837045850925	core_concordant	True	0.005	0.03333333333333333	0.1765732442127749	4.051472023925383e-157
hdlbpa	6-26873641-26874141	7	0.20145335198996095	0.29009866613724505	5	0.0886453141472841	0.12307188268456815	0.0031649026764155267	unsupported	True	0.06	0.13333333333333333	0.1657896729141867	1.5689444475827358e-138
hdlbpa	6-26884155-26884655	8	0.10668237310760188	0.18249551939773082	0	0.07581314629012893	0.06996321475079673	0.0009679802211531063	unsupported	True	0.24	0.31875	0.1596781104959071	1.523369154876002e-128
hdlbpa	6-26954174-26954674	9	0.12538015004144032	0.19964875503580967	0	0.07426860499436935	0.07386503094116967	0.00109524368300097	unsupported	True	0.21	0.3	0.1422976613070323	2.78326133873842e-102
hdlbpa	6-26919043-26919543	10	0.08754338243401796	0.17698477785113692	2	0.08944139541711896	0.12677573328151312	0.002006830128758714	unsupported	True	0.21	0.3	0.1370211856037469	6.254301914534545e-95
hdlbpa	6-26939245-26939745	11	0.12403685198031256	0.2679453283861421	1	0.14390847640582954	0.2309862506595876	0.008906738347512143	regional_candidate	True	0.07	0.14	0.1263977763974701	5.353345043323021e-81
hdlbpa	6-26951064-26951564	12	0.09198516084403614	0.130372966077029	1	0.03838780523299286	0.04781417273292027	0.00023929712173631143	unsupported	True	0.315	0.33157894736842103	0.124689998442369	7.25343938400805e-79
hdlbpa	6-26882623-26883123	13	0.13474001988189085	0.16462607356462436	0	0.029886053682733504	0.04613251377376418	0.00022697305982178297	unsupported	True	0.29	0.3222222222222222	0.1243714169108962	1.798682006444056e-78
hdlbpa	6-26801724-26802224	14	0.046115872262260965	0.15121186275418766	3	0.1050959904919267	0.1155456295859774	0.0018362234710790363	unsupported	True	0.255	0.31875	0.1239731245878427	5.579465964110206e-78
hdlbpa	6-26928569-26929069	15	0.2521063283227767	0.36373429723027756	0	0.11162796890750087	0.16004169389054848	0.00649816022522679	regional_candidate	True	0.035	0.08750000000000001	0.1238113544814443	8.827022356066793e-78
hdlbpa	6-26914641-26915141	16	0.17186121305575347	0.38097262453377356	0	0.2091114114780201	0.23995035574809484	0.019115818634945093	regional_candidate	True	0.005	0.03333333333333333	0.1212522234857952	1.1533129022746093e-74
hdlbpa	6-26982538-26983038	17	0.10495928436851779	0.2743300727137697	0	0.1693707883452519	0.08698174543183315	0.00404147638822323	unsupported	True	0.025	0.08333333333333333	0.1210074286438394	2.272632177118112e-74
hdlbpa	6-26900698-26901198	18	0.12105650259743483	0.1582862256448626	0	0.037229723047427776	0.05185806262019198	0.0003055970916201103	unsupported	True	0.28	0.3222222222222222	0.1193926215762682	1.925290397314784e-72
hdlbpa	6-26952352-26952852	19	0.01619866037187955	0.0942581649359235	3	0.07805950456404395	0.08113554741043474	0.0005969747215074546	unsupported	True	0.51	0.51	0.1181367845284314	5.828640696018508e-71
grhl2b	19-12225976-12226476	0	0.40390842253382625	0.5193141013996616	2	0.11540567886583536	0.08743405929064102	0.005240080241286185	core_concordant	True	0.005	0.014285714285714287	0.4828781105890157	0.0
grhl2b	19-12202087-12202587	1	0.3186871984176792	0.4559446314718011	2	0.1372574330541219	0.14679216342684992	0.00918651630568296	regional_candidate	True	0.005	0.014285714285714287	0.3827454908048411	0.0
grhl2b	19-12253414-12253914	2	0.2594811944160874	0.39233691813975435	2	0.13285572372366694	0.12686423315713402	0.006612697321999901	regional_candidate	True	0.005	0.014285714285714287	0.3369773496654964	0.0
grhl2b	19-12153391-12153891	3	0.24623391981951703	0.3570438336305408	2	0.11080991381102379	0.1522169245698636	0.006022309860474335	regional_candidate	True	0.005	0.014285714285714287	0.3112269691872203	0.0
grhl2b	19-12300615-12301115	4	0.1542373270230701	0.3157833344388516	2	0.16154600741578148	0.18390142670528797	0.009381462214809294	regional_candidate	True	0.005	0.014285714285714287	0.2900408581582115	0.0
grhl2b	19-12333372-12333872	5	0.20682925290011744	0.2840190493745199	2	0.07718979647440244	0.04492158022563572	0.0009848325417894036	unsupported	True	0.015	0.03333333333333333	0.2783696326865247	0.0
grhl2b	19-12256006-12256506	6	0.26692734876225654	0.3391880539453749	0	0.07226070518311833	0.09078467115288988	0.0022251293819229873	unsupported	True	0.01	0.025	0.2508308664548607	0.0
grhl2b	19-12154307-12154807	7	0.23062759088004475	0.27687189396735984	4	0.046244303087315086	0.07494407356252225	0.0009595650155741623	unsupported	True	0.005	0.014285714285714287	0.2202537748712224	2.5824708658291258e-245
grhl2b	19-12229248-12229748	8	0.1596605186528743	0.20930743719568617	0	0.04964691854281186	0.03713563278076118	0.0003858937874150806	unsupported	True	0.1	0.16666666666666666	0.2072118312695484	8.866856919481259e-217
grhl2b	19-12187969-12188469	9	0.09792009252917294	0.2339476057156647	3	0.13602751318649176	0.1811712316584859	0.005765468453204584	regional_candidate	True	0.05	0.09090909090909091	0.2017197898496051	2.496966517365205e-205
grhl2b	19-12217594-12218094	10	0.20925238418508693	0.2656131987696079	4	0.056360814584520996	0.1268848234172755	0.0018994881696331157	unsupported	True	0.025	0.05	0.1920054275104386	6.8643112771288045e-186
grhl2b	19-12170605-12171105	11	0.0432871797903645	0.1134860979214779	2	0.0701989181311134	0.06672783465114858	0.0005315940540784655	unsupported	True	0.49	0.5157894736842106	0.191941144041325	9.15787667029038e-186
grhl2b	19-12195775-12196275	12	0.0761736408465782	0.16910635623724568	1	0.09293271539066748	0.10584346448741526	0.0016633843288811586	unsupported	True	0.24	0.3333333333333333	0.1841845301292405	5.482340474857139e-171
grhl2b	19-12322208-12322708	13	0.12792089669453124	0.18662754905111095	0	0.05870665235657971	0.07931797339448013	0.0008690298178527873	unsupported	True	0.155	0.23846153846153847	0.1695599236035539	6.87682153550255e-145
grhl2b	19-12261307-12261807	14	0.04854999020419823	0.09016263292951743	5	0.0416126427253192	0.03675100912544372	0.0001378863107424096	unsupported	True	0.6	0.6	0.1551524269471104	2.113609894779145e-121
grhl2b	19-12158763-12159263	15	0.0868134786231425	0.16314982580750165	1	0.07633634718435915	0.06887405140364329	0.000857775463682176	unsupported	True	0.25	0.3333333333333333	0.1537882989954241	2.727086460056744e-119
grhl2b	19-12237761-12238261	16	0.21160154136749532	0.3506358627947386	0	0.13903432142724326	0.2226715777059076	0.010855332768605487	regional_candidate	True	0.005	0.014285714285714287	0.1452946430394171	1.3824573266286735e-106
grhl2b	19-12152742-12153242	17	0.07733537053150308	0.10992284366771593	1	0.03258747313621285	0.024386080334421092	8.735356650643725e-05	unsupported	True	0.48	0.5157894736842106	0.1445262398184964	1.790676035741127e-105
grhl2b	19-12252889-12253389	18	0.07666782351992091	0.12729076859594465	4	0.050622945076023745	0.0679887681001621	0.00043810830744415524	unsupported	True	0.335	0.3941176470588235	0.1427453172700462	6.42092858889655e-103
grhl2b	19-12222920-12223420	19	0.08318578737200504	0.12551612109572732	3	0.04233033372372229	0.049520070035781114	0.0002631070299333536	unsupported	True	0.27	0.3375	0.1319721235703367	3.650250105616836e-88
nrarpa	10-10886074-10886574	0	0.6195250845218009	0.6617034168222814	2	0.042178332300480514	0.6401203095180853	0.01786546760752119	core_concordant	True	0.005	0.025	0.4165793292088628	0.0
nrarpa	10-10915481-10915981	1	0.43312620968868726	0.43314105432676964	1	1.484463808237857e-05	0.37228046005847654	2.3936971630249155e-06	core_concordant	True	0.005	0.025	0.3626727891701877	0.0
nrarpa	10-10883124-10883624	2	0.49346213106721515	0.5123355615103173	2	0.01887343044310219	0.5312295266148718	0.00513673962333356	core_concordant	True	0.005	0.025	0.3531979645978877	0.0
nrarpa	10-10894698-10895198	3	0.3618451334960464	0.4141888647845782	2	0.052343731288531814	0.35915325498119144	0.007786511037322885	core_concordant	True	0.005	0.025	0.2737280948855698	0.0
nrarpa	10-10877242-10877742	4	0.25216776420152903	0.4137412867181962	2	0.16157352251666718	0.24871783199079106	0.016626696810285255	regional_candidate	True	0.01	0.03333333333333333	0.2521309886110888	0.0
nrarpa	10-10956949-10957449	5	0.11217464863003383	0.34667877488985516	5	0.2345041262598213	0.1670795368633055	0.01358316589048057	regional_candidate	True	0.01	0.03333333333333333	0.2242606294256067	1.8231017424629824e-254
nrarpa	10-10902519-10903019	6	0.1895085564515517	0.30912319636824914	2	0.11961463991669744	0.1823092453777429	0.006741004639763982	regional_candidate	True	0.025	0.07142857142857142	0.2189991881121151	1.738011210231413e-242
nrarpa	10-10903078-10903578	7	0.17113223591819174	0.21801383668000787	2	0.04688160076181613	0.09494889767106579	0.0009704572683118073	unsupported	True	0.13	0.2545454545454546	0.2025389514483935	5.138168369544263e-207
nrarpa	10-10843832-10844332	8	0.17779178286595176	0.24928751051934273	2	0.07149572765339096	0.17165803080264475	0.0030594597027761815	unsupported	True	0.035	0.08750000000000001	0.1923543370503901	1.4331073638564901e-186
nrarpa	10-10926413-10926913	9	0.17303467044239865	0.15169948651763662	1	-0.021335183924762025	0.1578207288899188	0.0	unsupported	True	0.33	0.3473684210526316	0.1889288313469983	5.999410303601156e-180
nrarpa	10-10936836-10937336	10	0.10984583701777544	0.13523685774808766	2	0.025391020730312228	0.13089268789134925	0.00044945955495636784	unsupported	True	0.305	0.33888888888888885	0.159629696796752	1.821159969133702e-128
nrarpa	10-10782334-10782834	11	0.10085600914618084	0.16137492050292215	2	0.06051891135674131	0.17205062863559342	0.0016802867866962956	unsupported	True	0.185	0.30833333333333335	0.1553870876667269	9.119623315179912e-122
nrarpa	10-10935492-10935992	12	0.14839274297139698	0.17314457431982194	2	0.024751831348424957	0.11013532520655886	0.0004720009391062902	unsupported	True	0.205	0.3153846153846154	0.1465003725822877	2.4145899828929827e-108
nrarpa	10-10870170-10870670	13	0.13555854338127046	0.15915476624384303	1	0.02359622286257257	0.16468250722009053	0.0006184571414146855	unsupported	True	0.255	0.33888888888888885	0.1423514886332226	2.333858135036401e-102
nrarpa	10-10954613-10955113	14	0.0445750924073284	0.09057105020602438	5	0.04599595779869598	0.040631026768799754	0.00016926488392872752	unsupported	True	0.505	0.505	0.132098915176709	2.486670546316563e-88
nrarpa	10-10791456-10791956	15	0.11896659648587471	0.15009980682379073	1	0.031133210337916023	0.21707725380470894	0.0010144212959770505	unsupported	True	0.295	0.33888888888888885	0.1319813775015717	3.5494513146464176e-88
nrarpa	10-10860401-10860901	16	0.0745758395887081	0.23870081488178058	5	0.16412497529307246	0.09413230627621966	0.0036877992743585154	unsupported	True	0.045	0.09999999999999999	0.1309336613766642	8.345958922176237e-87
nrarpa	10-10850051-10850551	17	0.0574898456747498	0.2107827913543741	5	0.15329294567962432	0.06775901603599843	0.0021893964620353745	unsupported	True	0.14	0.2545454545454546	0.1308581779602845	1.046740101315827e-86
nrarpa	10-10961772-10962272	18	0.13433389096237272	0.15567816943122842	2	0.0213442784688557	0.1064811136098025	0.00035381951186648004	unsupported	True	0.255	0.33888888888888885	0.1277527240956934	1.0374674927326676e-82
nrarpa	10-10871708-10872208	19	0.09612954156999276	0.11772011191053412	2	0.021590570340541362	0.08159619094585233	0.00020738849824580548	unsupported	True	0.295	0.33888888888888885	0.1253732382752426	1.0260962205175082e-79
mych	6-50514710-50515210	0	0.3863032492026946	0.498250911269641	2	0.1119476620669464	0.1843339680715757	0.010281784612967693	core_concordant	True	0.005	0.05	0.2911971433751601	0.0
mych	6-50504680-50505180	1	0.36907415558679013	0.48925105237505667	2	0.12017689678826654	0.21941158554403273	0.012900671296973882	core_concordant	True	0.005	0.05	0.2742986171707333	0.0
mych	6-50480981-50481481	2	0.17508130274055742	0.32396498069103763	3	0.14888367795048021	0.12604641980486586	0.006079609300397573	regional_candidate	True	0.02	0.1	0.2114847938058474	6.4284870847165164e-226
mych	6-50525567-50526067	3	0.23537521195114305	0.30554205682365565	2	0.0701668448725126	0.13084997305849644	0.0028052823796035054	unsupported	True	0.04	0.12857142857142856	0.2026173314330092	3.540303872573632e-207
mych	6-50533092-50533592	4	0.23039579971139923	0.3484114834782896	2	0.11801568376689037	0.23129960148086964	0.009510581513607253	regional_candidate	True	0.01	0.06666666666666667	0.1576978119168015	2.1601419310997027e-125
mych	6-50495697-50496197	5	0.13048908731724906	0.20790976603854613	3	0.07742067872129707	0.08647328909946364	0.0013919186123394372	unsupported	True	0.11	0.24444444444444446	0.1575140569296928	4.215431061617995e-125
mych	6-50460522-50461022	6	0.17565995051857192	0.2631908079701743	2	0.08753085745160238	0.21182829275272078	0.004879955549838907	unsupported	True	0.065	0.1625	0.1497686873732171	3.4834618724622065e-113
mych	6-50514142-50514642	7	0.11862124865253143	0.14305192305776485	5	0.024430674405233416	0.0591127402993466	0.00020659045335456828	unsupported	True	0.36	0.5357142857142857	0.1473741706481224	1.257508585443577e-109
mych	6-50491769-50492269	8	0.11174727139576605	0.18063638814452712	0	0.06888911674876107	0.0807064490770391	0.0010043014669681321	unsupported	True	0.155	0.31	0.1468394176066356	7.688401751739568e-109
mych	6-50526714-50527214	9	0.11578067326503584	0.15654201095157597	1	0.040761337686540125	0.12812522221502914	0.0008175493322721883	unsupported	True	0.305	0.5083333333333333	0.1358016461653026	2.8475924000690878e-93
mych	6-50508800-50509300	10	0.19137217375230892	0.3205157457205916	1	0.1291435719682827	0.24890226734194232	0.010302699116567678	regional_candidate	True	0.025	0.1	0.1346897565758086	8.975418396538197e-92
mych	6-50501598-50502098	11	0.047920596566094494	0.14084266260745149	0	0.092922066041357	0.10537745905330473	0.001379116029897433	unsupported	True	0.27	0.49090909090909096	0.1294752103064119	6.481163529048994e-85
mych	6-50529818-50530318	12	0.047092536093999916	0.0662036373180348	2	0.019111101224034886	0.02029079535692352	2.5672409668796195e-05	unsupported	True	0.64	0.7111111111111111	0.1217987384832565	2.523948433683035e-75
mych	6-50487829-50488329	13	0.08522147626751797	0.11012076845414547	1	0.024899292186627495	0.04372970437723764	0.00011990375288259041	unsupported	True	0.555	0.6937500000000001	0.1169335156322192	1.477843828443336e-69
mych	6-50454889-50455389	14	0.08449314527607361	0.0780295519140407	1	-0.006463593362032907	0.03653608390961205	0.0	unsupported	True	0.87	0.9157894736842105	0.111676789186997	1.3539113557731382e-63
mych	6-50454163-50454663	15	0.07591360296396805	0.12763081113841612	4	0.05171720817444807	0.0857881575551911	0.0005662626833236761	unsupported	True	0.375	0.5357142857142857	0.1104903462493123	2.745152027235396e-62
mych	6-50478896-50479396	16	0.08469103090052518	0.10552232561193968	2	0.020831294711414497	0.11409561639768805	0.0002508011804118796	unsupported	True	0.6	0.7058823529411765	0.1053484828194449	8.685590669057781e-57
mych	6-50518116-50518616	17	0.03613170464926915	0.049685009200266646	0	0.013553304550997493	0.07895739900594169	5.3169601501909e-05	unsupported	True	0.92	0.9200000000000002	0.1041334762865413	1.5835412133564764e-55
mych	6-50492276-50492776	18	0.06477552726034735	0.0939785096831659	2	0.029202982422818546	0.0689745173688423	0.00018929730500403627	unsupported	True	0.515	0.6866666666666668	0.1014389764261157	8.767305771314759e-53
mych	6-50428032-50428532	19	0.12966711194232958	0.25856965805926285	1	0.12890254611693328	0.20192572314890958	0.0067302423602450725	regional_candidate	True	0.045	0.12857142857142856	0.0988996853622812	2.893781123571415e-50
emx2	13-19414412-19414912	0	0.36010390797915104	0.523180012494336	1	0.16307610451518495	0.47057136945338085	0.04014828263648479	core_concordant	True	0.005	0.014285714285714287	0.1905498359983378	4.575766299657454e-183
emx2	13-19412275-19412775	1	0.38093076413395377	0.5428775825479623	1	0.1619468184140085	0.47937666872300067	0.04214550109414168	core_concordant	True	0.005	0.014285714285714287	0.1739285208780177	1.9103341002524358e-152
emx2	13-19356153-19356653	2	0.3355158336353674	0.49757441322102236	1	0.16205857958565495	0.4664009883709925	0.037608804612001855	regional_candidate	True	0.005	0.014285714285714287	0.1661998609939154	3.244631787954209e-139
emx2	13-19407946-19408446	3	0.32562085612910563	0.4789306937527538	1	0.1533098376236482	0.45494043788997984	0.03340390470072314	regional_candidate	True	0.005	0.014285714285714287	0.1661052748315552	4.668211109719951e-139
emx2	13-19378698-19379198	4	0.338416429695073	0.5151143452955452	1	0.1766979156004722	0.4934861693316478	0.04491692909026839	regional_candidate	True	0.005	0.014285714285714287	0.1616380960076863	1.0539614730352965e-131
emx2	13-19367945-19368445	5	0.1967417874684145	0.29107162994024754	1	0.09432984247183304	0.27200408771159645	0.007468345787315626	regional_candidate	True	0.01	0.025	0.1397264640557194	1.1557951508021136e-98
emx2	13-19407246-19407746	6	0.09260800161928681	0.12207535737184458	1	0.029467355752557767	0.09293475369627045	0.00033430842605748867	unsupported	True	0.175	0.23333333333333334	0.1244086260879797	1.6178641759216265e-78
emx2	13-19348080-19348580	7	0.18471057609193128	0.3146157270740607	1	0.12990515098212943	0.31773900833528723	0.012986057939101197	regional_candidate	True	0.005	0.014285714285714287	0.121804897034464	2.481002925683428e-75
emx2	13-19351188-19351688	8	0.1233314478705392	0.18025459952265027	1	0.05692315165211108	0.13860175679580108	0.0014221454886643428	unsupported	True	0.045	0.075	0.1208125770571919	3.895602657011356e-74
emx2	13-19402759-19403259	9	0.13504408054171627	0.19374405699047073	2	0.058699976448754465	0.19698997272591245	0.0022403219638402827	unsupported	True	0.015	0.03	0.1067161781225336	3.1751660021019266e-58
emx2	13-19349113-19349613	10	0.12820486970268674	0.20107511072198614	1	0.0728702410192994	0.17155743821281122	0.0025137267976891526	unsupported	True	0.015	0.03	0.104424003371923	7.934042250977466e-56
emx2	13-19257697-19258197	11	0.05415957090441472	0.07546175734844597	2	0.02130218644403125	0.05650555244838563	9.083269954347907e-05	unsupported	True	0.36	0.4235294117647058	0.1011314449751199	1.7837327002149818e-52
emx2	13-19338149-19338649	12	0.22174840448588024	0.3549621427926413	1	0.1332137383067611	0.3698528063246666	0.017488798403853364	regional_candidate	True	0.005	0.014285714285714287	0.0985787675218248	5.958996647976322e-50
emx2	13-19363206-19363706	13	0.11561625821597758	0.18840444092569983	1	0.07278818270972225	0.1490751915716721	0.0020443600619497342	unsupported	True	0.025	0.045454545454545456	0.0918346617873292	1.348116671662872e-43
emx2	13-19331214-19331714	14	0.06998971814753578	0.1252388725309384	1	0.055249154383402624	0.07990775100527257	0.0005529090419356812	unsupported	True	0.12	0.17142857142857143	0.0894974501236042	1.6831751990094979e-41
emx2	13-19353969-19354469	15	0.06637354210306795	0.13643220233045691	2	0.07005866022738896	0.14707375212762266	0.001405768765962915	unsupported	True	0.115	0.17142857142857143	0.0747934220725861	1.4876039536801087e-29
emx2	13-19350040-19350540	16	0.02683172078328202	0.062304623612012916	1	0.0354729028287309	0.09561084281084974	0.0002113119961132576	unsupported	True	0.43	0.47777777777777775	0.0691373106485893	1.5830616736294687e-25
emx2	13-19329975-19330475	17	0.026273452603707417	0.0461715430174027	2	0.019898090413695283	0.04069204361091073	3.738481963841147e-05	unsupported	True	0.685	0.685	0.066405933797326	1.0756537781351732e-23
emx2	13-19300128-19300628	18	0.026588262599894386	0.049010925881327466	3	0.02242266328143308	0.030593331259982325	3.36207092888959e-05	unsupported	True	0.58	0.6105263157894737	0.0661071567316501	1.6890843791706774e-23
emx2	13-19270379-19270879	19	0.044641260458440545	0.07124007936909708	2	0.02659881891065654	0.06089149636450936	0.00011538341643680612	unsupported	True	0.345	0.4235294117647058	0.0660679253548838	1.7919244589260498e-23
msx1b	1-49291429-49291929	0	0.4280278187685296	0.46425411793681326	4	0.03622629916828368	0.061048112769217566	0.001026719893143098	core_concordant	True	0.005	0.03333333333333333	0.3954112297773821	0.0
msx1b	1-49328092-49328592	1	0.37583820546825064	0.448689857141414	1	0.07285165167316338	0.07550391907158016	0.002468056793038907	core_concordant	True	0.005	0.03333333333333333	0.3767711407455188	0.0
msx1b	1-49332059-49332559	2	0.24278225707659593	0.3337988354589436	0	0.0910165783823477	0.11843684766699192	0.0035982568573512765	unsupported	True	0.015	0.06	0.2593290974268925	0.0
msx1b	1-49289159-49289659	3	0.25541574444817977	0.36642045368419474	2	0.11100470923601496	0.2588020336401388	0.01052661638101006	regional_candidate	True	0.01	0.05	0.2363222336755508	4.061863625840617e-283
msx1b	1-49339520-49340020	4	0.1675217769598718	0.3088217215915651	1	0.14129994463169332	0.19397560928668386	0.008464415154248313	regional_candidate	True	0.035	0.09999999999999999	0.219174988835182	6.99588414074383e-243
msx1b	1-49345047-49345547	5	0.2300054619492729	0.3384827610768248	2	0.10847729912755188	0.21060074112709876	0.007732773931711599	regional_candidate	True	0.045	0.09999999999999999	0.210181888773807	4.1353143864351365e-223
msx1b	1-49358970-49359470	6	0.24976114409167186	0.29373923298989557	2	0.043978088898223716	0.11170896408213149	0.0014430664631387281	unsupported	True	0.005	0.03333333333333333	0.1980400797424091	7.630502352925128e-198
msx1b	1-49396364-49396864	7	0.20561732876526714	0.29484008711912085	2	0.08922275835385371	0.21372290996407495	0.005622290157031973	regional_candidate	True	0.04	0.09999999999999999	0.188127081947327	2.0396111592547205e-178
msx1b	1-49297315-49297815	8	0.19246526020593496	0.2834156907758372	0	0.09095043056990226	0.1349357746891541	0.0034782096577036605	unsupported	True	0.035	0.09999999999999999	0.1715292466105747	2.8592613503029546e-148
msx1b	1-49318500-49319000	9	0.16375128347897772	0.23687677908043134	2	0.07312549560145362	0.1181171015230384	0.002045992761457702	unsupported	True	0.06	0.12	0.1654445527745104	5.889752353721679e-138
msx1b	1-49314815-49315315	10	0.1808221479911837	0.2443386308823903	0	0.0635164828912066	0.08326400324050012	0.0012922182351871008	unsupported	True	0.11	0.18333333333333335	0.1639660716892639	1.6478784936433552e-135
msx1b	1-49334834-49335334	11	0.13133765371824502	0.25684910358345897	4	0.12551144986521395	0.14601890621850275	0.0047072849838347315	unsupported	True	0.14	0.2	0.1582951093672041	2.4446409642573918e-126
msx1b	1-49358401-49358901	12	0.16435981977325304	0.2442266602255481	0	0.07986684045229506	0.10647630862473054	0.0020768855319680747	unsupported	True	0.07	0.1272727272727273	0.1425322363876121	1.291347013545509e-102
msx1b	1-49264031-49264531	13	0.11714524532395805	0.14845159063856783	2	0.03130634531460978	0.07202448323523698	0.00033473211191720485	unsupported	True	0.35	0.3888888888888889	0.1422883198141574	2.869614877116105e-102
msx1b	1-49322551-49323051	14	0.13611984983263656	0.22174920842850315	2	0.0856293585958666	0.15782991664806767	0.0029969127289965983	unsupported	True	0.13	0.2	0.1284994308689295	1.159089931811927e-83
msx1b	1-49346262-49346762	15	0.08254219519248279	0.1629372637279958	2	0.08039506853551301	0.13567265654306743	0.0017772239505527384	unsupported	True	0.335	0.3888888888888889	0.1228166158947653	1.4621222207415882e-76
msx1b	1-49342678-49343178	16	0.08325280802612092	0.1530417011015702	5	0.06978889307544928	0.09697292123003093	0.0010357300408773715	unsupported	True	0.38	0.39999999999999997	0.1217854734922416	2.618983262100817e-75
msx1b	1-49305157-49305657	17	0.12453481865968577	0.14187150669644533	2	0.017336688036759557	0.01850618248594184	4.5517474310139224e-05	unsupported	True	0.27	0.36000000000000004	0.1150432744880552	2.2164698425689982e-67
msx1b	1-49324540-49325040	18	0.09984099797198531	0.13577744213037676	2	0.03593644415839145	0.07870401535474943	0.0003840251037149821	unsupported	True	0.415	0.4149999999999999	0.1135702718402719	1.0382282745654917e-65
msx1b	1-49370152-49370652	19	0.05742327332314399	0.16081323158736155	0	0.10338995826421757	0.09418627231490923	0.001565985542072987	unsupported	True	0.35	0.3888888888888889	0.1130920745021542	3.580382330369251e-65
anp32e	19-42321825-42322325	0	0.3875366973696952	0.4509416051222495	2	0.06340490775255431	0.14514607016094255	0.004150003501835028	core_concordant	True	0.005	0.03333333333333333	0.3847153104194315	0.0
anp32e	19-42300334-42300834	1	0.12738114026375785	0.5525791384887684	4	0.42519799822501053	0.18419544276033678	0.04327774037251096	regional_candidate	True	0.005	0.03333333333333333	0.2202204335661751	3.0720005599911385e-245
anp32e	19-42340405-42340905	2	0.10649827578573925	0.1342762131211151	0	0.02777793733537584	0.04185988774893193	0.00015613387485601562	unsupported	True	0.365	0.7578947368421052	0.1766366025902798	3.1241673132705735e-157
anp32e	19-42342942-42343442	3	0.10384321050386419	0.15890319382097645	1	0.05505998331711226	0.05317340817597352	0.0004652251657053058	unsupported	True	0.275	0.7578947368421052	0.1518676385936298	2.3685416528727663e-116
anp32e	19-42299816-42300316	4	0.059542973601166185	0.28440913255885647	4	0.2248661589576903	0.13154925175713844	0.008413099427590973	regional_candidate	True	0.08	0.4	0.138448606644415	6.850774568980422e-97
anp32e	19-42241634-42242134	5	0.08338095296922042	0.11583887198376348	4	0.03245791901454306	0.04384659209228289	0.00016485830726309958	unsupported	True	0.485	0.7578947368421052	0.1371402734741366	4.299570523964265e-95
anp32e	19-42376375-42376875	6	0.04961136131572389	0.05818995217422644	0	0.00857859085850255	0.030703000189705083	1.532656286567435e-05	unsupported	True	0.765	0.765	0.1366076849940145	2.2917274769213502e-94
anp32e	19-42295050-42295550	7	0.06999780302916851	0.3649020198811934	4	0.2949042168520249	0.13366697717109774	0.01438405638197548	regional_candidate	True	0.005	0.03333333333333333	0.1361097050826542	1.0890125598310957e-93
anp32e	19-42404450-42404950	8	0.12600981080671636	0.13571567294739265	1	0.009705862140676286	0.12416668624141113	0.00016355702926918876	unsupported	True	0.185	0.74	0.1359416132341827	1.8404844312138836e-93
anp32e	19-42367577-42368077	9	0.08993345976634898	0.14114143808182028	2	0.0512079783154713	0.10449686171395042	0.0007552581425491286	unsupported	True	0.365	0.7578947368421052	0.1312067366441452	3.6740350593833353e-87
anp32e	19-42324425-42324925	10	0.12044912460083007	0.13925390500948912	2	0.018804780408659044	0.08389381148006536	0.00021968761538836696	unsupported	True	0.51	0.7578947368421052	0.1145275604460822	8.571670733964803e-67
anp32e	19-42382121-42382621	11	0.042441278955053834	0.08843574853329954	0	0.045994469578245704	0.03195618709632252	0.0001299835596468583	unsupported	True	0.565	0.7578947368421052	0.1133633360439577	1.7751466863525349e-65
anp32e	19-42350907-42351407	12	0.05347016154349499	0.08154099456743101	4	0.028070833023936023	0.027743917959593793	6.350370977016374e-05	unsupported	True	0.635	0.7578947368421052	0.1054834301620174	6.278372754138987e-57
anp32e	19-42319171-42319671	13	0.0756584907805602	0.08940207665007517	2	0.013743585869514977	0.09876931714305752	0.00012135836541116263	unsupported	True	0.62	0.7578947368421052	0.0910881659174534	6.385861226848967e-43
anp32e	19-42235810-42236310	14	0.033460475228100535	0.0632910215487432	5	0.02983054632064267	0.037704520646693454	7.11863517815957e-05	unsupported	True	0.72	0.7578947368421052	0.0887655969958367	7.437117911817529e-41
anp32e	19-42317800-42318300	15	0.06389453097921526	0.1326988089121654	2	0.06880427793295014	0.14707637892550024	0.0013428434806337106	unsupported	True	0.445	0.7578947368421052	0.0823353305875809	2.0528599792451688e-35
anp32e	19-42408868-42409368	16	0.050482130311484484	0.07625966143295804	2	0.025777531121473553	0.06742013415114861	0.00013253354207207543	unsupported	True	0.67	0.7578947368421052	0.0770457015264377	3.0286683073531604e-31
anp32e	19-42343523-42344023	17	0.016114611074177176	0.05288199428416816	0	0.036767383209990984	0.03698858861518194	7.191811677699074e-05	unsupported	True	0.705	0.7578947368421052	0.074569776694356	2.176175582027793e-29
anp32e	19-42346171-42346671	18	0.02021439182083637	0.09244930504574864	0	0.07223491322491227	0.07870558586670806	0.0005256012172237367	unsupported	True	0.525	0.7578947368421052	0.071692938327932	2.623669579603792e-27
anp32e	19-42414113-42414613	19	0.027003949162097456	0.0728200741197499	4	0.04581612495765244	0.04619803519093517	0.00015413205776814337	unsupported	True	0.66	0.7578947368421052	0.067547571012483	1.882669194632176e-24
lmo2	18-38296970-38297470	0	0.5179185686189947	0.6946859810552448	2	0.17676741243625016	0.27646268892481113	0.03394902196031513	core_concordant	True	0.005	0.02	0.1589332098739432	2.3613688712594908e-127
lmo2	18-38284787-38285287	1	0.42855450673326745	0.5238198598632553	1	0.09526535312998785	0.2335259451026387	0.011653384606308607	core_concordant	True	0.005	0.02	0.1461835398505805	7.017944638258104e-108
lmo2	18-38314699-38315199	2	0.134547494847031	0.2791241337948488	2	0.1445766389478178	0.25126628996405426	0.010139808193427332	regional_candidate	True	0.02	0.06666666666666667	0.1249987194008552	3.001604914146171e-79
lmo2	18-38296381-38296881	3	0.26528038223186073	0.3754151968029718	2	0.11013481457111107	0.25738078661879094	0.010641738864713925	regional_candidate	True	0.005	0.02	0.114754067851483	4.735902162236906e-67
lmo2	18-38274078-38274578	4	0.31179358471270446	0.35212810749839246	1	0.040334522785688	0.03022934801626631	0.0004293449865993161	unsupported	True	0.005	0.02	0.1120756040919316	4.8872794756105797e-64
lmo2	18-38278466-38278966	5	-0.007888855001928489	0.02040587070881102	3	0.02829472571073951	0.039234279520426685	2.2653030030694133e-05	unsupported	True	0.815	0.9055555555555554	0.1066770805826375	3.4922662929718904e-58
lmo2	18-38276861-38277361	6	0.1370839025613458	0.19318309674380443	1	0.05609919418245862	0.14954760115313548	0.0016207095740227286	unsupported	True	0.035	0.1	0.0968786985548088	2.6294302207686995e-48
lmo2	18-38283367-38283867	7	0.054972771999120165	0.07255207632040457	1	0.017579304321284406	0.019527182380054513	2.4905261877199623e-05	unsupported	True	0.49	0.9055555555555554	0.0884254478967655	1.477412785485998e-40
lmo2	18-38298907-38299407	8	0.023696565848523598	0.04427070102929151	1	0.02057413518076791	0.04079652535599483	3.715875579615901e-05	unsupported	True	0.69	0.9055555555555554	0.072219566264575	1.1066615273318149e-27
lmo2	18-38295376-38295876	9	0.023057875405484575	0.02503448534648378	2	0.0019766099409992063	0.015649386321606177	7.743850403460927e-07	unsupported	True	0.78	0.9055555555555554	0.0710436817908425	7.5395807340951e-27
lmo2	18-38323227-38323727	10	-0.012549015971857563	0.05115162755366949	0	0.06370064352552705	0.06755579942794762	0.00022012324888380432	unsupported	True	0.615	0.9055555555555554	0.0597017239838841	1.6564835772190364e-19
lmo2	18-38275880-38276380	11	0.023842866768844354	0.031842757031092336	2	0.007999890262247983	0.018643823036120145	4.749300668467821e-06	unsupported	True	0.78	0.9055555555555554	0.0595387889003202	2.067731460104595e-19
lmo2	18-38261970-38262470	12	0.023683270444017676	0.05236843272926315	2	0.028685162285245473	0.0678170968744684	0.0001018746388945727	unsupported	True	0.615	0.9055555555555554	0.0561381935060981	1.847031616261176e-17
lmo2	18-38371156-38371656	13	-0.017861461757080158	0.0033378894418672695	0	0.021199351198947426	0.024889105452694685	1.761180244432652e-06	unsupported	True	0.955	0.9549999999999998	0.0559938731000579	2.2222024381058772e-17
lmo2	18-38210809-38211309	14	0.006408726804279209	0.047254801272192115	4	0.040846074467912906	0.04444184856174835	8.57804620183173e-05	unsupported	True	0.71	0.9055555555555554	0.0547271327056912	1.1040592380504118e-16
lmo2	18-38313559-38314059	15	0.001104434249524952	0.032859031352058456	0	0.031754597102533505	0.03847794965687935	4.014886623199445e-05	unsupported	True	0.745	0.9055555555555554	0.0537859500784948	3.5495875504778035e-16
lmo2	18-38214060-38214560	16	-0.024748607540202933	0.00293858455794213	5	0.027687192098145064	0.027071738156774945	2.2025878884181467e-06	unsupported	True	0.94	0.9549999999999998	0.0531233950102791	7.981024323453121e-16
lmo2	18-38255392-38255892	17	0.005903130170595855	0.02895283985809815	5	0.023049709687502293	0.026599261063408253	1.7751137986621193e-05	unsupported	True	0.795	0.9055555555555554	0.0517781780231257	4.012355074121425e-15
lmo2	18-38274610-38275110	18	0.1408061596515574	0.26492598322732347	5	0.12411982357576606	0.1677894879776422	0.005517348962668496	regional_candidate	True	0.005	0.02	0.0508401131389025	1.2080590876857476e-14
lmo2	18-38247111-38247611	19	0.06085337212802934	0.08021667252419365	2	0.01936330039616431	0.03254960194105652	5.055797931066492e-05	unsupported	True	0.385	0.9055555555555554	0.0504249974289081	1.9552358880234223e-14
foxa	14-33984588-33985088	0	0.5069353815031115	0.6238872758945617	1	0.11695189439145026	0.3542200526956882	0.02584559487678385	core_concordant	True	0.005	0.025	0.1593839818054956	4.503219151670602e-128
foxa	14-33977894-33978394	1	0.2842559466907915	0.38320101553126684	1	0.09894506884047533	0.21698945737873523	0.008227339904485868	regional_candidate	True	0.005	0.025	0.1413506329986557	6.098406263930396e-101
foxa	14-33968990-33969490	2	0.23520297479520405	0.3199287458134578	3	0.08472577101825376	0.20699265879763007	0.00561078640743867	regional_candidate	True	0.01	0.04	0.137176089810729	3.841027293470016e-95
foxa	14-33994951-33995451	3	0.10629589670413102	0.16487318619554453	3	0.05857728949141351	0.06778923409005665	0.0006546965161473657	unsupported	True	0.15	0.25833333333333336	0.1359194668434879	1.972134727007274e-93
foxa	14-33965731-33966231	4	0.2781921706361762	0.38174628323305076	3	0.10355411259687458	0.28488948176396833	0.011262079374915482	regional_candidate	True	0.005	0.025	0.1292679119489989	1.1982477660314448e-84
foxa	14-33962619-33963119	5	0.14280909113975235	0.20471891039656925	3	0.061909819256816906	0.0734228790250088	0.0009305696996936507	unsupported	True	0.045	0.12857142857142856	0.1035841265462067	5.8187436224142114e-55
foxa	14-33902787-33903287	6	0.12017912905320075	0.24233020566728827	1	0.12215107661408753	0.1734459760141304	0.00513415621407642	regional_candidate	True	0.03	0.09999999999999999	0.0955683264799173	4.654079518873119e-47
foxa	14-33989319-33989819	7	0.2619610126093123	0.39316132023166617	1	0.13120030762235385	0.31105924209318064	0.016045333473785665	regional_candidate	True	0.005	0.025	0.0927708558040611	1.882499802505051e-44
foxa	14-33955949-33956449	8	0.048334787868074346	0.06352036408454427	0	0.015185576216469925	0.017005613381702325	1.6403501242313408e-05	unsupported	True	0.495	0.5823529411764706	0.0874936682064905	9.55430782210246e-40
foxa	14-33897246-33897746	9	0.021782404102482802	0.05988586898492595	5	0.03810346488244315	0.051105266307377425	0.00011661501727893297	unsupported	True	0.55	0.6111111111111112	0.0590890513091311	3.801718798244211e-19
foxa	14-33922088-33922588	10	0.03145955700878636	0.16943447543048304	0	0.13797491842169668	0.15167254026386082	0.003545756346583496	unsupported	True	0.09	0.18	0.0571843194036303	4.767431601415218e-18
foxa	14-33996215-33996715	11	0.04491846189893441	0.12612407771473383	0	0.08120561581579941	0.0927885501133951	0.000950338789973753	unsupported	True	0.205	0.2928571428571428	0.0544629320803576	1.5354425996577268e-16
foxa	14-33974595-33975095	12	0.0642960346758995	0.1268308178039501	1	0.06253478312805061	0.08676552869458606	0.0006881667075223724	unsupported	True	0.18	0.2769230769230769	0.0489558837308348	1.0419804636176498e-13
foxa	14-34046587-34047087	13	0.07718160336871421	0.14521236337494486	1	0.06803076000623065	0.1080430607321954	0.0010673473967992037	unsupported	True	0.155	0.25833333333333336	0.0489057470810248	1.1022753666447661e-13
foxa	14-33887107-33887607	14	0.016372759921486756	0.11438649219284915	0	0.0980137322713624	0.09909222564579308	0.0011109672380455796	unsupported	True	0.225	0.3	0.0483010182620446	2.1629573619289642e-13
foxa	14-34025763-34026263	15	0.09947319912357856	0.20851456418562642	1	0.10904136506204785	0.18409760970721878	0.004185774463268983	unsupported	True	0.065	0.14444444444444446	0.0458089695109442	3.1932233042207108e-12
foxa	14-33909809-33910309	16	0.01670424310356634	0.03737787026129559	4	0.02067362715772925	0.026733539525782658	2.065797250879571e-05	unsupported	True	0.635	0.6684210526315789	0.0442116374580988	1.6678487930882023e-11
foxa	14-33976406-33976906	17	0.02046672646312752	0.09383535260900117	0	0.07336862614587364	0.08480618614141815	0.0005838542016593164	unsupported	True	0.325	0.40625	0.0414525541022759	2.537721416982333e-10
foxa	14-33903304-33903804	18	0.0894733141078844	0.17497648404079438	3	0.08550316993290999	0.13502070585062312	0.002020050727785675	unsupported	True	0.055	0.1375	0.030120393131058	3.146152381484193e-06
foxa	14-34018995-34019495	19	-0.01915438983916646	0.004895931626206521	0	0.02405032146537298	0.03073041411112388	3.6184672180637045e-06	unsupported	True	0.935	0.9350000000000002	0.029294489356436	5.604540053765841e-06
lhfpl6	10-31953209-31953709	0	0.3973450307219791	0.3807251500871294	2	-0.01661988063484965	0.09527106561881199	0.0	core_concordant	True	0.01	0.018181818181818184	0.3895438670282092	0.0
lhfpl6	10-31941687-31942187	1	0.34240961032371914	0.38960374966052086	2	0.04719413933680172	0.22681679827814563	0.004170483565449518	unsupported	True	0.005	0.014285714285714287	0.3599426784754809	0.0
lhfpl6	10-31974432-31974932	2	0.388904926875085	0.4504204022447845	2	0.061515475369699535	0.10557169841736108	0.0029251621616240763	core_concordant	True	0.005	0.014285714285714287	0.3434022575133529	0.0
lhfpl6	10-32001720-32002220	3	0.30125711256833476	0.38657169077801296	3	0.0853145782096782	0.20961949165252033	0.006913292915085338	regional_candidate	True	0.005	0.014285714285714287	0.3307470696841151	0.0
lhfpl6	10-31956585-31957085	4	0.43241131081740464	0.5253573589429213	3	0.09294604812551671	0.1846804737721326	0.009017927287293302	core_concordant	True	0.005	0.014285714285714287	0.3204830795192747	0.0
lhfpl6	10-31845985-31846485	5	0.3330920382421043	0.3836600826750013	2	0.050568044432896975	0.24904773876179226	0.004831760263710114	unsupported	True	0.005	0.014285714285714287	0.3116890628643964	0.0
lhfpl6	10-31899512-31900012	6	0.22703628235370135	0.28315782106902665	2	0.0561215387153253	0.13691935801687244	0.0021758201064956666	unsupported	True	0.02	0.03333333333333333	0.2997373457503427	0.0
lhfpl6	10-32021881-32022381	7	0.32720410930862887	0.35705989418118667	2	0.0298557848725578	0.1611404073866689	0.001717805630693681	unsupported	True	0.01	0.018181818181818184	0.2916092260362225	0.0
lhfpl6	10-31951047-31951547	8	0.2739373189523564	0.2865937026977201	2	0.012656383745363708	0.09566508062036427	0.0003470001955827985	unsupported	True	0.01	0.018181818181818184	0.2770395899173658	0.0
lhfpl6	10-31994736-31995236	9	0.22008717720794901	0.32929240104216456	3	0.10920522383421555	0.18707061916773676	0.006727143714903919	regional_candidate	True	0.01	0.018181818181818184	0.2390338895134877	8.647287775324764e-290
lhfpl6	10-31966691-31967191	10	0.15864886240107973	0.19417940542142498	1	0.03553054302034525	0.11585809628317258	0.0007993397310134669	unsupported	True	0.045	0.06428571428571428	0.210493766574961	8.830440548032243e-224
lhfpl6	10-32006134-32006634	11	0.27375590799824434	0.4174635769082427	1	0.14370766890999837	0.23267396558451223	0.013958743485127888	regional_candidate	True	0.005	0.014285714285714287	0.1952388056025752	3.0278358533139133e-192
lhfpl6	10-31964680-31965180	12	0.16338217830130564	0.12315409266661256	5	-0.04022808563469307	0.06493954887525444	0.0	unsupported	True	0.345	0.36315789473684207	0.1947093384396364	3.3858023305350104e-191
lhfpl6	10-31980122-31980622	13	0.06020930748157345	0.09191556492601653	1	0.03170625744444308	0.05645209757798748	0.00016451826694559069	unsupported	True	0.485	0.485	0.1653220304356416	9.413375318951884e-138
lhfpl6	10-32005070-32005570	14	0.151396389960629	0.18753096891137078	2	0.036134578950741764	0.11601583812179951	0.0007861642265109594	unsupported	True	0.07	0.09333333333333334	0.16479547849292	7.032929488249382e-137
lhfpl6	10-31871744-31872244	15	0.25941829434773706	0.38513168880253723	1	0.12571339445480018	0.10689252293344076	0.005175331042097852	regional_candidate	True	0.005	0.014285714285714287	0.1584738869820278	1.271329589141752e-126
lhfpl6	10-31879826-31880326	16	0.09944923988029247	0.11272407655631322	2	0.013274836676020751	0.050204486069850326	7.512567695485149e-05	unsupported	True	0.28	0.3111111111111111	0.1584734578933012	1.2733274142493046e-126
lhfpl6	10-31978030-31978530	17	0.09047767128308776	0.12724829878213456	3	0.036770627499046804	0.07626987847562794	0.0003568667457067789	unsupported	True	0.205	0.25625	0.1543832413407128	3.2927439547088024e-120
lhfpl6	10-31902827-31903327	18	0.13060567841266196	0.18396841267283348	1	0.05336273426017152	0.08342025437422991	0.0008189414353351476	unsupported	True	0.22	0.25882352941176473	0.1540587912079455	1.0440535308533846e-119
lhfpl6	10-31853561-31854061	19	0.18519974255950783	0.2825739053114068	3	0.09737416275189897	0.18867679289895928	0.005191516945306707	regional_candidate	True	0.035	0.05384615384615385	0.1463909827574452	3.4909485060761426e-108
spon1b	25-15577772-15578272	0	0.37400368063445594	0.46453014880995747	3	0.09052646817550153	0.18499106876949323	0.007779295062018994	core_concordant	True	0.005	0.02	0.2747284080181551	0.0
spon1b	25-15575612-15576112	1	0.21494776080459607	0.2297813359562712	1	0.014833575151675132	0.07135993699759305	0.00024322882638570226	unsupported	True	0.025	0.0625	0.2391936313308961	3.476877057496356e-290
spon1b	25-15644635-15645135	2	0.1643449559264623	0.22894587466572874	2	0.06460091873926643	0.18691649758794315	0.0027645162788289303	unsupported	True	0.005	0.02	0.2178434350792422	6.754269475085394e-240
spon1b	25-15606804-15607304	3	0.11622646337765685	0.22494933833019226	2	0.10872287495253541	0.22410996503126407	0.005481088517182897	regional_candidate	True	0.05	0.1	0.1958855942921566	1.5707390920902196e-193
spon1b	25-15680905-15681405	4	0.12579598516713394	0.1740975090873752	1	0.04830152392024126	0.12635148940836477	0.0010625117858998811	unsupported	True	0.11	0.15714285714285717	0.1938462333930507	1.707421421440347e-189
spon1b	25-15719103-15719603	5	0.100435625542913	0.1327052410803537	2	0.03226961553744069	0.09086700343585946	0.00038912404950942566	unsupported	True	0.215	0.23888888888888887	0.1887322071817026	1.4266924046089802e-179
spon1b	25-15665104-15665604	6	0.15245449768886818	0.25257498545707097	3	0.10012048776820279	0.14654815140694455	0.003705899503148214	unsupported	True	0.02	0.05714285714285715	0.1881717664550201	1.6764016956061898e-178
spon1b	25-15672369-15672869	7	0.13992235139067502	0.18100714581934338	3	0.04108479442866836	0.06622334042431832	0.0004924792334635526	unsupported	True	0.045	0.09999999999999999	0.1827102626567133	2.9781154308232856e-168
spon1b	25-15653031-15653531	8	0.17874493894292473	0.27139392346718727	2	0.09264898452426254	0.18590662885445258	0.004674505324480885	unsupported	True	0.005	0.02	0.1812490020705921	1.450986349191386e-165
spon1b	25-15726336-15726836	9	0.11611723856914895	0.1477812695221398	2	0.03166403095299085	0.0667863909514441	0.0003125169447429608	unsupported	True	0.065	0.11666666666666668	0.1774339988513008	1.1760506348506711e-158
spon1b	25-15639940-15640440	10	0.14605840565510883	0.16989392542391996	3	0.023835519768811125	0.07314199256464753	0.0002961892316301497	unsupported	True	0.165	0.19411764705882353	0.1740712812880025	1.073361453940664e-152
spon1b	25-15547778-15548278	11	0.08954085047169699	0.16520375858018516	3	0.07566290810848816	0.12257376505020398	0.001532147156705936	unsupported	True	0.08	0.12307692307692308	0.1505881016306819	2.0459779316058523e-114
spon1b	25-15587375-15587875	12	0.3169305410970601	0.5344583816364001	3	0.21752784053934004	0.4213998252729771	0.048991765693488815	regional_candidate	True	0.005	0.02	0.1451021098735324	2.629930251806834e-106
spon1b	25-15676711-15677211	13	0.055141220680693465	0.15081730838771293	2	0.09567608770701946	0.14576562543561222	0.0021033411300918517	unsupported	True	0.155	0.19375	0.1446659917889839	1.1250280287681111e-105
spon1b	25-15649735-15650235	14	0.18840242469777557	0.323284748378667	3	0.13488232368089142	0.2293098072094268	0.009999145425159284	regional_candidate	True	0.005	0.02	0.1438802801324831	1.5254236493585882e-104
spon1b	25-15566190-15566690	15	0.15755852641721685	0.23828069331607643	5	0.08072216689885958	0.1704415450481325	0.003278363675282484	unsupported	True	0.02	0.05714285714285715	0.1349607184538699	3.881782452039224e-92
spon1b	25-15653954-15654454	16	0.10990475804107175	0.15170547731215137	1	0.04180071927107962	0.09012588379274901	0.0005715241054511922	unsupported	True	0.13	0.17333333333333334	0.1311762972840409	4.026253813124899e-87
spon1b	25-15585551-15586051	17	0.12410923539219895	0.2134716442194325	3	0.08936240882723354	0.13562428757872674	0.0025872150687315932	unsupported	True	0.07	0.11666666666666668	0.1195330808260916	1.3117464571111709e-72
spon1b	25-15710540-15711040	18	0.05747284071830154	0.11877071810350866	0	0.06129787738520712	0.0681868249284549	0.0004964268771233247	unsupported	True	0.235	0.24736842105263154	0.1076790106506696	3.0118469296000292e-59
spon1b	25-15651438-15651938	19	0.04427239176594529	0.08412711859816313	3	0.03985472683221784	0.0565507169211569	0.00018960682510169694	unsupported	True	0.35	0.35	0.0748442371651234	1.3642110883140486e-29
foxg1a	17-29079779-29080279	0	0.406086226065057	0.6275312384110254	0	0.22144501234596842	0.4509189263365698	0.06266134564644217	core_concordant	True	0.005	0.02	0.2325921262945382	4.4429965602372143e-274
foxg1a	17-29032332-29032832	1	0.2650349353302741	0.42190650590745543	0	0.15687157057718132	0.292839085817726	0.01938159478492769	regional_candidate	True	0.015	0.04285714285714286	0.1825377826748312	6.199897390038834e-168
foxg1a	17-29036025-29036525	2	0.3258742386401726	0.5088758199354224	0	0.1830015812952498	0.4088050481451365	0.03807000270299164	regional_candidate	True	0.01	0.03333333333333333	0.1743035782520579	4.196569305186601e-153
foxg1a	17-29030034-29030534	3	0.34082553800141013	0.5969969569864821	0	0.256171418985072	0.4825825539202543	0.07380306680719952	regional_candidate	True	0.005	0.02	0.1522115898776726	7.096408786125608e-117
foxg1a	17-29141966-29142466	4	0.37511575679691944	0.6264660955833918	0	0.2513503387864724	0.47527501551091733	0.07483797566784611	core_concordant	True	0.005	0.02	0.1494985808466006	8.836748302803694e-113
foxg1a	17-29024053-29024553	5	0.3245686333239671	0.49283371876373167	0	0.16826508543976454	0.3885031918445421	0.03221729066766332	regional_candidate	True	0.005	0.02	0.1410037656001282	1.8790497463671805e-100
foxg1a	17-29095835-29096335	6	0.04194958168984006	0.10844871568342979	1	0.06649913399358973	0.09578181256053389	0.0006907540725407966	unsupported	True	0.44	0.5	0.1356408065762384	4.699378185268331e-93
foxg1a	17-29141455-29141955	7	0.2648988761426719	0.4588708753150213	0	0.19397199917234942	0.38870053131461757	0.034597496168204324	regional_candidate	True	0.005	0.02	0.1218923558863351	1.944201039551389e-75
foxg1a	17-29199772-29200272	8	0.11127189112597458	0.1273215624819969	0	0.016049671356022338	0.10178191217506788	0.00020798820614523428	unsupported	True	0.235	0.3357142857142857	0.1211894423918458	1.372634715047681e-74
foxg1a	17-29083303-29083803	9	0.11837020973133255	0.21192910632209874	0	0.09355889659076619	0.17336912117155154	0.0034375375087878587	unsupported	True	0.09	0.19	0.119902367594525	4.772626492130712e-73
foxg1a	17-29056573-29057073	10	0.04672463719755589	0.07886520244373044	5	0.03214056524617455	0.033046969155619436	8.37665382074584e-05	unsupported	True	0.44	0.5	0.1147198225026483	5.1807391422030207e-67
foxg1a	17-29071852-29072352	11	0.10351582656734998	0.15135617461666515	0	0.04784034804931517	0.152889212746181	0.0011070604042008841	unsupported	True	0.28	0.37333333333333335	0.114593383622664	7.215095157952979e-67
foxg1a	17-29065354-29065854	12	0.11361502540228402	0.24148379985592383	4	0.1278687744536398	0.1333266457098447	0.004116891836371356	unsupported	True	0.095	0.19	0.111054531145704	6.589260220494875e-63
foxg1a	17-29099297-29099797	13	0.11610747619444162	0.18942140575214278	0	0.07331392955770116	0.13535731557711744	0.0018797378484782517	unsupported	True	0.14	0.23333333333333336	0.1105143047133623	2.584130824291481e-62
foxg1a	17-29106355-29106855	14	0.13414673257376833	0.2231586294500887	0	0.08901189687632038	0.13729142379658205	0.0027271256650154667	unsupported	True	0.115	0.2090909090909091	0.1036454865033731	5.0332582800185125e-55
foxg1a	17-29082334-29082834	15	-0.01357559559801261	0.03212019194487223	1	0.045695787542884836	0.0365647037757277	5.3668116993623185e-05	unsupported	True	0.705	0.7421052631578947	0.1029275521475419	2.7313206981997383e-54
foxg1a	17-29135811-29136311	16	0.031159035393059968	0.03230333430899974	2	0.0011442989159397704	0.02435292127146858	9.00197708832617e-07	unsupported	True	0.775	0.775	0.0949768739014966	1.6807557578634706e-46
foxg1a	17-29084712-29085212	17	0.06573018861532547	0.12836232071459255	0	0.06263213209926709	0.08196446652168908	0.0006589620027010154	unsupported	True	0.2	0.3076923076923077	0.0873710128314774	1.2197574514314215e-39
foxg1a	17-29032848-29033348	18	-0.02096557153071931	0.10043828762560568	1	0.12140385915632498	0.12021026692209086	0.0014657953968184533	unsupported	True	0.45	0.5	0.0862336856477467	1.1554129032287703e-38
foxg1a	17-29024596-29025096	19	0.19364809076778944	0.323687791947547	0	0.13003970117975755	0.27427869247920267	0.011545011062205167	regional_candidate	True	0.04	0.1	0.0819449748048905	4.2605230888964177e-35
fscn1a	3-40559717-40560217	0	0.2323016711928308	0.19173589352838552	2	-0.040565777664445274	0.10041593948806413	0.0	unsupported	True	0.2	0.36363636363636365	0.3584971591418925	0.0
fscn1a	3-40601063-40601563	1	0.3811451280699808	0.43641858369621656	0	0.05527345562623576	0.15480471377856164	0.0037342555339961348	core_concordant	True	0.005	0.05	0.3478178640326868	0.0
fscn1a	3-40556126-40556626	2	0.2315754966854667	0.13917399122710264	2	-0.09240150545836406	0.08585313432524885	0.0	unsupported	True	0.335	0.5333333333333333	0.3310370828818878	0.0
fscn1a	3-40551247-40551747	3	0.20117453464036636	0.1756649172434708	3	-0.025509617396895556	0.02647688727287628	0.0	unsupported	True	0.15	0.35555555555555557	0.2638794284815046	0.0
fscn1a	3-40580821-40581321	4	0.14871280190062913	0.07166258330616185	2	-0.07705021859446728	0.07549411162276895	0.0	unsupported	True	0.755	0.755	0.2547019676310777	0.0
fscn1a	3-40578748-40579248	5	0.17807310708659246	0.1560438423374338	2	-0.022029264749158672	0.060184196841310045	0.0	unsupported	True	0.415	0.5333333333333333	0.2474496775142582	0.0
fscn1a	3-40578245-40578745	6	0.16206255538210693	0.12892837914297686	2	-0.033134176239130064	0.08215439789230991	0.0	unsupported	True	0.48	0.5333333333333333	0.2454488545332276	6.503455218479194e-306
fscn1a	3-40549777-40550277	7	0.1920011479458997	0.20617192291613076	4	0.01417077497023106	0.07345843039561259	0.00021461732005642012	unsupported	True	0.13	0.35555555555555557	0.2429818551732237	1.1765552323620627e-299
fscn1a	3-40608289-40608789	8	0.2261980173397618	0.19659146229739602	2	-0.029606555042365784	0.047580797941342096	0.0	unsupported	True	0.16	0.35555555555555557	0.2222095307055745	9.289980373409399e-250
fscn1a	3-40582930-40583430	9	0.06348712065650947	0.08487919029376954	3	0.021392069637260078	0.08205332377995136	0.00014898762926335762	unsupported	True	0.42	0.5333333333333333	0.2023006140465253	1.5932881601060529e-206
fscn1a	3-40503567-40504067	10	0.265637983232506	0.37807901792155313	0	0.11244103468904715	0.24724032382074282	0.010510580753590825	regional_candidate	True	0.005	0.05	0.2018137334963078	1.6008998436777695e-205
fscn1a	3-40597182-40597682	11	0.18801859244066535	0.2413074276301049	0	0.053288835189439554	0.1143480355154892	0.0014704004442896222	unsupported	True	0.025	0.125	0.2009236956986452	1.070121698918404e-203
fscn1a	3-40504233-40504733	12	0.12781558984313277	0.20575776862055514	0	0.07794217877742238	0.1456412596300491	0.0023356792886402465	unsupported	True	0.11	0.35555555555555557	0.1699332001791792	1.5837160411517138e-145
fscn1a	3-40511238-40511738	13	0.06380313417356964	0.09837229336645878	2	0.03456915919288914	0.15171244101294104	0.0005159205286306255	unsupported	True	0.62	0.6526315789473685	0.1649574541855333	3.791227057462211e-137
fscn1a	3-40482096-40482596	14	0.09082897795277062	0.14546051131022564	2	0.05463153335745502	0.12505250900264253	0.0009937586218869397	unsupported	True	0.2	0.36363636363636365	0.1618215805529323	5.307992919805586e-132
fscn1a	3-40565769-40566269	15	0.18595499930034912	0.30877716859991833	3	0.12282216929956921	0.16582167774871986	0.006288734343869216	regional_candidate	True	0.01	0.06666666666666667	0.1615941568741681	1.2419639035930417e-131
fscn1a	3-40617859-40618359	16	0.15836162502588108	0.303789562720612	2	0.14542793769473095	0.16656494613347567	0.007358754305368939	regional_candidate	True	0.035	0.14	0.1596723269187491	1.5562159316174427e-128
fscn1a	3-40519860-40520360	17	0.14460884117782682	0.13254819512772895	0	-0.012060646050097878	0.031049215960624557	0.0	unsupported	True	0.385	0.5333333333333333	0.1573292736703453	8.250285687109992e-125
fscn1a	3-40477949-40478449	18	0.09051286065076782	0.10349988217514404	4	0.012987021524376224	0.0584995741221561	7.863250661245403e-05	unsupported	True	0.45	0.5333333333333333	0.1482033622448186	7.487702360127257e-111
fscn1a	3-40553759-40554259	19	0.10087547872341124	0.1174255377386095	3	0.016550059015198265	0.07440988687977951	0.00014460814287022987	unsupported	True	0.48	0.5333333333333333	0.1368705696434426	1.0041805305250243e-94
