gene	enhancer	enhancer_index	global_concordance	max_regional_concordance	best_domain	local_advantage	regional_specificity	regional_evidence_score	predicted_class	screen_only	initial_spearman_rho	link_pvalue
krt8	23-10290818-10291318	0	0.6201289715823131	0.6646131768298288	5	0.04448420524751573	0.04315491246605285	0.0012758658800043792	core_concordant	True	0.5215520231026145	0.0
krt8	23-10256140-10256640	1	0.6140701456709443	0.6620940018137986	1	0.048023856142854315	0.08338681948210891	0.0026513929200245746	core_concordant	True	0.4957964227167282	0.0
krt8	23-10273687-10274187	2	0.6111218815519954	0.6454109855029349	1	0.034289103950939426	0.05317619978434218	0.0011768193124382762	core_concordant	True	0.4766172817360098	0.0
krt8	23-10174777-10175277	3	0.6346188798247783	0.7070490891048538	0	0.07243020928007549	0.09959106875370538	0.005100229279690675	core_concordant	True	0.4608962141761235	0.0
krt8	23-10205106-10205606	4	0.6273251982622118	0.680210235605259	1	0.05288503734304717	0.05573723154724475	0.0020050322930619748	core_concordant	True	0.4463766001379978	0.0
krt8	23-10277756-10278256	5	0.48413005575332957	0.5145362093145864	1	0.030406153561256866	0.054566976459305694	0.0008537040023247325	core_concordant	True	0.4452864658887008	0.0
krt8	23-10251276-10251776	6	0.4429151710708427	0.5108988787720611	1	0.06798370770121837	0.08152183379198524	0.0028314815519357036	core_concordant	True	0.4429795833921967	0.0
krt8	23-10172940-10173440	7	0.539670212663473	0.5799223068664258	1	0.040252094202952726	0.0711685309956005	0.0016612932339205573	core_concordant	True	0.4341054524852064	0.0
krt8	23-10259233-10259733	8	0.48278014368820804	0.5445422920953742	1	0.06176214840716615	0.11811024676821985	0.003972295849826331	core_concordant	True	0.4302741210471655	0.0
krt8	23-10343423-10343923	9	0.5169362167907796	0.5671971219212301	1	0.05026090513045045	0.09439966907275521	0.002691130731376733	core_concordant	True	0.4293281267514734	0.0
krt8	23-10345203-10345703	10	0.4779091768054882	0.5066480062577655	0	0.028738829452277292	0.017152336645397614	0.0002497460942043747	core_concordant	True	0.42534657404499	0.0
krt8	23-10249123-10249623	11	0.4181648392484373	0.4390712011785291	1	0.02090636193009182	0.026480475834959605	0.0002430743885320406	core_concordant	True	0.4239513569153796	0.0
krt8	23-10172393-10172893	12	0.5359714715050672	0.5720875116470144	0	0.03611604014194725	0.06792919413194165	0.0014035214584448205	core_concordant	True	0.4204023690187315	0.0
krt8	23-10215927-10216427	13	0.465405208732527	0.5714595053795051	1	0.10605429664697807	0.18336691731625387	0.011113086964629319	core_concordant	True	0.4188469198632344	0.0
krt8	23-10344510-10345010	14	0.4577373691441515	0.49081516638133166	0	0.033077797237180184	0.04839864915836373	0.0007857561614093514	core_concordant	True	0.4121576522311664	0.0
krt8	23-10197136-10197636	15	0.39127367474926966	0.4510241999162006	1	0.05975052516693091	0.09159617613216264	0.0024684191960542686	core_concordant	True	0.4066654807170772	0.0
krt8	23-10174177-10174677	16	0.5819410560610917	0.6068442316590658	4	0.02490317559797406	0.00737038380476529	0.0001113838083535185	core_concordant	True	0.4064933536191671	0.0
krt8	23-10350579-10351079	17	0.4650655747916228	0.5508878606267752	4	0.08582228583515239	0.10837009534566805	0.005123570723593197	core_concordant	True	0.3912185882735548	0.0
krt8	23-10281439-10281939	18	0.40193011962475234	0.41696432974885794	2	0.015034210124105607	0.030466971626317174	0.00019098919916947388	core_concordant	True	0.3870016357395066	0.0
krt8	23-10181999-10182499	19	0.484229736466822	0.5536494799758008	1	0.06941974350897884	0.14318317323391672	0.00550313141741676	core_concordant	True	0.3847371337074769	0.0
hoxc3a	23-35987197-35987697	0	0.6734649436349178	0.5769353186472174	2	-0.09652962498770046	0.4607095989401242	0.0	core_concordant	True	0.6020955932039833	0.0
hoxc3a	23-36106458-36106958	1	0.5495083137273401	0.32633625688469975	2	-0.22317205684264035	0.24874323642776644	0.0	core_concordant	True	0.5655007113381653	0.0
hoxc3a	23-36098603-36099103	2	0.5457862842102212	0.37387673559597395	2	-0.1719095486142473	0.29746887106210845	0.0	core_concordant	True	0.5214659714684651	0.0
hoxc3a	23-36112322-36112822	3	0.4808262824069142	0.24350302934769374	2	-0.23732325305922047	0.16353890905398072	0.0	core_concordant	True	0.5115517229367015	0.0
hoxc3a	23-36078189-36078689	4	0.5127869791089475	0.35535755716581335	2	-0.1574294219431342	0.29289848992895584	0.0	core_concordant	True	0.5095241021669998	0.0
hoxc3a	23-36122274-36122774	5	0.3918232829569337	0.10582014620599565	5	-0.286003136750938	0.07909879039047145	0.0	core_concordant	True	0.4732896364137906	0.0
hoxc3a	23-36103170-36103670	6	0.49675079374500064	0.38624583108856225	2	-0.11050496265643839	0.3574298008545999	0.0	core_concordant	True	0.4666493806152342	0.0
hoxc3a	23-36121246-36121746	7	0.416469164793654	0.19359158963390713	2	-0.22287757515974685	0.09506906678067686	0.0	core_concordant	True	0.461437742029501	0.0
hoxc3a	23-36005426-36005926	8	0.4411118334921728	0.2669002770033945	2	-0.17421155648877829	0.24290380272945117	0.0	core_concordant	True	0.4495963572022842	0.0
hoxc3a	23-36109118-36109618	9	0.4223750682066946	0.24247367876726086	2	-0.17990138943943376	0.2110398000962586	0.0	core_concordant	True	0.4397785818022019	0.0
hoxc3a	23-36058455-36058955	10	0.45404050449106675	0.3431364274181797	2	-0.11090407707288708	0.28933551263205626	0.0	core_concordant	True	0.4321313144766204	0.0
hoxc3a	23-36105809-36106309	11	0.4287745721247708	0.2939697855862036	2	-0.1348047865385672	0.27917793887360315	0.0	core_concordant	True	0.4233277839012876	0.0
hoxc3a	23-36079318-36079818	12	0.40557008492431756	0.2892600626824092	2	-0.11631002224190834	0.27958107585346476	0.0	core_concordant	True	0.3844260474793448	0.0
hoxc3a	23-36069359-36069859	13	0.22907440877837223	0.19237128678953425	1	-0.03670312198883799	0.16122802708069758	0.0	unsupported	True	0.3145742315429492	0.0
hoxc3a	23-36132770-36133270	14	0.2792408024795251	0.21963936560086753	2	-0.05960143687865757	0.17999035016927747	0.0	unsupported	True	0.310244768256748	0.0
hoxc3a	23-36024576-36025076	15	0.3300664078503506	0.307780846756673	2	-0.022285561093677575	0.2584267239679262	0.0	unsupported	True	0.3062260785300927	0.0
hoxc3a	23-36078705-36079205	16	0.298681219472677	0.2598977137669284	2	-0.03878350570574862	0.24096494221081785	0.0	unsupported	True	0.2850807129913295	0.0
hoxc3a	23-36018943-36019443	17	0.2722542938149972	0.11134376549231609	1	-0.16091052832268113	0.06825218134425506	0.0	unsupported	True	0.2794892932542568	0.0
hoxc3a	23-36040137-36040637	18	0.22041927591662533	0.16650926796803459	2	-0.053910007948590744	0.18230320003058476	0.0	unsupported	True	0.2787589231354347	0.0
hoxc3a	23-36181686-36182186	19	0.2019147546107626	0.07094698869414777	5	-0.13096776591661485	0.0936813677605307	0.0	unsupported	True	0.2698088033633003	0.0
krt18a.1	23-10290818-10291318	0	0.6118261129507588	0.6485609526135707	5	0.03673483966281188	0.03911326768712975	0.0009318650996491123	core_concordant	True	0.5009961378907781	0.0
krt18a.1	23-10256140-10256640	1	0.5779125694987357	0.6142313479610253	2	0.03631877846228959	0.04033116876749798	0.0008997130467104082	core_concordant	True	0.476290460435824	0.0
krt18a.1	23-10273687-10274187	2	0.6041982414387191	0.6290028969031155	1	0.024804655464396363	0.023560542851585153	0.0003675963050667489	core_concordant	True	0.4630519535686995	0.0
krt18a.1	23-10277756-10278256	3	0.5046526995015979	0.5335651382657476	1	0.028912438764149728	0.045133039864895697	0.0006962524844167175	core_concordant	True	0.4453399998899757	0.0
krt18a.1	23-10249123-10249623	4	0.43534300709255974	0.45765417758432475	1	0.02231117049176501	0.015699162845274284	0.00016030101798313878	core_concordant	True	0.4398303910224647	0.0
krt18a.1	23-10350579-10351079	5	0.4932520146627678	0.5734557213438318	4	0.08020370668106402	0.12045835769820301	0.005540274307727181	core_concordant	True	0.4311699911844661	0.0
krt18a.1	23-10251276-10251776	6	0.44817060518919827	0.5119223395617915	1	0.06375173437259318	0.07272507094450575	0.0023734508344755616	core_concordant	True	0.4182437535800239	0.0
krt18a.1	23-10259233-10259733	7	0.4981988441070195	0.5732471544504417	2	0.07504831034342224	0.13286553159339387	0.0057160386403450085	core_concordant	True	0.4151737607473112	0.0
krt18a.1	23-10345203-10345703	8	0.4330923399220338	0.4548827627284405	0	0.02179042280640675	0.008281983310869434	8.209174513253686e-05	core_concordant	True	0.4094773464310455	0.0
krt18a.1	23-10343423-10343923	9	0.49032802955007504	0.5363695133266764	1	0.04604148377660133	0.08363742529026225	0.002065446980207143	core_concordant	True	0.407448818747084	0.0
krt18a.1	23-10344510-10345010	10	0.4408137853055839	0.48189170307330637	0	0.04107791776772246	0.05437866213618625	0.0010764314763841534	core_concordant	True	0.4045107964615091	0.0
krt18a.1	23-10291398-10291898	11	0.33647833012793904	0.36031881295388124	2	0.0238404828259422	0.03955754705617587	0.00033980623090049594	unsupported	True	0.3932659940703836	0.0
krt18a.1	23-10281439-10281939	12	0.38797934079519436	0.40452153267005064	2	0.016542191874856282	0.029442685119080714	0.00019702081549238841	core_concordant	True	0.3851028042086552	0.0
krt18a.1	23-10405490-10405990	13	0.3995727534144138	0.4426338756368994	2	0.04306112222248559	0.07183603849230857	0.001369217264742873	core_concordant	True	0.3660678538444621	0.0
krt18a.1	23-10262978-10263478	14	0.30056593113508234	0.359363749996456	2	0.05879781886137364	0.0636672206489532	0.001345275936680308	unsupported	True	0.3346904504499569	0.0
krt18a.1	23-10250735-10251235	15	0.389997291930434	0.41869104996671436	2	0.02869375803628038	0.05127510657055245	0.0006160098843960732	core_concordant	True	0.3199955194602757	0.0
krt18a.1	23-10356023-10356523	16	0.20287394661907343	0.2672864467529017	0	0.06441250013382827	0.06770231590463513	0.001165602899022883	unsupported	True	0.319912587364348	0.0
krt18a.1	23-10248620-10249120	17	0.3595974196897829	0.37663830108643087	1	0.017040881396647944	0.022188759161857363	0.00014241297283124746	core_concordant	True	0.3119831235096254	0.0
krt18a.1	23-10308331-10308831	18	0.25192374512014354	0.32538386530529484	0	0.0734601201851513	0.02503735012256525	0.0005984612164793046	unsupported	True	0.2947397226385814	0.0
krt18a.1	23-10322307-10322807	19	0.36053688138971507	0.40164066677520577	4	0.0411037853854907	0.04099691742808198	0.0006768161325066314	core_concordant	True	0.2879553688599213	0.0
krt4	6-39307736-39308236	0	0.6855769797069451	0.7295942685707313	1	0.0440172888637862	0.06276798813926454	0.002015778979788725	core_concordant	True	0.5073940376955017	0.0
krt4	6-39308770-39309270	1	0.7115612290314226	0.7835053376242602	1	0.07194410859283762	0.1306184208406298	0.007362776614829758	core_concordant	True	0.4847745403172027	0.0
krt4	6-39310597-39311097	2	0.7555553325115254	0.7978462527715907	1	0.04229092026006531	0.04663467610015515	0.0015735310240312156	core_concordant	True	0.4802663625501841	0.0
krt4	6-39334054-39334554	3	0.6824442857869041	0.7143121605499225	4	0.031867874763018444	0.024884454780745635	0.0005664600354893999	core_concordant	True	0.4740248201607981	0.0
krt4	6-39352424-39352924	4	0.6778163867461339	0.7126755220100668	3	0.03485913526393292	0.035631381507978954	0.0008851994049132021	core_concordant	True	0.4608808590103154	0.0
krt4	6-39317159-39317659	5	0.5635088326063212	0.6058789064480746	2	0.0423700738417534	0.06308025289187935	0.0016193416250797933	core_concordant	True	0.4094416193696212	0.0
krt4	6-39330697-39331197	6	0.44653932537909513	0.5055201019989145	0	0.058980776619819375	0.07193654888539835	0.0021448578549074612	core_concordant	True	0.4019221242324822	0.0
krt4	6-39332470-39332970	7	0.42823372452536673	0.5255892240107112	1	0.09735549948534444	0.12986696178267676	0.006645162752865911	core_concordant	True	0.3942524074753043	0.0
krt4	6-39309656-39310156	8	0.648005896820135	0.6953311693469035	1	0.04732527252676855	0.09220427319447022	0.003034141776188383	core_concordant	True	0.3941102375982411	0.0
krt4	6-39331749-39332249	9	0.47804654634618293	0.5509839728632195	1	0.07293742651703661	0.12592391335101766	0.005060548761106037	core_concordant	True	0.3785545588117961	0.0
krt4	6-39334557-39335057	10	0.4735088136315674	0.5086628842949659	2	0.035154070663398485	0.09398709773183228	0.001680636959141189	core_concordant	True	0.3753412831958255	0.0
krt4	6-39327686-39328186	11	0.42683668819637	0.5015343971746682	1	0.0746977089782982	0.1167667816723964	0.004374488873879984	core_concordant	True	0.3625202813278348	0.0
krt4	6-39307153-39307653	12	0.28604647332972494	0.35099104646477686	3	0.06494457313505192	0.08170716044004078	0.0018625117551888165	unsupported	True	0.3623901196950552	0.0
krt4	6-39316173-39316673	13	0.3896394117897042	0.43793495601126553	4	0.04829554422156135	0.06600717516443272	0.0013960720211886064	core_concordant	True	0.348809421975195	0.0
krt4	6-39256513-39257013	14	0.38383991428721764	0.4058402700332305	0	0.022000355746012834	0.03176860918641472	0.0002836501671040434	core_concordant	True	0.3377533465890103	0.0
krt4	6-39327134-39327634	15	0.3883937120135142	0.48927732718731715	2	0.10088361517380295	0.10102292356788084	0.004986498133326587	core_concordant	True	0.317894573098193	0.0
krt4	6-39362507-39363007	16	0.2988633956120553	0.3938884822389308	2	0.09502508662687548	0.15306957953232095	0.005729285245645415	regional_candidate	True	0.3051744982639821	0.0
krt4	6-39320251-39320751	17	0.30572826786580426	0.37360636765152394	5	0.06787809978571968	0.09042675775195547	0.0022931945717871724	unsupported	True	0.3026178074648435	0.0
krt4	6-39272484-39272984	18	0.3686385021386301	0.4285944783544201	2	0.05995597621579002	0.10527484277607912	0.0027052266167405022	core_concordant	True	0.2949402773226013	0.0
krt4	6-39337962-39338462	19	0.18173534972774572	0.2239904949267991	1	0.04225514519905338	0.05980431382580248	0.0005660329322897031	unsupported	True	0.2839729035868891	0.0
cdx4	14-32957127-32957627	0	0.581126369998549	0.35408367826985165	1	-0.2270426917286974	0.17291227345975452	0.0	core_concordant	True	0.5951975293897024	0.0
cdx4	14-32914750-32915250	1	0.5925379153107373	0.41544480991946503	2	-0.17709310539127227	0.3217050605244888	0.0	core_concordant	True	0.5678889377763029	0.0
cdx4	14-32902460-32902960	2	0.6034424260609482	0.5190637182103202	2	-0.08437870785062807	0.4059218817160621	0.0	core_concordant	True	0.549635520217093	0.0
cdx4	14-32900506-32901006	3	0.463938296892278	0.31632405520813717	2	-0.14761424168414083	0.21211015604797667	0.0	core_concordant	True	0.4446780132539894	0.0
cdx4	14-32912130-32912630	4	0.44927695213799196	0.36740666122772025	2	-0.0818702909102717	0.30074158743237833	0.0	core_concordant	True	0.4197930971059217	0.0
cdx4	14-32926196-32926696	5	0.3565719192994759	0.13816273581316796	5	-0.21840918348630795	0.11682920882183685	0.0	core_concordant	True	0.4078849096765358	0.0
cdx4	14-32903410-32903910	6	0.35339011975166257	0.2373659173675775	2	-0.11602420238408506	0.14592172581891455	0.0	core_concordant	True	0.3709979572862922	0.0
cdx4	14-33017801-33018301	7	0.399566160984117	0.3630260296911304	2	-0.03654013129298661	0.2776047060268995	0.0	core_concordant	True	0.3592787273810266	0.0
cdx4	14-33001288-33001788	8	0.48912615195693543	0.5000193359484141	2	0.01089318399147865	0.4642795820910415	0.0025288392468309413	core_concordant	True	0.3541155457882326	0.0
cdx4	14-33062199-33062699	9	0.2103757085935865	0.04707106060200993	5	-0.16330464799157657	0.03121556527105003	0.0	unsupported	True	0.3341029455199152	0.0
cdx4	14-32988449-32988949	10	0.3230430911444528	0.21987530205714145	2	-0.10316778908731133	0.15053226355063673	0.0	unsupported	True	0.3272601192335133	0.0
cdx4	14-32896543-32897043	11	0.33935976404267243	0.2507142780519093	2	-0.0886454859907631	0.2407394148766694	0.0	unsupported	True	0.320450227741565	0.0
cdx4	14-32956395-32956895	12	0.2939600555610385	0.20703586845770358	2	-0.08692418710333491	0.1887335800722344	0.0	unsupported	True	0.3074323893155757	0.0
cdx4	14-32922337-32922837	13	0.27548836698297446	0.11990118546146994	2	-0.15558718152150453	0.0827006643465878	0.0	unsupported	True	0.3015008334951272	0.0
cdx4	14-33020711-33021211	14	0.201491044784612	0.1627361896731104	2	-0.03875485511150159	0.15216944486595912	0.0	unsupported	True	0.2899907385993389	0.0
cdx4	14-32899856-32900356	15	0.3798384526745607	0.3867970092289748	2	0.00695855655441413	0.37564090220575214	0.0010110558435279724	core_concordant	True	0.2855316265900763	0.0
cdx4	14-32940504-32941004	16	0.32596211028997185	0.3296107268416688	2	0.0036486165516969593	0.32932289024530575	0.00039605133281005037	unsupported	True	0.2811035479197191	0.0
cdx4	14-32913982-32914482	17	0.2611305151447408	0.1627010117915394	2	-0.09842950335320139	0.1410341713339049	0.0	unsupported	True	0.2744723765501798	0.0
cdx4	14-33057941-33058441	18	0.24413224317091464	0.19438068404294526	2	-0.049751559127969386	0.17626488112898248	0.0	unsupported	True	0.2655133571845851	0.0
cdx4	14-32903981-32904481	19	0.33207301622008567	0.454041511247369	2	0.12196849502728335	0.46296214420458864	0.02563826938352616	regional_candidate	True	0.2503082683921581	0.0
sox2	22-37309139-37309639	0	0.5144471534852185	0.6203369437523011	4	0.10588979026708256	0.24334363289525018	0.015984598109004673	core_concordant	True	0.5540605544378954	0.0
sox2	22-37396887-37397387	1	0.5335481286661526	0.6226171592898138	5	0.08906903062366112	0.16889636425679427	0.009366301039745397	core_concordant	True	0.5527228299240762	0.0
sox2	22-37329687-37330187	2	0.5095860558440876	0.6876017409175845	4	0.17801568507349697	0.358655554339567	0.043900836802773555	core_concordant	True	0.5156046749349161	0.0
sox2	22-37284383-37284883	3	0.489118171317448	0.650300156040767	4	0.16118198472331896	0.36084796137314196	0.037822881621218336	core_concordant	True	0.49654038138	0.0
sox2	22-37344739-37345239	4	0.39247410823593004	0.44060788972553944	5	0.048133781489609395	0.14074029896735513	0.0029848376963434084	core_concordant	True	0.447497050427133	0.0
sox2	22-37403139-37403639	5	0.3398303773893578	0.399459017083749	4	0.059628639694391194	0.11872514637504955	0.0028279377456217492	unsupported	True	0.3977484117676214	0.0
sox2	22-37412456-37412956	6	0.3981469354649348	0.46221641951608056	5	0.06406948405114576	0.1044082636487606	0.0030919429283431	core_concordant	True	0.3905603515015109	0.0
sox2	22-37353502-37354002	7	0.4049336906552111	0.47908579678392177	5	0.07415210612871065	0.1330335843397707	0.004726047463855327	core_concordant	True	0.3741820558617365	0.0
sox2	22-37403846-37404346	8	0.28748998890640187	0.4243627634314493	2	0.13687277452504742	0.15308212246471326	0.008891577429234054	regional_candidate	True	0.3676356154794264	0.0
sox2	22-37364547-37365047	9	0.41485030882105384	0.45418186592639587	4	0.03933155710534203	0.07489494038634542	0.0013378992483732948	core_concordant	True	0.3512930386803675	0.0
sox2	22-37300704-37301204	10	0.3217124358086287	0.30788988030158265	2	-0.01382255550704603	0.1204876344944586	0.0	unsupported	True	0.3447370268188159	0.0
sox2	22-37322492-37322992	11	0.34192658394375713	0.3896321239644217	5	0.04770554002066457	0.0857641680649654	0.0015941509837061915	unsupported	True	0.3396478427428443	0.0
sox2	22-37297728-37298228	12	0.27177063726633993	0.3623095114514795	2	0.09053887418513956	0.06091100460226789	0.0019980694871657785	unsupported	True	0.3357780429799891	0.0
sox2	22-37377279-37377779	13	0.25302901755692836	0.2959545054240717	4	0.04292548786714334	0.06664445057284082	0.0008466505357193265	unsupported	True	0.2917366759448411	0.0
sox2	22-37339598-37340098	14	0.2281462229039765	0.2975168984477399	4	0.06937067554376339	0.08946242793649012	0.0018464104188012317	unsupported	True	0.2640939675691984	0.0
sox2	22-37360601-37361101	15	0.15210979603399105	0.22479995104191142	4	0.07269015500792037	0.11149973846020576	0.0018219886027469165	unsupported	True	0.2464664773463042	1.62640329302929e-308
sox2	22-37341704-37342204	16	0.21869889359258204	0.2655283151359252	5	0.04682942154334313	0.17152578106095026	0.002132843739871382	unsupported	True	0.2451150914875408	4.611972778815726e-305
sox2	22-37320590-37321090	17	0.1747783383785239	0.20335471604955252	5	0.028576377671028608	0.12737250130849614	0.0007401795858997025	unsupported	True	0.2338992497725972	3.1509393316091304e-277
sox2	22-37312351-37312851	18	0.22985475567461036	0.2832424360361198	4	0.053387680361509454	0.03164891257561825	0.00047858398899508107	unsupported	True	0.229507785287708	1.0022773001169251e-266
sox2	22-37305025-37305525	19	0.2249605728961788	0.29721967057685716	4	0.07225909768067837	0.12470988125170926	0.0026783723214571756	unsupported	True	0.223378152714639	1.95845633353338e-252
tfap2a	24-8671830-8672330	0	0.41993513309277797	0.6881209134314314	1	0.2681857803386535	0.33023666543104535	0.06094327580795068	core_concordant	True	0.4944599802589723	0.0
tfap2a	24-8711451-8711951	1	0.42371627638014114	0.5037459866170563	1	0.08002971023691513	0.06443434614850552	0.0025976478128188554	core_concordant	True	0.4618780001412104	0.0
tfap2a	24-8664122-8664622	2	0.42842703326565496	0.5753624021667003	1	0.14693536890104536	0.19989243319106037	0.01689912354789826	core_concordant	True	0.454643677491666	0.0
tfap2a	24-8676361-8676861	3	0.45558447941625163	0.5250206448420892	1	0.06943616542583758	0.10417436769355559	0.003797720363676011	core_concordant	True	0.4542826562456104	0.0
tfap2a	24-8729467-8729967	4	0.43872303623513553	0.5309788668639603	1	0.09225583062882481	0.1617083816436835	0.007921430031646219	core_concordant	True	0.448933959718447	0.0
tfap2a	24-8693214-8693714	5	0.2982062850213041	0.497186399261016	1	0.1989801142397119	0.2873969445758409	0.02843223908107863	regional_candidate	True	0.3767115760714908	0.0
tfap2a	24-8681538-8682038	6	0.220661893538706	0.33320699079496713	1	0.11254509725626113	0.15038489777626976	0.005639555957426254	regional_candidate	True	0.3708065487297052	0.0
tfap2a	24-8635874-8636374	7	0.366587295852788	0.45852728358467015	1	0.09193998773188217	0.171002530342508	0.0072089524451348	core_concordant	True	0.3535033999559546	0.0
tfap2a	24-8655595-8656095	8	0.2182960852922582	0.31738017765118026	2	0.09908409235892207	0.14901493453729053	0.004686121349732125	unsupported	True	0.3472806462856683	0.0
tfap2a	24-8659540-8660040	9	0.15976082763233515	0.22586183043348354	1	0.06610100280114839	0.09253158943562775	0.0013814682680607713	unsupported	True	0.3470720105976638	0.0
tfap2a	24-8716398-8716898	10	0.33255954017337014	0.4292715387205282	2	0.09671199854715806	0.15069400075319722	0.0062561681972807	regional_candidate	True	0.3384474249536265	0.0
tfap2a	24-8691106-8691606	11	0.31764036559730463	0.37521973274436954	0	0.05757936714706491	0.08914946262385248	0.0019260665402205542	unsupported	True	0.336027458126691	0.0
tfap2a	24-8694018-8694518	12	0.25353735608185496	0.3881228549561262	1	0.13458549887427124	0.21624246365486074	0.01129557820138593	regional_candidate	True	0.3315405027457945	0.0
tfap2a	24-8669076-8669576	13	0.23391588675116717	0.262060760933638	1	0.02814487418247083	0.026421759314832094	0.0001948781020819879	unsupported	True	0.3235290033541131	0.0
tfap2a	24-8650659-8651159	14	0.16731797807203763	0.2661276686376328	1	0.09880969056559519	0.14584154037261557	0.0038350480648106904	unsupported	True	0.2989699930397986	0.0
tfap2a	24-8702411-8702911	15	0.23118513614072517	0.4319404547497541	1	0.20075531860902895	0.3034677429469629	0.026315006137490663	regional_candidate	True	0.2958531712416499	0.0
tfap2a	24-8717875-8718375	16	0.27216793929884175	0.3438003797997082	1	0.07163244050086642	0.13174732111845017	0.0032445755644478274	unsupported	True	0.2849933547169653	0.0
tfap2a	24-8719861-8720361	17	0.2105539292877693	0.25167411464501876	3	0.041120185357249456	0.03855305396724479	0.00039898116985905555	unsupported	True	0.2664260770341179	0.0
tfap2a	24-8721090-8721590	18	0.17426407040334052	0.2388561810045057	3	0.06459211060116518	0.09462213852266277	0.0014598516299766718	unsupported	True	0.2457251120960229	1.2823100060723425e-306
tfap2a	24-8718451-8718951	19	0.21663523971639498	0.28549445820294483	2	0.06885921848654986	0.11466992872055498	0.0022542875599032767	unsupported	True	0.2410604424130491	7.852668687698467e-295
mycn	20-33340824-33341324	0	0.5886273653882158	0.5663572865793847	5	-0.02227007880883114	0.08253426945247488	0.0	core_concordant	True	0.5719490645553263	0.0
mycn	20-33327462-33327962	1	0.54083166368448	0.5380353621903348	5	-0.0027963014941452258	0.10127933692063718	0.0	core_concordant	True	0.5671852666171289	0.0
mycn	20-33355413-33355913	2	0.5174580569129374	0.509153799569544	4	-0.008304257343393462	0.08325771575167656	0.0	core_concordant	True	0.5331751422630291	0.0
mycn	20-33353716-33354216	3	0.4952116408171373	0.5065776143913437	4	0.011365973574206434	0.20061139297274977	0.001155069802221924	core_concordant	True	0.5071094121782138	0.0
mycn	20-33392804-33393304	4	0.4192914036999362	0.49243592877544295	5	0.07314452507550673	0.09305669779146714	0.0033518084663620453	core_concordant	True	0.4038239561638987	0.0
mycn	20-33368085-33368585	5	0.3750711764357282	0.3965360275703611	4	0.021464851134632923	0.08974853923531967	0.0007639024819927827	core_concordant	True	0.38207168509234	0.0
mycn	20-33257648-33258148	6	0.3662678065029568	0.3522660024830009	5	-0.014001804019955932	0.08322485435244459	0.0	core_concordant	True	0.367932415297396	0.0
mycn	20-33322484-33322984	7	0.3391961194598095	0.4105605539508533	4	0.0713644344910438	0.07614296614608695	0.002230944878945636	unsupported	True	0.3635165615092928	0.0
mycn	20-33388843-33389343	8	0.36104946301001184	0.43591553304499414	3	0.0748660700349823	0.24508928757969511	0.007998558217855603	core_concordant	True	0.3490883312093556	0.0
mycn	20-33390577-33391077	9	0.38712747704786304	0.4755074437733554	3	0.08837996672549236	0.2562795679331681	0.010770233942178024	core_concordant	True	0.3477422609686125	0.0
mycn	20-33330540-33331040	10	0.3739693668563262	0.47773853448741715	5	0.10376916763109095	0.18389088517569696	0.009116304216568009	core_concordant	True	0.3333124139637894	0.0
mycn	20-33300223-33300723	11	0.3275258638568858	0.41608495853394967	5	0.08855909467706385	0.18674270766679132	0.006881115317742209	regional_candidate	True	0.3114192976871027	0.0
mycn	20-33316315-33316815	12	0.2721707643133645	0.41464982772856374	4	0.14247906341519923	0.11629389560397879	0.006870517650215898	regional_candidate	True	0.3054746524535675	0.0
mycn	20-33354345-33354845	13	0.24891210613691664	0.256859194852035	5	0.007947088715118372	0.1295726386192613	0.00026449439970215017	unsupported	True	0.2819314443865997	0.0
mycn	20-33358150-33358650	14	0.2600149863965444	0.26248325504386544	5	0.002468268647321026	0.10846591102316241	7.027280645389926e-05	unsupported	True	0.2801581803987454	0.0
mycn	20-33328908-33329408	15	0.18845773144549063	0.23135130132515788	5	0.04289356987966725	0.11483554561829165	0.0011395686088706833	unsupported	True	0.2549416027166804	0.0
mycn	20-33334034-33334534	16	0.22050006248956244	0.28559023761122293	4	0.06509017512166049	0.14036574904794805	0.0026092755535036764	unsupported	True	0.237188041681336	3.0740486739372582e-285
mycn	20-33336979-33337479	17	0.2502959298136194	0.3122837702130174	3	0.061987840399397975	0.23358319330130933	0.004521655923448982	unsupported	True	0.2152719512714127	3.4451383510282376e-234
mycn	20-33336457-33336957	18	0.16554685316452933	0.2991752165337482	2	0.13362836336921885	0.1164093852439744	0.004653848691206636	unsupported	True	0.2108513495774812	1.4991914360943155e-224
mycn	20-33299643-33300143	19	0.1940845757309844	0.25209540508305933	5	0.05801082935207494	0.1245721405909854	0.0018217758118404864	unsupported	True	0.2107282342440194	2.761665836342036e-224
fn1b	1-5529207-5529707	0	0.5727916406758807	0.5289492425867482	2	-0.043842398089132484	0.3202804987388757	0.0	core_concordant	True	0.5406194089090894	0.0
fn1b	1-5537436-5537936	1	0.5106014873481146	0.4472581380961514	2	-0.06334334925196322	0.341320127018395	0.0	core_concordant	True	0.50953804941881	0.0
fn1b	1-5562478-5562978	2	0.5993482619386271	0.5475673106842747	2	-0.05178095125435245	0.11075219823937044	0.0	core_concordant	True	0.5052712277955984	0.0
fn1b	1-5570173-5570673	3	0.5453318087388588	0.6658781189371267	5	0.12054631019826789	0.1764291149367696	0.014161815140562377	core_concordant	True	0.3883419742691062	0.0
fn1b	1-5605888-5606388	4	0.32803263419084744	0.23603397615476715	2	-0.09199865803608029	0.14452490954131772	0.0	unsupported	True	0.3754991554566942	0.0
fn1b	1-5527500-5528000	5	0.27729119516270134	0.275966185509056	2	-0.0013250096536453482	0.08135181629360724	0.0	unsupported	True	0.3700393580620157	0.0
fn1b	1-5538006-5538506	6	0.24134971539066172	0.21742522138158699	2	-0.02392449400907473	0.20711046477031592	0.0	unsupported	True	0.3563560364421947	0.0
fn1b	1-5600511-5601011	7	0.3171665783517138	0.3324847785510243	2	0.015318200199310517	0.20575021566924723	0.001047899921937972	unsupported	True	0.3534499623951006	0.0
fn1b	1-5556327-5556827	8	0.20648328240419592	0.1878496977424313	1	-0.018633584661764624	0.09478448684868476	0.0	unsupported	True	0.3307868104351513	0.0
fn1b	1-5560531-5561031	9	0.17550829299189422	0.1309970328120639	1	-0.044511260179830314	0.09286416554873045	0.0	unsupported	True	0.3276047385444684	0.0
fn1b	1-5558135-5558635	10	0.2761370163624779	0.24632939286419264	2	-0.02980762349828525	0.16968411563808222	0.0	unsupported	True	0.3224425594362752	0.0
fn1b	1-5530646-5531146	11	0.28317689243759764	0.2731406526672939	2	-0.010036239770303712	0.07648779016379445	0.0	unsupported	True	0.3223289698388455	0.0
fn1b	1-5465577-5466077	12	0.21598186659610683	0.034413798673482425	5	-0.1815680679226244	0.049380110494092744	0.0	unsupported	True	0.3213832003301888	0.0
fn1b	1-5548098-5548598	13	0.3288678332128362	0.3056366412380339	2	-0.02323119197480228	0.0255691278224755	0.0	unsupported	True	0.3027260976266903	0.0
fn1b	1-5518184-5518684	14	0.23574378179603112	0.27329675914597135	1	0.03755297734994023	0.1758106056924781	0.0018043630590152207	unsupported	True	0.2939376944171118	0.0
fn1b	1-5606634-5607134	15	0.23535446138942906	0.18718316808361662	5	-0.048171293305812435	0.11474420199472103	0.0	unsupported	True	0.28524366408354	0.0
fn1b	1-5528540-5529040	16	0.15053921566848075	0.18809597330982253	2	0.03755675764134178	0.1326817793110212	0.0009373005610065615	unsupported	True	0.2850125278876762	0.0
fn1b	1-5570878-5571378	17	0.29230458964984984	0.3825093725355964	5	0.09020478288574657	0.1467990754810333	0.00506518097575209	regional_candidate	True	0.2704801723886604	0.0
fn1b	1-5503036-5503536	18	0.290178729949085	0.2874287467741456	1	-0.0027499831749394077	0.09637142140842972	0.0	unsupported	True	0.2508268341364175	0.0
fn1b	1-5517012-5517512	19	0.15635723578607888	0.19552295593064561	4	0.039165720144566735	0.055940793018661866	0.0004283832578676119	unsupported	True	0.2044805038493019	4.8269625295762455e-211
krt99	11-11565549-11566049	0	0.6287511594929303	0.6910404860578211	0	0.062289326564890835	0.10489088480402475	0.004514970079873627	core_concordant	True	0.4633562118586826	0.0
krt99	11-11564863-11565363	1	0.5337761632284087	0.6038260180750057	0	0.07004985484659698	0.06385378865428881	0.0027008827582770175	core_concordant	True	0.4427215900998494	0.0
krt99	11-11583380-11583880	2	0.5457252878527674	0.6855323381467234	0	0.13980705029395601	0.10965819781564656	0.010509888856718327	core_concordant	True	0.4285783035531651	0.0
krt99	11-11570174-11570674	3	0.4343687209166872	0.5294688350102726	0	0.09510011409358543	0.1660380186127824	0.008360437072639292	core_concordant	True	0.417988582806778	0.0
krt99	11-11578311-11578811	4	0.42895126993726834	0.5747868758322101	0	0.14583560589494177	0.07459929794752651	0.006253240816267895	core_concordant	True	0.3813988862569455	0.0
krt99	11-11506287-11506787	5	0.26760333757349186	0.31068362876823374	1	0.04308029119474188	0.04786840435721634	0.0006406870564621553	unsupported	True	0.3744958660590666	0.0
krt99	11-11577456-11577956	6	0.47333481524427207	0.5614494196423192	0	0.08811460439804714	0.11795781506224384	0.00583559646440491	core_concordant	True	0.3738740379639728	0.0
krt99	11-11571074-11571574	7	0.42549557703354834	0.5433740708657494	4	0.11787849383220106	0.21866855798328572	0.014006184073533084	core_concordant	True	0.3675208969166325	0.0
krt99	11-11568535-11569035	8	0.38408673593747084	0.49274247683032135	5	0.10865574089285052	0.08249841594605495	0.004416907349235964	core_concordant	True	0.3589126464651914	0.0
krt99	11-11569208-11569708	9	0.36044207565842595	0.4733652319681346	0	0.11292315630970867	0.15679564022677878	0.008381337858654782	core_concordant	True	0.3533175785865581	0.0
krt99	11-11566592-11567092	10	0.42837577681485645	0.5417409034533872	0	0.11336512663853077	0.21500088939187162	0.013204177738512377	core_concordant	True	0.3268079234706323	0.0
krt99	11-11621804-11622304	11	0.23876024404424365	0.37077553175240724	5	0.1320152877081636	0.03925655484599899	0.0019215313579573911	unsupported	True	0.323085868656492	0.0
krt99	11-11609812-11610312	12	0.2016621434800662	0.31324782158637415	0	0.11158567810630796	0.15554624550081753	0.005436958890159974	regional_candidate	True	0.3153248961367044	0.0
krt99	11-11571713-11572213	13	0.3642275471419917	0.5141423568225311	0	0.14991480968053938	0.14208616184882233	0.010951653751707473	core_concordant	True	0.2944583813564083	0.0
krt99	11-11564320-11564820	14	0.3169083355795903	0.3763321576943284	4	0.05942382211473807	0.055077996534498186	0.0012317144796444369	unsupported	True	0.2856331117228159	0.0
krt99	11-11554344-11554844	15	0.22141805196015216	0.27508019330948796	1	0.05366214134933581	0.064509099062976	0.00095224411275496	unsupported	True	0.2821653782038464	0.0
krt99	11-11556289-11556789	16	0.16791475970263356	0.23973793839158258	0	0.07182317868894902	0.06547880412090987	0.0011274625552412185	unsupported	True	0.2515731456872107	0.0
krt99	11-11543505-11544005	17	0.12172309275119542	0.16184931483523513	4	0.04012622208403971	0.04215570126009925	0.0002737760516567057	unsupported	True	0.2356643312232748	1.6392002276086606e-281
krt99	11-11590700-11591200	18	0.1761754372140586	0.23270969225845894	4	0.05653425504440035	0.07054788906342915	0.0009281329029150705	unsupported	True	0.2311866570240471	1.0279047471536676e-270
krt99	11-11627465-11627965	19	0.23517166093515016	0.2920237135722705	0	0.05685205263712037	0.09546989627758964	0.0015850053031801487	unsupported	True	0.2273114515796405	1.4820084767665608e-261
eppk1	19-22362390-22362890	0	0.5605207628074023	0.6050506435032226	1	0.04452988069582031	0.040178363777488846	0.0010825189442699153	core_concordant	True	0.4316674295760922	0.0
eppk1	19-22408001-22408501	1	0.5734155293139533	0.6410553631882481	1	0.06763983387429473	0.12678098292804407	0.00549733476772921	core_concordant	True	0.4272548978145757	0.0
eppk1	19-22390581-22391081	2	0.5883339622844804	0.6572156555375971	3	0.06888169325311666	0.09770907271043971	0.004423302148816662	core_concordant	True	0.4070877735599862	0.0
eppk1	19-22380436-22380936	3	0.33965330218949635	0.411339850697581	1	0.07168654850808465	0.1014328245051655	0.0029910038775758842	unsupported	True	0.3977664932168542	0.0
eppk1	19-22361210-22361710	4	0.39447277957731647	0.4633925639513234	0	0.06891978437400692	0.10198659786304803	0.0032571373670638947	core_concordant	True	0.3970639037896765	0.0
eppk1	19-22399061-22399561	5	0.5037901286827465	0.5726702677422135	0	0.068880139059467	0.1002550465022573	0.003954621231998097	core_concordant	True	0.3787576677038375	0.0
eppk1	19-22393797-22394297	6	0.510334510212018	0.5554897751354441	3	0.04515526492342603	0.0587643586919076	0.0014740033307654263	core_concordant	True	0.3749989564201451	0.0
eppk1	19-22481875-22482375	7	0.49853089837701153	0.5645957848651882	3	0.06606488648817671	0.08249527239095278	0.003077070066591269	core_concordant	True	0.3571851626114574	0.0
eppk1	19-22484324-22484824	8	0.4537798859868953	0.5697026621248262	3	0.11592277613793095	0.1335750423834713	0.00882149805388284	core_concordant	True	0.3490578982196983	0.0
eppk1	19-22394502-22395002	9	0.20405416502286852	0.24241869804476915	1	0.038364533021900626	0.061451359103068176	0.0005715148550272476	unsupported	True	0.3303338133675526	0.0
eppk1	19-22383628-22384128	10	0.2713180468983507	0.3483341193066541	5	0.07701607240830338	0.06480727394070557	0.0017386058492881195	unsupported	True	0.3286955516610041	0.0
eppk1	19-22477779-22478279	11	0.278888663503427	0.35602660478627524	3	0.07713794128284823	0.08501637038261478	0.0023348181259126456	unsupported	True	0.3015313504859188	0.0
eppk1	19-22378611-22379111	12	0.2741245705380599	0.2997402281203006	4	0.025615657582240714	0.03004725598126362	0.00023070412487294768	unsupported	True	0.2970507711666971	0.0
eppk1	19-22422310-22422810	13	0.27321360715351806	0.3245689964636503	2	0.05135538931013223	0.05861837417613891	0.000977072583757791	unsupported	True	0.2852111645675084	0.0
eppk1	19-22397914-22398414	14	0.1954343598170188	0.24515143927530014	2	0.049717079458281355	0.06385867272734833	0.0007783231425042047	unsupported	True	0.2850635090778493	0.0
eppk1	19-22377496-22377996	15	0.23478105747241884	0.27818769708375174	0	0.0434066396113329	0.06191923510751257	0.0007476867212470804	unsupported	True	0.2843250119426144	0.0
eppk1	19-22378088-22378588	16	0.20105022338860012	0.2588181659394961	1	0.05776794255089596	0.10428774723493675	0.0015592470878538513	unsupported	True	0.2834070073724513	0.0
eppk1	19-22462376-22462876	17	0.3051578700681329	0.3441871024509166	3	0.03902923238278372	0.052996989133504646	0.0007119275494010912	unsupported	True	0.2802058875114629	0.0
eppk1	19-22405655-22406155	18	0.21169548415987158	0.3082449329143943	0	0.09654944875452273	0.10916366086987028	0.0032488064318538594	unsupported	True	0.2552291639711089	0.0
eppk1	19-22402029-22402529	19	0.20869288749407067	0.22907709281470143	2	0.02038420532063076	0.03497775945288384	0.00016333055384984275	unsupported	True	0.2530539415753783	0.0
hoxc6a	23-36106458-36106958	0	0.4967752673377447	0.3479194338903038	1	-0.1488558334474409	0.3221219013554544	0.0	core_concordant	True	0.4769116985849638	0.0
hoxc6a	23-36098603-36099103	1	0.4687721928663018	0.326530031022395	2	-0.1422421618439068	0.2741130985693882	0.0	core_concordant	True	0.4446821318934639	0.0
hoxc6a	23-36112322-36112822	2	0.4317616687490614	0.24731278710410415	2	-0.18444888164495726	0.17794561366126427	0.0	core_concordant	True	0.4442514280300197	0.0
hoxc6a	23-36078189-36078689	3	0.45882961056110233	0.3536236344094264	2	-0.10520597615167593	0.3291530226476652	0.0	core_concordant	True	0.4279791214397414	0.0
hoxc6a	23-36122274-36122774	4	0.3622003019145344	0.11546227094426835	2	-0.24673803097026603	0.039292950388528036	0.0	core_concordant	True	0.4013985033582578	0.0
hoxc6a	23-36103170-36103670	5	0.43080053198203955	0.3405735377999851	2	-0.09022699418205443	0.31833549140490836	0.0	core_concordant	True	0.4010690920541995	0.0
hoxc6a	23-36121246-36121746	6	0.3544632450639213	0.18951556645924708	2	-0.1649476786046742	0.11777830575537011	0.0	core_concordant	True	0.3793608450464485	0.0
hoxc6a	23-36109118-36109618	7	0.380035221750719	0.22584389099544092	2	-0.1541913307552781	0.17000519453077165	0.0	core_concordant	True	0.3789666451584779	0.0
hoxc6a	23-36105809-36106309	8	0.400710766919319	0.30018982570448643	1	-0.10052094121483257	0.23272956112173576	0.0	core_concordant	True	0.3780270988524457	0.0
hoxc6a	23-36058455-36058955	9	0.4016408856102769	0.30565076502185495	2	-0.09599012058842193	0.2958824385508957	0.0	core_concordant	True	0.3710691514308344	0.0
hoxc6a	23-36079318-36079818	10	0.3619528858030569	0.24936784822395258	2	-0.11258503757910432	0.18328941995815662	0.0	core_concordant	True	0.3597552985331281	0.0
hoxc6a	23-36083798-36084298	11	0.274691950206249	0.24094591440299626	1	-0.03374603580325272	0.20204455927621906	0.0	unsupported	True	0.2654798154446292	0.0
hoxc6a	23-36132770-36133270	12	0.2484727043874726	0.22006571174681525	2	-0.028406992640657353	0.22095463025823345	0.0	unsupported	True	0.2604069162903487	0.0
hoxc6a	23-36078705-36079205	13	0.27142002830552003	0.2400903984120736	2	-0.031329629893446426	0.2268859260165052	0.0	unsupported	True	0.2539974536944795	0.0
hoxc6a	23-36069359-36069859	14	0.1922892481932952	0.14973598516576456	1	-0.04255326302753065	0.1295460612334571	0.0	unsupported	True	0.2521361895196553	0.0
hoxc6a	23-36018943-36019443	15	0.24473708048217996	0.12814925424717338	1	-0.11658782623500658	0.10105726904845204	0.0	unsupported	True	0.2502603026948194	0.0
hoxc6a	23-36024576-36025076	16	0.26531667381827784	0.23448012030106435	1	-0.030836553517213483	0.2279870101502484	0.0	unsupported	True	0.2500210501135481	0.0
hoxc6a	23-36040137-36040637	17	0.1888936043213867	0.13966656444607778	1	-0.04922703987530891	0.15985548411520625	0.0	unsupported	True	0.2406082411991326	1.0572676628987446e-293
hoxc6a	23-36025448-36025948	18	0.21883550567826215	0.117453635870496	2	-0.10138186980776616	0.033266588486239354	0.0	unsupported	True	0.2336573051591604	1.2101422135136507e-276
hoxc6a	23-36181686-36182186	19	0.1781071966114032	0.14162911995114572	3	-0.036478076660257486	0.122431533170926	0.0	unsupported	True	0.219959170303804	1.1959474148736591e-244
tbx16	8-51771836-51772336	0	0.6978934433508344	0.6803437886814973	1	-0.01754965466933711	0.4008903274407892	0.0	core_concordant	True	0.5417431921652164	0.0
tbx16	8-51768499-51768999	1	0.5730648897268299	0.5585561850948939	1	-0.014508704631935987	0.3494821759054908	0.0	core_concordant	True	0.4858959055309184	0.0
tbx16	8-51773848-51774348	2	0.5819825815845687	0.5673480450215707	2	-0.014634536562998068	0.5475873883740872	0.0	core_concordant	True	0.4696046161896435	0.0
tbx16	8-51748243-51748743	3	0.5449354150502889	0.5213268503788228	2	-0.023608564671466103	0.5286536029878355	0.0	core_concordant	True	0.4575526247650904	0.0
tbx16	8-51746648-51747148	4	0.3127445481236376	0.30903658617589297	1	-0.0037079619477446424	0.316554205491365	0.0	unsupported	True	0.3610217118058551	0.0
tbx16	8-51793817-51794317	5	0.41389042723926855	0.4292261188490747	2	0.015335691609806135	0.16943074073891523	0.0011152743588689817	core_concordant	True	0.3604486513531045	0.0
tbx16	8-51733525-51734025	6	0.327976687438504	0.34230366792043554	2	0.01432698048193154	0.1287927418142481	0.0006316225269969668	unsupported	True	0.3574160459066637	0.0
tbx16	8-51766567-51767067	7	0.297941231303821	0.3614748133661561	1	0.06353358206233511	0.2664258036894235	0.00611867898310459	regional_candidate	True	0.337433371769951	0.0
tbx16	8-51764619-51765119	8	0.27984155475559713	0.7312952490222068	0	0.45145369426660964	0.43495973162314583	0.14360019022905246	regional_candidate	True	0.3312492158052695	0.0
tbx16	8-51730849-51731349	9	0.3825671051285813	0.41967960437024443	2	0.037112499241663155	0.49419215300705577	0.00769722019754012	core_concordant	True	0.3272449314346305	0.0
tbx16	8-51728856-51729356	10	0.3083927788900156	0.28431858037604457	2	-0.024074198513971024	0.2439083511049133	0.0	unsupported	True	0.3156353525552671	0.0
tbx16	8-51737333-51737833	11	0.3814371251299934	0.40284741562938026	2	0.021410290499386864	0.39412788025612333	0.003399384574512086	core_concordant	True	0.3060760189431389	0.0
tbx16	8-51738992-51739492	12	0.314842049332538	0.36508823016582465	2	0.050246180833286636	0.26308101468978295	0.004826034225184867	unsupported	True	0.3005293295480455	0.0
tbx16	8-51732688-51733188	13	0.2904369103533627	0.2885380269853398	2	-0.0018988833680229078	0.3001572064933022	0.0	unsupported	True	0.2956549435407007	0.0
tbx16	8-51780992-51781492	14	0.2564137235085252	0.22610440048238462	1	-0.03030932302614059	0.0818992553462263	0.0	unsupported	True	0.2952020098926955	0.0
tbx16	8-51731696-51732196	15	0.2610164651401072	0.25230746034104656	1	-0.008709004799060616	0.25969359634090095	0.0	unsupported	True	0.2645137655591801	0.0
tbx16	8-51713463-51713963	16	0.13126158758309453	0.1546977640753612	1	0.023436176492266675	0.09154140033363713	0.0003318855532247966	unsupported	True	0.2102395911563857	3.108366417944411e-223
tbx16	8-51721045-51721545	17	0.13542506320552172	0.1421053778159251	1	0.006680314610403387	0.09653697272847414	9.164338148359544e-05	unsupported	True	0.2055028099508794	3.5193971903002205e-213
tbx16	8-51781787-51782287	18	0.1767134368885144	0.20066675615368046	0	0.023953319265166056	0.04773135262203218	0.00022942718419430736	unsupported	True	0.1869515152137801	3.4867139386094325e-176
tbx16	8-51818854-51819354	19	0.1303310694896175	0.47438041247502233	0	0.3440493429854048	0.39947063873241057	0.0651977104998637	regional_candidate	True	0.1820724516405819	4.465883124916584e-167
dld	13-6136888-6137388	0	0.46875380720841037	0.44156699477256	1	-0.02718681243585036	0.1245315654668161	0.0	core_concordant	True	0.5070060659805842	0.0
dld	13-6158014-6158514	1	0.5364169310087734	0.5527629520817027	2	0.016346021072929262	0.5047112980610463	0.0045603062467340265	core_concordant	True	0.4765981765007772	0.0
dld	13-6172229-6172729	2	0.4626176148933121	0.4363599235242308	1	-0.026257691369081293	0.31905132444097456	0.0	core_concordant	True	0.4745169651686893	0.0
dld	13-6065398-6065898	3	0.4452569235960424	0.4274511066095419	1	-0.017805816986500522	0.22752080035834474	0.0	core_concordant	True	0.446381020698841	0.0
dld	13-6151764-6152264	4	0.41786166025478416	0.4468989352496584	2	0.02903727499487424	0.36446154861978003	0.004729518119669254	core_concordant	True	0.3833335623469628	0.0
dld	13-6083578-6084078	5	0.3053460212108526	0.3456938795321543	2	0.04034785832130172	0.1712563221663114	0.002388684495780374	unsupported	True	0.3832852720687732	0.0
dld	13-6099222-6099722	6	0.44906704463358044	0.43856064371784054	2	-0.0105064009157399	0.33521234927512444	0.0	core_concordant	True	0.3540417169299599	0.0
dld	13-6077855-6078355	7	0.25338097574449275	0.2601984032205874	2	0.006817427476094651	0.1443941389106195	0.0002561384156488566	unsupported	True	0.3435783131314311	0.0
dld	13-6176480-6176980	8	0.38748451094999903	0.41843540596200496	2	0.03095089501200593	0.36496061758160064	0.004726586826777034	core_concordant	True	0.3180142688889874	0.0
dld	13-6181023-6181523	9	0.2646341474208687	0.33934971627642285	2	0.07471556885555414	0.21733657321642297	0.005510505154403958	regional_candidate	True	0.3058987786433256	0.0
dld	13-6016818-6017318	10	0.25530810191168696	0.26211559078331526	2	0.006807488871628298	0.1649803864698298	0.0002943825822284147	unsupported	True	0.2926791656125211	0.0
dld	13-6048277-6048777	11	0.17630519913795525	0.2532744601505874	2	0.07696926101263216	0.09212179776591198	0.0017958543869052005	unsupported	True	0.2771464863968638	0.0
dld	13-6013317-6013817	12	0.1978648588748499	0.24197742343139492	1	0.044112564556545025	0.03498455380368551	0.0003734336884526986	unsupported	True	0.2593118889860413	0.0
dld	13-6154538-6155038	13	0.3497169391634168	0.34639094299160605	2	-0.00332599617181073	0.32501949761805554	0.0	unsupported	True	0.2518089635598995	0.0
dld	13-5986129-5986629	14	0.19367851592544424	0.20794823495934975	1	0.014269719033905504	0.11640281798605456	0.00034540940197193195	unsupported	True	0.2418772423366769	7.069674067445748e-297
dld	13-6102929-6103429	15	0.22601848917703235	0.24045357194745368	2	0.014435082770421326	0.1784997143217733	0.0006195666560308757	unsupported	True	0.2361587061225907	1.0194234582997465e-282
dld	13-6084168-6084668	16	0.18421039290283434	0.2421338782086237	2	0.05792348530578936	0.13989799657752988	0.0019621027168122643	unsupported	True	0.2355531329308283	3.058917528725464e-281
dld	13-6139275-6139775	17	0.22279164968937396	0.23333783269267816	2	0.010546183003304205	0.1944897599982976	0.0004786049690291526	unsupported	True	0.2270977364973759	4.687770217626984e-261
dld	13-6128582-6129082	18	0.16523815346438708	0.17870706005178633	1	0.013468906587399243	0.07457960643997281	0.00017951226982812629	unsupported	True	0.2099073884119692	1.6061183894379682e-222
dld	13-6149437-6149937	19	0.1640346233766567	0.22093883975267595	2	0.05690421637601925	0.0823979137310468	0.001035935537849107	unsupported	True	0.2073584429467032	4.340493798667788e-217
meox1	12-27457696-27458196	0	0.7373312218021806	0.7707716407789955	4	0.033440418976814934	0.05941266679338719	0.0015313571258937957	core_concordant	True	0.4999348754198555	0.0
meox1	12-27504005-27504505	1	0.4844602835641249	0.4420095958573495	5	-0.0424506877067754	0.054073730990912505	0.0	core_concordant	True	0.4457822314738709	0.0
meox1	12-27507992-27508492	2	0.4308086434687323	0.5436749185386315	2	0.11286627506989916	0.17829973324628795	0.010940928597160624	core_concordant	True	0.3969787433151265	0.0
meox1	12-27468908-27469408	3	0.4298223296827189	0.4408944204260767	1	0.011072090743357799	0.0917918207371482	0.00044809306618603007	core_concordant	True	0.3906959774113192	0.0
meox1	12-27469783-27470283	4	0.5260188141845166	0.5711577244965408	1	0.045138910312024216	0.15653000208666867	0.004035568434377149	core_concordant	True	0.3840601659953343	0.0
meox1	12-27470296-27470796	5	0.4513491180613376	0.5014865136166585	2	0.05013739555532093	0.09425966055946589	0.002369992108263644	core_concordant	True	0.3720723324555514	0.0
meox1	12-27435787-27436287	6	0.38364924537736506	0.4709199406033995	4	0.08727069522603442	0.07611446424888046	0.003128115002214964	core_concordant	True	0.3168346441791214	0.0
meox1	12-27546774-27547274	7	0.4167859364810911	0.4184130490545223	1	0.001627112573431233	0.21485508887990634	0.00014627444736153803	core_concordant	True	0.3163292185914119	0.0
meox1	12-27465037-27465537	8	0.31364659092198177	0.32382559509840425	2	0.01017900417642248	0.23047793187091214	0.0007597064491240018	unsupported	True	0.3150945352087888	0.0
meox1	12-27556927-27557427	9	0.3203899449837895	0.2767810854768967	2	-0.04360885950689275	0.08798877827802984	0.0	unsupported	True	0.3060725131729216	0.0
meox1	12-27464326-27464826	10	0.1745861718841243	0.19153246402495538	1	0.01694629214083107	0.052361193795004646	0.0001699521348811315	unsupported	True	0.2948373969893543	0.0
meox1	12-27504507-27505007	11	0.23438463223344108	0.22136636586863312	1	-0.013018266364807962	0.11795710668718168	0.0	unsupported	True	0.2938222198397924	0.0
meox1	12-27529604-27530104	12	0.2805396932252149	0.2870393528243802	2	0.0064996595991653194	0.22127499720220242	0.0004128234875216438	unsupported	True	0.2901855531766769	0.0
meox1	12-27530203-27530703	13	0.25588626380466106	0.23655751315352322	1	-0.019328750651137844	0.14488710264459578	0.0	unsupported	True	0.2776783079024669	0.0
meox1	12-27449522-27450022	14	0.30974498280213625	0.3617714146054138	4	0.05202643180327754	0.05374206921921437	0.0010115158052959507	unsupported	True	0.267855010638292	0.0
meox1	12-27492935-27493435	15	0.3105618015700437	0.3586990893680175	2	0.04813728779797377	0.16783540164521032	0.00289798053094084	unsupported	True	0.2567967923338388	0.0
meox1	12-27457095-27457595	16	0.30718972690449026	0.3618262535400063	5	0.05463652663551605	0.05162394717403734	0.001020550184531716	unsupported	True	0.2547822068976297	0.0
meox1	12-27500828-27501328	17	0.19637606163597188	0.21076181846613257	2	0.01438575683016069	0.09039957656895464	0.00027408864773658347	unsupported	True	0.2539094345220722	0.0
meox1	12-27478547-27479047	18	0.16105700456542751	0.17451788615107383	2	0.013460881585646317	0.06893322631374654	0.0001619354950239649	unsupported	True	0.2450592564899348	6.398520660939516e-305
meox1	12-27445835-27446335	19	0.18888548930263835	0.31496250968897815	4	0.1260770203863398	0.07447137419595248	0.002957223621886044	unsupported	True	0.2323334200085821	1.8562875513643037e-273
sox11a	17-35865701-35866201	0	0.5406385295617947	0.5269329509766709	5	-0.013705578585123779	0.03781129437258057	0.0	core_concordant	True	0.5918178340185404	0.0
sox11a	17-35978386-35978886	1	0.5253074742992261	0.5325980433433415	1	0.0072905690441154025	0.07672092681883613	0.0002979029709955281	core_concordant	True	0.5841543358406603	0.0
sox11a	17-35969379-35969879	2	0.44131122258044553	0.4856655277531227	1	0.04435430517267719	0.13682041671663564	0.0029472974454606143	core_concordant	True	0.5104469511182311	0.0
sox11a	17-35832708-35833208	3	0.36908359410311337	0.35971747183658165	1	-0.009366122266531718	0.07549054295447272	0.0	core_concordant	True	0.4302145319947147	0.0
sox11a	17-35809466-35809966	4	0.34795922753584874	0.39094352199339766	2	0.04298429445754892	0.08735222880602916	0.0014679045423414247	unsupported	True	0.4069515487334076	0.0
sox11a	17-35965297-35965797	5	0.322383401342577	0.3584733693874767	0	0.03608996804489972	0.0940193076145901	0.001216355278193697	unsupported	True	0.3657050511722949	0.0
sox11a	17-35872871-35873371	6	0.29456326020631146	0.3398171253760609	4	0.04525386516974944	0.09708159227670726	0.0014929244514538275	unsupported	True	0.3103819069782105	0.0
sox11a	17-35969909-35970409	7	0.2605264026668888	0.3052430417052379	1	0.044716639038349104	0.10239272488745407	0.0013976036532524535	unsupported	True	0.2982449682543758	0.0
sox11a	17-35878020-35878520	8	0.25085375908479934	0.2459205935091981	0	-0.0049331655756012505	0.038654357765359304	0.0	unsupported	True	0.2971278732790641	0.0
sox11a	17-35928106-35928606	9	0.24329771208384413	0.29543348503158545	4	0.05213577294774133	0.10978069836555174	0.0016909140136453736	unsupported	True	0.2951336071757571	0.0
sox11a	17-35854916-35855416	10	0.21602494819688878	0.2889635998081562	0	0.07293865161126745	0.18966504717618263	0.003997497241778629	unsupported	True	0.2831611145582471	0.0
sox11a	17-35930007-35930507	11	0.2413287808972588	0.355194534884072	5	0.1138657539868132	0.07846964993055361	0.0031736652486485115	unsupported	True	0.2807895070485041	0.0
sox11a	17-35832207-35832707	12	0.22069661974413501	0.26734577973284895	1	0.04664915998871394	0.09638925889802419	0.0012021144061414488	unsupported	True	0.2546543801475125	0.0
sox11a	17-35844887-35845387	13	0.19010358454993762	0.11997760118110051	4	-0.0701259833688371	0.051916198809012465	0.0	unsupported	True	0.2381602369172077	1.2466334728045516e-287
sox11a	17-35802999-35803499	14	0.18645081974431635	0.2342664894015472	0	0.04781566965723086	0.09637026509583527	0.0010795020354778576	unsupported	True	0.2250774719412203	2.3598777663516086e-256
sox11a	17-35855845-35856345	15	0.1686624941654792	0.20455818505296583	1	0.03589569088748662	0.06006149783668163	0.00044101700644408966	unsupported	True	0.2079172764979586	2.8369854164395787e-218
sox11a	17-35817770-35818270	16	0.12830512455846413	0.14810781180650018	1	0.01980268724803605	0.025225774551956293	7.398549846576353e-05	unsupported	True	0.2066098321645993	1.6561494781169418e-215
sox11a	17-35783422-35783922	17	0.14525008964725417	0.16328646622027473	5	0.01803637657302057	0.052147688347814636	0.0001535799584804382	unsupported	True	0.2030165483806833	5.297214459546686e-208
sox11a	17-35976401-35976901	18	0.11027319794402522	0.17697435751665325	1	0.06670115957262802	0.11235747792159813	0.0013263120349705677	unsupported	True	0.1952878926416649	2.41973382286104e-192
sox11a	17-35870236-35870736	19	0.14001449387327652	0.07776381323750549	3	-0.062250680635771036	0.025132754725459644	0.0	unsupported	True	0.1894332907950774	6.470720764638787e-181
sox5	4-17048759-17049259	0	0.47797015054635844	0.5970862534606975	2	0.1191161029143391	0.5005580133447854	0.035600981160986186	core_concordant	True	0.4923505837283715	0.0
sox5	4-17053564-17054064	1	0.4999852308074059	0.617116066566549	2	0.11713083575914313	0.5390473475655313	0.0389641322627842	core_concordant	True	0.4565249869982428	0.0
sox5	4-17044004-17044504	2	0.4788027941804201	0.5347465480969098	2	0.0559437539164897	0.43905047447873247	0.013134515141094984	core_concordant	True	0.4564678419936505	0.0
sox5	4-17004517-17005017	3	0.5199404557166115	0.6317656678931326	2	0.11182521217652108	0.6370863493276776	0.04500844946897579	core_concordant	True	0.4078037722700435	0.0
sox5	4-17050113-17050613	4	0.35015468848795195	0.430432975260673	2	0.08027828677272103	0.0815200593025896	0.0028168785162927495	core_concordant	True	0.3904735579842484	0.0
sox5	4-17049348-17049848	5	0.3451119801492315	0.34800290125534566	2	0.0028909211061141638	0.391685098555035	0.00039405437517092836	unsupported	True	0.3404921511956159	0.0
sox5	4-17022664-17023164	6	0.36181179369300676	0.4770545021480604	2	0.11524270845505363	0.4654948711825428	0.02559153616150756	core_concordant	True	0.3285570808841968	0.0
sox5	4-17107834-17108334	7	0.21799841105040343	0.21799737788154513	2	-1.0331688582998488e-06	0.17781753897609145	0.0	unsupported	True	0.3118872348324114	0.0
sox5	4-17058940-17059440	8	0.2977725180562484	0.3683562403866997	2	0.07058372233045129	0.23297108720669416	0.006057237688190474	regional_candidate	True	0.3075702609149964	0.0
sox5	4-17017946-17018446	9	0.3421756135987663	0.4820063886792031	2	0.1398307750804368	0.4404926936112276	0.02968891106377938	regional_candidate	True	0.3043626513931573	0.0
sox5	4-17009352-17009852	10	0.34847208858852413	0.449624984084255	2	0.10115289549573087	0.40735569995526805	0.01852689123720771	regional_candidate	True	0.2946449694551132	0.0
sox5	4-17066745-17067245	11	0.2623881311978082	0.28601284794026427	2	0.023624716742456087	0.26564184870693064	0.0017949346711553453	unsupported	True	0.2933593530608262	0.0
sox5	4-17005571-17006071	12	0.33156209499287476	0.44174938100634686	2	0.11018728601347211	0.4483072444504852	0.021821429269709734	regional_candidate	True	0.2729415028025577	0.0
sox5	4-17150527-17151027	13	0.19704945045210728	0.2460316437875295	4	0.048982193335422225	0.024362774962579103	0.000293599931603043	unsupported	True	0.2666068885178602	0.0
sox5	4-17141773-17142273	14	0.12496257889004476	0.12877263818884815	2	0.0038100592988033893	0.10883630653334743	5.339850809167359e-05	unsupported	True	0.2557142247278295	0.0
sox5	4-17119708-17120208	15	0.21683647059133399	0.2843318129585422	3	0.06749534236720822	0.025147738755851412	0.00048261209179570883	unsupported	True	0.2442445577667788	7.52823249360233e-303
sox5	4-17012492-17012992	16	0.19698224919368004	0.2541670039330082	2	0.05718475473932813	0.18204330398496532	0.0026459043572658663	unsupported	True	0.2424266396373341	2.9451130517513264e-298
sox5	4-17065452-17065952	17	0.0963433261683892	0.12676116126594164	2	0.030417835097552443	0.0714268676044654	0.00027540772326353167	unsupported	True	0.2421507701533734	1.4542259411930398e-297
sox5	4-17153659-17154159	18	0.1752467292386057	0.25007235321792065	2	0.07482562397931494	0.17413527113309307	0.0032583878263701227	unsupported	True	0.2367340813724301	3.9891591497683097e-284
sox5	4-17045630-17046130	19	0.22012647882639463	0.3042687120893094	2	0.08414223326291476	0.24450080557544934	0.006259672691817561	regional_candidate	True	0.2269836841112933	8.662588831811123e-261
hoxc8a	23-36106458-36106958	0	0.4315727202948404	0.2884994445622204	2	-0.14307327573262002	0.27871534325727243	0.0	core_concordant	True	0.4271103783023329	0.0
hoxc8a	23-36098603-36099103	1	0.43296945396496517	0.3235826604483626	1	-0.10938679351660258	0.2916725255054099	0.0	core_concordant	True	0.4136268962374886	0.0
hoxc8a	23-36078189-36078689	2	0.4178387735901868	0.303835733596865	2	-0.11400303999332179	0.26395940365547466	0.0	core_concordant	True	0.4131600116714388	0.0
hoxc8a	23-36103170-36103670	3	0.37679268829043044	0.29246992549612755	2	-0.0843227627943029	0.2779870319159453	0.0	core_concordant	True	0.3735577140358104	0.0
hoxc8a	23-36112322-36112822	4	0.34236515338938456	0.16957487214494416	2	-0.1727902812444404	0.17769716242179806	0.0	unsupported	True	0.3706224757975732	0.0
hoxc8a	23-36058455-36058955	5	0.3689591716776986	0.28360693247784086	2	-0.08535223919985774	0.24084645047259148	0.0	core_concordant	True	0.368024360344959	0.0
hoxc8a	23-36105809-36106309	6	0.3812912087324662	0.2985492851069296	1	-0.08274192362553662	0.24444457188834526	0.0	core_concordant	True	0.3657694194628408	0.0
hoxc8a	23-36109118-36109618	7	0.34546344696440356	0.23456301237814733	1	-0.11090043458625623	0.2156046776538689	0.0	unsupported	True	0.3454515195989354	0.0
hoxc8a	23-36005426-36005926	8	0.33095384941337436	0.21420377137445853	2	-0.11675007803891582	0.19151089609123848	0.0	unsupported	True	0.3384317260736425	0.0
hoxc8a	23-36079318-36079818	9	0.348183606288495	0.2772867560112792	2	-0.07089685027721576	0.28655455075871145	0.0	unsupported	True	0.3364883405514396	0.0
hoxc8a	23-36121246-36121746	10	0.3155481648612928	0.18332193331979282	2	-0.13222623154149996	0.17118591217057721	0.0	unsupported	True	0.3253153020073781	0.0
hoxc8a	23-36122274-36122774	11	0.28059561014581086	0.06470179926249138	2	-0.2158938108833195	0.057110495770261296	0.0	unsupported	True	0.3155256712189672	0.0
hoxc8a	23-36078705-36079205	12	0.26401370225278054	0.23168168097024408	2	-0.032332021282536455	0.22418082212787535	0.0	unsupported	True	0.2681142578650413	0.0
hoxc8a	23-36024576-36025076	13	0.26513643433759476	0.2518901032949208	2	-0.013246331042673976	0.2551692991490902	0.0	unsupported	True	0.2630861089350829	0.0
hoxc8a	23-36132770-36133270	14	0.2330842091052836	0.187757417529176	2	-0.04532679157610761	0.186823802923129	0.0	unsupported	True	0.2526799614628516	0.0
hoxc8a	23-36083798-36084298	15	0.2678362570032336	0.2675016984915213	2	-0.000334558511712324	0.22705726539626636	0.0	unsupported	True	0.2478075072825999	0.0
hoxc8a	23-36040137-36040637	16	0.18634238444563517	0.14057922680827825	2	-0.045763157637356916	0.09367722425434793	0.0	unsupported	True	0.2428149347933783	3.100510116090837e-299
hoxc8a	23-36069359-36069859	17	0.19696902871254726	0.1737850737437307	1	-0.02318395496881656	0.17622035449220697	0.0	unsupported	True	0.2379662853334629	3.7480687171762486e-287
hoxc8a	23-36009702-36010202	18	0.25035748656517015	0.3076184145693352	2	0.057260928004165046	0.24928963253872077	0.004391116193418502	unsupported	True	0.2255038540730263	2.4232823020750967e-257
hoxc8a	23-36018943-36019443	19	0.23498561078499317	0.15805678708817078	1	-0.07692882369682238	0.14271655789709575	0.0	unsupported	True	0.2202313207661371	2.9027279196587054e-245
her9	23-23448672-23449172	0	0.45393780002408696	0.37777553385590823	4	-0.07616226616817873	0.11206305104135217	0.0	core_concordant	True	0.4917508903565525	0.0
her9	23-23350174-23350674	1	0.42964925490980294	0.4015658326403955	4	-0.02808342226940741	0.20068148202348168	0.0	core_concordant	True	0.3874748352143345	0.0
her9	23-23366226-23366726	2	0.43238220676001315	0.4011537820934697	5	-0.031228424666543464	0.28555729406363783	0.0	core_concordant	True	0.3851238060700414	0.0
her9	23-23437074-23437574	3	0.26855929416465885	0.2664223036490988	1	-0.0021369905155600444	0.09652721241917334	0.0	unsupported	True	0.3518837880741825	0.0
her9	23-23455089-23455589	4	0.36134886357830337	0.33192915886537416	4	-0.029419704712929207	0.12341882947347813	0.0	core_concordant	True	0.350362363578253	0.0
her9	23-23450427-23450927	5	0.47033832272444187	0.48279854933892913	4	0.012460226614487258	0.13504274396285626	0.0008123873483260832	core_concordant	True	0.3425662598694776	0.0
her9	23-23381290-23381790	6	0.2820530330599644	0.2206670748388117	4	-0.06138595822115267	0.03317719006698658	0.0	unsupported	True	0.3320101523081683	0.0
her9	23-23409162-23409662	7	0.35843649334755107	0.3421044912295502	5	-0.016332002118000843	0.14932360902463582	0.0	core_concordant	True	0.3290010917298067	0.0
her9	23-23375894-23376394	8	0.3449593913095637	0.28900005169283016	5	-0.05595933961673355	0.08498042685920085	0.0	unsupported	True	0.3240721695562787	0.0
her9	23-23447744-23448244	9	0.17839388178150437	0.3107483099472005	2	0.13235442816569612	0.1687519906099877	0.006940586255353666	regional_candidate	True	0.2950141894061833	0.0
her9	23-23398760-23399260	10	0.2491201489724766	0.2762173292986982	1	0.027097180326221576	0.0952216023906744	0.0007127061540198723	unsupported	True	0.2885256296998447	0.0
her9	23-23353554-23354054	11	0.2523574783011076	0.3049786125917156	4	0.052621134290607996	0.07236159519257035	0.0011612820736366393	unsupported	True	0.2882890947967966	0.0
her9	23-23343500-23344000	12	0.30430084624148035	0.30079102601054525	5	-0.003509820230935101	0.22132061307576162	0.0	unsupported	True	0.2835152432021239	0.0
her9	23-23420753-23421253	13	0.30166780575371405	0.30679327434977255	4	0.005125468596058502	0.16556894383305992	0.0002603504243892658	unsupported	True	0.2754738823295345	0.0
her9	23-23437686-23438186	14	0.2061131044943881	0.23111924390472324	1	0.025006139410335138	0.11609548715281812	0.0006709622623393551	unsupported	True	0.2698804514780331	0.0
her9	23-23363951-23364451	15	0.2840603057125003	0.2939571371554053	3	0.009896831442904985	0.1834998937167847	0.0005338460084445698	unsupported	True	0.2602095223078567	0.0
her9	23-23423964-23424464	16	0.3020113528992142	0.30887346413460753	4	0.00686211123539332	0.09902262440274151	0.00020988083575288892	unsupported	True	0.2600284053833035	0.0
her9	23-23451185-23451685	17	0.2788874694672295	0.2735703960843014	3	-0.005317073382928084	0.17188120481615055	0.0	unsupported	True	0.260023427890577	0.0
her9	23-23418834-23419334	18	0.34512185587039695	0.33529866262275543	4	-0.009823193247641526	0.16268733150054238	0.0	unsupported	True	0.2593434536563987	0.0
her9	23-23339271-23339771	19	0.250814643556936	0.25092312165214953	5	0.00010847809521352669	0.1555612992079093	4.234326028566233e-06	unsupported	True	0.2548093987236978	0.0
elf1	14-40821372-40821872	0	0.6259929204546847	0.6781767479276872	2	0.05218382747300254	0.09988940508574329	0.0035350719026496186	core_concordant	True	0.6105720855203256	0.0
elf1	14-40793198-40793698	1	0.5361246786995897	0.5821168449780391	2	0.045992166278449376	0.09977661552844075	0.0026713008417015263	core_concordant	True	0.4940091196558491	0.0
elf1	14-40834892-40835392	2	0.5373487902923434	0.5924643860012565	2	0.05511559570891311	0.13531795861762386	0.004418676351520838	core_concordant	True	0.4653483079262602	0.0
elf1	14-40818893-40819393	3	0.40080346671838496	0.45861410209768955	2	0.05781063537930459	0.06726642830324514	0.0017834195196516195	core_concordant	True	0.4203690380739021	0.0
elf1	14-40846671-40847171	4	0.4292988296294223	0.4649199835864171	2	0.03562115395699483	0.08430529968242245	0.0013961789141552494	core_concordant	True	0.411375202323699	0.0
elf1	14-40821917-40822417	5	0.3789334882283497	0.4141058677133009	2	0.035172379484951166	0.07564489522382467	0.0011017746106158717	core_concordant	True	0.3724399013136199	0.0
elf1	14-40801204-40801704	6	0.2597970339970249	0.30429102613988257	2	0.04449399214285765	0.08781626557347116	0.0011889551793934257	unsupported	True	0.324321001882932	0.0
elf1	14-40840820-40841320	7	0.20142051675867437	0.24798921532770907	3	0.0465686985690347	0.05288803391607247	0.0006107793116583289	unsupported	True	0.2828354582349016	0.0
elf1	14-40844020-40844520	8	0.1546982092583494	0.18080160032328496	0	0.02610339106493556	0.04182107139822974	0.00019737600511620632	unsupported	True	0.2770444684085282	0.0
elf1	14-40803284-40803784	9	0.20960979588612683	0.26610157601619505	3	0.056491780130068225	0.13510378716816904	0.002030954668791004	unsupported	True	0.269568560176682	0.0
elf1	14-40820269-40820769	10	0.1964520679093645	0.28010743747111577	0	0.08365536956175126	0.07901462306598597	0.0018515094595576783	unsupported	True	0.2681781686387974	0.0
elf1	14-40771609-40772109	11	0.255884351144511	0.3603642261539192	0	0.1044798750094082	0.10994469707551197	0.004139506823842608	unsupported	True	0.2666907054227363	0.0
elf1	14-40751326-40751826	12	0.20078876506684337	0.24964287083993303	3	0.04885410577308966	0.0753042055319531	0.0009184160560794939	unsupported	True	0.2553345680835061	0.0
elf1	14-40800507-40801007	13	0.24551062359042503	0.30630309851157383	2	0.06079247492114881	0.12661480849498824	0.002357684654663491	unsupported	True	0.2508225911164494	0.0
elf1	14-40869066-40869566	14	0.20312472022835412	0.23188898097491364	3	0.028764260746559522	0.06680437902802414	0.00044559289817049937	unsupported	True	0.244952514762754	1.1962255801427963e-304
elf1	14-40770070-40770570	15	0.15460951825819785	0.2257740457455403	5	0.07116452748734245	0.07401229631140352	0.0011891632091499762	unsupported	True	0.2311484627014793	1.2678340224255635e-270
elf1	14-40825221-40825721	16	0.1741252324422632	0.2336728838685551	5	0.0595476514262919	0.048543331482806595	0.0006754645080105885	unsupported	True	0.2219466906087908	3.6963878004555696e-249
elf1	14-40819616-40820116	17	0.1308155877299637	0.17909956420383227	1	0.04828397647386856	0.09964334672039274	0.0008616797055880495	unsupported	True	0.2137679879000005	6.933967042400069e-231
elf1	14-40766945-40767445	18	0.11797696751342647	0.14429093383153746	0	0.02631396631811099	0.02332600272327831	8.856572468346737e-05	unsupported	True	0.2001125371793666	4.8434572591680575e-202
elf1	14-40771050-40771550	19	0.12542499333737375	0.15308353641017314	3	0.027658543072799385	0.037079428540170545	0.00015699680647218004	unsupported	True	0.1860678028169656	1.6258448854145402e-174
otx1	17-24389755-24390255	0	0.45058067565651466	0.3992986554988271	3	-0.05128202015768757	0.14857587406062628	0.0	core_concordant	True	0.4217889028058911	0.0
otx1	17-24282212-24282712	1	0.4783780979115479	0.44415463243142944	4	-0.03422346548011845	0.09843470013366923	0.0	core_concordant	True	0.4049478569145578	0.0
otx1	17-24301501-24302001	2	0.5062820806105024	0.5205029534225357	3	0.014220872812033325	0.168604843240576	0.001248014111693407	core_concordant	True	0.4037262603117152	0.0
otx1	17-24367557-24368057	3	0.33771045427567914	0.3552443825621017	3	0.017533928286422584	0.2699498499497835	0.0016814715964459383	unsupported	True	0.3720957653701814	0.0
otx1	17-24350138-24350638	4	0.29894402666398623	0.3045457502187599	3	0.005601723554773674	0.18992088301810756	0.0003240014374002671	unsupported	True	0.3538882717069178	0.0
otx1	17-24347384-24347884	5	0.4150750616432715	0.4141075757868716	4	-0.0009674858563999411	0.2072224427428434	0.0	core_concordant	True	0.3432714437151931	0.0
otx1	17-24293686-24294186	6	0.3829154668470439	0.3839412908651751	4	0.0010258240181311717	0.22273758430864568	8.772657804553823e-05	core_concordant	True	0.3290101438252396	0.0
otx1	17-24239977-24240477	7	0.35762016922487105	0.34758907968188696	5	-0.010031089542984095	0.1221791093681858	0.0	core_concordant	True	0.3241100160797552	0.0
otx1	17-24395096-24395596	8	0.2798186541355015	0.24009804969306242	4	-0.03972060444243908	0.14840633247192137	0.0	unsupported	True	0.30767127837647	0.0
otx1	17-24366602-24367102	9	0.31612194696193396	0.28595359984365387	3	-0.030168347118280092	0.17068984619241184	0.0	unsupported	True	0.3058209770564168	0.0
otx1	17-24350681-24351181	10	0.29028637474301716	0.33857972299726596	3	0.0482933482542488	0.24944396803993168	0.004078695357497851	unsupported	True	0.2992906383734686	0.0
otx1	17-24309879-24310379	11	0.30770616902297665	0.2689683084214912	4	-0.03873786060148543	0.13454420789091598	0.0	unsupported	True	0.2974650503089636	0.0
otx1	17-24285829-24286329	12	0.3669963914469414	0.41423298073618964	3	0.04723658928924823	0.21875260279810002	0.004280321937193415	core_concordant	True	0.2870490370093765	0.0
otx1	17-24354121-24354621	13	0.306823842253575	0.32616347097736764	4	0.019339628723792635	0.178817220265902	0.0011279576446138022	unsupported	True	0.2835766389912222	0.0
otx1	17-24287302-24287802	14	0.27525121399057895	0.2368218076559748	4	-0.03842940633460415	0.15441207248079686	0.0	unsupported	True	0.2792012689362723	0.0
otx1	17-24231322-24231822	15	0.2393490510819905	0.29724005002858805	3	0.05789099894659755	0.1951746601482649	0.00335847253609521	unsupported	True	0.2740307837070625	0.0
otx1	17-24281597-24282097	16	0.26722676460412803	0.26872804153590674	4	0.0015012769317787056	0.10935584290524855	4.411799741220407e-05	unsupported	True	0.2528260898862642	0.0
otx1	17-24310572-24311072	17	0.22449670426333637	0.1768866595165555	3	-0.04761004474678088	0.10134703130217779	0.0	unsupported	True	0.2440093609352818	2.971792909911733e-302
otx1	17-24403744-24404244	18	0.20585945617635357	0.10171397339012112	3	-0.10414548278623245	0.013304935815938126	0.0	unsupported	True	0.2321243943119513	5.885798174108615e-273
otx1	17-24242285-24242785	19	0.23283604497535298	0.24193139361878055	3	0.009095348643427564	0.1769923181060365	0.000389462812350866	unsupported	True	0.2258511743904747	3.7816363596947386e-258
tp63	6-28888077-28888577	0	0.5108964921143914	0.6035336718498437	1	0.09263717973545238	0.1827897289067849	0.010219711089357725	core_concordant	True	0.4505468462082996	0.0
tp63	6-28771726-28772226	1	0.4957551873005267	0.5797336299026979	1	0.08397844260217124	0.17154193284265712	0.008351540848596925	core_concordant	True	0.4168317809086805	0.0
tp63	6-28845950-28846450	2	0.40623636544340413	0.48284055419896815	2	0.07660418875556402	0.09705151332002698	0.0035897034229488063	core_concordant	True	0.4120967237283443	0.0
tp63	6-28889408-28889908	3	0.4909908758239807	0.5637542018593314	1	0.07276332603535074	0.15797632446865195	0.006480288480172664	core_concordant	True	0.401495188801988	0.0
tp63	6-28860891-28861391	4	0.48141205193040326	0.5616119539019299	1	0.0801999019715266	0.16987544791538933	0.007651398042026395	core_concordant	True	0.3835248476387992	0.0
tp63	6-28864198-28864698	5	0.4466219341993161	0.5250788997616165	1	0.07845696556230036	0.1380830013104445	0.005688480737589257	core_concordant	True	0.3677453205169586	0.0
tp63	6-28813066-28813566	6	0.28832467128446204	0.32617188973275474	1	0.0378472184482927	0.05208332942658345	0.0006429530123144331	unsupported	True	0.3462828412348409	0.0
tp63	6-28792995-28793495	7	0.34897584044313384	0.4024698937858637	1	0.05349405334272983	0.09216600906076533	0.0019843107618726917	unsupported	True	0.3199622913615392	0.0
tp63	6-28811913-28812413	8	0.10734416133325383	0.1370555176682086	2	0.029711356334954753	0.04905852854203582	0.00019977149522005781	unsupported	True	0.3180665067020746	0.0
tp63	6-28877027-28877527	9	0.41340986236898875	0.4567376095022083	2	0.043327747133219574	0.09097927341559581	0.0018004262933067126	core_concordant	True	0.3133731898535443	0.0
tp63	6-28805501-28806001	10	0.3487104645544166	0.38642442907855357	2	0.037713964524136945	0.06313116709236788	0.0009200482005716063	unsupported	True	0.3038102181737268	0.0
tp63	6-28786232-28786732	11	0.20338029900495316	0.24361780938900718	0	0.040237510384054015	0.04031006846303692	0.0003951424344970812	unsupported	True	0.2935044664071918	0.0
tp63	6-28775120-28775620	12	0.22508483676991864	0.2646697747781834	2	0.039584938008264736	0.02751367841215588	0.0002882590651068525	unsupported	True	0.27818931722409	0.0
tp63	6-28872761-28873261	13	0.363169140620716	0.46090235466364	1	0.09773321404292401	0.2242568934616605	0.010101756826125604	core_concordant	True	0.2513938788618557	0.0
tp63	6-28762748-28763248	14	0.23938369051999986	0.3030401293882407	2	0.06365643886824085	0.08749774327680956	0.0016878713204965892	unsupported	True	0.2349027941113159	1.1675301470412716e-279
tp63	6-28736126-28736626	15	0.19718470364317034	0.2503441189597378	3	0.053159415316567454	0.06577064691675552	0.000875285436916648	unsupported	True	0.2332163719481571	1.400039273307032e-275
tp63	6-28869321-28869821	16	0.24335872806789427	0.29953562646728005	2	0.05617689839938578	0.08974689337715042	0.0015101694002524419	unsupported	True	0.2322925777063085	2.32599202143667e-273
tp63	6-28808516-28809016	17	0.25586125054112924	0.3175806927672946	2	0.06171944222616538	0.08152258147461941	0.0015979162296793907	unsupported	True	0.2294646588792639	1.2677453945463612e-266
tp63	6-28757011-28757511	18	0.25444322767995464	0.3246609709335467	5	0.07021774325359204	0.09219909939139218	0.0021018592455368337	unsupported	True	0.2269734743200576	9.151944339003914e-261
tp63	6-28767405-28767905	19	0.19517342650125444	0.27545788337173416	2	0.08028445687047972	0.08292936006625728	0.0018339816830617835	unsupported	True	0.2186399021268792	1.113432830947189e-241
hoxb9a	3-23638847-23639347	0	0.4517335623206988	0.2613909354010424	2	-0.19034262691965637	0.2214424835159136	0.0	core_concordant	True	0.5291347444889007	0.0
hoxb9a	3-23683643-23684143	1	0.4622483639763057	0.3099662168473403	2	-0.15228214712896537	0.24990769224137005	0.0	core_concordant	True	0.5225991118675174	0.0
hoxb9a	3-23615693-23616193	2	0.3833687955066333	0.1943778755089174	2	-0.18899091999771586	0.15267274696150557	0.0	core_concordant	True	0.4847168498180952	0.0
hoxb9a	3-23693912-23694412	3	0.3936718895968855	0.22636303032842156	2	-0.16730885926846392	0.20666818417150495	0.0	core_concordant	True	0.4718556090358523	0.0
hoxb9a	3-23726194-23726694	4	0.32244217963962557	0.12495310471959324	2	-0.19748907492003231	0.06871980704918118	0.0	unsupported	True	0.4287062102081684	0.0
hoxb9a	3-23666324-23666824	5	0.2876626259300634	0.11428607774299117	2	-0.17337654818707227	0.10015240589466722	0.0	unsupported	True	0.3634952806602295	0.0
hoxb9a	3-23741645-23742145	6	0.27491515016763207	0.13960648826093824	2	-0.13530866190669383	0.1353356083528158	0.0	unsupported	True	0.3340162992566987	0.0
hoxb9a	3-23616369-23616869	7	0.23636709168263034	0.2047236710710143	1	-0.03164342061161604	0.1824628225159458	0.0	unsupported	True	0.2743806386132906	0.0
hoxb9a	3-23637531-23638031	8	0.22810421526225363	0.151311387312661	2	-0.07679282794959263	0.13015392809114865	0.0	unsupported	True	0.2506260914839814	0.0
hoxb9a	3-23679613-23680113	9	0.18371652822467022	0.16108601779235995	2	-0.022630510432310263	0.14274730181391948	0.0	unsupported	True	0.2504699851058892	0.0
hoxb9a	3-23728618-23729118	10	0.17029694534062176	0.04478617860429965	2	-0.1255107667363221	0.057760781017508825	0.0	unsupported	True	0.2470865453260262	4.16724984109124e-310
hoxb9a	3-23639855-23640355	11	0.1510928274067566	0.08224997756047132	2	-0.06884284984628529	0.06777843259441402	0.0	unsupported	True	0.2465040741596914	1.302764888936078e-308
hoxb9a	3-23638341-23638841	12	0.12787645784207188	0.07201101507556018	2	-0.0558654427665117	0.06187604898746857	0.0	unsupported	True	0.2310284026433623	2.4510221043124023e-270
hoxb9a	3-23700304-23700804	13	0.17061680308270258	0.010838844539017014	5	-0.15977795854368557	0.04767502956508996	0.0	unsupported	True	0.2306501344225	1.950978420283306e-269
hoxb9a	3-23740533-23741033	14	0.0782963944720547	0.03308015206402721	2	-0.0452162424080275	0.028132768985364043	0.0	unsupported	True	0.2191793891376969	6.838266287586973e-243
hoxb9a	3-23657889-23658389	15	0.15495164523127353	0.10439601352240407	2	-0.05055563170886945	0.07723406548869036	0.0	unsupported	True	0.2130443561916171	2.639761673898241e-229
hoxb9a	3-23680292-23680792	16	0.12257579794215323	0.04383694135561215	1	-0.07873885658654109	0.05883879478564691	0.0	unsupported	True	0.2050222231810837	3.5695319899969096e-212
hoxb9a	3-23685386-23685886	17	0.17804971999391728	0.1517997770074497	2	-0.026249942986467573	0.15613706044597392	0.0	unsupported	True	0.2037730488745162	1.4318233991565677e-209
hoxb9a	3-23666849-23667349	18	0.12766534678783445	0.0671433231803418	2	-0.06052202360749265	0.04833403352587881	0.0	unsupported	True	0.1911053360379162	3.85042133482703e-184
hoxb9a	3-23660900-23661400	19	0.1502624191512467	0.1056941472489256	2	-0.044568271902321085	0.08695318622179446	0.0	unsupported	True	0.1875899263963836	2.1462402593354423e-177
foxc1b	20-26742307-26742807	0	0.45356949064278346	0.45090374134272887	1	-0.0026657493000545873	0.056451296264378614	0.0	core_concordant	True	0.4083306456252631	0.0
foxc1b	20-26732252-26732752	1	0.5162046734505507	0.6031608953917595	1	0.08695622194120889	0.46411655991843104	0.02434226040996337	core_concordant	True	0.4008918662224179	0.0
foxc1b	20-26729795-26730295	2	0.44293753371658606	0.48864232591662526	2	0.0457047922000392	0.33743001038486153	0.00753592428979063	core_concordant	True	0.390927655386321	0.0
foxc1b	20-26731594-26732094	3	0.3266101160970904	0.3432763787728221	2	0.01666626267573168	0.2105894208573766	0.0012048103586740657	unsupported	True	0.3560529309818687	0.0
foxc1b	20-26725941-26726441	4	0.2923291024038228	0.37826727601392346	3	0.08593817361010064	0.14253919161931225	0.004633606859725758	unsupported	True	0.3351593827063359	0.0
foxc1b	20-26797366-26797866	5	0.36137426228094877	0.42405299199656565	1	0.06267872971561689	0.4003691798902713	0.010641453618461779	core_concordant	True	0.3195522849525834	0.0
foxc1b	20-26720739-26721239	6	0.3182288709748873	0.35753740127358935	1	0.03930853029870207	0.29077955880282746	0.004086694363273008	unsupported	True	0.3195392466227221	0.0
foxc1b	20-26741806-26742306	7	0.2959569243609496	0.3172056983482634	1	0.021248773987313785	0.1400122285834051	0.0009437149303281653	unsupported	True	0.3157686913873571	0.0
foxc1b	20-26716989-26717489	8	0.3667590761564033	0.4429946532451007	1	0.07623557708869738	0.39136427447579564	0.013217135898092201	core_concordant	True	0.2967529570529122	0.0
foxc1b	20-26763073-26763573	9	0.28509990381974326	0.37462634315105475	3	0.08952643933131149	0.12514429821402892	0.004197209935153967	unsupported	True	0.2950670847769078	0.0
foxc1b	20-26709690-26710190	10	0.30719546864327774	0.46439561096058496	3	0.15720014231730722	0.16768913219713466	0.012241819130939182	regional_candidate	True	0.2905239720866159	0.0
foxc1b	20-26723654-26724154	11	0.2744472583502641	0.2954525063612765	3	0.02100524801101239	0.026964555638882837	0.00016734346604330708	unsupported	True	0.2893596180600156	0.0
foxc1b	20-26734844-26735344	12	0.35052769571431586	0.43703031153631	2	0.08650261582199414	0.23593504774280175	0.00891935110101582	core_concordant	True	0.2838293102176841	0.0
foxc1b	20-26728413-26728913	13	0.3357153352544605	0.4380861966995447	2	0.10237086144508417	0.23077425084169711	0.010349593138809472	regional_candidate	True	0.2742633826410385	0.0
foxc1b	20-26620959-26621459	14	0.2737837563867786	0.3025168180389254	3	0.028733061652146785	0.12880204613733803	0.0011195775741031774	unsupported	True	0.2735640113206987	0.0
foxc1b	20-26754295-26754795	15	0.18807094977540206	0.19751977645019772	1	0.009448826674795657	0.03542404248709516	6.6112957909416e-05	unsupported	True	0.2571624269595201	0.0
foxc1b	20-26717669-26718169	16	0.24817707072442965	0.3114373046978832	1	0.06326023397345357	0.1940464661652504	0.0038230252297213677	unsupported	True	0.2567390948907388	0.0
foxc1b	20-26750330-26750830	17	0.11386065784874105	0.11473492773245034	1	0.0008742698837092833	0.06994194096043499	7.015826573674294e-06	unsupported	True	0.2438386094986466	8.045298853862152e-302
foxc1b	20-26792557-26793057	18	0.16083472313857508	0.19762559150030748	1	0.0367908683617324	0.12485381832484399	0.0009077892799980469	unsupported	True	0.2154316931494077	1.530416738587938e-234
foxc1b	20-26788799-26789299	19	0.11544987145800666	0.2080991576357136	2	0.09264928617770694	0.22737645538034218	0.0043838722683561294	unsupported	True	0.2131295927893092	1.7206489707910557e-229
foxc1a	2-623417-623917	0	0.6970905429744477	0.7140907276138854	1	0.017000184639437643	0.11525717173648076	0.0013991845162549844	core_concordant	True	0.632153694958504	0.0
foxc1a	2-621353-621853	1	0.625191737212439	0.7161610878301262	2	0.09096935061768718	0.4694432321081812	0.030583620566435647	core_concordant	True	0.5152281801848045	0.0
foxc1a	2-618129-618629	2	0.5293104330234766	0.6157132986996693	4	0.08640286567619271	0.10392613845563792	0.005528807528670881	core_concordant	True	0.4691448178689029	0.0
foxc1a	2-637250-637750	3	0.42767037940525066	0.49988139469294723	4	0.07221101528769658	0.11345623041083086	0.0040954230860156815	core_concordant	True	0.4086063090712172	0.0
foxc1a	2-628474-628974	4	0.39039271509366347	0.42681369913626016	3	0.036420984042596694	0.06490574865479842	0.0010089582353533769	core_concordant	True	0.3933442656777395	0.0
foxc1a	2-605368-605868	5	0.2303170818894134	0.33178937980697254	4	0.10147229791755913	0.16374166297301582	0.005512761106182039	regional_candidate	True	0.3352822638163094	0.0
foxc1a	2-680379-680879	6	0.3359019725542751	0.3783403897473349	2	0.042438417193059796	0.12146093876545583	0.0019501971533646644	unsupported	True	0.3161766038694333	0.0
foxc1a	2-620640-621140	7	0.2766827703401114	0.33239209883800774	2	0.05570932849789634	0.29075995781182096	0.0053841011787003875	regional_candidate	True	0.3142745433613446	0.0
foxc1a	2-630993-631493	8	0.19552706291985913	0.23632840200512975	1	0.040801339085270616	0.169971863077526	0.0016389562844630608	unsupported	True	0.2712965407900509	0.0
foxc1a	2-623942-624442	9	0.1845177420299783	0.22417200669704387	3	0.039654264667065564	0.05512655534214861	0.0004900406826800105	unsupported	True	0.2603997096395686	0.0
foxc1a	2-631679-632179	10	0.17223156674325354	0.21483253402722313	3	0.04260096728396959	0.09456402375893971	0.0008654569198814591	unsupported	True	0.2446061574889367	9.09118085511512e-304
foxc1a	2-641159-641659	11	0.1853917513834312	0.3839246488032864	5	0.19853289741985522	0.2952193342917624	0.02250211153740233	regional_candidate	True	0.2364852222207603	1.6222055486931358e-283
foxc1a	2-642009-642509	12	0.12520353414408553	0.1519677741812571	2	0.026764240037171566	0.02727978698735918	0.00011095513179412135	unsupported	True	0.2155732448653847	7.452494666981894e-235
foxc1a	2-603067-603567	13	0.10305989609361256	0.13117935620230514	2	0.02811946010869258	0.06778950463574913	0.00025005464911141505	unsupported	True	0.2139234137316173	3.1675991942215e-231
foxc1a	2-669076-669576	14	0.2202627204686151	0.3025558822157553	4	0.08229316174714021	0.08567163551390505	0.002133076382167768	unsupported	True	0.2120728895634246	3.421906107664395e-227
foxc1a	2-655963-656463	15	0.21143078516839772	0.18434631968164406	2	-0.027084465486753667	0.11421183321191837	0.0	unsupported	True	0.2018097843815801	1.6311027334576183e-205
foxc1a	2-675985-676485	16	0.13030209028102072	0.21670334523476478	4	0.08640125495374407	0.1169181000144413	0.0021891091452261517	unsupported	True	0.1933799430142668	1.4087158849090098e-188
foxc1a	2-695767-696267	17	0.17015570901801602	0.40226175754636195	3	0.23210604852834593	0.22950767360045427	0.02142853178468969	regional_candidate	True	0.1833176958406987	2.2382437941308054e-169
foxc1a	2-669593-670093	18	0.17436207383537014	0.16672980493786718	1	-0.0076322688975029584	0.023917057477504722	0.0	unsupported	True	0.1777973674669999	2.624927448390726e-159
foxc1a	2-615532-616032	19	0.10107809026508761	0.23648538645561837	3	0.13540729619053077	0.14254747274605922	0.0045646333295152365	unsupported	True	0.1691347507844595	3.6471557026622364e-144
gata3	4-25043775-25044275	0	0.5607139360538886	0.6521311830408729	3	0.09141724698698428	0.14473236258705535	0.00862836994502722	core_concordant	True	0.4291309715405537	0.0
gata3	4-24992132-24992632	1	0.5108014676948475	0.5864297046817303	2	0.07562823698688281	0.1737621626987454	0.007706463936996236	core_concordant	True	0.4006806905507058	0.0
gata3	4-25028737-25029237	2	0.4756569072060793	0.5828426952321344	3	0.1071857880260551	0.1832761298753927	0.011449709516638113	core_concordant	True	0.3868470445812837	0.0
gata3	4-25020828-25021328	3	0.48494432459509534	0.5784751248781103	3	0.09353080028301491	0.10793389233303419	0.005839789297078162	core_concordant	True	0.3627011794559764	0.0
gata3	4-25026986-25027486	4	0.419489974966548	0.49491980083809545	2	0.07542982587154745	0.11890050289439691	0.004438759615784457	core_concordant	True	0.3433575470234144	0.0
gata3	4-24969789-24970289	5	0.3474233284867649	0.41659779744197156	2	0.06917446895520668	0.09130058072764896	0.002631093872733441	unsupported	True	0.3386847031441743	0.0
gata3	4-24978350-24978850	6	0.37613035015661006	0.4774922777186274	3	0.10136192756201734	0.155632409084207	0.007532536645449523	core_concordant	True	0.3347644012434965	0.0
gata3	4-25159193-25159693	7	0.34468253084263883	0.4383839134206996	3	0.09370138257806077	0.1278947698735196	0.0052535563280807895	regional_candidate	True	0.3254816867019281	0.0
gata3	4-25008857-25009357	8	0.3730577185412486	0.4733515846507429	2	0.10029386610949431	0.16292209316598616	0.0077346058846205126	core_concordant	True	0.3246342968489849	0.0
gata3	4-25119808-25120308	9	0.3732458678741571	0.529771122826985	3	0.15652525495282793	0.17199476057406554	0.014262245864936268	core_concordant	True	0.3114916278380266	0.0
gata3	4-24966965-24967465	10	0.3199075919339904	0.376333888759018	2	0.056426296825027644	0.07357861509467833	0.001562451288439466	unsupported	True	0.2681290535943076	0.0
gata3	4-25010807-25011307	11	0.22199724513862676	0.28395131092463044	2	0.06195406578600368	0.08047983217048918	0.0014157962336519235	unsupported	True	0.2658677526405417	0.0
gata3	4-25051969-25052469	12	0.31121210683748307	0.3930720268458529	3	0.08185992000836984	0.0971223609958548	0.003125091124245458	unsupported	True	0.2624240745513257	0.0
gata3	4-25039491-25039991	13	0.23317572895777175	0.2670086685668047	1	0.03383293960903297	0.05604438635279688	0.0005062875093573737	unsupported	True	0.2506632107333539	0.0
gata3	4-25049466-25049966	14	0.19545289806207933	0.23742551960932606	4	0.041972621547246736	0.04003510850136646	0.0003989647284670567	unsupported	True	0.2340454971431463	1.395935506492066e-277
gata3	4-25047307-25047807	15	0.1981717186608378	0.2543654934371837	2	0.05619377477634588	0.08085818690495283	0.0011557672952203927	unsupported	True	0.231791817893482	3.6826178923431906e-272
gata3	4-25140484-25140984	16	0.23164190846986085	0.32960361047396425	2	0.0979617020041034	0.13779661003600543	0.0044492500691941834	unsupported	True	0.2195710887477448	8.976562705473829e-244
gata3	4-25050674-25051174	17	0.15759067066818594	0.19417512446461996	5	0.03658445379643402	0.0455086659190492	0.0003232840454339851	unsupported	True	0.2186527363577649	1.0420191959790587e-241
gata3	4-25139877-25140377	18	0.16817798468433945	0.23926255884597286	1	0.07108457416163341	0.12447242510281445	0.0021170117095317895	unsupported	True	0.2162333398606507	2.5823762569016477e-236
gata3	4-24964639-24965139	19	0.11903999205161966	0.20343383249635175	2	0.08439384044473208	0.14269037864594303	0.002449788669770583	unsupported	True	0.200594785831587	5.0311971477997865e-203
zic2a	9-31245924-31246424	0	0.41941397744921133	0.5291953824641994	4	0.10978140501498806	0.16600296394366498	0.009644077086700148	core_concordant	True	0.4561011508398331	0.0
zic2a	9-31205171-31205671	1	0.36784627469904185	0.4785199928787225	4	0.11067371817968064	0.16871074540595898	0.008934851371358628	core_concordant	True	0.3919238970912024	0.0
zic2a	9-31241022-31241522	2	0.3924794291722015	0.4738416329617903	4	0.0813622037895888	0.2013805651546548	0.007763784552616781	core_concordant	True	0.3908410193904227	0.0
zic2a	9-31317861-31318361	3	0.35658201390525973	0.3804733206637218	4	0.023891306758462072	0.11527662243458203	0.0010478650532625318	core_concordant	True	0.3694665949654873	0.0
zic2a	9-31212671-31213171	4	0.3856710890443432	0.44632072168211545	0	0.06064963263777223	0.1602418181192426	0.004337615869468621	core_concordant	True	0.3408247512895316	0.0
zic2a	9-31214527-31215027	5	0.44740965126826676	0.4914861182994767	0	0.04407646703120993	0.10698286495369053	0.0023175667747559916	core_concordant	True	0.3309713102336618	0.0
zic2a	9-31277917-31278417	6	0.323217318276599	0.3911113888787793	4	0.06789407060218028	0.15536942695412764	0.004125702175356846	unsupported	True	0.3037814940680801	0.0
zic2a	9-31302607-31303107	7	0.3016662692989676	0.4310789863498618	0	0.1294127170508942	0.2760475163683327	0.015399891197363336	regional_candidate	True	0.297438200427508	0.0
zic2a	9-31205806-31206306	8	0.28004140983888853	0.3526838452867993	4	0.07264243544791077	0.23153352937385768	0.005931845833397447	regional_candidate	True	0.2863426149461373	0.0
zic2a	9-31194833-31195333	9	0.2938678480774938	0.34961245836637767	4	0.05574461028888389	0.15976796411013908	0.0031137194891691566	unsupported	True	0.2822903176269026	0.0
zic2a	9-31204620-31205120	10	0.24834020581660282	0.2888241176885965	2	0.04048391187199368	0.05747093803123571	0.0006719921685454392	unsupported	True	0.2812522630173792	0.0
zic2a	9-31184482-31184982	11	0.23785397988063112	0.44604082931682804	2	0.20818684943619692	0.17058336046575467	0.015840342702395552	regional_candidate	True	0.2676949939803116	0.0
zic2a	9-31197418-31197918	12	0.2889300802479431	0.3543835492438549	4	0.06545346899591181	0.18229865989327726	0.004228532748035751	unsupported	True	0.266213190246294	0.0
zic2a	9-31212099-31212599	13	0.2634558089409496	0.3081061213179106	4	0.04465031237696099	0.15342762025631324	0.0021107090746466323	unsupported	True	0.2636468554564937	0.0
zic2a	9-31272339-31272839	14	0.2887861806040425	0.37563621768401345	4	0.08685003707997097	0.20714249217349745	0.006757820690365815	regional_candidate	True	0.2559025706195827	0.0
zic2a	9-31347982-31348482	15	0.24843115454224302	0.22534414255118632	2	-0.0230870119910567	0.024344662321075183	0.0	unsupported	True	0.2425126399670079	1.7894420226769142e-298
zic2a	9-31318389-31318889	16	0.2305380666506588	0.3009292835193357	0	0.07039121686867689	0.15764487949928585	0.003339356557525883	unsupported	True	0.2257740070645923	5.7152557435447575e-258
zic2a	9-31252988-31253488	17	0.24841725522205985	0.37394512842486005	4	0.1255278732028002	0.16096620526769867	0.007555840060310329	regional_candidate	True	0.2200152718366763	8.933525009505867e-245
zic2a	9-31250286-31250786	18	0.21115997938165393	0.2806498255067114	2	0.06948984612505749	0.0717073516149597	0.0013984592291835108	unsupported	True	0.2145126759342401	1.6154182995577613e-232
zic2a	9-31287346-31287846	19	0.25097164293103513	0.35243976995726284	0	0.1014681270262277	0.2013909531292727	0.0072020231053164605	regional_candidate	True	0.2069614765697807	2.9989483912891286e-216
prickle1b	4-13941158-13941658	0	0.5926218714637049	0.5090290699544705	2	-0.08359280150923443	0.49146737201461443	0.0	core_concordant	True	0.606347678751709	0.0
prickle1b	4-13950387-13950887	1	0.5046814362260358	0.3681264212553421	2	-0.13655501497069367	0.36078060952951907	0.0	core_concordant	True	0.5399986717585759	0.0
prickle1b	4-14046876-14047376	2	0.44510941623941896	0.3534712004298506	2	-0.09163821580956838	0.3135963039591714	0.0	core_concordant	True	0.4238779390008737	0.0
prickle1b	4-13979336-13979836	3	0.48312282650660604	0.4470655666041403	2	-0.03605725990246572	0.43816157631908875	0.0	core_concordant	True	0.3706030376342853	0.0
prickle1b	4-14014232-14014732	4	0.2933580062083799	0.24926217363739409	1	-0.04409583257098579	0.1696354730852754	0.0	unsupported	True	0.3324252208002677	0.0
prickle1b	4-13947187-13947687	5	0.24440577759329052	0.1376214554057021	2	-0.10678432218758843	0.11644197040119514	0.0	unsupported	True	0.3260996330139756	0.0
prickle1b	4-13976167-13976667	6	0.3938786745753043	0.44857261954239097	2	0.05469394496708668	0.43987240312603504	0.010791920225464994	core_concordant	True	0.2846656743764776	0.0
prickle1b	4-13954826-13955326	7	0.23746391927710953	0.1471297599246947	2	-0.09033415935241482	0.10602765004606722	0.0	unsupported	True	0.2723692546589374	0.0
prickle1b	4-13992268-13992768	8	0.25082541180793316	0.2337977571311495	2	-0.01702765467678366	0.22640158259515114	0.0	unsupported	True	0.2678771908301418	0.0
prickle1b	4-14061184-14061684	9	0.1991720314167284	0.16233275720049972	2	-0.03683927421622868	0.050775262389197204	0.0	unsupported	True	0.2605529979807773	0.0
prickle1b	4-13907300-13907800	10	0.18773217261244837	0.09808182900236782	2	-0.08965034361008055	0.06637514943884633	0.0	unsupported	True	0.2411609389323937	4.403010519106161e-295
prickle1b	4-13957986-13958486	11	0.10786574962247242	0.13468321330536487	3	0.02681746368289245	0.0818343286432093	0.00029557431677582204	unsupported	True	0.2378919902775947	5.712432367569971e-287
prickle1b	4-13946546-13947046	12	0.13208990033061882	0.16622060817697323	3	0.03413070784635441	0.1166748060516116	0.0006619226617472503	unsupported	True	0.2311074186177687	1.588368132112348e-270
prickle1b	4-14094984-14095484	13	0.20790974957241717	0.1886473685986587	2	-0.019262380973758486	0.15211876264415541	0.0	unsupported	True	0.2265816832673273	7.523817062706729e-260
prickle1b	4-13973032-13973532	14	0.2256598485376873	0.19350106041825443	2	-0.032158788119432874	0.19990267932088712	0.0	unsupported	True	0.2258107561288208	4.6949419752799085e-258
prickle1b	4-14018474-14018974	15	0.12770549320190272	0.2041616198698562	0	0.07645612666795348	0.13865274750171142	0.002164287121598309	unsupported	True	0.2111473655908737	3.445477113962336e-225
prickle1b	4-13913765-13914265	16	0.167880389076266	0.1613906913304392	1	-0.006489697745826806	0.16500091150961213	0.0	unsupported	True	0.2096409644692203	5.982822920882473e-222
prickle1b	4-14021469-14021969	17	0.12445375584870745	0.0955492936917154	2	-0.02890446215699205	0.07821456209628246	0.0	unsupported	True	0.2012771861798312	2.0212853569992777e-204
prickle1b	4-13988462-13988962	18	0.13970043836962745	0.09311093568651428	2	-0.04658950268311317	0.09026578103770724	0.0	unsupported	True	0.200878335392253	1.324991442766752e-203
prickle1b	4-13916923-13917423	19	0.14590597910333572	0.22666314809388233	3	0.08075716899054661	0.16874030655558342	0.0030887363282383166	unsupported	True	0.1939352904769037	1.1403314619716026e-189
tuba8l2	1-5410314-5410814	0	0.5524161916483213	0.6668945684401054	0	0.11447837679178408	0.21556237067073913	0.01645711084573045	core_concordant	True	0.6040361074317155	0.0
tuba8l2	1-5407877-5408377	1	0.4029040669887342	0.4623977488475648	3	0.05949368185883058	0.2630694798038	0.007236974191507179	core_concordant	True	0.5304636357293266	0.0
tuba8l2	1-5343435-5343935	2	0.35398234701312853	0.2511095417960295	1	-0.10287280521709902	0.1896928153052554	0.0	core_concordant	True	0.3941733928306013	0.0
tuba8l2	1-5465577-5466077	3	0.2002839871006602	0.322557690466271	3	0.12227370336561078	0.28713174672855185	0.011324568938576012	regional_candidate	True	0.3795014150665807	0.0
tuba8l2	1-5409108-5409608	4	0.14764283396384495	0.20199237497418537	4	0.054349541010340424	0.04633360497444414	0.0005086592516530189	unsupported	True	0.3157512299936693	0.0
tuba8l2	1-5340089-5340589	5	0.37735727062802016	0.40525233199422755	2	0.027895061366207397	0.305308395632783	0.0034513705646385634	core_concordant	True	0.3072180343849708	0.0
tuba8l2	1-5407256-5407756	6	0.1543928697780729	0.3302382014778968	0	0.1758453316998239	0.0869857252173066	0.0050513346601499635	regional_candidate	True	0.2793723223528118	0.0
tuba8l2	1-5475259-5475759	7	0.13868254629634236	0.2837228965412274	3	0.14504035024488504	0.2249768841741697	0.009258084118986988	regional_candidate	True	0.2719167130041666	0.0
tuba8l2	1-5409697-5410197	8	0.12613190074987196	0.15460248590831627	4	0.028470585158444306	0.053420070238299366	0.00023513502268392495	unsupported	True	0.269542623992025	0.0
tuba8l2	1-5349522-5350022	9	0.175903484451386	0.39234609085921274	3	0.21644260640782673	0.20957550249128173	0.017797237706388046	regional_candidate	True	0.2689353507264772	0.0
tuba8l2	1-5342664-5343164	10	0.1588904808536922	0.19999431609192322	3	0.041103835238231023	0.12319453815312216	0.001012724817707354	unsupported	True	0.2676501009554229	0.0
tuba8l2	1-5311417-5311917	11	0.14188897779741858	0.35733295040732793	3	0.21544397260990936	0.20630362361137797	0.015882331991986732	regional_candidate	True	0.2668440673812319	0.0
tuba8l2	1-5303032-5303532	12	0.24686218553681752	0.2760289519609421	2	0.029166766424124607	0.24402568139794048	0.001964619517873115	unsupported	True	0.2298441076856043	1.6012676552979258e-267
tuba8l2	1-5430251-5430751	13	0.11763620655306124	0.15708672256224782	3	0.03945051600918657	0.14533793118664987	0.0009006812891927057	unsupported	True	0.2285485536055425	1.8435844456929304e-264
tuba8l2	1-5332000-5332500	14	0.25123420705032923	0.2702286693914465	2	0.01899446234111729	0.3071552530767152	0.0015765813137519837	unsupported	True	0.2170434870883451	4.1029522132092773e-238
tuba8l2	1-5492936-5493436	15	0.12329787657669597	0.30259011521738827	3	0.1792922386406923	0.08422153417892511	0.004569191653799446	unsupported	True	0.2125561036903166	3.0529087159657687e-228
tuba8l2	1-5483389-5483889	16	0.1583676322511188	0.16313652903673878	3	0.00476889678561998	0.08570142755821135	6.667410536174996e-05	unsupported	True	0.2088723953378407	2.6305487893523107e-220
tuba8l2	1-5325921-5326421	17	0.1624136792620932	0.21530979963322727	2	0.05289612037113406	0.20553360027627166	0.0023408330829583607	unsupported	True	0.2070411260623292	2.035548765150041e-216
tuba8l2	1-5478654-5479154	18	0.11127737832719756	0.27951509903422833	3	0.16823772070703077	0.18212255803777638	0.008564310225641912	regional_candidate	True	0.2050503556532991	3.1173416606083133e-212
tuba8l2	1-5363389-5363889	19	0.0976796989187626	0.18688527530585627	0	0.08920557638709367	0.036149620064048704	0.0006026578605828558	unsupported	True	0.1823365148762957	1.4573768227386437e-167
grhl1	17-32459609-32460109	0	0.4584876155635979	0.5853453465414253	1	0.12685773097782743	0.21073429365681617	0.01564819772835525	core_concordant	True	0.4475978503895795	0.0
grhl1	17-32449489-32449989	1	0.5464861646472934	0.5814170159008084	1	0.03493085125351503	0.04849772394764951	0.0009849592527488428	core_concordant	True	0.4407789040097234	0.0
grhl1	17-32423467-32423967	2	0.6179837103590626	0.6938541676474314	1	0.07587045728836872	0.12211189152904423	0.006428340334338702	core_concordant	True	0.4229190023256778	0.0
grhl1	17-32424049-32424549	3	0.4483612473422185	0.48715960945392955	2	0.03879836211171106	0.07338463158960096	0.0013870425498933353	core_concordant	True	0.4100835812815466	0.0
grhl1	17-32446747-32447247	4	0.4405959887941812	0.5327512885161132	1	0.09215529972193198	0.14157029937036508	0.006950514843539242	core_concordant	True	0.3906663032609838	0.0
grhl1	17-32462571-32463071	5	0.2900354683735085	0.3520075093947276	2	0.06197204102121906	0.10980275887691335	0.002395305878418204	unsupported	True	0.3663163819603911	0.0
grhl1	17-32450600-32451100	6	0.3354320497667494	0.36878639643433364	1	0.033354346667584245	0.06611710133163623	0.0008132819547278659	unsupported	True	0.3529444680583732	0.0
grhl1	17-32516868-32517368	7	0.38063263702836364	0.4457630750273422	1	0.06513043799897855	0.14989056396880174	0.004351734419732143	core_concordant	True	0.3183854287321813	0.0
grhl1	17-32428567-32429067	8	0.25341568072292914	0.3317387461890372	2	0.07832306546610807	0.08750143525399495	0.002273531901259342	unsupported	True	0.2921896286096748	0.0
grhl1	17-32468218-32468718	9	0.2830036839615153	0.3423435044672213	0	0.059339820505705965	0.059356657078735775	0.0012058068709193172	unsupported	True	0.2878802065790899	0.0
grhl1	17-32433374-32433874	10	0.16642251182681214	0.20104454706985853	2	0.034622035243046384	0.06722775096721495	0.00046794356027039026	unsupported	True	0.2840801679301954	0.0
grhl1	17-32435386-32435886	11	0.3434327909177645	0.41567167063729415	3	0.07223887971952964	0.0927351448204104	0.0027846190108981326	unsupported	True	0.2726966059676516	0.0
grhl1	17-32411186-32411686	12	0.31592774505281995	0.4128720736222535	1	0.09694432856943352	0.14371113362527	0.005752125206891865	regional_candidate	True	0.2564105420296196	0.0
grhl1	17-32472141-32472641	13	0.21069919670893053	0.26906813801458285	3	0.05836894130565232	0.07782518223302379	0.001222261791787594	unsupported	True	0.2511724620739364	0.0
grhl1	17-32366813-32367313	14	0.14372723283145772	0.1829516066535663	1	0.03922437382210858	0.08968550540187044	0.0006435977347155591	unsupported	True	0.1910974226764021	3.9888259616111046e-184
grhl1	17-32509408-32509908	15	0.1461393301116855	0.18995893350955112	2	0.043819603397865614	0.06473752622551165	0.000538870321290578	unsupported	True	0.1803719294859248	5.8054771997599175e-164
grhl1	17-32365485-32365985	16	0.0612930734501832	0.07969033896487394	1	0.018397265514690744	0.016456904686689935	2.4127209997405893e-05	unsupported	True	0.1517802437993745	3.2157773298249395e-116
grhl1	17-32470823-32471323	17	0.09517355389730285	0.13726373443949594	2	0.04209018054219309	0.07154955258992807	0.0004133743464349657	unsupported	True	0.1461637783828028	7.500262244551436e-108
grhl1	17-32437150-32437650	18	0.11165824606692061	0.15467052510068216	2	0.04301227903376155	0.06909544450957594	0.0004596734598135557	unsupported	True	0.1439249981359121	1.3155964262048098e-104
grhl1	17-32381975-32382475	19	0.055703551251390926	0.08102977565250462	2	0.025326224401113692	0.0330135724464957	6.774973636438183e-05	unsupported	True	0.140008996673	4.6625980596312136e-99
sox3	14-32670236-32670736	0	0.5557646276652077	0.5616059871543423	5	0.005841359489134557	0.06069780480198006	0.00019912172601636358	core_concordant	True	0.5108539861843818	0.0
sox3	14-32714732-32715232	1	0.5210033561553704	0.5039412527270208	1	-0.017062103428349573	0.05552944966861684	0.0	core_concordant	True	0.505818132401808	0.0
sox3	14-32725277-32725777	2	0.5122912502679268	0.5252373626749851	1	0.012946112407058341	0.059981587305071304	0.0004078617139442353	core_concordant	True	0.4873676092078389	0.0
sox3	14-32653467-32653967	3	0.47609404489823764	0.5001420816639269	5	0.024048036765689285	0.06442355657492876	0.0007748501499919423	core_concordant	True	0.4536329293460386	0.0
sox3	14-32647042-32647542	4	0.466782332007524	0.5564695449560892	5	0.08968721294856524	0.19084584458136555	0.0095247730725111	core_concordant	True	0.3948418449606429	0.0
sox3	14-32739651-32740151	5	0.27975254323305726	0.22816705587698427	1	-0.05158548735607299	0.036841466500005304	0.0	unsupported	True	0.3016353467299477	0.0
sox3	14-32649259-32649759	6	0.28567801293445594	0.2810893496379039	1	-0.0045886632965520535	0.046565691070878046	0.0	unsupported	True	0.2816865684467338	0.0
sox3	14-32754813-32755313	7	0.2869576125624009	0.3462761937495776	3	0.0593185811871767	0.12084323759126195	0.0024821941180722673	unsupported	True	0.2664699114058923	0.0
sox3	14-32655606-32656106	8	0.23118657687085334	0.2457887091273673	2	0.014602132256513967	0.08993125755755321	0.0003227668120819631	unsupported	True	0.2538868857498308	0.0
sox3	14-32683023-32683523	9	0.227707302765933	0.2141848856341008	5	-0.01352241713183222	0.035262572649736895	0.0	unsupported	True	0.2481542302908366	0.0
sox3	14-32740389-32740889	10	0.235077647999735	0.27167257400905226	3	0.03659492600931727	0.07943140051441425	0.0007896940957423939	unsupported	True	0.2431870019154871	3.5725164724389795e-300
sox3	14-32711186-32711686	11	0.2372619602257193	0.3901664170333073	5	0.152904456807588	0.17944683027485336	0.010705472029707532	regional_candidate	True	0.230489852993168	4.6934617986533785e-269
sox3	14-32759763-32760263	12	0.22155477381658065	0.24802841843154988	0	0.026473644614969233	0.11831863268824686	0.0007769057231891098	unsupported	True	0.2284246524874028	3.609254628701372e-264
sox3	14-32721529-32722029	13	0.19426594926881074	0.17163233495463645	1	-0.022633614314174294	0.05003686874070527	0.0	unsupported	True	0.2268566155615999	1.716284632030963e-260
sox3	14-32702995-32703495	14	0.26229524014893213	0.3659629371016204	5	0.10366769695268829	0.12865557007028117	0.004881003829963033	unsupported	True	0.2223167567331832	5.2858639988278453e-250
sox3	14-32716653-32717153	15	0.20759179360938773	0.3322476659647038	5	0.12465587235531606	0.11624488586741921	0.004814470571666833	unsupported	True	0.2067613477012906	7.934155062982067e-216
sox3	14-32695194-32695694	16	0.16795849103400798	0.14955031230360172	0	-0.01840817873040626	0.12567034816984635	0.0	unsupported	True	0.1798132039090823	6.027882718777173e-163
sox3	14-32723104-32723604	17	0.1525545347670649	0.1800896578849984	3	0.02753512311793349	0.07482175891668179	0.0003710254573974023	unsupported	True	0.1721112870490106	2.812181340995068e-149
sox3	14-32644710-32645210	18	0.11611806643447975	0.14599091916051873	4	0.029872852726038984	0.039204220815002355	0.00017097608458653223	unsupported	True	0.1689624569393051	7.161852189965915e-144
sox3	14-32664104-32664604	19	0.07728203565724244	0.09788307043390895	0	0.020601034776666513	0.043591507005353435	8.790194859890477e-05	unsupported	True	0.1543812546479635	3.3161187691037764e-120
myf5	4-21745062-21745562	0	0.6024930394549208	0.598238947739939	1	-0.004254091714981811	0.43073629068503017	0.0	core_concordant	True	0.3898665036670921	0.0
myf5	4-21724237-21724737	1	0.48975670018364864	0.48501004442986634	1	-0.004746655753782303	0.39737925748801134	0.0	core_concordant	True	0.3620336157054822	0.0
myf5	4-21660739-21661239	2	0.5957427949767755	0.6005710352380201	1	0.004828240261244621	0.5199986311994976	0.0015078406819657262	core_concordant	True	0.3488495002269567	0.0
myf5	4-21736874-21737374	3	0.5147851690238481	0.5294149372604485	2	0.014629768236600449	0.3710908736875577	0.0028741796525909974	core_concordant	True	0.3309027514947542	0.0
myf5	4-21663513-21664013	4	0.3860476950000606	0.36191171284127893	2	-0.024135982158781655	0.27594703295543677	0.0	core_concordant	True	0.3290039139213956	0.0
myf5	4-21694535-21695035	5	0.4315785307895515	0.45422628100569873	2	0.022647750216147233	0.3899894527981653	0.004011900806782274	core_concordant	True	0.3272755891532697	0.0
myf5	4-21696609-21697109	6	0.4889455166170326	0.49334038576794453	1	0.0043948691509119175	0.38876603941619364	0.0008429094805721616	core_concordant	True	0.3263724233079872	0.0
myf5	4-21702136-21702636	7	0.40124864337612814	0.4137020744466408	2	0.012453431070512666	0.21208420353385854	0.0010926599942550888	core_concordant	True	0.3253356702280415	0.0
myf5	4-21745957-21746457	8	0.46392723092826876	0.4659686431896763	1	0.002041412261407527	0.3525989914224317	0.00033540418484447575	core_concordant	True	0.3237089191144263	0.0
myf5	4-21744160-21744660	9	0.38418471866051723	0.4159571384058416	2	0.031772419745324354	0.38158440752969236	0.005043006097185162	core_concordant	True	0.3074830829875274	0.0
myf5	4-21687556-21688056	10	0.2982448306629193	0.32467582793680283	2	0.02643099727388354	0.13178175747559986	0.0011308859323325335	unsupported	True	0.2714840668625155	0.0
myf5	4-21681022-21681522	11	0.11721124885021206	0.13103902447456733	2	0.013827775624355276	0.09807941322792454	0.00017771776142998594	unsupported	True	0.2654457515032847	0.0
myf5	4-21665899-21666399	12	0.19493855710857697	0.18684161646481653	2	-0.00809694064376043	0.09132591515639284	0.0	unsupported	True	0.250612081173816	0.0
myf5	4-21707789-21708289	13	0.24330372696283603	0.26820098746919074	2	0.024897260506354713	0.2810198362368567	0.0018765014845896562	unsupported	True	0.2276958545867248	1.862071206284184e-262
myf5	4-21743097-21743597	14	0.2716417341888913	0.2508287965599039	1	-0.020812937628987394	0.2388888341133729	0.0	unsupported	True	0.2198522661265905	2.0846163973733893e-244
myf5	4-21669676-21670176	15	0.2547607973959081	0.265343506613541	2	0.01058270921763288	0.24649372440012615	0.0006921674849949244	unsupported	True	0.2198485028077253	2.1257819375441356e-244
myf5	4-21738758-21739258	16	0.3113399445299401	0.29129192090115075	2	-0.02004802362878938	0.2858562038580326	0.0	unsupported	True	0.2196104394319645	7.318531143371015e-244
myf5	4-21664808-21665308	17	0.1587788280936877	0.14980656553365254	2	-0.008972262560035166	0.04035414521151885	0.0	unsupported	True	0.2177210265736922	1.2675351471172529e-239
myf5	4-21696057-21696557	18	0.19537970027349794	0.26817088244765835	2	0.07279118217416042	0.19913440933247892	0.003887198370141947	unsupported	True	0.1970254274298806	8.324420683625743e-196
myf5	4-21656237-21656737	19	0.14462080728750604	0.2005808169785137	2	0.05596000969100767	0.19755651066580135	0.002217473935455138	unsupported	True	0.1872298560526666	1.0353563219042475e-176
dlx3b	12-5769478-5769978	0	0.3964327939525236	0.5175082369207757	1	0.12107544296825212	0.07757504344681831	0.004860661312127494	core_concordant	True	0.378932055279452	0.0
dlx3b	12-5711986-5712486	1	0.2999321741986755	0.44950037120840847	1	0.14956819700973295	0.14049320903401463	0.009445493327634004	regional_candidate	True	0.3693399047035922	0.0
dlx3b	12-5749212-5749712	2	0.45917060605612664	0.5216007518234121	0	0.062430145767285505	0.2707153120434376	0.008815468104642258	core_concordant	True	0.3536510757782543	0.0
dlx3b	12-5741888-5742388	3	0.36286242326472395	0.3924297668972028	5	0.02956734363247887	0.03852408465342677	0.000446999028905464	core_concordant	True	0.3482991270606506	0.0
dlx3b	12-5674968-5675468	4	0.23054842681912605	0.3995015441658294	2	0.16895311734670335	0.08147097028135258	0.005499048628811191	regional_candidate	True	0.3370180812281093	0.0
dlx3b	12-5765921-5766421	5	0.4304914776005867	0.5661976026488813	0	0.1357061250482946	0.2292996257931113	0.017618576722828055	core_concordant	True	0.3046304860484386	0.0
dlx3b	12-5737205-5737705	6	0.30477773371441186	0.41441340486792116	0	0.1096356711535093	0.1037107713429738	0.00471204618784184	unsupported	True	0.2971183085278212	0.0
dlx3b	12-5781291-5781791	7	0.12900941172773542	0.32465221864646476	2	0.19564280691872935	0.19290326966592752	0.01225241925492627	regional_candidate	True	0.2910008435558111	0.0
dlx3b	12-5673458-5673958	8	0.13124041122111915	0.3049889162564826	2	0.17374850503536346	0.21127014297833147	0.01119549394720045	regional_candidate	True	0.2846131163328194	0.0
dlx3b	12-5789977-5790477	9	0.38348508820766547	0.4128559676383055	5	0.02937087943064004	0.1940469515861058	0.002353002244708359	core_concordant	True	0.2723019891823922	0.0
dlx3b	12-5762042-5762542	10	0.28595442383185304	0.5248295383787144	0	0.23887511454686133	0.16284062945896266	0.020415120643826397	regional_candidate	True	0.2688880941656151	0.0
dlx3b	12-5629369-5629869	11	0.15342027613321954	0.36443460586177523	2	0.2110143297285557	0.1665184821968112	0.01280542515830176	regional_candidate	True	0.2575080905390421	0.0
dlx3b	12-5784912-5785412	12	0.09209231799053505	0.20762167255394268	1	0.11552935456340763	0.1570850563053055	0.003767904652671007	unsupported	True	0.2545699574528133	0.0
dlx3b	12-5659748-5660248	13	0.08046647645331798	0.19720970927440906	2	0.11674323282109109	0.10327397161646797	0.002377666218309423	unsupported	True	0.2431611396253334	4.152011167440471e-300
dlx3b	12-5677440-5677940	14	0.16705410306640756	0.26511381354287045	0	0.09805971047646289	0.11358385775579058	0.0029528377099421054	unsupported	True	0.2386332693723627	8.471096032382403e-289
dlx3b	12-5650296-5650796	15	0.18828292967771434	0.36756118271508736	2	0.17927825303737302	0.16933838265766574	0.011158675787072289	regional_candidate	True	0.2368216182426282	2.4345283314802982e-284
dlx3b	12-5738629-5739129	16	0.1544677076014216	0.21682150164682987	3	0.06235379404540828	0.06279292733585354	0.0008489379767252561	unsupported	True	0.2221620123195674	1.192621801013534e-249
dlx3b	12-5676860-5677360	17	0.07522205971582668	0.12503571820093545	1	0.04981365848510877	0.06190674840082194	0.00038558535069126913	unsupported	True	0.215880464515863	1.5605213296270375e-235
dlx3b	12-5668472-5668972	18	0.1567561028842521	0.17198676845492245	5	0.015230665570670349	0.0127948588366604	3.351578665902607e-05	unsupported	True	0.2098661196237927	1.969230377590388e-222
dlx3b	12-5629904-5630404	19	0.07564199157315529	0.23893335870825413	2	0.16329136713509884	0.18927072586093402	0.007384540230563773	regional_candidate	True	0.2049495445741647	5.064616090020169e-212
tfap2c	6-56059493-56059993	0	0.6384543103793096	0.714801089843922	2	0.07634677946461244	0.1540046537383739	0.008404459187129109	core_concordant	True	0.5047736411594825	0.0
tfap2c	6-56221290-56221790	1	0.4512359248713613	0.48132324434561075	2	0.03008731947424942	0.0792227113865363	0.0011472816169442453	core_concordant	True	0.377824229465784	0.0
tfap2c	6-56182918-56183418	2	0.3409042745900226	0.41615440021279315	2	0.07525012562277056	0.12384848375549651	0.0038783983580676566	unsupported	True	0.3440569717475171	0.0
tfap2c	6-56212052-56212552	3	0.34596804320830743	0.43740375986214197	2	0.09143571665383454	0.17741216557337158	0.007095480030674049	regional_candidate	True	0.3316522516218981	0.0
tfap2c	6-56225032-56225532	4	0.35170527686253955	0.44884341505273384	2	0.09713813819019429	0.20656214998243516	0.009006071251985931	core_concordant	True	0.3206959633957195	0.0
tfap2c	6-56195135-56195635	5	0.3145954032131722	0.42578866471735966	1	0.11119326150418746	0.18903857795201168	0.00894999940112435	regional_candidate	True	0.2976640531992763	0.0
tfap2c	6-56160773-56161273	6	0.18983929436034847	0.2035754364085829	4	0.013736142048234423	0.0286745390016572	8.018379227911722e-05	unsupported	True	0.28021945131871	0.0
tfap2c	6-56171136-56171636	7	0.3474063252313757	0.4335996313478249	2	0.08619330611644921	0.1924337901355938	0.007191902271369596	regional_candidate	True	0.275144370809029	0.0
tfap2c	6-56124268-56124768	8	0.1297098144105023	0.16842374815620823	2	0.03871393374570592	0.048017797528772624	0.0003130926457539687	unsupported	True	0.2671576392030688	0.0
tfap2c	6-56056898-56057398	9	0.3078544559703011	0.3733784993165396	2	0.06552404334623851	0.12184654181449417	0.002981008419015365	unsupported	True	0.2594386594076527	0.0
tfap2c	6-56209076-56209576	10	0.25344888207265504	0.3499631352512658	2	0.09651425317861079	0.18122219370354462	0.006121038855842773	regional_candidate	True	0.2563923497587049	0.0
tfap2c	6-56128777-56129277	11	0.17951007636412264	0.2321398619598533	1	0.05262978559573067	0.10002937119328609	0.00122210595802396	unsupported	True	0.2550865462843346	0.0
tfap2c	6-56218649-56219149	12	0.2621845361454207	0.2944345326083077	2	0.03224999646288701	0.019170098455297435	0.0001820299120997242	unsupported	True	0.2525845156928824	0.0
tfap2c	6-56237075-56237575	13	0.33979767584829923	0.4261168559654946	2	0.08631918011719536	0.17559080871149996	0.006458591247266472	regional_candidate	True	0.2490861639803587	0.0
tfap2c	6-56196015-56196515	14	0.1316524840787037	0.21621470785831054	2	0.08456222377960684	0.14842569235081488	0.002713755470712647	unsupported	True	0.2310537888600572	2.132196521072218e-270
tfap2c	6-56145732-56146232	15	0.21208466745587262	0.29380497670314126	2	0.08172030924726864	0.15319080704520419	0.0036780857792451825	unsupported	True	0.2281463659332848	1.6295580962135963e-263
tfap2c	6-56159649-56160149	16	0.18928056781330335	0.2458912786111914	1	0.05661071079788804	0.08111525234448885	0.0011291308068181903	unsupported	True	0.2224067046003676	3.2929048247039235e-250
tfap2c	6-56182415-56182915	17	0.16225836796598164	0.2727966058293516	3	0.11053823786336997	0.1121224724243316	0.0033809921729336975	unsupported	True	0.2181430469923645	1.444531021832465e-240
tfap2c	6-56210094-56210594	18	0.09476168384902685	0.1715339640695015	3	0.07677228022047465	0.08859970163797097	0.0011667742159933727	unsupported	True	0.1885670048398234	2.9519227146440413e-179
tfap2c	6-56108854-56109354	19	0.04647155251410645	0.10124873284993283	3	0.054777180335826375	0.0540474519633438	0.0002997536595847077	unsupported	True	0.1864281163693615	3.4020519912600817e-175
otx2b	17-44271346-44271846	0	0.6397790965812103	0.6479816752217376	5	0.008202578640527203	0.13891945552067564	0.0007383736665339437	core_concordant	True	0.4463430362290379	0.0
otx2b	17-44323479-44323979	1	0.588902421871268	0.5616574702727657	4	-0.027244951598502265	0.08786296395978666	0.0	core_concordant	True	0.3908865648879583	0.0
otx2b	17-44215585-44216085	2	0.561039611458733	0.5533124208453278	5	-0.00772719061340521	0.10676544957623169	0.0	core_concordant	True	0.3792591053947796	0.0
otx2b	17-44234329-44234829	3	0.44132191981033814	0.4586699188726201	5	0.01734799906228196	0.17399366611625577	0.0013844685273681882	core_concordant	True	0.3352978533692638	0.0
otx2b	17-44346814-44347314	4	0.510383461576392	0.4980957657555119	5	-0.012287695820880129	0.12595099218693628	0.0	core_concordant	True	0.3254136213157168	0.0
otx2b	17-44328710-44329210	5	0.44475595925278133	0.4690457758896688	5	0.02428981663688745	0.11459370828942322	0.0013055702313859842	core_concordant	True	0.3189447159781861	0.0
otx2b	17-44224567-44225067	6	0.3833120895579077	0.4028276687733827	5	0.019515579215475032	0.11909235719295769	0.0009362344765836661	core_concordant	True	0.3162720613221839	0.0
otx2b	17-44230837-44231337	7	0.35586522567698725	0.3128599428534244	5	-0.04300528282356286	0.11111235868748467	0.0	core_concordant	True	0.2886304342211221	0.0
otx2b	17-44349118-44349618	8	0.3493485739513401	0.37066772689218264	5	0.021319152940842523	0.11886181485476571	0.0009392843297143079	unsupported	True	0.2882385720467985	0.0
otx2b	17-44267666-44268166	9	0.3461704428688474	0.3851318611805897	3	0.03896141831174227	0.19102200437814668	0.0028663393397230326	unsupported	True	0.2494979527540234	0.0
otx2b	17-44153434-44153934	10	0.32799607885166876	0.330588614712818	5	0.0025925358611492144	0.1551396909437418	0.00013296446395106256	unsupported	True	0.2421384951680336	1.561242359502543e-297
otx2b	17-44299155-44299655	11	0.31640873260733354	0.3413258445057658	3	0.024917111898432265	0.07328587324181629	0.0006232856713394002	unsupported	True	0.2385959077409164	1.047780889436312e-288
otx2b	17-44223962-44224462	12	0.3562570928299491	0.37643407434197085	5	0.02017698151202174	0.20658957118790366	0.0015691104638731058	core_concordant	True	0.2343666545979101	2.33107010549481e-278
otx2b	17-44257988-44258488	13	0.2991156194141024	0.2997714676439571	3	0.0006558482298547053	0.07434536875506076	1.4616640475976954e-05	unsupported	True	0.2251834483284109	1.3409005825540555e-256
otx2b	17-44196068-44196568	14	0.26455265455565136	0.2601591392648246	4	-0.004393515290826766	0.1023505248815963	0.0	unsupported	True	0.2178360263306605	7.016645635748477e-240
otx2b	17-44239737-44240237	15	0.2614629114563304	0.2565767957167302	4	-0.004886115739600183	0.11809214997220871	0.0	unsupported	True	0.206013540429777	2.981348066967208e-214
otx2b	17-44227569-44228069	16	0.20283494461241244	0.22762999961348052	3	0.024795055001068073	0.12946486892172548	0.0007307124543987762	unsupported	True	0.2039569186141595	5.940026722478205e-210
otx2b	17-44237962-44238462	17	0.2514992816991546	0.30919042334552194	5	0.05769114164636735	0.06482484805929031	0.0011563163718413998	unsupported	True	0.2027190926784615	2.1823036712022298e-207
otx2b	17-44288723-44289223	18	0.24237301811438447	0.23480261578236922	0	-0.0075704023320152525	0.030164751661684308	0.0	unsupported	True	0.1877588616353306	1.0246033936464023e-177
otx2b	17-44243777-44244277	19	0.19441165392988577	0.18695761816701179	5	-0.007454035762873984	0.14931180544376388	0.0	unsupported	True	0.1828912524515797	1.3786129378548982e-168
nr2f2	18-23948539-23949039	0	0.5089240768793851	0.5976572405011857	3	0.08873316362180061	0.2630401104488204	0.013949547796063527	core_concordant	True	0.3636568229917697	0.0
nr2f2	18-24036498-24036998	1	0.4204605002086902	0.4896029955509612	3	0.06914249534227102	0.16595069671009832	0.005617824857995786	core_concordant	True	0.3626419671268303	0.0
nr2f2	18-23984368-23984868	2	0.3494954499060357	0.4877161638272517	3	0.138220713921216	0.1525317133270337	0.010282540518064518	regional_candidate	True	0.3458712288854615	0.0
nr2f2	18-23959783-23960283	3	0.410504735253881	0.46053736496737624	3	0.05003262971349526	0.228963214915764	0.005275746460131808	core_concordant	True	0.3443997744382147	0.0
nr2f2	18-24019711-24020211	4	0.3697923134496565	0.45129538102353955	4	0.08150306757388304	0.09889646696846494	0.0036376056879880996	core_concordant	True	0.3280757038207065	0.0
nr2f2	18-24094245-24094745	5	0.4006529013760048	0.4339334133271356	3	0.0332805119511308	0.10788832353876704	0.0015580720454736639	core_concordant	True	0.2944449798136044	0.0
nr2f2	18-24083003-24083503	6	0.36991307263734097	0.4841244606556445	3	0.11421138801830355	0.3152044217281157	0.017428448880749115	core_concordant	True	0.2878342674157053	0.0
nr2f2	18-23947042-23947542	7	0.3195440858153109	0.33985211411222277	3	0.020308028296911862	0.12781324920308518	0.0008821320699240317	unsupported	True	0.2791155722511293	0.0
nr2f2	18-24030802-24031302	8	0.2321053964001751	0.2732203734893747	1	0.04111497708919962	0.09893996979660033	0.0011114371439833613	unsupported	True	0.2777517240210909	0.0
nr2f2	18-23975646-23976146	9	0.39772376988264085	0.483694894258035	3	0.08597112437539417	0.3010539215185426	0.012518964229428805	core_concordant	True	0.2772606988824448	0.0
nr2f2	18-23958054-23958554	10	0.2336831720135931	0.22683577007782557	4	-0.006847401935767522	0.07311442949030347	0.0	unsupported	True	0.2620117172933717	0.0
nr2f2	18-24047834-24048334	11	0.40709253531344636	0.47110942549895807	3	0.06401689018551171	0.2793956221733994	0.008426281493193952	core_concordant	True	0.2581601319069266	0.0
nr2f2	18-24089069-24089569	12	0.24452574109902703	0.2127961193803714	3	-0.03172962171865562	0.09805790957148491	0.0	unsupported	True	0.2579615907177455	0.0
nr2f2	18-23978477-23978977	13	0.22557229749056712	0.23088155668858742	5	0.005309259198020305	0.044181210937586535	5.4157771438661544e-05	unsupported	True	0.2429573970433833	1.3561062607180023e-299
nr2f2	18-24089979-24090479	14	0.29130822750371876	0.3336891557494701	3	0.04238092824575135	0.17679022642629408	0.0025001773117565096	unsupported	True	0.2358404909798675	6.097121555589376e-282
nr2f2	18-24064751-24065251	15	0.31209461813269235	0.3184932260355023	4	0.0063986079028099385	0.08243000164597133	0.00016798519445616092	unsupported	True	0.2174947328749679	4.054245568786806e-239
nr2f2	18-24067902-24068402	16	0.2614646715565948	0.32790068963732655	3	0.06643601808073174	0.1381577887224345	0.0030096867632618857	unsupported	True	0.2112517194336384	2.050639732282582e-225
nr2f2	18-23981279-23981779	17	0.10063793440373205	0.09990887588795196	4	-0.00072905851578009	0.057860355394990466	0.0	unsupported	True	0.1910335391301897	5.304352714803116e-184
nr2f2	18-24106087-24106587	18	0.24102522246145586	0.2924471970524334	3	0.051421974590977526	0.12422474604745826	0.0018681181084514319	unsupported	True	0.1835238408400394	9.279799516246373e-170
nr2f2	18-23967710-23968210	19	0.19019860577649256	0.226872477969825	3	0.03667387219333243	0.18071540010634518	0.0015036049449935192	unsupported	True	0.1787058257525066	6.089530330845851e-161
pax6b	7-15902021-15902521	0	0.4693572017673795	0.6169779232057901	3	0.14762072143841065	0.29102220513302357	0.02650593172057587	core_concordant	True	0.3667433882129496	0.0
pax6b	7-15920007-15920507	1	0.42087722144759904	0.5022105301452431	1	0.08133330869764405	0.11474956663765323	0.00468711175681297	core_concordant	True	0.3637969391022684	0.0
pax6b	7-15925159-15925659	2	0.4614510096737133	0.5866459575301488	3	0.12519494785643553	0.2574191425306767	0.018906177255533858	core_concordant	True	0.3497834003664892	0.0
pax6b	7-15885872-15886372	3	0.3784046848329289	0.4891283690084879	3	0.110723684175559	0.17250519930281621	0.009342552980702983	core_concordant	True	0.3351646673988431	0.0
pax6b	7-15800321-15800821	4	0.3182096755146933	0.372027721129288	3	0.05381804561459469	0.1163278713186317	0.00232909393997573	unsupported	True	0.3100401631656223	0.0
pax6b	7-15956748-15957248	5	0.2359721244481408	0.41506494035628344	1	0.17909281590814263	0.1278437760607407	0.009503286136208579	regional_candidate	True	0.2817141610369708	0.0
pax6b	7-15797190-15797690	6	0.41268755125734363	0.5265596053460363	3	0.11387205408869266	0.20220255239963275	0.01212415074763469	core_concordant	True	0.2784334850250667	0.0
pax6b	7-15962139-15962639	7	0.32029705900379885	0.4108762047934599	3	0.09057914578966103	0.1758402651006525	0.006544214731063375	regional_candidate	True	0.2748861108470937	0.0
pax6b	7-15967024-15967524	8	0.36597907170712696	0.49084808361950816	3	0.1248690119123812	0.2208429788569624	0.013535844964164958	core_concordant	True	0.2736601739846039	0.0
pax6b	7-15888023-15888523	9	0.21383302779503108	0.5003635663993632	1	0.2865305386043321	0.3632588152695698	0.0520802137115825	regional_candidate	True	0.2713327374752849	0.0
pax6b	7-15970082-15970582	10	0.22978797326277517	0.2406489396745176	3	0.010860966411742418	0.03603663860645198	9.418824342452269e-05	unsupported	True	0.2682332756074527	0.0
pax6b	7-15878117-15878617	11	0.21608996462947966	0.41996668093906314	2	0.20387671630958348	0.24384703591492854	0.0208785313967304	regional_candidate	True	0.2672210145458019	0.0
pax6b	7-15881732-15882232	12	0.3511995070555919	0.5058923784603977	3	0.1546928714048058	0.2828684589064601	0.02213670419915742	core_concordant	True	0.2579234984796386	0.0
pax6b	7-15876716-15877216	13	0.21770734264231742	0.338485961672996	2	0.12077861903067857	0.09173819137336775	0.0037504285396598707	unsupported	True	0.2301241404606925	3.4694841544366983e-268
pax6b	7-15846323-15846823	14	0.29267725664139066	0.36538854173856183	4	0.07271128509717117	0.1426578085634028	0.003790114173682054	unsupported	True	0.2275293089001873	4.576206789908748e-262
pax6b	7-15931725-15932225	15	0.14035169436425965	0.21272311023635795	2	0.0723714158720983	0.08082702461282801	0.0012443379181414933	unsupported	True	0.2205376833811012	5.883010545821199e-246
pax6b	7-15948601-15949101	16	0.30126553588725474	0.3492923274449541	3	0.048026791557699344	0.07749592031543678	0.001300024271426121	unsupported	True	0.2188473834848233	3.810987987289591e-242
pax6b	7-15920701-15921201	17	0.19432516519495968	0.3266010123478157	1	0.132275847152856	0.1841215531715739	0.007954313578725829	regional_candidate	True	0.2020703892216437	4.7474004018505955e-206
pax6b	7-15949127-15949627	18	0.15577877931957657	0.2557378346267742	1	0.09995905530719762	0.13230737566155754	0.0033822147709861943	unsupported	True	0.1982937857141029	2.3509923592657322e-198
pax6b	7-15916640-15917140	19	0.23122410400412485	0.3209748218450322	3	0.08975071784090732	0.16914960819268046	0.004872814664161478	unsupported	True	0.1975433519686979	7.613409109455237e-197
gata2a	11-3771236-3771736	0	0.549717289634668	0.6490726630614646	3	0.09935537342679657	0.08266730165006597	0.005331119779773549	core_concordant	True	0.5442076664641684	0.0
gata2a	11-3863182-3863682	1	0.4299960465430942	0.5559478264561851	3	0.12595177991309092	0.09706774159060544	0.006796937416794868	core_concordant	True	0.4323559770602259	0.0
gata2a	11-3806083-3806583	2	0.4273458485042448	0.4972898685354824	2	0.06994402003123762	0.09057321795399637	0.0031503586536279883	core_concordant	True	0.414171718507015	0.0
gata2a	11-3817927-3818427	3	0.38245191390027766	0.4843312372431715	3	0.10187932334289385	0.07796051731805725	0.003846832213135711	core_concordant	True	0.338090512683917	0.0
gata2a	11-3778130-3778630	4	0.22271831172983517	0.28030756618746794	5	0.05758925445763277	0.06982552752156396	0.001127172805356995	unsupported	True	0.3084233831396557	0.0
gata2a	11-3861057-3861557	5	0.25654447501497185	0.49559413260979474	3	0.23904965759482288	0.25186367950086913	0.029838695033311047	regional_candidate	True	0.2737327604061152	0.0
gata2a	11-3891944-3892444	6	0.18619080197328614	0.23661599628022545	3	0.050425194306939314	0.059450193129244655	0.0007093244854436509	unsupported	True	0.2675627515775265	0.0
gata2a	11-3860402-3860902	7	0.2308723216413445	0.27199476727040034	1	0.04112244562905584	0.06952500688709051	0.0007776434612617382	unsupported	True	0.2482298533866725	0.0
gata2a	11-3811257-3811757	8	0.20620825287749847	0.2379283269100878	3	0.031720074032589335	0.029750579229961188	0.00022453071979397398	unsupported	True	0.2461353071458077	1.1463447178535147e-307
gata2a	11-3796385-3796885	9	0.26274188086305705	0.2862629920658807	2	0.02352111120282363	0.026268340426343906	0.00017687061152067818	unsupported	True	0.2381508759609832	1.3146873707691825e-287
gata2a	11-3869913-3870413	10	0.26434555551747674	0.3654476039829371	2	0.10110204846546034	0.15818696788854056	0.005844613212694042	regional_candidate	True	0.2249212941887811	5.425509257513116e-256
gata2a	11-3782487-3782987	11	0.15335641561157448	0.1973084863699109	1	0.04395207075833643	0.0502178662582107	0.0004354951892919491	unsupported	True	0.2183693742692697	4.498314060926004e-241
gata2a	11-3781354-3781854	12	0.17950457987324603	0.2302736886371142	2	0.05076910876386817	0.07867400545729678	0.0009197612718445135	unsupported	True	0.2181855423863941	1.1604776061444732e-240
gata2a	11-3904377-3904877	13	0.14481276360232648	0.19281489619990583	5	0.04800213259757935	0.0688933977079461	0.000637644648469574	unsupported	True	0.2072949673368065	5.914022023969477e-217
gata2a	11-3825920-3826420	14	0.13927434836943522	0.1767825867558565	0	0.03750823838642128	0.04261777733150396	0.00028259010311174943	unsupported	True	0.2041471390018318	2.3883424703344272e-210
gata2a	11-3901223-3901723	15	0.08883496417502515	0.1285044290674946	4	0.03966946489246945	0.04156669310114133	0.0002118946119538227	unsupported	True	0.2002444276582685	2.608771918436342e-202
gata2a	11-3784303-3784803	16	0.20176676515002454	0.2707570782544993	5	0.06899031310447476	0.09444994733193401	0.0017642887099814705	unsupported	True	0.1976764449950914	4.1130698724193746e-197
gata2a	11-3802338-3802838	17	0.15679034263371072	0.17341687547867574	2	0.016626532844965014	0.017605116260028086	5.076120803981066e-05	unsupported	True	0.1898463121716303	1.0400267082261749e-181
gata2a	11-3836327-3836827	18	0.10426542232795832	0.14205868023211105	2	0.03779325790415272	0.06409274965122018	0.00034410502165422885	unsupported	True	0.1871207570942115	1.666793027351676e-176
gata2a	11-3852213-3852713	19	0.1633662403482218	0.19483969544360893	1	0.031473455095387126	0.05627698984203122	0.00034510616952601397	unsupported	True	0.1826071298960029	4.617320468220041e-168
trps1	19-45648544-45649044	0	0.37881234859643886	0.4334532174615784	5	0.054640868865139525	0.07022257045501129	0.0016631696456314228	core_concordant	True	0.415618482826523	0.0
trps1	19-45715329-45715829	1	0.3616085383409085	0.4306757320318743	2	0.06906719369096581	0.2788003072362872	0.00829307243850232	core_concordant	True	0.3660829681582425	0.0
trps1	19-45638203-45638703	2	0.3639376093415781	0.419645171678839	2	0.05570756233726093	0.30059486062678725	0.007027129168752864	core_concordant	True	0.3654901402510793	0.0
trps1	19-45610231-45610731	3	0.3217222924282353	0.34385119083559285	2	0.022128898407357545	0.3055233551553072	0.0023247418956551945	unsupported	True	0.3247120385909261	0.0
trps1	19-45723452-45723952	4	0.28138193641083387	0.3065064849756998	2	0.025124548564865956	0.23398249481982641	0.0018018610691887395	unsupported	True	0.2971406711825133	0.0
trps1	19-45603287-45603787	5	0.2717370151176037	0.2919859340410285	2	0.02024891892342484	0.054817013687826516	0.00032410008460320055	unsupported	True	0.2953019387109542	0.0
trps1	19-45724238-45724738	6	0.24699034704592365	0.28553393824234435	2	0.0385435911964207	0.223246075241346	0.0024569354374970953	unsupported	True	0.2830147516639111	0.0
trps1	19-45722857-45723357	7	0.17554025547104452	0.1950088970382996	1	0.019468641567255085	0.171087441720766	0.0006495434501182035	unsupported	True	0.267275270957713	0.0
trps1	19-45638915-45639415	8	0.17507294426998013	0.17666588078808526	1	0.0015929365181051314	0.13028903624228994	3.666561915762721e-05	unsupported	True	0.2623531935414603	0.0
trps1	19-45641762-45642262	9	0.18876018726954402	0.29988409897888885	4	0.11112391170934482	0.07087903901705755	0.0023619939444208277	unsupported	True	0.2612683301453268	0.0
trps1	19-45607688-45608188	10	0.25836589127451964	0.2849421427338741	2	0.02657625145935444	0.21242592499998134	0.001608636535479917	unsupported	True	0.2579778864871377	0.0
trps1	19-45697675-45698175	11	0.20685623603879255	0.20759224945627047	2	0.0007360134174779209	0.057241725233667634	8.746002178019923e-06	unsupported	True	0.2523175848556429	0.0
trps1	19-45632011-45632511	12	0.16956301174368502	0.18578205971416475	2	0.01621904797047974	0.10720148470127389	0.00032302038616744045	unsupported	True	0.2326002819345903	4.247052207136616e-274
trps1	19-45689956-45690456	13	0.18444249772445864	0.2006036305313807	2	0.01616113280692205	0.06597806875073794	0.0002138997056480407	unsupported	True	0.2206330074455221	3.5784385394669314e-246
trps1	19-45592747-45593247	14	0.15154613809945122	0.142846072712711	2	-0.00870006538674023	0.11937140935413007	0.0	unsupported	True	0.2121457109806686	2.378290879209594e-227
trps1	19-45590360-45590860	15	0.10832542350984146	0.12284901631692875	2	0.014523592807087288	0.0336710767710281	6.00762412361443e-05	unsupported	True	0.2121256429259732	2.6291370717741917e-227
trps1	19-45659993-45660493	16	0.16196196791910103	0.16111453496888847	2	-0.0008474329502125566	0.09242616687666608	0.0	unsupported	True	0.2102650507620756	2.7404332649825185e-223
trps1	19-45599387-45599887	17	0.12869619610295205	0.13998479241057973	2	0.011288596307627685	0.026396796549038357	4.1713057608160896e-05	unsupported	True	0.2018481845082808	1.360019110933833e-205
trps1	19-45731885-45732385	18	0.141200907130485	0.17999433265998335	2	0.038793425529498354	0.1391118603757307	0.000971362022723865	unsupported	True	0.2010176712926506	6.872955142647636e-204
trps1	19-45560773-45561273	19	0.13401041634463837	0.1768683768506286	2	0.04285796050599022	0.1289441021248316	0.0009774243922926731	unsupported	True	0.1982651085774973	2.685842920522525e-198
hoxb7a	3-23638847-23639347	0	0.474420927402118	0.35232009247061236	2	-0.12210083493150564	0.3267370894657229	0.0	core_concordant	True	0.4492725425427982	0.0
hoxb7a	3-23615693-23616193	1	0.45496297248103157	0.3360100031727942	2	-0.11895296930823734	0.29973380409948414	0.0	core_concordant	True	0.4387939049919948	0.0
hoxb7a	3-23683643-23684143	2	0.4276874142356605	0.3109837549841041	2	-0.1167036592515564	0.32171228092916765	0.0	core_concordant	True	0.4169765006916177	0.0
hoxb7a	3-23693912-23694412	3	0.3685449186644246	0.20483291601564785	2	-0.16371200264877678	0.17034592329534104	0.0	core_concordant	True	0.4081205124382281	0.0
hoxb7a	3-23726194-23726694	4	0.407139405444094	0.28351682964942915	2	-0.12362257579466485	0.2722478872820208	0.0	core_concordant	True	0.3898431564747751	0.0
hoxb7a	3-23666324-23666824	5	0.30398991640066336	0.17058705064554186	2	-0.1334028657551215	0.1114351542699498	0.0	unsupported	True	0.3258235991715058	0.0
hoxb7a	3-23741645-23742145	6	0.27063394474688507	0.162279410329299	2	-0.10835453441758608	0.16142604709983002	0.0	unsupported	True	0.2835988020481186	0.0
hoxb7a	3-23679613-23680113	7	0.18565963868344534	0.19556059124377284	2	0.009900952560327497	0.17844179446445838	0.0003455054507172289	unsupported	True	0.2273213751078659	1.4048046642278566e-261
hoxb7a	3-23639855-23640355	8	0.15962232851477712	0.09564460107495706	1	-0.06397772743982005	0.10259933560373738	0.0	unsupported	True	0.2193390403236926	2.9904131438606e-243
hoxb7a	3-23616369-23616869	9	0.2007133583134816	0.17134462192353153	1	-0.02936873638995008	0.17345893534840698	0.0	unsupported	True	0.2173423861489569	8.861980962881008e-239
hoxb7a	3-23637531-23638031	10	0.2146148379290721	0.14692029940636442	1	-0.06769453852270768	0.11128126793737991	0.0	unsupported	True	0.212035319010006	4.128221905170582e-227
hoxb7a	3-23728618-23729118	11	0.14900380682644235	0.04003584309388611	5	-0.10896796373255624	0.042813218812929356	0.0	unsupported	True	0.2107392313663622	2.615044966007007e-224
hoxb7a	3-23700304-23700804	12	0.11769675687751151	0.11107386065257337	5	-0.006622896224938141	0.03473564094427048	0.0	unsupported	True	0.2040673814580918	3.499894934432601e-210
hoxb7a	3-23680292-23680792	13	0.12375193191990583	0.10164268272084442	0	-0.022109249199061404	0.07191424002222278	0.0	unsupported	True	0.2028151504408364	1.381853415219827e-207
hoxb7a	3-23740533-23741033	14	0.09902902100552419	0.05698230829214576	4	-0.042046712713378426	0.034135901512317775	0.0	unsupported	True	0.200348189912722	1.602846190944357e-202
hoxb7a	3-23666849-23667349	15	0.1585445409641139	0.10940812312633669	2	-0.049136417837777224	0.08536239188349574	0.0	unsupported	True	0.1879156846658902	5.154421107863643e-178
hoxb7a	3-23777389-23777889	16	0.15735197694677927	0.11248859731100048	2	-0.044863379635778786	0.07749349936672509	0.0	unsupported	True	0.1849892455452464	1.7226791983639313e-172
hoxb7a	3-23657889-23658389	17	0.13370540130789568	0.09256245623045259	2	-0.041142945077443094	0.08457353130930456	0.0	unsupported	True	0.1768307415195049	1.4079618814358468e-157
hoxb7a	3-23685386-23685886	18	0.17015668423601188	0.14688893468724934	2	-0.02326774954876254	0.131639286758469	0.0	unsupported	True	0.1752675100952195	8.400911431222705e-155
hoxb7a	3-23784310-23784810	19	0.11402614030654971	0.07331731981622704	1	-0.04070882049032268	0.03617415829963964	0.0	unsupported	True	0.1750461402005248	2.066741984041285e-154
klf2b	2-55682363-55682863	0	0.4492886288546775	0.5572912519236412	0	0.10800262306896363	0.15489120152823432	0.009322733676087549	core_concordant	True	0.4164988186525506	0.0
klf2b	2-55654796-55655296	1	0.26632700735887843	0.3981840222130345	0	0.13185701485415607	0.16658500853092442	0.008746272095724034	regional_candidate	True	0.3539226783745823	0.0
klf2b	2-55659016-55659516	2	0.28442611707201354	0.4171950686027155	1	0.13276895153070195	0.18846451068706213	0.010439153249619373	regional_candidate	True	0.3528611021375064	0.0
klf2b	2-55762581-55763081	3	0.4241952047829112	0.4796118526296545	0	0.05541664784674333	0.05628016543495534	0.0014958413155860214	core_concordant	True	0.3468586090284876	0.0
klf2b	2-55751881-55752381	4	0.24666496832730872	0.3584148634052193	1	0.11174989507791055	0.15130406921686365	0.006060155161002736	regional_candidate	True	0.3365226892974881	0.0
klf2b	2-55683570-55684070	5	0.23631520375344175	0.34307891854176664	0	0.10676371478832489	0.1813126830121469	0.006641189817572265	regional_candidate	True	0.326544503714152	0.0
klf2b	2-55658191-55658691	6	0.24952948157175847	0.3895935484807418	0	0.14006406690898332	0.19104602641248086	0.010425010428660014	regional_candidate	True	0.3012973870995816	0.0
klf2b	2-55655522-55656022	7	0.23956306246772124	0.30818815049653575	0	0.06862508802881451	0.12126010127633952	0.002564583109895387	unsupported	True	0.2783178756853143	0.0
klf2b	2-55617031-55617531	8	0.3093756951399495	0.34459636435410607	2	0.035220669214156564	0.03772361271241781	0.0004578482644348246	unsupported	True	0.2776102646783355	0.0
klf2b	2-55677288-55677788	9	0.30509721425520947	0.3745237528046239	1	0.06942653854941444	0.08240548793736363	0.0021426982483005274	unsupported	True	0.2653249954497233	0.0
klf2b	2-55684558-55685058	10	0.1734748113927668	0.2834307524171799	0	0.10995594102441311	0.1446882452099422	0.004509193983778599	unsupported	True	0.2513766373034662	0.0
klf2b	2-55670856-55671356	11	0.18447686823766365	0.2224959524265581	2	0.038019084188894436	0.041647923321755514	0.00035230362943923683	unsupported	True	0.2443588522316571	3.860768551946609e-303
klf2b	2-55669506-55670006	12	0.16466072299172585	0.21730207144796843	0	0.052641348456242576	0.08427105969315427	0.0009639828932274715	unsupported	True	0.2420886247088476	2.0832519445970005e-297
klf2b	2-55731158-55731658	13	0.17245903519292197	0.24111128935604337	1	0.0686522541631214	0.03382989572613565	0.0005599806319018893	unsupported	True	0.2081242577718088	1.0308438923196906e-218
klf2b	2-55701162-55701662	14	0.04577210104134216	0.1005540078796284	1	0.05478190683828624	0.05780864912504766	0.0003184412729243689	unsupported	True	0.1977162985366299	3.420217866725882e-197
klf2b	2-55620661-55621161	15	0.11317213137504187	0.20444579371193256	1	0.09127366233689069	0.13360417488442258	0.00249312288871812	unsupported	True	0.1958562696880961	1.7966552282861696e-193
klf2b	2-55584082-55584582	16	0.11430016053396497	0.17919877698693717	0	0.06489861645297221	0.09290974820521905	0.001080517394722356	unsupported	True	0.1922527553131115	2.261954811293332e-186
klf2b	2-55623262-55623762	17	0.10213973069572575	0.1559836953439184	0	0.053843964648192646	0.06636843574949491	0.0005574139291513202	unsupported	True	0.1769547377716132	8.458597333705553e-158
klf2b	2-55631834-55632334	18	0.1729720622758453	0.2081071459264699	5	0.03513508365062459	0.041719242904847104	0.0003050453460478275	unsupported	True	0.1702280887877932	4.952658448604185e-146
klf2b	2-55704359-55704859	19	0.07517654973104225	0.11069698260231449	3	0.03552043287127224	0.04559283880773235	0.00017927125828281492	unsupported	True	0.1664526895352121	1.2257632089865019e-139
hoxb1b	12-27123357-27123857	0	0.36115411733322084	0.263782041597803	0	-0.09737207573541784	0.11213272497260524	0.0	core_concordant	True	0.4880706665271732	0.0
hoxb1b	12-27196404-27196904	1	0.3454554006470641	0.4668505359317754	3	0.1213951352847113	0.10453451021382959	0.005924324435169238	regional_candidate	True	0.4214111467482641	0.0
hoxb1b	12-27131999-27132499	2	0.2799349310582632	0.24679661246029602	0	-0.033138318597967203	0.17287854785554252	0.0	unsupported	True	0.3655528038957435	0.0
hoxb1b	12-27123908-27124408	3	0.2695609206681375	0.17811594490202778	2	-0.09144497576610974	0.11181845462161043	0.0	unsupported	True	0.3589190954946292	0.0
hoxb1b	12-27162560-27163060	4	0.36838719200179715	0.5492377469998404	0	0.18085055499804326	0.2398811982664228	0.02382738775857205	core_concordant	True	0.3572043426763592	0.0
hoxb1b	12-27195748-27196248	5	0.36580277165100694	0.4392724026972668	0	0.07346963104625986	0.1427298957072739	0.00460634780893713	core_concordant	True	0.3561283027646487	0.0
hoxb1b	12-27121068-27121568	6	0.21497545409099023	0.1913005734275024	0	-0.02367488066348783	0.1187395354061041	0.0	unsupported	True	0.3334530510073369	0.0
hoxb1b	12-27143730-27144230	7	0.21667364524780816	0.31447437291463465	3	0.09780072766682649	0.09487766580185883	0.002918040648959768	unsupported	True	0.2665447877027624	0.0
hoxb1b	12-27196990-27197490	8	0.23819227896169368	0.33118117422095183	0	0.09298889525925816	0.1214361058578641	0.0037397671448981974	unsupported	True	0.2568370712324824	0.0
hoxb1b	12-27146102-27146602	9	0.190139003283171	0.22397733247565194	0	0.03383832919248095	0.06299145132611464	0.00047741338804248095	unsupported	True	0.2553013148943651	0.0
hoxb1b	12-27195126-27195626	10	0.21594890411168513	0.24575705240110962	0	0.02980814828942449	0.07204485910427144	0.0005277691297816414	unsupported	True	0.2304671208129592	5.315444269297505e-269
hoxb1b	12-27120461-27120961	11	0.15163512360921425	0.09208627893517139	0	-0.05954884467404285	0.021400501486061138	0.0	unsupported	True	0.223275698567135	3.3662721432173225e-252
hoxb1b	12-27191580-27192080	12	0.08976690559718248	0.11076390344315384	4	0.020996997845971366	0.08290024685702856	0.00019280188686012577	unsupported	True	0.1931002225262512	4.9827424880527206e-188
hoxb1b	12-27144582-27145082	13	0.09391769188001627	0.23913308581756623	3	0.14521539393754995	0.1450938380226203	0.0050385003636720166	regional_candidate	True	0.1836321600595636	5.840345169236986e-170
hoxb1b	12-27164359-27164859	14	0.12880773190720013	0.21030071869575503	3	0.0814929867885549	0.13452993379175696	0.0023055785376765244	unsupported	True	0.1810896858065437	2.8399211116101974e-165
hoxb1b	12-27185170-27185670	15	0.06239012148766191	0.18510328051664768	0	0.12271315902898577	0.13866012646246956	0.003149610459260722	unsupported	True	0.1705541403564174	1.366384232505163e-146
hoxb1b	12-27163516-27164016	16	0.19080580899558075	0.28156832360656897	0	0.09076251461098822	0.08741108224673502	0.0022338644262831628	unsupported	True	0.1678061606873568	6.5121399160371336e-142
hoxb1b	12-27172631-27173131	17	0.11924988214977195	0.22961031034834967	3	0.11036042819857772	0.14269266870436587	0.003615816838254381	unsupported	True	0.1653948980904148	7.122768606920043e-138
hoxb1b	12-27169318-27169818	18	0.17464013600150607	0.29452015994903347	4	0.11988002394752739	0.14909647255158553	0.005264161654796144	regional_candidate	True	0.1630128569761739	6.056312917353653e-134
hoxb1b	12-27041220-27041720	19	0.03808469814307519	0.03810244880241292	2	1.775065933772718e-05	0.05488189701390996	3.7119019176925806e-08	unsupported	True	0.1612114145027275	5.178293865548756e-131
zeb1b	12-26843750-26844250	0	0.5608858228222929	0.6643077985489684	4	0.10342197572667544	0.12908989500162704	0.008868995375578516	core_concordant	True	0.5853702330580437	0.0
zeb1b	12-26840577-26841077	1	0.5411338497820224	0.6568037775399209	4	0.11566992775789853	0.1995494869424977	0.015160262521123747	core_concordant	True	0.5566255619933527	0.0
zeb1b	12-26865714-26866214	2	0.41074154030154664	0.46607215729071083	4	0.055330616989164194	0.09361287724983697	0.002414094497572384	core_concordant	True	0.4671621461103474	0.0
zeb1b	12-26848883-26849383	3	0.25316485506346426	0.33154597233050465	4	0.07838111726704039	0.09222669502346362	0.0023966899345921316	unsupported	True	0.304719090353431	0.0
zeb1b	12-26843081-26843581	4	0.17001663638840184	0.19707345625493816	5	0.027056819866536325	0.05857139801099187	0.00031231329599049003	unsupported	True	0.2703827055530895	0.0
zeb1b	12-26913557-26914057	5	0.26766295300295784	0.3291846781502016	4	0.061521725147243744	0.051081256267168584	0.0010344980765615887	unsupported	True	0.2701291373722993	0.0
zeb1b	12-26860759-26861259	6	0.19599994565846743	0.27189754682478834	3	0.07589760116632091	0.08461685347191747	0.0017461848290776319	unsupported	True	0.2634333513843826	0.0
zeb1b	12-26828663-26829163	7	0.19247932406118576	0.2993280173247293	2	0.10684869326354354	0.11098778319772884	0.0035497009057875203	unsupported	True	0.2583907562292581	0.0
zeb1b	12-26822772-26823272	8	0.17894377981885345	0.2755619950695708	4	0.09661821525071734	0.13318830442500362	0.003546046459593166	unsupported	True	0.2526431484352771	0.0
zeb1b	12-26836596-26837096	9	0.1675885440878534	0.207329452285057	4	0.039740908197203606	0.11097896048871389	0.0009144067867848852	unsupported	True	0.2518157181435387	0.0
zeb1b	12-26833246-26833746	10	0.17219001666950734	0.19142310349960576	5	0.019233086830098417	0.06135134778188228	0.00022587462950522975	unsupported	True	0.2244124873197308	8.135871993317815e-255
zeb1b	12-26881371-26881871	11	0.21623306111268142	0.2916253272640262	5	0.07539226615134476	0.05587394364738729	0.0012284609681498869	unsupported	True	0.2042689946644211	1.3316961581150333e-210
zeb1b	12-26839401-26839901	12	0.08725543892476592	0.15370566211946826	4	0.06645022319470234	0.08058361311843859	0.0008230629377324302	unsupported	True	0.1931232509390458	4.4908925531060935e-188
zeb1b	12-26758023-26758523	13	0.12168643654030965	0.1726484487988564	0	0.050962012258546754	0.07193933234835816	0.0006329591051325889	unsupported	True	0.186796912545482	6.838390664180447e-176
zeb1b	12-26882338-26882838	14	0.10759312194524832	0.20021379509225307	2	0.09262067314700474	0.09044713645786384	0.0016772459527986624	unsupported	True	0.1810368242399113	3.548246955606988e-165
zeb1b	12-26864820-26865320	15	0.08482839356185694	0.15450997344841705	2	0.06968157988656011	0.07062371279445875	0.000760370137282206	unsupported	True	0.1657903616009961	1.5648038752882842e-138
zeb1b	12-26918631-26919131	16	0.15474306563636891	0.1824720299252198	5	0.027728964288850882	0.03584168231116372	0.0001813503248815473	unsupported	True	0.1657816733503843	1.6178489538830422e-138
zeb1b	12-26899500-26900000	17	0.07532217863539736	0.24346996143413538	4	0.16814778279873802	0.07392733701738938	0.0030265063852366837	unsupported	True	0.1643029250531041	4.586477971579968e-136
zeb1b	12-26830569-26831069	18	0.0946932596628465	0.17305205121928718	2	0.07835879155644068	0.0438974660367957	0.0005952562069547443	unsupported	True	0.1562765131001083	3.724865529009483e-123
zeb1b	12-26854002-26854502	19	0.10241908307468889	0.1482030991876524	5	0.04578401611296351	0.0827678192298548	0.000561607221879	unsupported	True	0.1500075012318115	1.5273321748325204e-113
pax6a	25-14966652-14967152	0	0.531259822626081	0.5444165266430726	4	0.01315670401699165	0.07265852588000626	0.0005204331925848608	core_concordant	True	0.4212358116469241	0.0
pax6a	25-15043274-15043774	1	0.4067690199849102	0.46631422576261006	1	0.05954520577769984	0.07276189714618636	0.0020203633379645247	core_concordant	True	0.3876164358215773	0.0
pax6a	25-15046677-15047177	2	0.3750708818254556	0.4146815388591584	3	0.03961065703370281	0.14519996764801812	0.002385026821259285	core_concordant	True	0.3345326389340182	0.0
pax6a	25-14982636-14983136	3	0.4998406567440851	0.5669095136021437	3	0.06706885685805858	0.23035859352242732	0.008758688227662981	core_concordant	True	0.3202912960209545	0.0
pax6a	25-14953110-14953610	4	0.44126062608675276	0.47937583260898436	3	0.038115206522231604	0.11009840805064708	0.002011664038351855	core_concordant	True	0.3038149096214538	0.0
pax6a	25-15045184-15045684	5	0.35454042466558117	0.4176823450336634	5	0.06314192036808225	0.11078553515118356	0.0029217763176186905	core_concordant	True	0.2933093812697447	0.0
pax6a	25-14966065-14966565	6	0.38796920149936825	0.47514871264023767	3	0.08717951114086941	0.27525974417539945	0.01140214837734184	core_concordant	True	0.2742828260279067	0.0
pax6a	25-15100187-15100687	7	0.3932230597568156	0.4080275448277174	3	0.014804485070901818	0.12817884237832894	0.0007742819470897507	core_concordant	True	0.2595855612909282	0.0
pax6a	25-14950100-14950600	8	0.3117829797091389	0.37475269804297634	3	0.06296971833383747	0.15257397909616682	0.003600451719719357	unsupported	True	0.2528857089513385	0.0
pax6a	25-14995127-14995627	9	0.24109769632481895	0.23832880207929963	3	-0.002768894245519321	0.08810270191657413	0.0	unsupported	True	0.248196394288146	0.0
pax6a	25-14994031-14994531	10	0.3541881113557046	0.35213910953398264	3	-0.002049001821721963	0.12995390393129058	0.0	core_concordant	True	0.2467060605033545	3.95259951171167e-309
pax6a	25-15125066-15125566	11	0.23535722217538957	0.2449776753084874	4	0.00962045313309784	0.06278783105842514	0.00014797812440492673	unsupported	True	0.2392938295484135	1.9626413421557842e-290
pax6a	25-15057431-15057931	12	0.17513238025615344	0.23006110584749248	5	0.054928725591339045	0.09690102668014161	0.0012245347229607718	unsupported	True	0.234869108532855	1.4094917043227445e-279
pax6a	25-15047212-15047712	13	0.20367246849610562	0.27556373185339444	5	0.07189126335728882	0.15207076781370088	0.00301261692700168	unsupported	True	0.2309880614633158	3.058469971440012e-270
pax6a	25-14990863-14991363	14	0.1875650432584044	0.22635659387277157	5	0.038791550614367176	0.09892560463352781	0.000868638358417604	unsupported	True	0.222246700879687	7.640728158116492e-250
pax6a	25-15034914-15035414	15	0.23427444737965622	0.34809805178021935	5	0.11382360440056313	0.13004635496602915	0.005152667408028282	regional_candidate	True	0.218396013373441	3.92080338115455e-241
pax6a	25-15005144-15005644	16	0.22120550934562044	0.3073768691895724	3	0.08617135984395197	0.24017427848289602	0.006361516001241265	regional_candidate	True	0.2121769551616636	2.0344884936013712e-227
pax6a	25-14972697-14973197	17	0.28673241832595503	0.41867228817485114	3	0.1319398698488961	0.27469520530291486	0.01517404425590535	regional_candidate	True	0.1882625151030094	1.12549416370703e-178
pax6a	25-14995673-14996173	18	0.1497389771243451	0.21793787466754788	3	0.06819889754320277	0.17459184825361718	0.00259498007789471	unsupported	True	0.1812545342479933	1.4175267512057566e-165
pax6a	25-14986724-14987224	19	0.049981752485524764	0.0700434071170687	1	0.02006165463154394	0.04083288105723984	5.737781904864432e-05	unsupported	True	0.165118760973302	2.0476500192114784e-137
her1	5-68803671-68804171	0	0.563864079966174	0.5151688836425292	2	-0.04869519632364483	0.4594066772784588	0.0	core_concordant	True	0.4471786014166916	0.0
her1	5-68809090-68809590	1	0.5414780071168347	0.5094148714414862	1	-0.032063135675348464	0.4818439437178552	0.0	core_concordant	True	0.4408252183716613	0.0
her1	5-68804455-68804955	2	0.58614161440845	0.5463778595437726	2	-0.039763754864677425	0.5127416934521989	0.0	core_concordant	True	0.4335805781359035	0.0
her1	5-68797154-68797654	3	0.5794071741181469	0.5612381166905702	1	-0.018169057427576685	0.5383423673712083	0.0	core_concordant	True	0.4219885242816616	0.0
her1	5-68887506-68888006	4	0.48338294858662767	0.4533990830443648	2	-0.029983865542262844	0.4354696655964882	0.0	core_concordant	True	0.4053842914501339	0.0
her1	5-68797802-68798302	5	0.49173629310563177	0.45928781708707783	2	-0.03244847601855394	0.4176868450882214	0.0	core_concordant	True	0.3816975323460262	0.0
her1	5-68786813-68787313	6	0.4748263089665135	0.4880386442984358	1	0.013212335331922287	0.48437213888160097	0.003123294628099072	core_concordant	True	0.3503102018014105	0.0
her1	5-68787972-68788472	7	0.4836927135245539	0.46588345718838037	1	-0.01780925633617353	0.44290866483232094	0.0	core_concordant	True	0.3430817077897373	0.0
her1	5-68880178-68880678	8	0.39204247970967276	0.4213953916320027	1	0.029352911922329916	0.39785328067264597	0.004921119564354035	core_concordant	True	0.3029904695212924	0.0
her1	5-68803005-68803505	9	0.2847234107953137	0.27289414331504824	2	-0.01182926748026547	0.2731562230650703	0.0	unsupported	True	0.299047298084979	0.0
her1	5-68789860-68790360	10	0.2654875177923058	0.2907095403791542	2	0.025222022586848414	0.29482092639968627	0.002161710346885764	unsupported	True	0.2358600368563563	5.463194176754092e-282
her1	5-68836392-68836892	11	0.17418798155734874	0.17133875508002538	2	-0.0028492264773233578	0.1711665099957429	0.0	unsupported	True	0.2075129015253494	2.0438372941919337e-217
her1	5-68789184-68789684	12	0.22825337608407478	0.2839523956370605	2	0.0556990195529857	0.25835617113607884	0.004086127625869135	unsupported	True	0.1638195275384283	2.8720443748635626e-135
her1	5-68756107-68756607	13	0.11949771287589385	0.11275103448634444	2	-0.006746678389549413	0.10915671102950307	0.0	unsupported	True	0.155501407351925	6.052397593638424e-122
her1	5-68778925-68779425	14	0.09827796454905079	0.13236989320331727	1	0.03409192865426648	0.1231038268695785	0.0005555361736543151	unsupported	True	0.1358864546575807	2.1860136330934237e-93
her1	5-68799231-68799731	15	0.08662579619577389	0.11937622884841659	2	0.0327504326526427	0.10880638425456188	0.0004253919580124338	unsupported	True	0.1259436623036646	1.988053197652778e-80
her1	5-68816836-68817336	16	0.08949000661681981	0.1482323360546894	2	0.0587423294378696	0.13017060849753226	0.0011334622289850818	unsupported	True	0.105146013298148	1.412326270170341e-56
her1	5-68776691-68777191	17	0.018639471034132726	0.009837749957813769	2	-0.008801721076318957	0.01841018685804033	0.0	unsupported	True	0.0987849715654983	3.7473170612921097e-50
her1	5-68749424-68749924	18	0.020959476327956958	0.028845841933808174	4	0.007886365605851216	0.03497293454701622	7.955952860522948e-06	unsupported	True	0.0835330630705225	2.1378201485767175e-36
her1	5-68882510-68883010	19	0.0473916598520838	0.08004686776740098	1	0.03265520791531718	0.04520971993903225	0.00011817581677467188	unsupported	True	0.0754205882536868	5.088289587788272e-30
foxb1a	25-34129269-34129769	0	0.41753216216475775	0.5138894509662019	3	0.09635728880144412	0.10057008705148507	0.004979928421120568	core_concordant	True	0.404727266794345	0.0
foxb1a	25-34159267-34159767	1	0.41071237879695016	0.4723266442050289	4	0.06161426540807874	0.09863928073925027	0.0028706061890337686	core_concordant	True	0.3924458065877925	0.0
foxb1a	25-34062373-34062873	2	0.38866168807784207	0.48604492327942955	1	0.09738323520158748	0.18787153468791673	0.008892453290754703	core_concordant	True	0.3416292543102521	0.0
foxb1a	25-34139478-34139978	3	0.325169548578823	0.39755797890904815	4	0.07238843033022513	0.10772845546171889	0.0031002739191939676	unsupported	True	0.329947516216743	0.0
foxb1a	25-34152821-34153321	4	0.3588217631569921	0.4135183925986394	5	0.05469662944164727	0.06919041546167892	0.001564953126594578	core_concordant	True	0.3128390176070549	0.0
foxb1a	25-34132648-34133148	5	0.34771724471205046	0.38856141281997847	1	0.040844168107928014	0.09209647506460494	0.0014616141296168732	unsupported	True	0.2972770493005432	0.0
foxb1a	25-34127037-34127537	6	0.2603170336731873	0.29294036705409876	4	0.032623333380911446	0.0682598644761449	0.0006523384499156989	unsupported	True	0.2745486506376967	0.0
foxb1a	25-34137244-34137744	7	0.28265835437455444	0.377507098503284	4	0.09484874412872957	0.1339763314088582	0.0047971664624936305	unsupported	True	0.2735367500760812	0.0
foxb1a	25-34214465-34214965	8	0.2740852417293761	0.3900063700078945	5	0.11592112827851841	0.13840738526314045	0.00625739490466943	regional_candidate	True	0.2544654027663048	0.0
foxb1a	25-34065523-34066023	9	0.19248023271076758	0.19866523329656535	5	0.0061850005857977675	0.025777407550815923	3.167384992579481e-05	unsupported	True	0.2427807942052472	3.779762553647454e-299
foxb1a	25-34205422-34205922	10	0.1772169566621449	0.28729985664618246	5	0.11008289998403756	0.11125311223881584	0.0035185800841967567	unsupported	True	0.2314280131294653	2.7279104622449307e-271
foxb1a	25-34122042-34122542	11	0.2123494357874988	0.2873366010196609	2	0.07498716523216212	0.12776821717579223	0.0027529651968977217	unsupported	True	0.2087678164007472	4.3966283111504255e-220
foxb1a	25-34126290-34126790	12	0.1776856420602802	0.2714003431828755	5	0.09371470112259528	0.06425641361944037	0.00163431060674517	unsupported	True	0.2087187758930951	5.5935085430237226e-220
foxb1a	25-34186520-34187020	13	0.12447244641559982	0.21859164076287188	4	0.09411919434727206	0.10475902151027656	0.002155277445850708	unsupported	True	0.2013443324957228	1.4722566324981863e-204
foxb1a	25-34115498-34115998	14	0.19396716496475103	0.32406888879236034	1	0.13010172382760932	0.20990933067085413	0.00885018063176563	regional_candidate	True	0.1845439862529747	1.1710249728781336e-171
foxb1a	25-34119075-34119575	15	0.19999315840788917	0.2570453659332266	3	0.057052207525337406	0.11836235773968853	0.0017357846344240272	unsupported	True	0.1831052603528853	5.539421866095327e-169
foxb1a	25-34085704-34086204	16	0.11424309673192382	0.20181076365589712	4	0.0875676669239733	0.0766006575990466	0.0013536943075401309	unsupported	True	0.1758745964112822	7.070757530656768e-156
foxb1a	25-34158047-34158547	17	0.16369947625368703	0.21150580232821412	4	0.04780632607452709	0.07437297277539529	0.0007520085814540383	unsupported	True	0.1668055194022971	3.142691958527381e-140
foxb1a	25-34153499-34153999	18	0.11476099123559569	0.16698776703750456	5	0.052226775801908876	0.056555351821167624	0.0004932323820073479	unsupported	True	0.1508669040096787	7.7700551325681175e-115
foxb1a	25-34151455-34151955	19	0.13588109495992617	0.14988548758001774	3	0.014004392620091566	0.03832009360827485	8.043599237082561e-05	unsupported	True	0.1474399329013032	1.0060182046600502e-109
notch1a	21-4821069-4821569	0	0.44659442163229496	0.5812226143509839	2	0.13462819271868892	0.33639688495991493	0.026322703077572934	core_concordant	True	0.4624418531757271	0.0
notch1a	21-4857426-4857926	1	0.39320934142693514	0.4670091245624329	2	0.07379978313549773	0.5028148703248397	0.017329601047730122	core_concordant	True	0.3637811530183036	0.0
notch1a	21-4925414-4925914	2	0.31236411114953705	0.2190014001833683	2	-0.09336271096616874	0.13368659900967758	0.0	unsupported	True	0.340247075068695	0.0
notch1a	21-4820002-4820502	3	0.3119867049960606	0.37551402539752066	2	0.06352732040146003	0.19993317775916394	0.004769485890062937	unsupported	True	0.337659239910115	0.0
notch1a	21-4840774-4841274	4	0.2972841934249316	0.46789320572576826	2	0.17060901230083664	0.1438877298691023	0.01148609670249902	regional_candidate	True	0.3370577270006502	0.0
notch1a	21-4817772-4818272	5	0.26248382157938094	0.257641224624182	2	-0.004842596955198952	0.26565101316593	0.0	unsupported	True	0.3018591745455649	0.0
notch1a	21-4864273-4864773	6	0.29471719165155547	0.3186852019858976	2	0.02396801033434215	0.14993003448314413	0.0011452031180658475	unsupported	True	0.291800016177416	0.0
notch1a	21-4862533-4863033	7	0.2276889540190913	0.25138388569770265	2	0.023694931678611336	0.15451127365682352	0.0009203501092992349	unsupported	True	0.26402286546273	0.0
notch1a	21-4844609-4845109	8	0.2035442086935067	0.3319262853490718	0	0.1283820766555651	0.15293500453525283	0.006517078352066122	regional_candidate	True	0.2373376521715644	1.3192402279172731e-285
notch1a	21-4767493-4767993	9	0.1870175701301137	0.20255017528187197	2	0.015532605151758277	0.08664994888625045	0.0002726121679841057	unsupported	True	0.2255423997661663	1.972156017405498e-257
notch1a	21-4881940-4882440	10	0.16265345586405414	0.19094623299196867	2	0.02829277712791453	0.043322880952880144	0.00023404749798451406	unsupported	True	0.2002387966643887	2.6786307710670852e-202
notch1a	21-4818535-4819035	11	0.13363078034514567	0.1471780354536586	2	0.013547255108512929	0.07439883514248699	0.00014834074185301064	unsupported	True	0.1965606931072393	7.078555055132137e-195
notch1a	21-4766984-4767484	12	0.16026775812044505	0.17981726685089802	2	0.01954950873045297	0.1102439407871065	0.00038754484971893093	unsupported	True	0.1947308503142634	3.069872540449436e-191
notch1a	21-4823168-4823668	13	0.06908602679707872	0.06701212407226602	2	-0.0020739027248126984	0.01893378395845819	0.0	unsupported	True	0.1913290031065673	1.4182038447179744e-184
notch1a	21-4944374-4944874	14	0.15852833977328626	0.1598194272539634	2	0.0012910874806771333	0.12159835510349892	2.5090709372942933e-05	unsupported	True	0.1908756580765534	1.072428525726879e-183
notch1a	21-4877956-4878456	15	0.1546506697513015	0.1813953174877279	2	0.026744647736426375	0.1105677144970441	0.0005364031093178424	unsupported	True	0.1668390422990053	2.7610319647171133e-140
notch1a	21-4860283-4860783	16	0.13794394689348422	0.1631358240119108	2	0.025191877118426576	0.18651358413625507	0.0007665144350832282	unsupported	True	0.1647693816030686	7.768673162583279e-137
notch1a	21-4776179-4776679	17	0.05105037114570535	0.08467760110706433	2	0.03362722996135899	0.019190208375919074	5.464360338125455e-05	unsupported	True	0.1605112559390501	6.990576478297647e-130
notch1a	21-4783618-4784118	18	0.12882264233328233	0.12229517405916715	1	-0.0065274682741151835	0.07841391077459939	0.0	unsupported	True	0.1567539004539726	6.6410058144940005e-124
notch1a	21-4784163-4784663	19	0.08550440819003463	0.0895559332119758	2	0.004051525021941171	0.07280666092465342	2.641703082824732e-05	unsupported	True	0.136640806578195	2.065629785157641e-94
sox13	11-37747375-37747875	0	0.6603392349129429	0.6780465404306638	4	0.017707305517720928	0.14384986027358115	0.0017271156893209933	core_concordant	True	0.6245121468425638	0.0
sox13	11-37763497-37763997	1	0.6236639469209765	0.6529180771247552	4	0.02925413020377876	0.15592020232481868	0.0029781616892150748	core_concordant	True	0.6237153418172705	0.0
sox13	11-37772713-37773213	2	0.5839204427896112	0.6032969429211147	4	0.019376500131503493	0.1958212515552759	0.0022891079950110036	core_concordant	True	0.5275906250783604	0.0
sox13	11-37801203-37801703	3	0.41615578013065313	0.460403607988616	4	0.044247827857962885	0.06847290661050398	0.0013949204392887037	core_concordant	True	0.5008174965952525	0.0
sox13	11-37762881-37763381	4	0.49043643388395786	0.5110967504150316	5	0.020660316531073697	0.12743574902186505	0.0013456476786964	core_concordant	True	0.4064032837509559	0.0
sox13	11-37746434-37746934	5	0.1416488201057709	0.16541963273975493	1	0.023770812633984034	0.034092580594255156	0.00013405745088433023	unsupported	True	0.2639537204280118	0.0
sox13	11-37736864-37737364	6	0.22222588070178576	0.22516280073977926	5	0.0029369200379935068	0.10811334388021407	7.14937478846101e-05	unsupported	True	0.260147333463384	0.0
sox13	11-37784428-37784928	7	0.22558163657026456	0.21839189429968933	4	-0.007189742270575228	0.05575665641342015	0.0	unsupported	True	0.2541090749660853	0.0
sox13	11-37830108-37830608	8	0.12403582909862601	0.16095415200458651	0	0.036918322905960504	0.07297422807080747	0.00043362434618485814	unsupported	True	0.1883620686768084	7.26803225922579e-179
sox13	11-37779350-37779850	9	0.13365319604480533	0.19471349995281076	5	0.06106030390800543	0.0732842897512115	0.0008712963765200285	unsupported	True	0.1679567633550491	3.625896519707352e-142
sox13	11-37765358-37765858	10	0.11018897577256326	0.11416153382004432	3	0.003972558047481062	0.03856401876113631	1.748929617664769e-05	unsupported	True	0.1503799965320444	4.209465391252483e-114
sox13	11-37827994-37828494	11	0.03823079827049645	0.0686964754594933	2	0.03046567718899685	0.04396391578027554	9.201140428691224e-05	unsupported	True	0.122067171147567	1.1936023673272635e-75
sox13	11-37780318-37780818	12	0.07455372677804373	0.10833066986032118	5	0.03377694308227745	0.04946729431167439	0.00018100473136880538	unsupported	True	0.1205418876691496	8.223786835863022e-74
sox13	11-37731550-37732050	13	0.06881540612288092	0.0793832518987675	3	0.010567845775886583	0.09349975062202565	7.843787235863133e-05	unsupported	True	0.1165974955219649	3.62325253143346e-69
sox13	11-37744678-37745178	14	0.11383674539723847	0.13191456070439786	4	0.018077815307159392	0.04275433824140873	0.0001019574275393003	unsupported	True	0.1117548999189846	1.109290899477237e-63
sox13	11-37812373-37812873	15	0.07321523376993544	0.10548457985498214	4	0.032269346085046696	0.10264631721307504	0.0003493996892884246	unsupported	True	0.0998790198277796	3.1460242412935104e-51
sox13	11-37799492-37799992	16	0.06798280088073543	0.12891816886667168	0	0.060935367985936253	0.07129653862124447	0.0005600825116051882	unsupported	True	0.0959057532312444	2.2290252199907244e-47
sox13	11-37859452-37859952	17	0.08188235396155172	0.11315392449171295	3	0.03127157053016123	0.020606305176459894	7.291543004121743e-05	unsupported	True	0.093856578111037	1.871731981028037e-45
sox13	11-37832520-37833020	18	0.07470540719402238	0.07564733372495958	4	0.0009419265309371927	0.043712618419754753	3.114708994331102e-06	unsupported	True	0.0928769389240452	1.5041880174374566e-44
sox13	11-37755594-37756094	19	0.032156208372238725	0.08793083025735383	0	0.05577462188511511	0.05087875406340731	0.00024952512177709005	unsupported	True	0.0871989471193193	1.7172231556810894e-39
six4b	20-20423679-20424179	0	0.4792674590027076	0.5462490228840585	0	0.0669815638813509	0.08158644212074317	0.0029851348238206553	core_concordant	True	0.3574235405671753	0.0
six4b	20-20494691-20495191	1	0.49378168638040015	0.5720142320326955	0	0.07823254565229537	0.26406557197032876	0.011816968547777956	core_concordant	True	0.3078602007310752	0.0
six4b	20-20504611-20505111	2	0.40128060511557123	0.5281547948245426	4	0.1268741897089714	0.20153037980820926	0.01350439187130349	core_concordant	True	0.3070511152767641	0.0
six4b	20-20448537-20449037	3	0.37327018289902547	0.5055381494048687	0	0.13226796650584327	0.2619418232510684	0.017515133713624485	core_concordant	True	0.3067590874549761	0.0
six4b	20-20427094-20427594	4	0.3936129840728031	0.5009042953359923	5	0.10729131126318925	0.1848726003327762	0.009935548753455545	core_concordant	True	0.3046684058771589	0.0
six4b	20-20509326-20509826	5	0.2701974902214387	0.33817801883912724	0	0.06798052861768855	0.11342311388150378	0.00260754300034242	unsupported	True	0.3020871100795455	0.0
six4b	20-20516472-20516972	6	0.3320060089888391	0.4038132734012123	5	0.07180726441237323	0.12601167570539368	0.003653926095775651	unsupported	True	0.2852067215014806	0.0
six4b	20-20479411-20479911	7	0.3171568440796499	0.3707470819561365	5	0.05359023787648659	0.1615368394572514	0.0032094824686860536	unsupported	True	0.2689375904965129	0.0
six4b	20-20473516-20474016	8	0.19750375845711937	0.24725668122373717	3	0.0497529227666178	0.09737216975956009	0.0011978473653245021	unsupported	True	0.2456803159775532	1.6687698552050654e-306
six4b	20-20469162-20469662	9	0.16494303684035727	0.23182227109891926	0	0.06687923425856199	0.11644148520348169	0.0018053199620868727	unsupported	True	0.2310357835881201	2.353705019338175e-270
six4b	20-20427949-20428449	10	0.256625534513928	0.36427784923571477	4	0.10765231472178677	0.12232979219340034	0.004797206065498541	unsupported	True	0.2281621625118138	1.4960049350292756e-263
six4b	20-20451207-20451707	11	0.3155896820985706	0.38827279099961803	4	0.07268310890104746	0.22252197062677762	0.0062797643954975385	regional_candidate	True	0.223072623678544	9.841437846513624e-252
six4b	20-20440375-20440875	12	0.22948622709084834	0.30239038226022624	0	0.0729041551693779	0.2467037322888952	0.005438710917083799	regional_candidate	True	0.2172211460831258	1.650517340151092e-238
six4b	20-20472592-20473092	13	0.18976153042456495	0.23136584336405264	4	0.041604312939487686	0.055985947287327364	0.0005389104804064367	unsupported	True	0.2145983941072005	1.0470146692660551e-232
six4b	20-20495421-20495921	14	0.20989844186962003	0.25746930331324364	4	0.0475708614436236	0.16606792462963516	0.002034006011294183	unsupported	True	0.1951756474995652	4.0398794673452206e-192
six4b	20-20458570-20459070	15	0.19385310436711375	0.23044504961012055	4	0.036591945243006796	0.12354779328853578	0.001041808444337728	unsupported	True	0.1926111131095424	4.516046576365682e-187
six4b	20-20456663-20457163	16	0.12780310666004355	0.222494650769045	0	0.09469154410900146	0.09424752954874421	0.001985641073655383	unsupported	True	0.1806733540677089	1.637381980708428e-164
six4b	20-20450656-20451156	17	0.25360977803801305	0.2869715308704839	0	0.03336175283247084	0.1323903303755064	0.0012674882468906535	unsupported	True	0.1775230315206208	8.14653856300981e-159
six4b	20-20530375-20530875	18	0.18509530134046806	0.3141076721407651	0	0.12901237080029707	0.14989873359228822	0.006074462623247671	regional_candidate	True	0.1725828208718183	4.2698767608745213e-150
six4b	20-20523895-20524395	19	0.13950077399596106	0.17958534857947192	3	0.04008457458351086	0.05583557361349335	0.00040193808859345734	unsupported	True	0.1712902903632303	7.391259923168175e-148
lhfpl6	10-31953209-31953709	0	0.3973450307219791	0.3807251500871294	2	-0.01661988063484965	0.09527106561881199	0.0	core_concordant	True	0.3895438670282092	0.0
lhfpl6	10-31941687-31942187	1	0.34240961032371914	0.38960374966052086	2	0.04719413933680172	0.22681679827814563	0.004170483565449518	unsupported	True	0.3599426784754809	0.0
lhfpl6	10-31974432-31974932	2	0.388904926875085	0.4504204022447845	2	0.061515475369699535	0.10557169841736108	0.0029251621616240763	core_concordant	True	0.3434022575133529	0.0
lhfpl6	10-32001720-32002220	3	0.30125711256833476	0.38657169077801296	3	0.0853145782096782	0.20961949165252033	0.006913292915085338	regional_candidate	True	0.3307470696841151	0.0
lhfpl6	10-31956585-31957085	4	0.43241131081740464	0.5253573589429213	3	0.09294604812551671	0.1846804737721326	0.009017927287293302	core_concordant	True	0.3204830795192747	0.0
lhfpl6	10-31845985-31846485	5	0.3330920382421043	0.3836600826750013	2	0.050568044432896975	0.24904773876179226	0.004831760263710114	unsupported	True	0.3116890628643964	0.0
lhfpl6	10-31899512-31900012	6	0.22703628235370135	0.28315782106902665	2	0.0561215387153253	0.13691935801687244	0.0021758201064956666	unsupported	True	0.2997373457503427	0.0
lhfpl6	10-32021881-32022381	7	0.32720410930862887	0.35705989418118667	2	0.0298557848725578	0.1611404073866689	0.001717805630693681	unsupported	True	0.2916092260362225	0.0
lhfpl6	10-31951047-31951547	8	0.2739373189523564	0.2865937026977201	2	0.012656383745363708	0.09566508062036427	0.0003470001955827985	unsupported	True	0.2770395899173658	0.0
lhfpl6	10-31994736-31995236	9	0.22008717720794901	0.32929240104216456	3	0.10920522383421555	0.18707061916773676	0.006727143714903919	regional_candidate	True	0.2390338895134877	8.647287775324764e-290
lhfpl6	10-31966691-31967191	10	0.15864886240107973	0.19417940542142498	1	0.03553054302034525	0.11585809628317258	0.0007993397310134669	unsupported	True	0.210493766574961	8.830440548032243e-224
lhfpl6	10-32006134-32006634	11	0.27375590799824434	0.4174635769082427	1	0.14370766890999837	0.23267396558451223	0.013958743485127888	regional_candidate	True	0.1952388056025752	3.0278358533139133e-192
lhfpl6	10-31964680-31965180	12	0.16338217830130564	0.12315409266661256	5	-0.04022808563469307	0.06493954887525444	0.0	unsupported	True	0.1947093384396364	3.3858023305350104e-191
lhfpl6	10-31980122-31980622	13	0.06020930748157345	0.09191556492601653	1	0.03170625744444308	0.05645209757798748	0.00016451826694559069	unsupported	True	0.1653220304356416	9.413375318951884e-138
lhfpl6	10-32005070-32005570	14	0.151396389960629	0.18753096891137078	2	0.036134578950741764	0.11601583812179951	0.0007861642265109594	unsupported	True	0.16479547849292	7.032929488249382e-137
lhfpl6	10-31871744-31872244	15	0.25941829434773706	0.38513168880253723	1	0.12571339445480018	0.10689252293344076	0.005175331042097852	regional_candidate	True	0.1584738869820278	1.271329589141752e-126
lhfpl6	10-31879826-31880326	16	0.09944923988029247	0.11272407655631322	2	0.013274836676020751	0.050204486069850326	7.512567695485149e-05	unsupported	True	0.1584734578933012	1.2733274142493046e-126
lhfpl6	10-31978030-31978530	17	0.09047767128308776	0.12724829878213456	3	0.036770627499046804	0.07626987847562794	0.0003568667457067789	unsupported	True	0.1543832413407128	3.2927439547088024e-120
lhfpl6	10-31902827-31903327	18	0.13060567841266196	0.18396841267283348	1	0.05336273426017152	0.08342025437422991	0.0008189414353351476	unsupported	True	0.1540587912079455	1.0440535308533846e-119
lhfpl6	10-31853561-31854061	19	0.18519974255950783	0.2825739053114068	3	0.09737416275189897	0.18867679289895928	0.005191516945306707	regional_candidate	True	0.1463909827574452	3.4909485060761426e-108
