gene	enhancer	enhancer_index	global_concordance	max_regional_concordance	best_domain	local_advantage	regional_specificity	regional_evidence_score	predicted_class	screen_only	initial_spearman_rho	link_pvalue
fn1a	9-15469944-15470444	0	0.3517861619849916	0.5029421106809531	5	0.1511559486959615	0.08313198378596176	0.006319917188660896	core_concordant	True	0.3756666033036035	0.0
fn1a	9-15403379-15403879	1	0.3092925761103239	0.38681828001146135	1	0.07752570390113744	0.2753906692955068	0.00825851437717757	regional_candidate	True	0.3070141121098441	0.0
fn1a	9-15472374-15472874	2	0.257517846930548	0.35764909559119723	4	0.10013124866064921	0.08128072960327942	0.0029108133390260515	unsupported	True	0.295166102402017	0.0
fn1a	9-15461599-15462099	3	0.23739111805883442	0.350022678627983	5	0.11263156056914855	0.03669218885767578	0.0014465381960399415	unsupported	True	0.2745835036753148	0.0
fn1a	9-15393146-15393646	4	0.20157517794378638	0.23072869277038774	1	0.029153514826601362	0.09899601430194502	0.0006659018741881008	unsupported	True	0.2702635735680144	0.0
fn1a	9-15505590-15506090	5	0.21873272650593914	0.2874103069391026	3	0.06867758043316344	0.07727445173276107	0.0015252929295317722	unsupported	True	0.25543812372325	0.0
fn1a	9-15360694-15361194	6	0.20183721510044547	0.2438226842993119	1	0.04198546919886642	0.09273153260086506	0.0009492936081555697	unsupported	True	0.2528782775726043	0.0
fn1a	9-15500365-15500865	7	0.23434432902467742	0.3027540368652784	4	0.06840970784060099	0.07994140488238954	0.0016556916348107302	unsupported	True	0.2479465193491513	0.0
fn1a	9-15421880-15422380	8	0.20982731893261689	0.24758065210084323	3	0.03775333316822635	0.04977985836169557	0.00046529207948014297	unsupported	True	0.2424330471574701	2.8378083538923083e-298
fn1a	9-15452765-15453265	9	0.15844077076474117	0.2687385507220361	5	0.11029777995729495	0.05741137749838243	0.001701745885078239	unsupported	True	0.2316289568476878	9.029483761618727e-272
fn1a	9-15359916-15360416	10	0.1744317733637226	0.27445463996144204	3	0.10002286659771945	0.050906409725617635	0.0013974695159755125	unsupported	True	0.2307240387580158	1.3012674697052429e-269
fn1a	9-15463274-15463774	11	0.1807779717081294	0.36820560309746103	0	0.18742763138933163	0.191755327864793	0.013233400288225484	regional_candidate	True	0.2219540996683341	3.55534581557999e-249
fn1a	9-15460705-15461205	12	0.14196010779751217	0.24727667701215092	5	0.10531656921463875	0.09556586800690733	0.0024887579927138407	unsupported	True	0.2187818108561249	5.348685952486807e-242
fn1a	9-15473371-15473871	13	0.2488643715562069	0.43002829892973626	5	0.18116392737352938	0.3268337824537404	0.025462186993438312	regional_candidate	True	0.2167983627822479	1.4393642803426264e-237
fn1a	9-15454004-15454504	14	0.1387443985599029	0.12786746873117044	5	-0.010876929828732451	0.04058642508134355	0.0	unsupported	True	0.2073781225130013	3.943473934466204e-217
fn1a	9-15442435-15442935	15	0.20738182161117172	0.38949610812537866	5	0.18211428651420694	0.26050126119755534	0.018478085379338538	regional_candidate	True	0.2009408384514645	9.871053549859029e-204
fn1a	9-15444340-15444840	16	0.10843884708945943	0.14644214977750458	3	0.03800330268804515	0.036950894018376604	0.0002056422689386091	unsupported	True	0.197266210268531	2.7402744024091368e-196
fn1a	9-15432872-15433372	17	0.16359665650983746	0.26430446306811245	0	0.10070780655827499	0.06391617032021862	0.0017012901168979445	unsupported	True	0.1855087818873536	1.82928344451709e-173
fn1a	9-15384964-15385464	18	0.16791731300598411	0.258368140995671	3	0.0904508279896869	0.09870753963961124	0.0023067569304129217	unsupported	True	0.1843234916671873	3.019692600554791e-171
fn1a	9-15412092-15412592	19	0.18747427323922813	0.27122351948494733	1	0.0837492462457192	0.1542504730086826	0.003503763295041687	unsupported	True	0.1818594071099775	1.1008601733973923e-166
pcdh8	9-53676241-53676741	0	0.6434695900949041	0.617862201209319	1	-0.025607388885585114	0.544199464229135	0.0	core_concordant	True	0.4839556648436757	0.0
pcdh8	9-53668554-53669054	1	0.6399031569729726	0.5990638398681121	1	-0.04083931710486055	0.5312761328549248	0.0	core_concordant	True	0.4764975983133481	0.0
pcdh8	9-53671533-53672033	2	0.4778652339786525	0.4489857683756547	1	-0.02887946560299781	0.4316015183088772	0.0	core_concordant	True	0.4135582458865787	0.0
pcdh8	9-53660102-53660602	3	0.5427145221542352	0.5620488500521502	2	0.019334327897915005	0.504513171622963	0.005482462280080786	core_concordant	True	0.3882813193340683	0.0
pcdh8	9-53654372-53654872	4	0.48816597327976907	0.5434642922532263	2	0.05529831897345727	0.5236007006164584	0.015735594765336414	core_concordant	True	0.3845558144617392	0.0
pcdh8	9-53674065-53674565	5	0.2620189950778329	0.2570209916027658	1	-0.00499800347506707	0.22962868378496865	0.0	unsupported	True	0.2915254846891214	0.0
pcdh8	9-53663176-53663676	6	0.31657881928670545	0.362133604409485	2	0.04555478512277955	0.34468362385283796	0.0056862176629150244	regional_candidate	True	0.2739999807581303	0.0
pcdh8	9-53660629-53661129	7	0.1871067591980758	0.19532306948449646	2	0.00821631028642067	0.17264612629939366	0.0002770685366008231	unsupported	True	0.2564342102724268	0.0
pcdh8	9-53661304-53661804	8	0.22354181773712706	0.26305494299347865	1	0.03951312525635159	0.2390598680878791	0.002484817652185006	unsupported	True	0.238353171054345	4.166252610949987e-288
pcdh8	9-53679558-53680058	9	0.20562695586319543	0.2213303592255965	1	0.01570340336240106	0.16383273274748686	0.000569423584053392	unsupported	True	0.2056477819833442	1.7476586637517828e-213
pcdh8	9-53670498-53670998	10	0.14739704150890107	0.19342027503666268	2	0.04602323352776161	0.16897598354914303	0.001504194886027376	unsupported	True	0.2007617638060736	2.2937414509875065e-203
pcdh8	9-53719212-53719712	11	0.18973429880684964	0.2412649692299211	2	0.05153067042307147	0.19572036121550518	0.0024333023184041494	unsupported	True	0.1966043594417897	5.790302296313282e-195
pcdh8	9-53687590-53688090	12	0.04815675763467999	0.10514463153722359	0	0.0569878739025436	0.05486170777022554	0.0003287296524422553	unsupported	True	0.1750649820216516	1.914389265852585e-154
pcdh8	9-53576188-53576688	13	0.05931226744839401	0.053355497395251035	2	-0.005956770053142976	0.058636613147249696	0.0	unsupported	True	0.145147698404993	2.258641749098136e-106
pcdh8	9-53674583-53675083	14	0.09436665101720464	0.11718018899380872	1	0.022813537976604084	0.1071186963922379	0.0002863598424488966	unsupported	True	0.1226679374030594	2.2199378283998934e-76
pcdh8	9-53615415-53615915	15	0.058873396707469355	0.1029811231087442	2	0.04410772640127485	0.08516827199348578	0.00038685670790303647	unsupported	True	0.122543370000845	3.148575221443827e-76
pcdh8	9-53759331-53759831	16	0.04918062638624183	0.03924837154005937	2	-0.009932254846182459	0.023965106334804406	0.0	unsupported	True	0.1221988663045083	8.261057382621731e-76
pcdh8	9-53652077-53652577	17	0.0643561802087932	0.04978804130887938	1	-0.014568138899913825	0.02821137096222337	0.0	unsupported	True	0.1104238853976777	3.246077960622236e-62
pcdh8	9-53753553-53754053	18	0.03628163827980253	0.05596066925464203	1	0.019679030974839494	0.054144341590178495	5.9626550584144914e-05	unsupported	True	0.1036800039324196	4.6387805882040566e-55
pcdh8	9-53762117-53762617	19	0.05768115467290634	0.055015388907352004	2	-0.0026657657655543357	0.038690264688115	0.0	unsupported	True	0.080451348749167	6.743444421777986e-34
sox19a	5-24205870-24206370	0	0.6805692221829412	0.698873844298279	4	0.018304622115337787	0.07690817648437387	0.0009838572017235629	core_concordant	True	0.6452994498634099	0.0
sox19a	5-24197549-24198049	1	0.5673793935446467	0.5575777187685547	1	-0.009801674776092062	0.03383411379317702	0.0	core_concordant	True	0.5776457781876793	0.0
sox19a	5-24196500-24197000	2	0.5980762558124751	0.6091404995266724	5	0.01106424371419723	0.0671691275506403	0.00045269835456943677	core_concordant	True	0.5548293329563764	0.0
sox19a	5-24240709-24241209	3	0.46631588740704627	0.49343200792487185	4	0.02711612051782558	0.056979724046662406	0.0007623865307908802	core_concordant	True	0.4184691530055303	0.0
sox19a	5-24198221-24198721	4	0.32173484742014313	0.3175521006900049	4	-0.004182746730138243	0.05268449150692889	0.0	unsupported	True	0.3481472982617388	0.0
sox19a	5-24205278-24205778	5	0.2966087826065202	0.3345249082790294	5	0.03791612567250924	0.09171609865463343	0.0011633167655869974	unsupported	True	0.2920707242471215	0.0
sox19a	5-24185804-24186304	6	0.24615411851031002	0.2734883450904332	5	0.02733422658012316	0.06605459883202303	0.0004937972564671062	unsupported	True	0.2321228311793691	5.9367839334720885e-273
sox19a	5-24213029-24213529	7	0.25175314640941276	0.3086564544879986	5	0.056903308078585846	0.09508333430279989	0.0016700031135538978	unsupported	True	0.2153896004500497	1.8953772611265948e-234
sox19a	5-24206641-24207141	8	0.20783741333727337	0.22450046092731057	4	0.0166630475900372	0.03821928251911652	0.0001429730564611447	unsupported	True	0.2072011103875454	9.342126441328074e-217
sox19a	5-24266799-24267299	9	0.1751282606204277	0.20777281913895881	4	0.032644558518531125	0.06563771593828496	0.0004451977821954558	unsupported	True	0.1750495529398971	2.0382761492903137e-154
sox19a	5-24227524-24228024	10	0.0755097781404555	0.0737492755051927	4	-0.0017605026352627978	0.031082952243672975	0.0	unsupported	True	0.1567035493717973	7.967687664322369e-124
sox19a	5-24165192-24165692	11	0.1524346631337053	0.16657898216432823	1	0.014144319030622937	0.02395382900678375	5.64387248073544e-05	unsupported	True	0.1486324090817021	1.7282496691701597e-111
sox19a	5-24167868-24168368	12	0.1338319931443151	0.18971653366350247	0	0.05588454051918737	0.043359483065008114	0.00045970683545852023	unsupported	True	0.1176630740156122	2.0896799493654947e-70
sox19a	5-24276013-24276513	13	0.10085332132884396	0.1231597522268109	5	0.02230643089796694	0.05121866666753336	0.00014071071261228095	unsupported	True	0.1083153814515243	6.275029882057572e-60
sox19a	5-24214055-24214555	14	0.05638930267466118	0.09694087153151398	4	0.0405515688568528	0.05193001024572704	0.00020414229316871872	unsupported	True	0.1053123763202373	9.472868066426537e-57
sox19a	5-24192114-24192614	15	0.05296177666989221	0.08404284310913414	4	0.031081066439241925	0.07604144659242698	0.00019863099482303253	unsupported	True	0.1013122984875121	1.1750136151127089e-52
sox19a	5-24209743-24210243	16	0.07894019868948092	0.07497285236156616	0	-0.003967346327914761	0.02980255468827977	0.0	unsupported	True	0.1007796616662889	4.008824408090085e-52
sox19a	5-24290019-24290519	17	0.0779854599507436	0.11379759022300244	2	0.03581213027225884	0.03413360733273439	0.00013910585479754087	unsupported	True	0.1007229245101821	4.5669111197134944e-52
sox19a	5-24188936-24189436	18	0.10579870502949634	0.11023569580911448	4	0.004436990779618136	0.061200002658339824	2.993382497269089e-05	unsupported	True	0.0902705017625201	3.457357305158935e-42
sox19a	5-24109278-24109778	19	0.052960634906027385	0.1275083503490818	5	0.07454771544305443	0.07739992679428657	0.0007357216154532921	unsupported	True	0.0686881342925702	3.2049926075606987e-25
zic2b	1-29847577-29848077	0	0.47526428529755765	0.5484160836146578	4	0.07315179831710011	0.17154716507084455	0.006882064450846083	core_concordant	True	0.406066760805908	0.0
zic2b	1-29839211-29839711	1	0.3647277999852791	0.43034086704025504	4	0.06561306705497594	0.12893418707996457	0.0036405836647955144	core_concordant	True	0.3894648643851607	0.0
zic2b	1-29857686-29858186	2	0.2460866405946487	0.31587309378092143	2	0.06978645318627275	0.05358473141524228	0.0011812037544013433	unsupported	True	0.3656861389207192	0.0
zic2b	1-29885991-29886491	3	0.43220501515667	0.5081871992633216	4	0.07598218410665158	0.18823838524664677	0.00726848139784233	core_concordant	True	0.3514888620308478	0.0
zic2b	1-29775386-29775886	4	0.2824643949182313	0.373166772435038	0	0.09070237751680671	0.17536257046551884	0.005935516820960279	regional_candidate	True	0.2740652978747405	0.0
zic2b	1-29912960-29913460	5	0.11137922702755423	0.27653054594256754	2	0.1651513189150133	0.13300575299738324	0.006074290858748441	regional_candidate	True	0.2605040066909229	0.0
zic2b	1-29880473-29880973	6	0.19461085443369278	0.34109372475979405	2	0.14648287032610127	0.19781072385436083	0.009883491728149044	regional_candidate	True	0.2477141642754246	0.0
zic2b	1-29870393-29870893	7	0.13424395484711482	0.19923911963471874	2	0.06499516478760392	0.08961545813573979	0.0011604824917428288	unsupported	True	0.2391357028552131	4.8385589561563775e-290
zic2b	1-29844364-29844864	8	0.2853180840691325	0.40151451292752033	4	0.11619642885838782	0.21529610880458266	0.010044543619233532	regional_candidate	True	0.2353389306346628	1.0164164502873876e-280
zic2b	1-29849859-29850359	9	0.24821435975890338	0.38842500200522406	4	0.14021064224632068	0.265564180083622	0.014462975525360576	regional_candidate	True	0.2327572095971931	1.7824887257683962e-274
zic2b	1-29871184-29871684	10	0.08821439244844018	0.20969524151322044	1	0.12148084906478027	0.029764961273758217	0.0007582313133493172	unsupported	True	0.2322265315280394	3.349529562995791e-273
zic2b	1-29855006-29855506	11	0.20581817386727871	0.27189768462268826	0	0.06607951075540955	0.08582146528652265	0.0015419427646150429	unsupported	True	0.2285594186127189	1.7380827226709507e-264
zic2b	1-29834680-29835180	12	0.11181338053709809	0.1578454762955012	4	0.0460320957584031	0.06955967467881269	0.0005054176802653178	unsupported	True	0.1983515032648777	1.798177186658531e-198
zic2b	1-29837640-29838140	13	0.14876024423646095	0.24882648238415542	0	0.10006623814769447	0.1299089898626164	0.00323462083243577	unsupported	True	0.1926920288678799	3.137396433276837e-187
zic2b	1-29873107-29873607	14	0.06905312695139802	0.12978990600509463	2	0.06073677905369661	0.07502150377678538	0.0005913960780529943	unsupported	True	0.1760028111310632	4.1874967630639597e-156
zic2b	1-29740483-29740983	15	0.09750746752901118	0.13425381457204105	3	0.03674634704302987	0.04624690554867583	0.00022815158240078624	unsupported	True	0.1570377186255507	2.3761586597132727e-124
zic2b	1-29856547-29857047	16	0.08476521812654732	0.19402082198433462	2	0.1092556038577873	0.12672055936631926	0.0026862049384854605	unsupported	True	0.1394859242424823	2.4996902169538223e-98
zic2b	1-29814803-29815303	17	0.03721683482684885	0.13701184895898733	3	0.09979501413213848	0.1250657365298633	0.0017100362474988084	unsupported	True	0.1387788663999924	2.394213812912294e-97
zic2b	1-29926705-29927205	18	0.05821439897013619	0.1146623192401608	2	0.05644792027002462	0.035871264585987064	0.00023217494689981374	unsupported	True	0.1384385229657961	7.07395726954636e-97
zic2b	1-29853534-29854034	19	0.09999054381195142	0.15767073833799583	3	0.05768019452604441	0.0609224423041507	0.0005540578635372317	unsupported	True	0.1347749280817172	6.897830032992204e-92
lbx2	14-5380737-5381237	0	0.3084565110775643	0.21637067961813847	1	-0.09208583145942581	0.03863372267540233	0.0	unsupported	True	0.4052671055443358	0.0
lbx2	14-5385500-5386000	1	0.37776095481123606	0.3536243491835076	2	-0.024136605627728458	0.20907035735533447	0.0	core_concordant	True	0.3808646945998352	0.0
lbx2	14-5320250-5320750	2	0.24364288653517285	0.1384396572093396	4	-0.10520322932583326	0.03271088649197894	0.0	unsupported	True	0.3618970549417074	0.0
lbx2	14-5380207-5380707	3	0.3759721571911678	0.36874137181481687	2	-0.007230785376350912	0.3325888279958237	0.0	core_concordant	True	0.3014653473110877	0.0
lbx2	14-5303626-5304126	4	0.12745138945411516	0.05448594235981273	4	-0.07296544709430243	0.039816231412132946	0.0	unsupported	True	0.2953198972410806	0.0
lbx2	14-5308633-5309133	5	0.10578022770047232	0.10446133099135853	5	-0.0013188967091137954	0.07094524391165352	0.0	unsupported	True	0.2647312984999942	0.0
lbx2	14-5336185-5336685	6	0.14984214512025115	0.2272559786165872	4	0.07741383349633604	0.1227662023138094	0.0021597959024685803	unsupported	True	0.2428421554326889	2.6474619451989224e-299
lbx2	14-5389070-5389570	7	0.06582464794061609	0.1515665422368518	4	0.0857418942962357	0.14158902103969567	0.0018400346277704855	unsupported	True	0.2263996635146941	1.999412489645782e-259
lbx2	14-5372743-5373243	8	0.07278554125399522	0.06409836981197972	4	-0.008687171442015501	0.050734468833019804	0.0	unsupported	True	0.211514144905098	5.5542394723060984e-226
lbx2	14-5294832-5295332	9	0.10110826715370587	0.08777916968608136	4	-0.013329097467624507	0.051197435820376655	0.0	unsupported	True	0.2110862472729666	4.668555891073006e-225
lbx2	14-5325153-5325653	10	0.0574516114086541	0.21954436659518256	4	0.16209275518652846	0.2213592730325173	0.00787741311821842	regional_candidate	True	0.2085447322942991	1.3139095949585139e-219
lbx2	14-5310606-5311106	11	0.417011498419933	0.47809807438923174	1	0.06108657596929873	0.414039296177722	0.01209217263714922	core_concordant	True	0.1930086250365803	7.532559957274446e-188
lbx2	14-5358262-5358762	12	0.09040292919369824	0.05078405122806743	4	-0.039618877965630815	0.017219511903433106	0.0	unsupported	True	0.1905551936403381	4.4679903517635695e-183
lbx2	14-5363176-5363676	13	0.16341951009610733	0.13028881074675738	1	-0.03313069934934995	0.1056748178530732	0.0	unsupported	True	0.1843268176494466	2.976878104218589e-171
lbx2	14-5314867-5315367	14	0.26133656330245014	0.2796070259165168	1	0.018270462614066674	0.2579704848730098	0.0013178550466250937	unsupported	True	0.1830101404355157	8.308553124341029e-169
lbx2	14-5330110-5330610	15	0.1619862015084805	0.012075709369472396	5	-0.14991049213900812	0.0013069039844682342	0.0	unsupported	True	0.1752316974284932	9.718750630389724e-155
lbx2	14-5300636-5301136	16	0.3593619141111032	0.4369065028314724	1	0.07754458872036923	0.4237122859152516	0.014355259993272697	core_concordant	True	0.1750612734190373	1.9434629822376846e-154
lbx2	14-5458760-5459260	17	0.039293155831546606	0.07339708249001414	4	0.03410392665846754	0.07871740932196811	0.0001970398078949368	unsupported	True	0.1728374870107882	1.5392337560090362e-150
lbx2	14-5327063-5327563	18	0.16266334086426343	0.12038590642133773	1	-0.0422774344429257	0.08419360918745554	0.0	unsupported	True	0.1719501212091651	5.349328497330735e-149
lbx2	14-5439089-5439589	19	0.07722940671829627	0.06306967027008324	1	-0.014159736448213028	0.06288115904974188	0.0	unsupported	True	0.1614482410268419	2.141352402582004e-131
myclb	19-30842603-30843103	0	0.4123525003412561	0.3832829788672976	4	-0.02906952147395847	0.018406613201651045	0.0	core_concordant	True	0.4371699469206184	0.0
myclb	19-30734853-30735353	1	0.4094534324002739	0.3844601584666909	2	-0.02499327393358297	0.3297130573605964	0.0	core_concordant	True	0.42053760486047	0.0
myclb	19-30747464-30747964	2	0.31672366519466744	0.2708719163590386	2	-0.045851748835628814	0.12524826707390121	0.0	unsupported	True	0.3565372149108212	0.0
myclb	19-30845353-30845853	3	0.3088930957052514	0.2733467814986389	2	-0.03554631420661253	0.22203733172786635	0.0	unsupported	True	0.3256474204983434	0.0
myclb	19-30784134-30784634	4	0.24913890687570964	0.23859147419525448	2	-0.01054743268045516	0.10331475488005287	0.0	unsupported	True	0.302693276076069	0.0
myclb	19-30734312-30734812	5	0.2432507338945574	0.17291443358554287	2	-0.07033630030901453	0.1530526029007121	0.0	unsupported	True	0.2845061325349999	0.0
myclb	19-30747985-30748485	6	0.2534186966449547	0.24301133933315044	2	-0.010407357311804255	0.0900770588046495	0.0	unsupported	True	0.2843840113807185	0.0
myclb	19-30771092-30771592	7	0.17714216001441735	0.15809766558132277	2	-0.019044494433094583	0.10689241516166467	0.0	unsupported	True	0.2478207673512936	0.0
myclb	19-30777552-30778052	8	0.17496230082262948	0.19580014953068528	1	0.0208378487080558	0.04325438571695378	0.00017648022483097463	unsupported	True	0.2112526744528216	2.0409218281867126e-225
myclb	19-30711907-30712407	9	0.16155915138241686	0.18090078054420172	2	0.019341629161784862	0.10973818690210582	0.00038396467737186556	unsupported	True	0.2080508324086701	1.476439417009609e-218
myclb	19-30736110-30736610	10	0.11474676995034458	0.10910492052088214	2	-0.005641849429462442	0.10486199839797736	0.0	unsupported	True	0.1872738848650669	8.542771883671971e-177
myclb	19-30786154-30786654	11	0.1448541333220005	0.225151016855561	5	0.08029688353356049	0.04017111285311373	0.0007262505355507476	unsupported	True	0.1796000384998849	1.4690289426805535e-162
myclb	19-30848805-30849305	12	0.1276348268998095	0.11400890123192418	0	-0.013625925667885327	0.02885260084570125	0.0	unsupported	True	0.1784075815095511	2.0997748678235176e-160
myclb	19-30757909-30758409	13	0.09044805779340134	0.10473071405385215	5	0.014282656260450804	0.03022958171152293	4.5218399514073706e-05	unsupported	True	0.17348077770823	1.1612316934838091e-151
myclb	19-30840390-30840890	14	0.07892639499585766	0.12671338033840143	0	0.047786985342543775	0.03547245489409949	0.00021479459842233537	unsupported	True	0.1587079458250462	5.394968159964786e-127
myclb	19-30835745-30836245	15	0.11740035903860033	0.1698490482499467	5	0.05244868921134638	0.05087582294640927	0.00045322014327949173	unsupported	True	0.1574880687155549	4.63317329616675e-125
myclb	19-30824081-30824581	16	0.1108460992792655	0.34488741273210227	5	0.23404131345283677	0.1272485255117317	0.010271234147951	regional_candidate	True	0.1546528775059155	1.2595737581184256e-120
myclb	19-30804945-30805445	17	0.14376335778534569	0.17282786604792483	1	0.029064508262579142	0.05070635741948877	0.0002547059912120496	unsupported	True	0.1521213501923411	9.738442389678246e-117
myclb	19-30838363-30838863	18	0.07475228415769711	0.17344287944320758	0	0.09869059528551047	0.08914485799311703	0.0015259086712956225	unsupported	True	0.1431121261186109	1.923665940904049e-103
myclb	19-30761038-30761538	19	0.09606842859839766	0.1196612836700861	0	0.023592855071688443	0.036292532569197455	0.0001024593113493836	unsupported	True	0.1402337501326384	2.261583281844924e-99
gli2a	9-37098807-37099307	0	0.3651953214737917	0.44492700205243424	2	0.07973168057864255	0.19290262211879994	0.006843177619752786	core_concordant	True	0.3767354758854071	0.0
gli2a	9-37154459-37154959	1	0.41341636835851575	0.556572749385604	2	0.14315638102708822	0.3366106716565725	0.026820108484288927	core_concordant	True	0.3535010264638493	0.0
gli2a	9-37156141-37156641	2	0.40410930051772953	0.5679321103915802	2	0.16382280987385067	0.43574750971782295	0.04054205033091118	core_concordant	True	0.3246135253024533	0.0
gli2a	9-37206521-37207021	3	0.2196757104995071	0.2867745798568197	4	0.0670988693573126	0.033556327899177174	0.000645699252826985	unsupported	True	0.3042573485325236	0.0
gli2a	9-37091848-37092348	4	0.23305851177154585	0.3226281475102615	1	0.08956963573871563	0.22069765315321388	0.006377651404856549	regional_candidate	True	0.2766274482416974	0.0
gli2a	9-37146074-37146574	5	0.29153914269774023	0.41974178073954627	2	0.12820263804180604	0.36100615995407176	0.019426464774440842	regional_candidate	True	0.274916407952038	0.0
gli2a	9-37200278-37200778	6	0.29770094891557247	0.43556538137582634	2	0.13786443246025387	0.2925418184526272	0.017566836080222185	regional_candidate	True	0.2725174035598024	0.0
gli2a	9-37166236-37166736	7	0.22699661811383848	0.26971328441050163	1	0.04271666629666315	0.041119302537934416	0.0004737458616509959	unsupported	True	0.2720011100668854	0.0
gli2a	9-37043570-37044070	8	0.17919914599626918	0.34250786930821436	0	0.16330872331194518	0.08975126782766557	0.005020194342112005	regional_candidate	True	0.2475332124662727	0.0
gli2a	9-37143995-37144495	9	0.16083192403719812	0.18792997972187797	2	0.02709805568467985	0.09479280033642275	0.0004827358482911816	unsupported	True	0.2139603663277836	2.629029036228272e-231
gli2a	9-37172633-37173133	10	0.12889849771486797	0.17569558593574425	2	0.046797088220876276	0.11698998528693083	0.0009618965533114472	unsupported	True	0.1950441871027731	7.360393736311424e-192
gli2a	9-37099470-37099970	11	0.16035248006382272	0.24161415205995962	2	0.0812616719961369	0.20814307878964816	0.00408667495931872	unsupported	True	0.1844171565067183	2.0196121923994923e-171
gli2a	9-37202795-37203295	12	0.1204617611382723	0.21691530459209304	3	0.09645354345382075	0.09661305104184849	0.0020213623837096423	unsupported	True	0.1833138668804638	2.2751247364643186e-169
gli2a	9-37090391-37090891	13	0.09005097796226207	0.19008163005433912	3	0.10003065209207705	0.050923095622445014	0.0009682512006380519	unsupported	True	0.1799280920185806	3.727832147312779e-163
gli2a	9-37076436-37076936	14	0.11345354249622752	0.15638012557841907	2	0.04292658308219155	0.1189278072883864	0.000798346250024861	unsupported	True	0.177273601761266	2.2775845034538926e-158
gli2a	9-37177797-37178297	15	0.16099992729074614	0.2226518141184965	2	0.06165188682775036	0.2603215822989492	0.0035734094854561914	unsupported	True	0.1742911824320459	4.4123780552740986e-153
gli2a	9-37151838-37152338	16	0.10617013556050799	0.17078438090663287	2	0.06461424534612488	0.09743215714696041	0.0010751739762643233	unsupported	True	0.1742823139993262	4.573542611794398e-153
gli2a	9-37120256-37120756	17	0.12404852387295448	0.3271862945018385	3	0.20313777062888402	0.12336288919980812	0.008199178046259196	regional_candidate	True	0.1666309611402781	6.164651707888939e-140
gli2a	9-37162324-37162824	18	0.17313408666863037	0.25736859171277926	1	0.0842345050441489	0.22497494362427267	0.004877302880702386	unsupported	True	0.1657627308043074	1.739806585235514e-138
gli2a	9-37127261-37127761	19	0.21749617782166222	0.32880920548740494	2	0.11131302766574272	0.3396545715418135	0.012431611443623166	regional_candidate	True	0.1630780075577104	4.73728407614759e-134
grhl2b	19-12225976-12226476	0	0.40390842253382625	0.5193141013996616	2	0.11540567886583536	0.08743405929064102	0.005240080241286185	core_concordant	True	0.4828781105890157	0.0
grhl2b	19-12202087-12202587	1	0.3186871984176792	0.4559446314718011	2	0.1372574330541219	0.14679216342684992	0.00918651630568296	regional_candidate	True	0.3827454908048411	0.0
grhl2b	19-12253414-12253914	2	0.2594811944160874	0.39233691813975435	2	0.13285572372366694	0.12686423315713402	0.006612697321999901	regional_candidate	True	0.3369773496654964	0.0
grhl2b	19-12153391-12153891	3	0.24623391981951703	0.3570438336305408	2	0.11080991381102379	0.1522169245698636	0.006022309860474335	regional_candidate	True	0.3112269691872203	0.0
grhl2b	19-12300615-12301115	4	0.1542373270230701	0.3157833344388516	2	0.16154600741578148	0.18390142670528797	0.009381462214809294	regional_candidate	True	0.2900408581582115	0.0
grhl2b	19-12333372-12333872	5	0.20682925290011744	0.2840190493745199	2	0.07718979647440244	0.04492158022563572	0.0009848325417894036	unsupported	True	0.2783696326865247	0.0
grhl2b	19-12256006-12256506	6	0.26692734876225654	0.3391880539453749	0	0.07226070518311833	0.09078467115288988	0.0022251293819229873	unsupported	True	0.2508308664548607	0.0
grhl2b	19-12154307-12154807	7	0.23062759088004475	0.27687189396735984	4	0.046244303087315086	0.07494407356252225	0.0009595650155741623	unsupported	True	0.2202537748712224	2.5824708658291258e-245
grhl2b	19-12229248-12229748	8	0.1596605186528743	0.20930743719568617	0	0.04964691854281186	0.03713563278076118	0.0003858937874150806	unsupported	True	0.2072118312695484	8.866856919481259e-217
grhl2b	19-12187969-12188469	9	0.09792009252917294	0.2339476057156647	3	0.13602751318649176	0.1811712316584859	0.005765468453204584	regional_candidate	True	0.2017197898496051	2.496966517365205e-205
grhl2b	19-12217594-12218094	10	0.20925238418508693	0.2656131987696079	4	0.056360814584520996	0.1268848234172755	0.0018994881696331157	unsupported	True	0.1920054275104386	6.8643112771288045e-186
grhl2b	19-12170605-12171105	11	0.0432871797903645	0.1134860979214779	2	0.0701989181311134	0.06672783465114858	0.0005315940540784655	unsupported	True	0.191941144041325	9.15787667029038e-186
grhl2b	19-12195775-12196275	12	0.0761736408465782	0.16910635623724568	1	0.09293271539066748	0.10584346448741526	0.0016633843288811586	unsupported	True	0.1841845301292405	5.482340474857139e-171
grhl2b	19-12322208-12322708	13	0.12792089669453124	0.18662754905111095	0	0.05870665235657971	0.07931797339448013	0.0008690298178527873	unsupported	True	0.1695599236035539	6.87682153550255e-145
grhl2b	19-12261307-12261807	14	0.04854999020419823	0.09016263292951743	5	0.0416126427253192	0.03675100912544372	0.0001378863107424096	unsupported	True	0.1551524269471104	2.113609894779145e-121
grhl2b	19-12158763-12159263	15	0.0868134786231425	0.16314982580750165	1	0.07633634718435915	0.06887405140364329	0.000857775463682176	unsupported	True	0.1537882989954241	2.727086460056744e-119
grhl2b	19-12237761-12238261	16	0.21160154136749532	0.3506358627947386	0	0.13903432142724326	0.2226715777059076	0.010855332768605487	regional_candidate	True	0.1452946430394171	1.3824573266286735e-106
grhl2b	19-12152742-12153242	17	0.07733537053150308	0.10992284366771593	1	0.03258747313621285	0.024386080334421092	8.735356650643725e-05	unsupported	True	0.1445262398184964	1.790676035741127e-105
grhl2b	19-12252889-12253389	18	0.07666782351992091	0.12729076859594465	4	0.050622945076023745	0.0679887681001621	0.00043810830744415524	unsupported	True	0.1427453172700462	6.42092858889655e-103
grhl2b	19-12222920-12223420	19	0.08318578737200504	0.12551612109572732	3	0.04233033372372229	0.049520070035781114	0.0002631070299333536	unsupported	True	0.1319721235703367	3.650250105616836e-88
her7	5-68803671-68804171	0	0.6072696691897699	0.5940364451416001	2	-0.013233224048169734	0.531483855061359	0.0	core_concordant	True	0.4089424498473297	0.0
her7	5-68804455-68804955	1	0.583758718296263	0.5629301228247628	2	-0.020828595471500178	0.5063186685685426	0.0	core_concordant	True	0.387241238106275	0.0
her7	5-68797154-68797654	2	0.56031504768459	0.5480375881152975	1	-0.012277459569292493	0.5127581797124181	0.0	core_concordant	True	0.387219205268493	0.0
her7	5-68809090-68809590	3	0.5303148933833821	0.5109356637914746	2	-0.01937922959190752	0.4735905534019937	0.0	core_concordant	True	0.3828964725735592	0.0
her7	5-68887506-68888006	4	0.4573265318623354	0.44004732578570305	2	-0.01727920607663236	0.40547365650856654	0.0	core_concordant	True	0.3598087924171994	0.0
her7	5-68797802-68798302	5	0.4001915382367302	0.37077226532039625	1	-0.02941927291633395	0.3511848434342486	0.0	core_concordant	True	0.3287293189336522	0.0
her7	5-68786813-68787313	6	0.3074434765559752	0.2682409010966485	1	-0.039202575459326705	0.23052047374705084	0.0	unsupported	True	0.3081961418352663	0.0
her7	5-68787972-68788472	7	0.2749907644576494	0.25371012963155115	1	-0.021280634826098266	0.2238428002020007	0.0	unsupported	True	0.2884453338604457	0.0
her7	5-68803005-68803505	8	0.2595418906915442	0.278109384303276	1	0.018567493611731767	0.2821416902643236	0.0014569216283961087	unsupported	True	0.2744047866940787	0.0
her7	5-68880178-68880678	9	0.3326538293480466	0.35310467968856596	1	0.020450850340519355	0.29944866822469035	0.002162405960489997	unsupported	True	0.2669351918198592	0.0
her7	5-68789860-68790360	10	0.23676122835097949	0.2400225170240847	1	0.0032612886731052115	0.24298479067550402	0.0001902042944064482	unsupported	True	0.2150958231304225	8.422102622018487e-234
her7	5-68836392-68836892	11	0.11861367971362367	0.09043733492287284	2	-0.028176344790750832	0.07430168089583801	0.0	unsupported	True	0.1661984607596232	3.2621572231370768e-139
her7	5-68756107-68756607	12	0.11613476625159005	0.1231055945572414	2	0.00697082830565135	0.10227198555342996	8.776449608728801e-05	unsupported	True	0.1254089286496221	9.26167226903562e-80
her7	5-68778925-68779425	13	0.07213786873200792	0.08775385960514645	2	0.01561599087313853	0.07924342865491178	0.00010859229991986216	unsupported	True	0.1140834322805838	2.733851907193193e-66
her7	5-68799231-68799731	14	0.10394916226348416	0.15703076447530148	2	0.05308160221181732	0.12224432163495236	0.0010189607675838476	unsupported	True	0.1119998708433992	5.9323119995786785e-64
her7	5-68789184-68789684	15	0.10556381075697684	0.11619935237623177	1	0.010635541619254937	0.12592413392395527	0.00015562246552662946	unsupported	True	0.1119714702252946	6.379234581632141e-64
her7	5-68816836-68817336	16	0.08962857720041693	0.15286336541356618	2	0.06323478821314925	0.12714683666237225	0.0012290372469248151	unsupported	True	0.0996800129855845	4.9473198669390944e-51
her7	5-68776691-68777191	17	0.024688264888899684	0.05884323539449106	3	0.034154970505591374	0.04765838032779902	9.578328708001247e-05	unsupported	True	0.0857424799693106	3.023409297935326e-38
her7	5-68764596-68765096	18	0.07060524798190121	0.10429413409778396	1	0.03368888611588275	0.09481584889103768	0.00033314052986729533	unsupported	True	0.0711829646553934	6.0165712556953185e-27
her7	5-68818420-68818920	19	0.036672700781936546	0.04739253393594705	2	0.010719833154010504	0.03720539812762858	1.890183256832138e-05	unsupported	True	0.0674014013333726	2.357201597849716e-24
dact2	13-43435206-43435706	0	0.45330875637269324	0.4070464171163818	2	-0.04626233925631146	0.176155970717471	0.0	core_concordant	True	0.5128684256815175	0.0
dact2	13-43489072-43489572	1	0.27499666418993757	0.14491652206842223	3	-0.13008014212151534	0.0797954579514838	0.0	unsupported	True	0.3642939974852198	0.0
dact2	13-43430493-43430993	2	0.32716086675700573	0.29432561747751573	2	-0.03283524927949	0.16289424416559178	0.0	unsupported	True	0.3630981484326021	0.0
dact2	13-43427231-43427731	3	0.32611654046605154	0.3546626452873565	2	0.028546104821304985	0.10940344705646013	0.0011076264319307384	unsupported	True	0.3439369597948443	0.0
dact2	13-43407968-43408468	4	0.16521670496106186	0.18907986050485523	3	0.02386315554379337	0.08478203590218115	0.0003825401171309023	unsupported	True	0.2547946327694581	0.0
dact2	13-43406097-43406597	5	0.1997345918487927	0.24735038920306676	5	0.04761579735427407	0.05869898280974764	0.0006913440584083891	unsupported	True	0.2504392319388172	0.0
dact2	13-43418451-43418951	6	0.19389662191469054	0.20508789098622088	2	0.011191269071530341	0.09965795069630567	0.00022873430770261775	unsupported	True	0.2353459464846342	9.772350891724096e-281
dact2	13-43432103-43432603	7	0.13461525345539915	0.12161883242512335	5	-0.012996421030275804	0.028697291409782874	0.0	unsupported	True	0.2323623384393588	1.5822346602075334e-273
dact2	13-43460575-43461075	8	0.14997315557705887	0.11082427902872946	0	-0.03914887654832941	0.028117053124833605	0.0	unsupported	True	0.2322213480606539	3.446762849789541e-273
dact2	13-43421181-43421681	9	0.12177611643820992	0.1649663394199315	3	0.04319022298172158	0.12603445114257983	0.0008979870180692806	unsupported	True	0.1881082798019874	2.2150220456541577e-178
dact2	13-43411251-43411751	10	0.11737188710077288	0.0834175032776275	3	-0.03395438382314539	0.04487018138382786	0.0	unsupported	True	0.1880690860535539	2.630607488733784e-178
dact2	13-43411817-43412317	11	0.12823892577355694	0.0866697330039576	2	-0.04156919276959935	0.04006837254368252	0.0	unsupported	True	0.1875349570693097	2.7296106973593606e-177
dact2	13-43441383-43441883	12	0.08033542895686857	0.08423328685961076	3	0.003897857902742191	0.019854456581233984	6.518801476330941e-06	unsupported	True	0.1636097938938662	6.354708876857467e-135
dact2	13-43470038-43470538	13	0.172957826696346	0.19344576795606291	3	0.020487941259716924	0.08989753357197042	0.0003562913920132848	unsupported	True	0.1541634111727402	7.198482593703897e-120
dact2	13-43459366-43459866	14	0.1149703536807459	0.3028068858310894	0	0.1878365321503435	0.2569043511059614	0.014612255867379766	regional_candidate	True	0.1486691459048505	1.5240416439209234e-111
dact2	13-43457267-43457767	15	0.08904452097678181	0.13667550074956805	4	0.04763097977278624	0.12352867215761981	0.000804170174839679	unsupported	True	0.1435168867637433	5.068544429766936e-104
dact2	13-43408923-43409423	16	0.07322013828859894	0.16248143687674457	4	0.08926129858814563	0.12121547706430036	0.001758024919682209	unsupported	True	0.1382908120065951	1.131071208412445e-96
dact2	13-43485090-43485590	17	0.09627541165204742	0.09370256520127503	3	-0.0025728464507723953	0.028342001866235048	0.0	unsupported	True	0.1365269498198032	2.9517136436548773e-94
dact2	13-43405008-43405508	18	0.0772333971613398	0.08658017346349167	2	0.009346776302151874	0.04754219284206193	3.847330626246939e-05	unsupported	True	0.1328135982648192	2.8370943616220717e-89
dact2	13-43442316-43442816	19	0.06573331485722662	0.11161469605799994	5	0.045881381200773314	0.03829385326935898	0.0001961042171567035	unsupported	True	0.1208836204575648	3.201000721471324e-74
myod1	25-31490434-31490934	0	0.29188149826553034	0.2721368139088232	2	-0.01974468435670712	0.06394989383907837	0.0	unsupported	True	0.3372999430662979	0.0
myod1	25-31454187-31454687	1	0.5510986088007558	0.5780306071313556	1	0.026931998330599782	0.059671380216206105	0.0009289353659360473	core_concordant	True	0.3084872447925588	0.0
myod1	25-31502647-31503147	2	0.39042553454662515	0.43335964732782944	5	0.04293411278120429	0.07030997509898024	0.0013081812075292252	core_concordant	True	0.2987255580302678	0.0
myod1	25-31450902-31451402	3	0.386678455586371	0.40929220068029915	1	0.02261374509392816	0.206652661155742	0.001912700465837541	core_concordant	True	0.2836416534181961	0.0
myod1	25-31447643-31448143	4	0.2724583822051193	0.3448993252420091	5	0.0724409430368898	0.1064601948634378	0.0026598901230937754	unsupported	True	0.2800862098478264	0.0
myod1	25-31500217-31500717	5	0.367863151044049	0.38370196461634115	1	0.015838813572292165	0.1514210541489873	0.0009202438743166687	core_concordant	True	0.2652055350299371	0.0
myod1	25-31472860-31473360	6	0.2342814002902854	0.24652042649022604	2	0.012239026199940634	0.1000951648659982	0.0003020041244382488	unsupported	True	0.2336375667466121	1.3504643440178013e-276
myod1	25-31454832-31455332	7	0.2108813587922393	0.22877664114583215	1	0.017895282353592862	0.18646707065039467	0.0007634003993867672	unsupported	True	0.2327710396386046	1.6511359637251554e-274
myod1	25-31493892-31494392	8	0.20319739196037528	0.3012996862529024	4	0.09810229429252709	0.13715134049488853	0.0040539454484478	unsupported	True	0.2278750014357754	7.072727221576303e-263
myod1	25-31441580-31442080	9	0.4005185019846349	0.4458830194603727	1	0.045364517475737776	0.06252377654581559	0.0012646851863428027	core_concordant	True	0.2272610400449948	1.94475942946358e-261
myod1	25-31351876-31352376	10	0.10765620791884715	0.09800609523685108	2	-0.009650112681996073	0.10401368090406324	0.0	unsupported	True	0.2173787018105719	7.3552492551694234e-239
myod1	25-31501990-31502490	11	0.371821750634605	0.4878618478758909	5	0.11604009724128589	0.15388216005214062	0.008711505484764057	core_concordant	True	0.2166825072222765	2.6035117386681894e-237
myod1	25-31443716-31444216	12	0.285279291118995	0.4471781512953995	5	0.16189886017640448	0.1799749484525806	0.013029760265557135	regional_candidate	True	0.203420393977345	7.721442669542706e-209
myod1	25-31365951-31366451	13	0.1665386075623318	0.2066475684398828	2	0.040108960877551	0.18135335837418576	0.0015031326644238392	unsupported	True	0.1992065748588702	3.356064990184902e-200
myod1	25-31420353-31420853	14	0.36216948115595504	0.5010510944195534	5	0.13888161326359838	0.18324991833748622	0.012751772544096067	core_concordant	True	0.1930286132766614	6.883128502325865e-188
myod1	25-31426902-31427402	15	0.2078724848097417	0.27368214613538344	4	0.06580966132564176	0.09324325590344157	0.0016793976942585081	unsupported	True	0.1923291214178196	1.6050541749979709e-186
myod1	25-31379109-31379609	16	0.18656688422062165	0.3130581067445572	5	0.12649122252393555	0.12945027517769525	0.005126114733945276	regional_candidate	True	0.1536798389554072	4.0057146437446907e-119
myod1	25-31420946-31421446	17	0.3589821741048918	0.470617274884669	5	0.11163510077977717	0.13490956422462175	0.0070877986717809965	core_concordant	True	0.1458262247867527	2.330936976045558e-107
myod1	25-31514590-31515090	18	0.21799459886703892	0.3418278925878162	3	0.12383329372077728	0.10315788403918189	0.004366639583833188	unsupported	True	0.134569318026795	1.3020131479596141e-91
myod1	25-31476384-31476884	19	0.08138850048311072	0.11565013102141601	1	0.03426163053830529	0.09415982059771219	0.0003730953007845645	unsupported	True	0.1258598686462716	2.531270427056203e-80
bambia	12-23490057-23490557	0	0.4176977900671819	0.494064786661291	3	0.07636699659410912	0.0949269236477372	0.003581615980029292	core_concordant	True	0.3953167975904806	0.0
bambia	12-23420694-23421194	1	0.39482583038549973	0.4441233211993145	3	0.04929749081381479	0.07979111650596404	0.0017469598980052426	core_concordant	True	0.3710512744398402	0.0
bambia	12-23492978-23493478	2	0.392953788898863	0.4584165648261088	1	0.06546277592724581	0.23544400272423371	0.00706549107898508	core_concordant	True	0.2813547168402361	0.0
bambia	12-23521964-23522464	3	0.3027470444602194	0.34498258589081315	2	0.04223554143059377	0.1882614471099096	0.0027430683662450594	unsupported	True	0.2501336513192944	0.0
bambia	12-23488465-23488965	4	0.2623618195774831	0.43375927971524	0	0.17139746013775686	0.13811240459936452	0.01026799970869183	regional_candidate	True	0.2500142807631014	0.0
bambia	12-23515586-23516086	5	0.23299965070976633	0.2849974468229321	4	0.05199779611316577	0.0628046858027608	0.000930717657563419	unsupported	True	0.2442396776666974	7.745915443106887e-303
bambia	12-23468964-23469464	6	0.31345827215295863	0.6297056888429837	0	0.3162474166900251	0.40558511861583124	0.08076935509345141	regional_candidate	True	0.241639242569232	2.794183104268477e-296
bambia	12-23325388-23325888	7	0.18614850924258988	0.40441523890359876	0	0.21826672966100888	0.1709605001198585	0.01509075029722741	regional_candidate	True	0.2148049218058791	3.680022267969889e-233
bambia	12-23447950-23448450	8	0.20523143583625492	0.4086431727176634	5	0.2034117368814085	0.22385200845286954	0.01860720965173167	regional_candidate	True	0.2143156496808852	4.373822123434658e-232
bambia	12-23513574-23514074	9	0.19857891878602843	0.350804037952669	0	0.15222511916664058	0.18091670494662226	0.009661166698470149	regional_candidate	True	0.2139262733155403	3.122249546210036e-231
bambia	12-23509240-23509740	10	0.1598322890024525	0.22269747267089815	3	0.06286518366844565	0.09897684588094961	0.0013856676789165132	unsupported	True	0.2064924758247989	2.9273169304746256e-215
bambia	12-23421256-23421756	11	0.16959580659598725	0.19693180046199754	2	0.027335993866010294	0.02995511957473021	0.00016125818870133313	unsupported	True	0.1964278375581787	1.3039338564131781e-194
bambia	12-23496321-23496821	12	0.3097561844579405	0.3990054497539372	1	0.0892492652959967	0.2953239831033192	0.010516765599596	regional_candidate	True	0.194088415383922	5.693782949948352e-190
bambia	12-23452509-23453009	13	0.15187927988190053	0.18846306681277128	2	0.03658378693087075	0.06647826532376742	0.00045834720934788636	unsupported	True	0.1807171008553483	1.362356280517278e-164
bambia	12-23433633-23434133	14	0.17206316960837584	0.21372903562304177	2	0.04166586601466593	0.07579364237828709	0.0006749579504909118	unsupported	True	0.1784965727505858	1.4516597692763192e-160
bambia	12-23489494-23489994	15	0.14314880460369334	0.20118147814234183	2	0.058032673538648494	0.13194399481279623	0.0015404592075760307	unsupported	True	0.1783110811157054	3.132647300922463e-160
bambia	12-23444308-23444808	16	0.1650664219446149	0.2772032930271324	5	0.11213687108251752	0.09684320611191649	0.0030103429710513154	unsupported	True	0.1768260392830329	1.4354220126367389e-157
bambia	12-23473643-23474143	17	0.1737348357721653	0.3656521462837842	0	0.19191731051161887	0.20777653526900455	0.014580713479252012	regional_candidate	True	0.1612787419200668	4.0292296523180543e-131
bambia	12-23507617-23508117	18	0.13283177348464262	0.1642977928572974	0	0.03146601937265478	0.02600646663186515	0.00013444816703369852	unsupported	True	0.1597083048505945	1.3627970135713398e-128
bambia	12-23506853-23507353	19	0.14608581175762245	0.1581373133456231	2	0.01205150158800064	0.0658752617695284	0.0001255445523397889	unsupported	True	0.1592971922858706	6.197912942505445e-128
tagln2	5-37082298-37082798	0	0.38133576138415454	0.4901780895809082	2	0.10884232819675366	0.15870218012497395	0.008467098472611376	core_concordant	True	0.3598793445437875	0.0
tagln2	5-37000440-37000940	1	0.33190052319724195	0.388848199281373	2	0.05694767608413104	0.08254060726995877	0.0018277793145709926	unsupported	True	0.3477397101980803	0.0
tagln2	5-37103319-37103819	2	0.3208363051020444	0.40092776675355246	2	0.08009146165150804	0.121857087441134	0.00391293963484827	unsupported	True	0.3456182572922411	0.0
tagln2	5-37085042-37085542	3	0.2848851682724497	0.33684973585649125	4	0.051964567584041554	0.04862826131503584	0.0008512012851667959	unsupported	True	0.3371007016502383	0.0
tagln2	5-37095275-37095775	4	0.2222577154001541	0.26336724173197573	3	0.04110952633182163	0.05629276054004348	0.0006094762331396613	unsupported	True	0.2920895929324074	0.0
tagln2	5-36993445-36993945	5	0.15113326998509433	0.2075635877468372	3	0.05643031776174287	0.05086625581450768	0.0005957903103383707	unsupported	True	0.2797985832309589	0.0
tagln2	5-37014536-37015036	6	0.1901043897894777	0.24664657635069173	5	0.05654218656121404	0.04495317645120503	0.00062691415481256	unsupported	True	0.2377380461506019	1.3672043785698958e-286
tagln2	5-37095911-37096411	7	0.18338364081519945	0.22908452224907558	3	0.04570088143387613	0.045946303946038686	0.00048102860755754734	unsupported	True	0.2121246035906722	2.6428255330938117e-227
tagln2	5-37061553-37062053	8	0.15086728863350998	0.2513966305816982	3	0.10052934194818822	0.10495529409016818	0.0026525076324997437	unsupported	True	0.2117124352854224	2.0676914538406416e-226
tagln2	5-37016205-37016705	9	0.14664740563357465	0.25169134505643853	0	0.10504393942286389	0.12662915793302676	0.003347904037464125	unsupported	True	0.2052484615528363	1.2002828922631417e-212
tagln2	5-37165619-37166119	10	0.13145703083798782	0.21006337286557866	0	0.07860634202759084	0.12514277912094346	0.0020663967804503336	unsupported	True	0.2004871801261212	8.343364825984407e-203
tagln2	5-37134554-37135054	11	0.15551956800942182	0.19656156767060032	2	0.041041999661178497	0.08452803030490484	0.0006819112708831892	unsupported	True	0.1977766752244909	2.5861474466418197e-197
tagln2	5-37084400-37084900	12	0.12468335940833368	0.1904313984144783	0	0.0657480390061446	0.045309681225203485	0.0005672994564891603	unsupported	True	0.1828401162731141	1.7139032164929672e-168
tagln2	5-36994367-36994867	13	0.04511130933222633	0.060410596610430294	3	0.015299287278203962	0.023635193400386688	2.184456921942038e-05	unsupported	True	0.1821902993958154	2.7099133894598557e-167
tagln2	5-37104237-37104737	14	0.14993215629455672	0.18813666666223047	2	0.03820451036767375	0.06480341111881907	0.000465785484229765	unsupported	True	0.1720870494761813	3.09783323176888e-149
tagln2	5-37044016-37044516	15	0.09853587888270063	0.14950130465957437	3	0.05096542577687374	0.061648205337350256	0.0004697221906382164	unsupported	True	0.1491493785790965	2.936524112421867e-112
tagln2	5-37003156-37003656	16	0.06051767499898625	0.10177584429767701	4	0.041258169298690764	0.03679982843422959	0.00015452560811621204	unsupported	True	0.1419160553970831	9.68035968659304e-102
tagln2	5-37019276-37019776	17	0.06349783935378712	0.09488065881267474	0	0.031382819458887615	0.02960883656069835	8.816394047820611e-05	unsupported	True	0.1344001350689436	2.1943790281936465e-91
tagln2	5-37093871-37094371	18	0.04301225846995647	0.09647960465596118	0	0.05346734618600472	0.06139412303766039	0.00031670210075286496	unsupported	True	0.1316400215368297	9.958303269739756e-88
tagln2	5-37098726-37099226	19	0.12631401154918354	0.1954927517873404	0	0.06917874023815687	0.07566673098995953	0.0010233125035094776	unsupported	True	0.1287091461666733	6.248253502867257e-84
cdh1	7-53132481-53132981	0	0.5913747473645719	0.6499932740828619	2	0.05861852671829004	0.10538069515720994	0.004015178163785915	core_concordant	True	0.5479990598939639	0.0
cdh1	7-53128838-53129338	1	0.6181954869233232	0.6500732796075589	2	0.03187779268423574	0.07008173916260774	0.0014522969591762745	core_concordant	True	0.5350238850157392	0.0
cdh1	7-53129422-53129922	2	0.49921286234731216	0.6105527988091234	2	0.11133993646181123	0.17136256388780186	0.011649040278079129	core_concordant	True	0.4536101587818895	0.0
cdh1	7-53215584-53216084	3	0.33828806765738406	0.38524424357865716	2	0.0469561759212731	0.09862040183314247	0.001784003273278809	unsupported	True	0.3515244742439821	0.0
cdh1	7-53104952-53105452	4	0.2725671609206032	0.28969135993166045	1	0.017124199011057273	0.03323676575311324	0.00016487870404154712	unsupported	True	0.3113085254503901	0.0
cdh1	7-53131729-53132229	5	0.29609636392287275	0.34461827089139474	1	0.04852190696852199	0.0995271682735385	0.0016642470953999277	unsupported	True	0.2827986205897957	0.0
cdh1	7-53094200-53094700	6	0.12495449429342918	0.16278534238592282	2	0.03783084809249364	0.07541444231871695	0.0004644253302258066	unsupported	True	0.2203864972744607	1.2936623811970304e-245
cdh1	7-53127060-53127560	7	0.1586605074605189	0.24525898437645444	3	0.08659847691593553	0.07119315676775426	0.0015120753364002504	unsupported	True	0.1958484614067924	1.8620995619806664e-193
cdh1	7-53109260-53109760	8	0.12019705360888454	0.15812920283080273	1	0.03793214922191819	0.056265845240680276	0.00033749269675825835	unsupported	True	0.1700597679338218	9.618581853614563e-146
cdh1	7-53140252-53140752	9	0.13153930015973284	0.16245306758785757	4	0.03091376742812474	0.027002287695052418	0.00013560647032141395	unsupported	True	0.1686304290227517	2.62369924632646e-143
cdh1	7-53136229-53136729	10	0.10249996659669736	0.18036694731938605	1	0.07786698072268869	0.14006678168210254	0.0019671860693798956	unsupported	True	0.1677443494591261	8.279970328482516e-142
cdh1	7-53103025-53103525	11	0.1089271077421802	0.1795677887886523	1	0.07064068104647209	0.10807088586253465	0.0013708565888998566	unsupported	True	0.1664231418147263	1.3735635744249967e-139
cdh1	7-53091354-53091854	12	0.1195744247613108	0.13997560875082918	0	0.020401183989518373	0.05078918989249173	0.00014503707184737195	unsupported	True	0.1589209540369336	2.4700172510198105e-127
cdh1	7-53126411-53126911	13	0.04267416657386322	0.12658398495515577	0	0.08390981838129255	0.10118527632505907	0.0010747534962190822	unsupported	True	0.1134182725766204	1.5396998397719858e-65
cdh1	7-53201461-53201961	14	0.040927656783388944	0.10568185543252787	3	0.06475419864913892	0.11664866449781522	0.0007982669220018591	unsupported	True	0.112780487721561	7.99837999135008e-65
cdh1	7-53104349-53104849	15	0.04835038546297341	0.09447454148310637	3	0.04612415602013296	0.04910730037164946	0.0002139879337191692	unsupported	True	0.1093540575941881	4.7531081434874956e-61
cdh1	7-53119651-53120151	16	0.11294581987942941	0.1713065041240209	5	0.058360684244591496	0.0553151906091907	0.0005530172023310199	unsupported	True	0.1007046386754941	4.762764388180987e-52
cdh1	7-53131162-53131662	17	0.0474028048918253	0.10101446168807553	5	0.053611656796250226	0.03269575039393796	0.00017706555773798865	unsupported	True	0.0941045089521261	1.1007038036865993e-45
cdh1	7-53103828-53104328	18	0.05890913659897818	0.08936261607838189	0	0.03045347947940371	0.04383566028524249	0.0001192944796524312	unsupported	True	0.0902778290531959	3.4056539169743705e-42
cdh1	7-53038679-53039179	19	0.05040182366921222	0.07795736971931075	0	0.02755554605009853	0.038207560681717864	8.207587298365534e-05	unsupported	True	0.0696341089052167	7.217472802949548e-26
six4a	13-31644328-31644828	0	0.7130742105842207	0.7352420239113895	2	0.022167813327168773	0.5300333567683955	0.008638858878495222	core_concordant	True	0.5352869359466014	0.0
six4a	13-31634350-31634850	1	0.47291562538850224	0.49976428551082264	1	0.0268486601223204	0.37155270139798735	0.004985494683491788	core_concordant	True	0.4151906861253817	0.0
six4a	13-31644829-31645329	2	0.47099731956376534	0.49907232611369384	1	0.028075006549928505	0.36253917264325747	0.005079702689770179	core_concordant	True	0.374029557337605	0.0
six4a	13-31678447-31678947	3	0.2512839078981243	0.23875415865806754	1	-0.012529749240056787	0.09549400229408223	0.0	unsupported	True	0.3096229054126758	0.0
six4a	13-31631420-31631920	4	0.23254329667644627	0.2792990185336245	3	0.04675572185717822	0.035328371771931016	0.00046134710312932726	unsupported	True	0.2843216687914189	0.0
six4a	13-31641184-31641684	5	0.1871522565352309	0.19973419139913642	2	0.01258193486390552	0.14106575073706384	0.00035450423906762757	unsupported	True	0.2287324826756703	6.795714175736344e-265
six4a	13-31633507-31634007	6	0.13758697890437	0.151368384745234	1	0.013781405840864014	0.13587133798787263	0.0002834370054112147	unsupported	True	0.2206725129561769	2.9119553057672057e-246
six4a	13-31618991-31619491	7	0.1863186002860087	0.24741979507394937	2	0.06110119478794068	0.07713504692356196	0.0011661002636381816	unsupported	True	0.2170135894545331	4.7820592113077874e-238
six4a	13-31667654-31668154	8	0.2217935908355169	0.2851199527558661	1	0.06332636192034921	0.09656134032041697	0.0017434738361377731	unsupported	True	0.214868504267599	2.6665662129351217e-233
six4a	13-31549659-31550159	9	0.18722166931014722	0.20045399847795303	2	0.013232329167805812	0.14707090466185213	0.0003901016464786391	unsupported	True	0.2115660003102985	4.2898472846196375e-226
six4a	13-31712973-31713473	10	0.16705805526488263	0.20295469342609979	1	0.03589663816121716	0.14689714997166858	0.0010702032026858978	unsupported	True	0.1909420420462797	7.977175520933792e-184
six4a	13-31669099-31669599	11	0.10485051649645201	0.1972288877445882	1	0.09237837124813618	0.059263876348491284	0.0010797690648923365	unsupported	True	0.1775683110993864	6.758450536046054e-159
six4a	13-31681369-31681869	12	0.15796438544729094	0.2296349314334356	2	0.07167054598614467	0.13867565760943962	0.00228233242013159	unsupported	True	0.163107731206251	4.234912476244452e-134
six4a	13-31572194-31572694	13	0.07755866270169032	0.03180187718745694	4	-0.04575678551423338	0.014095871125583442	0.0	unsupported	True	0.1516136826977797	5.756665746295328e-116
six4a	13-31576888-31577388	14	0.1148076180595909	0.07043909629223756	2	-0.04436852176735334	0.040500395562199476	0.0	unsupported	True	0.139500793522318	2.383387898565371e-98
six4a	13-31744527-31745027	15	0.06632122220173933	0.06098410756276734	1	-0.00533711463897199	0.039369608001782685	0.0	unsupported	True	0.1354782698368647	7.791627199475802e-93
six4a	13-31672912-31673412	16	0.10138682272755324	0.2260975899432998	3	0.12471076721574655	0.14657295450181387	0.004132888856224728	unsupported	True	0.1234567382078346	2.4076576231150345e-77
six4a	13-31679941-31680441	17	0.030949228514754047	0.22671185671840327	4	0.19576262820364923	0.08445641193150039	0.003748319890444093	unsupported	True	0.1185086310651067	2.131565565751477e-71
six4a	13-31619518-31620018	18	0.0594474677768566	0.15295949125436994	3	0.09351202347751335	0.06860700783917652	0.0009813238724467241	unsupported	True	0.1142902635757099	1.5938404979278267e-66
six4a	13-31603576-31604076	19	0.060610415062268455	0.12474908925310299	2	0.06413867419083454	0.08956742403874798	0.0007166505626092339	unsupported	True	0.0889017081433136	5.646748942415783e-41
zeb2b	6-909359-909859	0	0.40978672339774663	0.44235364946118466	4	0.03256692606343803	0.12065502497151082	0.001738168185829684	core_concordant	True	0.3923849924759631	0.0
zeb2b	6-896457-896957	1	0.40685123441364873	0.4631186728166565	5	0.05626743840300774	0.1319306003412299	0.0034379137331662537	core_concordant	True	0.3868062157128993	0.0
zeb2b	6-966978-967478	2	0.3657607040008354	0.36959915817709427	4	0.0038384541762588875	0.0772147855556472	0.00010954380028098692	core_concordant	True	0.3572117452205973	0.0
zeb2b	6-989997-990497	3	0.35990704660105294	0.4162810646211589	5	0.05637401802010594	0.1358481527046994	0.003188007861699528	core_concordant	True	0.3429365673136438	0.0
zeb2b	6-951974-952474	4	0.2847127865181986	0.3267202087534252	5	0.04200742223522663	0.1100684151930709	0.001510653090012772	unsupported	True	0.270707472496371	0.0
zeb2b	6-917700-918200	5	0.23016534927821983	0.2617582904642193	5	0.03159294118599945	0.0828662999829772	0.0006852806239340397	unsupported	True	0.2430167262647723	9.608557926817846e-300
zeb2b	6-1013827-1014327	6	0.18924056095056904	0.24871158627785608	4	0.05947102532728704	0.11303804613158985	0.0016719607796736315	unsupported	True	0.2334087412411011	4.81414983040515e-276
zeb2b	6-990570-991070	7	0.1708856644120093	0.18782058859247244	5	0.016934924180463135	0.04989467210586068	0.00015870135204542075	unsupported	True	0.217161805591965	2.237453384427753e-238
zeb2b	6-969159-969659	8	0.17363878447877573	0.18696879540785263	5	0.013330010929076902	0.062903887969416	0.00015677511379187057	unsupported	True	0.200305252355144	1.9608516597481742e-202
zeb2b	6-971840-972340	9	0.18192955643448072	0.19854509344024943	4	0.016615537005768705	0.05500922592522875	0.0001814717698177623	unsupported	True	0.1824397429578481	9.402609712269038e-168
zeb2b	6-960212-960712	10	0.16579825265478315	0.23371279289556346	5	0.06791454024078031	0.1236475533672753	0.0019625954047809255	unsupported	True	0.1816571274216313	2.5900381012852723e-166
zeb2b	6-943157-943657	11	0.16088583536455225	0.19461786660019825	4	0.033732031235646	0.04688474591097039	0.0003077916034003916	unsupported	True	0.1758240907438712	8.690359986006012e-156
zeb2b	6-911338-911838	12	0.19961866898569072	0.24415950199064276	3	0.04454083300495204	0.06633876597338725	0.0007214385647754443	unsupported	True	0.168752198176781	1.6302243085121404e-143
zeb2b	6-887377-887877	13	0.11417900363133714	0.14436612954936626	0	0.03018712591802912	0.029951661292266826	0.00013052929591286485	unsupported	True	0.1608182405582489	2.2364388557772735e-130
zeb2b	6-886281-886781	14	0.12040842745396838	0.18370567337737106	5	0.06329724592340269	0.08938817081334104	0.0010394112982351812	unsupported	True	0.1594628033681247	3.368742655318769e-128
zeb2b	6-890519-891019	15	0.10868998621476311	0.15597781078627415	5	0.04728782457151104	0.09448301657684072	0.0006968926857019676	unsupported	True	0.1565321370115931	1.4805092604689263e-123
zeb2b	6-1033456-1033956	16	0.10850323983812411	0.15703044236519254	4	0.04852720252706842	0.030402872588265906	0.0002316774314541703	unsupported	True	0.1488167089811921	9.193931900012852e-112
zeb2b	6-860926-861426	17	0.13630439181363635	0.2059383716967282	5	0.06963397988309186	0.09489855778193908	0.001360874588334225	unsupported	True	0.1475927863210399	5.986765286004403e-110
zeb2b	6-952639-953139	18	0.057135185781242846	0.07180649790483144	4	0.014671312123588597	0.033579554675467416	3.537591119538106e-05	unsupported	True	0.1458558623126711	2.1102795362274106e-107
zeb2b	6-912168-912668	19	0.12002177479499686	0.1743835559169132	4	0.05436178112191635	0.0797428771931831	0.0007559465828777969	unsupported	True	0.1426506282358171	8.759938224334289e-103
clic4	17-25460520-25461020	0	0.4198454898910815	0.5233976717297114	2	0.10355218183862991	0.2027089376244438	0.01098661580678861	core_concordant	True	0.4625580177735809	0.0
clic4	17-25454776-25455276	1	0.3649025074595972	0.4428479557882548	2	0.07794544832865763	0.3249070609371168	0.01121513622904513	core_concordant	True	0.3595239950866251	0.0
clic4	17-25462789-25463289	2	0.3173214060815216	0.4660988738614315	2	0.1487774677799099	0.31932596243558065	0.022143662118442986	regional_candidate	True	0.3348767431631959	0.0
clic4	17-25455495-25455995	3	0.2963142757094197	0.4013231282562632	2	0.1050088525468435	0.3357953510061572	0.014151249266387816	regional_candidate	True	0.2885976283839482	0.0
clic4	17-25463321-25463821	4	0.2889557374200531	0.42040761627786866	2	0.13145187885781556	0.36640689278582733	0.020248880069784335	regional_candidate	True	0.2792432555947657	0.0
clic4	17-25462159-25462659	5	0.12286790098183084	0.17496294951090188	2	0.05209504852907104	0.12418122782522678	0.0011318750527143232	unsupported	True	0.2359365839447418	3.553718473960196e-282
clic4	17-25406268-25406768	6	0.08692348707380784	0.143413382187539	2	0.05648989511373115	0.07557972400382997	0.0006123020988809366	unsupported	True	0.216676872969314	2.6796183859272527e-237
clic4	17-25448478-25448978	7	0.12583032332259556	0.3713937818720736	0	0.24556345854947806	0.21800720044448849	0.019882418346017266	regional_candidate	True	0.2007646468268898	2.2628299201256292e-203
clic4	17-25465451-25465951	8	0.231584542907269	0.6190024491683194	0	0.3874179062610504	0.2341658395420354	0.05615592649877948	regional_candidate	True	0.1889848924011087	4.685588268347845e-180
clic4	17-25358190-25358690	9	0.048970181649065116	0.06977850196681734	5	0.020808320317752226	0.013980195979287936	2.0298872971370773e-05	unsupported	True	0.1813700616461846	8.707030429192188e-166
clic4	17-25472419-25472919	10	0.14863851882180482	0.20128174297093818	2	0.05264322414913336	0.17526742481560126	0.001857154650074434	unsupported	True	0.1797477863393167	7.923927817375955e-163
clic4	17-25451637-25452137	11	0.09442124080583099	0.12054025347139453	1	0.026119012665563546	0.036762056213575894	0.00011574137865329367	unsupported	True	0.1796826678248944	1.0402256882362437e-162
clic4	17-25390645-25391145	12	0.08304207911947675	0.12132256765471304	0	0.03828048853523629	0.09911761270189853	0.00046033065601829595	unsupported	True	0.1746900336819641	8.772115627981137e-154
clic4	17-25452713-25453213	13	0.1402290012803172	0.2634911605395874	0	0.12326215925927017	0.12623630380613318	0.004099964454285129	unsupported	True	0.1691837301305834	3.0101150181610046e-144
clic4	17-25431101-25431601	14	0.0843439023294801	0.15862089983795805	4	0.07427699750847795	0.11256229981816213	0.0013261959797235103	unsupported	True	0.1617850585120131	6.084902264308954e-132
clic4	17-25432131-25432631	15	0.047047361141001776	0.049448056067658196	1	0.00240069492665642	0.058811289665224704	6.98147039601921e-06	unsupported	True	0.157198699112718	1.3253392392363322e-124
clic4	17-25392645-25393145	16	0.045861449027356144	0.1465327308531371	0	0.10067128182578094	0.12375724734413743	0.001825622093442711	unsupported	True	0.1566307011254652	1.0368724052658822e-123
clic4	17-25534500-25535000	17	0.08793413445125307	0.11594945801963148	2	0.02801532356837841	0.10432035473598329	0.00033887023275342077	unsupported	True	0.1559147148162472	1.371105298016827e-122
clic4	17-25440551-25441051	18	0.13512598952828359	0.18855383740459866	2	0.05342784787631508	0.11550795935675438	0.0011636301558905619	unsupported	True	0.1530497910201309	3.717451375850021e-118
clic4	17-25358702-25359202	19	0.0682487594264499	0.09751186932711835	2	0.029263109900668452	0.042537805882748754	0.00012138165242858026	unsupported	True	0.1501940735799478	8.012594811410496e-114
mef2d	16-29099357-29099857	0	0.28777161929004924	0.34855591066736497	2	0.060784291377315725	0.2861780222582319	0.006063174782550452	regional_candidate	True	0.3443277304594344	0.0
mef2d	16-29169799-29170299	1	0.4140362221791091	0.439616717487648	5	0.025580495308538898	0.08517796295458713	0.0009578784398191997	core_concordant	True	0.3344951483649877	0.0
mef2d	16-29164194-29164694	2	0.3436958369699503	0.33080479649690664	5	-0.01289104047304368	0.03426467497894403	0.0	unsupported	True	0.2991547962098838	0.0
mef2d	16-29104281-29104781	3	0.3773411010178642	0.4143895668389809	5	0.037048465821116705	0.1269769430596171	0.0019494132267407083	core_concordant	True	0.2789337741162876	0.0
mef2d	16-29182129-29182629	4	0.4285078690093879	0.4430107569180595	1	0.014502887908671602	0.1288905628634846	0.0008281135336124793	core_concordant	True	0.2558024973826564	0.0
mef2d	16-29186193-29186693	5	0.3438790397708516	0.3664340968730742	2	0.02255505710222261	0.16249466689964523	0.0013430089938507022	unsupported	True	0.2519874028366015	0.0
mef2d	16-29108613-29109113	6	0.22735572012512428	0.2062863489527777	2	-0.021069371172346585	0.15164491505605854	0.0	unsupported	True	0.249524714841802	0.0
mef2d	16-29186867-29187367	7	0.2958686277926848	0.33636699148802535	1	0.040498363695340545	0.154386721828021	0.002103104210175018	unsupported	True	0.2333698812547593	5.973221553630022e-276
mef2d	16-29167798-29168298	8	0.1072221738501987	0.1006186520474684	2	-0.0066035218027303	0.04393182884067733	0.0	unsupported	True	0.228213506907691	1.1329368566073507e-263
mef2d	16-29106630-29107130	9	0.26838970037297977	0.3640621373585595	4	0.09567243698557976	0.12886855834739042	0.004488583628157039	unsupported	True	0.2277070216244347	1.7530768710030414e-262
mef2d	16-29115792-29116292	10	0.1975199591702173	0.22872377931320162	2	0.031203820142984312	0.21073184264150635	0.0015040048928193406	unsupported	True	0.2020330553349548	5.666202514878074e-206
mef2d	16-29174633-29175133	11	0.12772675650030793	0.1448780877544661	2	0.01715133125415816	0.05626075086395296	0.00013979964349980034	unsupported	True	0.2009326081260011	1.0261268239929692e-203
mef2d	16-29110637-29111137	12	0.18707655682395385	0.23007387402234042	2	0.042997317198386564	0.17266462731921958	0.0017080950717434655	unsupported	True	0.1848877816064508	2.6672776501483386e-172
mef2d	16-29146118-29146618	13	0.257454123652502	0.3179592008671918	1	0.06050507721468984	0.15605185585246592	0.003002148386396793	unsupported	True	0.1815453821232707	4.1532272678515677e-166
mef2d	16-29196983-29197483	14	0.1466712622440574	0.15318269037324198	1	0.0065114281291845655	0.04605340029114914	4.5935415117844755e-05	unsupported	True	0.1663118238733371	2.1087929920972123e-139
mef2d	16-29162909-29163409	15	0.08324446205861767	0.10228192190220452	2	0.019037459843586846	0.08791988822942044	0.000171196549645749	unsupported	True	0.1648144222033905	6.542823756956989e-137
mef2d	16-29123327-29123827	16	0.227360103606877	0.2751339896889973	2	0.047773886082120326	0.12567025274375787	0.0016518374345297886	unsupported	True	0.1506663360755868	1.5595281634180782e-114
mef2d	16-29284649-29285149	17	0.018848399018844327	0.013621589177126915	4	-0.005226809841717412	0.012804241512292265	0.0	unsupported	True	0.1445089825044319	1.896395561936342e-105
mef2d	16-29179059-29179559	18	-0.008619041377456461	0.03930525731728707	0	0.04792429869474353	0.06519728230967918	0.00012281061410451493	unsupported	True	0.1439837083548213	1.083213578444879e-104
mef2d	16-29145246-29145746	19	0.12321587317979234	0.15108607873650362	2	0.027870205556711283	0.08653960651971623	0.0003644009812899794	unsupported	True	0.1432700963317009	1.143570696065256e-103
fscn1a	3-40559717-40560217	0	0.2323016711928308	0.19173589352838552	2	-0.040565777664445274	0.10041593948806413	0.0	unsupported	True	0.3584971591418925	0.0
fscn1a	3-40601063-40601563	1	0.3811451280699808	0.43641858369621656	0	0.05527345562623576	0.15480471377856164	0.0037342555339961348	core_concordant	True	0.3478178640326868	0.0
fscn1a	3-40556126-40556626	2	0.2315754966854667	0.13917399122710264	2	-0.09240150545836406	0.08585313432524885	0.0	unsupported	True	0.3310370828818878	0.0
fscn1a	3-40551247-40551747	3	0.20117453464036636	0.1756649172434708	3	-0.025509617396895556	0.02647688727287628	0.0	unsupported	True	0.2638794284815046	0.0
fscn1a	3-40580821-40581321	4	0.14871280190062913	0.07166258330616185	2	-0.07705021859446728	0.07549411162276895	0.0	unsupported	True	0.2547019676310777	0.0
fscn1a	3-40578748-40579248	5	0.17807310708659246	0.1560438423374338	2	-0.022029264749158672	0.060184196841310045	0.0	unsupported	True	0.2474496775142582	0.0
fscn1a	3-40578245-40578745	6	0.16206255538210693	0.12892837914297686	2	-0.033134176239130064	0.08215439789230991	0.0	unsupported	True	0.2454488545332276	6.503455218479194e-306
fscn1a	3-40549777-40550277	7	0.1920011479458997	0.20617192291613076	4	0.01417077497023106	0.07345843039561259	0.00021461732005642012	unsupported	True	0.2429818551732237	1.1765552323620627e-299
fscn1a	3-40608289-40608789	8	0.2261980173397618	0.19659146229739602	2	-0.029606555042365784	0.047580797941342096	0.0	unsupported	True	0.2222095307055745	9.289980373409399e-250
fscn1a	3-40582930-40583430	9	0.06348712065650947	0.08487919029376954	3	0.021392069637260078	0.08205332377995136	0.00014898762926335762	unsupported	True	0.2023006140465253	1.5932881601060529e-206
fscn1a	3-40503567-40504067	10	0.265637983232506	0.37807901792155313	0	0.11244103468904715	0.24724032382074282	0.010510580753590825	regional_candidate	True	0.2018137334963078	1.6008998436777695e-205
fscn1a	3-40597182-40597682	11	0.18801859244066535	0.2413074276301049	0	0.053288835189439554	0.1143480355154892	0.0014704004442896222	unsupported	True	0.2009236956986452	1.070121698918404e-203
fscn1a	3-40504233-40504733	12	0.12781558984313277	0.20575776862055514	0	0.07794217877742238	0.1456412596300491	0.0023356792886402465	unsupported	True	0.1699332001791792	1.5837160411517138e-145
fscn1a	3-40511238-40511738	13	0.06380313417356964	0.09837229336645878	2	0.03456915919288914	0.15171244101294104	0.0005159205286306255	unsupported	True	0.1649574541855333	3.791227057462211e-137
fscn1a	3-40482096-40482596	14	0.09082897795277062	0.14546051131022564	2	0.05463153335745502	0.12505250900264253	0.0009937586218869397	unsupported	True	0.1618215805529323	5.307992919805586e-132
fscn1a	3-40565769-40566269	15	0.18595499930034912	0.30877716859991833	3	0.12282216929956921	0.16582167774871986	0.006288734343869216	regional_candidate	True	0.1615941568741681	1.2419639035930417e-131
fscn1a	3-40617859-40618359	16	0.15836162502588108	0.303789562720612	2	0.14542793769473095	0.16656494613347567	0.007358754305368939	regional_candidate	True	0.1596723269187491	1.5562159316174427e-128
fscn1a	3-40519860-40520360	17	0.14460884117782682	0.13254819512772895	0	-0.012060646050097878	0.031049215960624557	0.0	unsupported	True	0.1573292736703453	8.250285687109992e-125
fscn1a	3-40477949-40478449	18	0.09051286065076782	0.10349988217514404	4	0.012987021524376224	0.0584995741221561	7.863250661245403e-05	unsupported	True	0.1482033622448186	7.487702360127257e-111
fscn1a	3-40553759-40554259	19	0.10087547872341124	0.1174255377386095	3	0.016550059015198265	0.07440988687977951	0.00014460814287022987	unsupported	True	0.1368705696434426	1.0041805305250243e-94
jcada	12-23765010-23765510	0	0.4750747215276736	0.5484610235553283	2	0.07338630202765473	0.38925668532607194	0.015667397203224864	core_concordant	True	0.4490362041089475	0.0
jcada	12-23742050-23742550	1	0.5335050158449228	0.7219961422311065	3	0.1884911263861837	0.4764137738106341	0.06483508668399846	core_concordant	True	0.278246428332837	0.0
jcada	12-23778148-23778648	2	0.3495354244123448	0.3632105905138279	1	0.013675166101483116	0.13247417061169112	0.0006579945893782957	unsupported	True	0.2779050808752517	0.0
jcada	12-23839839-23840339	3	0.1389424855642262	0.13441321115837299	5	-0.004529274405853212	0.06209894129931873	0.0	unsupported	True	0.256797963800736	0.0
jcada	12-23765733-23766233	4	0.1095597338110841	0.15370724154251053	2	0.044147507731426436	0.1313530809029792	0.0008913346375407156	unsupported	True	0.2545501976717993	0.0
jcada	12-23774926-23775426	5	0.2712574345549052	0.36601258877269277	3	0.09475515421778757	0.18278277959010986	0.006339195464079839	regional_candidate	True	0.2442473588028919	7.40606111109727e-303
jcada	12-23749834-23750334	6	0.31988925674448887	0.4288420523604254	3	0.10895279561593652	0.2358785652244216	0.011021081691180523	regional_candidate	True	0.2358918444328501	4.569293463788156e-282
jcada	12-23782983-23783483	7	0.16934338070112295	0.1895560427606198	2	0.020212662059496844	0.16099285819944525	0.0006168332262937547	unsupported	True	0.2348596330966162	1.4861688958022978e-279
jcada	12-23677032-23677532	8	0.21690205346441074	0.251322032993159	2	0.03441997952874823	0.19009643871022672	0.001644429096830735	unsupported	True	0.226521648325596	1.0386745305797532e-259
jcada	12-23775595-23776095	9	0.14734928574435893	0.17121178372379803	2	0.023862497979439096	0.14303669064046315	0.0005843822416828112	unsupported	True	0.205890449558999	5.4081984538513635e-214
jcada	12-23769987-23770487	10	0.15751569790523406	0.1620169352091997	2	0.004501237303965622	0.16014019123591505	0.00011678650582011404	unsupported	True	0.1952740026088849	2.57822797428913e-192
jcada	12-23725831-23726331	11	0.15623803376330392	0.2602304420167776	3	0.10399240825347367	0.16091387257140455	0.004354649669313778	unsupported	True	0.1935423054435973	6.7604139431516896e-189
jcada	12-23784859-23785359	12	0.16369899338845859	0.17569835783458673	2	0.011999364446128147	0.09988631152094003	0.00021058717697054923	unsupported	True	0.183482151512405	1.1089275750696645e-169
jcada	12-23856682-23857182	13	0.2225684270854334	0.2821552048704759	1	0.05958677778504251	0.14038043396375532	0.0023601768586098493	unsupported	True	0.1796170936495692	1.3680299270098834e-162
jcada	12-23743060-23743560	14	0.2698072611481906	0.41147708217724005	1	0.14166982102904946	0.3176452984702004	0.018516778369452522	regional_candidate	True	0.1701299045509024	7.295062857876497e-146
jcada	12-23776353-23776853	15	0.060820174591893046	0.07890634622541319	5	0.018086171633520144	0.04608397541623454	6.576707362583099e-05	unsupported	True	0.1623394081940057	7.626087161308881e-133
jcada	12-23759152-23759652	16	0.1603160219935185	0.23096454731661709	1	0.0706485253230986	0.19543740513464702	0.003189011683464211	unsupported	True	0.1602517607112824	1.8286350491544136e-129
jcada	12-23824156-23824656	17	0.2764817125305008	0.41544236120680683	3	0.13896064867630603	0.3282132226283564	0.01894779529248621	regional_candidate	True	0.1524149058993762	3.475688779421282e-117
jcada	12-23792932-23793432	18	0.0620595261873658	0.07886754268978227	2	0.01680801650241647	0.061437637260429195	8.144215949908657e-05	unsupported	True	0.1496409433664599	5.411359922911357e-113
jcada	12-23756134-23756634	19	0.11966974580838784	0.2062821354741115	3	0.08661238966572367	0.17032712020847848	0.003043164601009367	unsupported	True	0.1432420291951741	1.254331833280977e-103
efnb2b	1-7653831-7654331	0	0.3253347294200932	0.41640146001057904	3	0.09106673059048581	0.08272882800746634	0.0031371035962132632	unsupported	True	0.3715754017648707	0.0
efnb2b	1-7613428-7613928	1	0.33200759820994724	0.43393653674173516	2	0.10192893853178792	0.2993843450676081	0.013241976331254747	regional_candidate	True	0.3386947152215439	0.0
efnb2b	1-7616609-7617109	2	0.3753582296634854	0.5048397959365016	2	0.1294815662730162	0.49532659512038396	0.03237823519931378	core_concordant	True	0.3291139500306093	0.0
efnb2b	1-7629566-7630066	3	0.2854052532784111	0.3887517651374302	2	0.10334651185901911	0.31657787868050136	0.012718876828431485	regional_candidate	True	0.3181587098024484	0.0
efnb2b	1-7617965-7618465	4	0.36206018022706254	0.5759944232815587	5	0.21393424305449615	0.11771994829882582	0.014506032500366297	core_concordant	True	0.3034747261679867	0.0
efnb2b	1-7656960-7657460	5	0.19464677015095636	0.30734749981815934	2	0.11270072966720299	0.3164482136070521	0.010961224198901887	regional_candidate	True	0.2753269081169512	0.0
efnb2b	1-7623926-7624426	6	0.19105401394598281	0.33102412079005006	2	0.13997010684406724	0.36417844162506363	0.01687365510774413	regional_candidate	True	0.2282226282248232	1.078339174468318e-263
efnb2b	1-7640166-7640666	7	0.2606973843526294	0.48809654940992353	5	0.22739916505729413	0.03465624460455008	0.0038465918171975526	unsupported	True	0.2229415664051509	1.965583614677369e-251
efnb2b	1-7620980-7621480	8	0.25565028914346877	0.3545018591786253	2	0.09885157003515654	0.3781004079559237	0.013249797308713592	regional_candidate	True	0.2196822736342708	5.040613143326358e-244
efnb2b	1-7641085-7641585	9	0.10486166608817385	0.2164079238740141	3	0.11154625778584026	0.11670200148668355	0.002817127272068776	unsupported	True	0.2148584652600185	2.8057167999780588e-233
efnb2b	1-7747738-7748238	10	0.13647565060791303	0.1630306513612025	2	0.02655500075328948	0.013614603028468508	5.894141593350474e-05	unsupported	True	0.1876132848771998	1.9377401013530372e-177
efnb2b	1-7688045-7688545	11	0.1297624624711519	0.3636049675301286	0	0.23384250505897672	0.27955734973658003	0.023769726096032028	regional_candidate	True	0.1710348383942984	2.0369675239028995e-147
efnb2b	1-7662367-7662867	12	0.05965847074659114	0.19054144765994036	0	0.1308829769133492	0.192796631226587	0.004808084216777531	unsupported	True	0.165848568492043	1.251536771708014e-138
efnb2b	1-7687430-7687930	13	0.17551217361976698	0.45224847420164355	5	0.2767363005818766	0.08780772519085916	0.010989450254377498	regional_candidate	True	0.1617945526889141	5.872640730871918e-132
efnb2b	1-7621848-7622348	14	0.04960319142342349	0.07861432955406543	2	0.02901113813064194	0.04776809388806992	0.00010894427011694288	unsupported	True	0.1548633060782486	5.94292172382245e-121
efnb2b	1-7654393-7654893	15	0.09372191035590359	0.21185713826766886	3	0.11813522791176527	0.12925739334913325	0.003235027066531835	unsupported	True	0.1429313972710725	3.48513525295004e-103
efnb2b	1-7595106-7595606	16	0.1194580720749247	0.26073278455603144	0	0.14127471248110673	0.10648127060874174	0.003922232190701724	unsupported	True	0.1417879159562481	1.470040160776684e-101
efnb2b	1-7619165-7619665	17	0.08267563952231954	0.1066717072521788	2	0.023996067729859252	0.04863363717623088	0.0001244875946180942	unsupported	True	0.1349701494750173	3.770053344983994e-92
efnb2b	1-7676546-7677046	18	0.03755558768555769	0.09538975531654446	2	0.057834167630986776	0.06580408074700292	0.0003630271037434556	unsupported	True	0.1302902009014267	5.729255120501171e-86
efnb2b	1-7583474-7583974	19	0.11384200969364824	0.18331416140822226	2	0.06947215171457402	0.15275308339772178	0.001945345533084242	unsupported	True	0.1276514666611015	1.3951227012165754e-82
sp8b	16-19446427-19446927	0	0.3946066144211088	0.5288539971742398	2	0.13424738275313097	0.25023145552325987	0.017765748953909127	core_concordant	True	0.3982113307090327	0.0
sp8b	16-19444028-19444528	1	0.39090016271867845	0.5488294208925997	1	0.15792925817392123	0.2165431414332718	0.018769141682164453	core_concordant	True	0.3726351548833089	0.0
sp8b	16-19442324-19442824	2	0.3477486112137368	0.48665205404273054	1	0.13890344282899375	0.1530568499290219	0.010346282723613395	regional_candidate	True	0.3621365293085757	0.0
sp8b	16-19445891-19446391	3	0.32435797949248996	0.42828216616926496	1	0.103924186676775	0.13321061750110685	0.005929054827907398	regional_candidate	True	0.3369235994505387	0.0
sp8b	16-19483333-19483833	4	0.280297895135968	0.3236237896315708	1	0.04332589449560281	0.0703757250875865	0.0009867584620847593	unsupported	True	0.3016016243287169	0.0
sp8b	16-19482748-19483248	5	0.2378503500872796	0.28076100345367966	4	0.04291065336640007	0.02215462395834983	0.0002669108916475565	unsupported	True	0.2586372393083233	0.0
sp8b	16-19517742-19518242	6	0.24013526697552556	0.2851278732430955	2	0.04499260626756996	0.10049045322647182	0.0012891564645626467	unsupported	True	0.2330601402860654	3.329307939277743e-275
sp8b	16-19462308-19462808	7	0.28146508601348813	0.39642295488850504	0	0.11495786887501691	0.19478980271705415	0.008876948825528018	regional_candidate	True	0.229475433117555	1.195474790847034e-266
sp8b	16-19444757-19445257	8	0.21738939432909044	0.2594285580248235	0	0.04203916369573307	0.07835494149119954	0.0008545514987741038	unsupported	True	0.2117251906843875	1.9402850796154057e-226
sp8b	16-19524553-19525053	9	0.25046728257966205	0.3959789487059219	0	0.14551166612625982	0.20909530548035155	0.012047978784136031	regional_candidate	True	0.2007513635317461	2.4087993285005877e-203
sp8b	16-19445297-19445797	10	0.16242439893261823	0.2175979174060148	0	0.05517351847339658	0.0948952257792521	0.0011392781761383481	unsupported	True	0.1862390282204177	7.734362940214602e-175
sp8b	16-19443105-19443605	11	0.13362800245252832	0.19542037252936806	1	0.06179237007683974	0.08181706283866273	0.000987980958858062	unsupported	True	0.1707799131835823	5.593058520427244e-147
sp8b	16-19541274-19541774	12	0.1518741447993981	0.26202212022793797	0	0.11014797542853988	0.18226688459279777	0.005260442114256488	regional_candidate	True	0.1553325615265478	1.1087955578065314e-121
sp8b	16-19533290-19533790	13	0.1643965741028828	0.40006580230294136	0	0.23566922820005856	0.3161985445452904	0.029812210253964744	regional_candidate	True	0.1500578217499125	1.2835330837214695e-113
sp8b	16-19531782-19532282	14	0.15622610320141575	0.2928314758575129	0	0.13660537265609715	0.14191977662554486	0.0056771249859283906	regional_candidate	True	0.1394887610688466	2.4770727358369943e-98
sp8b	16-19484069-19484569	15	0.07240058778907076	0.15529151385319873	3	0.08289092606412797	0.10889861710931177	0.0014017710291937232	unsupported	True	0.1326090251904368	5.287659082268629e-89
sp8b	16-19516829-19517329	16	0.026997573429289354	0.05765619400568976	0	0.030658620576400408	0.0806633688540346	0.00014258536024649608	unsupported	True	0.1314671739029618	1.6772167002278991e-87
sp8b	16-19457875-19458375	17	0.06098173732209331	0.14783960663410908	2	0.08685786931201578	0.12787114037403566	0.0016419975629778619	unsupported	True	0.1251934953284839	1.7182787185968692e-79
sp8b	16-19495937-19496437	18	0.09287406174160548	0.13826714001376555	0	0.045393078272160076	0.061426638836211356	0.0003855363813214895	unsupported	True	0.1168179277417733	2.0124814198105108e-69
sp8b	16-19456553-19457053	19	0.06956971784754253	0.18511828098849795	2	0.11554856314095542	0.16536524049723156	0.003537187527117506	unsupported	True	0.1137519364992989	6.478007716379601e-66
irx1b	19-28218202-28218702	0	0.36853399112607826	0.47313967240174976	4	0.10460568127567149	0.18070250740784877	0.008943526866444854	core_concordant	True	0.4103040381460808	0.0
irx1b	19-28157669-28158169	1	0.3704379338392974	0.5230365215224987	0	0.15259858768320128	0.16634659009300912	0.013276892287108972	core_concordant	True	0.3699459343601041	0.0
irx1b	19-28139797-28140297	2	0.2360369068646539	0.24224130734617821	4	0.006204400481524319	0.0440671081388232	6.623119268169849e-05	unsupported	True	0.3077817039700279	0.0
irx1b	19-28170159-28170659	3	0.2969807488277978	0.4204022790522224	1	0.12342153022442459	0.19545232006830274	0.010141374447476386	regional_candidate	True	0.2453886456934652	9.26209855412865e-306
irx1b	19-28209101-28209601	4	0.21817514413066222	0.23635475275533208	1	0.018179608624669857	0.056278229575234484	0.0002418183735996668	unsupported	True	0.2341099851873087	9.747151481939059e-278
irx1b	19-28217680-28218180	5	0.18831262175445665	0.21358861808786533	4	0.025275996333408685	0.12566782764453394	0.0006784385187716628	unsupported	True	0.2312350029239625	7.881403622952346e-271
irx1b	19-28163733-28164233	6	0.22439802053884134	0.45349246467918436	0	0.22909444414034302	0.1509972146144115	0.015687493840782035	regional_candidate	True	0.2278779898110699	6.959385456967556e-263
irx1b	19-28191026-28191526	7	0.17840674441151208	0.1846787761904164	4	0.006272031778904313	0.09290876741062043	0.00010761726151764713	unsupported	True	0.2185205891538165	2.0616010333582068e-241
irx1b	19-28137244-28137744	8	0.14376967923744727	0.229264978361492	2	0.08549529912404474	0.16363636183503383	0.003207449076203824	unsupported	True	0.2122046504788207	1.7714893270971408e-227
irx1b	19-28124996-28125496	9	0.24145856085549694	0.42061480223695524	1	0.1791562413814583	0.2885691354974729	0.021745348548956073	regional_candidate	True	0.1949985232596814	9.064731748884475e-192
irx1b	19-28194594-28195094	10	0.1204039645085141	0.18775793261523546	4	0.06735396810672137	0.11903249533441465	0.0015053137186694576	unsupported	True	0.1886399017286132	2.141920535980057e-179
irx1b	19-28176249-28176749	11	0.21966387538488635	0.3257725682576858	1	0.10610869287279945	0.18164651106789262	0.006279029694823329	regional_candidate	True	0.188361298564569	7.292668364255175e-179
irx1b	19-28145418-28145918	12	0.16531617431127188	0.18765437544423913	5	0.02233820113296725	0.05391244983317106	0.00022599350569053588	unsupported	True	0.1864939056476627	2.5559335238660326e-175
irx1b	19-28224749-28225249	13	0.1278611990912023	0.17999919281736654	4	0.05213799372616423	0.03729905251966714	0.00035004402820094536	unsupported	True	0.1701053108641046	8.037893224353796e-146
irx1b	19-28227799-28228299	14	0.16318275082535527	0.2948735173903183	4	0.13169076656496304	0.18922407700156368	0.007347971978886348	regional_candidate	True	0.1685319760871129	3.8538368276966213e-143
irx1b	19-28125807-28126307	15	0.2585155266401463	0.40176772103827435	1	0.14325219439812803	0.16032690045683692	0.009227471692423314	regional_candidate	True	0.1636798684228297	4.87428161299495e-135
irx1b	19-28211348-28211848	16	0.0964547213558926	0.1421017535014515	4	0.04564703214555889	0.11101639275974678	0.0007201104194305486	unsupported	True	0.1619070559764251	3.8551067114221744e-132
irx1b	19-28123158-28123658	17	0.11673289595193133	0.14675019976552617	4	0.03001730381359484	0.06708426646772829	0.0002955092347917568	unsupported	True	0.1508267574680863	8.933491623166202e-115
irx1b	19-28180988-28181488	18	0.10134016614652772	0.1654210788140017	2	0.06408091266747398	0.14083835274067288	0.0014929335374910117	unsupported	True	0.1438297513797624	1.8029530094689985e-104
irx1b	19-28151423-28151923	19	0.13881715949567014	0.23228065702633524	0	0.0934634975306651	0.10171870604993338	0.0022082889617882056	unsupported	True	0.1369228423293454	8.52062455797463e-95
vgll4l	8-31102575-31103075	0	0.5259352168754525	0.5815186549796926	1	0.055583438104240046	0.06720991301688106	0.0021724129908464195	core_concordant	True	0.4564135126297157	0.0
vgll4l	8-31088511-31089011	1	0.402151206663373	0.4967370160823056	3	0.09458580941893258	0.10324911800385106	0.004851084719888501	core_concordant	True	0.3797401058206845	0.0
vgll4l	8-31094934-31095434	2	0.3953788802822253	0.4167813071652705	1	0.021402426883045222	0.024263958589474333	0.00021643770018400638	core_concordant	True	0.357430018499431	0.0
vgll4l	8-31090621-31091121	3	0.40741458724979096	0.44921211485615903	3	0.04179752760636807	0.03854790537480457	0.0007237737664134515	core_concordant	True	0.3494166463583691	0.0
vgll4l	8-31184321-31184821	4	0.33418134761712304	0.44327520244497975	3	0.10909385482785672	0.21002744449460284	0.010156633300060235	regional_candidate	True	0.3184949942213381	0.0
vgll4l	8-31083525-31084025	5	0.11438616307365272	0.14572255392252922	2	0.0313363908488765	0.03536998398131895	0.0001615141635293708	unsupported	True	0.278340848499291	0.0
vgll4l	8-31113536-31114036	6	0.2848775330512693	0.33385912029553516	3	0.04898158724426588	0.04681844310622735	0.0007656196417798424	unsupported	True	0.2726682127896648	0.0
vgll4l	8-31181422-31181922	7	0.25811224861411336	0.35351925175835536	3	0.095407003144242	0.1622289591011826	0.0054716927841650075	regional_candidate	True	0.2594808166738965	0.0
vgll4l	8-31182562-31183062	8	0.125960732240125	0.18078078121001834	3	0.05482004896989334	0.08372459014785702	0.0008297451225099412	unsupported	True	0.2492933738309601	0.0
vgll4l	8-31147291-31147791	9	0.035981507011141445	0.13772782277645965	3	0.1017463157653182	0.11899926540210234	0.0016675722328204792	unsupported	True	0.1628366843400402	1.176122399726639e-133
vgll4l	8-31096688-31097188	10	0.04548806408086148	0.0778398536130021	5	0.032351789532140615	0.04475546835490734	0.00011270584134975806	unsupported	True	0.1504976346091682	2.800044151618717e-114
vgll4l	8-31195799-31196299	11	0.08325234278684025	0.12735728230472254	1	0.04410493951788229	0.06804613239951368	0.000382220925478473	unsupported	True	0.1300974159367552	1.0184261339521062e-85
vgll4l	8-31103238-31103738	12	0.12504223148461693	0.16914425251686088	4	0.04410202103224395	0.0517814690475599	0.00038626922163116265	unsupported	True	0.1293795223287083	8.608045307391004e-85
vgll4l	8-31082954-31083454	13	0.04524128240666498	0.06434608949998169	2	0.01910480709331671	0.018327967614955816	2.253093031403643e-05	unsupported	True	0.1256987251521987	4.0261543991272656e-80
vgll4l	8-31142251-31142751	14	0.07008139173790995	0.07754258671025362	2	0.007461194972343668	0.006563858113376925	3.797588100626204e-06	unsupported	True	0.1252325366607342	1.5363420189736314e-79
vgll4l	8-31176199-31176699	15	0.0570160187343045	0.11335759511268924	2	0.05634157637838474	0.06988345088912142	0.0004463278226963611	unsupported	True	0.1193824246501005	1.9796411565582505e-72
vgll4l	8-31110784-31111284	16	0.10965191810068114	0.1529423021554626	3	0.043290384054781444	0.034150140468496376	0.00022610572363210353	unsupported	True	0.1087664067227332	2.0527479610416704e-60
vgll4l	8-31185025-31185525	17	0.07607155803103151	0.10502169460816933	1	0.028950136577137825	0.04290403466006148	0.0001304451010157159	unsupported	True	0.1064395314617874	6.222375013796425e-58
vgll4l	8-31086557-31087057	18	0.08101058869352354	0.12323527392455025	1	0.04222468523102671	0.0724331008444234	0.00037691075770217964	unsupported	True	0.1029043732955554	2.884037643224158e-54
vgll4l	8-31105092-31105592	19	0.0740694182901028	0.12210452166684121	4	0.048035103376738414	0.05115066453844275	0.0003000141625904199	unsupported	True	0.0996400867161681	5.417104430705686e-51
snai1a	11-25231335-25231835	0	0.5166879094016812	0.4879722078501092	1	-0.028715701551571993	0.30185088422601514	0.0	core_concordant	True	0.4293527632153008	0.0
snai1a	11-25239400-25239900	1	0.49903090127164185	0.5031971923813323	1	0.0041662911096904676	0.4324394502209543	0.0009065945997071916	core_concordant	True	0.394929704009976	0.0
snai1a	11-25254279-25254779	2	0.30292639523114023	0.3442975883815113	4	0.04137119315037108	0.0705592375158362	0.0010050459224205928	unsupported	True	0.3060915583606997	0.0
snai1a	11-25161426-25161926	3	0.12315389096110343	0.17889555937734092	4	0.05574166841623748	0.07782528728350083	0.0007760688580583933	unsupported	True	0.2479424441196966	0.0
snai1a	11-25231935-25232435	4	0.22310817187752338	0.27913248950970865	2	0.056024317632185267	0.27290069081740387	0.00426767756269535	unsupported	True	0.238966343836069	1.2708836414656245e-289
snai1a	11-25223181-25223681	5	0.14980553589092577	0.17758691455720807	3	0.027781378666282303	0.11315016492318675	0.0005582387081669233	unsupported	True	0.2353825189563296	7.961465764320203e-281
snai1a	11-25228864-25229364	6	0.17692939798581178	0.15167243451383886	1	-0.025256963471972926	0.08408998308261847	0.0	unsupported	True	0.2249226626798815	5.386090674628119e-256
snai1a	11-25249669-25250169	7	0.12344216892033973	0.22004992973947635	4	0.09660776081913662	0.10722948093361663	0.002279541242454421	unsupported	True	0.2147663729170222	4.473485454395032e-233
snai1a	11-25249168-25249668	8	0.11976475464676924	0.07381857812787848	1	-0.045946176518890755	0.03233536755736513	0.0	unsupported	True	0.2071746516426478	1.0626834549056064e-216
snai1a	11-25220026-25220526	9	0.12495116589951397	0.21037833602983097	3	0.085427170130317	0.12434052768131129	0.0022346511843748893	unsupported	True	0.2035948081075357	3.3568826073614536e-209
snai1a	11-25250503-25251003	10	0.16125243755888208	0.20265431431900863	1	0.04140187676012655	0.10279009205372532	0.0008624365173501658	unsupported	True	0.1949555587257563	1.1026586196892e-191
snai1a	11-25233371-25233871	11	0.05010200960580868	0.11858707595466465	5	0.06848506634885598	0.0884839214456423	0.0007186171921161384	unsupported	True	0.1770066077598946	6.8340572509591845e-158
snai1a	11-25164648-25165148	12	0.11047218329323287	0.06488688176032165	1	-0.045585301532911224	0.044201137666780646	0.0	unsupported	True	0.1734807332792852	1.1614393892574191e-151
snai1a	11-25330683-25331183	13	0.045306146871909876	0.20138910787825984	3	0.15608296100634997	0.15170403907860505	0.004768574996879254	unsupported	True	0.1579181732162373	9.678580106731306e-126
snai1a	11-25210199-25210699	14	0.1260478692424228	0.17960598588220017	2	0.05355811663977736	0.17746247526412923	0.0017070751416608965	unsupported	True	0.1517250093232576	3.901027638729612e-116
snai1a	11-25195176-25195676	15	0.07078116057065789	0.09974061042510998	5	0.02895944985445209	0.04744343241950951	0.00013703718560989956	unsupported	True	0.1399672813401955	5.332003883244276e-99
snai1a	11-25217859-25218359	16	0.01985821688609403	0.03664754443537177	4	0.01678932754927774	0.029501035088165692	1.8151621885305563e-05	unsupported	True	0.1371417051008851	4.280235130316744e-95
snai1a	11-25339254-25339754	17	0.16786441954718714	0.19856816745176578	1	0.030703747904578638	0.2413214541391162	0.00147128549363257	unsupported	True	0.1356091289077848	5.186308914372845e-93
snai1a	11-25202372-25202872	18	0.05113139753399591	0.07172175173525269	3	0.02059035420125678	0.02858882305612756	4.221929553836872e-05	unsupported	True	0.1342796464824101	3.1811239757206186e-91
snai1a	11-25346898-25347398	19	0.06374482666639934	0.09517530933270256	3	0.03143048266630322	0.060868370826568506	0.00018208200423737163	unsupported	True	0.1286468502763498	7.507951621757478e-84
rasgef1ba	5-39724806-39725306	0	0.47602187185309913	0.5118900077784181	5	0.035868135925318956	0.05263562229686464	0.0009664184684926803	core_concordant	True	0.3326392777141558	0.0
rasgef1ba	5-39782871-39783371	1	0.41310329207843843	0.46186175152848685	2	0.04875845945004842	0.0943724754727247	0.0021252367672339196	core_concordant	True	0.307188629680256	0.0
rasgef1ba	5-39791005-39791505	2	0.36176900983988897	0.3810457100446083	5	0.019276700204719333	0.010346757106340088	7.600007549962976e-05	core_concordant	True	0.2896797797205399	0.0
rasgef1ba	5-39793063-39793563	3	0.35988098734549856	0.4403087962325278	2	0.08042780888702922	0.1419167022999629	0.005025706356057723	core_concordant	True	0.2602013311068675	0.0
rasgef1ba	5-39744416-39744916	4	0.27069007280148655	0.35136029235476596	2	0.08067021955327941	0.11175147245557801	0.003167518593533662	unsupported	True	0.2535123854209503	0.0
rasgef1ba	5-39743497-39743997	5	0.3005462961242774	0.3579143012988672	2	0.05736800517458979	0.15408025814496865	0.0031637036681076	unsupported	True	0.2463366247541469	3.498793817737107e-308
rasgef1ba	5-39797494-39797994	6	0.25589624686743717	0.28355492486354744	4	0.02765867799611027	0.0438393915662931	0.0003438215793906623	unsupported	True	0.2416235111270879	3.0597286293650633e-296
rasgef1ba	5-39810006-39810506	7	0.300351488153454	0.35961404516042483	2	0.059262557006970806	0.10659508871695439	0.0022717169934699947	unsupported	True	0.2138871732915691	3.802685621373881e-231
rasgef1ba	5-39838109-39838609	8	0.2210733952727073	0.29285912330748537	4	0.07178572803477806	0.09366642751744014	0.0019691591761037976	unsupported	True	0.2086526462646043	7.738273140671584e-220
rasgef1ba	5-39721605-39722105	9	0.2087844962326947	0.2657070091274015	3	0.05692251289470676	0.11548942805663379	0.0017467441828680525	unsupported	True	0.2062174509624356	1.1106671906283841e-214
rasgef1ba	5-39761239-39761739	10	0.21152743956258563	0.2630692161810972	3	0.05154177661851156	0.08500860935681762	0.0011526363906677812	unsupported	True	0.20526876494853	1.088373292740518e-212
rasgef1ba	5-39816923-39817423	11	0.24779330714024408	0.28555323555665435	2	0.037759928416410266	0.04344816672384108	0.0004684785426842902	unsupported	True	0.2003091713162084	1.9251054656988661e-202
rasgef1ba	5-39780570-39781070	12	0.2466983383608444	0.3031098744125612	2	0.05641153605171681	0.13207462247779087	0.002258329918071848	unsupported	True	0.195490685052565	9.577385842198262e-193
rasgef1ba	5-39733247-39733747	13	0.18138285313990327	0.19679873772605924	2	0.015415884586155976	0.07121432566447528	0.00021605191745935248	unsupported	True	0.1567844149313358	5.946816744850739e-124
rasgef1ba	5-39772415-39772915	14	0.16617688015048554	0.3122753963204113	2	0.14609851616992575	0.2305506199306701	0.010518404486622106	regional_candidate	True	0.1567313016381686	7.206734035957183e-124
rasgef1ba	5-39741397-39741897	15	0.11919982884783388	0.18615797018822897	4	0.06695814134039509	0.08771941213566853	0.0010934041985197062	unsupported	True	0.14701918054699	4.18635670807042e-109
rasgef1ba	5-39745575-39746075	16	0.10697879396883032	0.1599307694697513	2	0.05295197550092097	0.10887604677852619	0.000922033153889633	unsupported	True	0.1465357209564352	2.143294595979476e-108
rasgef1ba	5-39765391-39765891	17	0.1351884869853953	0.14999401669309181	1	0.014805529707696524	0.062019308277590196	0.00013772881262900686	unsupported	True	0.1440471642789131	8.778945348475733e-105
rasgef1ba	5-39816226-39816726	18	0.09304443713861352	0.19318089115548068	3	0.10013645401686716	0.11830456513693115	0.002288536676934846	unsupported	True	0.1415386536889387	3.309655725388009e-101
rasgef1ba	5-39742127-39742627	19	0.12255773295324199	0.14110569717974314	2	0.01854796422650115	0.0217228552512925	5.685356558779621e-05	unsupported	True	0.1397528020738564	1.0620941263140654e-98
itga6a	9-3416841-3417341	0	0.29065319410364193	0.4577210546436624	4	0.16706786054002049	0.1647364492723844	0.012597474908427646	regional_candidate	True	0.4183102214914632	0.0
itga6a	9-3421808-3422308	1	0.26131859327151574	0.33598661834206434	4	0.0746680250705486	0.09382110662858928	0.0023537330009169096	unsupported	True	0.3553933296351912	0.0
itga6a	9-3440533-3441033	2	0.29593214824208364	0.43921136336628996	4	0.14327921512420633	0.2675266240072588	0.016835412839015764	regional_candidate	True	0.3347035411053601	0.0
itga6a	9-3352774-3353274	3	0.20263411167404285	0.2658894667550089	4	0.06325535508096605	0.10866673798446994	0.0018276585454866082	unsupported	True	0.2903931061922876	0.0
itga6a	9-3411932-3412432	4	0.21601719056619753	0.3266592194332649	5	0.1106420288670674	0.20509228334119245	0.007412494277730313	regional_candidate	True	0.2849852872186169	0.0
itga6a	9-3434951-3435451	5	0.16733123728405613	0.2558455576795965	4	0.08851432039554036	0.12153163901569114	0.002752204970215804	unsupported	True	0.2427654543032597	4.1315720837852275e-299
itga6a	9-3435610-3436110	6	0.13066116714546863	0.1750440926049591	5	0.04438292545949046	0.08639025918672141	0.0006711632381121874	unsupported	True	0.2230868481246785	9.129332287255138e-252
itga6a	9-3413761-3414261	7	0.28749366820193917	0.410880028551397	1	0.12338636034945782	0.19349836514160926	0.009809784927035037	regional_candidate	True	0.212489593720856	4.259220952792789e-228
itga6a	9-3443177-3443677	8	0.19353004200056517	0.22076141169454355	4	0.02723136969397838	0.04365251571185261	0.00026242301818218803	unsupported	True	0.2101345721621948	5.2256803477119246e-223
itga6a	9-3432400-3432900	9	0.32982985457678277	0.4377436469132189	1	0.10791379233643611	0.20825889827699196	0.009837854004189496	regional_candidate	True	0.1988542915369472	1.7343620827933086e-199
itga6a	9-3403394-3403894	10	0.14102298905068958	0.19478781631260617	5	0.05376482726191659	0.0626857802474104	0.0006564914580312631	unsupported	True	0.1734816130739744	1.1573334346867631e-151
itga6a	9-3444299-3444799	11	0.10738568162487465	0.1881356848282423	4	0.08075000320336766	0.10055722980353271	0.0015276611265542253	unsupported	True	0.15603220626163	8.983171744233305e-123
itga6a	9-3419171-3419671	12	0.08791040724421703	0.16647910447251493	4	0.0785686972282979	0.08777605004456089	0.0011481148033660987	unsupported	True	0.1547912918929434	7.6858956966182415e-121
itga6a	9-3357390-3357890	13	0.10244909679215872	0.1784234618462991	4	0.07597436505414037	0.1135993043395978	0.0015399077778065215	unsupported	True	0.1399871003650678	5.002787972542879e-99
itga6a	9-3384305-3384805	14	0.09759397145797268	0.14664381856610892	4	0.049049847108136244	0.04496960117087849	0.00032345990517374987	unsupported	True	0.1383206058334808	1.0289525147311729e-96
itga6a	9-3344279-3344779	15	0.0965392307633029	0.1291930594736908	4	0.03265382871038791	0.05137842576573223	0.00021674749487872545	unsupported	True	0.1361275074425747	1.0300999768652449e-93
itga6a	9-3334469-3334969	16	0.08710665898217715	0.14418360927490348	5	0.05707695029272633	0.08042190400087469	0.0006618369405533696	unsupported	True	0.1305170995317808	2.9078419590353293e-86
itga6a	9-3391031-3391531	17	0.0850198395473205	0.08672005504071523	0	0.0017002154933947328	0.01555419864382905	2.293354306889858e-06	unsupported	True	0.1294737494210753	6.509316486671876e-85
itga6a	9-3377464-3377964	18	0.07676421996222771	0.1713335945559699	4	0.09456937459374218	0.07856358312892997	0.0012729587361701667	unsupported	True	0.1289046225302834	3.509259657240486e-84
itga6a	9-3372268-3372768	19	0.1056652424558731	0.1347831479912531	5	0.029117905535380004	0.06779811316655125	0.00026608067635963787	unsupported	True	0.1269010599894332	1.2435578124303355e-81
tbxta	19-14215957-14216457	0	0.3670797912693396	0.3733192835882679	2	0.006239492318928286	0.17735869955586003	0.0004131256630895509	core_concordant	True	0.3782067981984953	0.0
tbxta	19-14236227-14236727	1	0.42433720672434205	0.4845121257051796	3	0.060174918980837544	0.1809411291545246	0.005275425093992429	core_concordant	True	0.2877548994955651	0.0
tbxta	19-14194012-14194512	2	0.271790621904721	0.37176787466857775	2	0.09997725276385677	0.34401441996658055	0.012786441752764078	regional_candidate	True	0.2582151955970806	0.0
tbxta	19-14281340-14281840	3	0.22800711167303656	0.2602863676723609	2	0.03227925599932435	0.20779302381979947	0.0017458458785271998	unsupported	True	0.2559705050927504	0.0
tbxta	19-14187774-14188274	4	0.4074027535017201	0.48178376964351277	1	0.07438101614179266	0.17565328756665805	0.006294635040612325	core_concordant	True	0.2189728751782566	1.9914781772825656e-242
tbxta	19-14177288-14177788	5	0.5153328795063714	0.6824177840168871	3	0.16708490451051572	0.3279194415815083	0.03738993556277272	core_concordant	True	0.2098188857052817	2.4864918780319087e-222
tbxta	19-14284421-14284921	6	0.03242647011360417	0.06076084620217365	3	0.028334376088569486	0.07133100229801864	0.00012280492780774265	unsupported	True	0.2097138115285087	4.176607384272504e-222
tbxta	19-14200774-14201274	7	0.10205304932135993	0.10809601694961735	3	0.006042967628257415	0.07225029458529682	4.7195390256262884e-05	unsupported	True	0.2076383229249223	1.108280823980812e-217
tbxta	19-14264787-14265287	8	0.1600367825470443	0.1592641736802111	2	-0.0007726088668331965	0.10895114663798458	0.0	unsupported	True	0.2053186997019221	8.554972509033335e-213
tbxta	19-14274884-14275384	9	0.14087569822943768	0.1572396514160172	2	0.016363953186579516	0.13015020358440513	0.00033488458150953586	unsupported	True	0.2027525680207662	1.8610902472315964e-207
tbxta	19-14186328-14186828	10	0.2701796855671677	0.37748453833158824	1	0.10730485276442053	0.17707129201996635	0.007172436085810869	regional_candidate	True	0.1963906226219462	1.5471722802534642e-194
tbxta	19-14217546-14218046	11	0.08992484083516417	0.11838973802221403	1	0.028464897187049865	0.1262639765316734	0.00042550350498848005	unsupported	True	0.1961934638489724	3.826710714200858e-194
tbxta	19-14180152-14180652	12	0.33224136653475717	0.43203463131058284	1	0.09979326477582567	0.2120213973110526	0.0091411215539974	regional_candidate	True	0.1871034045144481	1.79788027576219e-176
tbxta	19-14212800-14213300	13	0.12198245770398601	0.17598604447517724	2	0.05400358677119123	0.16447058557585795	0.0015631083179510283	unsupported	True	0.1814541861293367	6.104536247538942e-166
tbxta	19-14175104-14175604	14	0.0637091273207717	0.12422786724935983	2	0.060518739928588125	0.11728261428349243	0.0008817440632223032	unsupported	True	0.1788948683472358	2.7754782345635405e-161
tbxta	19-14194829-14195329	15	0.11569531276631136	0.129201604708048	2	0.01350629194173665	0.07598959520136048	0.00013260447229855495	unsupported	True	0.1726080558435297	3.8595634416224274e-150
tbxta	19-14290685-14291185	16	0.11932946572580996	0.19627363059914765	2	0.07694416487333769	0.1709043539028395	0.0025810164534845895	unsupported	True	0.1685155444397978	4.109149015647868e-143
tbxta	19-14169100-14169600	17	0.092159667323242	0.10645206984271607	2	0.01429240251947407	0.07661298816587345	0.00011656327759240715	unsupported	True	0.1575667244046082	3.4806146365071435e-125
tbxta	19-14222632-14223132	18	0.16382547766332936	0.24510529232484915	2	0.08127981466151979	0.24996938847337158	0.00497991833689593	unsupported	True	0.1541814862919965	6.750411577471813e-120
tbxta	19-14227530-14228030	19	0.08926842285568554	0.15620095796107306	2	0.06693253510538752	0.16552343593228164	0.001730535290858326	unsupported	True	0.1492054996839509	2.4215931263820487e-112
tshz3b	7-46687214-46687714	0	0.4061389111267814	0.47981312840767837	5	0.07367421728089696	0.1278538755017984	0.004519616174528021	core_concordant	True	0.3859358790574203	0.0
tshz3b	7-46767634-46768134	1	0.31962198390215407	0.4053838756649705	0	0.08576189176281646	0.1277549485123181	0.004441590892975457	unsupported	True	0.287013259634449	0.0
tshz3b	7-46769392-46769892	2	0.2666367789121726	0.3495512515164637	0	0.08291447260429113	0.1064024548726239	0.0030838472050626095	unsupported	True	0.2572400636969343	0.0
tshz3b	7-46689084-46689584	3	0.2628293930285603	0.31978597628174676	1	0.05695658325318648	0.03320736401772484	0.0006048361581034652	unsupported	True	0.2447894205174424	3.1098991556405035e-304
tshz3b	7-46753260-46753760	4	0.24522314336279066	0.29092959320311074	0	0.045706449840320074	0.0844501615979989	0.0011229641044524705	unsupported	True	0.2436348770163384	2.637322110448158e-301
tshz3b	7-46741210-46741710	5	0.24372473785529108	0.3242252536706861	0	0.08050051581539502	0.057203590510908786	0.001493030882614073	unsupported	True	0.2414296501597378	9.361043395175974e-296
tshz3b	7-46770147-46770647	6	0.18380485842116434	0.23965921685562255	3	0.05585435843445821	0.08296587038285178	0.0011105821199732773	unsupported	True	0.2308371662833416	6.998607872848818e-270
tshz3b	7-46816505-46817005	7	0.19471695328923802	0.2389428816441305	0	0.044225928354892474	0.06786849243347767	0.0007171983096217952	unsupported	True	0.1952271883081347	3.192798516570185e-192
tshz3b	7-46768854-46769354	8	0.1974945062147676	0.2723673228224921	0	0.07487281660772449	0.0637951374805987	0.001300968408507924	unsupported	True	0.19399814994297	8.575107390029812e-190
tshz3b	7-46759652-46760152	9	0.16670629135521742	0.21029405121888795	4	0.04358775986367053	0.06381374284139898	0.0005849325036906513	unsupported	True	0.1894497896773381	6.015533000911111e-181
tshz3b	7-46743662-46744162	10	0.22451049634428424	0.38635225227930026	0	0.161841755935016	0.1566514829357969	0.009795092476657566	regional_candidate	True	0.1867462269305172	8.527158893617064e-176
tshz3b	7-46685973-46686473	11	0.13455785150149188	0.14921782789551238	2	0.014659976394020502	0.03668241966139883	8.024388741151786e-05	unsupported	True	0.185256487820862	5.4399668350947096e-173
tshz3b	7-46791480-46791980	12	0.1307810989563069	0.24376079184422322	4	0.11297969288791632	0.14189711334568175	0.003907849254439945	unsupported	True	0.1778656851620535	1.9792711106444176e-159
tshz3b	7-46770962-46771462	13	0.13312640391769143	0.2098859685636923	4	0.07675956464600087	0.08688009767000317	0.0013997040176549097	unsupported	True	0.1697139333844822	3.7536604589227046e-145
tshz3b	7-46685409-46685909	14	0.11350218353861075	0.1117749848048357	2	-0.00172719873377504	0.019501974619820395	0.0	unsupported	True	0.1694246733565385	1.16972951170877e-144
tshz3b	7-46747101-46747601	15	0.13606810760255755	0.14884908153225077	0	0.012780973929693212	0.04984159670626166	9.482045936108192e-05	unsupported	True	0.1688403193024624	1.1550211168748261e-143
tshz3b	7-46855572-46856072	16	0.1930423953594276	0.24070632443586543	1	0.04766392907643782	0.0900570049163332	0.001033224843782678	unsupported	True	0.1638612490340501	2.4520268101609947e-135
tshz3b	7-46734700-46735200	17	0.08382658849877007	0.19136673026803924	3	0.10754014176926917	0.14959596761124713	0.0030786259683518243	unsupported	True	0.1584077396083296	1.6194249299523037e-126
tshz3b	7-46749458-46749958	18	0.13089541116807074	0.13385787182723471	4	0.0029624606591639735	0.04740969350518891	1.8800251341119625e-05	unsupported	True	0.1548403423713105	6.450936534305764e-121
tshz3b	7-46772942-46773442	19	0.13833453315122987	0.21692044662942947	0	0.0785859134781996	0.06990602290063228	0.0011916803841213412	unsupported	True	0.147335092288677	1.435734892532947e-109
pcdh10b	14-42974880-42975380	0	0.2994649331727374	0.3487011744532724	4	0.049236241280535	0.052359234953599176	0.0008989418381083632	unsupported	True	0.3499406108119082	0.0
pcdh10b	14-42969288-42969788	1	0.48885375223442257	0.6542672738145814	2	0.16541352158015882	0.49048630072286215	0.05308271009737915	core_concordant	True	0.3210293400071525	0.0
pcdh10b	14-42969977-42970477	2	0.3516354678924645	0.43252860061509296	1	0.08089313272262844	0.2682237713420321	0.009384772501420767	core_concordant	True	0.3120688127153765	0.0
pcdh10b	14-42995102-42995602	3	0.24404396026962158	0.3589871220227063	2	0.1149431617530847	0.17510424350095283	0.007225346507488307	regional_candidate	True	0.2882787843897579	0.0
pcdh10b	14-42974267-42974767	4	0.1945509920409994	0.30569718170647403	4	0.11114618966547463	0.13015331401944003	0.004422229164193558	unsupported	True	0.2587239319160488	0.0
pcdh10b	14-42976958-42977458	5	0.09024322801339368	0.13500752266651372	1	0.04476429465312004	0.07227244557630796	0.00043677971914486436	unsupported	True	0.2372646663947562	1.9933416156769884e-285
pcdh10b	14-42954914-42955414	6	0.24879147495699563	0.4590646658247252	0	0.21027319086772958	0.2381515318568132	0.022988527336635974	regional_candidate	True	0.2344977600761919	1.121744877186846e-278
pcdh10b	14-43003937-43004437	7	0.13967596813891525	0.1969206785125788	2	0.05724471037366355	0.10549916407591411	0.0011892569673539655	unsupported	True	0.2298196168944826	1.8302483157925769e-267
pcdh10b	14-42923070-42923570	8	0.19907411434860267	0.49897174820101314	0	0.2998976338524105	0.3489706091367286	0.05222011781708772	regional_candidate	True	0.2282333338899894	1.0176020783279227e-263
pcdh10b	14-42972243-42972743	9	0.1118476718031331	0.13621691667964878	1	0.024369244876515678	0.06473638043478558	0.00021489263488512584	unsupported	True	0.1955119357315573	8.690418233774839e-193
pcdh10b	14-42932284-42932784	10	0.13328214899137936	0.3355825827301748	0	0.20230043373879547	0.2565431712127486	0.017416331602609463	regional_candidate	True	0.190064446077232	3.9536670306639034e-182
pcdh10b	14-42916589-42917089	11	0.18844512120542606	0.4341089782748855	0	0.24566385706945942	0.2871921169531573	0.030627570570124274	regional_candidate	True	0.1755464081146308	2.697866863659757e-155
pcdh10b	14-42916028-42916528	12	0.17430692959204244	0.44635674939218195	0	0.27204981980013954	0.31651365113046154	0.0384346556542077	regional_candidate	True	0.1744599357573072	2.228679910895733e-153
pcdh10b	14-42998232-42998732	13	0.12027742751776051	0.1457177202806435	5	0.025440292762882996	0.026198090038902513	9.711897795501997e-05	unsupported	True	0.1597741563664822	1.068803912543586e-128
pcdh10b	14-42986553-42987053	14	0.0730463067604935	0.3739014540872132	0	0.3008551473267197	0.35197540565971436	0.03959377570169602	regional_candidate	True	0.1516313395351293	5.412237664850559e-116
pcdh10b	14-42997698-42998198	15	0.12288244956691467	0.15355708325711356	4	0.03067463369019889	0.03902373299204023	0.00018381377358361612	unsupported	True	0.14812837646779	9.6702378518262e-111
pcdh10b	14-42985592-42986092	16	0.08636351602940719	0.13393453948508935	1	0.04757102345568216	0.05181647578621537	0.0003301436554591135	unsupported	True	0.140816332467359	3.4475142815093893e-100
pcdh10b	14-42993203-42993703	17	0.07586716011207814	0.14497679057094875	0	0.06910963045887061	0.05116230853016894	0.0005126101301213005	unsupported	True	0.121861480502933	2.1189990993235172e-75
pcdh10b	14-42968680-42969180	18	0.1641033675329716	0.17781082241024646	1	0.013707454877274844	0.08610162126863304	0.00020985839389501068	unsupported	True	0.1179095967785905	1.0759476286732636e-70
pcdh10b	14-42961454-42961954	19	0.0692207163581472	0.11081888334825196	0	0.04159816699010477	0.0630236260681129	0.0002905302450795962	unsupported	True	0.116162510348876	1.1523283958688482e-68
pbx4	3-53036184-53036684	0	0.4743411419983627	0.38759611653913456	4	-0.08674502545922813	0.07400343446930124	0.0	core_concordant	True	0.5045268319332388	0.0
pbx4	3-53026145-53026645	1	0.36639217071678404	0.4144378701480985	4	0.04804569943131448	0.10513720060874032	0.0020934874535879625	core_concordant	True	0.3622807901553142	0.0
pbx4	3-53007386-53007886	2	0.3287692877896864	0.3225716370159092	4	-0.006197650773777208	0.08906621516443583	0.0	unsupported	True	0.3412599498035988	0.0
pbx4	3-52983909-52984409	3	0.3169481163439429	0.2352430516353104	4	-0.08170506470863248	0.08125141166697505	0.0	unsupported	True	0.3380665035174846	0.0
pbx4	3-53018181-53018681	4	0.3102355052750976	0.4041656050742604	4	0.09393009979916284	0.15226140134213823	0.0057803476358972644	regional_candidate	True	0.3126055397545899	0.0
pbx4	3-53035667-53036167	5	0.2783121241622124	0.24646369593419376	4	-0.031848428228018644	0.032043236396047364	0.0	unsupported	True	0.3020851480075625	0.0
pbx4	3-53029252-53029752	6	0.24271461496951038	0.19003476603588687	3	-0.05267984893362351	0.15959482616433818	0.0	unsupported	True	0.2533539929143478	0.0
pbx4	3-53018760-53019260	7	0.20059258689000936	0.19673204484194276	4	-0.003860542048066601	0.03987995036985284	0.0	unsupported	True	0.2098784115680747	1.8532459438709197e-222
pbx4	3-53042495-53042995	8	0.1839117479551058	0.3349471248378744	1	0.15103537688276863	0.32307405650113313	0.016343949905482914	regional_candidate	True	0.2038198595157219	1.1445832437612745e-209
pbx4	3-52984551-52985051	9	0.14187412312462186	0.14775306077869635	4	0.00587893765407449	0.08112659001763761	7.046907365157427e-05	unsupported	True	0.1733552655421317	1.9242157750222474e-151
pbx4	3-53003045-53003545	10	0.11229564229056047	0.07125871777043265	1	-0.04103692452012782	0.04848649087284733	0.0	unsupported	True	0.1382574028662037	1.2576513794469365e-96
pbx4	3-53036697-53037197	11	0.11584659130385971	0.09424585293032754	0	-0.021600738373532172	0.021937758891316023	0.0	unsupported	True	0.1369426028564234	8.007472506827056e-95
pbx4	3-53012070-53012570	12	0.11767116493650341	0.1707943639533845	0	0.053123199016881076	0.08691297821807129	0.0007885738788209367	unsupported	True	0.1311831637530219	3.943968677913604e-87
pbx4	3-53002455-53002955	13	0.10491744276795613	0.06677265907247038	0	-0.038144783695485754	0.06770008499913083	0.0	unsupported	True	0.1299017052631427	1.8245799416905252e-85
pbx4	3-53009308-53009808	14	0.10330366989279272	0.1535394136728748	1	0.05023574378008208	0.06954778058576473	0.0005364336214767315	unsupported	True	0.1280634666184093	4.173988171980227e-83
pbx4	3-53025105-53025605	15	0.07397889281292615	0.12346784841239203	3	0.04948895559946588	0.06073728443574988	0.0003711227173865972	unsupported	True	0.1089723888405787	1.2303467730498731e-60
pbx4	3-52967098-52967598	16	0.062985441699983	0.07232003123372474	4	0.009334589533741736	0.024596007635403795	1.660421888646649e-05	unsupported	True	0.1011152736175827	1.8515008394387956e-52
pbx4	3-53083353-53083853	17	0.08591761804700462	0.09712461297867894	5	0.011206994931674319	0.040751309003026294	4.435678291688852e-05	unsupported	True	0.1010074655471739	2.3736510715578736e-52
pbx4	3-53013649-53014149	18	0.05722517066034306	0.06654038962534668	5	0.009315218965003626	0.01857994860761588	1.1516563747452225e-05	unsupported	True	0.087115720625019	2.0256993591820267e-39
pbx4	3-52955868-52956368	19	0.07066885301929393	0.12660706118063272	0	0.05593820816133879	0.03919224188553036	0.00027756620370411025	unsupported	True	0.0826045942327327	1.2380701984743969e-35
rab11fip4a	3-36120110-36120610	0	0.41483602097441064	0.5037232904407462	0	0.08888726946633552	0.16136519107994274	0.00722505992456635	core_concordant	True	0.3926907647444966	0.0
rab11fip4a	3-36056513-36057013	1	0.3323523034210644	0.3853117975138137	0	0.052959494092749304	0.08145295861341595	0.001662122383269547	unsupported	True	0.350332238505481	0.0
rab11fip4a	3-36057077-36057577	2	0.24429563659976486	0.3210988006585567	1	0.07680316405879187	0.13245244197496028	0.0032664631645904314	unsupported	True	0.3172034560458748	0.0
rab11fip4a	3-36177354-36177854	3	0.3262126311819757	0.38190324528567327	2	0.05569061410369758	0.06417863675771035	0.0013649786032302266	unsupported	True	0.3120002248563105	0.0
rab11fip4a	3-36042698-36043198	4	0.3079115112083822	0.28395337112304003	5	-0.023958140085342194	0.046203500124974956	0.0	unsupported	True	0.3097614309053886	0.0
rab11fip4a	3-36111953-36112453	5	0.6107361213180398	0.725092653430886	3	0.11435653211284624	0.09502986483334375	0.007879789088695755	core_concordant	True	0.282696340003591	0.0
rab11fip4a	3-36058064-36058564	6	0.18911352440863805	0.20267730019159844	1	0.013563775782960391	0.043591455010834945	0.00011983593751700808	unsupported	True	0.2359566402236673	3.1749542361772205e-282
rab11fip4a	3-36099095-36099595	7	0.38912224826087594	0.5668388663549764	5	0.17771661809410044	0.1053340304240527	0.010611001183007961	core_concordant	True	0.2108246090416232	1.7119750329597196e-224
rab11fip4a	3-36040713-36041213	8	0.10519580077720671	0.1371191868841581	2	0.031923386106951404	0.031563702013851364	0.00013816406886792978	unsupported	True	0.202046434832079	5.31811527968588e-206
rab11fip4a	3-36079025-36079525	9	0.30363499769381214	0.40882147551174264	3	0.1051864778179305	0.09994384566132036	0.004297834330093599	unsupported	True	0.190532463262049	4.9434244773489e-183
rab11fip4a	3-36086485-36086985	10	0.08274517330191083	0.19474207975359703	1	0.1119969064516862	0.17164212360309722	0.0037436023370915235	unsupported	True	0.1771071000399728	4.520185365408848e-158
rab11fip4a	3-36177914-36178414	11	0.16431155820084617	0.2436131404035241	2	0.07930158220267794	0.10030656654752654	0.001937813278704192	unsupported	True	0.1765242926088016	4.9521640717025026e-157
rab11fip4a	3-36054042-36054542	12	0.123799914204025	0.15004820565191032	2	0.02624829144788532	0.027756676031268773	0.0001093199192803021	unsupported	True	0.1643250414778892	4.216664338057348e-136
rab11fip4a	3-36199638-36200138	13	0.11063954405763624	0.13717816459035206	4	0.02653862053271583	0.053157232138565866	0.00019351992716622548	unsupported	True	0.1480150988535462	1.4227961283660374e-110
rab11fip4a	3-36035894-36036394	14	0.09882039455342796	0.13119727911310136	1	0.0323768845596734	0.030644968737694303	0.00013017244667534893	unsupported	True	0.1288843735147322	3.725520306560068e-84
rab11fip4a	3-36049370-36049870	15	0.11258733891766996	0.14532114390252365	3	0.03273380498485369	0.06608446438771706	0.00031435811281608936	unsupported	True	0.127663056834191	1.3486321529347835e-82
rab11fip4a	3-36091797-36092297	16	0.12750230712098473	0.18043368264754295	5	0.052931375526558216	0.025076188960456547	0.00023949272586178212	unsupported	True	0.1164611316883874	5.209871963062282e-69
rab11fip4a	3-36084531-36085031	17	0.1020766874623536	0.21084553692289462	3	0.10876884946054102	0.14652273267726618	0.00336026831530395	unsupported	True	0.1048119703973641	3.1432221552968958e-56
rab11fip4a	3-36044718-36045218	18	0.051662650255953076	0.19173286190799516	1	0.1400702116520421	0.14375134515599614	0.003860595116883611	unsupported	True	0.1022975773613178	1.1930075066835002e-53
rab11fip4a	3-36076465-36076965	19	0.07607890676551812	0.10001000208664901	4	0.023931095321130885	0.03311405709267137	7.925349188555325e-05	unsupported	True	0.0958479028317366	2.529357346114937e-47
sp5l	23-28028397-28028897	0	0.5090831479578345	0.41672356524073967	2	-0.09235958271709482	0.35537570433611043	0.0	core_concordant	True	0.4865137906399961	0.0
sp5l	23-28032616-28033116	1	0.4055822679179911	0.25028778241751726	2	-0.15529448550047387	0.14034708376245525	0.0	core_concordant	True	0.4757747277753012	0.0
sp5l	23-28022061-28022561	2	0.3333168934166561	0.33603702858198886	2	0.00272013516533276	0.25800529868131494	0.00023583390702651544	unsupported	True	0.3329380506689155	0.0
sp5l	23-27972428-27972928	3	0.14978320110482743	0.03294036540363575	0	-0.11684283570119168	0.03374956667547005	0.0	unsupported	True	0.2941886734195441	0.0
sp5l	23-28048464-28048964	4	0.18147277330172457	0.10802489486387774	2	-0.07344787843784682	0.04775542442647446	0.0	unsupported	True	0.2555062601176668	0.0
sp5l	23-28063191-28063691	5	0.14891906338616107	0.16330861548805636	2	0.014389552101895298	0.13126241953924275	0.0003084585254971709	unsupported	True	0.216642161447163	3.2000570729433186e-237
sp5l	23-28044247-28044747	6	0.13838154538853362	0.0371411395460763	3	-0.10124040584245732	0.05330030741352536	0.0	unsupported	True	0.2134703853779239	3.1025989937705234e-230
sp5l	23-27935374-27935874	7	0.06588134229662586	0.062426099751996575	0	-0.0034552425446292834	0.06973640227522784	0.0	unsupported	True	0.2113570123949854	1.2144456621142403e-225
sp5l	23-28030215-28030715	8	0.14864532663025262	0.10242001659530396	2	-0.04622531003494866	0.09518153466863201	0.0	unsupported	True	0.1969738726298859	1.055829734868882e-195
sp5l	23-28014671-28015171	9	0.11777733589199373	0.0888963389731148	2	-0.028880996918878923	0.07556194219828835	0.0	unsupported	True	0.1885538761515376	3.1274256784811745e-179
sp5l	23-28052825-28053325	10	0.151411109835139	0.10119101379041881	2	-0.05022009604472019	0.07161352053859568	0.0	unsupported	True	0.1494212437807652	1.1532051778411955e-112
sp5l	23-28056183-28056683	11	0.18089379742702233	0.19514675552760155	2	0.014252958100579222	0.20815374769225978	0.0005789626909199633	unsupported	True	0.1420988261260855	5.330956615478841e-102
sp5l	23-28095673-28096173	12	0.10849863056345369	0.12776635666942937	2	0.019267726105975685	0.11872030418734249	0.0002922617467699007	unsupported	True	0.131672373673429	9.031813794748442e-88
sp5l	23-27998390-27998890	13	0.010697608325504855	0.10252536720169622	0	0.09182775887619136	0.09951965308791688	0.0009369451598895391	unsupported	True	0.1264267523137001	4.922616803375829e-81
sp5l	23-27985064-27985564	14	0.0721840733487687	0.11908056962027104	5	0.046896496271502344	0.116225626652134	0.000649057536097609	unsupported	True	0.1255330075358431	6.484656435384179e-80
sp5l	23-27969814-27970314	15	0.057799698158873904	0.01535683714989079	2	-0.04244286100898311	0.03776349933760044	0.0	unsupported	True	0.1134615733768359	1.3762756569854808e-65
sp5l	23-28018602-28019102	16	0.0560561776418248	0.12147561934261476	0	0.06541944170078996	0.05266815886554824	0.00041854686404932547	unsupported	True	0.1117772745861885	1.0477158473755016e-63
sp5l	23-27974156-27974656	17	0.042079233685694134	0.09143814716485589	5	0.049358913479161756	0.09548395333889717	0.00043094654208828553	unsupported	True	0.1115854377353196	1.7089416657496982e-63
sp5l	23-27954740-27955240	18	0.02019856268049031	0.19219128803271054	3	0.17199272535222024	0.1199861445939575	0.003966202412702141	unsupported	True	0.1045699034697928	5.603374357445198e-56
sp5l	23-28015428-28015928	19	0.05236652532669963	0.019562337631147047	2	-0.032804187695552586	0.05023830474878385	0.0	unsupported	True	0.0964815456575142	6.30832105008454e-48
zbtb18	13-11437979-11438479	0	0.3219719209288036	0.4036524530590169	2	0.08168053213021331	0.18299461092701977	0.006033432449874489	regional_candidate	True	0.3178127891202087	0.0
zbtb18	13-11478211-11478711	1	0.3009322546664456	0.41820550317827476	2	0.11727324851182919	0.22552481968085353	0.011060710951498746	regional_candidate	True	0.3145686343090345	0.0
zbtb18	13-11457633-11458133	2	0.4264262410969234	0.5015421648100532	2	0.0751159237131298	0.2541491579283932	0.009574765306069443	core_concordant	True	0.3066518242207649	0.0
zbtb18	13-11448675-11449175	3	0.2961479303359964	0.3816779844001208	2	0.0855300540641244	0.24474369196564263	0.007989642806948201	regional_candidate	True	0.2672969237174428	0.0
zbtb18	13-11421490-11421990	4	0.3111097388009096	0.416449373262629	2	0.1053396344617194	0.23956713237741498	0.010509480633009226	regional_candidate	True	0.2553095446750204	0.0
zbtb18	13-11439085-11439585	5	0.17969691317439776	0.3101044202968957	2	0.13040750712249796	0.20335633662304958	0.008223718946136167	regional_candidate	True	0.2144617751405277	2.089684183774988e-232
zbtb18	13-11469939-11470439	6	0.3220031154767371	0.3723589041604893	1	0.05035578868375218	0.2293872233493103	0.004301108223833927	unsupported	True	0.2099827079544607	1.1070644992920656e-222
zbtb18	13-11380432-11380932	7	0.29524237635653167	0.4159568011811252	2	0.12071442482459355	0.3487469650760309	0.01751127773019213	regional_candidate	True	0.2080531064159471	1.4601062364155175e-218
zbtb18	13-11467386-11467886	8	0.16268452797988656	0.2539839507587826	2	0.09129942277889605	0.20669690000464663	0.004793009275626572	unsupported	True	0.2030678019243423	4.149570985453581e-208
zbtb18	13-11452743-11453243	9	0.1690978084426617	0.2469300927459113	2	0.0778322843032496	0.12250057012959455	0.002354354772145984	unsupported	True	0.1908290738162329	1.3198565723451743e-183
zbtb18	13-11392577-11393077	10	0.2508676548144183	0.29183293879522615	2	0.04096528398080784	0.1920792046819796	0.0022963105823332313	unsupported	True	0.1897079685036587	1.91944054934699e-181
zbtb18	13-11442494-11442994	11	0.1108421816196939	0.12854676795190287	2	0.017704586332208963	0.08451650679083575	0.0001923483584199925	unsupported	True	0.1756690071704778	1.6364697447980804e-155
zbtb18	13-11526237-11526737	12	0.17154401621534307	0.21486390328228824	2	0.04331988706694517	0.18436812215806542	0.0017160763614729225	unsupported	True	0.1697136879307438	3.757285844671081e-145
zbtb18	13-11465718-11466218	13	0.21045658312328336	0.2449620053448215	1	0.03450542222153813	0.12147268219105727	0.0010267499625968787	unsupported	True	0.1638374420450917	2.6835482357841375e-135
zbtb18	13-11445344-11445844	14	0.173923792402022	0.21430839501870322	2	0.040384602616681226	0.06520439584784823	0.0005643283559455944	unsupported	True	0.1608702119295499	1.8435908524873202e-130
zbtb18	13-11441213-11441713	15	0.1363156008303762	0.17062133497428178	5	0.034305734143905586	0.06881948949190918	0.00040282044044628586	unsupported	True	0.1587646824428502	4.381904411842819e-127
zbtb18	13-11454235-11454735	16	0.13117984594890236	0.1789675261963223	2	0.047787680247419945	0.09149258364583038	0.0007824850989178721	unsupported	True	0.1532406223130238	1.895063399589069e-118
zbtb18	13-11469426-11469926	17	0.2360088774373706	0.3067115868498781	1	0.0707027094125075	0.22213764636912758	0.004817130432407729	unsupported	True	0.1462768088200448	5.127583983624039e-108
zbtb18	13-11444008-11444508	18	0.05840456549927153	0.08877184428189823	1	0.030367278782626697	0.05308617834701464	0.00014310756128204516	unsupported	True	0.1426595398105009	8.507632191546681e-103
zbtb18	13-11440054-11440554	19	0.07105461217628424	0.163897498076848	2	0.09284288590056376	0.09729347632334184	0.0014804872672680212	unsupported	True	0.1200451260823873	3.225835212719392e-73
nrarpa	10-10886074-10886574	0	0.6195250845218009	0.6617034168222814	2	0.042178332300480514	0.6401203095180853	0.01786546760752119	core_concordant	True	0.4165793292088628	0.0
nrarpa	10-10915481-10915981	1	0.43312620968868726	0.43314105432676964	1	1.484463808237857e-05	0.37228046005847654	2.3936971630249155e-06	core_concordant	True	0.3626727891701877	0.0
nrarpa	10-10883124-10883624	2	0.49346213106721515	0.5123355615103173	2	0.01887343044310219	0.5312295266148718	0.00513673962333356	core_concordant	True	0.3531979645978877	0.0
nrarpa	10-10894698-10895198	3	0.3618451334960464	0.4141888647845782	2	0.052343731288531814	0.35915325498119144	0.007786511037322885	core_concordant	True	0.2737280948855698	0.0
nrarpa	10-10877242-10877742	4	0.25216776420152903	0.4137412867181962	2	0.16157352251666718	0.24871783199079106	0.016626696810285255	regional_candidate	True	0.2521309886110888	0.0
nrarpa	10-10956949-10957449	5	0.11217464863003383	0.34667877488985516	5	0.2345041262598213	0.1670795368633055	0.01358316589048057	regional_candidate	True	0.2242606294256067	1.8231017424629824e-254
nrarpa	10-10902519-10903019	6	0.1895085564515517	0.30912319636824914	2	0.11961463991669744	0.1823092453777429	0.006741004639763982	regional_candidate	True	0.2189991881121151	1.738011210231413e-242
nrarpa	10-10903078-10903578	7	0.17113223591819174	0.21801383668000787	2	0.04688160076181613	0.09494889767106579	0.0009704572683118073	unsupported	True	0.2025389514483935	5.138168369544263e-207
nrarpa	10-10843832-10844332	8	0.17779178286595176	0.24928751051934273	2	0.07149572765339096	0.17165803080264475	0.0030594597027761815	unsupported	True	0.1923543370503901	1.4331073638564901e-186
nrarpa	10-10926413-10926913	9	0.17303467044239865	0.15169948651763662	1	-0.021335183924762025	0.1578207288899188	0.0	unsupported	True	0.1889288313469983	5.999410303601156e-180
nrarpa	10-10936836-10937336	10	0.10984583701777544	0.13523685774808766	2	0.025391020730312228	0.13089268789134925	0.00044945955495636784	unsupported	True	0.159629696796752	1.821159969133702e-128
nrarpa	10-10782334-10782834	11	0.10085600914618084	0.16137492050292215	2	0.06051891135674131	0.17205062863559342	0.0016802867866962956	unsupported	True	0.1553870876667269	9.119623315179912e-122
nrarpa	10-10935492-10935992	12	0.14839274297139698	0.17314457431982194	2	0.024751831348424957	0.11013532520655886	0.0004720009391062902	unsupported	True	0.1465003725822877	2.4145899828929827e-108
nrarpa	10-10870170-10870670	13	0.13555854338127046	0.15915476624384303	1	0.02359622286257257	0.16468250722009053	0.0006184571414146855	unsupported	True	0.1423514886332226	2.333858135036401e-102
nrarpa	10-10954613-10955113	14	0.0445750924073284	0.09057105020602438	5	0.04599595779869598	0.040631026768799754	0.00016926488392872752	unsupported	True	0.132098915176709	2.486670546316563e-88
nrarpa	10-10791456-10791956	15	0.11896659648587471	0.15009980682379073	1	0.031133210337916023	0.21707725380470894	0.0010144212959770505	unsupported	True	0.1319813775015717	3.5494513146464176e-88
nrarpa	10-10860401-10860901	16	0.0745758395887081	0.23870081488178058	5	0.16412497529307246	0.09413230627621966	0.0036877992743585154	unsupported	True	0.1309336613766642	8.345958922176237e-87
nrarpa	10-10850051-10850551	17	0.0574898456747498	0.2107827913543741	5	0.15329294567962432	0.06775901603599843	0.0021893964620353745	unsupported	True	0.1308581779602845	1.046740101315827e-86
nrarpa	10-10961772-10962272	18	0.13433389096237272	0.15567816943122842	2	0.0213442784688557	0.1064811136098025	0.00035381951186648004	unsupported	True	0.1277527240956934	1.0374674927326676e-82
nrarpa	10-10871708-10872208	19	0.09612954156999276	0.11772011191053412	2	0.021590570340541362	0.08159619094585233	0.00020738849824580548	unsupported	True	0.1253732382752426	1.0260962205175082e-79
klf3	1-18632090-18632590	0	0.2951663784132048	0.4021372810232785	4	0.10697090261007369	0.11390976150616727	0.004900054835161687	unsupported	True	0.2502061648145871	0.0
klf3	1-18635891-18636391	1	0.1791103124663736	0.24871260922280738	2	0.06960229675643378	0.06912700675215497	0.0011966554594875893	unsupported	True	0.2476954064226987	0.0
klf3	1-18608283-18608783	2	0.22183084593131858	0.27477204567038804	1	0.05294119973906947	0.0583134081419619	0.0008482712552202551	unsupported	True	0.2417593041526137	1.397162902969673e-296
klf3	1-18654940-18655440	3	0.25720509630437216	0.41196700000108916	4	0.154761903696717	0.18572643434500533	0.01184132260557226	regional_candidate	True	0.2320528284201929	8.735273058677177e-273
klf3	1-18556188-18556688	4	0.1954650613012551	0.2965844268984725	4	0.10111936559721738	0.0935731187980191	0.0028062979844152916	unsupported	True	0.2173895929334882	6.9554053589783285e-239
klf3	1-18547714-18548214	5	0.13546350578002866	0.1665318389292452	2	0.03106833314921653	0.051514441902004854	0.0002665288530431526	unsupported	True	0.2142541053096658	5.968898249962805e-232
klf3	1-18642532-18643032	6	0.23834775673540606	0.39353813979635893	0	0.15519038306095287	0.16092948195265014	0.009828500108613117	regional_candidate	True	0.2089318350459308	1.964280583367258e-220
klf3	1-18641941-18642441	7	0.07441830381452197	0.10136537451644098	5	0.026947070701919013	0.027863237169876154	7.610842992829178e-05	unsupported	True	0.2027651219095052	1.7532042902567334e-207
klf3	1-18601245-18601745	8	0.22980331338639118	0.28277768600055364	5	0.05297437261416246	0.0381467879934807	0.0005714377590090836	unsupported	True	0.1992174295452976	3.1902883851383613e-200
klf3	1-18622571-18623071	9	0.08260623369796004	0.12097582304560377	1	0.03836958934764373	0.07212116327011	0.0003347714856670167	unsupported	True	0.1978427460449111	1.9043977550269447e-197
klf3	1-18623181-18623681	10	0.0515417023061185	0.07993224286653033	2	0.028390540560411834	0.027845910000174	6.319126887505533e-05	unsupported	True	0.1922117335891654	2.7195258292238707e-186
klf3	1-18645222-18645722	11	0.09223215220588281	0.12581985897584655	4	0.03358770676996374	0.04578805847877153	0.00019350035935861674	unsupported	True	0.1916949425445727	2.759801412094582e-185
klf3	1-18617402-18617902	12	0.17309454939277716	0.22588100997633626	2	0.0527864605835591	0.0787794483382041	0.0009393235246421876	unsupported	True	0.1913130368030564	1.523074069306285e-184
klf3	1-18587124-18587624	13	0.25494909907309365	0.35714646659470994	4	0.10219736752161629	0.09633729137055097	0.003516256098072566	unsupported	True	0.1907604308128652	1.7919842930399315e-183
klf3	1-18607694-18608194	14	0.1366851630221855	0.2075658184595826	5	0.0708806554373971	0.08938572075463865	0.001315078590550631	unsupported	True	0.1848307403060589	3.4100250804052454e-172
klf3	1-18651088-18651588	15	0.12266969501550998	0.28639002267152514	0	0.16372032765601516	0.22815163326781795	0.010697543744315427	regional_candidate	True	0.1827080444992825	3.0063452871449263e-168
klf3	1-18604468-18604968	16	0.07875255640158466	0.09857216361096156	2	0.019819607209376908	0.02709449846256258	5.29334802570051e-05	unsupported	True	0.1761364172343806	2.424873379261574e-156
klf3	1-18657317-18657817	17	0.11667656942741259	0.14993213348579043	2	0.033255564058377846	0.04850862656321164	0.00024186777968717362	unsupported	True	0.17600566248377	4.1389757599871963e-156
klf3	1-18710600-18711100	18	0.14946738016978556	0.22927376508149225	4	0.07980638491170669	0.08893179563114023	0.0016272304506713602	unsupported	True	0.1715568904459659	2.561523388215836e-148
klf3	1-18702251-18702751	19	0.05991754554713685	0.07894290087566863	2	0.01902535532853178	0.025627545571636566	3.8490439694660245e-05	unsupported	True	0.1714830150465226	3.436386741621901e-148
tbx16l	5-42298551-42299051	0	0.4168451104885635	0.47605148839100475	2	0.059206377902441265	0.4205069752352801	0.011852108656683867	core_concordant	True	0.3273254979935086	0.0
tbx16l	5-42245724-42246224	1	0.4520799933217818	0.4349018893271504	1	-0.017178103994631377	0.40670208298796034	0.0	core_concordant	True	0.3256202935624581	0.0
tbx16l	5-42238822-42239322	2	0.378569916589509	0.28908563803279347	2	-0.08948427855671554	0.2565594845081285	0.0	core_concordant	True	0.314107024375544	0.0
tbx16l	5-42297751-42298251	3	0.2774116655944327	0.3086347192155421	2	0.031223053621109387	0.318421218128315	0.00306847192343274	unsupported	True	0.2720270381071071	0.0
tbx16l	5-42277360-42277860	4	0.40254816924047454	0.48226374311639497	2	0.07971557387592043	0.4801549320777857	0.018459043098309588	core_concordant	True	0.2480765545545709	0.0
tbx16l	5-42194894-42195394	5	0.2970436943637435	0.281379007734857	1	-0.01566468662888648	0.27401791722382113	0.0	unsupported	True	0.2341567708584118	7.510687436787512e-278
tbx16l	5-42252055-42252555	6	0.1650999523359075	0.18072778724030886	2	0.015627834904401366	0.16868056916332835	0.0004764187043042444	unsupported	True	0.2202910212443639	2.127184831785398e-245
tbx16l	5-42296675-42297175	7	0.20818201079356455	0.28283421798232106	1	0.07465220718875651	0.2828143476772193	0.005971398315349448	regional_candidate	True	0.2065848292608344	1.8698847929931206e-215
tbx16l	5-42217516-42218016	8	0.22539887548992615	0.14626332505880044	1	-0.07913555043112572	0.16163097721750833	0.0	unsupported	True	0.202540573298535	5.098726251322042e-207
tbx16l	5-42282167-42282667	9	0.1878427472341525	0.2403826237352855	2	0.05253987650113298	0.24907082834443545	0.0031456832065086216	unsupported	True	0.199058899812053	6.68361469355301e-200
tbx16l	5-42210333-42210833	10	0.126051605392546	0.10817935806192241	1	-0.017872247330623592	0.09434916368844742	0.0	unsupported	True	0.1710849438020251	1.669872643970579e-147
tbx16l	5-42239348-42239848	11	0.1678387462462988	0.184086457270543	2	0.016247711024244216	0.16693518045016603	0.0004993003805138485	unsupported	True	0.1654183036328964	6.512383292938107e-138
tbx16l	5-42227537-42228037	12	0.1865373653261713	0.24570511172808307	2	0.059167746401911775	0.22624228753561554	0.003289069141359564	unsupported	True	0.1522344790040813	6.548788187266528e-117
tbx16l	5-42322934-42323434	13	0.18100250885306193	0.17510312638571884	2	-0.0058993824673430895	0.18002769496626908	0.0	unsupported	True	0.1522243715377331	6.785205977697806e-117
tbx16l	5-42355458-42355958	14	0.0885105953312675	0.14726860444498122	1	0.05875800911371372	0.14055769106292265	0.0012162752181836827	unsupported	True	0.1509526473997753	5.766958608407966e-115
tbx16l	5-42306539-42307039	15	0.14226078508091963	0.1293123968804439	1	-0.012948388200475724	0.12898485991902042	0.0	unsupported	True	0.1499682838024537	1.7489481050457918e-113
tbx16l	5-42237951-42238451	16	0.12237558116996922	0.15512333958798308	2	0.03274775841801386	0.1667293569319627	0.0008469754045268484	unsupported	True	0.1444668980943433	2.181057945446061e-105
tbx16l	5-42220497-42220997	17	0.13551081139589685	0.10174735501399342	2	-0.03376345638190344	0.09393119797972871	0.0	unsupported	True	0.1422107959079383	3.697530628475796e-102
tbx16l	5-42344815-42345315	18	0.06028948614731222	0.0740711416900321	2	0.013781655542719873	0.07539619060542621	7.696616249882644e-05	unsupported	True	0.1386095835373662	4.105190437481139e-97
tbx16l	5-42242161-42242661	19	0.09275607076248382	0.06624334876611498	1	-0.026512721996368838	0.07027335878793027	0.0	unsupported	True	0.1138910638034086	4.5116039787609336e-66
tcf7l1b	8-52167164-52167664	0	0.2522183668151732	0.2689139502860163	0	0.0166955834708431	0.06726540918631949	0.0003019998464019144	unsupported	True	0.3062681434101214	0.0
tcf7l1b	8-52261956-52262456	1	0.3278057676089532	0.274112703748318	0	-0.053693063860635215	0.17226234867673343	0.0	unsupported	True	0.3016370645304505	0.0
tcf7l1b	8-52159546-52160046	2	0.2978895943248563	0.23740031811870926	3	-0.060489276206147025	0.13299390037206094	0.0	unsupported	True	0.2914160814236162	0.0
tcf7l1b	8-52224861-52225361	3	0.3474773727634547	0.5283909131470997	0	0.18091354038364504	0.4236926192891014	0.04050207855483059	regional_candidate	True	0.2523724183764825	0.0
tcf7l1b	8-52155337-52155837	4	0.3013950497590643	0.36982683646390174	0	0.06843178670483746	0.20912124028680842	0.0052924217772513825	regional_candidate	True	0.237505268254622	5.109924757150804e-286
tcf7l1b	8-52246200-52246700	5	0.27789169209815245	0.34428910303565347	0	0.06639741093750101	0.2153483105015655	0.004922841931941453	unsupported	True	0.2306727048762702	1.7240243148460326e-269
tcf7l1b	8-52236675-52237175	6	0.26600663259650775	0.22523640615599227	0	-0.04077022644051548	0.19640486655714168	0.0	unsupported	True	0.2268705728875912	1.5921426350556807e-260
tcf7l1b	8-52225397-52225897	7	0.20775188326345576	0.1602611560009126	5	-0.047490727262543164	0.07127256227044226	0.0	unsupported	True	0.226390127776277	2.104403572331564e-259
tcf7l1b	8-52259438-52259938	8	0.2009504697201485	0.25623838315741077	0	0.055287913437262276	0.10508564392277392	0.0014887362901194127	unsupported	True	0.188478717410732	4.352510152310948e-179
tcf7l1b	8-52222375-52222875	9	0.23788827275912458	0.2616851018971296	0	0.023796829138005043	0.13873882338114996	0.0008639648976342799	unsupported	True	0.1873967509031706	4.994581148164121e-177
tcf7l1b	8-52177243-52177743	10	0.12303355853570376	0.1133051046407098	5	-0.009728453894993966	0.02558930895440109	0.0	unsupported	True	0.1858337527463175	4.483387201815692e-174
tcf7l1b	8-52169925-52170425	11	0.11899433328729717	0.10677696376413968	4	-0.012217369523157481	0.04538094566212752	0.0	unsupported	True	0.1854321329622726	2.5477141673408965e-173
tcf7l1b	8-52233984-52234484	12	0.08326900318979312	0.06922355196953583	0	-0.014045451220257285	0.06395791994427077	0.0	unsupported	True	0.1656689108683793	2.493287392992232e-138
tcf7l1b	8-52268346-52268846	13	0.24302449097496123	0.45507632785873364	0	0.2120518368837724	0.2875099542951145	0.02774464482007177	regional_candidate	True	0.1577470121727585	1.8058368827677072e-125
tcf7l1b	8-52155838-52156338	14	0.21748002175850784	0.36367927750535206	0	0.14619925574684423	0.2617277995399542	0.013915972801492805	regional_candidate	True	0.1566141085661908	1.1009629244565852e-123
tcf7l1b	8-52182502-52183002	15	0.10307694563592079	0.15247434834984133	0	0.04939740271392054	0.09491850129928207	0.0007149106600407519	unsupported	True	0.1497741110126667	3.418892553368158e-113
tcf7l1b	8-52240242-52240742	16	0.13359864165710897	0.23244175112749912	0	0.09884310947039016	0.16967676430021997	0.0038983687008653095	unsupported	True	0.1467161258461022	1.1660257448892845e-108
tcf7l1b	8-52272465-52272965	17	0.15689178175558707	0.15510486746484503	0	-0.0017869142907420421	0.10623704984054189	0.0	unsupported	True	0.1449160960001939	4.891187542421849e-106
tcf7l1b	8-52185204-52185704	18	0.11889778269147681	0.27847811286998153	4	0.1595803301785047	0.13490836959568073	0.0059952779207112766	regional_candidate	True	0.1409849881389526	1.9969143995478968e-100
tcf7l1b	8-52264353-52264853	19	0.08944988392766821	0.07813864259709266	5	-0.011311241330575553	0.0169936032701195	0.0	unsupported	True	0.1306964503641561	1.6997687924245383e-86
mcm3	20-34834628-34835128	0	0.36148642974457496	0.40932557189514446	4	0.0478391421505695	0.1507071237651907	0.0029511143779498705	core_concordant	True	0.4046123369257416	0.0
mcm3	20-34688780-34689280	1	0.30727587483180635	0.35067964222449727	5	0.04340376739269092	0.09445575097992898	0.0014376937588694771	unsupported	True	0.3266082238469522	0.0
mcm3	20-34854496-34854996	2	0.18205494504307823	0.19040218773020157	4	0.008347242687123335	0.0810646017536836	0.00012883866851697432	unsupported	True	0.2808497897722332	0.0
mcm3	20-34826601-34827101	3	0.24029555688589885	0.31850001168060954	4	0.07820445479471069	0.19630170668474256	0.004889506420293494	unsupported	True	0.2789026426154233	0.0
mcm3	20-34797319-34797819	4	0.224023974758957	0.2738071782879148	4	0.04978320352895779	0.03188479565994709	0.00043462160131604345	unsupported	True	0.2423575999916939	4.392880196409175e-298
mcm3	20-34800981-34801481	5	0.2038176473422438	0.20409413378710142	4	0.0002764864448576154	0.07276407633026916	4.106023088652068e-06	unsupported	True	0.2394845632142301	6.60346806690787e-291
mcm3	20-34800080-34800580	6	0.1753204542341378	0.2278615054864408	4	0.05254105125230299	0.1230867574419373	0.0014736048809964248	unsupported	True	0.2246858328176922	1.9011165659309218e-255
mcm3	20-34772372-34772872	7	0.09267861147393533	0.13802404163944615	2	0.04534543016551082	0.05909553970871845	0.00036986477300157754	unsupported	True	0.2211822488914556	2.0308504061395174e-247
mcm3	20-34795544-34796044	8	0.13282880107263456	0.16191085556132065	4	0.029082054488686088	0.08093067863717777	0.0003810783126997095	unsupported	True	0.2005386855303363	6.549562341959761e-203
mcm3	20-34833953-34834453	9	0.14468129777288605	0.15225721537516468	1	0.007575917602278631	0.07014801460244675	8.091490134764266e-05	unsupported	True	0.1839945734030055	1.237881902395597e-170
mcm3	20-34855178-34855678	10	0.1384638097787677	0.1333091771659843	4	-0.0051546326127834	0.04874754478908304	0.0	unsupported	True	0.173446874527096	1.3310117998523527e-151
mcm3	20-34827713-34828213	11	0.09893777148002456	0.16692421359786513	4	0.06798644211784058	0.11552249436993423	0.0013110166602971205	unsupported	True	0.1663249158744351	2.0051353437511243e-139
mcm3	20-34809357-34809857	12	0.13312854323781934	0.1416654667491124	3	0.008536923511293065	0.08316288060736929	0.00010057612779823901	unsupported	True	0.1633431440558497	1.7415150916158748e-134
mcm3	20-34847593-34848093	13	0.14336093536910444	0.12671251985523638	4	-0.01664841551386806	0.05773524006833025	0.0	unsupported	True	0.160397281684049	1.0666520247796897e-129
mcm3	20-34745691-34746191	14	0.10206800121099965	0.14777479393318335	4	0.0457067927221837	0.07047887613409262	0.00047603631007029067	unsupported	True	0.157507126404995	4.3230105303359365e-125
mcm3	20-34843027-34843527	15	0.09983936259258114	0.12794669221928617	4	0.028107329626705035	0.10823923255863636	0.00038925424176970605	unsupported	True	0.1465478775931676	2.0572051135227684e-108
mcm3	20-34773130-34773630	16	0.08073444399476379	0.13383318733291283	3	0.05309874333814904	0.06955455275968675	0.0004942806697865895	unsupported	True	0.1331581254763557	9.920458750559373e-90
mcm3	20-34779643-34780143	17	0.04364703593536785	0.06060715213446701	1	0.016960116199099158	0.040639590485186755	4.1773611545152817e-05	unsupported	True	0.1127077486893665	9.646077515793987e-65
mcm3	20-34859562-34860062	18	0.04776681668543594	0.10579574006314518	0	0.05802892337770924	0.06062836797593653	0.000372210458408666	unsupported	True	0.106869431055643	2.1856050750940595e-58
mcm3	20-34749503-34750003	19	0.06968302405831799	0.08349168741088023	5	0.013808663352562242	0.0200823972083245	2.3153168534322975e-05	unsupported	True	0.0844084758520881	4.008324097115873e-37
atp2b1a	4-16223739-16224239	0	0.2795236955384838	0.33659902764468325	3	0.05707533210619947	0.05672539931525522	0.001089780082089258	unsupported	True	0.335199270351999	0.0
atp2b1a	4-16208713-16209213	1	0.3742838888905764	0.4751068368426763	4	0.1008229479520999	0.11824635036767406	0.005664197876636264	core_concordant	True	0.2851868647664588	0.0
atp2b1a	4-16167540-16168040	2	0.19654413134765217	0.2779069405443198	4	0.08136280919666763	0.09723510004694144	0.002198610984854063	unsupported	True	0.2646031936549126	0.0
atp2b1a	4-16114924-16115424	3	0.30304924125575067	0.4485867961056346	4	0.14553755484988395	0.16222010876740306	0.01059073859240221	regional_candidate	True	0.2603978245218004	0.0
atp2b1a	4-16117138-16117638	4	0.21429390103924353	0.2983347596309864	4	0.08404085859174285	0.12952104258029545	0.0032473916465384665	unsupported	True	0.2471689219014151	2.5591393255573e-310
atp2b1a	4-16095439-16095939	5	0.23590082618790104	0.3832336885547359	4	0.14733286236683485	0.16215936769559408	0.009155990803863121	regional_candidate	True	0.2459696674622425	3.0409981241473585e-307
atp2b1a	4-16044122-16044622	6	0.20154703998926865	0.24964381770486235	3	0.0480967777155937	0.05043220746585145	0.0006055427027726922	unsupported	True	0.2176162469429252	2.1718815180551235e-239
atp2b1a	4-16127716-16128216	7	0.302449474316432	0.3934331526314793	4	0.09098367831504733	0.07547404052044959	0.0027016684071005485	unsupported	True	0.213865522706551	4.241254982954414e-231
atp2b1a	4-16215497-16215997	8	0.24194623228003648	0.2755868106503711	4	0.03364057837033463	0.022171804101636106	0.00020555257202789344	unsupported	True	0.2014140053876828	1.0595162386970431e-204
atp2b1a	4-16130131-16130631	9	0.2886570887433039	0.38698744892342446	3	0.09833036018012054	0.10464373837386093	0.0039819679133882915	unsupported	True	0.1983653127189386	1.6864474350636923e-198
atp2b1a	4-16070954-16071454	10	0.2545334822705558	0.30003673914588463	3	0.04550325687532886	0.044616068028416556	0.0006091275082263435	unsupported	True	0.1969375776361719	1.2481250784930241e-195
atp2b1a	4-16166637-16167137	11	0.22736846582538087	0.2701446624056641	4	0.04277619658028323	0.05283752045112022	0.0006105777678973158	unsupported	True	0.1826419755699708	3.9815816716205863e-168
atp2b1a	4-16220575-16221075	12	0.29186109590637493	0.3615178284818933	4	0.06965673257551835	0.07494263767506398	0.001887216795777369	unsupported	True	0.1684182703603501	6.006392979241857e-143
atp2b1a	4-16098077-16098577	13	0.11616737839027455	0.19703690936398216	3	0.08086953097370761	0.11695885300010371	0.0018636553981204757	unsupported	True	0.167608629377841	1.402526787317762e-141
atp2b1a	4-16220018-16220518	14	0.19961959537189328	0.34386555953104064	4	0.14424596415914737	0.15260708297131628	0.007569497370221388	regional_candidate	True	0.1573254918083866	8.364381262556898e-125
atp2b1a	4-16205776-16206276	15	0.09835892137947243	0.13837024641026888	5	0.04001132503079645	0.060541728868364855	0.0003351818294176494	unsupported	True	0.146596895709136	1.7436986753931398e-108
atp2b1a	4-16165274-16165774	16	0.0915183091249434	0.13215430687359137	4	0.04063599774864797	0.051159226046056466	0.0002747364071801285	unsupported	True	0.1416811143997278	2.0817277383129847e-101
atp2b1a	4-16191153-16191653	17	0.11948251565151716	0.16014813138070397	2	0.04066561572918681	0.058795810731760614	0.0003829090326808069	unsupported	True	0.1323642329471828	1.1123647823638918e-88
atp2b1a	4-16205165-16205665	18	0.14812045617073266	0.2428763405167391	5	0.09475588434600643	0.13829023328653323	0.0031826062336220893	unsupported	True	0.1188080473177383	9.460317033412733e-72
atp2b1a	4-16061651-16062151	19	0.07432552177435535	0.10475488631205847	3	0.03042936453770312	0.04795896805834177	0.00015287518746182635	unsupported	True	0.1176847546164725	1.971291159449321e-70
xbp1	5-15942209-15942709	0	0.11650741104722717	0.4188302853331142	2	0.30232287428588706	0.33370250725632505	0.042254070764801185	regional_candidate	True	0.3728222177225747	0.0
xbp1	5-15961068-15961568	1	0.14925440107795998	0.24416994882469734	0	0.09491554774673736	0.0501888082885418	0.0011631519529042666	unsupported	True	0.2859291865471227	0.0
xbp1	5-15925937-15926437	2	0.09519371211811319	0.329166555717826	2	0.23397284359971282	0.2171960510526323	0.016727578682594328	regional_candidate	True	0.2747475763816968	0.0
xbp1	5-15976978-15977478	3	0.07416898144545443	0.28895165981173476	2	0.21478267836628034	0.2117741441143623	0.01314308699412139	regional_candidate	True	0.2367713650186873	3.232561149154574e-284
xbp1	5-15937393-15937893	4	0.044101783602377695	0.12368147324176704	2	0.07957968963938934	0.0906793940824372	0.0008925149517744529	unsupported	True	0.2346963106610202	3.702030980550045e-279
xbp1	5-16018203-16018703	5	0.0872735457057225	0.3043112421586229	2	0.21703769645290039	0.21764620419469483	0.014374881243170814	regional_candidate	True	0.2145029988614979	1.6964513722351963e-232
xbp1	5-15927120-15927620	6	0.08767886365676116	0.23700256871851103	3	0.14932370506174986	0.16331239288766736	0.005779642188298202	regional_candidate	True	0.1932115903120736	3.0139321528572285e-188
xbp1	5-15938584-15939084	7	0.06774704345485505	0.16039979020596246	2	0.0926527467511074	0.10642016638184229	0.0015815612956934651	unsupported	True	0.1929271697026564	1.087595823966432e-187
xbp1	5-15942910-15943410	8	0.21388840931421596	0.3692478113493781	0	0.15535940203516216	0.13663066241656033	0.0078379708630153	regional_candidate	True	0.184449540211408	1.757304135862745e-171
xbp1	5-15928698-15929198	9	0.029617287035205206	0.14145104432470085	2	0.11183375728949564	0.12332384973864821	0.0019508601959860193	unsupported	True	0.1843711145366579	2.4612341360330344e-171
xbp1	5-15959453-15959953	10	0.12295359492475899	0.24265887138509212	0	0.11970527646033313	0.1335757289293616	0.003880047302164552	unsupported	True	0.1841635401048803	5.998878988911422e-171
xbp1	5-15958243-15958743	11	0.43182818622623864	0.7097840878092254	0	0.2779559015829868	0.31474280950400463	0.06209519218527621	core_concordant	True	0.1770431710826337	5.879946010143805e-158
xbp1	5-15939298-15939798	12	0.08720312469349939	0.12708207079548456	2	0.03987894610198517	0.060826023187167	0.00030826014523390095	unsupported	True	0.1744838695515803	2.0228030429364778e-153
xbp1	5-15943582-15944082	13	0.29113083595544803	0.47615601751901826	0	0.18502518156357023	0.364919532986425	0.03214972234924353	regional_candidate	True	0.1705073598990774	1.6439299779050606e-146
xbp1	5-15913842-15914342	14	0.020976025396022075	0.1734097735911294	3	0.15243374819510733	0.14846226324481687	0.003924377497096247	unsupported	True	0.1659328186885184	9.056410785316738e-139
xbp1	5-15953252-15953752	15	0.34128649054914145	0.489338128892331	0	0.14805163834318957	0.3575289929050378	0.025902014385880384	regional_candidate	True	0.16456393445275	1.6992983557035812e-136
xbp1	5-15926469-15926969	16	0.07692926091661476	0.2073665079806538	3	0.13043724706403906	0.1431789003197681	0.00387274820256126	unsupported	True	0.1552813591292448	1.3320606658758823e-121
xbp1	5-15934648-15935148	17	0.31899082525546246	0.5551798613166923	0	0.23618903606122982	0.2721358607410911	0.03568446685475576	regional_candidate	True	0.1475065840067662	8.023152408002182e-110
xbp1	5-15953823-15954323	18	0.12995575152915317	0.236348765869151	0	0.10639301433999782	0.13520386138599594	0.003399817050298049	unsupported	True	0.1426262546409832	9.488793824737456e-103
xbp1	5-16031093-16031593	19	0.07775875797664357	0.13893886423290902	1	0.06118010625626545	0.1007266549734802	0.0008562062289471028	unsupported	True	0.1388333869965339	2.0122465040758424e-97
zswim5	2-27517270-27517770	0	0.359162759956473	0.457085513163443	4	0.09792275320696997	0.24092040019132782	0.010783373514336813	core_concordant	True	0.3718082094872261	0.0
zswim5	2-27500325-27500825	1	0.29773281850279587	0.34561684889834565	4	0.04788403039554978	0.16542765296312514	0.002737749524705628	unsupported	True	0.3462638621473533	0.0
zswim5	2-27532865-27533365	2	0.2038583662500399	0.23199082530712473	1	0.028132459057084835	0.03840477546026952	0.00025064770686118547	unsupported	True	0.2766057601927195	0.0
zswim5	2-27494044-27494544	3	0.1902441683419577	0.22969800823286823	3	0.03945383989091053	0.08125515538800973	0.0007363722812976859	unsupported	True	0.2547316406980923	0.0
zswim5	2-27476825-27477325	4	0.23456969172716707	0.2856139293054866	4	0.05104423757831955	0.11960021373933305	0.0017436449695663733	unsupported	True	0.2459112272985592	4.2897052365311876e-307
zswim5	2-27481247-27481747	5	0.21503294933455594	0.2814312160085697	4	0.06639826667401375	0.10401922934684701	0.0019437600028704627	unsupported	True	0.2328156752658295	1.2896592423346055e-274
zswim5	2-27437734-27438234	6	0.2682256198267192	0.34645699344771885	4	0.07823137362099963	0.305727576033481	0.008286381061919161	regional_candidate	True	0.2206496472767474	3.2809101114215143e-246
zswim5	2-27512937-27513437	7	0.14682377247616307	0.14743108043737277	5	0.0006073079612096965	0.014568760706428041	1.3044295620977074e-06	unsupported	True	0.1933418150195522	1.6736247885560948e-188
zswim5	2-27526146-27526646	8	0.10074001935062345	0.1102351226594539	4	0.009495103308830452	0.028381640685484155	2.9706889550625946e-05	unsupported	True	0.1903823913470366	9.634510696173596e-183
zswim5	2-27504228-27504728	9	0.12616448030027985	0.1825847815291265	5	0.05642030122884664	0.08740537694959533	0.0009004054744430656	unsupported	True	0.1798969898259392	4.245915318068909e-163
zswim5	2-27548175-27548675	10	0.2028225872742087	0.27692776477676095	4	0.07410517750255224	0.18382759964789824	0.003772469771908253	unsupported	True	0.1732106607312394	3.441478065016785e-151
zswim5	2-27506719-27507219	11	0.22406116351681893	0.34232476939810597	4	0.11826360588128704	0.25366733154762133	0.010269610712864493	regional_candidate	True	0.1643638143063105	3.638727332754434e-136
zswim5	2-27421131-27421631	12	0.14809335436740495	0.16284807428883546	0	0.014754719921430515	0.06721857225065363	0.0001615112881690623	unsupported	True	0.16219872554939	1.2927235852799701e-132
zswim5	2-27426226-27426726	13	0.11677313183761891	0.14517749767209814	2	0.028404365834479237	0.05300168965426051	0.0002185617295896827	unsupported	True	0.152775317208319	9.78266193189176e-118
zswim5	2-27409456-27409956	14	0.11217774911798262	0.23348646035047074	3	0.12130871123248813	0.15937312434774342	0.004514075065894105	unsupported	True	0.1480441060915182	1.2888746659955893e-110
zswim5	2-27445024-27445524	15	0.1270003951000053	0.19787497447637217	4	0.07087457937636688	0.07696778609532615	0.001079419752411174	unsupported	True	0.146325791294038	4.348072848967533e-108
zswim5	2-27474765-27475265	16	0.14446885174472793	0.21509336517350158	4	0.07062451342877366	0.14689591310107075	0.002231475875846423	unsupported	True	0.1371806291531017	3.786509450743883e-95
zswim5	2-27441983-27442483	17	0.17728551908926096	0.264464489835854	4	0.08717897074659306	0.1813245463317511	0.004180571962646512	unsupported	True	0.1360449632306096	1.3330439369396436e-93
zswim5	2-27484387-27484887	18	0.08285349140269757	0.15352648452975243	5	0.07067299312705486	0.09478229724913755	0.0010284046244662156	unsupported	True	0.1252795404100851	1.3426057905663052e-79
zswim5	2-27429562-27430062	19	0.14974613241186935	0.18770338297618488	0	0.03795725056431554	0.10865049682377349	0.0007741026661979496	unsupported	True	0.124338350251224	1.9762063768478389e-78
aldob	14-21115504-21116004	0	0.33564089305027023	0.49440993581885045	2	0.15876904276858023	0.1915483730040971	0.015035971150289814	regional_candidate	True	0.4223298404717459	0.0
aldob	14-21100702-21101202	1	0.29837780444045225	0.5157992835532993	2	0.21742147911284704	0.26244336782435035	0.029431932765232136	regional_candidate	True	0.341825030159561	0.0
aldob	14-21089399-21089899	2	0.16210442990776647	0.3203254299211305	2	0.15822100001336403	0.23882837078901065	0.012104349606899788	regional_candidate	True	0.3120609294483765	0.0
aldob	14-21057895-21058395	3	0.23583848682154174	0.3879571639512615	2	0.15211867712971977	0.23105680552929214	0.01363593996856402	regional_candidate	True	0.2641274481341102	0.0
aldob	14-21109606-21110106	4	0.17368296286209262	0.18245388120923828	4	0.008770918347145662	0.08978440103539506	0.00014368090802236344	unsupported	True	0.2613258224388268	0.0
aldob	14-21112313-21112813	5	0.18071750641468118	0.3660835456463636	2	0.1853660392316824	0.20280137063641793	0.013761990866790553	regional_candidate	True	0.230786533628913	9.238157693366e-270
aldob	14-21135943-21136443	6	0.19649074305105083	0.4183860273399573	2	0.22189528428890645	0.2566264796265755	0.023824659983104627	regional_candidate	True	0.2262495163638086	4.4746250967559264e-259
aldob	14-21114694-21115194	7	0.08538439221293498	0.17819069331403373	2	0.09280630110109875	0.1472353928107299	0.0024348639556503585	unsupported	True	0.205988680121752	3.3625053130224267e-214
aldob	14-21059210-21059710	8	0.12506317719860952	0.2028584028436654	2	0.0777952256450559	0.11438536625110174	0.001805162960268572	unsupported	True	0.1745874625907918	1.3294941429797799e-153
aldob	14-21087340-21087840	9	0.1692002066800505	0.1798581823717635	0	0.010657975691712979	0.05724748576426926	0.00010973908716817775	unsupported	True	0.1729196423695429	1.1071574340009125e-150
aldob	14-21160909-21161409	10	0.16443459638483304	0.1625077271454688	5	-0.0019268692393642484	0.08164871241292815	0.0	unsupported	True	0.1626745975291702	2.1645164623262256e-133
aldob	14-21132497-21132997	11	0.07876126177266433	0.17656359571036565	4	0.09780233393770131	0.05074320722669956	0.0008762505363941561	unsupported	True	0.1489803413462989	5.246117518674112e-112
aldob	14-21111661-21112161	12	0.09023647265626909	0.1538881032344591	2	0.06365163057819	0.08696034150126264	0.0008517964326139292	unsupported	True	0.1465994001554688	1.7290280077469954e-108
aldob	14-21151285-21151785	13	0.20977879088991008	0.2717077776373251	5	0.06192898674741504	0.1067991437031501	0.001797065121544605	unsupported	True	0.1462688221776424	5.267292983613252e-108
aldob	14-21199385-21199885	14	0.07011616879920446	0.10731303651970898	2	0.037196867720504526	0.09643020874195597	0.00038492131514596606	unsupported	True	0.1450647481541884	2.9791839653724304e-106
aldob	14-21056844-21057344	15	0.1028901641384959	0.13285352742063672	2	0.029963363282140817	0.04792711992335949	0.00019078533173272222	unsupported	True	0.1342271171434567	3.7397468749095307e-91
aldob	14-21086802-21087302	16	0.07911483055494191	0.09627849040641445	2	0.017163659851472543	0.02826485546761276	4.670742663525661e-05	unsupported	True	0.126900426841327	1.2458482558214579e-81
aldob	14-21108499-21108999	17	0.08527629866442166	0.142495291163254	5	0.05721899249883233	0.04295019072123682	0.0003501916740199126	unsupported	True	0.1140654687084399	2.8648800301855336e-66
aldob	14-21117338-21117838	18	0.07678352329176669	0.10026281692791776	3	0.023479293636151075	0.04744503790138928	0.00011169036939041231	unsupported	True	0.1030163418242464	2.2172350503783293e-54
aldob	14-21147894-21148394	19	0.0864187530946404	0.09588334069612799	4	0.009464587601487592	0.07841791470350429	7.116396568601925e-05	unsupported	True	0.1027414471271975	4.226040564530512e-54
gata5	23-7391661-7392161	0	0.3638737364254581	0.451096640606024	2	0.08722290418056589	0.07087846235093487	0.0027887810778782266	core_concordant	True	0.3396356251164074	0.0
gata5	23-7417531-7418031	1	0.4100328167056169	0.5105006842823457	4	0.10046786757672882	0.17010556630309742	0.00872452995603426	core_concordant	True	0.281707975678347	0.0
gata5	23-7454422-7454922	2	0.29136571082681245	0.427950164009197	4	0.13658445318238455	0.21539632320825233	0.012590203537464022	regional_candidate	True	0.2400499507083306	2.6000607115259995e-292
gata5	23-7415762-7416262	3	0.4582227614568686	0.6427056052583641	4	0.1844828438014955	0.3018341155316813	0.03578791503532404	core_concordant	True	0.2269118213861462	1.275274140739809e-260
gata5	23-7419989-7420489	4	0.3606867531780898	0.4615046089140645	4	0.10081785573597468	0.13027039139592206	0.006061208405992841	core_concordant	True	0.2237959725510561	2.1446875864698036e-253
gata5	23-7422599-7423099	5	0.30315968071191496	0.4073282732815737	4	0.10416859256965877	0.193661914513568	0.008217232468631694	regional_candidate	True	0.2213534482982081	8.290784934325916e-248
gata5	23-7343127-7343627	6	0.23393636039729293	0.36228402827969886	4	0.12834766788240592	0.2080852726783128	0.009675613544717254	regional_candidate	True	0.2037591064881689	1.530551635352449e-209
gata5	23-7374365-7374865	7	0.18911662614867678	0.24159189754843471	4	0.05247527139975794	0.04348287383806915	0.0005512584984076881	unsupported	True	0.1950463142069327	7.289319477011842e-192
gata5	23-7302529-7303029	8	0.06706821481973167	0.14778127442750305	2	0.08071305960777138	0.0898375612757989	0.0010715715436435418	unsupported	True	0.1883624559206642	7.255675643836619e-179
gata5	23-7478644-7479144	9	0.046976639170646595	0.09368713863069399	2	0.04671049946004739	0.05400604701082352	0.00023633980684053944	unsupported	True	0.1865104279888838	2.3787714860768542e-175
gata5	23-7419090-7419590	10	0.13258270446504056	0.2723808437873136	5	0.13979813932227303	0.18964801660156946	0.007221480736402314	regional_candidate	True	0.1828399334178911	1.7152377172423902e-168
gata5	23-7408058-7408558	11	0.40097356664345	0.5447891976688639	5	0.1438156310254139	0.35451882096038767	0.027776266800807147	core_concordant	True	0.1788436678111739	3.4339913652487558e-161
gata5	23-7352666-7353166	12	0.2527915653464325	0.4019546650628831	5	0.1491630997164506	0.2600888035202944	0.015594093359671326	regional_candidate	True	0.1686504131949183	2.4266531233659213e-143
gata5	23-7388357-7388857	13	0.09661208775637874	0.17619550990501417	5	0.07958342214863544	0.13383319744471234	0.0018766414347549613	unsupported	True	0.1668912298080053	2.256887161153431e-140
gata5	23-7368809-7369309	14	0.2990494314579644	0.5607327142049618	4	0.2616832827469974	0.4349848652722867	0.06382723338275484	regional_candidate	True	0.1610414527756519	9.750912198074788e-131
gata5	23-7459071-7459571	15	0.18364442425269062	0.24852559920401598	5	0.06488117495132537	0.11047754572269075	0.001781409866464941	unsupported	True	0.1596045332408138	1.9982147249650432e-128
gata5	23-7397811-7398311	16	0.06626223762171697	0.1384113236933791	4	0.07214908607166214	0.06642279420837287	0.0006633146623029418	unsupported	True	0.1542288886504313	5.703187246676524e-120
gata5	23-7332203-7332703	17	0.13470845987687244	0.20640606043512177	4	0.07169760055824934	0.10057613829440239	0.0014884080938835453	unsupported	True	0.1529910735607323	4.5730537723406255e-118
gata5	23-7393080-7393580	18	0.1733206092573867	0.2497149385839587	4	0.076394329326572	0.12264024542566257	0.0023395840785269888	unsupported	True	0.1467927444970382	9.001715092411732e-109
gata5	23-7440702-7441202	19	0.08456079505037434	0.12519495999755015	1	0.04063416494717581	0.06471826592845667	0.00032923428708176404	unsupported	True	0.1467624535449376	9.971552649463085e-109
meis1b	13-5523460-5523960	0	0.35210172397941825	0.5045966649195239	2	0.15249494094010568	0.22401769694169416	0.017237812001898504	core_concordant	True	0.3895119261568753	0.0
meis1b	13-5603751-5604251	1	0.2668306809708837	0.32253302873783685	4	0.05570234776695315	0.08445174565754301	0.0015172471357151325	unsupported	True	0.2442742834948228	6.328189093484171e-303
meis1b	13-5499219-5499719	2	0.23649448358093772	0.3373825714060962	5	0.10088808782515846	0.12924685445384618	0.004399289244709096	unsupported	True	0.2424406258853162	2.715921543135209e-298
meis1b	13-5498074-5498574	3	0.2292650445389904	0.32179825050304384	5	0.09253320596405343	0.12448376580078607	0.0037067560560511935	unsupported	True	0.2402274235118151	9.402873439217806e-293
meis1b	13-5596482-5596982	4	0.25065389021943035	0.3175483022497579	2	0.06689441203032753	0.0933450076502339	0.001982853972143625	unsupported	True	0.2228806221995675	2.711018165005645e-251
meis1b	13-5644627-5645127	5	0.21475339643093724	0.3253172199892803	3	0.11056382355834307	0.20861239153738448	0.007503436360123803	regional_candidate	True	0.2072272469838018	8.225480004532396e-217
meis1b	13-5522949-5523449	6	0.17462988179931319	0.21022877863899816	1	0.03559889683968498	0.032395830146951826	0.00024244756153770437	unsupported	True	0.2068493379586745	5.1734680973809044e-216
meis1b	13-5621976-5622476	7	0.19509319795524405	0.4827207245886105	2	0.28762752663336644	0.5212792962136242	0.07237638170218086	regional_candidate	True	0.191373684762999	1.1615016715877345e-184
meis1b	13-5574154-5574654	8	0.16831745696336164	0.3353872457683838	2	0.16706978880502216	0.17646079888026717	0.009887641410867716	regional_candidate	True	0.190853602593032	1.1831971293864835e-183
meis1b	13-5496293-5496793	9	0.14977036088044723	0.29751388532796114	2	0.1477435244475139	0.2294734726087464	0.010086678591425034	regional_candidate	True	0.1797318319755285	8.470345991758958e-163
meis1b	13-5495280-5495780	10	0.160158238906394	0.21289147813167628	5	0.05273323922528228	0.04213476811201525	0.00047302417275192334	unsupported	True	0.1734303339402271	1.4226253005612214e-151
meis1b	13-5642339-5642839	11	0.2531925488524211	0.41608212586843113	3	0.16288957701601003	0.16821955831934718	0.011401154831779824	regional_candidate	True	0.1725773183178466	4.364977119362786e-150
meis1b	13-5530588-5531088	12	0.11607879652578675	0.280935232655603	2	0.16485643612981626	0.26538953158281886	0.012291245786728057	regional_candidate	True	0.1722519376657359	1.6036455915451428e-149
meis1b	13-5628177-5628677	13	0.24187796792022326	0.38036789902013685	3	0.1384899310999136	0.19353293187202417	0.010194758275062445	regional_candidate	True	0.1693336997380195	1.6716705665273667e-144
meis1b	13-5524185-5524685	14	0.12350376424375316	0.1946622689604208	2	0.07115850471666764	0.08209227275712294	0.0011371319814745076	unsupported	True	0.1643159534191056	4.364881164264132e-136
meis1b	13-5478014-5478514	15	0.13486734710470974	0.21726367696041302	1	0.08239632985570328	0.13382340309291435	0.002395670375316564	unsupported	True	0.1628023995961435	1.3381638577173556e-133
meis1b	13-5590052-5590552	16	0.09048719745529561	0.14039246870982922	5	0.049905271254533604	0.037349504761903934	0.00026168274030602954	unsupported	True	0.1547152746351483	1.0081817497081912e-120
meis1b	13-5494112-5494612	17	0.10865276604034284	0.23921162742322563	3	0.1305588613828828	0.16420596639850632	0.005128349001083854	regional_candidate	True	0.1520581882738156	1.2151938909077896e-116
meis1b	13-5619550-5620050	18	0.09979823303744177	0.19521836602047543	2	0.09542013298303366	0.11585794739324101	0.0021581743215693004	unsupported	True	0.1451108525513384	2.554290360422844e-106
meis1b	13-5536180-5536680	19	0.1162081512540619	0.16258996484856536	5	0.046381813594503454	0.05732573706597001	0.00043230584823413296	unsupported	True	0.1429591793939452	3.1810270440893894e-103
arl4d	12-27274459-27274959	0	0.4630334644992752	0.42038498461538265	1	-0.04264847988389253	0.3938402025857518	0.0	core_concordant	True	0.3960267643429969	0.0
arl4d	12-27246651-27247151	1	0.3293722734482211	0.26027434041365877	1	-0.06909793303456235	0.16924196165422792	0.0	unsupported	True	0.3509055874366244	0.0
arl4d	12-27196404-27196904	2	0.21911253469001762	0.21502023428574524	2	-0.0040923004042723865	0.10075859685642694	0.0	unsupported	True	0.280608488391383	0.0
arl4d	12-27144582-27145082	3	0.22075759672256878	0.23772075402170023	2	0.01696315729913145	0.10304388261619232	0.00041552389441539884	unsupported	True	0.226385126307338	2.1616552065935332e-259
arl4d	12-27182966-27183466	4	0.15496283831395521	0.14750654070065658	4	-0.007456297613298635	0.027811621193451763	0.0	unsupported	True	0.2216663053501223	1.6095839465704043e-248
arl4d	12-27322450-27322950	5	0.10420783951986681	0.05429608247164228	2	-0.04991175704822453	0.046291498979573215	0.0	unsupported	True	0.2058703034423021	5.9616692226086005e-214
arl4d	12-27271737-27272237	6	0.15288799077847506	0.13982066833136983	3	-0.013067322447105234	0.06736741625855548	0.0	unsupported	True	0.1957675300938686	2.6978233344997987e-193
arl4d	12-27249429-27249929	7	0.09630031134711575	0.12092453603952763	1	0.024624224692411878	0.0998017928679743	0.00029717709861150934	unsupported	True	0.1893844379475363	8.030356569642405e-181
arl4d	12-27164359-27164859	8	0.13119861404540015	0.1370662108051758	2	0.005867596759775662	0.047572901445176854	3.826047051669874e-05	unsupported	True	0.1867360678469472	8.912768511447308e-176
arl4d	12-27240628-27241128	9	0.10034965339331889	0.14293642441611307	3	0.04258677102279418	0.058169739093525685	0.0003540908810327733	unsupported	True	0.1712774163243653	7.778989979214193e-148
arl4d	12-27143730-27144230	10	0.09140115433094559	0.1275835497946055	3	0.03618239546365992	0.0745381043093758	0.00034408864487513467	unsupported	True	0.1655153927014526	4.490339903600333e-138
arl4d	12-27146102-27146602	11	0.12010249387530991	0.13139020505521468	3	0.011287711179904764	0.08494243490745179	0.00012597767387230877	unsupported	True	0.1652583680827697	1.2008753004255863e-137
arl4d	12-27195126-27195626	12	0.12079453381910663	0.10077470425299277	5	-0.020019829566113853	0.03064343851649673	0.0	unsupported	True	0.1648822806546964	5.050792840259701e-137
arl4d	12-27252219-27252719	13	0.08430248400088117	0.09349184572813621	5	0.009189361727255041	0.1392297929349121	0.00011961654615684265	unsupported	True	0.161994166418517	2.7823154296165088e-132
arl4d	12-27185170-27185670	14	0.04804138521007604	0.046441170027702205	3	-0.0016002151823738334	0.030692934492322764	0.0	unsupported	True	0.150957321536834	5.673962011115731e-115
arl4d	12-27162560-27163060	15	0.07028388600113057	0.2087938786426027	3	0.13850999264147212	0.1813439309583007	0.0052444734821690655	regional_candidate	True	0.1464306801069444	3.053921208547185e-108
arl4d	12-27195748-27196248	16	0.058431541660085025	0.14964646917484536	5	0.09121492751476035	0.08612716737604187	0.001175635131766718	unsupported	True	0.13513806508785	2.2406091373560598e-92
arl4d	12-27301423-27301923	17	0.03963916764002623	0.06265535714379011	0	0.023016189503763884	0.021043085089425935	3.0345971514459082e-05	unsupported	True	0.1186859983009834	1.317717130460901e-71
arl4d	12-27196990-27197490	18	0.0653772288544239	0.11033178886641712	3	0.044954560011993216	0.08307527071725655	0.0004120464494894672	unsupported	True	0.1130605682311899	3.883923597800823e-65
arl4d	12-27179937-27180437	19	0.10252805606195076	0.12577083448974358	2	0.02324277842779282	0.1429597266125569	0.0004179089706083704	unsupported	True	0.1122819246300799	2.8807418703876843e-64
gata6	2-4225593-4226093	0	0.3991380589670169	0.5185606440406865	4	0.1194225850736696	0.07720960374977881	0.004781424962544792	core_concordant	True	0.3367844357836489	0.0
gata6	2-4172802-4173302	1	0.4055789929632216	0.4692963295232687	3	0.06371733656004713	0.0511853123840339	0.00153055918966328	core_concordant	True	0.2663009534028878	0.0
gata6	2-4239810-4240310	2	0.18977359319359818	0.2561463764576906	4	0.06637278326409243	0.11194583113870402	0.001903207635168988	unsupported	True	0.2561703602742239	0.0
gata6	2-4220101-4220601	3	0.19388857225354594	0.21674790855052184	4	0.022859336296975896	0.023871596830920105	0.00011827691910347316	unsupported	True	0.2537737210630237	0.0
gata6	2-4153863-4154363	4	0.41481893973953876	0.5352732810068311	4	0.12045434126729238	0.3211765792317058	0.02070817805905209	core_concordant	True	0.245101640901096	4.990501180701693e-305
gata6	2-4196029-4196529	5	0.18940818582889624	0.2441021978396969	2	0.05469401201080065	0.06890036218022794	0.0009198838118832894	unsupported	True	0.219826268370667	2.3861140784962343e-244
gata6	2-4243836-4244336	6	0.37734242634502907	0.5722649766754849	4	0.19492255033045586	0.3548405748380855	0.03958152534089589	core_concordant	True	0.1977762037304097	2.5917999591925272e-197
gata6	2-4277019-4277519	7	0.32350778922709883	0.4341890682966271	4	0.1106812790695283	0.28359627543176524	0.013628673177463987	regional_candidate	True	0.1976498188370394	4.6524255163293835e-197
gata6	2-4194077-4194577	8	0.14692576960536255	0.18678294557854827	4	0.03985717597318572	0.03762478856807708	0.0002801030334584155	unsupported	True	0.1757938571094428	9.832049821508277e-156
gata6	2-4180472-4180972	9	0.3085405624365663	0.40000908610937624	5	0.09146852367280994	0.1587684312124579	0.005809057554874122	regional_candidate	True	0.1752661224033294	8.448484881926861e-155
gata6	2-4263307-4263807	10	0.12449129253965592	0.20867917511764705	1	0.08418788257799113	0.09092093179315393	0.0015973223774572907	unsupported	True	0.1751121956140877	1.5800873440986178e-154
gata6	2-4232558-4233058	11	0.18602505146109796	0.25636935768311686	5	0.0703443062220189	0.08176584708291118	0.0014745754745469945	unsupported	True	0.1704602536150028	1.9802937887454026e-146
gata6	2-4218077-4218577	12	0.08622034557270841	0.1252959243733201	4	0.03907557880061169	0.05666767957810222	0.000277445569312519	unsupported	True	0.168548313829167	3.615689441813143e-143
gata6	2-4295023-4295523	13	0.19064830862336285	0.28325682940145613	4	0.09260852077809328	0.19302895359968325	0.005063534733144426	regional_candidate	True	0.1598354649427209	8.523232917166599e-129
gata6	2-4203895-4204395	14	0.13911471856906768	0.21832398818075635	2	0.07920926961168867	0.07456936454699514	0.0012895491721528164	unsupported	True	0.1569633382569994	3.1112474047851847e-124
gata6	2-4181660-4182160	15	0.09544707183669288	0.12635893275033208	4	0.030911860913639205	0.07439063390316308	0.00029056905384715364	unsupported	True	0.1489784533011255	5.2802085238079125e-112
gata6	2-4178461-4178961	16	0.2082963564087082	0.32444298734486643	4	0.11614663093615823	0.1138057335831974	0.00428853689625403	unsupported	True	0.1483896374257302	3.964018720656712e-111
gata6	2-4188608-4189108	17	0.12749207398988555	0.24017297331532908	4	0.11268089932544353	0.20159825751065008	0.005455834819143771	regional_candidate	True	0.1411809375956788	1.0579512979298352e-100
gata6	2-4218868-4219368	18	0.10936025943108306	0.20251462699261175	5	0.09315436756152869	0.1428756395633425	0.002695366371112707	unsupported	True	0.1295709337925439	4.878225509298886e-85
gata6	2-4170983-4171483	19	0.17153950569885718	0.23441184694001937	4	0.0628723412411622	0.07800976323641978	0.0011497095780687015	unsupported	True	0.1219083695419501	1.859281150529221e-75
tcf7l1a	10-42222999-42223499	0	0.24826998815223061	0.3680618965968941	2	0.11979190844466348	0.15992050993665927	0.007051029139629298	regional_candidate	True	0.2979314982051761	0.0
tcf7l1a	10-42220434-42220934	1	0.27907831734867056	0.4192147564146987	2	0.14013643906602813	0.2633524676775843	0.015471236724567829	regional_candidate	True	0.292699477562236	0.0
tcf7l1a	10-42215123-42215623	2	0.2974766646953919	0.5199548167997597	2	0.22247815210436783	0.4561108617980974	0.052762259925771465	regional_candidate	True	0.2514905799609742	0.0
tcf7l1a	10-42313387-42313887	3	0.21310945307717458	0.27359043594048876	2	0.06048098286331419	0.07999399939699625	0.0013236621853259484	unsupported	True	0.2474209727564687	0.0
tcf7l1a	10-42338827-42339327	4	0.2630202063095628	0.49154345384255593	2	0.22852324753299313	0.4330235294909919	0.04864114610736811	regional_candidate	True	0.2374049282782497	9.016433321035042e-286
tcf7l1a	10-42214523-42215023	5	0.2444462472485066	0.424195416405224	2	0.1797491691567174	0.37688355591544787	0.028736908950768466	regional_candidate	True	0.2163332216674633	1.5510710734357167e-236
tcf7l1a	10-42315033-42315533	6	0.15571643203275545	0.27177549904749376	2	0.11605906701473831	0.2030188786483763	0.006403623674486205	regional_candidate	True	0.1990922252881924	5.721591846446236e-200
tcf7l1a	10-42219575-42220075	7	0.18034000020871685	0.3332493659072513	2	0.15290936569853444	0.2781266236930815	0.014172484223658861	regional_candidate	True	0.1979255461464758	1.2976122341526556e-197
tcf7l1a	10-42240760-42241260	8	0.11434972515875276	0.1801519938334167	2	0.06580226867466395	0.0875553546398409	0.0010379170628845716	unsupported	True	0.1848990999674033	2.5403544766328796e-172
tcf7l1a	10-42199661-42200161	9	0.1405297525144964	0.208554548519547	2	0.0680247960050506	0.14192366596191835	0.002013454106007973	unsupported	True	0.1824591367248052	8.659223741297397e-168
tcf7l1a	10-42250320-42250820	10	0.10318939967110098	0.151763177986429	3	0.04857377831532801	0.07286499443527664	0.0005371396783661359	unsupported	True	0.1683479135243749	7.903021537407819e-143
tcf7l1a	10-42216594-42217094	11	0.17360134223893944	0.33929920600774327	1	0.16569786376880383	0.3485503868001107	0.019595904838485258	regional_candidate	True	0.1656487850385509	2.693288226905287e-138
tcf7l1a	10-42341633-42342133	12	0.2104475314820416	0.3065389088652872	1	0.09609137738324558	0.17817263542762815	0.00524820788874963	regional_candidate	True	0.1649335786606723	4.1529192527056014e-137
tcf7l1a	10-42349902-42350402	13	0.19680259853093277	0.310380468724965	0	0.11357787019403223	0.09466627841846201	0.00333720902496419	unsupported	True	0.1643026047102584	4.592065805691497e-136
tcf7l1a	10-42354740-42355240	14	0.1255574905061255	0.33104297933458215	0	0.20548548882845666	0.19644915611094876	0.013363361205271427	regional_candidate	True	0.1579913500117457	7.411626637767325e-126
tcf7l1a	10-42342151-42342651	15	0.20756403947862037	0.2865444487029394	2	0.07898040922431901	0.19735295777068623	0.004466373298166352	unsupported	True	0.1488296734367609	8.794400034780472e-112
tcf7l1a	10-42203586-42204086	16	0.11069186003335386	0.1638362617338999	1	0.05314440170054603	0.09170755352643752	0.0007984958441890163	unsupported	True	0.1339983186091078	7.560407338233077e-91
tcf7l1a	10-42362337-42362837	17	0.10557719243612111	0.13435867892537753	1	0.028781486489256422	0.04347615658159626	0.00016812414533355651	unsupported	True	0.1312490922528089	3.2344871483596766e-87
tcf7l1a	10-42252728-42253228	18	0.08240629671276588	0.15429755901474773	1	0.07189126230198185	0.13485176139050656	0.0014958628903761527	unsupported	True	0.1294600545147533	6.779235965844216e-85
tcf7l1a	10-42292064-42292564	19	0.1245139759907957	0.2047228939896903	1	0.0802089179988946	0.09717294924333082	0.0015956383068612026	unsupported	True	0.1268717620483092	1.3540726192800114e-81
unc5b	13-29139625-29140125	0	0.35266187257514725	0.3707868304406163	4	0.018124957865469027	0.050352415838049946	0.00033839319305710674	core_concordant	True	0.3265620995437101	0.0
unc5b	13-29176419-29176919	1	0.23151826654987231	0.3948164340146152	1	0.16329816746474288	0.3660641391222837	0.02360118008720916	regional_candidate	True	0.2866089783254359	0.0
unc5b	13-29163789-29164289	2	0.2833138227047917	0.3395504662566575	0	0.056236643551865806	0.13971843062716946	0.0026679483779791266	unsupported	True	0.2523812262022517	0.0
unc5b	13-29160008-29160508	3	0.24169365782778182	0.38987720531987147	1	0.14818354749208965	0.2601511752797548	0.015029814624354225	regional_candidate	True	0.2464994000039626	1.3392048197507176e-308
unc5b	13-29138985-29139485	4	0.2327426261634535	0.29658472428181604	4	0.06384209811836253	0.126180336749573	0.002389173077176605	unsupported	True	0.2400929167979102	2.0327133220056583e-292
unc5b	13-29131829-29132329	5	0.15668251455781101	0.16492348995703837	2	0.008240975399227357	0.04708619509127239	6.399628027496551e-05	unsupported	True	0.2366960677359792	4.942966962954513e-284
unc5b	13-29092602-29093102	6	0.21943493799506145	0.27077543383511493	1	0.051340495840053485	0.1272919417017972	0.0017695801184721438	unsupported	True	0.2213029459494576	1.0799559446002187e-247
unc5b	13-29102274-29102774	7	0.17222443353954256	0.20314013448426876	4	0.030915700944726204	0.13538143351244394	0.0008502251386633592	unsupported	True	0.1994015419284544	1.3504274744237828e-200
unc5b	13-29148142-29148642	8	0.21855825881147242	0.4900817791522115	1	0.2715235203407391	0.496852168643174	0.06611548704444307	regional_candidate	True	0.1929371985841198	1.0395144522689072e-187
unc5b	13-29216576-29217076	9	0.18863355251995792	0.33241732765665266	1	0.14378377513669474	0.21839222965288876	0.01043832268161868	regional_candidate	True	0.1760035453095271	4.174949339285397e-156
unc5b	13-29130460-29130960	10	0.0807414728918294	0.11009613337036796	1	0.02935466047853856	0.052953231003904186	0.00017113608493911836	unsupported	True	0.1665607590729283	8.081558174678114e-140
unc5b	13-29160596-29161096	11	0.11291223634457968	0.1350672126411582	1	0.02215497629657852	0.059057185928281616	0.0001767233665708802	unsupported	True	0.1453160851909253	1.2868368992965251e-106
unc5b	13-29056924-29057424	12	0.09705978137094014	0.1691041456623475	1	0.07204436429140736	0.10826690789056378	0.0013190158117252645	unsupported	True	0.1434631077842131	6.052618177107078e-104
unc5b	13-29137289-29137789	13	0.08862890244582833	0.17404763987905975	3	0.08541873743323142	0.12317348247175139	0.0018312114988628032	unsupported	True	0.14167651952924	2.1131082947126806e-101
unc5b	13-29032632-29033132	14	0.08167775872990939	0.19655651490553974	3	0.11487875617563036	0.25326762056698576	0.005718825408842548	unsupported	True	0.1413841283111319	5.469617402988767e-101
unc5b	13-29146395-29146895	15	0.11112226233387987	0.17823961538159439	1	0.06711735304771452	0.10155840802098266	0.0012149403095269504	unsupported	True	0.141375360723458	5.627668232277785e-101
unc5b	13-29110781-29111281	16	0.14303862996776692	0.24339713317936998	1	0.10035850321160306	0.18578120288420763	0.004538072235754093	unsupported	True	0.1361256731694609	1.0360201318829046e-93
unc5b	13-29173659-29174159	17	0.10783560872282688	0.14573482446261268	2	0.0378992157397858	0.06334990272775047	0.00034989643503186837	unsupported	True	0.1355307452827422	6.618557593766675e-93
unc5b	13-29191002-29191502	18	0.10960072351011643	0.21267759717313778	2	0.10307687366302135	0.16491888362449483	0.003615375154749803	unsupported	True	0.1338702291418336	1.120607571563369e-90
unc5b	13-29177851-29178351	19	0.12940284720455295	0.16363644637620964	0	0.03423359917165669	0.06984666756606858	0.0003912715685375649	unsupported	True	0.1271363349286913	6.272130957774187e-82
etv4	12-27553004-27553504	0	0.38921747276461166	0.49469302204801446	2	0.1054755492834028	0.19939128277844126	0.010403841987154473	core_concordant	True	0.4142034206428885	0.0
etv4	12-27504005-27504505	1	0.17333067040395073	0.19772371806610547	2	0.02439304766215475	0.17584513791195577	0.0008481158849843486	unsupported	True	0.3084512598875921	0.0
etv4	12-27529604-27530104	2	0.1760412735428039	0.1806410762273926	2	0.0045998026845886775	0.04755185966922598	3.951147298971912e-05	unsupported	True	0.2686018456766283	0.0
etv4	12-27556927-27557427	3	0.19234042759318734	0.24231644520633164	2	0.0499760176131443	0.18267715809576995	0.0022122223818562188	unsupported	True	0.2675108325849272	0.0
etv4	12-27530203-27530703	4	0.19058212208978156	0.18596120773244496	2	-0.0046209143573366085	0.026784927544758974	0.0	unsupported	True	0.2630440432899018	0.0
etv4	12-27507992-27508492	5	0.1028644372843953	0.24850343725237342	2	0.14563899996797813	0.25067772987905107	0.009072476281386042	regional_candidate	True	0.1885577085759067	3.0751439110386242e-179
etv4	12-27500828-27501328	6	0.08538967776058247	0.16382898259840847	3	0.078439304837826	0.10635347286815089	0.0013667092893510284	unsupported	True	0.186159133078728	1.093999778786963e-174
etv4	12-27504507-27505007	7	0.08098825759822816	0.10272020104395617	2	0.021731943445728014	0.08741808671393228	0.0001951442341695015	unsupported	True	0.1830155206186336	8.120254214801006e-169
etv4	12-27465037-27465537	8	0.09801020299422611	0.10282425431247787	2	0.004814051318251758	0.0612914557312809	3.0339346405816496e-05	unsupported	True	0.1803195812086781	7.231067331925774e-164
etv4	12-27558365-27558865	9	0.05551215810705527	0.0778567702793666	2	0.02234461217231133	0.028217541872081718	4.9089474532440113e-05	unsupported	True	0.1639159088680087	1.993137760663492e-135
etv4	12-27470296-27470796	10	0.04455397069450675	0.09060454519217415	3	0.0460505744976674	0.08581118616874017	0.0003580378516072989	unsupported	True	0.1622188744685452	1.1986470685871777e-132
etv4	12-27476301-27476801	11	0.08350028940117327	0.19282878004585655	2	0.10932849064468328	0.10685959513912299	0.002252779733580017	unsupported	True	0.1521898327463403	7.659251600997195e-117
etv4	12-27468908-27469408	12	0.04078779890042715	0.06940012837420127	2	0.028612329473774123	0.07624834217764759	0.00015140628262882245	unsupported	True	0.1436575219489372	3.185848404560977e-104
etv4	12-27457696-27458196	13	0.014496246923797213	0.0739091161096773	3	0.059412869185880096	0.11350460184155307	0.000498416032830967	unsupported	True	0.1392804705550116	4.8256202148924896e-98
etv4	12-27469783-27470283	14	0.06095487840718684	0.07109831244116849	2	0.01014343403398165	0.05466059042044364	3.942018156528409e-05	unsupported	True	0.1387084221587842	2.9967116459855696e-97
etv4	12-27541731-27542231	15	0.09942379046327213	0.1394159244753341	1	0.039992134012061975	0.1126013415069716	0.0006278133213509538	unsupported	True	0.1358283770301721	2.6199562169982813e-93
etv4	12-27526862-27527362	16	0.1343066346648986	0.29995572350788124	3	0.16564908884298266	0.08526778797211865	0.004236734030868867	unsupported	True	0.133768989059854	1.5290362140494183e-90
etv4	12-27517334-27517834	17	0.10072176871567229	0.1164143203529469	2	0.015692551637274607	0.022583415994121975	4.12562364884149e-05	unsupported	True	0.1209437684580156	2.7104218672642616e-74
etv4	12-27496703-27497203	18	0.031066744720419894	0.07928077075216516	3	0.048214026031745266	0.06868107323823848	0.0002625296349433969	unsupported	True	0.1208120342058855	3.901451015838339e-74
etv4	12-27549229-27549729	19	0.06280388605279341	0.09353690757312325	1	0.030733021520329834	0.03850457448321831	0.00011068801418338814	unsupported	True	0.1160045377248835	1.7522069343198064e-68
