gene	enhancer	enhancer_index	global_concordance	max_regional_concordance	best_domain	local_advantage	regional_specificity	regional_evidence_score	predicted_class	screen_only	initial_spearman_rho	link_pvalue
ndr1	21-21030407-21030907	0	0.01735826660254782	0.057839641568559204	0	0.04048137496601138	0.040013914930786806	9.36897095410608e-05	unsupported	True	0.0734037760554627	1.5525270680144423e-28
ndr1	21-21023774-21024274	1	0.019421483631653365	0.04455879506372315	5	0.025137311432069785	0.020530915973744932	2.2996438946108226e-05	unsupported	True	0.0640594262849402	3.5262211992294463e-22
ndr1	21-20935149-20935649	2	0.03431134329820422	0.036176491458198276	2	0.0018651481599940567	0.011019484742066616	7.435344048109408e-07	unsupported	True	0.0622383008774557	4.858166991638038e-21
ndr1	21-20955385-20955885	3	0.10221380571869293	0.1391374589793272	2	0.036923653260634265	0.12069866463851524	0.0006200849588432429	unsupported	True	0.0618145978010083	8.848359119084977e-21
ndr1	21-20962030-20962530	4	0.00933542517283954	0.055410224080273913	5	0.04607479890743438	0.03748921190886244	9.571051778903264e-05	unsupported	True	0.0599371174961115	1.2011424984474242e-19
ndr1	21-20911783-20912283	5	0.015285961802720986	0.02619338845751752	1	0.010907426654796533	0.026759888871238948	7.64536617191947e-06	unsupported	True	0.0546201133090078	1.262108236963387e-16
ndr1	21-20954808-20955308	6	0.019329435175410272	0.06042706496195688	5	0.0410976297865466	0.06014228024228361	0.0001493578887484712	unsupported	True	0.0516546013390475	4.6445896463427904e-15
ndr1	21-21032498-21032998	7	0.011979242927622076	0.045338986732870686	0	0.03335974380524861	0.04707270317057238	7.119732147057007e-05	unsupported	True	0.0506781666588189	1.4583635416624472e-14
ndr1	21-21015706-21016206	8	0.003063343779526023	0.012818098937380572	1	0.00975475515785455	0.016497750387995037	2.06283609026077e-06	unsupported	True	0.049378914118462	6.46782513346167e-14
ndr1	21-20914137-20914637	9	-0.009513577099042646	0.01360376239245497	4	0.023117339491497614	0.029064850351083242	9.140395333627255e-06	unsupported	True	0.0492574820122997	7.419666043863149e-14
ndr1	21-20995334-20995834	10	0.02155680238398094	0.08005813733986984	3	0.0585013349558889	0.07613888254419326	0.00035659705853736224	unsupported	True	0.0479562327181524	3.16506086876518e-13
ndr1	21-21109673-21110173	11	0.005253015831565139	0.026672338782740793	2	0.021419322951175653	0.03173221773174808	1.8128725093467263e-05	unsupported	True	0.0475011450384605	5.210163883540739e-13
ndr1	21-20962554-20963054	12	-0.008973203578102065	0.02191547132103846	0	0.030888674899140524	0.037794752817438895	2.5584775017231402e-05	unsupported	True	0.0459907011405957	2.636283687648053e-12
ndr1	21-21081584-21082084	13	0.027287991399988724	0.04249457251341277	2	0.015206581113424048	0.030714182566547253	1.98474176631069e-05	unsupported	True	0.0450299975672257	7.201294608592734e-12
ndr1	21-20959969-20960469	14	-0.0037828560815265327	0.012092060951350452	3	0.015874917032876985	0.01785090601617104	3.426668208096272e-06	unsupported	True	0.0434529261182795	3.5855942259958745e-11
ndr1	21-21095600-21096100	15	0.016373058053453373	0.05028896582685214	5	0.03391590777339877	0.04544570151802879	7.75120034089494e-05	unsupported	True	0.0424794769744842	9.39598404813444e-11
ndr1	21-20987897-20988397	16	0.01264245717840494	0.026499762771238004	2	0.013857305592833064	0.02857367095060238	1.049268946049754e-05	unsupported	True	0.0423411248803976	1.0756382465114179e-10
ndr1	21-21018087-21018587	17	-0.0024911535898721154	0.019473575017934317	0	0.021964728607806433	0.037998400393013915	1.6253123828362167e-05	unsupported	True	0.0406137686893444	5.615492253877378e-10
ndr1	21-21026521-21027021	18	-0.004802939608041768	0.007551817445306027	3	0.012354757053347796	0.02420018942046386	2.2578987234153927e-06	unsupported	True	0.0405067291158781	6.207574144686414e-10
ndr1	21-20960622-20961122	19	0.006873096458919207	0.015504447456193626	2	0.008631350997274419	0.020714111256142066	2.772052019243992e-06	unsupported	True	0.0395995340368004	1.437083927770619e-09
hells	13-8273334-8273834	0	0.055778400845150115	0.07727639292771996	0	0.02149799208256984	0.06946983226983437	0.00011540934892492165	unsupported	True	0.0982270130694717	1.3117185091142238e-49
hells	13-8270073-8270573	1	0.023619374151123196	0.04923198287841955	5	0.025612608727296357	0.0357015913516299	4.501826129169908e-05	unsupported	True	0.0813568626852388	1.2716440402946654e-34
hells	13-8216996-8217496	2	0.05183168894502481	0.07417314700587618	2	0.022341458060851374	0.038860757682957825	6.439757037832022e-05	unsupported	True	0.0752330005052528	7.019968107952968e-30
hells	13-8196003-8196503	3	0.02138285405457084	0.05071602562353147	1	0.029333171568960627	0.0367751650968583	5.470901127879932e-05	unsupported	True	0.0691068133586038	1.6609594283298905e-25
hells	13-8181430-8181930	4	0.030869908845019937	0.04004462359365216	2	0.00917471474863222	0.017747020362407367	6.520219763825535e-06	unsupported	True	0.0689730910915097	2.049848988160489e-25
hells	13-8210791-8211291	5	0.028037016682079342	0.09348910892386764	4	0.0654520922417883	0.07611084386424886	0.0004657266513574516	unsupported	True	0.0584974249267281	8.4121437073446135e-19
hells	13-8328352-8328852	6	0.005407177210368236	0.015741523115663545	1	0.01033434590529531	0.012464363286989619	2.027681990426252e-06	unsupported	True	0.0571374333580517	5.068440317682724e-18
hells	13-8318609-8319109	7	-0.00028462733702054013	0.041766404908217473	4	0.04205103224523801	0.03588192642527509	6.302016079161067e-05	unsupported	True	0.0483362931006646	2.0800221260677187e-13
hells	13-8263722-8264222	8	0.018921211410214057	0.056894897704315134	5	0.037973686294101076	0.04248194635865378	9.178262732468198e-05	unsupported	True	0.0440616747767951	1.9422131642199135e-11
hells	13-8197641-8198141	9	0.022837279517077768	0.11982470280463285	4	0.09698742328755508	0.08772590541258243	0.0010195056597876576	unsupported	True	0.0431418332689103	4.8894093355041515e-11
hells	13-8260127-8260627	10	0.021571037277472397	0.039848614193792285	2	0.018277576916319888	0.021223562626819452	1.5457887063819963e-05	unsupported	True	0.0423960341930873	1.0194872698110376e-10
hells	13-8309759-8310259	11	0.011822537082585445	0.04909602924206479	3	0.037273492159479345	0.04712983006683503	8.624666815329699e-05	unsupported	True	0.0413819530390289	2.7148012289843817e-10
hells	13-8177055-8177555	12	0.006122767210652742	0.05194067778056168	4	0.04581791056990894	0.0433918891305556	0.0001032645961446585	unsupported	True	0.0399995120875528	9.947645577862695e-10
hells	13-8316877-8317377	13	0.008467896519649621	0.017695070571385956	1	0.009227174051736335	0.020707642567824106	3.3810506116650164e-06	unsupported	True	0.0370260846230914	1.4086973395560949e-08
hells	13-8186668-8187168	14	0.03435858673720433	0.046694132800263896	5	0.012335546063059567	0.023208930651140398	1.3368288957804592e-05	unsupported	True	0.0368587194211619	1.6259254636232412e-08
hells	13-8212571-8213071	15	0.003229228842986214	0.0395984512132751	5	0.03636922237028888	0.01934462937468092	2.7859455797435445e-05	unsupported	True	0.0364196925901777	2.3616242281695758e-08
hells	13-8164462-8164962	16	0.026901840050179624	0.04008131230886814	1	0.013179472258688516	0.028275881527247124	1.4936749789419483e-05	unsupported	True	0.0354734581769304	5.204354567850237e-08
hells	13-8192413-8192913	17	0.00930067294822867	0.029089098996172586	3	0.019788426047943918	0.029737078149349713	1.71174794851585e-05	unsupported	True	0.0338663375595209	1.9041163579956305e-07
hells	13-8159548-8160048	18	0.024298617288655344	0.0338545327856388	4	0.009555915496983453	0.013965799212811499	4.518090430124162e-06	unsupported	True	0.0315754138347291	1.0974526494360296e-06
hells	13-8246665-8247165	19	0.014675355012679987	0.03322649840697928	0	0.01855114339429929	0.031185674123880996	1.9222523216735813e-05	unsupported	True	0.0302409655118895	2.8882517699811685e-06
sall3a	16-6605777-6606277	0	0.06914304116776775	0.0987834595310626	1	0.029640418363294854	0.02278150749328378	6.670386820098645e-05	unsupported	True	0.0968032733211655	3.105706724383621e-48
sall3a	16-6648942-6649442	1	0.0239657824584136	0.051868970111392236	2	0.027903187652978636	0.034857673293174324	5.044984541343819e-05	unsupported	True	0.0912093528523743	4.965199104531314e-43
sall3a	16-6597154-6597654	2	0.0036282347102467843	0.05184371655079264	4	0.04821548184054585	0.057564677145245435	0.0001438926835043483	unsupported	True	0.0640629064472374	3.50833918775138e-22
sall3a	16-6610732-6611232	3	0.03747748805465862	0.07833396442719691	1	0.04085647637253829	0.05563658094991551	0.00017806208252598454	unsupported	True	0.0636119708723534	6.76409124228851e-22
sall3a	16-6567323-6567823	4	0.039739470391257935	0.06646176637567783	1	0.026722295984419893	0.05652238104301739	0.00010038437006813775	unsupported	True	0.0595414787984324	2.060185390036004e-19
sall3a	16-6623851-6624351	5	0.0124080895817574	0.025326715917196967	1	0.012918626335439568	0.017391923996847466	5.690400640512698e-06	unsupported	True	0.0518291979640679	3.776763034105517e-15
sall3a	16-6572065-6572565	6	0.032174832079750276	0.05035553746537456	0	0.01818070538562428	0.03168841997694341	2.901072285906757e-05	unsupported	True	0.051287741394095	7.156975082419988e-15
sall3a	16-6557534-6558034	7	0.029409741223589796	0.05196739450158282	0	0.02255765327799302	0.025345472178746282	2.971154574169655e-05	unsupported	True	0.0503321926310456	2.176309335821077e-14
sall3a	16-6609717-6610217	8	0.0333439991910725	0.11809603463587763	3	0.08475203544480514	0.094207687039516	0.0009429133699684414	unsupported	True	0.0495275509842899	5.4648706918567945e-14
sall3a	16-6596361-6596861	9	0.01231968083479935	0.022271358861399033	1	0.009951678026599683	0.00953899221353451	2.1141973622728865e-06	unsupported	True	0.0484041586692199	1.9291507477952298e-13
sall3a	16-6606965-6607465	10	0.007270271963861855	0.033107906205466664	2	0.02583763424160481	0.03561101912569388	3.0462733059475752e-05	unsupported	True	0.0467623301307545	1.158838013312718e-12
sall3a	16-6713961-6714461	11	0.025279060366820958	0.05309419969517812	5	0.02781513932835716	0.03723995022048818	5.4996798695198486e-05	unsupported	True	0.0463463442685034	1.8079171553293466e-12
sall3a	16-6657735-6658235	12	0.03354622574686008	0.059133174929494804	3	0.025586949182634725	0.021404430968111246	3.2385707618376433e-05	unsupported	True	0.0461861741585236	2.143412585094938e-12
sall3a	16-6663676-6664176	13	-0.0007329258690070413	0.02381742774932042	5	0.024550353618327463	0.03091324583338411	1.807578703871017e-05	unsupported	True	0.0432861641663768	4.235263819854678e-11
sall3a	16-6597766-6598266	14	0.008568695327520972	0.02699475476388093	0	0.018426059436359957	0.03440891014366742	1.7115231245210448e-05	unsupported	True	0.0401901698218745	8.337342195077747e-10
sall3a	16-6585986-6586486	15	0.02319327939930275	0.043369435496993354	0	0.020176156097690603	0.021138504338583216	1.8496793753274426e-05	unsupported	True	0.0355911564546558	4.722228408142144e-08
sall3a	16-6683901-6684401	16	0.02275254736580105	0.028841427544456184	2	0.006088880178655134	0.018621733004278565	3.270199711163061e-06	unsupported	True	0.0332245698387414	3.146289427064911e-07
sall3a	16-6533972-6534472	17	0.01803432726755461	0.038811701816175694	2	0.020777374548621084	0.03784806930954584	3.0520882380381116e-05	unsupported	True	0.0307936627036061	1.943631554079933e-06
sall3a	16-6685839-6686339	18	-0.0017502507758981266	0.0156988906731468	0	0.017449141449044924	0.024873380803134976	6.813619028126066e-06	unsupported	True	0.0303753614892145	2.624644231789742e-06
sall3a	16-6687616-6688116	19	0.01459224601519556	0.030786735763518234	4	0.016194489748322674	0.026264184212618103	1.3094678164116425e-05	unsupported	True	0.0285486334879823	9.321613762552347e-06
lratd1	20-32780496-32780996	0	0.021424813921740806	0.06986809169823692	5	0.04844327777649611	0.05663476425985785	0.00019168825304270652	unsupported	True	0.0768091738507953	4.583643092447336e-31
lratd1	20-32694626-32695126	1	0.025222194823363617	0.053350754165809575	1	0.028128559342445958	0.0337601435220299	5.066316726912031e-05	unsupported	True	0.0702502761637861	2.703612924792201e-26
lratd1	20-32748599-32749099	2	0.03839896471760381	0.07301947323010587	0	0.034620508512502056	0.04953901254841034	0.0001252332016823024	unsupported	True	0.069886775271498	4.830246464707232e-26
lratd1	20-32758784-32759284	3	0.01986980318429509	0.039187005091784875	0	0.019317201907489784	0.02520878263696774	1.9082627205019927e-05	unsupported	True	0.0655158589410463	4.101359820021813e-23
lratd1	20-32766975-32767475	4	0.05461882805230591	0.1352303856094533	5	0.08061155755714738	0.12339998444830456	0.0013451995208770245	unsupported	True	0.0621589036865707	5.437511195629932e-21
lratd1	20-32762538-32763038	5	0.01961527589579603	0.09483218274724804	5	0.07521690685145202	0.09835125281279765	0.0007015378592121601	unsupported	True	0.0611741119862961	2.1734547409910223e-20
lratd1	20-32764533-32765033	6	0.0988676586512514	0.22872467024667195	5	0.12985701159542057	0.16573673362905195	0.004922629951274801	unsupported	True	0.0570387800747819	5.7643773734818595e-18
lratd1	20-32841954-32842454	7	0.032711438575413185	0.07501149223906517	2	0.042300053663651985	0.04960219348755385	0.00015738727121070848	unsupported	True	0.0549659150062461	8.183683116323034e-17
lratd1	20-32732385-32732885	8	0.023630429705499254	0.06140796568908104	4	0.037777535983581786	0.04242142219943443	9.841098137043641e-05	unsupported	True	0.0499047406044233	3.555649538154799e-14
lratd1	20-32821507-32822007	9	0.01631267547175352	0.05916643139608775	0	0.04285375592433423	0.047897564008596745	0.00012144445603168671	unsupported	True	0.0471062822606253	7.999334953941883e-13
lratd1	20-32760511-32761011	10	0.01869584657156849	0.11000573780631624	0	0.09130989123474775	0.11915764116469865	0.0011968922668882777	unsupported	True	0.0431025170914979	5.084088462222292e-11
lratd1	20-32792528-32793028	11	0.03417638859337003	0.0744611521599738	0	0.04028476356660377	0.05564468189222544	0.00016691456501115429	unsupported	True	0.0430510234984347	5.350561246715491e-11
lratd1	20-32779739-32780239	12	0.013061057066922087	0.06750139036019939	2	0.054440333293277306	0.06395397528009068	0.00023501795253663718	unsupported	True	0.0423653053818377	1.050548245725598e-10
lratd1	20-32713447-32713947	13	0.009569675882264738	0.021640574836445627	4	0.012070898954180889	0.014413790205961015	3.765187461161481e-06	unsupported	True	0.0405503970240654	5.959021986736019e-10
lratd1	20-32854043-32854543	14	-0.0248927401540762	0.015929751172725506	2	0.040822491326801706	0.07068774260417399	4.596768263840067e-05	unsupported	True	0.0405346638902288	6.047434077560514e-10
lratd1	20-32778184-32778684	15	-0.006675834333582405	0.005150081559226002	1	0.011825915892808406	0.008769941185113529	5.341282809444591e-07	unsupported	True	0.040474825636027	6.395524313367534e-10
lratd1	20-32739112-32739612	16	0.019490341587858357	0.058954088131145506	4	0.039463746543287145	0.05344078071954268	0.00012433260518676954	unsupported	True	0.038789926944872	2.993483526307579e-09
lratd1	20-32856402-32856902	17	0.014302970471886393	0.04390852700324929	0	0.0296055565313629	0.027467516113988028	3.570602342095933e-05	unsupported	True	0.0359937680542899	3.3785371426809755e-08
lratd1	20-32852147-32852647	18	0.0001594566639724684	0.038210652799917054	1	0.038051196135944584	0.051901390141346454	7.546259940389687e-05	unsupported	True	0.0339029157793744	1.8498850948773667e-07
lratd1	20-32715590-32716090	19	0.013751380485828699	0.034179749491565804	4	0.020428369005737107	0.025231056853218456	1.7617245715045032e-05	unsupported	True	0.0326087695049703	5.051397060652324e-07
zmp:0000000624	24-37672393-37672893	0	0.034975168590860015	0.07470511912280643	4	0.03972995053194642	0.040568992141243335	0.00012041001362529476	unsupported	True	0.0898956072095329	7.461684578577317e-42
zmp:0000000624	24-37636707-37637207	1	0.05028605690555003	0.0743538061612158	1	0.024067749255665766	0.0542137502217452	9.701706536608366e-05	unsupported	True	0.0836685434133356	1.651789884446456e-36
zmp:0000000624	24-37614604-37615104	2	0.062267345108561654	0.11017811584005448	1	0.04791077073149282	0.09962938582566429	0.0005259154768850477	unsupported	True	0.0777928439237442	8.112827944666543e-32
zmp:0000000624	24-37612671-37613171	3	0.04290902357924643	0.0606673831800796	2	0.01775835960083317	0.04335320426364196	4.670671362779883e-05	unsupported	True	0.0729728324807217	3.184497130073015e-28
zmp:0000000624	24-37631719-37632219	4	0.047104811971537534	0.0881518688955346	2	0.041047056923997065	0.08169277230062191	0.00029559506704265794	unsupported	True	0.0628220303767619	2.112827405912625e-21
zmp:0000000624	24-37617554-37618054	5	0.028147729404992144	0.04826962101288306	5	0.020121891607890918	0.021565216494467725	2.0945778983693716e-05	unsupported	True	0.0602672590973926	7.636671517591544e-20
zmp:0000000624	24-37623171-37623671	6	0.027900508583531512	0.07267032732744035	3	0.04476981874390883	0.03769744143215748	0.00012264626518036355	unsupported	True	0.0559865059605578	2.2432503449969017e-17
zmp:0000000624	24-37690649-37691149	7	0.015557750695249386	0.09017456284165258	3	0.0746168121464032	0.07940327601774055	0.0005342679930368246	unsupported	True	0.0553646084439185	4.949724177162619e-17
zmp:0000000624	24-37791076-37791576	8	0.006736793308240555	0.02474393189925289	4	0.018007138591012335	0.02469153072240526	1.1001741417520624e-05	unsupported	True	0.0552362538464697	5.821709293015658e-17
zmp:0000000624	24-37670102-37670602	9	0.022855956172734927	0.05913093233849738	4	0.03627497616576245	0.0473067304236065	0.00010147166710457154	unsupported	True	0.0479685825220817	3.122337351822751e-13
zmp:0000000624	24-37693862-37694362	10	0.004262168597958087	0.03118986708731958	1	0.026927698489361496	0.040594740433212644	3.409435891674546e-05	unsupported	True	0.0458099181359482	3.1900363004386694e-12
zmp:0000000624	24-37624752-37625252	11	0.0175192669170831	0.06340767594703328	4	0.045888409029950186	0.058121854035810105	0.00016911584336114628	unsupported	True	0.0442742759173855	1.5648267727573982e-11
zmp:0000000624	24-37626739-37627239	12	-0.0018038609659699449	0.028009050095133044	4	0.029812911061102988	0.03792280803264364	3.166673242655477e-05	unsupported	True	0.0410050401926407	3.8843618554000136e-10
zmp:0000000624	24-37645370-37645870	13	0.031241717873844985	0.04569833549324573	1	0.014456617619400744	0.022657998257365756	1.4968856146498354e-05	unsupported	True	0.0389117723060896	2.6829595261130003e-09
zmp:0000000624	24-37713447-37713947	14	0.017631142472827176	0.06740737863965562	4	0.04977623616682845	0.036697493761938836	0.00012313057232247058	unsupported	True	0.034680112802802	9.94294361654899e-08
zmp:0000000624	24-37793188-37793688	15	-0.012145496416895874	0.017285724551016343	4	0.029431220967912217	0.03441327222997396	1.7507407386485356e-05	unsupported	True	0.0343301437260536	1.3171576551875488e-07
zmp:0000000624	24-37784601-37785101	16	0.012007016581257888	0.035311606191902385	2	0.023304589610644497	0.031304348888932396	2.5761052760395258e-05	unsupported	True	0.0299299732429352	3.59885012619644e-06
zmp:0000000624	24-37662669-37663169	17	0.010498560263715446	0.022668884187575584	2	0.012170323923860138	0.008366193894242643	2.3081296863329342e-06	unsupported	True	0.0281948841290457	1.1815756617394008e-05
zmp:0000000624	24-37610203-37610703	18	0.01818543538699093	0.032590289198962175	4	0.014404853811971246	0.01579627264960629	7.415692119522796e-06	unsupported	True	0.0233230445930555	0.000235442915698
zmp:0000000624	24-37785752-37786252	19	0.020469916425216617	0.08975932410349734	2	0.06928940767828072	0.09808616641685082	0.0006100342001344466	unsupported	True	0.0223382472094954	0.0004053629191736
add3b	17-20246954-20247454	0	0.0402061386248807	0.0818848710843647	3	0.041678732459483996	0.04962795892473411	0.00016937315849619537	unsupported	True	0.0938944476621954	1.7260963387439966e-45
add3b	17-20352293-20352793	1	0.009996716856421605	0.027735909991216643	3	0.017739193134795037	0.024860015979618122	1.223144269178708e-05	unsupported	True	0.088030252375785	3.268858877792773e-40
add3b	17-20258738-20259238	2	0.051563418801775125	0.07723168994634481	2	0.02566827114456969	0.026361174807932708	5.225849728985388e-05	unsupported	True	0.0852342626743001	8.13214641644587e-38
add3b	17-20353524-20354024	3	0.00937380028742163	0.04288993221389908	5	0.03351613192647745	0.03721159386697243	5.349183833944297e-05	unsupported	True	0.0672945732384383	2.777229642914678e-24
add3b	17-20188727-20189227	4	0.019263472015077568	0.0625035557037525	0	0.043240083688674935	0.05250509890071438	0.00014190337701197687	unsupported	True	0.0660714128063557	1.7825369210890625e-23
add3b	17-20251232-20251732	5	0.023575230018595232	0.07824138590070033	3	0.0546661558821051	0.049872793427604395	0.00021331370757530553	unsupported	True	0.0657133312713573	3.0523903688376174e-23
add3b	17-20307094-20307594	6	0.016428532805923657	0.03904796250395265	2	0.022619429698028992	0.028115384030500026	2.4832706091889322e-05	unsupported	True	0.0644107892480912	2.1076118047720452e-22
add3b	17-20294778-20295278	7	0.0279310885013392	0.041170313152279064	1	0.013239224650939865	0.011352183511862818	6.187655482749207e-06	unsupported	True	0.0594789754361275	2.2427634945639684e-19
add3b	17-20304074-20304574	8	0.06124998324664192	0.15739272415718508	2	0.09614274091054316	0.1451722680634163	0.002196771134737478	unsupported	True	0.0585143806258766	8.223728046284006e-19
add3b	17-20289825-20290325	9	0.03175173305134289	0.052766502757736714	1	0.02101476970639382	0.04141086716915501	4.59195127537742e-05	unsupported	True	0.0576940845619774	2.4423447201809867e-18
add3b	17-20284725-20285225	10	0.01869440169699295	0.08089861321643756	2	0.06220421151944461	0.07482120335039492	0.0003765178369515208	unsupported	True	0.0542254958304264	2.0624602227701375e-16
add3b	17-20257513-20258013	11	-0.004965925636908029	0.011757611228315645	2	0.016723536865223675	0.020534170010133447	4.037610128506096e-06	unsupported	True	0.0472497171172367	6.848404544279542e-13
add3b	17-20284224-20284724	12	0.024453453546742648	0.04853818361453036	0	0.024084730067787715	0.022504118928884546	2.6307968780097614e-05	unsupported	True	0.0411576236883397	3.3612477109815503e-10
add3b	17-20191639-20192139	13	0.030497449262482247	0.07950668978492513	2	0.04900924052244288	0.058645406312723275	0.00022851549002746158	unsupported	True	0.0364780464617665	2.2478612342006183e-08
add3b	17-20232046-20232546	14	-0.013273020393549825	0.019915287840316997	5	0.03318830823386682	0.047433283761286894	3.135125237969945e-05	unsupported	True	0.0331065825540173	3.447244493638836e-07
add3b	17-20248245-20248745	15	0.006577827305227052	0.012946303365603344	4	0.006368476060376292	0.011058633804471234	9.117647065859146e-07	unsupported	True	0.0306009692048585	2.233132195959559e-06
add3b	17-20346739-20347239	16	0.006378831925208763	0.023150236545549624	4	0.016771404620340862	0.011862486510756727	4.605752549761543e-06	unsupported	True	0.0195299209005746	0.0017058787538726
add3b	17-20300965-20301465	17	-0.008459897922022399	0.02675489083846127	1	0.035214788760483666	0.05871827058308602	5.5322465528834845e-05	unsupported	True	0.017528932808141	0.0042952527830057
add3b	17-20294071-20294571	18	-0.0028276599490398213	0.03432486698802647	0	0.03715252693706629	0.038467651804978395	4.9056086282194564e-05	unsupported	True	0.0158687111627934	0.0086798055517839
clocka	20-22052817-22053317	0	0.014831628929818194	0.028633090712285987	3	0.013801461782467793	0.011652020262668296	4.604627973027109e-06	unsupported	True	0.0797541041560804	2.4056568911144867e-33
clocka	20-21998949-21999449	1	0.03179610800953503	0.09614490536126266	3	0.06434879735172763	0.07368720349915628	0.00045588865611403696	unsupported	True	0.0772740703779762	2.0275728999494696e-31
clocka	20-22120684-22121184	2	0.03580809671654953	0.04587657560759998	3	0.010068478891050447	0.016631440608072385	7.682184376865804e-06	unsupported	True	0.0693414541446006	1.1471537359954102e-25
clocka	20-22166266-22166766	3	0.03009369852127586	0.043699486545026936	1	0.013605788023751075	0.016836640007173477	1.001049287209506e-05	unsupported	True	0.0682534760018222	6.3149583806697705e-25
clocka	20-22092869-22093369	4	0.018471739510578067	0.04416959039264016	1	0.02569785088206209	0.03167924583348974	3.5957957155725855e-05	unsupported	True	0.0634412463713727	8.662286663790416e-22
clocka	20-22020123-22020623	5	0.02677280624973869	0.04962760553268093	2	0.02285479928294224	0.03403500447698081	3.8603487845281813e-05	unsupported	True	0.0606235046837362	4.671634498777823e-20
clocka	20-22125102-22125602	6	0.03588435815019127	0.08798093929998196	1	0.0520965811497907	0.06885707296727395	0.0003156068169948402	unsupported	True	0.0578353357469771	2.027079121649168e-18
clocka	20-22080902-22081402	7	0.03643877990118397	0.0658168194196185	1	0.029378039518434533	0.030933557624402426	5.981217185266358e-05	unsupported	True	0.0552178530350021	5.958539816931164e-17
clocka	20-22093470-22093970	8	0.05288957826931236	0.0942416255632353	1	0.041352047293922944	0.03845150615568209	0.00014984875546544254	unsupported	True	0.0525536352847864	1.5894615315650321e-15
clocka	20-22030524-22031024	9	0.008952719806916398	0.044844510619273026	2	0.035891790812356626	0.06393588525751685	0.00010290799096011415	unsupported	True	0.0521003298107991	2.735523354330948e-15
clocka	20-22142008-22142508	10	0.03708332627908218	0.05491573783422188	2	0.017832411555139698	0.021556113592488643	2.1109471736130777e-05	unsupported	True	0.0475802719999527	4.77922045352233e-13
clocka	20-22013756-22014256	11	0.03288815167626685	0.05940387172399513	3	0.02651572004772828	0.04072098990172579	6.414111475697437e-05	unsupported	True	0.0423662280214177	1.0496023133327808e-10
clocka	20-22116853-22117353	12	0.001197246501532457	0.03649059074339901	0	0.03529334424186656	0.02205929355243507	2.840961225800642e-05	unsupported	True	0.0391993073020298	2.0692417989395635e-09
clocka	20-21986657-21987157	13	0.012885101664129863	0.040503715510445085	4	0.02761861384631522	0.028105193070770147	3.144005629473201e-05	unsupported	True	0.0389159126882383	2.672978195296697e-09
clocka	20-21977629-21978129	14	-0.0006256212240689479	0.03153002240534858	2	0.03215564362941753	0.04908019502544292	4.976084722381829e-05	unsupported	True	0.0332922748993329	2.98519839501008e-07
clocka	20-22138163-22138663	15	-0.012044165057030156	0.03683917530673164	0	0.048883340363761796	0.0575084952130869	0.00010356256021741335	unsupported	True	0.0326524245116854	4.886000374886738e-07
clocka	20-22070012-22070512	16	0.010969568538558154	0.04934284220359927	4	0.03837327366504111	0.04807982612659517	9.10365730809164e-05	unsupported	True	0.0316437334046362	1.0433221033977595e-06
clocka	20-22076473-22076973	17	0.006500713086033813	0.08847164544978209	0	0.08197093236374828	0.08051027098045269	0.0005838687990654038	unsupported	True	0.031162504337071	1.4866697410084474e-06
clocka	20-21978285-21978785	18	0.0054225878117451914	0.029847940985395126	3	0.024425353173649935	0.02718983967814418	1.9822657454938785e-05	unsupported	True	0.0307116217082451	2.0621971720910144e-06
clocka	20-22153702-22154202	19	0.005326970136826039	0.0614411866877479	3	0.056114216550921865	0.0652994683446946	0.00022513454778692096	unsupported	True	0.0302132065623746	2.945770203310708e-06
dharma	15-28931954-28932454	0	0.024369983239960535	0.057887094360354364	3	0.03351711112039383	0.04281703381905541	8.307395900699209e-05	unsupported	True	0.0763055880280742	1.1028579959783443e-30
dharma	15-29035115-29035615	1	0.02850884381437026	0.07818998103440307	5	0.04968113722003281	0.05831014808670773	0.00022650968734374744	unsupported	True	0.0617067050597662	1.0301229096656543e-20
dharma	15-29030061-29030561	2	0.015188128744372562	0.045478940785008186	5	0.030290812040635624	0.024008423345261817	3.307386108131069e-05	unsupported	True	0.0616639010379101	1.0940873678390603e-20
dharma	15-29070800-29071300	3	0.028669393777556205	0.05050385768744851	4	0.021834463909892302	0.03002532182269032	3.3109662737873726e-05	unsupported	True	0.0572372816197285	4.448596040547892e-18
dharma	15-29020142-29020642	4	0.024022275205613848	0.05440472511268638	4	0.030382449907072534	0.024184317375827505	3.99754392423881e-05	unsupported	True	0.0561784359820993	1.7540609285180986e-17
dharma	15-29030730-29031230	5	0.009711691096404018	0.03803402055133151	4	0.028322329454927492	0.03898240294688416	4.199231460361494e-05	unsupported	True	0.0561416748216895	1.8388004288459025e-17
dharma	15-29015905-29016405	6	0.009482429281627333	0.03036084200387115	4	0.020878412722243816	0.019593167532034807	1.2419838315966071e-05	unsupported	True	0.0545570178384712	1.3655292326083668e-16
dharma	15-28954857-28955357	7	-0.01087892863500191	0.03540828944378416	4	0.046287218078786066	0.052886859361636215	8.667898242316043e-05	unsupported	True	0.0520665885812815	2.8478134232512644e-15
dharma	15-29074065-29074565	8	0.03769387047616696	0.11626060039424749	5	0.07856672991808053	0.0601085838914783	0.0005490447401083941	unsupported	True	0.0513532004482714	6.627030747462784e-15
dharma	15-28976146-28976646	9	0.03554165022011113	0.09684788587141974	4	0.061306235651308605	0.08076577526914475	0.00047953704332700316	unsupported	True	0.04685518907402	1.048763161226453e-12
dharma	15-29093462-29093962	10	0.05305613028362501	0.10822516568760489	5	0.055169035403979876	0.05783982763088412	0.0003453429862103466	unsupported	True	0.046077150157802	2.4059402094452138e-12
dharma	15-28976968-28977468	11	0.014165741672036861	0.059196843495658465	5	0.045031101823621605	0.04729438324742559	0.00012607259424714644	unsupported	True	0.0444490440737574	1.3092042036087768e-11
dharma	15-29071697-29072197	12	0.009968938137397024	0.025942342541502073	0	0.015973404404105048	0.008008113160475158	3.318462221360326e-06	unsupported	True	0.0430183319339166	5.5267703910275835e-11
dharma	15-29111014-29111514	13	-0.007039370704663782	0.005932800773338054	0	0.012972171478001837	0.023193547102420387	1.7850057448118463e-06	unsupported	True	0.0423106472350938	1.1080972172758262e-10
dharma	15-29081866-29082366	14	0.027569728151357848	0.07926384854619167	5	0.05169412039483383	0.06042547878568513	0.00024759188443974846	unsupported	True	0.0408013152137959	4.708104578513713e-10
dharma	15-29063000-29063500	15	0.036177598445678034	0.12170566157857951	4	0.08552806313290148	0.0835708742264526	0.0008699100813516479	unsupported	True	0.0405989828285826	5.693874964746507e-10
dharma	15-29062229-29062729	16	0.012472483566491638	0.07180398690578232	5	0.05933150333929069	0.07298895125735887	0.00031095033940920766	unsupported	True	0.0405182501992783	6.141033191226223e-10
dharma	15-28956382-28956882	17	-0.012889382023012463	0.04118699959431488	3	0.05407638161732734	0.041801460822184014	9.31020489506275e-05	unsupported	True	0.0402923561407765	7.581927020250126e-10
dharma	15-29020935-29021435	18	0.019781879703181862	0.09473123925745852	4	0.07494935955427666	0.08870972567673269	0.0006298431074152672	unsupported	True	0.0393941468367483	1.7335021669037015e-09
dharma	15-29059117-29059617	19	0.020127154615170072	0.05780047837439754	5	0.03767332375922747	0.04078432727366106	8.880934638972498e-05	unsupported	True	0.0393441492856862	1.8142154702273883e-09
igf2bp1	3-23558604-23559104	0	0.09111217584103382	0.14935418862244101	0	0.0582420127814072	0.06363952256334156	0.0005535803870577404	unsupported	True	0.1007443031879528	4.3480774142313234e-52
igf2bp1	3-23621944-23622444	1	0.07314569546564088	0.14277647818618183	4	0.06963078272054095	0.08688719913479864	0.0008638010745661456	unsupported	True	0.0899475978620734	6.707924788573915e-42
igf2bp1	3-23630252-23630752	2	0.07252741476106923	0.09638711470188001	2	0.023859699940810775	0.021154180755115937	4.8649700244442104e-05	unsupported	True	0.0881235751715386	2.710763540874631e-40
igf2bp1	3-23480439-23480939	3	0.054985033752645435	0.11861631963636649	3	0.06363128588372105	0.07584589136150882	0.0005724627126902106	unsupported	True	0.0719270497135685	1.7889051318905164e-27
igf2bp1	3-23523639-23524139	4	0.06285277290835285	0.09554970670912781	5	0.03269693380077496	0.05630549579607139	0.0001759086409573395	unsupported	True	0.0698537781710956	5.090762212243741e-26
igf2bp1	3-23566935-23567435	5	0.046677339317421365	0.12087669914356196	5	0.07419935982614059	0.05345433955904891	0.0004794305653539245	unsupported	True	0.0554713144987671	4.323894792445802e-17
igf2bp1	3-23490710-23491210	6	0.04319287143090267	0.13565258485917328	4	0.09245971342827061	0.11578124939878426	0.0014521746407898657	unsupported	True	0.0546261924204549	1.25256144350701e-16
igf2bp1	3-23478045-23478545	7	0.06187701122195407	0.1301025389128734	5	0.06822552769091933	0.09573817208422265	0.0008498021127492675	unsupported	True	0.0526206278600953	1.4663387764298397e-15
igf2bp1	3-23637531-23638031	8	0.0435816270038978	0.10143582372117757	2	0.057854196717279774	0.09628505772781802	0.0005650477154588951	unsupported	True	0.0441597291523132	1.7582273484617248e-11
igf2bp1	3-23572092-23572592	9	0.02592907994815322	0.056327030892308436	1	0.030397950944155216	0.0333375003672748	5.708134563500905e-05	unsupported	True	0.0430404013583214	5.4072041362499046e-11
igf2bp1	3-23532252-23532752	10	0.025148039015237152	0.07362156852388993	3	0.048473529508652774	0.05812764562134179	0.00020743997049129352	unsupported	True	0.0413783354697223	2.724192336959877e-10
igf2bp1	3-23580225-23580725	11	0.02183819335802083	0.0497938667454899	3	0.027955673387469068	0.04279885817327191	5.957691258179393e-05	unsupported	True	0.0330837095463806	3.508713577615564e-07
igf2bp1	3-23582915-23583415	12	0.02561348975705463	0.052488522913137804	1	0.026875033156083174	0.03186196918825208	4.494547488182328e-05	unsupported	True	0.0315501153644838	1.1181731211132815e-06
igf2bp1	3-23529873-23530373	13	0.03929878407116817	0.07398022150577997	1	0.0346814374346118	0.05639277147744855	0.00014468921337578786	unsupported	True	0.0310893956103369	1.5681520128522052e-06
igf2bp1	3-23645967-23646467	14	0.01984080680656948	0.10238471281749732	4	0.08254390601092784	0.0761448757038708	0.0006435181709845323	unsupported	True	0.0309824199794298	1.6951414980216553e-06
igf2bp1	3-23659734-23660234	15	0.02441608555964973	0.06132210084282653	5	0.0369060152831768	0.031832504740661856	7.204187287723331e-05	unsupported	True	0.0305894130495583	2.251747228110267e-06
igf2bp1	3-23486233-23486733	16	0.023376807744421264	0.09810973351397091	5	0.07473292576954965	0.0673843365282763	0.0004940638039104123	unsupported	True	0.0301713593439544	3.0345569836512185e-06
igf2bp1	3-23616369-23616869	17	0.01954818910166162	0.0993600726586259	0	0.07981188355696428	0.07429998922702563	0.000589207425577742	unsupported	True	0.0301655857562787	3.047005945723143e-06
igf2bp1	3-23659181-23659681	18	0.025292328583153795	0.042407805539230625	3	0.01711547695607683	0.02227434464794831	1.6167383532235786e-05	unsupported	True	0.0287916963314199	7.907875463807562e-06
igf2bp1	3-23560947-23561447	19	0.02111558219374735	0.07308041366656859	4	0.051964831472821243	0.08541799002319725	0.0003243843309814023	unsupported	True	0.028178600910655	1.1944640505262714e-05
mycb	2-32071815-32072315	0	0.06169363429789856	0.12603753121064273	0	0.06434389691274417	0.07916591056942054	0.0006420154198756678	unsupported	True	0.0973985878213292	8.317168913160149e-49
mycb	2-32061143-32061643	1	0.034376710962640944	0.058456775205599214	0	0.02408006424295827	0.02034952334682097	2.8644862106111073e-05	unsupported	True	0.0630219662906955	1.585777580822482e-21
mycb	2-32038089-32038589	2	0.030166856973258046	0.10354902941385823	3	0.07338217244060018	0.0852270116702344	0.0006476104651112216	unsupported	True	0.0585257145665275	8.100112690156102e-19
mycb	2-32100896-32101396	3	0.05852099845610192	0.1259100158726005	0	0.06738901741649858	0.05580476544359178	0.0004735007702536446	unsupported	True	0.0571849511048184	4.763498978894681e-18
mycb	2-31994674-31995174	4	0.02570779366488146	0.056943902331865755	4	0.031236108666984296	0.02622817686485462	4.6652213490756486e-05	unsupported	True	0.0558439985350905	2.6913440795034518e-17
mycb	2-32036739-32037239	5	0.01017700574374646	0.029974908092678776	0	0.019797902348932316	0.007738392666285444	4.592274091221833e-06	unsupported	True	0.0532418789437039	6.909474191638385e-16
mycb	2-32077825-32078325	6	0.00934703226242362	0.04001340769489498	5	0.030666375432471363	0.029625752006276613	3.635275842408279e-05	unsupported	True	0.0508909734578542	1.1385523274904139e-14
mycb	2-32027277-32027777	7	0.04067565784019326	0.071726140934373	3	0.031050483094179744	0.03442659554404428	7.667254940066265e-05	unsupported	True	0.0505723913915767	1.6487003352762925e-14
mycb	2-31924113-31924613	8	0.020948011407499818	0.04150780120703455	1	0.020559789799534735	0.02617792729643799	2.234002503655971e-05	unsupported	True	0.0484446813145386	1.8442451686917922e-13
mycb	2-32005355-32005855	9	0.017636395186070564	0.03647170977634364	0	0.018835314590273076	0.01854341184628643	1.2738510388530666e-05	unsupported	True	0.0468964663568595	1.0031896321217325e-12
mycb	2-32097621-32098121	10	0.04640907683195412	0.07603662423493385	2	0.02962754740297973	0.04044969309673751	9.112420658019048e-05	unsupported	True	0.0456709664936064	3.691689256452174e-12
mycb	2-32080747-32081247	11	0.019010150554321422	0.051376646269383236	0	0.03236649571506181	0.032907783504277865	5.4721760893001614e-05	unsupported	True	0.0417905524334411	1.8345854518696002e-10
mycb	2-32091575-32092075	12	0.03664937945529245	0.08155424070783558	3	0.04490486125254313	0.061093228833630796	0.00022373451461973543	unsupported	True	0.0416047679372145	2.1934316353641537e-10
mycb	2-32089132-32089632	13	0.0021484259529859235	0.037867975871286555	4	0.03571954991830063	0.03013488573613	4.0761261729130134e-05	unsupported	True	0.0415311485124872	2.353840290701676e-10
mycb	2-32000666-32001166	14	0.04125273475521448	0.06783471214687495	2	0.026581977391660468	0.033538572381482355	6.047610926315134e-05	unsupported	True	0.0409633883971387	4.040444052824391e-10
mycb	2-32064431-32064931	15	0.03677436844943862	0.12511358518230475	0	0.08833921673286613	0.11052309011251511	0.0012215493929933533	unsupported	True	0.0406389392640976	5.484471246863139e-10
mycb	2-32090177-32090677	16	0.01355516651069158	0.03283828799401058	4	0.019283121483319003	0.023552571460750675	1.4914069919567506e-05	unsupported	True	0.0380082127648578	5.997186643162302e-09
mycb	2-32041111-32041611	17	0.07587257689436158	0.1519455428002882	0	0.07607296590592663	0.06981426096732853	0.0008069794189520317	unsupported	True	0.0378547056422382	6.863119458321474e-09
mycb	2-32012510-32013010	18	0.0021578742876056244	0.028795433494954493	5	0.02663755920734887	0.028919492741616676	2.2182409581397707e-05	unsupported	True	0.0361652087821451	2.9264303270117712e-08
mycb	2-32037285-32037785	19	0.02181910155134329	0.07898287130361809	0	0.057163769752274794	0.05631464634951831	0.00025425830075972766	unsupported	True	0.031766036154734	9.527594945960476e-07
ccne2	16-40512551-40513051	0	0.04270574095592226	0.12152801228497498	0	0.07882227132905273	0.08877586347128605	0.0008503941129474082	unsupported	True	0.086575284442893	5.899338489016497e-39
ccne2	16-40511592-40512092	1	0.023937720778670648	0.03584680903071987	4	0.011909088252049223	0.02029314999101818	8.663202801615694e-06	unsupported	True	0.0707709565462532	1.171337511179752e-26
ccne2	16-40645877-40646377	2	0.02784595443034857	0.05568918396514502	5	0.027843229534796454	0.03506651156398934	5.4372966229544705e-05	unsupported	True	0.0703376145124216	2.350699775994806e-26
ccne2	16-40629775-40630275	3	0.041453240601430526	0.0986120742063206	4	0.05715883360489007	0.07170266211873677	0.00040415572197754037	unsupported	True	0.0637570885033541	5.478663167117064e-22
ccne2	16-40537304-40537804	4	0.025888084827589135	0.03619436866884741	1	0.010306283841258278	0.01110238891332557	4.141517885207559e-06	unsupported	True	0.0612127424924769	2.059321374851588e-20
ccne2	16-40523903-40524403	5	0.01945822714450742	0.04426091045828234	1	0.02480268331377492	0.03361537943843254	3.690260538492539e-05	unsupported	True	0.0602736781144323	7.569536328125623e-20
ccne2	16-40606512-40607012	6	0.026665046741980333	0.05800013440684045	1	0.03133508766486012	0.04231579207782757	7.690638337258091e-05	unsupported	True	0.0553298905372218	5.1719902312766426e-17
ccne2	16-40626697-40627197	7	0.030336648907813228	0.06736614334408629	1	0.03702949443627306	0.03583717669715961	8.93970639831067e-05	unsupported	True	0.0499729776079806	3.2885411402954623e-14
ccne2	16-40572367-40572867	8	0.006276125007879571	0.049700037917621974	0	0.0434239129097424	0.03579191110144683	7.724503301047032e-05	unsupported	True	0.0458296812395987	3.124344586142605e-12
ccne2	16-40540841-40541341	9	0.01944684869639944	0.03847335210029363	0	0.01902650340389419	0.018997645283864505	1.3906530245532427e-05	unsupported	True	0.0435011192071311	3.4167369874943155e-11
ccne2	16-40563397-40563897	10	0.022126435279587603	0.06641681626538141	3	0.04429038098579381	0.05345056375388964	0.0001572315731981015	unsupported	True	0.0418222600923739	1.779357905333528e-10
ccne2	16-40530246-40530746	11	0.01048593582050005	0.05213151523396003	3	0.04164557941345998	0.049086601972482206	0.00010656932768957593	unsupported	True	0.0408480115869515	4.5054265307719356e-10
ccne2	16-40616677-40617177	12	0.027678201994084186	0.06134631854009732	3	0.033668116546013135	0.04196694873602207	8.667916551916317e-05	unsupported	True	0.0391452747259454	2.1730468024094202e-09
ccne2	16-40488711-40489211	13	0.023504494889562143	0.07435794481242508	3	0.050853449922862934	0.06327985228620155	0.00023928377712944797	unsupported	True	0.0387370374044746	3.138906088127466e-09
ccne2	16-40609900-40610400	14	0.018131873472635722	0.05248007538439109	3	0.03434820191175537	0.046483397999691006	8.379079778949997e-05	unsupported	True	0.0367175782206009	1.834075210662296e-08
ccne2	16-40591899-40592399	15	0.025407960078585454	0.1101198330140314	3	0.08471187293544595	0.10140828679872024	0.0009459828734664871	unsupported	True	0.0358116882965275	3.932644160125876e-08
ccne2	16-40527491-40527991	16	0.035687692166483896	0.07526018270298064	3	0.039572490536496745	0.050953534196153276	0.00015175149027298006	unsupported	True	0.0344513889520163	1.1952547937711394e-07
ccne2	16-40669772-40670272	17	0.002781672183102185	0.01830941313891299	4	0.015527740955810804	0.021148064657947226	6.012475658247365e-06	unsupported	True	0.0337909836843791	2.020713865579439e-07
ccne2	16-40565563-40566063	18	0.004413067938441531	0.018180247428464677	2	0.013767179490023146	0.021496154102753157	5.3802880922675815e-06	unsupported	True	0.0322802464254338	6.480912663358087e-07
ccne2	16-40665457-40665957	19	0.007065832235491455	0.025445962663282994	5	0.01838013042779154	0.017522835379829238	8.195432080425135e-06	unsupported	True	0.0306855998439071	2.101230273261898e-06
nip7	18-5787062-5787562	0	0.05620141190158451	0.06284061904064465	0	0.0066392071390601465	0.013256750511670329	5.530873890597499e-06	unsupported	True	0.0925596386823081	2.9403218754977735e-44
nip7	18-5754013-5754513	1	0.039440854465677154	0.0673730202951403	2	0.027932165829463153	0.033290936393980244	6.264936013009446e-05	unsupported	True	0.0785568326174557	2.0820746471732363e-32
nip7	18-5831967-5832467	2	0.020654609796401283	0.034287054464750534	4	0.013632444668349251	0.018054654706085062	8.439041215441443e-06	unsupported	True	0.077600410665832	1.1403631299752535e-31
nip7	18-5819441-5819941	3	0.03628097924454506	0.06046544971600009	3	0.024184470471455027	0.03148252034558095	4.603767288718866e-05	unsupported	True	0.0682318407514971	6.5310508009829155e-25
nip7	18-5927947-5928447	4	0.05533338009131446	0.07726728462883609	2	0.02193390453752163	0.023080935444497234	3.9116951859115084e-05	unsupported	True	0.0560405851320047	2.093206946206762e-17
nip7	18-5912575-5913075	5	-0.008518546160730122	0.006400868856786645	3	0.014919415017516768	0.01686043971819022	1.6101251033123597e-06	unsupported	True	0.0542024758683261	2.1221744621478384e-16
nip7	18-5771330-5771830	6	0.015054107204492736	0.04110508474718784	5	0.026050977542695104	0.03277562659750123	3.509704686711014e-05	unsupported	True	0.052963452795689	9.690923322335913e-16
nip7	18-5858808-5859308	7	0.013135089561798836	0.044385394586812836	4	0.031250305025014	0.035436892205390425	4.915299362621072e-05	unsupported	True	0.0468208074044568	1.088268412611556e-12
nip7	18-5821848-5822348	8	0.012304294619764405	0.048595472690935254	0	0.03629117807117085	0.04211033277163311	7.426523345746414e-05	unsupported	True	0.0465656799989374	1.4306776463342045e-12
nip7	18-5772817-5773317	9	0.01283142619533315	0.043380796558941566	3	0.030549370363608414	0.04062061290136987	5.383271181399218e-05	unsupported	True	0.0433395109922495	4.0158245646704616e-11
nip7	18-5913605-5914105	10	0.009824862445161823	0.04967922430894048	0	0.03985436186377866	0.03689673531403312	7.305309272034486e-05	unsupported	True	0.0406477729326147	5.439199498940796e-10
nip7	18-5932395-5932895	11	0.011474573640130265	0.04404109707767581	2	0.03256652343754555	0.04070665491324476	5.838414751389202e-05	unsupported	True	0.0400125402984253	9.828579203867622e-10
nip7	18-5856831-5857331	12	0.01822687762776081	0.0485795536225347	5	0.03035267599477389	0.036097588766421926	5.322659677301504e-05	unsupported	True	0.0386751639901488	3.3177619992979964e-09
nip7	18-5796113-5796613	13	0.016855084334385397	0.05141981246303342	1	0.034564728128648026	0.060714584002341115	0.00010790874889940599	unsupported	True	0.0370919802711902	1.3311352001572208e-08
nip7	18-5869126-5869626	14	-0.003057275768218719	0.00018080457297029522	5	0.003238080341189014	0.004416020415805875	2.5854021350272034e-09	unsupported	True	0.0361090812580694	3.067572633270173e-08
nip7	18-5808896-5809396	15	0.003475243432281319	0.028616632551204755	3	0.025141389118923437	0.03867522302922834	2.7825349220882574e-05	unsupported	True	0.0338237066165634	1.9692583081417402e-07
nip7	18-5899775-5900275	16	0.03875828936462199	0.08414652059249454	5	0.045388231227872555	0.0512247330441692	0.00019564066273321446	unsupported	True	0.0332132815397305	3.1739500149925535e-07
nip7	18-5929780-5930280	17	-0.008243938166824208	0.022556472925881935	4	0.03080041109270614	0.036338158738643905	2.5245886324483052e-05	unsupported	True	0.0322632241723889	6.564716335965269e-07
nip7	18-5924192-5924692	18	-0.0015120510935340448	0.018568680766932116	0	0.02008073186046616	0.012919443852942459	4.817307905270343e-06	unsupported	True	0.0307590680435262	1.992808559982802e-06
nip7	18-5856024-5856524	19	-0.011862692849916933	0.007574395974588013	1	0.019437088824504945	0.0209232513809974	3.08040909975297e-06	unsupported	True	0.0299720349082961	3.4937894206827243e-06
rac1a	12-10478553-10479053	0	0.10189535495407445	0.14677765474347954	1	0.04488229978940508	0.061270386803404214	0.00040363207305925874	unsupported	True	0.090025030802687	5.723441430158838e-42
rac1a	12-10411958-10412458	1	0.07254845733389395	0.1264450932894316	0	0.05389663595553765	0.06792989137732676	0.0004629398431531146	unsupported	True	0.0799675704040475	1.631690267314532e-33
rac1a	12-10463199-10463699	2	0.031177101340325183	0.04769020835495479	2	0.01651310701462961	0.017675583177804346	1.3919760622390894e-05	unsupported	True	0.0771351372186427	2.588581866390681e-31
rac1a	12-10544366-10544866	3	0.051404049446706505	0.10036837064397526	1	0.048964321197268755	0.07707377106382779	0.00037877666926235375	unsupported	True	0.068428679053405	4.806934706631444e-25
rac1a	12-10418474-10418974	4	0.04971997620861507	0.10369785447623069	1	0.05397787826761562	0.06871336409299025	0.00038461550841464767	unsupported	True	0.0629407182308505	1.782099720108553e-21
rac1a	12-10564638-10565138	5	0.050233934091810734	0.093499050097574	0	0.04326511600576327	0.044297597762162265	0.00017919473548027505	unsupported	True	0.057761881547604	2.2334891928257362e-18
rac1a	12-10465610-10466110	6	0.04147621929260063	0.06895104648795725	2	0.027474827195356613	0.03434038447426879	6.505504546930666e-05	unsupported	True	0.0530754507541836	8.459727861774743e-16
rac1a	12-10575944-10576444	7	0.043624661751029366	0.08175456561364419	2	0.038129903862614827	0.06065268197178968	0.00018907222504718755	unsupported	True	0.0454699169736123	4.556927814081795e-12
rac1a	12-10390167-10390667	8	0.029269306473901295	0.10502418449899341	0	0.07575487802509212	0.08564991594788837	0.0006814388069041502	unsupported	True	0.0431146912001751	5.0230107365830656e-11
rac1a	12-10503807-10504307	9	0.031655824077289334	0.052503476862104485	1	0.02084765278481515	0.020746280586639028	2.2708344629936242e-05	unsupported	True	0.0421496962324191	1.2960318590926127e-10
rac1a	12-10543621-10544121	10	0.04011038403622561	0.09140681085132006	1	0.05129642681509445	0.08345330840742327	0.0003912994428633082	unsupported	True	0.041199035337067	3.2315634836998133e-10
rac1a	12-10405205-10405705	11	0.04504236002275846	0.06017514441693415	2	0.015132784394175688	0.018104692348384938	1.6486449437423643e-05	unsupported	True	0.0399303983688445	1.0603166462091986e-09
rac1a	12-10527716-10528216	12	0.0342467470528175	0.05940304806648279	2	0.02515630101366529	0.04821094566003303	7.204455495657813e-05	unsupported	True	0.0370990779867939	1.3230323965986941e-08
rac1a	12-10426436-10426936	13	-0.01126006820448117	0.011029739161925624	1	0.022289807366406796	0.022284858422493715	5.47874940687308e-06	unsupported	True	0.0351225249827139	6.941755629765e-08
rac1a	12-10387101-10387601	14	-0.007049140688386674	0.011895002939502594	3	0.01894414362788927	0.024101690096911002	5.431090371303047e-06	unsupported	True	0.0327906988090009	4.395818104740357e-07
rac1a	12-10508366-10508866	15	0.03508647801984304	0.0895465543372557	0	0.054460076317412655	0.06660766083783981	0.0003248263911002344	unsupported	True	0.0327891377639419	4.401078002716594e-07
rac1a	12-10462607-10463107	16	0.0009522794028892221	0.04074303154889415	4	0.03979075214600493	0.048870340376438164	7.922839398567717e-05	unsupported	True	0.0315121458037446	1.1499782163203887e-06
rac1a	12-10545726-10546226	17	0.02259865061459518	0.06536337219419323	0	0.042764721579598056	0.03538009357680472	9.889607967590636e-05	unsupported	True	0.0312838254180985	1.3603400276999291e-06
rac1a	12-10470123-10470623	18	0.009075821011791831	0.050225363961037335	3	0.041149542949245506	0.037666363580205614	7.784698598733941e-05	unsupported	True	0.0306025450866575	2.2306051655675687e-06
rac1a	12-10573381-10573881	19	0.007795488337089166	0.03533683641333604	3	0.027541348076246877	0.024966391083066867	2.4297893781003897e-05	unsupported	True	0.0268734140939643	2.797449879525567e-05
znf576.2	16-25160273-25160773	0	0.019544712380433357	0.036290778221298815	4	0.016746065840865458	0.012923964657457512	7.854252111112509e-06	unsupported	True	0.0887612196353978	7.503228427602144e-41
znf576.2	16-25112141-25112641	1	0.012903719866966167	0.04925715975284969	4	0.03635343988588352	0.04535646070133188	8.121832630565312e-05	unsupported	True	0.066537770440027	8.808824059904882e-24
znf576.2	16-25080919-25081419	2	0.05404707804779481	0.07864193264481123	5	0.024594854597016422	0.03191447974119293	6.172856859192786e-05	unsupported	True	0.0661394199512507	1.6089065917843857e-23
znf576.2	16-25134863-25135363	3	0.021305287101464936	0.03772798900500521	5	0.01642270190354027	0.019392785258634408	1.2015682805470015e-05	unsupported	True	0.0641377376921549	3.1448249506882373e-22
znf576.2	16-25103869-25104369	4	0.031055640595528886	0.054215062236372194	2	0.02315942164084331	0.03237461291111511	4.064922357210696e-05	unsupported	True	0.0631178043232605	1.3815515232437785e-21
znf576.2	16-25254902-25255402	5	0.03136589021289892	0.061353849821212274	5	0.029987959608313353	0.03239751722440734	5.960743935505971e-05	unsupported	True	0.0616953015734374	1.0467932383574905e-20
znf576.2	16-25134133-25134633	6	0.033752734283377064	0.10071002173566726	3	0.0669572874522902	0.08520289049332691	0.0005745460846994353	unsupported	True	0.0550932917720059	6.971903712903576e-17
znf576.2	16-25155771-25156271	7	0.017485533883699684	0.0477888569065604	3	0.030303323022860717	0.03321909688562023	4.810660613690776e-05	unsupported	True	0.0471959478993106	7.259437674134289e-13
znf576.2	16-25227058-25227558	8	0.015237220020368512	0.03833794940920605	1	0.023100729388837535	0.028217015586158273	2.498996516017495e-05	unsupported	True	0.0412511949338107	3.075151431753901e-10
znf576.2	16-25213471-25213971	9	0.032637351745836124	0.11296569860537764	4	0.08032834685954152	0.07938253965683185	0.0007203447757447957	unsupported	True	0.0398606125583161	1.1307692271378954e-09
znf576.2	16-25071379-25071879	10	0.014317312452413068	0.06377218231581037	5	0.04945486986339731	0.07245553970795306	0.00022851353998789756	unsupported	True	0.0394379766402851	1.6656295229901294e-09
znf576.2	16-25200895-25201395	11	0.010373259425664418	0.06177238681315738	0	0.051399127387492964	0.05246415606082987	0.00016657614970544272	unsupported	True	0.0385255931260765	3.792038389014271e-09
znf576.2	16-25207375-25207875	12	0.028067346731728702	0.07594452106537876	2	0.04787717433365006	0.06755676725211215	0.00024563701878828456	unsupported	True	0.0384043767932175	4.224185777801585e-09
znf576.2	16-25191943-25192443	13	0.0224973054485549	0.03615120427696931	0	0.013653898828414408	0.007575543953786998	3.7393255075992096e-06	unsupported	True	0.0375970610724124	8.596585369798772e-09
znf576.2	16-25190477-25190977	14	0.017237872582159936	0.04859421599343742	0	0.03135634341127748	0.029749261611005048	4.5330048393061234e-05	unsupported	True	0.0369254482918415	1.535678456751141e-08
znf576.2	16-25145800-25146300	15	0.010687186671766088	0.03708236963135225	1	0.026395182959586164	0.049288987811242746	4.82438607124841e-05	unsupported	True	0.0363224962163622	2.5636115893657405e-08
znf576.2	16-25225757-25226257	16	0.0100729016185735	0.031722126862202035	2	0.021649225243628535	0.026572357141404178	1.8248817897695323e-05	unsupported	True	0.0358581681075754	3.78336244615599e-08
znf576.2	16-25262294-25262794	17	0.02346278056886414	0.044637589324546395	3	0.021174808755682256	0.013517306666772925	1.2776455763238225e-05	unsupported	True	0.0318840820142095	8.725428789742398e-07
znf576.2	16-25243534-25244034	18	0.018610847009822448	0.05700034193099662	5	0.038389494921174175	0.05738263257419165	0.00012556549929738993	unsupported	True	0.0311836829548582	1.4638345305416938e-06
znf576.2	16-25242608-25243108	19	0.012314910553001593	0.04193440529234077	0	0.029619494739339176	0.028535677300831737	3.5443476978614896e-05	unsupported	True	0.0306476674038365	2.159399821509796e-06
si:dkey-92i17.2	14-10647765-10648265	0	0.01759311157780656	0.04186243700021877	4	0.02426932542241221	0.02227178305466344	2.262753261808745e-05	unsupported	True	0.0640203201760104	3.7334655604673513e-22
si:dkey-92i17.2	14-10591256-10591756	1	0.024943528300078868	0.048911475686631664	2	0.023967947386552797	0.0408342983442094	4.7870361387104264e-05	unsupported	True	0.0615789057611443	1.2329638543377899e-20
si:dkey-92i17.2	14-10528383-10528883	2	-0.008461208267564165	0.016467214209680187	4	0.024928422477244354	0.026048317664965317	1.0692877976193011e-05	unsupported	True	0.060527489320771	5.334771834377811e-20
si:dkey-92i17.2	14-10654185-10654685	3	0.02657263991298906	0.06178592824555283	4	0.03521328833256377	0.04300622527224289	9.356802960268324e-05	unsupported	True	0.0599329635627228	1.2079878736340593e-19
si:dkey-92i17.2	14-10663337-10663837	4	0.021080832818817622	0.04475227149826829	5	0.02367143867945067	0.021893593803211868	2.3192992838033772e-05	unsupported	True	0.0574918338640306	3.186819259326895e-18
si:dkey-92i17.2	14-10599119-10599619	5	0.011524116048930609	0.046099477872922644	2	0.03457536182399203	0.052890389716489655	8.430231624722291e-05	unsupported	True	0.0574055475651922	3.568893473483014e-18
si:dkey-92i17.2	14-10631626-10632126	6	0.018417900733315354	0.03982201423261049	5	0.021404113499295135	0.04254740203618968	3.626548713563129e-05	unsupported	True	0.0516174272704195	4.853273482692039e-15
si:dkey-92i17.2	14-10662326-10662826	7	0.03834678459010543	0.09360650671657067	4	0.05525972212646524	0.05816924928771916	0.0003008903045594438	unsupported	True	0.0512774697961807	7.243832430803468e-15
si:dkey-92i17.2	14-10520072-10520572	8	0.013290114797316094	0.03297548727176891	1	0.019685372474452817	0.044403941974911945	2.882414174942478e-05	unsupported	True	0.0501684685360567	2.6277828648223016e-14
si:dkey-92i17.2	14-10526028-10526528	9	0.013801644442440647	0.04694845202110343	2	0.033146807578662785	0.04628180361502164	7.202334037742889e-05	unsupported	True	0.0482515186151568	2.284835769766898e-13
si:dkey-92i17.2	14-10665165-10665665	10	0.02350896153918466	0.02859188479811936	4	0.0050829232589347	0.010465034178523128	1.5208871454079372e-06	unsupported	True	0.0481048677531406	2.686880200449391e-13
si:dkey-92i17.2	14-10683477-10683977	11	0.015004479126575276	0.026324740357486696	1	0.01132026123091142	0.018574645396150544	5.5352988944666675e-06	unsupported	True	0.0476459214796713	4.4483932333435765e-13
si:dkey-92i17.2	14-10603976-10604476	12	0.02061432899609016	0.04866605496737179	3	0.028051725971281628	0.013752604132597192	1.8774599098624148e-05	unsupported	True	0.046151144001069	2.22454473508917e-12
si:dkey-92i17.2	14-10578929-10579429	13	0.0063601161670370195	0.04579412964051632	2	0.0394340134734793	0.030815256927635305	5.5647618484416484e-05	unsupported	True	0.0422158672494111	1.2152726316289016e-10
si:dkey-92i17.2	14-10684504-10685004	14	0.019316744600999646	0.038042147264895416	0	0.01872540266389577	0.02087085112030388	1.4867445251477086e-05	unsupported	True	0.039329239133257	1.838985707190997e-09
si:dkey-92i17.2	14-10672415-10672915	15	0.004608987601729429	0.031516330007218	5	0.02690734240548857	0.03267379341924029	2.7708052607291353e-05	unsupported	True	0.0345929310466226	1.0667092719787937e-07
si:dkey-92i17.2	14-10651510-10652010	16	-0.00627812378616723	0.026211650608366593	5	0.03248977439453382	0.03820331314740339	3.253434699587056e-05	unsupported	True	0.0314866704297297	1.171802550658647e-06
si:dkey-92i17.2	14-10605776-10606276	17	0.0026614552704958194	0.04224298565436038	0	0.03958153038386456	0.04249806672179355	7.105855333538897e-05	unsupported	True	0.0314185727736947	1.2321102829447772e-06
si:dkey-92i17.2	14-10597022-10597522	18	0.016036287883392477	0.01401102330891685	5	-0.0020252645744756274	0.004055548055282276	0.0	unsupported	True	0.0311539165968371	1.4960262576022485e-06
si:dkey-92i17.2	14-10674946-10675446	19	0.013905480843323029	0.06025665787401014	3	0.04635117703068711	0.05180350480411532	0.00014468548025159498	unsupported	True	0.0305437251286154	2.3268088042165474e-06
arhgap5	17-31795436-31795936	0	0.04622520363184354	0.07355913471316447	1	0.027333931081320928	0.03347411775993683	6.73050802817637e-05	unsupported	True	0.0762752709560277	1.1625067588301774e-30
arhgap5	17-31654299-31654799	1	0.04185381399336306	0.08143617304408313	4	0.039582359050720065	0.03903369273277152	0.00012582260416715323	unsupported	True	0.0672409449840655	3.015226523906997e-24
arhgap5	17-31674163-31674663	2	0.047987709123185625	0.08629477463010313	0	0.0383070655069175	0.06602073745369866	0.0002182447243796414	unsupported	True	0.0602018816805327	8.354853222285231e-20
arhgap5	17-31650419-31650919	3	0.04918509642205323	0.08748712809008218	4	0.038302031668028945	0.03221132083305258	0.00010793803434385188	unsupported	True	0.0597170452806745	1.6222499510686896e-19
arhgap5	17-31667814-31668314	4	0.06824907012985389	0.11267546039887376	5	0.04442639026901987	0.05083409459369021	0.00025446347954194973	unsupported	True	0.0577606314665905	2.237175753789481e-18
arhgap5	17-31769320-31769820	5	0.036376914164403834	0.09485798588279772	2	0.05848107171839388	0.059693693594878	0.00033114459739500696	unsupported	True	0.0489128078560533	1.093581125996284e-13
arhgap5	17-31750902-31751402	6	0.035237430882238324	0.07642417150042845	2	0.041186740618190124	0.05887680795244386	0.00018532432219243766	unsupported	True	0.0485483761781392	1.6433329857584106e-13
arhgap5	17-31746267-31746767	7	0.03279837535663296	0.05288420519865218	2	0.020085829842019225	0.023806818912323478	2.5288154103930262e-05	unsupported	True	0.0480469693352604	2.864063886938387e-13
arhgap5	17-31656201-31656701	8	0.038404129849215436	0.07070091282258223	4	0.03229678297336679	0.038154537864972075	8.712253104421386e-05	unsupported	True	0.0478860189959635	3.419091721564272e-13
arhgap5	17-31663295-31663795	9	0.024782844738823907	0.06345090611216844	4	0.03866806137334454	0.029031412799148858	7.122925446235942e-05	unsupported	True	0.0472438120305145	6.892404837024518e-13
arhgap5	17-31778420-31778920	10	0.024177717603095037	0.05439035146630171	5	0.030212633863206672	0.03798346358353881	6.241730554004656e-05	unsupported	True	0.0453712674327555	5.0512666893240345e-12
arhgap5	17-31750294-31750794	11	0.03807104453832945	0.08623928735680549	1	0.04816824281847604	0.07546585018227059	0.00031348475933922637	unsupported	True	0.0444353525827485	1.3276579438556252e-11
arhgap5	17-31753715-31754215	12	0.025635219917396163	0.06213664808292128	4	0.03650142816552511	0.046751901642220074	0.00010603688460364995	unsupported	True	0.0425003087893965	9.206280947954536e-11
arhgap5	17-31647661-31648161	13	0.011775546950997428	0.031187787588096167	1	0.01941224063709874	0.025425942367251504	1.539349702849081e-05	unsupported	True	0.0403526935907735	7.167655590033522e-10
arhgap5	17-31729920-31730420	14	0.02932182020566151	0.05550077099443946	5	0.02617895078877795	0.03186757563076393	4.630205623743156e-05	unsupported	True	0.0382443426294818	4.868642546395712e-09
arhgap5	17-31798522-31799022	15	0.03164264164441722	0.06185473981676528	4	0.03021209817234806	0.040122436666517894	7.497926379588684e-05	unsupported	True	0.0370232412366238	1.4121409781457376e-08
arhgap5	17-31837770-31838270	16	0.029291762179135223	0.07760522668898807	5	0.048313464509852855	0.06646739803494517	0.0002492113577304198	unsupported	True	0.0356433655425087	4.522480837832996e-08
arhgap5	17-31675342-31675842	17	0.0279887415907336	0.05544903177896505	0	0.02746029018823145	0.03132360960139582	4.769478463051414e-05	unsupported	True	0.0351227501951251	6.940478475447247e-08
arhgap5	17-31767013-31767513	18	0.020070966780319405	0.05662015170487997	0	0.036549184924560565	0.04946982917602625	0.00010237387343988858	unsupported	True	0.0327943721769729	4.3834646625991163e-07
arhgap5	17-31764743-31765243	19	0.015933786649533863	0.04063855385523867	5	0.02470476720570481	0.018977953305379675	1.905322010674489e-05	unsupported	True	0.030106802983351	3.1765660361800964e-06
cth1	7-17975458-17975958	0	0.01927535177033011	0.04251942018465068	2	0.02324406841432057	0.026606713316733675	2.6296061625606497e-05	unsupported	True	0.1036906100631568	4.523870512378141e-55
cth1	7-18045628-18046128	1	0.04038960537489019	0.057355527806128515	5	0.016965922431238324	0.024511695860660133	2.385207229460749e-05	unsupported	True	0.0865870325817763	5.7642476650245045e-39
cth1	7-17915385-17915885	2	0.025550950673021076	0.04529162475815875	0	0.01974067408513767	0.0231912826422952	2.0735029034813176e-05	unsupported	True	0.0790753630423481	8.209418626214573e-33
cth1	7-18025433-18025933	3	0.020832422486124203	0.06138475585449156	5	0.04055233336836736	0.05084289667348452	0.0001265629727022652	unsupported	True	0.0619613069839258	7.192830654807695e-21
cth1	7-18010770-18011270	4	-0.013663168498660611	0.013115323710334135	5	0.026778492208994746	0.03209364354402813	1.1271563418876213e-05	unsupported	True	0.0518487916566182	3.689951084700956e-15
cth1	7-18040732-18041232	5	0.0005084635460092504	0.03777067959354305	0	0.0372622160475338	0.03861077717839697	5.4341550026532174e-05	unsupported	True	0.0512993549835218	7.060003547398321e-15
cth1	7-17928442-17928942	6	0.058283083664525816	0.09924184105547545	5	0.04095875739094964	0.06352445615158016	0.00025821563808220465	unsupported	True	0.0504111023190016	1.986871812416108e-14
cth1	7-17933119-17933619	7	0.02333391787416577	0.05125400632083263	0	0.02792008844666686	0.04082989664184764	5.8428251285207374e-05	unsupported	True	0.0466765034891298	1.2706077184518954e-12
cth1	7-18027867-18028367	8	0.025762319073013115	0.04669989049642954	4	0.020937571423416422	0.028396593238706584	2.7765686042797748e-05	unsupported	True	0.0442024365645586	1.6835301885036295e-11
cth1	7-17888117-17888617	9	0.002363083125936535	0.030143657967739632	2	0.0277805748418031	0.03725500506381816	3.1197644726362785e-05	unsupported	True	0.0424593729848085	9.582677723065095e-11
cth1	7-17943500-17944000	10	0.031191913847016875	0.07567271211648396	3	0.04448079826946709	0.06297344570042725	0.0002119675251444407	unsupported	True	0.0423457226492362	1.0708229027449691e-10
cth1	7-17965589-17966089	11	0.03688231023995081	0.06177237204402656	4	0.02489006180407575	0.030479649406316388	4.686301441047173e-05	unsupported	True	0.0385440086804852	3.730265698726527e-09
cth1	7-17979618-17980118	12	-0.0030000558922974605	0.020707965070244267	2	0.023708020962541727	0.022353262445731194	1.097421952497976e-05	unsupported	True	0.038385137739722	4.297038053893654e-09
cth1	7-17892521-17893021	13	0.01342196265704455	0.028540053726623275	2	0.015118091069578725	0.023169475391454055	9.996959760394501e-06	unsupported	True	0.0342055054039177	1.4549563079943512e-07
cth1	7-17912476-17912976	14	-0.011092762974794619	0.03394405093422644	3	0.04503681390902106	0.05418249431820464	8.283050776989181e-05	unsupported	True	0.0325105044779354	5.443644274716352e-07
cth1	7-17929060-17929560	15	0.006350034087058252	0.03378695434670215	0	0.027436920259643893	0.02822323288622405	2.6163218334006114e-05	unsupported	True	0.0322353580270786	6.704160659254375e-07
cth1	7-17963306-17963806	16	-0.017522957255381926	0.004766178280982702	4	0.022289135536364628	0.01966961833259761	2.089582109934148e-06	unsupported	True	0.0322192269344698	6.786179060925434e-07
cth1	7-17849986-17850486	17	0.003696576480199969	0.01830534742314647	2	0.0146087709429465	0.01680429097946268	4.493780430440181e-06	unsupported	True	0.0305640548579747	2.29311739567504e-06
cth1	7-18021991-18022491	18	-0.0007131042595079163	0.03891031571773924	0	0.03962341997724715	0.04274489924309993	6.590236650151962e-05	unsupported	True	0.0228811490306543	0.0003012090553905
cth1	7-17998941-17999441	19	-0.004243996678515039	0.04349910730052114	0	0.04774310397903618	0.06191050146703858	0.0001285746399979954	unsupported	True	0.0212015438144271	0.0007398265699463
dmd	1-11056581-11057081	0	0.30083689806179476	0.5272298650557826	0	0.22639296699398787	0.2630825475899253	0.0314018310680423	regional_candidate	True	0.1914325563187506	8.927458921560415e-185
dmd	1-11034772-11035272	1	0.09167797851407282	0.13351734718844194	1	0.04183936867436912	0.052286779299687086	0.0002920886685992096	unsupported	True	0.093215597254362	7.336826696278383e-45
dmd	1-11057375-11057875	2	0.12606489635018253	0.37377485420363693	0	0.2477099578534544	0.29952233111750265	0.027732099725748527	regional_candidate	True	0.0888991400668251	5.676189069478104e-41
dmd	1-11001597-11002097	3	0.06158646609607724	0.14678667493729686	4	0.08520020884121962	0.1084017097653509	0.0013556994637607084	unsupported	True	0.0724406825745284	7.687660948584203e-28
dmd	1-11037874-11038374	4	0.051368160761954336	0.07377761860845883	0	0.022409457846504492	0.024444826054490984	4.041503264758181e-05	unsupported	True	0.0677285447560493	1.4243489235684563e-24
dmd	1-11131993-11132493	5	0.09475512518319917	0.1772352644683679	0	0.08248013928516873	0.11242240829828318	0.0016434345305022893	unsupported	True	0.0668448470299063	5.523153587743221e-24
dmd	1-11102580-11103080	6	0.02105388562043385	0.21219407445269484	0	0.19114018883226097	0.2151657727419705	0.008726868869944485	regional_candidate	True	0.0666453545822506	7.48163366673367e-24
dmd	1-10985772-10986272	7	0.023879409612542344	0.14088153485302088	0	0.11700212524047854	0.1489306733447199	0.002454889667064315	unsupported	True	0.0635420846647505	7.485445245540429e-22
dmd	1-11172072-11172572	8	0.024670573384120473	0.08721303406508385	0	0.06254246068096338	0.07373372050005941	0.0004021818875274229	unsupported	True	0.049102396315907	8.837467740851778e-14
dmd	1-11160140-11160640	9	0.0004717118790700835	0.029916698571478845	1	0.02944498669240876	0.04517211355892229	3.9791969891106914e-05	unsupported	True	0.0474722194061592	5.377033130181928e-13
dmd	1-11155089-11155589	10	0.03351036764491025	0.08636624195585908	0	0.05285587431094883	0.057448580167511976	0.000262250656053277	unsupported	True	0.0421247528650617	1.3278150221528188e-10
dmd	1-11040306-11040806	11	0.0029919194334210634	0.08933250016207134	0	0.08634058072865028	0.09797317276571801	0.0007556690353166736	unsupported	True	0.0360899150594698	3.1172630037763725e-08
dmd	1-11121265-11121765	12	-0.007245995709397679	0.05897962003465683	3	0.06622561574405451	0.06978493481904745	0.0002725772793704591	unsupported	True	0.0316203415106765	1.061560541675463e-06
dmd	1-11124980-11125480	13	-0.0037591155920851244	0.022862998546311977	4	0.0266221141383971	0.024218410604450662	1.4740810659156666e-05	unsupported	True	0.0251188147921083	8.290434198047041e-05
skilb	24-26464166-26464666	0	0.03851271948450756	0.04922058625230466	5	0.0107078667677971	0.01110007552473679	5.850266831152426e-06	unsupported	True	0.0880376818570006	3.22052475159592e-40
skilb	24-26430246-26430746	1	0.016109620654037916	0.038559095826658965	2	0.02244947517262105	0.029296422731912873	2.535990531225843e-05	unsupported	True	0.082641274108381	1.1555087943858626e-35
skilb	24-26414484-26414984	2	0.09165611981873056	0.1550179817992209	1	0.06336186198049035	0.12464193264601019	0.0012242614767285296	unsupported	True	0.0705478652103608	1.6774593952147082e-26
skilb	24-26362207-26362707	3	-0.009366795683062718	0.01921882077711805	5	0.02858561646018077	0.032586603297729805	1.790248806444666e-05	unsupported	True	0.0687994288547473	2.6922221833994734e-25
skilb	24-26403000-26403500	4	0.02602181924338891	0.04789195085331472	1	0.02187013160992581	0.03358001514389071	3.517181760852414e-05	unsupported	True	0.063613841103584	6.74576323580301e-22
skilb	24-26394531-26395031	5	0.024122110112417088	0.032561691961031126	5	0.008439581848614038	0.012700721104450599	3.4902478829151152e-06	unsupported	True	0.0596649138620132	1.7416759119695882e-19
skilb	24-26436842-26437342	6	0.05140654934602615	0.06063708361542478	2	0.009230534269398634	0.029995033860221804	1.6788600737860958e-05	unsupported	True	0.0562210412328847	1.660660795715615e-17
skilb	24-26354871-26355371	7	0.012357973152120939	0.02744900408066638	2	0.01509103092854544	0.02378392611625626	9.852105369576427e-06	unsupported	True	0.0518863582179585	3.5289651160562768e-15
skilb	24-26333930-26334430	8	0.005800043158634647	0.020747015143751504	5	0.014946971985116858	0.017651432061879198	5.473798294993687e-06	unsupported	True	0.0477729263530094	3.87092736309591e-13
skilb	24-26476368-26476868	9	0.028572777484364008	0.05281420482119909	0	0.024241427336835084	0.026980503866321396	3.454291539190019e-05	unsupported	True	0.0406571609284095	5.3914862384267e-10
skilb	24-26481633-26482133	10	0.002639301387449489	0.018630758580965932	1	0.015991457193516443	0.021080997453969068	6.280724357633544e-06	unsupported	True	0.0389627391571267	2.562577122179559e-09
skilb	24-26396472-26396972	11	0.016738930002565457	0.033641083124447614	0	0.016902153121882157	0.016139867651040973	9.177237499317934e-06	unsupported	True	0.03888396385892	2.750943939290388e-09
skilb	24-26474831-26475331	12	0.0056731748319538335	0.03599788990631943	0	0.030324715074365592	0.0455714789498755	4.9747000100884175e-05	unsupported	True	0.0340161131588863	1.6913373042094177e-07
skilb	24-26468055-26468555	13	0.01463874191401327	0.0676280823214686	5	0.05298934040745532	0.060063146473273925	0.00021524033816194293	unsupported	True	0.0309140023537596	1.7814678445174798e-06
skilb	24-26358726-26359226	14	0.014826366116851227	0.04222711412624986	5	0.027400748009398634	0.03299867490576317	3.8181265733869844e-05	unsupported	True	0.0308439329011313	1.874239571977713e-06
skilb	24-26391594-26392094	15	0.022858413413663195	0.06226024015352852	1	0.03940182673986532	0.058644268566309665	0.0001438641958399221	unsupported	True	0.0296601531485744	4.348189232831203e-06
skilb	24-26434765-26435265	16	0.012089495655529464	0.050156339166850375	3	0.03806684351132091	0.0422250567522799	8.062002699238673e-05	unsupported	True	0.0283005585243505	1.1010937957112498e-05
skilb	24-26456907-26457407	17	0.002232054415977039	0.030987294330137503	0	0.028755239914160464	0.02922324825788134	2.603929010877548e-05	unsupported	True	0.0272799112703442	2.154575572681163e-05
skilb	24-26443815-26444315	18	-0.00035347557364941656	0.012126805338454155	2	0.012480280912103571	0.016299461561647736	2.46685728574493e-06	unsupported	True	0.0248024874508954	0.0001001369015434
skilb	24-26482476-26482976	19	0.011280505112864382	0.02855605391657349	5	0.017275548803709108	0.018082337964002774	8.920406143550209e-06	unsupported	True	0.0247914099578005	0.0001007974371022
cnmd	9-53709438-53709938	0	0.029168717019726564	0.13523316640169508	3	0.10606444938196852	0.11956622245347595	0.0017149899014569287	unsupported	True	0.0915288355588853	2.553498979393541e-43
cnmd	9-53730687-53731187	1	0.07651825875510301	0.29520300688544404	3	0.21868474813034103	0.25326478334469354	0.0163498614458844	regional_candidate	True	0.0890601451621469	4.0958279837260546e-41
cnmd	9-53633214-53633714	2	0.040074004643216796	0.07397993713398651	5	0.033905932490769716	0.042016411137597964	0.00010539223269438523	unsupported	True	0.0793606474203263	4.906891817103968e-33
cnmd	9-53719212-53719712	3	0.0480249238382759	0.19334991800205634	3	0.14532499416378045	0.16061194849641075	0.004512966993988693	unsupported	True	0.0617214946716406	1.0088929385439831e-20
cnmd	9-53753553-53754053	4	0.022558649834202093	0.09300581088402662	3	0.07044716104982453	0.07152544047093234	0.0004686343525079762	unsupported	True	0.0528761507234543	1.077154299417334e-15
cnmd	9-53790880-53791380	5	0.03810813956965356	0.07641825871139143	5	0.038310119141737875	0.04724173196728273	0.00013830454472195923	unsupported	True	0.0521392572573225	2.61138077748748e-15
cnmd	9-53699786-53700286	6	0.015981559004985157	0.087605158531984	0	0.07162359952699884	0.09440462295336971	0.0005923509442570994	unsupported	True	0.051560633769455	5.190033092086851e-15
cnmd	9-53661304-53661804	7	-0.00047208950278711525	0.08234714225388687	0	0.08281923175667398	0.07442456586639032	0.0005075701105934585	unsupported	True	0.0500324720568177	3.0718226378023274e-14
cnmd	9-53687590-53688090	8	0.014074343460446627	0.07246611605395047	3	0.05839177259350384	0.0805520642839502	0.00034085001614433556	unsupported	True	0.047591953038437	4.718640406429835e-13
cnmd	9-53820315-53820815	9	0.03301059678645034	0.08008652314461016	3	0.047075926358159825	0.06818796083858109	0.0002570786541185585	unsupported	True	0.0427411354861803	7.267382164059383e-11
cnmd	9-53653077-53653577	10	0.010214895833717959	0.044957254422607174	4	0.034742358588889216	0.03366742253570786	5.258585610328193e-05	unsupported	True	0.0418894613760134	1.6676201655830106e-10
cnmd	9-53794536-53795036	11	0.004395915843807127	0.040053503327797155	4	0.035657587483990026	0.041735148076906016	5.960661004683915e-05	unsupported	True	0.0417997643266677	1.8183702436661542e-10
cnmd	9-53657832-53658332	12	0.02139786260497042	0.04525431601097991	0	0.023856453406009486	0.03066188342189822	3.3102798734157234e-05	unsupported	True	0.0396348927754288	1.3912994113456003e-09
cnmd	9-53799741-53800241	13	0.018295666400330927	0.06202450776990395	3	0.04372884136957303	0.04124982672103598	0.00011188024930088024	unsupported	True	0.0357306444426925	4.20668752520081e-08
cnmd	9-53787101-53787601	14	-0.0074802552148089535	0.025102090287238237	0	0.032582345502047194	0.044550356571920795	3.643706742977179e-05	unsupported	True	0.0328241088208524	4.284684299809576e-07
cnmd	9-53654932-53655432	15	0.00703955809876728	0.07319191546799052	4	0.06615235736922323	0.09631110777274217	0.00046632083099912584	unsupported	True	0.0283874193050957	1.0388748351309457e-05
cnmd	9-53762117-53762617	16	-9.157814753935703e-05	0.07564221484942722	0	0.07573379299696657	0.09712511257488551	0.000556397897484875	unsupported	True	0.0257394414980212	5.6880481404896575e-05
cnmd	9-53797415-53797915	17	0.011289414248078042	0.0354977803740738	4	0.024208366125995757	0.017834715051328387	1.5326142243929548e-05	unsupported	True	0.0256966817418728	5.839164203243064e-05
cnmd	9-53679558-53680058	18	-0.0007428553269688827	0.05413482020538131	0	0.05487767553235019	0.032965726668094594	9.793435326381199e-05	unsupported	True	0.0246660610389485	0.0001085626035979
cnmd	9-53759331-53759831	19	-0.006746974470046386	0.030608176769251434	3	0.03735515123929782	0.020486800187647793	2.3424055673674355e-05	unsupported	True	0.0218890076436659	0.0005158485668368
dscc1	16-14674375-14674875	0	0.019371928447876812	0.03544641594155696	1	0.016074487493680147	0.024655023851290155	1.4048012709204308e-05	unsupported	True	0.0853358954467696	6.675403323080379e-38
dscc1	16-14627032-14627532	1	0.03460811671959502	0.06942095243118226	2	0.03481283571158725	0.0477370387313403	0.00011536802110042608	unsupported	True	0.0839028293728052	1.0563696373346435e-36
dscc1	16-14623378-14623878	2	0.016238200501066752	0.06471065181439407	3	0.04847245131332732	0.07465877376652019	0.00023418097512504013	unsupported	True	0.0835926486043389	1.90865622282232e-36
dscc1	16-14621301-14621801	3	0.03514216817277615	0.05398735841982533	2	0.018845190247049184	0.03714295829856225	3.7789321557861156e-05	unsupported	True	0.0782975011979928	3.3085963448565387e-32
dscc1	16-14616697-14617197	4	0.04910517069739671	0.062393579539838345	0	0.013288408842441632	0.0511978360960536	4.244870925890355e-05	unsupported	True	0.0605486965295584	5.1807295431708544e-20
dscc1	16-14667177-14667677	5	0.011277079258779224	0.051461548012421164	5	0.04018446875364194	0.03900675740965234	8.066421777551031e-05	unsupported	True	0.0518126143869812	3.851806493112073e-15
dscc1	16-14581624-14582124	6	0.03485604530236253	0.057264016119891493	1	0.02240797081752896	0.024868638535839607	3.191070090993759e-05	unsupported	True	0.0483197878777565	2.1184316461684358e-13
dscc1	16-14551941-14552441	7	0.02685078203167618	0.07786603199688115	3	0.05101524996520497	0.06013491321137927	0.00023887722834857957	unsupported	True	0.0467545906439196	1.1685079357406869e-12
dscc1	16-14648407-14648907	8	0.007456821599676419	0.07358609091063392	1	0.0661292693109575	0.09983822080864105	0.00048583219333818303	unsupported	True	0.0459928217479891	2.6303829326914666e-12
dscc1	16-14607281-14607781	9	-0.010712060513954066	0.018064171702170503	2	0.02877623221612457	0.04313411876270703	2.2421925841071758e-05	unsupported	True	0.043190398631176	4.658972023316624e-11
dscc1	16-14638152-14638652	10	0.028836326996913856	0.06363164597094105	0	0.0347953189740272	0.04473964050286672	9.90572961826309e-05	unsupported	True	0.041615931404913	2.1700584685825608e-10
dscc1	16-14543713-14544213	11	0.015943412818596663	0.038561613459985565	0	0.022618200641388902	0.016432041581144214	1.4331933173582432e-05	unsupported	True	0.0398867239261891	1.103890211921935e-09
dscc1	16-14624415-14624915	12	0.007781139029251155	0.06531254137493882	2	0.05753140234568766	0.08185702014414527	0.0003075795619093344	unsupported	True	0.0383493192744384	4.4359388549234075e-09
dscc1	16-14615083-14615583	13	0.028458626365532758	0.05403043805469393	0	0.025571811689161172	0.03373789308106582	4.661416872588536e-05	unsupported	True	0.0326785342146953	4.789582530795625e-07
dscc1	16-14625822-14626322	14	0.007553994402657126	0.021656813280626425	0	0.0141028188779693	0.028895667425025435	8.825375864219629e-06	unsupported	True	0.0324036325618463	5.90349246227692e-07
dscc1	16-14628204-14628704	15	0.0011827909000096675	0.0211908655962554	4	0.020008074696245732	0.03210788633519093	1.361337205227904e-05	unsupported	True	0.0295158193043955	4.808048206103156e-06
dscc1	16-14528001-14528501	16	0.014435342100297236	0.05225756284300619	5	0.037822220742708954	0.016204934662704167	3.202900599906385e-05	unsupported	True	0.0241780504023383	0.000144469304052
dscc1	16-14538499-14538999	17	-0.0017196633634641522	0.004660341855516265	1	0.0063800052189804165	0.01143139852139117	3.398898335136969e-07	unsupported	True	0.0235807051181128	0.000203552121359
dscc1	16-14540996-14541496	18	0.005362831116096174	0.051262707141858536	1	0.045899876025762364	0.029791587589285004	7.00981726983799e-05	unsupported	True	0.0208140651220627	0.0009026012025452
dscc1	16-14560491-14560991	19	0.004715501209809135	0.04391014131690967	0	0.03919464010710054	0.043916672974215955	7.558244685599521e-05	unsupported	True	0.0195973593258369	0.0016512107281758
gpr137bb	11-44628311-44628811	0	0.039146823871847404	0.09783059536050058	1	0.058683771488653176	0.07469490109394465	0.00042882852904633487	unsupported	True	0.2087149807373881	5.698692865618955e-220
gpr137bb	11-44569969-44570469	1	0.04175114715587689	0.0687408696021926	1	0.026989722446315707	0.02609538370746521	4.841468687879801e-05	unsupported	True	0.0779153516737893	6.528953923175117e-32
gpr137bb	11-44490559-44491059	2	0.02763238192971108	0.05842017999523489	1	0.03078779806552381	0.05114258398624683	9.198651958737337e-05	unsupported	True	0.0720544390421543	1.4516388310481271e-27
gpr137bb	11-44524917-44525417	3	-0.00019080298912493748	0.018768466918958907	0	0.018959269908083845	0.029832623815668424	1.0615534358412002e-05	unsupported	True	0.0604185914016261	6.199955624492429e-20
gpr137bb	11-44580224-44580724	4	-0.00971807559410265	0.04349800715890397	4	0.05321608275300662	0.07064205991027225	0.00016352178453722422	unsupported	True	0.0519299219849517	3.3509211503534478e-15
gpr137bb	11-44588625-44589125	5	-0.011145393307869756	0.04848636103283654	2	0.05963175434070629	0.07295613897429351	0.00021094003765111374	unsupported	True	0.0457979203114357	3.230574836388941e-12
gpr137bb	11-44476422-44476922	6	0.016080399705945724	0.08072189029047762	4	0.06464149058453189	0.07073397020516975	0.0003690886760639041	unsupported	True	0.0407785531062706	4.81009630165072e-10
gpr137bb	11-44635060-44635560	7	0.0189530892372467	0.06523998394096464	1	0.04628689470371794	0.05419715050472839	0.00016366218489819958	unsupported	True	0.040175022131389	8.455388363695952e-10
gpr137bb	11-44638219-44638719	8	-0.03750274782854098	-0.005759659672035225	0	0.031743088156505755	0.021116869979313634	0.0	unsupported	True	0.0365520462613272	2.111216079132405e-08
gpr137bb	11-44575967-44576467	9	0.01964734896646306	0.07807020374067182	3	0.05842285477420876	0.07074175141407404	0.000322659082910156	unsupported	True	0.0313030042011797	1.3413372393046596e-06
gpr137bb	11-44443851-44444351	10	0.0015277431588798741	0.029435949562301538	5	0.027908206403421666	0.03532536726679878	2.9019950154359486e-05	unsupported	True	0.0307310429596089	2.0335188770775457e-06
gpr137bb	11-44584929-44585429	11	-0.01634478446236368	0.04271562746478398	4	0.05906041192714766	0.0606732164203765	0.00015306654533238717	unsupported	True	0.0290979730740208	6.4159675154376535e-06
gpr137bb	11-44586469-44586969	12	-0.008689085359719243	0.04970436398789222	2	0.05839344934761147	0.07540717057018478	0.00021886247019983011	unsupported	True	0.028873193425183	7.481444084426076e-06
gpr137bb	11-44529291-44529791	13	0.0025331342868448164	0.030887038138447828	4	0.02835390385160301	0.045417305513358375	3.9775027794301045e-05	unsupported	True	0.0278398993592336	1.4949047416191111e-05
gpr137bb	11-44555246-44555746	14	0.04179934105194785	0.06073367161955373	0	0.018934330567605878	0.06322787924103386	7.270898920251303e-05	unsupported	True	0.0274876777686414	1.8828039395685133e-05
gpr137bb	11-44556638-44557138	15	-0.029668831451605673	0.001175038597725763	2	0.030843870049331437	0.037001894543635686	1.3410499624627366e-06	unsupported	True	0.0238781039392976	0.0001717731184649
gpr137bb	11-44606620-44607120	16	-0.011217830249781032	0.019618585031055586	2	0.030836415280836617	0.02704148810934475	1.6359203481691332e-05	unsupported	True	0.0209803556232089	0.0008290847259701
gpr137bb	11-44562541-44563041	17	0.0022997866318504906	0.02665352814348112	2	0.02435374151163063	0.03843183553320047	2.4946609238278683e-05	unsupported	True	0.0194326135916293	0.0017876660880423
gpr137bb	11-44637506-44638006	18	-0.007923545533112565	0.020965055817870143	0	0.028888601350982708	0.03551033430433532	2.150687444693604e-05	unsupported	True	0.0191992566636117	0.0019985322744696
gpr137bb	11-44533041-44533541	19	-0.016343518291928733	0.031621888561037474	2	0.04796540685296621	0.0849321209118932	0.00012882136770950279	unsupported	True	0.016493209651082	0.0067060096036994
ccnf	3-12485624-12486124	0	0.15851624105967102	0.2078459304165038	4	0.04932968935683277	0.020448037953010312	0.00020965322564315755	unsupported	True	0.162861397419212	1.0716132223331442e-133
ccnf	3-12585065-12585565	1	0.05457165254626178	0.07852582832039047	0	0.023954175774128693	0.019106966732659214	3.5940615116835294e-05	unsupported	True	0.1129871204113945	4.694828587913569e-65
ccnf	3-12558809-12559309	2	0.04286977731601342	0.08147424467039864	0	0.03860446735438522	0.037711451460179304	0.00011861269009336114	unsupported	True	0.0936725718819144	2.7731365014238188e-45
ccnf	3-12540830-12541330	3	0.07224380252079025	0.09295185754871135	2	0.0207080550279211	0.022255529820064193	4.283860511493437e-05	unsupported	True	0.0840197886769919	8.446856815897778e-37
ccnf	3-12574566-12575066	4	0.07001171547349079	0.13266687648002104	0	0.06265516100653025	0.06228456806728157	0.0005177258044227601	unsupported	True	0.0836432239092822	1.7334168425941234e-36
ccnf	3-12524931-12525431	5	0.022314610229608938	0.09274451723477813	2	0.07042990700516918	0.0781669918844972	0.0005105858314181668	unsupported	True	0.0802325802597846	1.0062499917100903e-33
ccnf	3-12540163-12540663	6	0.09919427224442108	0.2401783510856184	2	0.14098407884119735	0.2346290646265289	0.007944850679859469	regional_candidate	True	0.078438554292465	2.5722898983184147e-32
ccnf	3-12481107-12481607	7	0.0006406621893717944	0.041196290124862596	1	0.0405556279354908	0.02994073556804161	5.0023226897906644e-05	unsupported	True	0.0626288930798742	2.7853332565742544e-21
ccnf	3-12630983-12631483	8	0.005209557253900531	0.10321483491785217	3	0.09800527766395165	0.10877915178060318	0.0011003662305837298	unsupported	True	0.0516429790858673	4.708866262402819e-15
ccnf	3-12547596-12548096	9	0.037766296667342894	0.09096608759544114	4	0.05319979092809825	0.049262663068549206	0.00023840059081068954	unsupported	True	0.0441770130961909	1.7276142162024755e-11
ccnf	3-12650480-12650980	10	-0.011403931106872258	0.03253065146173942	1	0.04393458256861168	0.05479329264478362	7.831170218737971e-05	unsupported	True	0.0203515103552211	0.0011397330412377
ccnf	3-12621295-12621795	11	-0.01714090306780194	-0.007322057954967526	4	0.009818845112834415	0.02439015436255772	0.0	unsupported	True	0.018579804354594	0.0026722009653725
ccnf	3-12582184-12582684	12	-0.002284969566554191	0.028031930318135816	3	0.030316899884690007	0.03393854243139704	2.8842372475615143e-05	unsupported	True	0.015902442394113	0.0085614301712221
cbx3a	19-18146693-18147193	0	0.07988711049310036	0.10288959218731297	5	0.02300248169421261	0.01770659372673379	4.1906477984704024e-05	unsupported	True	0.1225920442274362	2.7468065306892527e-76
cbx3a	19-18095371-18095871	1	0.059671177567606926	0.09291776655649167	3	0.033246588988884745	0.04454561676668101	0.000137610265614501	unsupported	True	0.1218415453934362	2.2400964629090267e-75
cbx3a	19-18144926-18145426	2	0.043929192933071015	0.071203385430467	5	0.027274192497395988	0.01899222310673017	3.688317913109539e-05	unsupported	True	0.091265541255213	4.417921635442241e-43
cbx3a	19-18088539-18089039	3	0.03573539105208957	0.07993139745099788	4	0.04419600639890831	0.052058566382778365	0.00018390461921472448	unsupported	True	0.0886277033634578	9.826286077562176e-41
cbx3a	19-18203253-18203753	4	0.06682700641497633	0.11231952841246481	4	0.04549252199748849	0.057789011980559156	0.00029528443459784083	unsupported	True	0.0781600855977309	4.22629196116279e-32
cbx3a	19-18184030-18184530	5	0.03408828855894547	0.08057370051356348	4	0.046485411954618014	0.05330399503445543	0.00019965020194380703	unsupported	True	0.0726657884254045	5.299377966918215e-28
cbx3a	19-18162533-18163033	6	0.04639210300554797	0.11476933536561969	0	0.06837723236007172	0.045667764941931005	0.00035838278655491747	unsupported	True	0.0606338699752841	4.6051122892717076e-20
cbx3a	19-18139628-18140128	7	0.02848348738548064	0.059138664826754575	2	0.030655177441273936	0.04273677665943683	7.74777701049673e-05	unsupported	True	0.053241845951545	6.909751882507019e-16
cbx3a	19-18181472-18181972	8	0.03923517338212079	0.07743806331338189	4	0.0382028899312611	0.050212232393096766	0.0001485457498200517	unsupported	True	0.0474867854758577	5.292357642647153e-13
cbx3a	19-18156324-18156824	9	0.03636246589604779	0.053993822654833684	0	0.017631356758785896	0.014068601284366947	1.339308824907894e-05	unsupported	True	0.0450049578463599	7.39037516464169e-12
cbx3a	19-18187863-18188363	10	-0.00021172007170602606	0.04500655132084275	4	0.045218271392548776	0.029513365904318384	6.006319553452891e-05	unsupported	True	0.0310953703322864	1.5613354202281527e-06
cbx3a	19-18125004-18125504	11	-0.0028997147812758256	0.03990544376789228	1	0.04280515854916811	0.059042831448343436	0.0001008545349175503	unsupported	True	0.0221727496744562	0.0004432230559362
cbx3a	19-18133392-18133892	12	-0.009050334252897646	0.026209464772147775	5	0.03525979902504542	0.04505812997932072	4.164004098475087e-05	unsupported	True	0.0198447936581875	0.0014640244722522
cbx3a	19-18140139-18140639	13	0.006601827509104149	0.03519482641694096	1	0.02859299890783681	0.041459385098204515	4.1721641965224804e-05	unsupported	True	0.019323253515414	0.0018838289782925
cbx3a	19-18160788-18161288	14	0.016214530296660944	0.0671302779709944	5	0.050915747674333454	0.06088164663369583	0.00020809275554258016	unsupported	True	0.0158077702999558	0.0088973119072388
cbx3a	19-18076520-18077020	15	-0.016719612280661128	0.05364170775014177	0	0.07036132003080289	0.06363727229700214	0.00024018624375950437	unsupported	True	0.0157096100582677	0.0092577061996707
si:ch211-106e7.2	25-28907778-28908278	0	0.152388290962707	0.1500323083828784	2	-0.0023559825798286083	0.12058303403821999	0.0	unsupported	True	0.1489737829705812	5.3654899906769055e-112
si:ch211-106e7.2	25-28903065-28903565	1	0.013629940114227006	0.04501396081183326	2	0.03138402069760625	0.06165509290040187	8.710132598391744e-05	unsupported	True	0.1019930312947911	2.425151469605544e-53
si:ch211-106e7.2	25-28867729-28868229	2	0.06369164322834167	0.08737040800030561	1	0.023678764771963942	0.03928770348280437	8.127931790367771e-05	unsupported	True	0.0746091208941282	2.0354766569352044e-29
si:ch211-106e7.2	25-28936668-28937168	3	0.027212040201846543	0.05255827148040232	2	0.025346231278555776	0.047351771110944796	6.307985624284466e-05	unsupported	True	0.0741142003799971	4.70656255279354e-29
si:ch211-106e7.2	25-28806075-28806575	4	0.018450801351319667	0.02752469391601063	2	0.009073892564690964	0.029021085806341433	7.248193657710008e-06	unsupported	True	0.0700555775419579	3.6905882835205477e-26
si:ch211-106e7.2	25-28847799-28848299	5	0.05790389671348476	0.08112125822145058	1	0.02321736150796582	0.0527362792407974	9.93246462712712e-05	unsupported	True	0.0689362201098582	2.1721124410286794e-25
si:ch211-106e7.2	25-28897567-28898067	6	0.03333536614144141	0.05152497482921279	4	0.018189608687771378	0.028674237877366514	2.6874044270835557e-05	unsupported	True	0.0689206289039978	2.2259612101958666e-25
si:ch211-106e7.2	25-28854703-28855203	7	0.048049960957064035	0.053452410944218154	2	0.005402449987154119	0.023196444800394823	6.698529613071222e-06	unsupported	True	0.0573614652705645	3.7811936887683784e-18
si:ch211-106e7.2	25-28809989-28810489	8	0.02467416945287349	0.05140264394307093	4	0.02672847449019744	0.028352454784930727	3.895384186020151e-05	unsupported	True	0.0460500519130853	2.4759348137595496e-12
si:ch211-106e7.2	25-28860148-28860648	9	0.00861318174534932	0.020000931927705377	2	0.011387750182356058	0.02342594335127717	5.335624422634341e-06	unsupported	True	0.0404979692805176	6.258637114320694e-10
si:ch211-106e7.2	25-28849451-28849951	10	-0.0024541543243733117	0.022062542104071	2	0.024516696428444312	0.03609771405256395	1.952527689366296e-05	unsupported	True	0.0310003313007774	1.6732130348324144e-06
si:ch211-106e7.2	25-28766048-28766548	11	-0.0023160056061633056	0.04587698339098089	5	0.04819298899714419	0.05013557923034606	0.00011084720654694504	unsupported	True	0.0272017995147684	2.266064842964176e-05
si:ch211-106e7.2	25-28932382-28932882	12	-0.0010078713479072525	0.01599245681552766	4	0.017000328163434913	0.02603692111947234	7.078840367807627e-06	unsupported	True	0.0248775803281512	9.576530073216896e-05
si:ch211-106e7.2	25-28902514-28903014	13	-0.00895849279943696	0.002949864038619712	2	0.011908356838056671	0.02407336475812596	8.456499659834126e-07	unsupported	True	0.0239458283164704	0.000165216421196
si:ch211-106e7.2	25-28955727-28956227	14	0.005313306061905991	0.05758538581268072	3	0.052272079750774726	0.06102108253284832	0.00018368004135870458	unsupported	True	0.0218662564616253	0.0005221247597158
si:ch211-106e7.2	25-28798574-28799074	15	-0.0018075676705433434	0.006727397901290511	1	0.008534965571833855	0.013815842980352258	7.932795847427623e-07	unsupported	True	0.0207116480026307	0.0009508127573398
stmn1a	19-17281485-17281985	0	0.03060908454733943	0.04116674863233462	2	0.01055766408499519	0.021037907896818493	9.143594482580349e-06	unsupported	True	0.1185736961928122	1.7869477056185157e-71
stmn1a	19-17220445-17220945	1	0.05682296407270914	0.08168099008657027	4	0.024858026013861133	0.038214481173206874	7.759175932096477e-05	unsupported	True	0.0887328046439983	7.946814213215812e-41
stmn1a	19-17134171-17134671	2	0.025661074860858262	0.05678602367563866	3	0.0311249488147804	0.028575560622913273	5.050621982428909e-05	unsupported	True	0.0639949815933208	3.8741360380214695e-22
stmn1a	19-17169955-17170455	3	0.02503160335008015	0.058013933279453055	2	0.0329823299293729	0.02179348460234346	4.170040940885169e-05	unsupported	True	0.0615663861451308	1.254841563290812e-20
stmn1a	19-17219053-17219553	4	0.056046331753293634	0.09764105027965266	0	0.04159471852635902	0.05654428480290623	0.00022964624434249818	unsupported	True	0.0612855572916961	1.8600638924727452e-20
stmn1a	19-17273385-17273885	5	0.05162139163467273	0.06374426618001602	3	0.012122874545343297	0.023900282881727575	1.8469272031801072e-05	unsupported	True	0.0600870193621485	9.781790965780728e-20
stmn1a	19-17310509-17311009	6	0.021425216713082954	0.07891750551177655	2	0.0574922887986936	0.0727149171424193	0.00032991834220307285	unsupported	True	0.0519446839084067	3.292618716710092e-15
stmn1a	19-17253249-17253749	7	0.032027541451316116	0.08855284835070402	0	0.05652530689938791	0.07146303578458628	0.0003577065769559699	unsupported	True	0.0495750204284914	5.178026221991202e-14
stmn1a	19-17207556-17208056	8	0.015878181176780505	0.054727693556187826	2	0.03884951237940732	0.0588498528885303	0.00012512327387869881	unsupported	True	0.0456544565425812	3.7562054351761936e-12
stmn1a	19-17290603-17291103	9	0.013218331998449136	0.040900420609223304	2	0.027682088610774168	0.040117607285592605	4.542151873605279e-05	unsupported	True	0.044784582430375	9.278328182488024e-12
stmn1a	19-17202587-17203087	10	0.023094640832531915	0.03793542577865431	2	0.014840784946122395	0.03453488493803978	1.9442846529259195e-05	unsupported	True	0.0446112400527829	1.1088113050934375e-11
stmn1a	19-17289889-17290389	11	0.019013435956897477	0.02486063424039248	3	0.005847198283495003	0.008043176049319731	1.1691967517635603e-06	unsupported	True	0.0413884542850772	2.6980035123184016e-10
stmn1a	19-17217569-17218069	12	0.025074824337199986	0.044878164532279836	0	0.01980334019507985	0.03259615792201667	2.896942984275968e-05	unsupported	True	0.0327188510404066	4.64428904750436e-07
stmn1a	19-17200779-17201279	13	-0.013698475304286225	0.03297657796720849	3	0.04667505327149471	0.06974499691209583	0.00010735035077932317	unsupported	True	0.0306857134020846	2.1010584067532166e-06
stmn1a	19-17129189-17129689	14	0.023000017588493425	0.0598536573455361	0	0.03685363975704267	0.04025077435707801	8.878616941594193e-05	unsupported	True	0.029032814486105	6.708918917252557e-06
stmn1a	19-17203176-17203676	15	-0.007014846903657956	-0.004745361735653534	5	0.002269485168004422	0.015864107325947483	0.0	unsupported	True	0.0245884459369216	0.0001136486583323
stmn1a	19-17157806-17158306	16	0.00826224289165155	0.011566122457610004	1	0.003303879565958453	0.018105594266506708	6.918704433049819e-07	unsupported	True	0.0223584766044376	0.0004009467980279
stmn1a	19-17180808-17181308	17	0.005436711444043433	0.025134035951720896	0	0.01969732450767746	0.025351338626712575	1.2550769918325632e-05	unsupported	True	0.0217464676122007	0.0005563512329202
tph1b	7-33185137-33185637	0	0.048427607385304154	0.08930789545182004	1	0.040880288066515884	0.04532067838164122	0.00016546273729404638	unsupported	True	0.1256358304237047	4.824860178011358e-80
tph1b	7-33136952-33137452	1	-0.0008231711908292002	0.027781213695673938	3	0.02860438488650314	0.025390864186706993	2.017721913402831e-05	unsupported	True	0.0762668361083129	1.1796642801318878e-30
tph1b	7-33040595-33041095	2	0.018523373958026862	0.044355876565739485	0	0.025832502607712624	0.028503328627939556	3.265977798541793e-05	unsupported	True	0.0672355844559405	3.040098678337648e-24
tph1b	7-33183264-33183764	3	0.010600046246320535	0.04320404626312284	1	0.032604000016802304	0.04632267196363586	6.525126106015452e-05	unsupported	True	0.0541775381867046	2.188786542071931e-16
tph1b	7-33088332-33088832	4	0.01583569491177541	0.04660916627241475	2	0.03077347136063934	0.041707918343858154	5.982274515615683e-05	unsupported	True	0.0516298535424677	4.7825096495014065e-15
tph1b	7-33104330-33104830	5	0.016760538184542893	0.02604746149047562	2	0.009286923305932726	0.013054340426328397	3.1578550946526116e-06	unsupported	True	0.048807390550362	1.2306840284728977e-13
tph1b	7-33046978-33047478	6	0.039761489734919615	0.0694675929714376	4	0.02970610323651799	0.04435500515526682	9.153149820653575e-05	unsupported	True	0.0453476676284625	5.177101275524788e-12
tph1b	7-33213679-33214179	7	0.06585220085919846	0.13381029365514108	1	0.06795809279594262	0.08989332780226483	0.0008174442889797458	unsupported	True	0.0442921403170243	1.5366044435075226e-11
tph1b	7-33059047-33059547	8	0.013236589546836822	0.04323024630473399	4	0.029993656757897166	0.03827338181762295	4.9626536363087193e-05	unsupported	True	0.044021581095112	2.0227552681210954e-11
tph1b	7-33106541-33107041	9	0.032315220918713534	0.11922294688821942	1	0.08690772596950588	0.10772708254478613	0.0011162028757135895	unsupported	True	0.0431813902277849	4.700898335325337e-11
tph1b	7-33189500-33190000	10	0.0021438985103891233	0.022005185090527842	1	0.01986128658013872	0.023679789111047084	1.0349282314732678e-05	unsupported	True	0.0416343999492508	2.1319232263366558e-10
tph1b	7-33195693-33196193	11	0.023813566558184895	0.0785071956950474	5	0.0546936291368625	0.0481839457723405	0.00020689431975312947	unsupported	True	0.0411671799367503	3.330878197663009e-10
tph1b	7-33205223-33205723	12	0.024752529607569705	0.0671691687928126	1	0.04241663918524289	0.06160147431560788	0.000175508168917177	unsupported	True	0.036686303831595	1.8835790986365903e-08
tph1b	7-33060112-33060612	13	0.005778931879165369	0.03458312549834147	4	0.0288041936191761	0.028151325442180526	2.8042634379820407e-05	unsupported	True	0.0331188604424287	3.41467812219122e-07
tph1b	7-33109012-33109512	14	0.0036127166587855315	0.044744073160997565	0	0.04113135650221203	0.049001388374370757	9.018139194532373e-05	unsupported	True	0.0295910498640013	4.562851302442358e-06
tph1b	7-33073314-33073814	15	0.012327798511388002	0.04718574710404526	5	0.034857948592657256	0.0383889476979641	6.31420777112655e-05	unsupported	True	0.0259844217698028	4.890962731223163e-05
tph1b	7-33019486-33019986	16	0.005354380993294918	0.054905824375394215	1	0.0495514433820993	0.05640882206498756	0.00015346938648515791	unsupported	True	0.0238167317956174	0.000177924298315
tph1b	7-33061179-33061679	17	0.01800934276153061	0.0530104988250568	4	0.03500115606352619	0.04418503593461537	8.198218565623084e-05	unsupported	True	0.0218151451729143	0.0005364829439549
tph1b	7-33015500-33016000	18	0.013348693885051797	0.030731370041287013	1	0.017382676156235215	0.02280710262577227	1.2183404910633296e-05	unsupported	True	0.0191783435829887	0.0020184912158925
tph1b	7-33196394-33196894	19	-0.009920521575299568	0.02643251382185898	0	0.03635303539715855	0.049086210097946906	4.716704288456657e-05	unsupported	True	0.0177719840767732	0.0038565371287276
higd1a	2-2160148-2160648	0	0.032169738621466826	0.06884603621334234	5	0.03667629759187552	0.046605739738009244	0.00011768031832779836	unsupported	True	0.0784187538115021	2.66488346589503e-32
higd1a	2-2226217-2226717	1	0.020661277032478196	0.05155972608997567	4	0.030898449057497477	0.03626408223737147	5.77728740444664e-05	unsupported	True	0.0733233864887875	1.775740988498858e-28
higd1a	2-2080951-2081451	2	0.01922369002976797	0.04724666350625929	4	0.02802297347649132	0.03551645256928059	4.702349900932461e-05	unsupported	True	0.0618212083692611	8.766245420773676e-21
higd1a	2-2149516-2150016	3	-0.008898399353124024	0.020611025166958157	1	0.02950942452008218	0.031397308640373156	1.9096455094016655e-05	unsupported	True	0.0600500410045164	1.029051363333942e-19
higd1a	2-2239731-2240231	4	0.002453249713839359	0.03899689571878626	0	0.0365436460049469	0.03999468143523906	5.699597067074624e-05	unsupported	True	0.0541748289624417	2.1961461817500862e-16
higd1a	2-2086157-2086657	5	-0.009173241841114392	0.019210683232378577	2	0.02838392507349297	0.02298710970082454	1.2534286897361436e-05	unsupported	True	0.0536431062031152	4.2306006268197247e-16
higd1a	2-2162743-2163243	6	0.022509689544015624	0.05241225316015649	1	0.029902563616140868	0.04197653468365258	6.578817457531684e-05	unsupported	True	0.0492037329551926	7.883715005347023e-14
higd1a	2-2076445-2076945	7	0.017229213055331528	0.042033785735529204	5	0.024804572680197676	0.04040744914790264	4.213002247512467e-05	unsupported	True	0.0469747673089931	9.22013696928198e-13
higd1a	2-2157527-2158027	8	0.00020045972648308438	0.023951924846364325	3	0.02375146511988124	0.027145499514658583	1.54428930037858e-05	unsupported	True	0.045178079826266	6.176193603849443e-12
higd1a	2-2139069-2139569	9	-0.021712260553969225	-0.0045103873458645066	4	0.01720187320810472	0.024695190998437297	0.0	unsupported	True	0.0407307593877249	5.031308884062582e-10
higd1a	2-2102182-2102682	10	-0.006682298062387864	0.012408019661402526	5	0.01909031772379039	0.015670966260185284	3.7120293811051138e-06	unsupported	True	0.0403708473942927	7.047389975641116e-10
higd1a	2-2150093-2150593	11	0.004116738820071097	0.014742088513668766	2	0.010625349693597668	0.01433089727031483	2.2447895367591036e-06	unsupported	True	0.0362536106293315	2.716800579417609e-08
higd1a	2-2165964-2166464	12	0.0007552896052218347	0.007609433401714551	5	0.0068541437964927164	0.008698442925913114	4.536773004923234e-07	unsupported	True	0.0360424445089781	3.2437162635991856e-08
higd1a	2-2106423-2106923	13	-0.011614829504786735	-0.002009577918474795	5	0.00960525158631194	0.011997733787428213	0.0	unsupported	True	0.0344159606198282	1.229700319957271e-07
higd1a	2-2090645-2091145	14	0.02752635310742218	0.060058356001230266	5	0.03253200289380809	0.052150657938016674	0.00010189292606715413	unsupported	True	0.0337148469596495	2.145505512762829e-07
higd1a	2-2073592-2074092	15	0.0244991313722065	0.06833083751758096	1	0.04383170614537446	0.059466769472047834	0.00017810637551721208	unsupported	True	0.0332182651357137	3.1617095544511177e-07
higd1a	2-2180461-2180961	16	-0.005443865994386182	0.0344185080114107	4	0.03986237400579688	0.04257924109450131	5.841886521474737e-05	unsupported	True	0.0275543274254313	1.80274866554858e-05
higd1a	2-2098158-2098658	17	-0.009401270827440336	0.00520053916593462	3	0.014601809993374956	0.01173596509650074	8.911973235143037e-07	unsupported	True	0.0264637445372096	3.6265029756754e-05
higd1a	2-2083306-2083806	18	0.005682310745898243	0.03013244500949254	1	0.024450134263594298	0.028330057804927956	2.0871952687803006e-05	unsupported	True	0.0241306340935255	0.0001484962610703
higd1a	2-2211866-2212366	19	-0.006642225553163856	0.01254949762825298	0	0.019191723181416837	0.028116936096482324	6.771865215078243e-06	unsupported	True	0.0230422043122732	0.0002754768014497
egln1b	11-31520070-31520570	0	0.06570401344001611	0.1221783071489159	5	0.05647429370889978	0.07414356196149754	0.0005115856546082379	unsupported	True	0.0805871174186729	5.257361487733263e-34
egln1b	11-31623684-31624184	1	0.017536653668470736	0.06481792437049166	5	0.04728127070202093	0.051672473457792925	0.0001583592770601829	unsupported	True	0.0601255880739211	9.27766144123176e-20
egln1b	11-31506721-31507221	2	0.00617634136461892	0.05493294572874687	0	0.04875660436412795	0.06093702109583925	0.00016321029882473091	unsupported	True	0.0581841241787738	1.2769807002044528e-18
egln1b	11-31502215-31502715	3	0.008834438327074262	0.040385265910693954	0	0.03155082758361969	0.0287544764094019	3.663862493758173e-05	unsupported	True	0.0559260548568989	2.4235509988927174e-17
egln1b	11-31525206-31525706	4	0.03671960448184257	0.14568146638609838	5	0.10896186190425582	0.1388661525963357	0.0022043229545895353	unsupported	True	0.0549482026385697	8.367855738504156e-17
egln1b	11-31637504-31638004	5	0.06329374131118762	0.07719736058430958	1	0.013903619273121962	0.014461634817197505	1.5522001079592566e-05	unsupported	True	0.0514263932134643	6.080117866620566e-15
egln1b	11-31507994-31508494	6	0.026592567648297538	0.0837154250246959	0	0.057122857376398356	0.04897172314127774	0.00023418592815446706	unsupported	True	0.0442971720484157	1.5287455946116445e-11
egln1b	11-31627797-31628297	7	0.018423187690682356	0.040084426920446746	2	0.02166123922976439	0.02924247689557147	2.5390609907888123e-05	unsupported	True	0.0425486005704678	8.780792207162007e-11
egln1b	11-31469852-31470352	8	0.02242285259068852	0.14236965894679457	0	0.11994680635610605	0.13822798535463102	0.0023604897130415515	unsupported	True	0.0418094467340241	1.8014776382864392e-10
egln1b	11-31485224-31485724	9	0.032999930343037054	0.05023541164989064	3	0.017235481306853588	0.037151321549891474	3.216678440633791e-05	unsupported	True	0.0398511717057306	1.1406436837191026e-09
egln1b	11-31616765-31617265	10	-0.0016327864140233603	0.0235574360984403	4	0.02519022251246366	0.03125238242563257	1.854569680772196e-05	unsupported	True	0.0378871706649549	6.670410700642974e-09
egln1b	11-31466591-31467091	11	0.020156947173669858	0.05827149146584185	1	0.038114544292171995	0.029106204559460107	6.464462833801596e-05	unsupported	True	0.0373629954880128	1.0534903370107888e-08
egln1b	11-31617425-31617925	12	0.05097392157213248	0.12296686871758118	0	0.07199294714544871	0.0963311926002327	0.0008527957032926517	unsupported	True	0.0371757125266742	1.2385382214595957e-08
egln1b	11-31574225-31574725	13	0.025676976426305825	0.0607796993076404	0	0.03510272288133458	0.036826582076441836	7.85707259868805e-05	unsupported	True	0.0365821301463929	2.0579978447856368e-08
egln1b	11-31628459-31628959	14	0.041281684242818806	0.08772595091723372	3	0.04644426667441491	0.09330718695365513	0.0003801677661836965	unsupported	True	0.0358606207448229	3.7756395357688495e-08
egln1b	11-31619371-31619871	15	0.01349845723114882	0.03187143441785631	4	0.01837297718670749	0.025907255955813512	1.5170593153204212e-05	unsupported	True	0.0353796709550782	5.62231606711887e-08
egln1b	11-31460797-31461297	16	0.024033594978350545	0.0451663560277675	3	0.021132761049416957	0.04480204001681255	4.2763090636723736e-05	unsupported	True	0.0334418642965017	2.6569784198862536e-07
egln1b	11-31624818-31625318	17	0.05225824461016173	0.11643081273270539	5	0.06417256812254366	0.06584183794035539	0.0004919481074604795	unsupported	True	0.0323048877622961	6.361419397103616e-07
egln1b	11-31533941-31534441	18	0.001438853815021683	0.10187296211917601	0	0.10043410830415433	0.07130302550766156	0.000729538339438413	unsupported	True	0.0286016731276189	8.993962441633729e-06
egln1b	11-31570565-31571065	19	-0.00265006617376511	0.014689957095700187	1	0.017340023269465297	0.012265568794172847	3.1243371724768123e-06	unsupported	True	0.0280399680763321	1.3097425141528292e-05
foxn2b	12-24826382-24826882	0	0.058293485287819344	0.10181218726969216	2	0.04351870198187281	0.06109892029183729	0.00027071307791432376	unsupported	True	0.0802659259325496	9.467632770939132e-34
foxn2b	12-24785191-24785691	1	0.04559598519190832	0.07446009300818976	2	0.028864107816281438	0.04207865674176004	9.043646537830219e-05	unsupported	True	0.0723895106517664	8.364755398747555e-28
foxn2b	12-24842984-24843484	2	0.042453214082889386	0.09948188450147681	0	0.057028670418587425	0.05777034992406832	0.00032774965874576275	unsupported	True	0.0641187597883384	3.2333252809960104e-22
foxn2b	12-24819066-24819566	3	0.004969683647312208	0.038479136085219634	3	0.03350945243790743	0.03878054985703152	5.000421418155168e-05	unsupported	True	0.0636758270703196	6.165335162392484e-22
foxn2b	12-24763355-24763855	4	0.050072421847244926	0.11550536105340166	2	0.06543293920615673	0.14025465112017288	0.0010600243538009858	unsupported	True	0.0548646737909378	9.29294938446165e-17
foxn2b	12-24828400-24828900	5	0.06142269281008401	0.17770331482327978	4	0.11628062201319578	0.15131239451308054	0.0031266363982204275	unsupported	True	0.0488465977395363	1.1778258427166776e-13
foxn2b	12-24750632-24751132	6	0.001754391900981478	0.027329670265567766	3	0.025575278364586288	0.038278258701878204	2.6755121931195582e-05	unsupported	True	0.0488201439080647	1.2132395318080848e-13
foxn2b	12-24921318-24921818	7	0.019582612979929408	0.06192695728191226	3	0.042344344301982854	0.05471809270391676	0.00014348486882800743	unsupported	True	0.0461567607894943	2.21133617667854e-12
foxn2b	12-24852293-24852793	8	0.03681173051902373	0.05508667149869282	5	0.018274940979669092	0.025541504909642458	2.5712777823214997e-05	unsupported	True	0.0444372451815562	1.3250919682599617e-11
foxn2b	12-24798279-24798779	9	0.020890739589075814	0.056283332199416135	0	0.03539259261034032	0.03884357476205677	7.737690772926122e-05	unsupported	True	0.0431048477059483	5.0723398099893676e-11
foxn2b	12-24814260-24814760	10	0.017273331337945043	0.03160493259809499	1	0.01433160126014995	0.015174778900493954	6.873405356956211e-06	unsupported	True	0.0397315283566371	1.2732959442122755e-09
foxn2b	12-24805582-24806082	11	0.014082293032659057	0.05140575815648335	2	0.03732346512382429	0.05040855665632434	9.671592464638214e-05	unsupported	True	0.0378748574197779	6.742873823787663e-09
foxn2b	12-24925421-24925921	12	0.012300357604691394	0.056864099349693414	0	0.04456374174500202	0.07491319238966801	0.00018983580067657622	unsupported	True	0.0344936234049631	1.1554089701449212e-07
foxn2b	12-24930322-24930822	13	0.009464155359042489	0.03448946021712739	1	0.025025304858084903	0.03550274333634228	3.0642746398506575e-05	unsupported	True	0.0336006107085608	2.346791078995481e-07
foxn2b	12-24793786-24794286	14	0.03146954940529438	0.06405066939430944	5	0.032581119989015056	0.041903934911295335	8.744691417214496e-05	unsupported	True	0.0297607805485435	4.052781864074038e-06
foxn2b	12-24918010-24918510	15	0.007079578049678628	0.03873500298689314	5	0.031655424937214516	0.03041851210730953	3.729835762240548e-05	unsupported	True	0.0289625026404314	7.039337337596284e-06
foxn2b	12-24786265-24786765	16	0.013733405651135242	0.04370338988261406	2	0.02996998423147882	0.042537350488365176	5.571499228250645e-05	unsupported	True	0.0263720571390914	3.841516629018068e-05
foxn2b	12-24766337-24766837	17	0.015060681108287849	0.11483057423564798	5	0.09976989312736013	0.13326407792690267	0.0015267577820469436	unsupported	True	0.025664926730194	5.953829876870598e-05
foxn2b	12-24845514-24846014	18	-0.006279041823147101	0.023694253685906944	0	0.029973295509054046	0.017513807397343904	1.2438216125626656e-05	unsupported	True	0.0228184617388693	0.0003118163738041
foxn2b	12-24793207-24793707	19	0.007864090045978229	0.0390894028060362	3	0.03122531276005797	0.03704999635314848	4.522244113436897e-05	unsupported	True	0.0198450448823581	0.0014638446829572
mdm2	4-23129616-23130116	0	0.0863360658655822	0.11655210336869083	2	0.030216037503108625	0.030049638119042807	0.00010582709447833056	unsupported	True	0.091327167393654	3.886465453312532e-43
mdm2	4-23121950-23122450	1	0.07779699524309179	0.20093023561354953	4	0.12313324037045774	0.15235436993495755	0.0037694285661686406	unsupported	True	0.0785813772231844	1.9926184563645715e-32
mdm2	4-23172994-23173494	2	0.02983639350096461	0.07985519422283137	1	0.05001880072186676	0.06715923170871961	0.00026825150312282693	unsupported	True	0.0699214932248996	4.570402678864592e-26
mdm2	4-23031755-23032255	3	0.020027801308903127	0.0421021984928155	1	0.02207439718391237	0.019951091474890457	1.854215839997937e-05	unsupported	True	0.0691651428377302	1.5151362827445969e-25
mdm2	4-23165006-23165506	4	0.009919831411408538	0.0413969937285627	2	0.03147716231715417	0.05145051678366696	6.704310479388028e-05	unsupported	True	0.0533654483705769	5.942905047467067e-16
mdm2	4-23154457-23154957	5	0.033322165126096516	0.04526699176766225	3	0.011944826641565737	0.023290253373704727	1.2593188340606326e-05	unsupported	True	0.0499562392790616	3.3521763645055724e-14
mdm2	4-23132259-23132759	6	0.01961391250895745	0.057158136240240215	4	0.037544223731282765	0.039395325869713206	8.454070900302422e-05	unsupported	True	0.04971239499313	4.428713167592892e-14
mdm2	4-23138194-23138694	7	0.027889141282313238	0.04792313601440151	2	0.020033994732088275	0.022551103656685383	2.1651130929814208e-05	unsupported	True	0.0462112345997609	2.0871580486419397e-12
mdm2	4-23143296-23143796	8	0.01880028139875254	0.11880081526359491	0	0.10000053386484237	0.09043996548684641	0.0010744398992511258	unsupported	True	0.0418695668230108	1.6999654185776887e-10
mdm2	4-23043171-23043671	9	0.01679372795194251	0.07053579035352085	3	0.05374206240157835	0.06995419215565721	0.0002651780736956147	unsupported	True	0.0380973684707729	5.5440226582862e-09
mdm2	4-23134366-23134866	10	0.0038279452854389122	0.036908585004636014	4	0.0330806397191971	0.03228878590429015	3.942330322175747e-05	unsupported	True	0.0365804888053582	2.0608675144202143e-08
mdm2	4-23097084-23097584	11	-0.014257228671076719	0.019726482363396247	0	0.033983711034472966	0.03845754550192406	2.578113383281733e-05	unsupported	True	0.0362862989996259	2.6430329525611037e-08
mdm2	4-23102154-23102654	12	0.01783314280945733	0.0356164649947912	1	0.01778332218533387	0.02340877329571555	1.4826627109157497e-05	unsupported	True	0.0328289060292695	4.268950882497122e-07
mdm2	4-23034273-23034773	13	0.02013034028544314	0.05536778159019649	1	0.03523744130475334	0.0488029616632461	9.521550321432522e-05	unsupported	True	0.0293567620513195	5.368540644045569e-06
mdm2	4-23093357-23093857	14	-0.007731591973369598	0.017109217137230903	0	0.0248408091106005	0.018360964431255712	7.803534681616271e-06	unsupported	True	0.0292201218240247	5.899358916798021e-06
mdm2	4-23128892-23129392	15	0.014165322485972173	0.06711609688289148	2	0.05295077439691931	0.06676153716044347	0.00023726044240150572	unsupported	True	0.0290744329644662	6.520366364982203e-06
mdm2	4-23086078-23086578	16	0.01274732550426986	0.03264498670534432	0	0.01989766120107446	0.02849215735687805	1.8507333974706154e-05	unsupported	True	0.0277773711360871	1.557703368104165e-05
mdm2	4-23080854-23081354	17	0.017150041119936215	0.06146911953856633	4	0.044319078418630115	0.04557742408420247	0.00012416451310404006	unsupported	True	0.0246050120251003	0.0001125446780846
mdm2	4-23120670-23121170	18	0.008497202129048888	0.028180587336892785	5	0.019683385207843896	0.004703705955815915	2.6090956271407926e-06	unsupported	True	0.0239857866487767	0.0001614585020187
rpl34	7-59692745-59693245	0	0.02936256808027615	0.07371875018708189	4	0.04435618210680574	0.055050333602930546	0.0001800081118968575	unsupported	True	0.0668995101960747	5.0816156893559536e-24
rpl34	7-59732414-59732914	1	0.015075200127654646	0.031614642367389444	5	0.016539442239734796	0.011886442845782497	6.215284880517765e-06	unsupported	True	0.0643091995704396	2.4464752808395416e-22
rpl34	7-59722249-59722749	2	0.012476545534949436	0.0416706557638888	5	0.029194110228939363	0.04474843155537921	5.443815479428199e-05	unsupported	True	0.0565577297930306	1.0761345647775136e-17
rpl34	7-59557063-59557563	3	0.02787547274125762	0.05468123443280905	4	0.026805761691551428	0.02794062358270581	4.095458759956492e-05	unsupported	True	0.0531088396480021	8.123461379752151e-16
rpl34	7-59734941-59735441	4	0.016716169296320346	0.03484513911281587	5	0.018128969816495526	0.021593415986293482	1.3640700700829658e-05	unsupported	True	0.0510402652938879	9.564605372948308e-15
rpl34	7-59619171-59619671	5	0.01141015495531236	0.03077384928225858	2	0.01936369432694622	0.030226993596986627	1.8012126765672462e-05	unsupported	True	0.0476394312582678	4.480071577735703e-13
rpl34	7-59662649-59663149	6	0.015554720818399212	0.04801726526474446	2	0.03246254444634525	0.03917260799592236	6.106079659595943e-05	unsupported	True	0.0454630767589648	4.589618191114019e-12
rpl34	7-59746506-59747006	7	-0.0038420113949744236	0.028992934241154237	3	0.03283494563612866	0.034806962588844866	3.3135581658690214e-05	unsupported	True	0.0423022922832687	1.1171611391843172e-10
rpl34	7-59663154-59663654	8	0.010435367947010374	0.0330425075789626	3	0.022607139631952225	0.023394623958325932	1.747570414872367e-05	unsupported	True	0.0399624479494193	1.029411629085961e-09
rpl34	7-59631175-59631675	9	-0.0036297073158833675	0.014470095813741611	1	0.01809980312962498	0.01903341099496709	4.9849623606372826e-06	unsupported	True	0.0396087346073295	1.425031233146023e-09
rpl34	7-59725005-59725505	10	0.003033401549775937	0.029547628703101	4	0.026514227153325062	0.02516153253946625	1.9712363329472953e-05	unsupported	True	0.0393674930131813	1.776085456825928e-09
rpl34	7-59630473-59630973	11	0.009102634972301646	0.04403659200253528	1	0.03493395703023363	0.06149839554654074	9.460743513869227e-05	unsupported	True	0.0381795140282003	5.156063389949911e-09
rpl34	7-59742467-59742967	12	0.008367485043894637	0.027504976707251275	0	0.01913749166335664	0.014135068366365926	7.4403644559627684e-06	unsupported	True	0.0373806060259463	1.0375401456764624e-08
rpl34	7-59702152-59702652	13	0.01252374453637636	0.0321598547596506	4	0.01963611022327424	0.019095473645513596	1.2058685681207622e-05	unsupported	True	0.0346919844234875	9.848088578658185e-08
rpl34	7-59605531-59606031	14	-0.004467986601578789	0.018108935510656142	5	0.02257692211223493	0.020185531229718577	8.252733866202072e-06	unsupported	True	0.0339449425864723	1.7894152548033982e-07
rpl34	7-59656801-59657301	15	0.007005445440409718	0.02572085185358881	4	0.018715406413179092	0.027128370206656167	1.305895164651892e-05	unsupported	True	0.0337706692211697	2.0533076358380779e-07
rpl34	7-59664671-59665171	16	0.007024894502463894	0.03338498624195929	1	0.026360091739495398	0.02804996263236595	2.46848450819909e-05	unsupported	True	0.0337019717983947	2.1673305321743338e-07
rpl34	7-59580794-59581294	17	-0.007451346624923043	0.01612276524636009	3	0.02357411187128313	0.02623976943669319	9.973208198105406e-06	unsupported	True	0.0324019817502122	5.910880581519807e-07
rpl34	7-59632710-59633210	18	0.013619727651192669	0.05082657416038026	2	0.03720684650918759	0.04936515376524602	9.335427164853873e-05	unsupported	True	0.0321659349319937	7.064057891048848e-07
rpl34	7-59644512-59645012	19	0.004433498093721239	0.028375664884825194	1	0.023942166791103954	0.027811650195704207	1.8894537111729366e-05	unsupported	True	0.0318663503103506	8.84163713921375e-07
zgc:113424	19-34975451-34975951	0	-0.0022328239291020697	0.04445348559473977	3	0.04668630952384184	0.05259777149776262	0.00010915979431811778	unsupported	True	0.0604444935097682	5.982373262925423e-20
zgc:113424	19-35078967-35079467	1	0.026357268754327774	0.040905501906334	5	0.014548233152006224	0.02164578273232065	1.2881465456187906e-05	unsupported	True	0.059410437748829	2.4613713537168324e-19
zgc:113424	19-34986271-34986771	2	0.010640370387241927	0.02988692268022039	3	0.01924655229297846	0.017742785790515782	1.020600915011054e-05	unsupported	True	0.0490140139430198	9.761207347452537e-14
zgc:113424	19-35088665-35089165	3	-0.004435252515674974	0.00889366784391627	2	0.013328920359591243	0.02504993549541952	2.9694942628593846e-06	unsupported	True	0.0479351695570796	3.2392555733587365e-13
zgc:113424	19-35082052-35082552	4	0.01550094289659672	0.050084795574109754	3	0.03458385267751303	0.04348409468066797	7.531989582675486e-05	unsupported	True	0.047465012909682	5.419416088525349e-13
zgc:113424	19-35076011-35076511	5	0.020286545473359518	0.05499469776534429	3	0.034708152291984776	0.03824708992668459	7.300468156320345e-05	unsupported	True	0.0467576615465804	1.164661633853005e-12
zgc:113424	19-34954340-34954840	6	0.001919713987797818	0.008866692507924885	5	0.006946978520127068	0.005373378187004985	3.3098248451971705e-07	unsupported	True	0.0464964062043768	1.5406085531328214e-12
zgc:113424	19-35086993-35087493	7	0.019255241180161708	0.039987672188653456	1	0.020732431008491748	0.036313143334110384	3.010510844220535e-05	unsupported	True	0.0452702732364876	5.611699584541631e-12
zgc:113424	19-35090911-35091411	8	-0.005098987509150634	0.018081500983051526	3	0.02318048849220216	0.03128746684636781	1.3113767075612042e-05	unsupported	True	0.0412995179523147	2.936850676777879e-10
zgc:113424	19-35056668-35057168	9	0.017521649144387988	0.0659804126687608	5	0.04845876352437281	0.06775549557959426	0.00021663662547690853	unsupported	True	0.0398348524611295	1.1579108654719946e-09
zgc:113424	19-35031562-35032062	10	0.007487793343450391	0.0407077504006621	4	0.03321995705721171	0.024309803255963835	3.287438323932777e-05	unsupported	True	0.039415842434953	1.6995755986333875e-09
zgc:113424	19-35090387-35090887	11	-0.011153162169800829	0.03784095452992666	0	0.04899411669972749	0.06059371505811414	0.00011233978683886802	unsupported	True	0.0379184152188245	6.489916102649534e-09
zgc:113424	19-34991999-34992499	12	0.004867845458818243	0.029751518032412248	4	0.024883672573594005	0.03530416964594876	2.613663117660822e-05	unsupported	True	0.0370926744380818	1.3303406146387052e-08
zgc:113424	19-35072610-35073110	13	0.01879185250092252	0.0869182870809689	4	0.06812643458004637	0.08778290246972105	0.0005198005753998408	unsupported	True	0.0370172441924628	1.4194308264249013e-08
zgc:113424	19-34941074-34941574	14	0.015209379191060881	0.04292551614550853	3	0.02771613695444765	0.027186394192681703	3.2344454743631416e-05	unsupported	True	0.0368705559372241	1.6095504316659702e-08
zgc:113424	19-34943444-34943944	15	0.001588541932833284	0.015147330787683197	0	0.013558788854849914	0.01919227773218129	3.941699634209929e-06	unsupported	True	0.0365275031399756	2.1556187623765172e-08
zgc:113424	19-34983335-34983835	16	0.024333672807139398	0.05366837668246593	1	0.02933470387532653	0.022502303920909673	3.5426410761140734e-05	unsupported	True	0.0359474998144423	3.5117100115155295e-08
zgc:113424	19-35032514-35033014	17	0.007928799238979446	0.02777374290641898	5	0.01984494366743953	0.023988337544044606	1.3221612745121694e-05	unsupported	True	0.0353168962459777	5.920024593343132e-08
zgc:113424	19-35019437-35019937	18	-0.011768698765295401	0.007594250354403267	3	0.01936294911969867	0.020854330833710927	3.0665685214887393e-06	unsupported	True	0.0333275745246716	2.904393009107391e-07
zgc:113424	19-35028437-35028937	19	0.019789125950872958	0.034757248920929205	4	0.014968122970056248	0.015206375736465626	7.911128776273202e-06	unsupported	True	0.0325668551224514	5.215261391370219e-07
mgst3b	13-45398755-45399255	0	0.02695873962328439	0.07013459945793356	5	0.043175859834649166	0.06712087333335343	0.00020325016875149838	unsupported	True	0.0729007510689987	3.5896256603171594e-28
mgst3b	13-45394680-45395180	1	0.04120815634330758	0.05276485156748226	1	0.011556695224174678	0.026312000799593328	1.6044724138682903e-05	unsupported	True	0.0703071609739387	2.4682397344426422e-26
mgst3b	13-45534924-45535424	2	0.01625196414749766	0.03856425737307094	4	0.02231229322557328	0.02467230378958825	2.1229456959164948e-05	unsupported	True	0.0595181386127977	2.126579094695101e-19
mgst3b	13-45403029-45403529	3	0.010495338099550767	0.039771711171199396	2	0.02927637307164863	0.035672815281492035	4.1536407795654006e-05	unsupported	True	0.0501894225063891	2.565228738048882e-14
mgst3b	13-45399314-45399814	4	0.03315593383544084	0.04235199068206528	4	0.009196056846624438	0.015625631385939583	6.0857351860861555e-06	unsupported	True	0.0479099931571799	3.330181354210008e-13
mgst3b	13-45390644-45391144	5	0.001713541796834599	0.01801865814644266	3	0.01630511634960806	0.025926873812178557	7.617220051382785e-06	unsupported	True	0.041725356191455	1.953450908428525e-10
mgst3b	13-45571278-45571778	6	0.010480798289702942	0.054350384293841314	4	0.04386958600413837	0.05582026881978775	0.00013309387781596497	unsupported	True	0.0414869326136613	2.455625654821196e-10
mgst3b	13-45465547-45466047	7	0.014473410633393724	0.02910538804615018	5	0.014631977412756457	0.01500494017002772	6.390144574360893e-06	unsupported	True	0.0414243225767768	2.607135627537764e-10
mgst3b	13-45478633-45479133	8	0.029958907778189787	0.09681143257871663	0	0.06685252480052685	0.09118872856047788	0.0005901815394504836	unsupported	True	0.0412118120900829	3.1925467000381566e-10
mgst3b	13-45550907-45551407	9	0.02185126130192643	0.05458547039882402	4	0.03273420909689759	0.04247415260976169	7.589333413946421e-05	unsupported	True	0.0407790496667547	4.807848513742584e-10
mgst3b	13-45455902-45456402	10	0.01721248997657645	0.035157104492328624	3	0.017944614515752175	0.02826050892632694	1.7829009303504315e-05	unsupported	True	0.0378098033564037	7.138590808195241e-09
mgst3b	13-45466292-45466792	11	0.008065647207316583	0.025179232465691148	5	0.017113585258374565	0.015759254521015335	6.790772166633257e-06	unsupported	True	0.0376983973363715	7.869249360815277e-09
mgst3b	13-45472234-45472734	12	-0.003336912650608767	0.010815041042190866	0	0.014151953692799634	0.021250218571623944	3.2524301035673596e-06	unsupported	True	0.0354896343815101	5.135373937794699e-08
mgst3b	13-45444005-45444505	13	0.012543675396544754	0.018274171989849337	4	0.005730496593304582	0.01435354620473846	1.5031045116278537e-06	unsupported	True	0.0353432403312177	5.793275831342504e-08
mgst3b	13-45388516-45389016	14	-0.002485182746288385	0.050211980947262765	4	0.05269716369355115	0.0634734198045029	0.0001679525082215042	unsupported	True	0.0306132767432584	2.2134689537309005e-06
mgst3b	13-45467841-45468341	15	-0.0006979307775148965	0.036606466995861765	0	0.037304397773376664	0.052151156932840934	7.121669192414856e-05	unsupported	True	0.0300522109883536	3.301596972887336e-06
mgst3b	13-45466994-45467494	16	-0.005795008407176998	0.03549547461991403	5	0.04129048302709103	0.05085492076665532	7.453425811515501e-05	unsupported	True	0.0293508581195835	5.390501486291854e-06
mgst3b	13-45519927-45520427	17	-0.011805853147121861	0.00908353196793877	5	0.02088938511506063	0.03093907039729365	5.87066996657794e-06	unsupported	True	0.0268204481773037	2.8935077678825276e-05
mgst3b	13-45471504-45472004	18	0.01609349325521906	0.06026830223319397	4	0.044174808977974905	0.05573313107324124	0.00014838058534480882	unsupported	True	0.0267295352078613	3.065707432078965e-05
mgst3b	13-45514740-45515240	19	0.006625501195583824	0.04108665454672766	4	0.03446115335114384	0.03452790637902392	4.888783831495152e-05	unsupported	True	0.0262838260148217	4.059761201387098e-05
rbm7	18-47305801-47306301	0	0.037109614614031394	0.06661136504494887	0	0.029501750430917476	0.030852188623627014	6.0629236087678356e-05	unsupported	True	0.077030808966118	3.108843134884545e-31
rbm7	18-47308621-47309121	1	0.07029272985350593	0.12869016368018846	2	0.05839743382668253	0.07786278785649256	0.0005851525014632122	unsupported	True	0.0751709033674214	7.807726144443876e-30
rbm7	18-47231764-47232264	2	0.027886513168719165	0.04960909823257162	0	0.021722585063852454	0.02298040605681212	2.4764555519921722e-05	unsupported	True	0.0694162978671108	1.0191480857486916e-25
rbm7	18-47274439-47274939	3	0.03988107470466038	0.06919688349555675	4	0.029315808790896368	0.05535342970750915	0.00011228789758981147	unsupported	True	0.0581157235127692	1.398408958782634e-18
rbm7	18-47277126-47277626	4	0.03038111856112823	0.06007620825507236	4	0.02969508969394413	0.03749573958831723	6.689121428295995e-05	unsupported	True	0.0506461223944263	1.5136204965585127e-14
rbm7	18-47240809-47241309	5	0.015669155606046314	0.05743968386671295	0	0.041770528260666635	0.053799680641946915	0.000129080817245934	unsupported	True	0.0498441858949293	3.8104702723672976e-14
rbm7	18-47257054-47257554	6	0.044286082475886945	0.10226406121585267	5	0.05797797873996573	0.0788204069463085	0.00046733120316425064	unsupported	True	0.0475068775021123	5.177702417957303e-13
rbm7	18-47222663-47223163	7	0.022648493919119633	0.09670127165238418	5	0.07405277773326455	0.08618140288070375	0.000617144834378347	unsupported	True	0.0468751882546607	1.0264343742723745e-12
rbm7	18-47399494-47399994	8	0.03773743498007281	0.08391875749961869	5	0.04618132251954588	0.05298077746196461	0.00020532590134662724	unsupported	True	0.0415284990197621	2.359821705953738e-10
rbm7	18-47216784-47217284	9	0.04057953871651743	0.07147883260701139	0	0.030899293890493965	0.03806840163892357	8.407960228456093e-05	unsupported	True	0.0380142237106548	5.965534766418781e-09
rbm7	18-47305154-47305654	10	0.010363981396614593	0.03524326888543795	0	0.02487928748882336	0.03694726476086178	3.239637478632313e-05	unsupported	True	0.0364545293353391	2.2930547893919622e-08
rbm7	18-47261099-47261599	11	0.01768033627402282	0.04848642754274081	2	0.03080609126871799	0.033865843962765534	5.058464278486715e-05	unsupported	True	0.0346589880560033	1.0113919636701877e-07
rbm7	18-47302910-47303410	12	0.0043468271218786315	0.023660047411926368	1	0.019313220290047735	0.02334770770844887	1.066877490917858e-05	unsupported	True	0.0312222557174926	1.423106347899602e-06
rbm7	18-47318633-47319133	13	0.04311846608782036	0.10971043411929401	5	0.06659196803147366	0.07316270095635108	0.0005345145278095968	unsupported	True	0.0286786813298803	8.537713237822312e-06
rbm7	18-47326768-47327268	14	0.005018489745713562	0.05071357045689801	2	0.04569508071118445	0.08100986338975567	0.00018772907334134486	unsupported	True	0.0286292036171128	8.828248312083329e-06
rbm7	18-47340195-47340695	15	0.015679195304573013	0.0615102526949714	0	0.04583105739039839	0.048205193453451686	0.0001358942929699552	unsupported	True	0.0233645647213299	0.0002300070661576
rbm7	18-47276362-47276862	16	-0.002498765593751494	0.030645510651652524	1	0.03314427624540402	0.06076545588525402	6.172088759855252e-05	unsupported	True	0.0187990093381482	0.0024133575330377
rbm7	18-47215742-47216242	17	-0.00979053457446266	0.02123070107252395	5	0.03102123564698661	0.035761633170440045	2.3552703904019627e-05	unsupported	True	0.0173520636732816	0.0046420129849553
rdh10b	2-30105603-30106103	0	0.02363854347356789	0.036523813277513445	1	0.012885269803945554	0.02607318846319978	1.2270542792239574e-05	unsupported	True	0.1134000057679311	1.6143132428002973e-65
rdh10b	2-30149441-30149941	1	0.021143207462556896	0.07129317531059191	1	0.05014996784803502	0.047496882272692845	0.00016981799938876977	unsupported	True	0.0806452346433266	4.7253372207780255e-34
rdh10b	2-30184765-30185265	2	0.05810434494428451	0.10009418059647941	5	0.041989835652194905	0.05693106924513594	0.00023927776529798574	unsupported	True	0.0796583074261722	2.8625144700223768e-33
rdh10b	2-30155745-30156245	3	0.02611503209222643	0.07253524745541153	4	0.046420215363185094	0.054742835076831246	0.00018432469897878358	unsupported	True	0.0781554212753067	4.2615237938597613e-32
rdh10b	2-30191688-30192188	4	0.04858713127019831	0.09879432635675543	1	0.050207195086557126	0.0643600846447624	0.0003192379918974999	unsupported	True	0.0688299924601858	2.5662356554259417e-25
rdh10b	2-30244688-30245188	5	0.019581915369826494	0.062193327497542646	3	0.04261141212771615	0.05023259863556396	0.00013312369570916757	unsupported	True	0.0671465839341518	3.48402625876717e-24
rdh10b	2-30174569-30175069	6	-0.0018310301184586493	0.011311877777002632	2	0.013142907895461282	0.01390550261410512	2.0673445306594177e-06	unsupported	True	0.046243432189248	2.017002681534223e-12
rdh10b	2-30162634-30163134	7	-0.010575126521962432	0.007745792985729249	1	0.018320919507691682	0.024035562973870155	3.410887938948397e-06	unsupported	True	0.0393115378547368	1.8688204246976588e-09
rdh10b	2-30092986-30093486	8	-0.011118444271355065	0.005663962022900903	0	0.016782406294255967	0.01596135433595902	1.5172051302660724e-06	unsupported	True	0.0390284293713273	2.415147535814494e-09
rdh10b	2-30187008-30187508	9	-0.007044027194979489	0.02762574630404452	0	0.034669773499024004	0.034634424743795585	3.317210277665468e-05	unsupported	True	0.0338597321043067	1.914071850771401e-07
rdh10b	2-30246696-30247196	10	0.0010669900793649958	0.04840053215827678	0	0.04733354207891178	0.03133080380555565	7.177788853196338e-05	unsupported	True	0.0328968728982928	4.051930211418863e-07
rdh10b	2-30132395-30132895	11	-0.01336542703811559	0.00033587253722076085	1	0.01370129957533635	0.0158428182123148	7.290691068896324e-08	unsupported	True	0.0270419297904953	2.511531681622828e-05
rdh10b	2-30121018-30121518	12	0.018828261072108315	0.05756095108010216	4	0.03873269000799384	0.0581243444692393	0.00012958767234530892	unsupported	True	0.0237791814357745	0.0001817888177991
rdh10b	2-30175119-30175619	13	0.023868043494108596	0.0684084271189195	4	0.0445403836248109	0.03344126247538037	0.00010189343959452721	unsupported	True	0.0206251346688154	0.0009933683306376
rdh10b	2-30125262-30125762	14	-0.0052528122550891095	0.02564795496617157	3	0.03090076722126068	0.03863163082293568	3.0617170103302675e-05	unsupported	True	0.0167774481408103	0.0059473017786238
hic1l	25-25628462-25628962	0	0.03368951617632283	0.10189394665424872	5	0.0682044304779259	0.0892584431109012	0.0006203121365131486	unsupported	True	0.064564041945922	1.6823676152042977e-22
hic1l	25-25624079-25624579	1	0.009275786075085892	0.03336174599692343	2	0.02408595992183754	0.023756489427046	1.9089519405861775e-05	unsupported	True	0.0590937496564315	3.777697110058475e-19
hic1l	25-25477894-25478394	2	0.025096565464300554	0.04858315693948493	2	0.023486591475184376	0.0395872638965951	4.51711567147162e-05	unsupported	True	0.0566827363896293	9.154421197356628e-18
hic1l	25-25625742-25626242	3	0.03410215071639081	0.04944689637356252	5	0.015344745657171706	0.014650511227456121	1.1116076102753617e-05	unsupported	True	0.0528951996637891	1.0526070053540582e-15
hic1l	25-25488202-25488702	4	0.0342254694614349	0.051701495567676385	2	0.017476026106241487	0.030661629445763863	2.770390706513898e-05	unsupported	True	0.0516533814796783	4.6512952897110865e-15
hic1l	25-25622199-25622699	5	0.015545692341824891	0.035522733968138945	4	0.019977041626314054	0.023922963808162605	1.6976671347336143e-05	unsupported	True	0.050694792276074	1.4304810455791845e-14
hic1l	25-25543921-25544421	6	0.014994376362470993	0.045710032802485916	2	0.03071565644001492	0.030852272758988816	4.331701250127258e-05	unsupported	True	0.0487837662341806	1.2636514823289197e-13
hic1l	25-25492431-25492931	7	0.026295459406946917	0.04973348737335509	2	0.023438027966408172	0.03852803499604029	4.49103915446692e-05	unsupported	True	0.0470260049329097	8.72419995917212e-13
hic1l	25-25579069-25579569	8	0.029529580270340767	0.05504491001730787	4	0.025515329746967106	0.03083512945238173	4.3307601053998765e-05	unsupported	True	0.0415944463435164	2.215260653827324e-10
hic1l	25-25633555-25634055	9	0.004988786420976674	0.04554732147825965	5	0.04055853505728298	0.03710071214788816	6.853735633035812e-05	unsupported	True	0.0397281883208598	1.2772068160100255e-09
hic1l	25-25630375-25630875	10	-0.0023129599652402183	0.0241218246455797	1	0.02643478461081992	0.028987405480169367	1.848397096729838e-05	unsupported	True	0.0385814835763112	3.6075676550008803e-09
hic1l	25-25674975-25675475	11	0.0031244110714466733	0.03651953316296388	5	0.0333951220915172	0.014933876757491273	1.821297182540904e-05	unsupported	True	0.0375546633151749	8.91989819534944e-09
hic1l	25-25521269-25521769	12	0.007162765162980167	0.028851332225384767	2	0.0216885670624046	0.012381910108174535	7.747906624999808e-06	unsupported	True	0.0346935179899756	9.835899251509812e-08
hic1l	25-25561339-25561839	13	0.019061023892115985	0.058659043669770865	4	0.03959801977765488	0.02350388115121379	5.4594391395354406e-05	unsupported	True	0.0321203750384971	7.310265428475337e-07
hic1l	25-25560238-25560738	14	0.029769592103102895	0.047288605739258374	1	0.01751901363615548	0.021515497304300378	1.782450790633271e-05	unsupported	True	0.0264141444326001	3.74136386544502e-05
hic1l	25-25569381-25569881	15	-0.0009671869968266862	0.023682481616269246	3	0.02464966861309593	0.0308945287918004	1.8035154603076207e-05	unsupported	True	0.0248439259323228	9.770186588576017e-05
hic1l	25-25588459-25588959	16	-0.0005750679821272366	0.044162170960292624	5	0.04473723894241986	0.05296453254371288	0.00010464168768053168	unsupported	True	0.0225863996972463	0.0003541825562548
hic1l	25-25561904-25562404	17	0.00821602474055184	0.03152165671048878	3	0.023305631969936944	0.021428610402927872	1.5742145711329032e-05	unsupported	True	0.0206988012291691	0.000957024345415
map2k6	12-36144719-36145219	0	0.07124396417245771	0.10356959351165355	4	0.03232562933919585	0.055302646571781404	0.0001851506222700479	unsupported	True	0.0742808788857687	3.5511843901715335e-29
map2k6	12-36171823-36172323	1	0.038383146341691966	0.06224871250632465	3	0.02386556616463268	0.05190716957711349	7.711333093567066e-05	unsupported	True	0.0718159641147489	2.145724808206214e-27
map2k6	12-36118611-36119111	2	0.05642136189255508	0.07952270242208914	0	0.02310134052953406	0.027994754072233036	5.142863160310408e-05	unsupported	True	0.0686110557059096	3.6157138581664504e-25
map2k6	12-36116513-36117013	3	0.01694725450704534	0.0694582174577817	4	0.05251096295073636	0.018290024222022437	6.67095324355408e-05	unsupported	True	0.0595082334126709	2.1553903019183808e-19
map2k6	12-36190482-36190982	4	0.02162417998153909	0.041071159004988325	4	0.019446979023449235	0.04430996538567207	3.539081101926454e-05	unsupported	True	0.0489374299785003	1.0637866213886989e-13
map2k6	12-36111140-36111640	5	0.01798547833503486	0.04186058623614322	0	0.02387510790110836	0.02698738283372295	2.6971892431982368e-05	unsupported	True	0.0470316587100477	8.671106083928482e-13
map2k6	12-36138605-36139105	6	0.030476710556535776	0.11847770468900316	1	0.08800099413246738	0.0934862403234161	0.0009747021063161886	unsupported	True	0.0454488286825903	4.658451240314091e-12
map2k6	12-36102803-36103303	7	0.010828730426418028	0.07791098827079397	3	0.06708225784437594	0.07215028951774717	0.00037708952019378865	unsupported	True	0.0451099642825614	6.628623410783999e-12
map2k6	12-36124861-36125361	8	0.013175151997842303	0.0563233657282096	0	0.04314821373036729	0.04655623627533381	0.00011314341529973816	unsupported	True	0.0437015626894645	2.794080889414373e-11
map2k6	12-36193382-36193882	9	0.015830405940024057	0.04873908611579902	2	0.03290868017577496	0.05147022546164979	8.255510180460687e-05	unsupported	True	0.0431433663450097	4.881967625244466e-11
map2k6	12-36174754-36175254	10	0.016212235916160594	0.036892088595942084	1	0.02067985267978149	0.03216490067314516	2.4539341140035335e-05	unsupported	True	0.0386493256059526	3.39535163926636e-09
map2k6	12-36128568-36129068	11	0.01943663969761094	0.07238668564743028	1	0.05295004594981934	0.058599051294782344	0.00022460303393586107	unsupported	True	0.0356094792268252	4.65117332944618e-08
map2k6	12-36024446-36024946	12	0.024771069483645502	0.040633872229768164	4	0.015862802746122662	0.01305507810434164	8.414873833884076e-06	unsupported	True	0.035373680434204	5.6500887331726694e-08
map2k6	12-36081168-36081668	13	0.026134177865830492	0.058135754976341714	2	0.03200157711051122	0.03657025264088863	6.803660890135932e-05	unsupported	True	0.0266865607517336	3.150441916354589e-05
map2k6	12-36019526-36020026	14	-0.020829988245357083	0.0017595288547613195	1	0.022589517100118403	0.03156416439229003	1.2545779114555178e-06	unsupported	True	0.0253161513903731	7.361086272757746e-05
map2k6	12-36131883-36132383	15	0.003547798574274797	0.05238383507335909	3	0.048836036499084294	0.06096958293292819	0.00015597353826257303	unsupported	True	0.0251730546837465	8.024552305696681e-05
c1qbp	5-3900136-3900636	0	0.11750092865848748	0.15742624309469144	1	0.039925314436203965	0.12170113111474906	0.0007649271769499856	unsupported	True	0.1224582665435941	3.996810062432039e-76
c1qbp	5-3945797-3946297	1	0.09251571105782892	0.3096148237447071	3	0.2170991126868782	0.2076649051018617	0.013958633421559733	regional_candidate	True	0.122015995871636	1.376949102353293e-75
c1qbp	5-3911219-3911719	2	0.05827718791237326	0.1409348168497908	5	0.08265762893741754	0.0879097223079217	0.001024090050676475	unsupported	True	0.1200761910855541	2.962079818843671e-73
c1qbp	5-4004407-4004907	3	0.04034991864767365	0.11824383061307625	3	0.0778939119654026	0.09316813348232718	0.0008581227206540945	unsupported	True	0.0568928141220741	6.970357144656762e-18
c1qbp	5-3838165-3838665	4	0.020174246226733344	0.09082427345968118	4	0.07065002723294783	0.0677600916004286	0.00043479871354855804	unsupported	True	0.0567083912313613	8.855187564165135e-18
c1qbp	5-3909431-3909931	5	0.0491395560925474	0.09521405815843897	3	0.04607450206589157	0.05277299094944053	0.00023151196176736405	unsupported	True	0.0525965291976012	1.5095073384112896e-15
c1qbp	5-3838833-3839333	6	0.05440915289313007	0.15291464769918528	3	0.09850549480605521	0.08338273776558036	0.0012559885952130427	unsupported	True	0.0474061854609701	5.777875780249047e-13
c1qbp	5-3943417-3943917	7	0.013155115166115377	0.056378046016349034	3	0.043222930850233654	0.05263529283712652	0.00012826296506743655	unsupported	True	0.0443370656520057	1.4678142495547156e-11
c1qbp	5-3852363-3852863	8	0.03810482959110396	0.06061359668903745	5	0.022508767097933494	0.04850451608474456	6.617652200882466e-05	unsupported	True	0.0436099718186408	3.063451608962843e-11
c1qbp	5-3947784-3948284	9	0.013958391268453182	0.10481363256148712	3	0.09085524129303395	0.03882373927042293	0.0003697133395700626	unsupported	True	0.0317566822753629	9.594101860360086e-07
c1qbp	5-3995109-3995609	10	0.00018246182075979875	0.1255229324632629	3	0.12534047064250312	0.09315321032834951	0.0014655890930603205	unsupported	True	0.0313877191778775	1.2604049233055337e-06
gcm2	24-8844455-8844955	0	-0.008342778779572842	0.041252535390517465	5	0.049595314170090304	0.032834659912222564	6.71774962978143e-05	unsupported	True	0.0871649876484379	1.8370076706303883e-39
gcm2	24-8783403-8783903	1	0.11995888259506787	0.3000498200284045	3	0.18009093743333665	0.21379456947554498	0.01155265752437405	regional_candidate	True	0.0827945941777174	8.656602960399961e-36
gcm2	24-8885019-8885519	2	0.01599432465800496	0.03126634288789582	0	0.015272018229890862	0.01683608079997232	8.039231251616157e-06	unsupported	True	0.0667389528716461	6.48936834856962e-24
gcm2	24-8893892-8894392	3	0.004310841736416385	0.028865932687311094	2	0.02455509095089471	0.03326792712161419	2.3580493128004852e-05	unsupported	True	0.0585572378988515	7.765865050076496e-19
gcm2	24-8883127-8883627	4	0.013448746503449382	0.03290429667106523	0	0.019455550167615847	0.028732478168113647	1.8393704873102698e-05	unsupported	True	0.0437533570932319	2.6521566904779187e-11
gcm2	24-8859107-8859607	5	0.017598861239151577	0.029960019200797428	3	0.01236115796164585	0.010504445136523453	3.890221777902959e-06	unsupported	True	0.0407098782543768	5.131042025189534e-10
gcm2	24-8828294-8828794	6	0.034598522164876105	0.06900943184700788	2	0.03441090968213177	0.046669750141675584	0.00011082559749497927	unsupported	True	0.0406061255430626	5.655877787851424e-10
gcm2	24-8896652-8897152	7	0.006311368383534081	0.03567564076040983	2	0.029364272376875746	0.031049488775449278	3.252711011604627e-05	unsupported	True	0.0404571590728169	6.501976185226567e-10
gcm2	24-8864297-8864797	8	0.004635225768341087	0.02640109533655918	3	0.02176586956821809	0.028515091022259346	1.638599167752774e-05	unsupported	True	0.0367945364125928	1.717571185035469e-08
gcm2	24-8879877-8880377	9	0.0015224011212589157	0.02763149369430051	5	0.026109092573041594	0.030811935345899714	2.2228753940419293e-05	unsupported	True	0.0362803428835666	2.6563278652721376e-08
gcm2	24-8754368-8754868	10	-0.004497018192541585	0.04198198473672402	0	0.04647900292926561	0.0544249683423979	0.00010619839530748712	unsupported	True	0.028724699974555	8.275686077049601e-06
gcm2	24-8895676-8896176	11	0.0027783131886606545	0.03205086405193094	5	0.029272550863270283	0.030761904679058365	2.8861143451751373e-05	unsupported	True	0.0262868010920465	4.052215057432141e-05
gcm2	24-8813833-8814333	12	-0.0005010451759676836	0.03368147063437617	3	0.03418251581034385	0.03625264006955999	4.1738295397754e-05	unsupported	True	0.0246472736181242	0.0001097737454792
gcm2	24-8898105-8898605	13	0.010951449980821058	0.02361707452365547	2	0.012665624542834413	0.008155428868505248	2.4394926498262608e-06	unsupported	True	0.02405830813062	0.0001548417013571
gcm2	24-8774541-8775041	14	-0.012479854357662043	0.0020775645824465377	4	0.01455741894010858	0.012052291986617891	3.645092537146143e-07	unsupported	True	0.0201567060526623	0.0012556994418112
gcm2	24-8820502-8821002	15	0.004312647224454562	0.04622809853564227	3	0.04191545131118771	0.049716366162969865	9.633399143436786e-05	unsupported	True	0.0191710696226946	0.0020254756060564
gcm2	24-8894535-8895035	16	-0.00523003528919953	0.027128249535609803	5	0.03235828482480933	0.030449118657781285	2.6728955726503664e-05	unsupported	True	0.0188052429594518	0.0024063403115688
gcm2	24-8769816-8770316	17	-0.01552414484879948	-0.0006502192578716603	3	0.01487392559092782	0.010616683590035298	0.0	unsupported	True	0.0170757395280045	0.0052338822274824
gcm2	24-8852432-8852932	18	0.006276056336302659	0.01817213989732484	4	0.011896083561022182	0.011537449288989293	2.494134575045543e-06	unsupported	True	0.0164311403810754	0.006882644608278
cmtm6	16-41433081-41433581	0	0.010826398325764696	0.03479941436749743	1	0.023973016041732735	0.02742861395567727	2.2882236681533407e-05	unsupported	True	0.0806364254808955	4.8023988052677595e-34
cmtm6	16-41483975-41484475	1	0.03517716615345928	0.08336731445178729	0	0.048190148298328	0.0584768482620304	0.00023492975821047687	unsupported	True	0.0728381933846436	3.982396055769177e-28
cmtm6	16-41479815-41480315	2	0.012822502420541733	0.05115324650689515	4	0.03833074408635342	0.04307070974525367	8.44505496122057e-05	unsupported	True	0.0536285873214296	4.306639161428407e-16
cmtm6	16-41472841-41473341	3	0.014766341476979465	0.055986810051784554	2	0.04122046857480509	0.03982911146133068	9.191772476938654e-05	unsupported	True	0.0493194713530757	6.917734899486544e-14
cmtm6	16-41510415-41510915	4	0.010693490306652637	0.026204462786225964	2	0.015510972479573327	0.029011610573685273	1.1791963527933691e-05	unsupported	True	0.0490589263550178	9.280530470601368e-14
cmtm6	16-41412642-41413142	5	0.00019395082864076408	0.027756668696810424	5	0.027562717868169658	0.030232006549311873	2.312897327901336e-05	unsupported	True	0.0471268632152401	7.823225450316907e-13
cmtm6	16-41509704-41510204	6	0.01770815234860375	0.04326401527858121	1	0.025555862929977458	0.04689417834478424	5.184851284709834e-05	unsupported	True	0.04665860377509	1.2952167566140996e-12
cmtm6	16-41431072-41431572	7	0.001988913064551023	0.042337307290895514	0	0.04034839422634449	0.043497934866622394	7.430501513156481e-05	unsupported	True	0.0392231480827355	2.024989500158451e-09
cmtm6	16-41439341-41439841	8	0.007357493527326083	0.052697231894403986	2	0.0453397383670779	0.0641851850343474	0.00015335629589211376	unsupported	True	0.0365627029216705	2.09221366129086e-08
cmtm6	16-41417781-41418281	9	0.005531365372724547	0.07387772013355538	4	0.06834635476083084	0.08390024903974333	0.00042363525119292795	unsupported	True	0.0363055746887682	2.6004473950180988e-08
cmtm6	16-41409211-41409711	10	-0.004970588499071744	0.044939810848427984	4	0.04991039934749973	0.06646741359475133	0.00014908400962126785	unsupported	True	0.0352317865874302	6.348113641960305e-08
cmtm6	16-41520614-41521114	11	0.012738628621127906	0.05740604060473608	2	0.04466741198360817	0.06990433783426897	0.00017924725368085207	unsupported	True	0.0322350175452007	6.70588194564414e-07
cmtm6	16-41480963-41481463	12	-0.0011578088601485012	0.021194181950449923	4	0.022351990810598424	0.024550409925792393	1.1630318727808768e-05	unsupported	True	0.0213749164652222	0.0006761490865889
cmtm6	16-41531212-41531712	13	-0.03590837347014083	-0.0018856353747177595	0	0.03402273809542307	0.04958309496284935	0.0	unsupported	True	0.0196770051860204	0.0015887046467053
cmtm6	16-41579759-41580259	14	-0.0046121544638091675	0.013030808042677249	2	0.017642962506486417	0.028081256116290913	6.455938564671057e-06	unsupported	True	0.0186358630893357	0.0026037222418845
cmtm6	16-41469062-41469562	15	-0.0028805740723033056	0.0844200539419806	0	0.0873006280142839	0.09489063146097187	0.0006993367161921137	unsupported	True	0.018488101934911	0.0027877328255148
rrm2	20-29537162-29537662	0	0.05176359940933005	0.11282314420337011	5	0.06105954479404006	0.06888934108419671	0.0004745738365772853	unsupported	True	0.1076324071551585	3.3772278229581573e-59
rrm2	20-29545887-29546387	1	0.04303018071410032	0.07895639439923498	0	0.035926213685134656	0.05009670251188523	0.00014210452161047806	unsupported	True	0.0679782037809437	9.681630039619571e-25
rrm2	20-29513956-29514456	2	0.03040705350421245	0.07631274599713435	5	0.045905692492921896	0.04847516696311652	0.00016981769354234555	unsupported	True	0.0618307725903936	8.648774583438109e-21
rrm2	20-29575770-29576270	3	0.040414555280592644	0.07104320194707725	1	0.030628646666484606	0.05334818163752664	0.00011608335623299797	unsupported	True	0.0584655211191011	8.77829442377448e-19
rrm2	20-29442425-29442925	4	0.029859194626322992	0.10699712519910011	3	0.07713793057277712	0.09621638734496567	0.0007941254951671076	unsupported	True	0.0494670130217748	5.853428685064825e-14
rrm2	20-29512837-29513337	5	0.016631282587816383	0.06426297572401889	1	0.0476316931362025	0.05101305235050306	0.0001561486239739063	unsupported	True	0.044251882019495	1.600922139645401e-11
rrm2	20-29581686-29582186	6	-0.002338279807339045	0.08520673771686156	2	0.0875450175242006	0.10668030295616447	0.0007957737558544586	unsupported	True	0.0436708274896679	2.8817838947703196e-11
rrm2	20-29412721-29413221	7	0.012447650148966701	0.04465251115072999	0	0.032204861001763285	0.03609859112414486	5.191078172829245e-05	unsupported	True	0.0425951096000361	8.389202051111566e-11
rrm2	20-29556222-29556722	8	-0.001729800662391495	0.04059431901006057	2	0.04232411967245206	0.042620778200320064	7.322756097015749e-05	unsupported	True	0.0285404156068789	9.37338583103812e-06
rrm2	20-29503298-29503798	9	0.02373846101523239	0.05318991739551386	0	0.02945145638028147	0.03330223011422426	5.216862723681131e-05	unsupported	True	0.0273490765051993	2.0602175435855144e-05
rrm2	20-29422859-29423359	10	0.020546574583318437	0.03398541429140836	4	0.013438839708089925	0.010173940200894967	4.646688108137307e-06	unsupported	True	0.024713282847928	0.00010557358726
rrm2	20-29424659-29425159	11	0.013914889629419542	0.04451911245962552	1	0.030604222830205974	0.04210057386343526	5.736088834966485e-05	unsupported	True	0.0227231155457064	0.0003286179679911
rrm2	20-29530295-29530795	12	-0.002191992736296799	0.03755308564963397	4	0.03974507838593077	0.05001507918212098	7.46500230772064e-05	unsupported	True	0.0189149733543765	0.0022858016051259
rrm2	20-29428967-29429467	13	0.03459330127279083	0.07281856768857232	1	0.03822526641578149	0.052811040005607095	0.00014700001307193882	unsupported	True	0.0174976243261666	0.004354894518665
kmt2bb	15-37536417-37536917	0	0.04589780450422654	0.08401871899614838	4	0.038120914491921835	0.0625161587417297	0.00020023115451644018	unsupported	True	0.0803639761565661	7.913362601571044e-34
kmt2bb	15-37532570-37533070	1	0.042892350353619595	0.09389083589571907	5	0.05099848554209948	0.08762764363864466	0.0004195866080485646	unsupported	True	0.0778860046214347	6.877867020027229e-32
kmt2bb	15-37496245-37496745	2	0.042892773050435734	0.09691073883386618	3	0.05401796578343045	0.074934808902549	0.0003922778028347173	unsupported	True	0.0670023156034386	4.3437871105782804e-24
kmt2bb	15-37469788-37470288	3	0.025403430201653667	0.05887208477501015	4	0.03346865457335649	0.0425451800960271	8.382972392913143e-05	unsupported	True	0.0628735342269836	1.9624499719776248e-21
kmt2bb	15-37511867-37512367	4	0.02796860940939479	0.048806447964649655	3	0.020837838555254864	0.025097093785285695	2.552426848582936e-05	unsupported	True	0.0436557903304731	2.9256677939940716e-11
kmt2bb	15-37509810-37510310	5	0.01286371970765315	0.03566461877422971	5	0.02280089906657656	0.036934696121441325	3.003475463916949e-05	unsupported	True	0.0370879306876594	1.3357797865374371e-08
kmt2bb	15-37633192-37633692	6	0.0046244804835559395	0.04061718835132648	3	0.03599270786777054	0.054749525158326574	8.003956788021668e-05	unsupported	True	0.0292150436862534	5.920021245671032e-06
kmt2bb	15-37550706-37551206	7	0.01482581432128613	0.04306658537353798	4	0.028240771052251853	0.03411857233666055	4.149615329344923e-05	unsupported	True	0.0263660966680162	3.855903671164143e-05
kmt2bb	15-37562005-37562505	8	0.015028903782153514	0.02399542123746148	5	0.008966517455307967	0.010086500676116937	2.1701647181336225e-06	unsupported	True	0.026073237146941	4.628977044868639e-05
kmt2bb	15-37445430-37445930	9	0.024840841371672764	0.05299490786826179	2	0.028154066496589025	0.03552717546008284	5.3007333072334235e-05	unsupported	True	0.024244305851552	0.0001390134796015
kmt2bb	15-37555589-37556089	10	0.02317414719423238	0.06199346856379927	3	0.03881932136956689	0.04512379978622884	0.00010859242673432143	unsupported	True	0.0233764373151667	0.0002284743613058
kmt2bb	15-37474718-37475218	11	0.02157552655160925	0.08565420962516512	0	0.06407868307355588	0.0738721558049915	0.00040545537569078164	unsupported	True	0.0214213329555443	0.0006599804581707
kmt2bb	15-37455909-37456409	12	0.0007683777261071294	0.013569007349506619	3	0.01280062962339949	0.015864880163025077	2.7556001862529896e-06	unsupported	True	0.0177852123556734	0.003833854912467
kmt2bb	15-37604267-37604767	13	-0.007436643420283477	0.017417975307840085	0	0.024854618728123563	0.02546693866269917	1.1025074130518812e-05	unsupported	True	0.0169444485809268	0.0055379354908281
kmt2bb	15-37514931-37515431	14	-0.0024112850401342657	0.009461446145636867	1	0.011872731185771132	0.022325117987372706	2.5078520938300943e-06	unsupported	True	0.0160898417311103	0.0079292247503102
kmt2bb	15-37614438-37614938	15	-0.00479898579818122	0.028810413843603232	0	0.03360939964178445	0.02909659424499037	2.8174252944999278e-05	unsupported	True	0.0160814084895899	0.0079567673795377
kmt2bb	15-37464235-37464735	16	0.0012291727830645277	0.02037078629785311	5	0.01914161351478858	0.01886001988051612	7.354082239252479e-06	unsupported	True	0.0157307065477581	0.0091791907049206
brd2a	19-7185100-7185600	0	0.046556588748824596	0.09714430408928565	2	0.050587715340461054	0.05014457179026933	0.00024642589047444243	unsupported	True	0.0974256665041409	7.831855793334797e-49
brd2a	19-7156953-7157453	1	0.07742512627467417	0.0997314132641974	4	0.022306286989523236	0.05845351558281532	0.00013003788430045312	unsupported	True	0.0846158867265335	2.689059270994969e-37
brd2a	19-7237568-7238068	2	0.05250087569868644	0.1423594029431326	4	0.08985852724444615	0.06975212228985735	0.0008922835373484905	unsupported	True	0.0794295536327751	4.33212900712009e-33
brd2a	19-7242021-7242521	3	0.06125339087894163	0.07637996008001947	5	0.015126569201077841	0.01615722564457757	1.866752130987925e-05	unsupported	True	0.0745425354557186	2.2792047835768947e-29
brd2a	19-7242523-7243023	4	0.038320862483477526	0.06219068596097373	4	0.0238698234774962	0.024886593558575178	3.6943667722742856e-05	unsupported	True	0.0450287207210339	7.21082067211508e-12
brd2a	19-7155237-7155737	5	0.03673929821437103	0.10955981220512441	2	0.07282051399075337	0.06730339327045465	0.0005369600558608362	unsupported	True	0.042724876127995	7.384646642720775e-11
brd2a	19-7234694-7235194	6	0.02012835448710648	0.047280346032177456	4	0.027151991545070975	0.03909011655491783	5.0182154300872326e-05	unsupported	True	0.0422075686541661	1.2251246012245662e-10
brd2a	19-7181180-7181680	7	0.0304513374371002	0.08096027116405577	5	0.05050893372695557	0.047913927701900595	0.00019593044629350012	unsupported	True	0.0359045256401016	3.63994637787339e-08
brd2a	19-7160779-7161279	8	0.009560271385098004	0.046726076748293426	4	0.03716580536319542	0.036733512140188364	6.379186804290278e-05	unsupported	True	0.0348776750292782	8.47347340500732e-08
brd2a	19-7249520-7250020	9	0.023461169939688206	0.046697820622277765	3	0.02323665068258956	0.0403864607422194	4.382338673428079e-05	unsupported	True	0.0272396583830278	2.21136236687594e-05
brd2a	19-7163343-7163843	10	0.004675189657681089	0.03149760063054023	2	0.026822410972859142	0.02842589296961903	2.401537657869693e-05	unsupported	True	0.0190985719937649	0.0020962955102918
brd2a	19-7220879-7221379	11	0.011730483502981132	0.036483999994346164	0	0.02475351649136503	0.03223385827166877	2.911063256825664e-05	unsupported	True	0.0173521077891575	0.0046419234665653
ccng1	14-22105037-22105537	0	0.0276405564952071	0.05917177288528537	1	0.03153121639007827	0.046422991179725995	8.66140660183443e-05	unsupported	True	0.067422037209432	2.2836381571518087e-24
ccng1	14-22141029-22141529	1	0.0587921790303216	0.08795779916121545	2	0.029165620130893848	0.03059632781752212	7.849009858089772e-05	unsupported	True	0.0561104693103061	1.913892757295683e-17
ccng1	14-22158251-22158751	2	0.023140162885068514	0.050383070410101455	0	0.02724290752503294	0.03256398142605578	4.469671287105616e-05	unsupported	True	0.0531903334864744	7.357008922517708e-16
ccng1	14-22119821-22120321	3	0.03143473132994237	0.07215497822433743	3	0.04072024689439506	0.04914043193258061	0.00014438287055440946	unsupported	True	0.0510194911286594	9.799677575999596e-15
ccng1	14-22115340-22115840	4	0.0448878197978694	0.07777212200418397	1	0.032884302206314574	0.0443251071687119	0.00011336066210141754	unsupported	True	0.0474569859019395	5.467010630302745e-13
ccng1	14-22051363-22051863	5	0.008034825822594524	0.038314822778335	4	0.030279996955740476	0.03556029309171696	4.125608185665293e-05	unsupported	True	0.0454691915164058	4.560384036617648e-12
ccng1	14-22132660-22133160	6	0.04493021564017865	0.0897213856579326	3	0.04479117001775395	0.05764722238896827	0.00023166838217455384	unsupported	True	0.0379112398707646	6.530942408125568e-09
ccng1	14-22133711-22134211	7	0.01796870148953355	0.03919496384332341	4	0.02122626235378986	0.019562638799584513	1.6275383554625017e-05	unsupported	True	0.0370242297718447	1.4109428333859841e-08
ccng1	14-22046107-22046607	8	0.0062752242333942694	0.05302677045308673	3	0.04675154621969246	0.037599658401540836	9.321269311430879e-05	unsupported	True	0.0318785324599114	8.761640211691447e-07
ccng1	14-22134767-22135267	9	0.01305292645845087	0.03894646724109304	2	0.02589354078264217	0.03822801452146745	3.855149760436538e-05	unsupported	True	0.0318326941714351	9.06631276207806e-07
ccng1	14-22221473-22221973	10	0.005150027871424357	0.051555476641465696	3	0.04640544877004134	0.04861399961790741	0.00011630680791917119	unsupported	True	0.0302691131833388	2.831026289211726e-06
ccng1	14-22193975-22194475	11	-0.002939026257415341	0.012397093958862647	0	0.015336120216277989	0.024079714042739803	4.578115257572891e-06	unsupported	True	0.0270669449916575	2.4715270113781985e-05
ccng1	14-22047958-22048458	12	-0.001395527004037397	0.015621638453705074	2	0.01701716545774247	0.021187710477009	5.632456335588799e-06	unsupported	True	0.0188698842837666	0.0023346540576756
ccng1	14-22083944-22084444	13	0.014401706074363321	0.0571594264793544	1	0.04275772040499108	0.053035157868484506	0.00012961828519223844	unsupported	True	0.0177757958736013	0.0038499888293162
rpl10	23-19756443-19756943	0	0.06614364710411864	0.12168240327386885	4	0.05553875616975021	0.06357115750941895	0.00042961956097895405	unsupported	True	0.0776727712409573	1.003418783915734e-31
rpl10	23-19684094-19684594	1	0.0168017178705515	0.07390730181165929	1	0.05710558394110779	0.054957198263591266	0.00023194793394205467	unsupported	True	0.0724066523783317	8.131599171925682e-28
rpl10	23-19651356-19651856	2	0.061361915585983966	0.1357356821410571	5	0.07437376655507313	0.0749675885732902	0.0007568108462662705	unsupported	True	0.0718517202008403	2.023779187230008e-27
rpl10	23-19672762-19673262	3	0.03790528734803339	0.1105572616956462	0	0.07265197434761281	0.07372241455671398	0.0005921534244835469	unsupported	True	0.0672329778261939	3.0522664207428275e-24
rpl10	23-19717962-19718462	4	0.047888989817778296	0.09519437771036623	2	0.04730538789258794	0.04191096131454686	0.0001887337328085713	unsupported	True	0.0597191673364638	1.617563911124548e-19
rpl10	23-19707496-19707996	5	0.017931127333419478	0.04423941514531636	2	0.026308287811896883	0.04167516259326788	4.850419085825797e-05	unsupported	True	0.0461450001731748	2.2390812599686283e-12
rpl10	23-19662519-19663019	6	0.03568958166752863	0.07593335745933098	1	0.040243775791802355	0.012810058007522454	3.914555187484018e-05	unsupported	True	0.0440289826017206	2.0076447929494263e-11
rpl10	23-19732827-19733327	7	0.032393067831186	0.05730151404685817	5	0.02490844621567217	0.06610671552293586	9.435356510513075e-05	unsupported	True	0.0421811228531766	1.2570438699124954e-10
rpl10	23-19632825-19633325	8	0.030017215049129582	0.05394180351628371	2	0.023924588467154125	0.025425358259567946	3.281232617063107e-05	unsupported	True	0.0418195420605748	1.7840277818426028e-10
rpl10	23-19708362-19708862	9	-0.005161938439698099	0.04744121715805418	5	0.05260315559775228	0.05050040331769959	0.0001260266717621519	unsupported	True	0.0194600142685894	0.0017642821857186
pknox1.1	9-19556315-19556815	0	0.07198557275873864	0.12177719648991125	5	0.049791623731172616	0.055017084282532006	0.00033359522934615725	unsupported	True	0.0812016821233979	1.6947429169446108e-34
pknox1.1	9-19459330-19459830	1	0.023241859163188706	0.045134351660518074	4	0.021892492497329368	0.03937444186216625	3.890602204662942e-05	unsupported	True	0.0552528612394703	5.700877471879102e-17
pknox1.1	9-19557066-19557566	2	0.024093275462141912	0.08617045884499555	4	0.06207718338285364	0.0754469284671292	0.00040358217160891863	unsupported	True	0.0472217760281056	7.059062838433012e-13
pknox1.1	9-19526561-19527061	3	0.0230628720126278	0.03856838220639172	0	0.015505510193763922	0.03474300470746874	2.077709656823985e-05	unsupported	True	0.0428756772109273	6.364392862950703e-11
pknox1.1	9-19567383-19567883	4	0.01904265713625234	0.046375619940629914	5	0.027332962804377574	0.03852780647946047	4.8837196175678614e-05	unsupported	True	0.0370950827415568	1.3275874909882652e-08
pknox1.1	9-19485296-19485796	5	0.015295590589466949	0.07762716769438407	3	0.06233157710491713	0.0752852084231747	0.0003642768004044886	unsupported	True	0.0351548658417467	6.760662522018618e-08
pknox1.1	9-19605066-19605566	6	0.024544344041003148	0.06824533199410902	5	0.043700987953105876	0.04914451470074228	0.00014656803210683414	unsupported	True	0.0334788004409289	2.581457968424872e-07
pknox1.1	9-19558324-19558824	7	-0.008075992320248486	0.004416296939539218	2	0.012492289259787705	0.00828159923978106	4.568930045910495e-07	unsupported	True	0.0302228550941344	2.9256545995212827e-06
pknox1.1	9-19519047-19519547	8	-0.01117614646886865	0.013573493964543151	4	0.024749640433411803	0.032007691175861684	1.0752634808179728e-05	unsupported	True	0.028992043099905	6.898669417039842e-06
pknox1.1	9-19514142-19514642	9	0.013736532240699833	0.0318594053510616	2	0.018122873110361766	0.02036043529040718	1.1755788766474279e-05	unsupported	True	0.0217861529297318	0.0005447889170444
pknox1.1	9-19451768-19452268	10	0.014582652013947966	0.05415630111867405	4	0.03957364910472608	0.046675001438572214	0.00010003211077665154	unsupported	True	0.0217674025197935	0.0005502238710132
pknox1.1	9-19480421-19480921	11	0.007234974550522422	0.03176416382623788	5	0.02452918927571546	0.02703021034536332	2.106056640634194e-05	unsupported	True	0.0215853164395786	0.0006056725490505
pknox1.1	9-19448264-19448764	12	-0.005713705555156859	0.02126589271812759	5	0.02697959827328445	0.03689630355137906	2.1169078626884317e-05	unsupported	True	0.0214286895116087	0.0006574508875473
pknox1.1	9-19524560-19525060	13	-0.0012811271349775976	0.031178882765589614	1	0.03246000990056721	0.060026695841888536	6.0751028572008076e-05	unsupported	True	0.0187836268909209	0.0024307529187454
pknox1.1	9-19514971-19515471	14	0.012098516884269755	0.03533895695867315	5	0.023240440074403398	0.030184784988913818	2.4790549946243602e-05	unsupported	True	0.0177176349635856	0.0039509954349078
pknox1.1	9-19541431-19541931	15	0.0024209903477809195	0.02956177154271783	4	0.02714078119493691	0.03671888669455928	2.9460648689129592e-05	unsupported	True	0.016426658734016	0.0068955559613939
tmed2	10-3455198-3455698	0	0.021319913130719417	0.028976965368773363	1	0.007657052238053946	0.010782822384924173	2.3924725480727456e-06	unsupported	True	0.0805407570480336	5.7240781681800065e-34
tmed2	10-3334394-3334894	1	0.029231875979474117	0.07667617643864673	0	0.04744430045917261	0.07040753976324989	0.0002561318962415933	unsupported	True	0.0603726902523821	6.604908119108967e-20
tmed2	10-3527220-3527720	2	0.008997334922037822	0.0259466424716629	1	0.01694930754962508	0.03740426631638262	1.6449559335629243e-05	unsupported	True	0.0600362357071711	1.0487065113006956e-19
tmed2	10-3461545-3462045	3	0.02097875209592317	0.02659595612502243	1	0.005617204029099262	0.00493994806111054	7.380031053961073e-07	unsupported	True	0.0564863857793645	1.1800040356059965e-17
tmed2	10-3483926-3484426	4	0.015590454030458814	0.03360260667116719	3	0.01801215264070838	0.024630075295360022	1.4907483131302881e-05	unsupported	True	0.0523817243363798	1.9539136414977254e-15
tmed2	10-3389351-3389851	5	-0.02065139621338424	0.0089031532646348	5	0.02955454947801904	0.032718534746820134	8.609184979543115e-06	unsupported	True	0.0403544642411454	7.155837876788653e-10
tmed2	10-3481018-3481518	6	0.019715273345380337	0.027905426046325323	5	0.008190152700944985	0.01414857077172642	3.233651612442417e-06	unsupported	True	0.0388210664887522	2.910951324522854e-09
tmed2	10-3475618-3476118	7	0.005384067616574343	0.05769665582290291	0	0.05231258820632857	0.057706575399284324	0.00017417352887760145	unsupported	True	0.0327242971843509	4.624990620345851e-07
tmed2	10-3364145-3364645	8	-0.002742362725371677	0.02993186536165189	4	0.03267422808702357	0.04550933474674388	4.450815650117764e-05	unsupported	True	0.0275713568437242	1.7828185190057834e-05
tmed2	10-3498999-3499499	9	0.010912744881106887	0.04941183086593841	0	0.038499085984831524	0.040662122735000875	7.735197592235435e-05	unsupported	True	0.0266827251984422	3.158111445049808e-05
tmed2	10-3388303-3388803	10	-0.00987479223692914	0.0223469230515461	2	0.03222171528847524	0.029060721288206456	2.0925352311638898e-05	unsupported	True	0.0264155601354841	3.7380383059408206e-05
tmed2	10-3362535-3363035	11	-0.00819041726364065	0.013299480558336855	0	0.021489897821977504	0.01977171997012585	5.650846110839862e-06	unsupported	True	0.0217525943575442	0.0005545515197216
snrpg	23-33929081-33929581	0	0.020827740886253155	0.051312662296315155	4	0.030484921410062	0.03003100477258299	4.697637392569983e-05	unsupported	True	0.0540168915804998	2.670079824307723e-16
snrpg	23-33913439-33913939	1	0.012251984875189892	0.041479826432682665	3	0.02922784155749277	0.02438319227522034	2.95613482826733e-05	unsupported	True	0.0475232752418605	5.085938132048121e-13
snrpg	23-34034482-34034982	2	0.017819521776982754	0.04243666356398147	3	0.02461714178699872	0.03333613192145099	3.4825235729991895e-05	unsupported	True	0.0444523174062875	1.304829646507391e-11
snrpg	23-34038193-34038693	3	-0.012074091847246194	0.03022757824173038	3	0.042301670088976576	0.04741232356071269	6.0625049662520776e-05	unsupported	True	0.043208852939375	4.574221558631921e-11
snrpg	23-33961289-33961789	4	0.013907156364998001	0.05938686595608853	4	0.04547970959109053	0.040456246503105565	0.00010926817169016507	unsupported	True	0.0410550146399673	3.7048412368474014e-10
snrpg	23-33937324-33937824	5	0.005130979503251929	0.03767940876437029	4	0.03254842926111836	0.03652529997803674	4.4794831367031795e-05	unsupported	True	0.0407426159030013	4.97552340227856e-10
snrpg	23-33868336-33868836	6	0.00500585534081028	0.02144421203478637	0	0.01643835669397609	0.009439707978516227	3.327568865084974e-06	unsupported	True	0.0406879026098305	5.238084237465201e-10
snrpg	23-33900958-33901458	7	0.02016305163030192	0.03515741877972773	5	0.01499436714942581	0.027919612782760426	1.471819367954859e-05	unsupported	True	0.0343524271396048	1.2938876013266338e-07
snrpg	23-33863212-33863712	8	-0.0017304277118210683	0.04193988461445657	5	0.04367031232627764	0.06556175059381045	0.00012007817276564733	unsupported	True	0.0289206501212265	7.243324414126417e-06
snrpg	23-33941902-33942402	9	0.0013668313254407867	0.018438857354893246	1	0.01707202602945246	0.02119268196147864	6.671215802094623e-06	unsupported	True	0.027864938465682	1.470438335108938e-05
snrpg	23-33929625-33930125	10	0.0016310558537553396	0.040936466533243905	4	0.03930541067948857	0.06333580291229997	0.00010190886677427868	unsupported	True	0.0260433733397842	4.7155530251022e-05
snrpg	23-33901485-33901985	11	0.005862847652047597	0.02366891630905033	4	0.01780606865700273	0.015006621698497579	6.324545949678718e-06	unsupported	True	0.0256729062307817	5.924818247075433e-05
snrpg	23-33959585-33960085	12	-0.003880920640921075	0.025202794930031865	2	0.02908371557095294	0.020428028311116418	1.4973559252029991e-05	unsupported	True	0.0254440802302418	6.812000905703364e-05
snrpg	23-33947618-33948118	13	0.023491172118884414	0.05068514974058278	5	0.027193977621698368	0.0267324136700369	3.684610986285623e-05	unsupported	True	0.0216149883953105	0.0005962983295708
snrpg	23-34007724-34008224	14	-0.00622300564637762	0.022802243120696085	0	0.029025248767073707	0.0506348347236958	3.3512198459358214e-05	unsupported	True	0.0155966068127175	0.0096883573607801
rplp0	5-1955506-1956006	0	0.0788928591656386	0.09928574697057169	4	0.02039288780493309	0.024481583396457215	4.9568427393105347e-05	unsupported	True	0.1375873251709166	1.0499022917015628e-95
rplp0	5-1949422-1949922	1	0.0919717235331378	0.10719975626893644	2	0.015228032735798633	0.014750004034051828	2.4078517201914938e-05	unsupported	True	0.1150238981058797	2.3322784689206988e-67
rplp0	5-2005629-2006129	2	0.06658755582642288	0.1117774506839316	0	0.045189894857508725	0.05409621668660476	0.00027325141797697445	unsupported	True	0.1136774373943409	7.861213949650594e-66
rplp0	5-1927635-1928135	3	0.05352553168977133	0.17888246069110766	2	0.12535692900133633	0.17459415648659465	0.003915126588551392	unsupported	True	0.0738103507694574	7.852442658125985e-29
rplp0	5-1930584-1931084	4	0.012075820796749046	0.05503805784609694	2	0.04296223704934789	0.06852561587853821	0.00016203279925527876	unsupported	True	0.0413013871956346	2.9316246501622336e-10
rplp0	5-1975372-1975872	5	0.03171659144732714	0.09117583178767472	2	0.05945924034034757	0.07015604143153067	0.0003803331376236162	unsupported	True	0.0307626344570092	1.987684221690227e-06
