gene	enhancer	enhancer_index	global_concordance	max_regional_concordance	best_domain	local_advantage	regional_specificity	regional_evidence_score	predicted_class	screen_only	prior_score	prior_signed_score
TRAPPC3L	chr6:116564801-116565302	0	-0.007563900854172514	0.023838323749070914	4	0.03140222460324343	0.023838323749070914	1.7844806491470277e-05	unsupported	True	0.0058945453165307	0.0058945453165307
TRAPPC3L	chr6:116402170-116402671	1	0.0005877959518425287	0.1358707047607519	4	0.13528290880890936	0.1358707047607519	0.002497437272280507	unsupported	True	0.0033580585995348	0.0033580585995348
TRAPPC3L	chr6:116433123-116433624	2	0.004288452984051969	0.09136901336687721	4	0.08708056038282525	0.09136901336687721	0.0007269743464867107	unsupported	True	0.0026530796675473	0.0026530796675473
TRAPPC3L	chr6:116645485-116645986	3	-0.005191289867904349	0.03745801052327209	4	0.04264930039117644	0.03745801052327209	5.984134223529466e-05	unsupported	True	0.0021518176948271	0.0021518176948271
TRAPPC3L	chr6:116461960-116462461	4	-0.009490690443481895	0.03980010520820284	4	0.04929079565168473	0.03980010520820284	7.807900473400402e-05	unsupported	True	0.0015989159589262	0.0015989159589262
TRAPPC3L	chr6:116616136-116616637	5	-0.010025578064617655	0.027755281125918293	4	0.03778085919053595	0.027755281125918293	2.9104697597976344e-05	unsupported	True	0.0014240702767098	0.0014240702767098
TRAPPC3L	chr6:116681535-116682036	6	-0.008976916868160085	0.05054980675482277	4	0.059526723622982856	0.05054980675482277	0.00015210762271403698	unsupported	True	0.0006660741956374	0.0006660741956374
TRAPPC3L	chr6:116680843-116681344	7	-0.008185793118966073	0.05500486738573746	4	0.06319066050470354	0.05500486738573746	0.00019118558258897114	unsupported	True	0.0001804911215155	0.0001804911215155
TRAPPC3L	chr6:116486584-116487085	8	0.005739986997298297	0.09898808951713244	4	0.09324810251983413	0.09898808951713244	0.0009137047612993889	unsupported	True	0.0001377128242074	-0.0001377128242074
TRAPPC3L	chr6:116571075-116571576	9	-0.00642105156824283	0.06268535543729208	4	0.0691064070055349	0.06268535543729208	0.00027155043266546326	unsupported	True	0.0001165951484614	0.0001165951484614
TRAPPC3L	chr6:116370647-116371148	10	-0.01438090354817805	0.0	0	0.01438090354817805	0.0	0.0	unsupported	True	9.781363195304632e-05	9.781363195304632e-05
TRAPPC3L	chr6:116561337-116561838	11	-0.01096025291752876	0.021884235630766948	4	0.032844488548295706	0.021884235630766948	1.5729874873167375e-05	unsupported	True	8.477957345091902e-05	-8.477957345091902e-05
TRAPPC3L	chr6:116371464-116371965	12	-0.010264562451778618	0.0	0	0.010264562451778618	0.0	0.0	unsupported	True	8.12444369877382e-05	8.12444369877382e-05
TRAPPC3L	chr6:116668571-116669072	13	-0.0035156205778291627	0.08144874025479777	4	0.08496436083262693	0.08144874025479777	0.000563644842997127	unsupported	True	5.731061582481273e-05	5.731061582481273e-05
TRAPPC3L	chr6:116577402-116577903	14	-0.0046937164045246504	0.017940281587570998	4	0.022633997992095648	0.017940281587570998	7.284836077439814e-06	unsupported	True	3.0118855961538728e-05	3.0118855961538728e-05
TRAPPC3L	chr6:116405115-116405616	15	-0.0026475717190978833	0.04888816316776614	4	0.051535734886864026	0.04888816316776614	0.00012317311189839565	unsupported	True	2.868427830573404e-05	-2.868427830573404e-05
TRAPPC3L	chr6:116415649-116416150	16	-0.0005621668371096291	0.03935089438853094	4	0.03991306122564057	0.03935089438853094	6.180509149320327e-05	unsupported	True	2.030538746554954e-05	-2.030538746554954e-05
TRAPPC3L	chr6:116531909-116532410	17	-0.01917146127877245	0.0	0	0.01917146127877245	0.0	0.0	unsupported	True	1.6500795744233914e-05	-1.6500795744233914e-05
TRAPPC3L	chr6:116393396-116393897	18	-0.006483772149370885	0.0	0	0.006483772149370885	0.0	0.0	unsupported	True	1.5285877146137906e-05	-1.5285877146137906e-05
TRAPPC3L	chr6:116536099-116536600	19	-0.014238460006780999	0.0	0	0.014238460006780999	0.0	0.0	unsupported	True	1.0087579152047195e-05	-1.0087579152047195e-05
OTX2	chr14:56730691-56731192	0	0.0	0.0	0	0.0	0.0	0.0	unsupported	True	0.0110849065817454	0.0110849065817454
OTX2	chr14:56752942-56753443	1	0.0	0.0	0	0.0	0.0	0.0	unsupported	True	0.0044919025520171	0.0044919025520171
OTX2	chr14:56856045-56856546	2	0.0	0.0	0	0.0	0.0	0.0	unsupported	True	0.0015762153035473	0.0015762153035473
OTX2	chr14:56903259-56903760	3	0.0	0.0	0	0.0	0.0	0.0	unsupported	True	0.0012232865462835	-0.0012232865462835
OTX2	chr14:56659889-56660390	4	0.0	0.0	0	0.0	0.0	0.0	unsupported	True	5.790025750586765e-05	-5.790025750586765e-05
OTX2	chr14:56797848-56798349	5	0.0	0.0	0	0.0	0.0	0.0	unsupported	True	5.1204255688729744e-05	-5.1204255688729744e-05
OTX2	chr14:56686451-56686952	6	0.0	0.0	0	0.0	0.0	0.0	unsupported	True	4.3416859406377e-05	-4.3416859406377e-05
OTX2	chr14:56687034-56687535	7	0.0	0.0	0	0.0	0.0	0.0	unsupported	True	1.5456869999128317e-05	-1.5456869999128317e-05
OTX2	chr14:56712787-56713288	8	0.0	0.0	0	0.0	0.0	0.0	unsupported	True	1.158206598133536e-05	-1.158206598133536e-05
OTX2	chr14:56742485-56742986	9	0.0	0.0	0	0.0	0.0	0.0	unsupported	True	7.941271854438596e-06	-7.941271854438596e-06
OTX2	chr14:56964825-56965326	10	0.0	0.0	0	0.0	0.0	0.0	unsupported	True	7.891316944706943e-06	-7.891316944706943e-06
OTX2	chr14:56897001-56897502	11	0.0	0.0	0	0.0	0.0	0.0	unsupported	True	7.60776144268061e-06	-7.60776144268061e-06
OTX2	chr14:56808502-56809003	12	0.0	0.0	0	0.0	0.0	0.0	unsupported	True	6.955631940424194e-06	-6.955631940424194e-06
OTX2	chr14:56649969-56650470	13	0.0	0.0	0	0.0	0.0	0.0	unsupported	True	6.909388806858298e-06	-6.909388806858298e-06
OTX2	chr14:56844348-56844849	14	0.0	0.0	0	0.0	0.0	0.0	unsupported	True	6.884642580048771e-06	-6.884642580048771e-06
OTX2	chr14:56888239-56888740	15	0.0	0.0	0	0.0	0.0	0.0	unsupported	True	5.804770447702756e-06	-5.804770447702756e-06
OTX2	chr14:56902510-56903011	16	0.0	0.0	0	0.0	0.0	0.0	unsupported	True	4.556596441593865e-06	4.556596441593865e-06
OTX2	chr14:56754645-56755146	17	0.0	0.0	0	0.0	0.0	0.0	unsupported	True	3.709872633705867e-06	-3.709872633705867e-06
OTX2	chr14:56659378-56659879	18	0.0	0.0	0	0.0	0.0	0.0	unsupported	True	2.887660070441932e-06	-2.887660070441932e-06
OTX2	chr14:56958597-56959098	19	0.0	0.0	0	0.0	0.0	0.0	unsupported	True	2.546602897076215e-06	-2.546602897076215e-06
B4GALT2	chr1:43936222-43936723	0	0.0059201075994883105	0.022846821484112326	5	0.016926713884624016	0.010297196254558142	3.982148318524375e-06	unsupported	True	0.0023988736700657	0.0023988736700657
B4GALT2	chr1:43991867-43992368	1	-0.0021060521764147883	0.018797211157424214	2	0.020903263333839003	0.023199172162493203	9.115489594115607e-06	unsupported	True	0.0017892826456858	0.0017892826456858
B4GALT2	chr1:44029553-44030054	2	0.006452785375315301	0.014659069072108294	1	0.008206283696792993	0.009703043013914203	1.1672419153661248e-06	unsupported	True	0.0017201678726599	0.0017201678726599
B4GALT2	chr1:43952900-43953401	3	0.009390398049060725	0.038613962236033375	4	0.02922356418697265	0.0339889545756898	3.835441446107116e-05	unsupported	True	0.0016574206074199	0.0016574206074199
B4GALT2	chr1:43991364-43991865	4	-0.0034081271383391365	0.021674713273279758	3	0.025082840411618894	0.017979076361945203	9.774565316361678e-06	unsupported	True	0.0015334256680682	0.0015334256680682
B4GALT2	chr1:43935706-43936207	5	0.013779377203525657	0.021794400398296297	0	0.00801502319477064	0.007235835874836387	1.2639748025760798e-06	unsupported	True	0.0013520873364311	0.0013520873364311
B4GALT2	chr1:44089384-44089885	6	-0.03674218759266117	-0.010981727643633634	1	0.025760459949027537	0.014802480394791135	0.0	unsupported	True	0.0012277556302251	-0.0012277556302251
B4GALT2	chr1:43946380-43946881	7	0.002911901139709236	0.015547584511629835	5	0.0126356833719206	0.012519258211931493	2.459462798194275e-06	unsupported	True	0.0009445747939042	-0.0009445747939042
B4GALT2	chr1:44016496-44016997	8	-0.02399949996775363	0.01979693477119521	3	0.04379643473894884	0.05333092641921722	4.6239788413516875e-05	unsupported	True	0.0007116201509218	-0.0007116201509218
B4GALT2	chr1:44015902-44016403	9	-0.025612742997146127	0.018580535194956185	3	0.04419327819210231	0.05871252484865219	4.821089504925573e-05	unsupported	True	0.000681545021912	-0.000681545021912
B4GALT2	chr1:44030653-44031154	10	-0.010844929636783844	0.01272367982574385	5	0.023568609462527694	0.017592914498779658	5.275753360866593e-06	unsupported	True	0.0005982507068293	0.0005982507068293
B4GALT2	chr1:44011117-44011618	11	-0.035698348902740026	0.0021890960998014286	3	0.03788744500254145	0.04548695834471985	3.7726545777228043e-06	unsupported	True	0.0005962012507021	-0.0005962012507021
B4GALT2	chr1:44005610-44006111	12	-0.00818007223914786	0.02605970794609672	3	0.03423978018524458	0.03642705265983113	3.25030821636651e-05	unsupported	True	0.0005885987602231	-0.0005885987602231
B4GALT2	chr1:44019406-44019907	13	-0.017951077872669877	0.03467126465329409	5	0.05262234252596397	0.04199123787923875	7.661230656273425e-05	unsupported	True	0.0005693801132776	-0.0005693801132776
B4GALT2	chr1:44086560-44087061	14	0.002927150416657986	0.027750214191237924	1	0.024823063774579938	0.029707885759247862	2.0464138566316017e-05	unsupported	True	0.0004608616323622	-0.0004608616323622
B4GALT2	chr1:44036496-44036997	15	-0.01592757331315507	0.020265589210791395	5	0.036193162523946464	0.0454729426192879	3.335330132672347e-05	unsupported	True	0.000384311141661	-0.000384311141661
B4GALT2	chr1:43837415-43837916	16	-0.011458511110208796	0.02372413966958529	3	0.035182650779794086	0.02755776491220289	2.300186343714707e-05	unsupported	True	0.0003680156171664	-0.0003680156171664
B4GALT2	chr1:44030106-44030607	17	-0.005992151627076168	0.007210638648826573	3	0.01320279027590274	0.005251896162827911	4.999834023816191e-07	unsupported	True	0.0003579024733846	-0.0003579024733846
B4GALT2	chr1:44031289-44031790	18	-0.014576849865898427	0.032702273985975215	3	0.04727912385187364	0.04938487436171283	7.635567590716277e-05	unsupported	True	0.0003395087059825	0.0003395087059825
B4GALT2	chr1:43913034-43913535	19	-0.002563329461182898	0.007875679951430216	5	0.010439009412613113	0.01743807135924401	1.4336587803420782e-06	unsupported	True	0.0003337209951212	0.0003337209951212
HERC5	chr4:88523553-88524054	0	-0.010118302098663096	0.020314016546650406	5	0.030432318645313504	0.020314016546650406	1.2558178343556776e-05	unsupported	True	0.0057397568445344	0.0057397568445344
HERC5	chr4:88456874-88457375	1	-0.007806413780324172	0.03170889055093839	5	0.03951530433126256	0.03170889055093839	3.9730810525975595e-05	unsupported	True	0.0045451793681192	0.0045451793681192
HERC5	chr4:88341076-88341577	2	-0.009664935990600377	0.0	1	0.009664935990600377	0.0	0.0	unsupported	True	0.0025504355686438	0.0025504355686438
HERC5	chr4:88378746-88379247	3	-0.0031820560350095716	0.07077721093698233	5	0.0739592669719919	0.07077721093698233	0.00037049255692935386	unsupported	True	0.0020689319671468	0.0020689319671468
HERC5	chr4:88592903-88593404	4	-0.0089083752694052	0.04419594801594618	5	0.053104323285351376	0.04419594801594618	0.00010372770929128229	unsupported	True	0.0014641996616535	0.0014641996616535
HERC5	chr4:88592125-88592626	5	-0.009267700907722509	0.04434502310948685	5	0.05361272401720936	0.04434502310948685	0.0001054284071365723	unsupported	True	0.0014021277103498	0.0014021277103498
HERC5	chr4:88629743-88630244	6	-0.0062504646183455	0.053723442458262924	5	0.05997390707660842	0.053723442458262924	0.0001730971865627073	unsupported	True	0.0002662834255221	0.0002662834255221
HERC5	chr4:88618016-88618517	7	-0.0056133429352361215	0.0	1	0.0056133429352361215	0.0	0.0	unsupported	True	0.00014058841113	-0.00014058841113
HERC5	chr4:88438716-88439217	8	0.00017013440608141942	0.01564366901635219	5	0.01547353461027077	0.01564366901635219	3.7867511684435473e-06	unsupported	True	0.0001402490755051	0.0001402490755051
HERC5	chr4:88613238-88613739	9	0.003511146613123402	0.11898863436987067	5	0.11547748775674727	0.11898863436987067	0.0016349643501298392	unsupported	True	9.004223603979084e-05	9.004223603979084e-05
HERC5	chr4:88361958-88362459	10	-0.0068452105074602605	0.0	1	0.0068452105074602605	0.0	0.0	unsupported	True	7.454342836847948e-05	-7.454342836847948e-05
HERC5	chr4:88515584-88516085	11	-0.006975698910351958	0.035389630066970636	5	0.04236532897732259	0.035389630066970636	5.305943596280114e-05	unsupported	True	6.306557491487277e-05	-6.306557491487277e-05
HERC5	chr4:88633781-88634282	12	0.00030383815623414955	0.11455084711160592	5	0.11424700895537176	0.11455084711160592	0.0014991374353996994	unsupported	True	4.798632976979384e-05	-4.798632976979384e-05
HERC5	chr4:88556078-88556579	13	-0.007976169147075308	0.0025721830118362286	5	0.010548352158911537	0.0025721830118362286	6.978922113594034e-08	unsupported	True	2.0084051322356927e-05	-2.0084051322356927e-05
AMDHD1	chr12:95942757-95943258	0	0.01018488620223849	0.05123746628111734	0	0.04105258007887885	0.05123746628111734	0.00010777443330899178	unsupported	True	0.0053230089905031	0.0053230089905031
AMDHD1	chr12:96035999-96036500	1	0.01891000804179254	0.03644066251187955	0	0.01753065447008701	0.03644066251187955	2.327933971701262e-05	unsupported	True	0.003000210444436	-0.003000210444436
AMDHD1	chr12:95858625-95859126	2	0.019960478266032037	0.0434528390358228	0	0.023492360769790766	0.0434528390358228	4.435708266985541e-05	unsupported	True	0.0020491634969555	-0.0020491634969555
AMDHD1	chr12:95820049-95820550	3	0.0161061587998551	0.047336874698859284	0	0.031230715899004183	0.047336874698859284	6.99811543983197e-05	unsupported	True	0.0014238947409865	0.0014238947409865
AMDHD1	chr12:95998555-95999056	4	0.012454934678986045	0.03144040415390549	0	0.018985469474919445	0.03144040415390549	1.8767117844151692e-05	unsupported	True	0.0013226774316084	0.0013226774316084
AMDHD1	chr12:95962143-95962644	5	0.029033064304776084	0.05484531989131149	0	0.02581225558653541	0.05484531989131149	7.764350005668713e-05	unsupported	True	0.0011722160294817	0.0011722160294817
AMDHD1	chr12:96035461-96035962	6	0.020288079404920195	0.04386771454060135	0	0.023579635135681155	0.04386771454060135	4.5376092880913166e-05	unsupported	True	0.0010842381335149	-0.0010842381335149
AMDHD1	chr12:96070989-96071490	7	0.0033869873609543334	0.012601607091383731	5	0.009214619730429398	0.012601607091383731	1.4632862323484861e-06	unsupported	True	0.0005177118337044	-0.0005177118337044
AMDHD1	chr12:96061820-96062321	8	0.003991394918045373	0.010312984042833371	0	0.006321589124787998	0.010312984042833371	6.723492995259968e-07	unsupported	True	0.0005170985289858	0.0005170985289858
AMDHD1	chr12:95966152-95966653	9	-0.0014165041155418967	0.0	1	0.0014165041155418967	0.0	0.0	unsupported	True	0.0004678223687715	0.0004678223687715
AMDHD1	chr12:95943277-95943778	10	0.005800247434132051	0.0350120635066666	0	0.02921181607253455	0.0350120635066666	3.5809146725653046e-05	unsupported	True	0.0003087688501393	0.0003087688501393
AMDHD1	chr12:95848980-95849481	11	0.022233039303121486	0.04037832005196416	0	0.01814528074884267	0.04037832005196416	2.9584224145185136e-05	unsupported	True	0.0002990763155452	-0.0002990763155452
AMDHD1	chr12:95918443-95918944	12	0.0031737784053000517	0.017279405037820054	5	0.014105626632520001	0.017279405037820054	4.211627510076316e-06	unsupported	True	0.0002292588455205	-0.0002292588455205
AMDHD1	chr12:95979218-95979719	13	-0.006083268262567152	0.0	1	0.006083268262567152	0.0	0.0	unsupported	True	0.0002119222139435	0.0002119222139435
AMDHD1	chr12:96083749-96084250	14	0.012019088328889784	0.027457019395727724	5	0.01543793106683794	0.027457019395727724	1.1638469649957417e-05	unsupported	True	0.0001684498087151	0.0001684498087151
AMDHD1	chr12:96007794-96008295	15	0.014496966825772577	0.04908398153730957	0	0.034587014711536995	0.04908398153730957	8.332832398641778e-05	unsupported	True	0.0001552254912816	-0.0001552254912816
AMDHD1	chr12:95815560-95816061	16	0.011356565562101933	0.021072454909450776	0	0.009715889347348843	0.021072454909450776	4.3143246909018605e-06	unsupported	True	0.0001292376079503	-0.0001292376079503
AMDHD1	chr12:95956585-95957086	17	0.017669564324924097	0.06535607868612008	0	0.047686514361195975	0.06535607868612008	0.00020368898912536578	unsupported	True	0.000105612103925	0.000105612103925
AMDHD1	chr12:96078127-96078628	18	0.0008420530452949049	0.008529455561662578	5	0.007687402516367673	0.008529455561662578	5.592709265298579e-07	unsupported	True	7.386636468212692e-05	7.386636468212692e-05
AMDHD1	chr12:96015640-96016141	19	0.019485121675703987	0.0419336859820264	0	0.022448564306322416	0.0419336859820264	3.947431917727497e-05	unsupported	True	5.202671829586931e-05	-5.202671829586931e-05
ADH4	chr4:98995355-98995856	0	-0.002017546927631005	0.0	0	0.002017546927631005	0.0	0.0	unsupported	True	0.0107822829950414	-0.0107822829950414
ADH4	chr4:98996009-98996510	1	-0.006759931854260868	0.0	0	0.006759931854260868	0.0	0.0	unsupported	True	0.0039628005440884	-0.0039628005440884
ADH4	chr4:99156933-99157434	2	-0.005167438523322159	0.0	0	0.005167438523322159	0.0	0.0	unsupported	True	0.0019622732955156	0.0019622732955156
ADH4	chr4:99055994-99056495	3	-0.006209839271871902	0.0	0	0.006209839271871902	0.0	0.0	unsupported	True	0.000802965311314	0.000802965311314
ADH4	chr4:99088517-99089018	4	-0.005837884413635849	0.0	0	0.005837884413635849	0.0	0.0	unsupported	True	0.0005468535410192	-0.0005468535410192
ADH4	chr4:99201786-99202287	5	-0.010296716503384989	0.0	0	0.010296716503384989	0.0	0.0	unsupported	True	0.0002443061456724	0.0002443061456724
ADH4	chr4:99180668-99181169	6	-0.00672974369314197	0.0	0	0.00672974369314197	0.0	0.0	unsupported	True	0.0001448825546312	-0.0001448825546312
ADH4	chr4:99300816-99301317	7	-0.0075594022959476195	0.0	0	0.0075594022959476195	0.0	0.0	unsupported	True	5.810912943632524e-05	-5.810912943632524e-05
ADH4	chr4:99103234-99103735	8	-0.007886789529852634	0.0	0	0.007886789529852634	0.0	0.0	unsupported	True	5.5719650014845605e-05	-5.5719650014845605e-05
ADH4	chr4:99132776-99133277	9	-0.0038577984971452503	0.0	0	0.0038577984971452503	0.0	0.0	unsupported	True	2.4794098191878456e-05	2.4794098191878456e-05
ADH4	chr4:99023639-99024140	10	-9.119694736140827e-06	0.0	0	9.119694736140827e-06	0.0	0.0	unsupported	True	2.4343628084823335e-05	-2.4343628084823335e-05
ADH4	chr4:99187545-99188046	11	-0.010412552040926065	0.0	0	0.010412552040926065	0.0	0.0	unsupported	True	7.805574038291212e-07	7.805574038291212e-07
MAN2C1	chr15:75367784-75368285	0	-0.004322864294835388	0.04985694056197243	2	0.05417980485680782	0.06263141452508993	0.00016918243898145192	unsupported	True	0.00281032803237	0.00281032803237
MAN2C1	chr15:75451594-75452095	1	0.0014586102899180298	0.05284013471724532	3	0.05138152442732729	0.07414503770274389	0.00020130427211183328	unsupported	True	0.0024535856479566	-0.0024535856479566
MAN2C1	chr15:75453863-75454364	2	0.000499160583443882	0.054362319007780595	3	0.05386315842433671	0.07413778038916687	0.00021708477724375854	unsupported	True	0.0024001631897647	-0.0024001631897647
MAN2C1	chr15:75347381-75347882	3	-0.002236582553226353	0.061578276618714144	2	0.06381485917194049	0.07682169947264597	0.0003018792455205063	unsupported	True	0.002323356987948	0.002323356987948
MAN2C1	chr15:75368329-75368830	4	-0.0021882142299609847	0.04360092620327788	3	0.04578914043323886	0.06541039815173366	0.00013058851959328607	unsupported	True	0.0019222852636701	-0.0019222852636701
MAN2C1	chr15:75387286-75387787	5	0.02026267110275591	0.10074825814340105	3	0.08048558704064514	0.10931495150023753	0.0008864111875758191	unsupported	True	0.0018080838140833	0.0018080838140833
MAN2C1	chr15:75216303-75216804	6	0.0074847905693662545	0.06467305103867915	2	0.0571882604693129	0.05955811021299999	0.0002202780105504594	unsupported	True	0.0012793085199499	0.0012793085199499
MAN2C1	chr15:75428392-75428893	7	0.0011301302410282957	0.04715969643449823	2	0.046029566193469935	0.04350784134023458	9.444422755205415e-05	unsupported	True	0.0006470786927275	-0.0006470786927275
MAN2C1	chr15:75348005-75348506	8	-0.0034934699924822742	0.06601664102771887	2	0.06951011102020115	0.07837618830369897	0.0003596545376015859	unsupported	True	0.0006166277049776	0.0006166277049776
MAN2C1	chr15:75455601-75456102	9	-0.0003948374039006546	0.052969202488979364	3	0.05336403989288002	0.0750734385608168	0.00021220638275824052	unsupported	True	0.0006046281515054	0.0006046281515054
MAN2C1	chr15:75211893-75212394	10	0.011237542786934455	0.04352653362379971	2	0.03228899083686526	0.0376281576926464	5.288366059006632e-05	unsupported	True	0.0004751321930725	-0.0004751321930725
MAN2C1	chr15:75335769-75336270	11	0.004026840406270199	0.05238099828238427	2	0.048354157876114065	0.06360361893625263	0.00016109773044074833	unsupported	True	0.0004173525019087	-0.0004173525019087
MAN2C1	chr15:75450866-75451367	12	-0.00046036176186656046	0.054418593155299136	2	0.0548789549171657	0.07122030353677944	0.0002126948442577057	unsupported	True	0.0002903244560605	0.0002903244560605
MAN2C1	chr15:75306712-75307213	13	0.017240976751547586	0.06792969654699665	3	0.05068871979544907	0.05368060165767901	0.00018483677059542063	unsupported	True	0.0001810519478722	0.0001810519478722
MAN2C1	chr15:75396906-75397407	14	-0.010994510173041977	0.0038350985225211443	0	0.014829608695563122	0.027736189039548657	1.577440567644949e-06	unsupported	True	0.0001590418616785	0.0001590418616785
MAN2C1	chr15:75385839-75386340	15	-0.004225008228849136	0.04491226025506952	3	0.04913726848391865	0.05751369593875528	0.00012692500804515242	unsupported	True	0.000128393139189	0.000128393139189
MAN2C1	chr15:75468497-75468998	16	-0.003898642581212913	0.027729802589606455	2	0.03162844517081937	0.0430209104913576	3.773151281228319e-05	unsupported	True	7.541069582129983e-05	7.541069582129983e-05
MAN2C1	chr15:75375636-75376137	17	-0.005838913116844409	0.012023886878405339	0	0.01786279999524975	0.028554128479906377	6.1328638949428975e-06	unsupported	True	1.717565919136082e-05	-1.717565919136082e-05
THOP1	chr19:2653478-2653979	0	-0.004760953726220962	0.08849630113608464	1	0.0932572548623056	0.11783716507901752	0.0009725009449919026	unsupported	True	0.0017088220628726	0.0017088220628726
THOP1	chr19:2858570-2859071	1	0.019271019006303767	0.06904932396623104	3	0.04977830495992727	0.07607599040466385	0.00026148522228129905	unsupported	True	0.0016805723858348	0.0016805723858348
THOP1	chr19:2720647-2721148	2	0.00578554685158703	0.06732570441857944	3	0.0615401575669924	0.062380613309300836	0.00025845750658849985	unsupported	True	0.0015629741730276	0.0015629741730276
THOP1	chr19:2944822-2945323	3	0.011981099063378662	0.060589577795654444	2	0.04860847873227578	0.06956430273971641	0.00020487850297571522	unsupported	True	0.001534518439941	-0.001534518439941
THOP1	chr19:2950566-2951067	4	0.0127872590133764	0.05784296856896385	3	0.04505570955558745	0.06758093174434547	0.00017612645018858688	unsupported	True	0.0015131441424347	-0.0015131441424347
THOP1	chr19:2731535-2732036	5	0.004292027495455412	0.07129981728103713	4	0.06700778978558171	0.05672912794269005	0.0002710315305486919	unsupported	True	0.0012388717369469	0.0012388717369469
THOP1	chr19:2693624-2694125	6	-0.0023756607034978307	0.1553847265009558	2	0.15776038720445362	0.1775168434125309	0.004351568836687719	unsupported	True	0.0010054420192845	0.0010054420192845
THOP1	chr19:2785142-2785643	7	0.012585261378495817	0.06073370887189616	3	0.04814844749340034	0.058197009380391844	0.00017018166146410166	unsupported	True	0.0008932074616018	-0.0008932074616018
THOP1	chr19:2900551-2901052	8	0.014697126474438382	0.06771431028750972	3	0.05301718381307134	0.05191808508978683	0.0001863870695023051	unsupported	True	0.0008575861018821	0.0008575861018821
THOP1	chr19:2819595-2820096	9	0.014664744083786702	0.05581165794373039	3	0.04114691385994369	0.0554848823967128	0.00012741978300389038	unsupported	True	0.0008205302109363	-0.0008205302109363
THOP1	chr19:2648419-2648920	10	-0.007626562005756343	0.04896231592277472	1	0.05658887792853106	0.036348907259464304	0.00010071273587946326	unsupported	True	0.0008065230350568	0.0008065230350568
THOP1	chr19:2700681-2701182	11	0.016520832617808227	0.14269063892644665	3	0.12616980630863842	0.1299851476317554	0.0023401551449000425	unsupported	True	0.0007844640056813	0.0007844640056813
THOP1	chr19:2695209-2695710	12	-0.0034674519446770188	0.046400253039874564	1	0.049867704984551585	0.055192050757025435	0.00012770745841734528	unsupported	True	0.0007780833636641	0.0007780833636641
THOP1	chr19:2799929-2800430	13	0.0029929384318190567	0.07282093222186599	3	0.06982799379004694	0.07794744515844405	0.00039635805083680734	unsupported	True	0.0007392211574115	0.0007392211574115
THOP1	chr19:2719872-2720373	14	-0.0007077769903466108	0.050763784213275605	2	0.051471561203622215	0.0697895738043618	0.00018235256506395962	unsupported	True	0.0005662892484733	0.0005662892484733
THOP1	chr19:2702574-2703075	15	0.01327995158404087	0.07509979734459642	2	0.06181984576055555	0.07784425021410349	0.00036140422233024716	unsupported	True	0.0005051221063281	-0.0005051221063281
THOP1	chr19:2887322-2887823	16	0.004730175784076769	0.05171512961756361	2	0.04698495383348684	0.04385312975050512	0.00010655578083760944	unsupported	True	0.0004285469197915	0.0004285469197915
THOP1	chr19:2739845-2740346	17	0.01034585433743567	0.05878235736736183	2	0.04843650302992616	0.05772585349049313	0.00016435773299714317	unsupported	True	0.0004111195592816	-0.0004111195592816
THOP1	chr19:2962032-2962533	18	0.009298388601656646	0.04139309247712543	3	0.03209470387546878	0.0235681864633788	3.131031322178373e-05	unsupported	True	0.0003951938231968	0.0003951938231968
THOP1	chr19:2653990-2654491	19	-1.6671397961761144e-05	0.06238761076072522	1	0.062404282158686986	0.0919661392082277	0.0003580475453256986	unsupported	True	0.0003773857994058	0.0003773857994058
CDH15	chr16:89175525-89176026	0	-0.009475135956245292	0.05147573020858146	3	0.060950866164826756	0.07154114888592934	0.0002244596637338338	unsupported	True	0.0019634873639488	0.0019634873639488
CDH15	chr16:89171362-89171863	1	-0.004901912053583597	0.04166238030865781	3	0.04656429236224141	0.06252990903665531	0.00012130672648566612	unsupported	True	0.0018643279190859	-0.0018643279190859
CDH15	chr16:89247311-89247812	2	0.0013767225645993217	0.03766241194359053	3	0.03628568937899121	0.0348776744964824	4.7664059498568456e-05	unsupported	True	0.0015738563593045	-0.0015738563593045
CDH15	chr16:89052261-89052762	3	-0.00016575934744582165	0.036384514550521024	3	0.03655027389796685	0.04272624206029456	5.682008999485164e-05	unsupported	True	0.0010931791547309	0.0010931791547309
CDH15	chr16:89155160-89155661	4	-0.01691938644136097	0.022969756460083177	3	0.039889142901444144	0.04612527418942247	4.2262001012607014e-05	unsupported	True	0.0010028870417826	0.0010028870417826
CDH15	chr16:89343917-89344418	5	-0.012994930992443808	0.029823819832190235	3	0.042818750824634044	0.0638210246112948	8.150064252212126e-05	unsupported	True	0.0009665557555294	0.0009665557555294
CDH15	chr16:89156201-89156702	6	-0.016009012942393642	0.04829183342313975	3	0.06430084636553339	0.08047485889219802	0.0002498909955001238	unsupported	True	0.0009586981668092	0.0009586981668092
CDH15	chr16:89241269-89241770	7	-0.0034871648153853834	0.06576920866072755	3	0.06925637347611294	0.08003065828449067	0.0003645345968095099	unsupported	True	0.0008759629609743	-0.0008759629609743
CDH15	chr16:89172811-89173312	8	-0.0034716067749226104	0.0699892108473885	3	0.07346081762231112	0.08923548165957909	0.0004588010747987587	unsupported	True	0.0008727596400643	0.0008727596400643
CDH15	chr16:89052766-89053267	9	0.004648058795509026	0.029921411832267274	3	0.025273353036758248	0.0366552577486405	2.7719233913669064e-05	unsupported	True	0.000831013585417	0.000831013585417
CDH15	chr16:89038263-89038764	10	-0.008840337644035131	0.019654906887878496	3	0.028495244531913627	0.031182615209860185	1.7464490270919014e-05	unsupported	True	0.0007815116882367	-0.0007815116882367
CDH15	chr16:89201573-89202074	11	-0.00569886781057577	0.029831292284430738	3	0.03553016009500651	0.05204161793025811	5.515946200179521e-05	unsupported	True	0.0007536012983143	-0.0007536012983143
CDH15	chr16:89301551-89302052	12	3.25642660115637e-05	0.09069614391161179	3	0.09066357964560023	0.08412211852234314	0.000691722474346756	unsupported	True	0.0007316445126068	0.0007316445126068
CDH15	chr16:89049699-89050200	13	0.0013713163580284429	0.057743336061002536	3	0.05637201970297409	0.07475071024048875	0.00024332167065127156	unsupported	True	0.0006672184783849	0.0006672184783849
CDH15	chr16:89217423-89217924	14	-0.01014547057031805	0.03733611620863419	3	0.04748158677895224	0.054101547745421655	9.591003586773537e-05	unsupported	True	0.0006626967691076	-0.0006626967691076
CDH15	chr16:89322694-89323195	15	-0.004517013964285281	0.06956862414181801	3	0.07408563810610329	0.08385772876453534	0.0004322057455268727	unsupported	True	0.0006623309234958	0.0006623309234958
CDH15	chr16:89093577-89094078	16	-0.004629507804885585	0.05715962315707371	3	0.061789130961959295	0.0715782511733891	0.0002528031769241738	unsupported	True	0.0006220453966534	-0.0006220453966534
CDH15	chr16:89033566-89034067	17	-0.005373471842018517	0.023526343368377892	3	0.02889981521039641	0.04276486040236049	2.9076126911914907e-05	unsupported	True	0.0006069710657854	0.0006069710657854
CDH15	chr16:89051311-89051812	18	-0.002393605508127014	0.06617691199077934	3	0.06857051749890636	0.0755585601211908	0.00034286850842288536	unsupported	True	0.0005765318890353	0.0005765318890353
CDH15	chr16:89320162-89320663	19	-0.020129184253462863	0.013354209196949997	3	0.03348339345041286	0.03675247864805187	1.6433659161153266e-05	unsupported	True	0.0005378174586194	-0.0005378174586194
BLOC1S2	chr10:100285955-100286456	0	-0.03176270754518202	0.029479029552512078	4	0.06124173709769409	0.059096228455814845	0.00010668919743913475	unsupported	True	0.0030763256052979	0.0030763256052979
BLOC1S2	chr10:100433713-100434214	1	-0.030123074950333343	0.004798616274923873	2	0.03492169122525721	0.04143208220979053	6.943014150499998e-06	unsupported	True	0.0027439256723272	-0.0027439256723272
BLOC1S2	chr10:100194847-100195348	2	-0.03438807171003766	-0.017557703104621996	3	0.016830368605415664	0.014126258485448868	0.0	unsupported	True	0.0014580671638974	0.0014580671638974
BLOC1S2	chr10:100373816-100374317	3	-0.02657409461372832	0.043372664912158104	4	0.06994675952588643	0.08202820422640834	0.00024885530907742866	unsupported	True	0.0013453815338368	0.0013453815338368
BLOC1S2	chr10:100286458-100286959	4	-0.025722407269514858	0.010691135512678399	3	0.036413542782193255	0.04141919466223512	1.612458030648735e-05	unsupported	True	0.001199044339676	0.001199044339676
BLOC1S2	chr10:100229365-100229866	5	-0.02453032407593645	0.025105092170714584	4	0.049635416246651035	0.05377729325545752	6.701197653648156e-05	unsupported	True	0.0010956189038192	0.0010956189038192
BLOC1S2	chr10:100346280-100346781	6	-0.030962053430793033	0.008276551290268715	4	0.03923860472106175	0.042956838831661195	1.3950676919858342e-05	unsupported	True	0.0010030716032324	-0.0010030716032324
BLOC1S2	chr10:100338381-100338882	7	-0.03094501443655436	0.011587243165426758	4	0.042532257601981115	0.04573732252608251	2.25407983529024e-05	unsupported	True	0.0008803821521613	-0.0008803821521613
BLOC1S2	chr10:100180056-100180557	8	0.010788124359662279	0.04190043376629559	4	0.03111230940663331	0.03603760456388219	4.6979315379654865e-05	unsupported	True	0.0007875195685514	0.0007875195685514
BLOC1S2	chr10:100185800-100186301	9	-0.02703620585979484	0.021249749560836407	3	0.048285955420631244	0.05387556382778294	5.5279801305833126e-05	unsupported	True	0.0007602922039949	-0.0007602922039949
BLOC1S2	chr10:100303651-100304152	10	-0.005447449167756935	0.06109205338491162	3	0.06653950255266855	0.08023318207042135	0.0003261506806130754	unsupported	True	0.0006523959885238	0.0006523959885238
BLOC1S2	chr10:100267447-100267948	11	-0.02443262526092138	0.034300402529932356	3	0.05873302779085374	0.06845695722073275	0.0001379110923684524	unsupported	True	0.0006447845518729	-0.0006447845518729
BLOC1S2	chr10:100364881-100365382	12	-0.03480750967838937	-0.007392574795381051	2	0.02741493488300832	0.034902389956856725	0.0	unsupported	True	0.0006369145132114	-0.0006369145132114
BLOC1S2	chr10:100228806-100229307	13	-0.02745554937299728	0.03302116750230301	4	0.06047671687530029	0.06873532572764163	0.00013726525641256872	unsupported	True	0.0005779165014718	0.0005779165014718
BLOC1S2	chr10:100362597-100363098	14	-0.027327625243114124	-0.003619878893824348	4	0.023707746349289776	0.02807502097104434	0.0	unsupported	True	0.0003648359427495	-0.0003648359427495
BLOC1S2	chr10:100246654-100247155	15	-0.026115335939552856	0.043080640627827675	1	0.06919597656738052	0.07077218579246192	0.00021097238120952255	unsupported	True	0.0003187919974838	0.0003187919974838
BLOC1S2	chr10:100371159-100371660	16	-0.02740178175480464	0.008387563005026424	4	0.03578934475983106	0.04652307922786038	1.3965548406678409e-05	unsupported	True	0.000303085124573	-0.000303085124573
BLOC1S2	chr10:100346788-100347289	17	-0.030445404065053396	0.026541286297206253	4	0.056986690362259645	0.06292104538225181	9.516808516980359e-05	unsupported	True	0.0002540531937748	-0.0002540531937748
BLOC1S2	chr10:100373229-100373730	18	-0.027810655284598064	0.006863864091798945	4	0.03467451937639701	0.042531099982923495	1.012245234193813e-05	unsupported	True	0.0002491437161737	-0.0002491437161737
BLOC1S2	chr10:100315530-100316031	19	-0.00598445790377373	0.03480155872848329	2	0.04078601663225702	0.05425215266239041	7.70064252327064e-05	unsupported	True	0.000248318159556	-0.000248318159556
METTL26	chr16:711656-712157	0	-0.03374368749678959	0.02609748797424185	5	0.05984117547103144	0.05868416707180606	9.164731941585069e-05	unsupported	True	0.002539589144769	-0.002539589144769
METTL26	chr16:728034-728535	1	-0.022682408812405616	0.0044736882934840495	2	0.027156097105889666	0.03491882773909745	4.242215531547782e-06	unsupported	True	0.001824170333437	0.001824170333437
METTL26	chr16:714797-715298	2	-0.03594013235163396	0.029029538915884594	5	0.06496967126751856	0.06899841622633013	0.000130133745368614	unsupported	True	0.0017413812711239	-0.0017413812711239
METTL26	chr16:726899-727400	3	-0.025687062694435804	0.01268264432207219	2	0.03836970701650799	0.03876425468909372	1.8863823939801907e-05	unsupported	True	0.0013884849893097	0.0013884849893097
METTL26	chr16:750366-750867	4	-0.0240542647577403	-0.0013437361355301985	5	0.0227105286222101	0.03456211499152106	0.0	unsupported	True	0.001322879351292	0.001322879351292
METTL26	chr16:700554-701055	5	-0.04442667022589229	0.025068813398259025	5	0.06949548362415131	0.06998295770566729	0.00012192216120751765	unsupported	True	0.0011779306674488	-0.0011779306674488
METTL26	chr16:641554-642055	6	-0.03595236518474237	0.017901146271141713	2	0.05385351145588408	0.0686164850705909	6.614900784557024e-05	unsupported	True	0.0010200157138489	0.0010200157138489
METTL26	chr16:660728-661229	7	-0.023387555902241074	0.016266738067176566	5	0.03965429396941764	0.0278529209168745	1.7966415594500407e-05	unsupported	True	0.0007820309847176	-0.0007820309847176
METTL26	chr16:717743-718244	8	-0.02672758123427884	0.0212450684239596	5	0.04797264965823844	0.048040406747300736	4.896192861305753e-05	unsupported	True	0.0007292003392614	-0.0007292003392614
METTL26	chr16:684157-684658	9	-0.0314680078834221	0.01621571119649053	5	0.04768371907991263	0.05014082151417103	3.8770157642792615e-05	unsupported	True	0.000681134430458	-0.000681134430458
METTL26	chr16:716145-716646	10	-0.03379500820938188	0.025544329484912427	5	0.05933933769429431	0.055404856553093004	8.398177256226562e-05	unsupported	True	0.000649004258361	-0.000649004258361
METTL26	chr16:705691-706192	11	-0.015380026874630212	0.016699932595576828	5	0.03207995947020704	0.048341585354024746	2.589819032082405e-05	unsupported	True	0.0006177776280413	0.0006177776280413
METTL26	chr16:721170-721671	12	-0.020365402170232087	0.011234138481616652	5	0.03159954065184874	0.0385021562266472	1.3668019648769855e-05	unsupported	True	0.0006103676637007	0.0006103676637007
METTL26	chr16:679702-680203	13	-0.023330516837398653	0.0313888592359424	5	0.054719376073341056	0.05343257766202451	9.17746622500071e-05	unsupported	True	0.0005893521619262	-0.0005893521619262
METTL26	chr16:624462-624963	14	-0.022708244007321236	0.009203715875985154	5	0.03191195988330639	0.04326183197063553	1.2706372612530206e-05	unsupported	True	0.0005494840036336	0.0005494840036336
METTL26	chr16:642076-642577	15	-0.011340505742757146	0.014025862979741784	5	0.02536636872249893	0.02667948310873372	9.492165553767923e-06	unsupported	True	0.0005406984964223	0.0005406984964223
METTL26	chr16:569666-570167	16	-0.028586720226598486	0.014910654937307756	5	0.04349737516390624	0.052762993051515765	3.422072401465135e-05	unsupported	True	0.0005059941008797	0.0005059941008797
METTL26	chr16:622158-622659	17	-0.041648739179086305	0.008298650295686086	5	0.04994738947477239	0.04270494243174835	1.770102433490018e-05	unsupported	True	0.0004852574683804	-0.0004852574683804
METTL26	chr16:636162-636663	18	-0.021393539614907416	0.01590616254848338	5	0.0372997021633908	0.046429526024736684	2.7546411475365523e-05	unsupported	True	0.0004497698615668	0.0004497698615668
METTL26	chr16:589694-590195	19	-0.024566624183960717	0.02434994135671035	5	0.048916565540671066	0.05249148157905855	6.252341744683013e-05	unsupported	True	0.0003916587507341	0.0003916587507341
ZNF223	chr19:44051061-44051562	0	-0.005249917454423169	0.031435101840177254	2	0.03668501929460043	0.03711530012797214	4.280126454707025e-05	unsupported	True	0.0028888505698385	0.0028888505698385
ZNF223	chr19:44071819-44072320	1	-0.004751743038366813	0.045244419025376355	2	0.04999616206374317	0.06019220281618694	0.0001361576102269325	unsupported	True	0.0028438445178447	0.0028438445178447
ZNF223	chr19:43950918-43951419	2	-0.003095371097382268	0.04718151911298805	4	0.050276890210370316	0.05748222686272504	0.000136355892872268	unsupported	True	0.002663397236676	0.002663397236676
ZNF223	chr19:44212182-44212683	3	-0.006765277437305788	0.03877838464241891	2	0.0455436620797247	0.0557080906075683	9.838659619073115e-05	unsupported	True	0.001619094555462	0.001619094555462
ZNF223	chr19:44111913-44112414	4	-0.009603538057243292	0.03404298308704223	2	0.04364652114428552	0.05469028832479103	8.126199045925895e-05	unsupported	True	0.0015127386503192	0.0015127386503192
ZNF223	chr19:44051672-44052173	5	-0.004702097821934647	0.043300003594491314	2	0.04800210141642596	0.056305967199467635	0.00011703145529749419	unsupported	True	0.0014020963433551	0.0014020963433551
ZNF223	chr19:43901608-43902109	6	-0.007003621830037368	0.029214877941411383	2	0.03621849977144875	0.04865564417295741	5.148346399156427e-05	unsupported	True	0.0009897004546179	-0.0009897004546179
ZNF223	chr19:43983874-43984375	7	-0.0035507782514156865	0.057163700050288986	2	0.06071447830170467	0.07273644070230989	0.00025244376269742045	unsupported	True	0.0008451601261911	-0.0008451601261911
ZNF223	chr19:44164706-44165207	8	-0.0034990052548635724	0.03207855846222673	2	0.0355775637170903	0.046713183201719605	5.331267960624491e-05	unsupported	True	0.0007047916665419	0.0007047916665419
ZNF223	chr19:44106209-44106710	9	-0.014479466059472973	0.1074190172820979	2	0.12189848334157088	0.14100904614885576	0.0018464028079315427	unsupported	True	0.0006852936169502	-0.0006852936169502
ZNF223	chr19:43935071-43935572	10	-0.004456003548512876	0.06735162873802117	2	0.07180763228653404	0.08694581692851076	0.0004205013572644653	unsupported	True	0.0006133677151443	0.0006133677151443
ZNF223	chr19:44002644-44003145	11	-0.005243879000591779	0.05029327209960777	2	0.05553715110019955	0.0684769054651006	0.00019126592967059602	unsupported	True	0.0003421206093241	0.0003421206093241
ZNF223	chr19:44094026-44094527	12	-0.004935814662455277	0.035840216864952465	2	0.04077603152740774	0.05312658260045677	7.764034665365775e-05	unsupported	True	0.0002925458488818	0.0002925458488818
ZNF223	chr19:44141286-44141787	13	-0.004849619062141629	0.035403995875823824	2	0.040253614937965455	0.050514600082430174	7.199031741536813e-05	unsupported	True	0.0002454269816775	0.0002454269816775
ZNF223	chr19:44113028-44113529	14	-0.006934788625680886	0.03350742943255536	2	0.040442218058236244	0.05282549283436997	7.15846054499538e-05	unsupported	True	0.0002227568503261	0.0002227568503261
ZNF223	chr19:44207195-44207696	15	-0.003956151330351544	0.04595348356915987	2	0.04990963489951141	0.0649955172408923	0.00014906862186955108	unsupported	True	0.0002128474083418	0.0002128474083418
ZNF223	chr19:44025044-44025545	16	-0.008755320438597744	0.04465380288915074	2	0.053409123327748484	0.06642079762254165	0.00015840831958879354	unsupported	True	0.0002034572564567	0.0002034572564567
ZNF223	chr19:44170552-44171053	17	-0.007302038595849083	0.07361554902120158	2	0.08091758761705067	0.09325443588671997	0.0005554973371415654	unsupported	True	0.0001320303883354	-0.0001320303883354
ZNF223	chr19:44007773-44008274	18	-0.012435079004244632	0.030444964407610808	2	0.04288004341185544	0.05467752273108535	7.138048867586069e-05	unsupported	True	0.0001040514454523	-0.0001040514454523
ZNF223	chr19:44212722-44213223	19	-0.005804793345198823	0.03710534971014585	4	0.04291014305534467	0.0430250395357049	6.850429000497122e-05	unsupported	True	6.929253910373298e-05	6.929253910373298e-05
CENPS	chr1:10504118-10504619	0	0.008572722978942272	0.09801607770754173	3	0.08944335472859946	0.10327004850288368	0.0009053568258299838	unsupported	True	0.0022820308309969	0.0022820308309969
CENPS	chr1:10474681-10475182	1	-0.003586591801588748	0.040919883689084925	3	0.04450647549067367	0.03388085150213761	6.170379999610657e-05	unsupported	True	0.0015860852799736	-0.0015860852799736
CENPS	chr1:10318070-10318571	2	0.0007559019831538099	0.041318870601828185	2	0.040562968618674373	0.0388554461922718	6.51223515095903e-05	unsupported	True	0.0014459614234861	-0.0014459614234861
CENPS	chr1:10555515-10556016	3	0.007157549477914219	0.05522856581511229	3	0.04807101633719807	0.04265916388368324	0.00011325552793381082	unsupported	True	0.0013608435323847	0.0013608435323847
CENPS	chr1:10530248-10530749	4	-0.004068673164784955	0.043255772388983975	3	0.047324445553768926	0.045822581713603844	9.380136541493531e-05	unsupported	True	0.0012997288350854	0.0012997288350854
CENPS	chr1:10430468-10430969	5	1.4397786399459482e-05	0.038882396325465286	3	0.03886799853906583	0.029077449223382918	4.3944194317477526e-05	unsupported	True	0.0012421065878634	-0.0012421065878634
CENPS	chr1:10513673-10514174	6	-0.011295991320708024	0.02944105643156009	2	0.040737047752268114	0.0429779583851247	5.1545258606042154e-05	unsupported	True	0.0011706875964316	-0.0011706875964316
CENPS	chr1:10528304-10528805	7	0.010009120454031349	0.09337074069266202	3	0.08336162023863067	0.0929893877421776	0.0007237862682197744	unsupported	True	0.0011370265801869	0.0011370265801869
CENPS	chr1:10518942-10519443	8	-0.0010291652726833677	0.06029771820109896	3	0.061326883473782325	0.07084732658703295	0.00026198428418028845	unsupported	True	0.0007838547837283	0.0007838547837283
CENPS	chr1:10554373-10554874	9	-0.006506588987289089	0.0446264357823789	3	0.05113302476966799	0.061816391392624924	0.0001410578744049403	unsupported	True	0.000754711902969	0.000754711902969
CENPS	chr1:10540524-10541025	10	0.005357696394011785	0.04381763098039935	1	0.038459934586387565	0.04978580673690546	8.390019760103205e-05	unsupported	True	0.0007354266332875	0.0007354266332875
CENPS	chr1:10337975-10338476	11	0.005854078739929937	0.05544173490496621	1	0.04958765616503628	0.06874993670903755	0.00018900909202552337	unsupported	True	0.000680891517729	0.000680891517729
CENPS	chr1:10472345-10472846	12	-0.007173531143366128	0.04155204878745432	3	0.048725579930820447	0.03843876254103348	7.782495118868678e-05	unsupported	True	0.0006652182094167	-0.0006652182094167
CENPS	chr1:10399323-10399824	13	0.00851660394664225	0.04962685420145852	1	0.04111025025481627	0.03297638075407561	6.727750172064154e-05	unsupported	True	0.0006200213333627	0.0006200213333627
CENPS	chr1:10295436-10295937	14	0.007847145445462363	0.056327453301025246	1	0.048480307855562885	0.07260061017915276	0.00019825573355262163	unsupported	True	0.0005317183503168	0.0005317183503168
CENPS	chr1:10304184-10304685	15	-0.0010197016675918998	0.037593324257547765	1	0.03861302592513967	0.04993049359186216	7.247870526215231e-05	unsupported	True	0.0005057485343847	0.0005057485343847
CENPS	chr1:10353647-10354148	16	0.004249378257264155	0.04714305750189797	1	0.04289367924463382	0.04601784140630039	9.305448041332898e-05	unsupported	True	0.0004975926268478	0.0004975926268478
CENPS	chr1:10427975-10428476	17	-0.0028124027405459907	0.0636020215729119	3	0.06641442431345788	0.06330560966373919	0.00026740869704816513	unsupported	True	0.0004951564917684	-0.0004951564917684
CENPS	chr1:10398713-10399214	18	-0.0043517162677009814	0.02903826156319087	1	0.03338997783089186	0.025727342593643475	2.4944894603832223e-05	unsupported	True	0.0004540246593961	0.0004540246593961
CENPS	chr1:10490853-10491354	19	0.011080908095097578	0.08031345283370316	3	0.06923254473860557	0.06954146692595792	0.00038667174653525565	unsupported	True	0.0003414544576282	0.0003414544576282
FKRP	chr19:46674649-46675150	0	-0.01318731112351216	0.01831577512028318	1	0.03150308624379534	0.03521002027421527	2.0316302934640094e-05	unsupported	True	0.0029104334659908	0.0029104334659908
FKRP	chr19:46860663-46861164	1	0.013737002970417913	0.03804785493085807	4	0.02431085196044016	0.019651392858169633	1.8177062213761194e-05	unsupported	True	0.0020216480412002	-0.0020216480412002
FKRP	chr19:46614067-46614568	2	0.012502159016061474	0.034099761379365004	5	0.02159760236330353	0.017137948584388253	1.262163789802152e-05	unsupported	True	0.0016790605174545	0.0016790605174545
FKRP	chr19:46661125-46661626	3	0.009272640508351953	0.03301105804381528	3	0.023738417535463328	0.017435675217486728	1.3663123037525344e-05	unsupported	True	0.0013282810079977	-0.0013282810079977
FKRP	chr19:46638488-46638989	4	0.002568028837119935	0.02355921654608339	4	0.020991187708963455	0.017394455763047517	8.602183475817093e-06	unsupported	True	0.0011107204361828	0.0011107204361828
FKRP	chr19:46788401-46788902	5	0.011800379901516948	0.055676230216138024	4	0.04387585031462107	0.04631719944447198	0.00011314559748736707	unsupported	True	0.0010266769648458	-0.0010266769648458
FKRP	chr19:46600939-46601440	6	0.007747065223368708	0.029488918500148606	3	0.021741853276779896	0.02003870294252249	1.2847688935714625e-05	unsupported	True	0.0008812878722185	-0.0008812878722185
FKRP	chr19:46753650-46754151	7	-0.008038528498723954	0.020783717905623996	1	0.02882224640434795	0.02771701923320636	1.6603421341070795e-05	unsupported	True	0.0008274251912629	0.0008274251912629
FKRP	chr19:46601676-46602177	8	0.01487825181864934	0.03790426068394745	4	0.02302600886529811	0.02366237893323897	2.065214200901694e-05	unsupported	True	0.0008051388214454	0.0008051388214454
FKRP	chr19:46746272-46746773	9	0.008181298005234316	0.04919731570997448	4	0.041016017704740164	0.047514618557475206	9.587870214394958e-05	unsupported	True	0.0007158979393046	-0.0007158979393046
FKRP	chr19:46850704-46851205	10	0.007566730545255476	0.036903163477750044	4	0.029336432932494567	0.02893956163946017	3.13301772274053e-05	unsupported	True	0.0006996293014904	-0.0006996293014904
FKRP	chr19:46859993-46860494	11	0.004487186445335926	0.025227037877950876	3	0.02073985143261495	0.015115224051796982	7.908361067161636e-06	unsupported	True	0.0006750264079661	-0.0006750264079661
FKRP	chr19:46697401-46697902	12	0.010487144672058503	0.06727186714729179	5	0.056784722475233286	0.06671300480615322	0.0002548446327790834	unsupported	True	0.0006724663801865	-0.0006724663801865
FKRP	chr19:46609812-46610313	13	-0.005688070496701351	0.016961841847296825	4	0.022649912343998175	0.02322529791913512	8.922793221599257e-06	unsupported	True	0.0006037810220282	0.0006037810220282
FKRP	chr19:46639011-46639512	14	-0.012249922273906408	0.018973149647151195	3	0.031223071921057603	0.02324293553102575	1.3769115380512888e-05	unsupported	True	0.0005793603402408	0.0005793603402408
FKRP	chr19:46746886-46747387	15	-0.015158083205416733	0.008250990916673352	3	0.023409074122090083	0.028289020303632603	5.463969332929253e-06	unsupported	True	0.0005379297191766	0.0005379297191766
FKRP	chr19:46754166-46754667	16	0.005898285825773069	0.030704651811130582	3	0.024806365985357515	0.02363546905551491	1.800244733956835e-05	unsupported	True	0.0004777707783536	0.0004777707783536
FKRP	chr19:46634132-46634633	17	-0.020263490881763668	-0.0042967638488387964	3	0.01596672703292487	0.024653058951028397	0.0	unsupported	True	0.0003671694928222	0.0003671694928222
FKRP	chr19:46777092-46777593	18	0.012005399444259253	0.05535740500103701	4	0.043352005556777755	0.05934693224886227	0.00014242400415237386	unsupported	True	0.0003467433954964	0.0003467433954964
FKRP	chr19:46787134-46787635	19	0.026062628000837595	0.06165435361229534	4	0.03559172561145775	0.03351513083705951	7.35450949028475e-05	unsupported	True	0.0003203730088185	0.0003203730088185
HIGD2B	chr15:72540823-72541324	0	-0.014901616225965971	0.0	0	0.014901616225965971	0.0	0.0	unsupported	True	0.0071214519062685	0.0071214519062685
HIGD2B	chr15:72796746-72797247	1	-0.015339693657434882	0.0	0	0.015339693657434882	0.0	0.0	unsupported	True	0.0024668781621275	0.0024668781621275
HIGD2B	chr15:72599799-72600300	2	-0.01661854246316813	0.0	0	0.01661854246316813	0.0	0.0	unsupported	True	0.0022242542834699	0.0022242542834699
HIGD2B	chr15:72832163-72832664	3	-0.010013469104973515	0.0	0	0.010013469104973515	0.0	0.0	unsupported	True	0.0021356797962779	0.0021356797962779
HIGD2B	chr15:72615434-72615935	4	-0.008086924754384104	0.0	0	0.008086924754384104	0.0	0.0	unsupported	True	0.0013647342373656	0.0013647342373656
HIGD2B	chr15:72562711-72563212	5	-0.009220683806417912	0.0	0	0.009220683806417912	0.0	0.0	unsupported	True	0.0007941454798519	0.0007941454798519
HIGD2B	chr15:72783563-72784064	6	-0.019899752352867076	0.0	0	0.019899752352867076	0.0	0.0	unsupported	True	0.0007020625798533	-0.0007020625798533
HIGD2B	chr15:72800700-72801201	7	-0.010412965064850024	0.0	0	0.010412965064850024	0.0	0.0	unsupported	True	0.0005380408471217	0.0005380408471217
HIGD2B	chr15:72784113-72784614	8	-0.019203269572147946	0.0	0	0.019203269572147946	0.0	0.0	unsupported	True	0.0004526874958093	-0.0004526874958093
HIGD2B	chr15:72602067-72602568	9	-0.00552730420568447	0.0	0	0.00552730420568447	0.0	0.0	unsupported	True	0.0001391143069342	0.0001391143069342
HIGD2B	chr15:72751749-72752250	10	-0.009444289078621756	0.0	0	0.009444289078621756	0.0	0.0	unsupported	True	0.0001231757381535	0.0001231757381535
HIGD2B	chr15:72824065-72824566	11	-0.010927664686455762	0.0	0	0.010927664686455762	0.0	0.0	unsupported	True	8.95571287286811e-05	8.95571287286811e-05
HIGD2B	chr15:72825648-72826149	12	-0.009572560781121977	0.0	0	0.009572560781121977	0.0	0.0	unsupported	True	8.746634488016066e-05	8.746634488016066e-05
HIGD2B	chr15:72590078-72590579	13	-0.01387487075673072	0.0	0	0.01387487075673072	0.0	0.0	unsupported	True	8.382099844684161e-05	8.382099844684161e-05
HIGD2B	chr15:72820779-72821280	14	-0.00599263041335008	0.0	0	0.00599263041335008	0.0	0.0	unsupported	True	7.554722764477965e-05	7.554722764477965e-05
HIGD2B	chr15:72625966-72626467	15	-0.008078666557624998	0.0	0	0.008078666557624998	0.0	0.0	unsupported	True	5.704311718815047e-05	5.704311718815047e-05
HIGD2B	chr15:72794336-72794837	16	-0.010205199087939569	0.0	0	0.010205199087939569	0.0	0.0	unsupported	True	5.188419121630089e-05	-5.188419121630089e-05
HIGD2B	chr15:72561376-72561877	17	-0.009774588474684086	0.0	0	0.009774588474684086	0.0	0.0	unsupported	True	4.5008761938774186e-05	-4.5008761938774186e-05
HIGD2B	chr15:72731117-72731618	18	-0.011044431540648006	0.0	0	0.011044431540648006	0.0	0.0	unsupported	True	2.3657249485761413e-05	-2.3657249485761413e-05
HIGD2B	chr15:72759421-72759922	19	-0.006103721362984274	0.0	0	0.006103721362984274	0.0	0.0	unsupported	True	8.892018414641227e-06	-8.892018414641227e-06
TRIM4	chr7:99994030-99994531	0	-0.03536939342853212	-0.008408945419551169	3	0.02696044800898095	0.03526615405984575	0.0	unsupported	True	0.0041794117761676	0.0041794117761676
TRIM4	chr7:99979679-99980180	1	-0.03060126383163661	-0.010088662178760258	3	0.020512601652876352	0.01926257695495616	0.0	unsupported	True	0.0035877236401132	-0.0035877236401132
TRIM4	chr7:99833460-99833961	2	-0.016695132368395312	-0.0051905685762270665	0	0.011504563792168247	0.015074107782591231	0.0	unsupported	True	0.0015373182119488	0.0015373182119488
TRIM4	chr7:99997413-99997914	3	-0.02046144078161412	0.0026469245495475825	5	0.023108365331161704	0.02050585710386558	1.254263295844601e-06	unsupported	True	0.0015067547799283	-0.0015067547799283
TRIM4	chr7:99919344-99919845	4	-0.0244519945825225	0.0036533754719405244	3	0.028105370054463025	0.02257346042334249	2.3178309430071335e-06	unsupported	True	0.0011630896363334	-0.0011630896363334
TRIM4	chr7:99929364-99929865	5	-0.005023950938172251	0.029459993588827723	2	0.034483944526999974	0.04529333887214999	4.601335732777064e-05	unsupported	True	0.0011248373929326	0.0011248373929326
TRIM4	chr7:100008492-100008993	6	-0.009342129819715756	0.017587111474178244	2	0.026929241293894	0.04292076031331239	2.032759693233774e-05	unsupported	True	0.0010109198648386	-0.0010109198648386
TRIM4	chr7:100049526-100050027	7	-0.022331317861988227	-0.008781460197206027	4	0.0135498576647822	0.010634995116058265	0.0	unsupported	True	0.0009880701844713	0.0009880701844713
TRIM4	chr7:100016497-100016998	8	-0.017090199106407345	0.022147984333054312	0	0.03923818343946166	0.0451135814372419	3.92058078134064e-05	unsupported	True	0.0009685592502731	-0.0009685592502731
TRIM4	chr7:100015321-100015822	9	-0.025126741454976433	-0.005365443603684891	3	0.01976129785129154	0.02037293873323346	0.0	unsupported	True	0.0007867904264092	-0.0007867904264092
TRIM4	chr7:99913073-99913574	10	-0.01953800026142207	0.005096411869024525	3	0.024634412130446596	0.017164658079670683	2.1549732223582523e-06	unsupported	True	0.000522101384375	-0.000522101384375
TRIM4	chr7:99990785-99991286	11	-0.021710864138432765	0.0031949888444901893	5	0.024905852982922954	0.02495788971897581	1.9859971808375187e-06	unsupported	True	0.0003309192124637	-0.0003309192124637
TRIM4	chr7:100003628-100004129	12	-0.009757918943734734	0.02601817377136469	0	0.03577609271509942	0.039291487849790294	3.657364051405291e-05	unsupported	True	0.0002651185931353	-0.0002651185931353
TRIM4	chr7:99859411-99859912	13	-0.030381479345646025	-0.0036296876166798183	0	0.026751791728966207	0.029790240754997886	0.0	unsupported	True	0.0001462884690883	0.0001462884690883
TRIM4	chr7:100062559-100063060	14	-0.02048969977292256	0.02113513018270306	0	0.04162482995562562	0.051597657782215534	4.539284335996799e-05	unsupported	True	0.0001414024162382	0.0001414024162382
TRIM4	chr7:99990258-99990759	15	-0.033584855441094595	0.007982107902910967	3	0.04156696334400556	0.04882226980668779	1.6198837889882344e-05	unsupported	True	0.0001372001635621	-0.0001372001635621
TRIM4	chr7:100057552-100058053	16	-0.031182250624656644	-0.012584715082733304	5	0.018597535541923338	0.020869533983422978	0.0	unsupported	True	0.0001349482136715	-0.0001349482136715
TRIM4	chr7:99838209-99838710	17	-0.014206704004075326	0.09387127314412969	3	0.10807797714820501	0.12715590936669316	0.001290049764433732	unsupported	True	3.559109483179385e-05	-3.559109483179385e-05
TRIM4	chr7:99761582-99762083	18	-0.007644050046837104	0.03935594750867247	2	0.04699999755550957	0.06336102492711779	0.00011720075294732235	unsupported	True	1.4525870937793084e-05	1.4525870937793084e-05
VPS33B	chr15:91099959-91100460	0	0.013917039274252023	0.07007338493294869	1	0.05615634565869667	0.09040497223852326	0.0003557494624924766	unsupported	True	0.0055187883712959	0.0055187883712959
VPS33B	chr15:91142086-91142587	1	0.016783161296196968	0.062040470035687696	1	0.04525730873949073	0.09315432673667917	0.00026155729397867657	unsupported	True	0.0024968290092643	0.0024968290092643
VPS33B	chr15:90994437-90994938	2	0.007037196290172168	0.04183948009254134	3	0.034802283802369174	0.04699950184041569	6.843641926035389e-05	unsupported	True	0.0013642858325134	-0.0013642858325134
VPS33B	chr15:90957250-90957751	3	0.009304725397563824	0.05108654890021203	5	0.04178182350264821	0.04454510258900081	9.508103903084795e-05	unsupported	True	0.0012711483423311	0.0012711483423311
VPS33B	chr15:91161657-91162158	4	0.03495913615421295	0.08697759669473763	1	0.05201846054052468	0.07155041335640976	0.0003237256009732389	unsupported	True	0.0009656418863581	0.0009656418863581
VPS33B	chr15:91171285-91171786	5	0.004750402803301062	0.018181050466301855	2	0.013430647663000794	0.014634774030060095	3.5735671679812826e-06	unsupported	True	0.0008393151621686	0.0008393151621686
VPS33B	chr15:90956476-90956977	6	0.007477752775756211	0.046032932652637366	1	0.03855517987688115	0.038997885242566595	6.921375866022071e-05	unsupported	True	0.0006646272613953	-0.0006646272613953
VPS33B	chr15:90934978-90935479	7	0.007782173751986394	0.04000956046609511	3	0.03222738671410872	0.033480452298606994	4.3169814966873025e-05	unsupported	True	0.0006318228197255	-0.0006318228197255
VPS33B	chr15:91022367-91022868	8	0.01957712919043192	0.07593000328320912	1	0.0563528740927772	0.07492664685725847	0.0003206016747671618	unsupported	True	0.0005090817059183	0.0005090817059183
VPS33B	chr15:91063706-91064207	9	0.022734604343401906	0.0507728466266035	3	0.028038242283201596	0.043431648965269985	6.182848655790552e-05	unsupported	True	0.0004971684415723	0.0004971684415723
VPS33B	chr15:91127921-91128422	10	0.007633723641024846	0.08282136536121384	1	0.07518764172018899	0.09430247424060917	0.0005872350060763634	unsupported	True	0.0004817152682729	-0.0004817152682729
VPS33B	chr15:91055815-91056316	11	0.021918943168865744	0.0614728837196005	1	0.03955394055073476	0.05778173356511202	0.00014049598401253067	unsupported	True	0.0004362292811569	-0.0004362292811569
VPS33B	chr15:90959894-90960395	12	-0.007289626183499464	0.027788010103008593	5	0.035077636286508056	0.040376505406806734	3.935650247937125e-05	unsupported	True	0.0004105348463251	-0.0004105348463251
VPS33B	chr15:90895555-90896056	13	0.012690517753346857	0.031155295174461865	1	0.018464777421115006	0.022816792145725188	1.3125943583745444e-05	unsupported	True	0.0004057393177912	0.0004057393177912
VPS33B	chr15:90929912-90930413	14	-0.0044785919856601235	0.03502129476095197	5	0.03949988674661209	0.030194494843386155	4.1769167250867215e-05	unsupported	True	0.0004042116597595	0.0004042116597595
VPS33B	chr15:91066986-91067487	15	0.01974315902101599	0.07015080726018871	3	0.05040764823917272	0.08479511136763469	0.00029984714904752	unsupported	True	0.0003785761773245	0.0003785761773245
VPS33B	chr15:90894380-90894881	16	0.006770783141534181	0.06073001170106826	5	0.05395922855953408	0.04134864651183263	0.00013549722315175976	unsupported	True	0.0003500159455763	-0.0003500159455763
VPS33B	chr15:90873126-90873627	17	-0.0019703528454883693	0.03497092940877569	1	0.03694128225426406	0.03708523129245006	4.790933387018182e-05	unsupported	True	0.0003290258425218	-0.0003290258425218
VPS33B	chr15:90871145-90871646	18	0.0022760498665857125	0.03254404925963735	5	0.03026799939305164	0.020700526300624127	2.0390913977913856e-05	unsupported	True	0.0003250734458874	-0.0003250734458874
VPS33B	chr15:90884109-90884610	19	-0.01938536511024657	0.05870762768108418	5	0.07809299279133075	0.08460141674195493	0.0003878682528841199	unsupported	True	0.0003014684012831	-0.0003014684012831
PCDHB11	chr5:141343544-141344045	0	0.0015321553119798954	0.06262296668787025	1	0.061090811375890355	0.07779705823706061	0.0002976272601308653	unsupported	True	0.0045277688152843	0.0045277688152843
PCDHB11	chr5:141100186-141100687	1	-0.00030636661422887157	0.06214840739831502	1	0.062454774012543894	0.062195645355741506	0.00024141020438639782	unsupported	True	0.003275037588461	0.003275037588461
PCDHB11	chr5:141094316-141094817	2	-0.0017262129112418257	0.04325318990812379	1	0.04497940281936561	0.05360363859232087	0.0001042860210435712	unsupported	True	0.0023158890045586	0.0023158890045586
PCDHB11	chr5:141320579-141321080	3	-0.0016482765135790135	0.04954822404879547	1	0.051196500562374486	0.059885430483843656	0.00015191111282599197	unsupported	True	0.002036265579812	0.002036265579812
PCDHB11	chr5:141325959-141326460	4	0.006728122356919458	0.03372080816527745	4	0.02699268580835799	0.03981793996463297	3.624289339250578e-05	unsupported	True	0.0009198988721552	-0.0009198988721552
PCDHB11	chr5:141213574-141214075	5	0.008473901414623775	0.020462270019994556	1	0.01198836860537078	0.007597094897825748	1.863637541424229e-06	unsupported	True	0.0007699673147041	0.0007699673147041
PCDHB11	chr5:141186868-141187369	6	8.367979693219781e-06	0.07824527843027136	1	0.07823691045057814	0.08142793250849205	0.0004984748372837042	unsupported	True	0.0005743539072396	0.0005743539072396
PCDHB11	chr5:141182144-141182645	7	-0.009122809281028843	0.0488075139990166	1	0.057930323280045444	0.066944238240949	0.00018928048656591446	unsupported	True	0.0005630062235915	0.0005630062235915
PCDHB11	chr5:141149763-141150264	8	0.0030002328707857567	0.03427326263193968	1	0.031273029761153925	0.03722360329053798	3.989732864326193e-05	unsupported	True	0.0005089797375052	-0.0005089797375052
PCDHB11	chr5:141330197-141330698	9	0.0033760572435328727	0.033450363835512205	3	0.030074306591979332	0.04104630456691319	4.1292438633838185e-05	unsupported	True	0.000501887701054	-0.000501887701054
PCDHB11	chr5:141084350-141084851	10	0.006744927733567219	0.07110384801625412	1	0.0643589202826869	0.07089646606592294	0.0003244340603644685	unsupported	True	0.0004043838781528	0.0004043838781528
PCDHB11	chr5:141234093-141234594	11	0.007460965659438338	0.04076318663909291	1	0.03330222097965457	0.0375987346213429	5.1040457055892935e-05	unsupported	True	0.0003248411013978	0.0003248411013978
PCDHB11	chr5:141121517-141122018	12	-0.010993065371253004	0.022902219186267822	5	0.033895284557520826	0.044630981304600456	3.4646014821262585e-05	unsupported	True	0.0002766799630625	0.0002766799630625
PCDHB11	chr5:141100951-141101452	13	-0.004901120674674337	0.09799371007242749	1	0.10289483074710183	0.11634039485492076	0.0011730655776657829	unsupported	True	0.0002658616115442	-0.0002658616115442
PCDHB11	chr5:141245115-141245616	14	0.009816371581173348	0.0917524591338531	1	0.08193608755267975	0.08649810218129726	0.000650278678399519	unsupported	True	0.0002576567337896	0.0002576567337896
PCDHB11	chr5:141349836-141350337	15	0.02146172045035985	0.08835881047522708	1	0.06689709002486723	0.09251219002940655	0.0005468346797651524	unsupported	True	0.0002532222253321	-0.0002532222253321
PCDHB11	chr5:141192081-141192582	16	0.00617606280745525	0.07552412569464821	1	0.06934806288719296	0.08580512722457868	0.00044940021959091205	unsupported	True	0.0002484785027069	0.0002484785027069
PCDHB11	chr5:141199325-141199826	17	-0.0067515687213214725	0.04503414749488277	1	0.051785716216204244	0.05514057007616021	0.0001285947340921839	unsupported	True	0.0002358381000602	0.0002358381000602
PCDHB11	chr5:141051535-141052036	18	0.019883298163828653	0.06468570442572366	1	0.04480240626189501	0.07440110872017947	0.0002156200087054148	unsupported	True	0.0001722365340455	-0.0001722365340455
PCDHB11	chr5:141208414-141208915	19	0.00027452335850023095	0.05146886115545059	1	0.05119433779695036	0.04493985384276246	0.00011841266191311036	unsupported	True	0.0001484962954204	-0.0001484962954204
MYOT	chr5:137831040-137831541	0	0.011010337384242687	0.09358969994569843	1	0.08257936256145575	0.12038543342952555	0.0009304081838929116	unsupported	True	0.0043903944004663	0.0043903944004663
MYOT	chr5:137735851-137736352	1	0.003406999219752198	0.030314959567332423	1	0.026907960347580223	0.029130109266052806	2.376183008402849e-05	unsupported	True	0.0036784663098491	0.0036784663098491
MYOT	chr5:137965183-137965684	2	0.020802506390569415	0.142137170629528	0	0.12133466423895858	0.13142391711407828	0.002266558674387734	unsupported	True	0.0013674402163142	0.0013674402163142
MYOT	chr5:137734871-137735372	3	0.01020150229951223	0.04535182236381537	1	0.03515032006430314	0.05659760862535525	9.022400648722925e-05	unsupported	True	0.0013135313809691	0.0013135313809691
MYOT	chr5:138032269-138032770	4	0.013460585504057893	0.03898773932951949	0	0.025527153825461595	0.02352599279762966	2.3414150678901664e-05	unsupported	True	0.0009641906322861	0.0009641906322861
MYOT	chr5:137889156-137889657	5	0.03259130531714893	0.08828318699090905	1	0.055691881673760116	0.06472609485918657	0.0003182359946650661	unsupported	True	0.0008736059139233	0.0008736059139233
MYOT	chr5:137742937-137743438	6	0.012253178954419637	0.0571567100457074	1	0.044903531091287766	0.047434177811852704	0.00012174162490998355	unsupported	True	0.0008325247452281	0.0008325247452281
MYOT	chr5:137778921-137779422	7	0.022465860733030214	0.09166882002326689	1	0.06920295929023668	0.0711145253660226	0.00045113302774336294	unsupported	True	0.000733979045446	0.000733979045446
MYOT	chr5:137822084-137822585	8	-0.021748225622214745	0.006420433832687748	5	0.028168659454902493	0.025387118780369186	4.5913877271581155e-06	unsupported	True	0.0006939184756684	-0.0006939184756684
MYOT	chr5:137872707-137873208	9	-0.0007211000387265022	0.07546392893650161	5	0.07618502897522811	0.08588590139085048	0.0004937770804949347	unsupported	True	0.0006753256266158	0.0006753256266158
MYOT	chr5:138035962-138036463	10	0.023439188943851687	0.058758188800885104	1	0.03531899985703342	0.05805717113295513	0.00012048491292296828	unsupported	True	0.0004281000798681	0.0004281000798681
MYOT	chr5:137805712-137806213	11	-0.020083005221476834	0.0069531640574982895	3	0.027036169278975123	0.02810943123769919	5.284205414903974e-06	unsupported	True	0.0004212916724826	0.0004212916724826
MYOT	chr5:138032870-138033371	12	0.024100198724817255	0.05581567286950515	1	0.031715474144687894	0.03639557712241062	6.442819781459646e-05	unsupported	True	0.0003479932292424	0.0003479932292424
MYOT	chr5:137933540-137934041	13	-0.02470668215904959	-0.016102549417460213	0	0.008604132741589377	0.007296773285427834	0.0	unsupported	True	0.0003370363324474	-0.0003370363324474
MYOT	chr5:137729207-137729708	14	-0.0054246277412192965	0.12111417268730439	0	0.1265388004285237	0.14119331605405908	0.0021638782325328473	unsupported	True	0.0003282615862266	0.0003282615862266
MYOT	chr5:137813099-137813600	15	0.024970955885473232	0.16650511674859989	1	0.14153416086312665	0.18306881980987463	0.004314229460839524	unsupported	True	0.0002733249612063	0.0002733249612063
MYOT	chr5:137967948-137968449	16	-0.021626558988152977	0.0015879986318257328	2	0.02321455761997871	0.020984094991944636	7.735720673946458e-07	unsupported	True	0.0002666461388479	0.0002666461388479
MYOT	chr5:137754189-137754690	17	0.023392750075410425	0.06505726536746637	1	0.04166451529205594	0.04844389214706218	0.00013131101745455481	unsupported	True	0.0002633155159036	0.0002633155159036
MYOT	chr5:138022108-138022609	18	0.056714642458316804	0.1954379372081416	1	0.13872329474982478	0.2039711830502815	0.005530024812778184	unsupported	True	0.0002126240265589	-0.0002126240265589
MYOT	chr5:137960838-137961339	19	0.00505573083256752	0.036577352060093264	4	0.03152162122752575	0.027149423651464194	3.13026729016051e-05	unsupported	True	0.000171362509785	0.000171362509785
ADAM20	chr14:70416833-70417334	0	0.0023456182857625914	0.006626633678639818	5	0.004281015392877226	0.006626633678639818	1.8798912054873324e-07	unsupported	True	0.0091719918828286	0.0091719918828286
ADAM20	chr14:70641347-70641848	1	0.0018951296030697432	0.007468095057301332	5	0.005572965454231589	0.007468095057301332	3.1081790251125743e-07	unsupported	True	0.0027603963146955	0.0027603963146955
ADAM20	chr14:70600505-70601006	2	0.0011374111290681304	0.005837449307985197	5	0.004700038178917067	0.005837449307985197	1.601576287671881e-07	unsupported	True	0.0016108841569723	0.0016108841569723
ADAM20	chr14:70642033-70642534	3	-0.0001644194170344194	0.00021003131991943923	5	0.00037445073695385864	0.00021003131991943923	1.6518203529082328e-11	unsupported	True	0.001419511370223	0.001419511370223
ADAM20	chr14:70658573-70659074	4	4.027514441060584e-05	0.0006803575996927782	5	0.0006400824552821724	0.0006803575996927782	2.9628550404817826e-10	unsupported	True	0.0013295799961748	0.0013295799961748
ADAM20	chr14:70601097-70601598	5	0.002618951411256498	0.013363276051253967	5	0.010744324639997468	0.013363276051253967	1.9186908387402513e-06	unsupported	True	0.0007920801428158	-0.0007920801428158
ADAM20	chr14:70661621-70662122	6	-0.0026814053221164385	0.0	0	0.0026814053221164385	0.0	0.0	unsupported	True	0.0004028669292785	-0.0004028669292785
ADAM20	chr14:70670524-70671025	7	0.003417404635295743	0.010739551859947117	5	0.007322147224651374	0.010739551859947117	8.445216273375928e-07	unsupported	True	0.0002361595663159	-0.0002361595663159
ADAM20	chr14:70538926-70539427	8	0.007558140978313637	0.013410120475424834	5	0.005851979497111197	0.013410120475424834	1.0523692629181837e-06	unsupported	True	0.0002112791296787	0.0002112791296787
ADAM20	chr14:70671324-70671825	9	-0.0016857106126985269	0.006433871764010847	5	0.008119582376709374	0.006433871764010847	3.361077243176944e-07	unsupported	True	0.0001774661037485	-0.0001774661037485
ADAM20	chr14:70653637-70654138	10	-0.001334340239441387	0.0	0	0.001334340239441387	0.0	0.0	unsupported	True	0.0001594720340767	-0.0001594720340767
ADAM20	chr14:70564593-70565094	11	0.0024743287519907262	0.005676631953514516	5	0.00320230320152379	0.005676631953514516	1.0319149978627442e-07	unsupported	True	0.0001049557456396	0.0001049557456396
ADAM20	chr14:70660333-70660834	12	-0.0019648445745670236	0.0	0	0.0019648445745670236	0.0	0.0	unsupported	True	9.96096903980763e-05	-9.96096903980763e-05
ADAM20	chr14:70652821-70653322	13	-0.005414136304862977	0.0	0	0.005414136304862977	0.0	0.0	unsupported	True	5.583414089426147e-05	5.583414089426147e-05
ADAM20	chr14:70611186-70611687	14	-0.0022617515687148007	0.0028870526867011133	5	0.005148804255415914	0.0028870526867011133	4.291566044265306e-08	unsupported	True	1.9655250647887978e-05	-1.9655250647887978e-05
ADAM20	chr14:70553534-70554035	15	-0.0016060207766505246	0.0	0	0.0016060207766505246	0.0	0.0	unsupported	True	1.3223784708069005e-05	-1.3223784708069005e-05
ADAM20	chr14:70455406-70455907	16	-0.0030113263852816464	0.0	0	0.0030113263852816464	0.0	0.0	unsupported	True	6.814191573109041e-06	6.814191573109041e-06
ITGB2	chr21:44892688-44893189	0	0.015180463378682025	0.06301715249485752	0	0.0478366891161755	0.06301715249485752	0.00018996721851511334	unsupported	True	0.0067381435385083	0.0067381435385083
ITGB2	chr21:44967604-44968105	1	0.017494015903118085	0.09108149622851694	1	0.07358748032539886	0.09108149622851694	0.0006104698859003225	unsupported	True	0.0017991745915178	0.0017991745915178
ITGB2	chr21:44932561-44933062	2	0.028166232724563776	0.14414425624620733	0	0.11597802352164355	0.14414425624620733	0.0024097411088747074	unsupported	True	0.0010221926899625	0.0010221926899625
ITGB2	chr21:45018898-45019399	3	0.017753063281655858	0.06272516671957248	0	0.044972103437916626	0.06272516671957248	0.0001769403367677506	unsupported	True	0.0010095785029305	0.0010095785029305
ITGB2	chr21:44793230-44793731	4	0.004979929621044511	0.04348748463067489	0	0.03850755500963038	0.04348748463067489	7.282399854285405e-05	unsupported	True	0.0009826853798915	0.0009826853798915
ITGB2	chr21:45074259-45074760	5	0.005926606747934619	0.05053692922982548	0	0.04461032248189086	0.05313250302032413	0.00011978556555323762	unsupported	True	0.000848677388047	-0.000848677388047
ITGB2	chr21:44871468-44871969	6	0.0329012290232733	0.13447011250714744	0	0.10156888348387413	0.13029530361130143	0.0017795705451869282	unsupported	True	0.0007700607392188	0.0007700607392188
ITGB2	chr21:44955093-44955594	7	0.021068159472960292	0.07175760628855325	0	0.05068944681559296	0.07175760628855325	0.00026100777088299676	unsupported	True	0.0007230154748447	0.0007230154748447
ITGB2	chr21:45029512-45030013	8	0.0005533507099389947	0.04249168601729926	3	0.04193833530736026	0.05449957542943812	9.711990979256403e-05	unsupported	True	0.0007010888137796	-0.0007010888137796
ITGB2	chr21:44801579-44802080	9	-0.0017005775806119073	0.02898990269780961	0	0.030690480278421518	0.02898990269780961	2.5792723362099223e-05	unsupported	True	0.0005602697991579	-0.0005602697991579
ITGB2	chr21:44767808-44768309	10	-0.016746482786111086	0.011248769091257221	0	0.02799525187736831	0.03344051263633293	1.0530822862628641e-05	unsupported	True	0.0005362405722437	-0.0005362405722437
ITGB2	chr21:44817548-44818049	11	0.01324666288055199	0.051615565287600466	0	0.038368902407048475	0.051615565287600466	0.00010222114750254957	unsupported	True	0.0004817990895993	0.0004817990895993
ITGB2	chr21:44910664-44911165	12	0.01532259513548503	0.03950005959844987	0	0.02417746446296484	0.03950005959844987	3.772300276263966e-05	unsupported	True	0.0004659483726947	0.0004659483726947
ITGB2	chr21:45073637-45074138	13	0.022301983092307093	0.08226879639535792	0	0.05996681330305083	0.08226879639535792	0.00040586467891619613	unsupported	True	0.00041429802666	0.00041429802666
ITGB2	chr21:44966687-44967188	14	0.03131921543535802	0.11998511336716397	0	0.08866589793180596	0.11456437043516464	0.0012188031153617734	unsupported	True	0.0002944059794231	0.0002944059794231
ITGB2	chr21:44771923-44772424	15	0.0008607636685803458	0.045852666422131774	0	0.04499190275355143	0.045852666422131774	9.459399161727319e-05	unsupported	True	0.0002837364298517	-0.0002837364298517
ITGB2	chr21:44846631-44847132	16	0.015879705067965457	0.07471746305811824	0	0.058837757990152784	0.07471746305811824	0.0003284735095121271	unsupported	True	0.0002736488818642	0.0002736488818642
ITGB2	chr21:44917131-44917632	17	0.011117309266889168	0.054757208403317936	0	0.04363989913642877	0.054757208403317936	0.00013084777327503086	unsupported	True	0.0002570603828039	-0.0002570603828039
ITGB2	chr21:44768404-44768905	18	-0.002033144771098857	0.033523141002563546	3	0.035556285773662405	0.04462835202015167	5.3195138243752385e-05	unsupported	True	0.0002077562888429	-0.0002077562888429
ITGB2	chr21:44984429-44984930	19	0.017136636712995135	0.07003419976014606	0	0.05289756304715093	0.07003863281275341	0.0002594678154142203	unsupported	True	0.0002017195307472	0.0002017195307472
ZWINT	chr10:56361685-56362186	0	0.018863067403852865	0.06059439855226343	2	0.041731331148410565	0.05212672349320891	0.00013181205919484852	unsupported	True	0.0061747611703289	0.0061747611703289
ZWINT	chr10:56361137-56361638	1	0.007009860685025331	0.022397463061607437	2	0.015387602376582106	0.0225688251686488	7.77819338652111e-06	unsupported	True	0.0048957539569903	-0.0048957539569903
ZWINT	chr10:56296932-56297433	2	-0.005302754497415341	0.020994431699045375	0	0.026297186196460716	0.021740398184689067	1.2002753819435004e-05	unsupported	True	0.0028712764991541	-0.0028712764991541
ZWINT	chr10:56312619-56313120	3	-0.004795937728590064	0.030584316587558502	0	0.035380254316148566	0.03228963938681066	3.4940002014561865e-05	unsupported	True	0.0010059613802473	-0.0010059613802473
ZWINT	chr10:56500376-56500877	4	-0.005277362393872119	0.05682040200840797	3	0.062097764402280084	0.06508429542192241	0.00022964472556278483	unsupported	True	0.0006414195972463	-0.0006414195972463
ZWINT	chr10:56495837-56496338	5	-0.012211279597964687	0.008879657080631992	4	0.021090936678596676	0.01065229796413103	1.9949654009204138e-06	unsupported	True	0.0005674395785271	-0.0005674395785271
ZWINT	chr10:56437977-56438478	6	0.007902206412012282	0.03888625736946803	1	0.030984050957455753	0.03888625736946803	4.685225417700317e-05	unsupported	True	0.0005310931445454	-0.0005310931445454
ZWINT	chr10:56304161-56304662	7	-0.0019197293922834267	0.026589574976956062	3	0.02850930436923949	0.026589574976956062	2.0156234917674958e-05	unsupported	True	0.0004733027801884	-0.0004733027801884
ZWINT	chr10:56323882-56324383	8	0.0050937934876570425	0.03641128231547249	3	0.031317488827815446	0.027981387444396315	3.190745387747085e-05	unsupported	True	0.0002592391106647	-0.0002592391106647
ZWINT	chr10:56418802-56419303	9	-0.014413026318491208	0.052391369825892806	3	0.06680439614438402	0.07174019476315009	0.00025108880382808705	unsupported	True	0.0002497612260424	-0.0002497612260424
ZWINT	chr10:56402901-56403402	10	-0.0058382553968982795	0.00491754950553188	3	0.010755804902430159	0.0130722128593873	6.914181372577239e-07	unsupported	True	0.0002416458713109	-0.0002416458713109
ZWINT	chr10:56317577-56318078	11	0.016309785094792636	0.08272688023996448	1	0.06641709514517184	0.08272688023996448	0.0004545411124980128	unsupported	True	0.0002021984188266	-0.0002021984188266
ZWINT	chr10:56350044-56350545	12	-0.0031334316832327134	0.04189854891478255	0	0.04503198059801526	0.056730174394786295	0.00010703705447385269	unsupported	True	0.0001241777540774	-0.0001241777540774
ZWINT	chr10:56449975-56450476	13	-0.0030065679290712174	0.016875876511272626	0	0.019882444440343844	0.017761331453680716	5.9595248531558775e-06	unsupported	True	0.0001027623838002	-0.0001027623838002
ZWINT	chr10:56460081-56460582	14	0.0008007668667840271	0.028973960221922522	4	0.028173193355138494	0.0295354490643308	2.410946169678331e-05	unsupported	True	7.827589580194025e-05	7.827589580194025e-05
ZWINT	chr10:56228635-56229136	15	-0.007227223167741297	0.01828112305361664	3	0.025508346221357937	0.019236767705165875	8.970512911393126e-06	unsupported	True	7.799514771842998e-05	7.799514771842998e-05
ZWINT	chr10:56270819-56271320	16	0.00897812786749427	0.06076938796815744	3	0.051791260100663164	0.06076938796815744	0.00019126090329039415	unsupported	True	7.409840289854361e-05	-7.409840289854361e-05
URAD	chr13:28025165-28025666	0	-0.0012939257916007064	0.0017765300941486918	4	0.003070455885749398	0.0017765300941486918	9.690540470929326e-09	unsupported	True	0.0055192384653322	0.0055192384653322
URAD	chr13:28100142-28100643	1	0.012754244644532496	0.02862648962810008	4	0.015872244983567582	0.02862648962810008	1.300692237669639e-05	unsupported	True	0.0030469919481723	0.0030469919481723
URAD	chr13:27960695-27961196	2	0.01725511690545802	0.06937108174624441	2	0.0521159648407864	0.06937108174624441	0.00025080010614914576	unsupported	True	0.0026941763081113	0.0026941763081113
URAD	chr13:28053896-28054397	3	0.0020886755964848003	0.018480695497639213	4	0.016392019901154412	0.018480695497639213	5.5984666477681535e-06	unsupported	True	0.0016579193394808	0.0016579193394808
URAD	chr13:28100738-28101239	4	0.008215908738923274	0.039473344299320506	4	0.03125743556039723	0.039473344299320506	4.870361412348406e-05	unsupported	True	0.0010422056654722	0.0010422056654722
URAD	chr13:28010016-28010517	5	-0.005714133745697124	0.020129297709774285	4	0.02584343145547141	0.020129297709774285	1.0471464490029268e-05	unsupported	True	0.0008865781787624	0.0008865781787624
URAD	chr13:28018271-28018772	6	-0.0007804487443658088	0.01082592088055566	4	0.011606369624921469	0.01082592088055566	1.3602730534061268e-06	unsupported	True	0.0008298308037146	0.0008298308037146
URAD	chr13:28116502-28117003	7	0.035972264572873974	0.06514108193110899	2	0.02916881735823501	0.06514108193110899	0.00012377380901846814	unsupported	True	0.0006886407519182	0.0006886407519182
URAD	chr13:27978028-27978529	8	0.001676149417296015	0.03014927882504972	4	0.028473129407753706	0.03014927882504972	2.5881477085175075e-05	unsupported	True	0.0004930954724986	0.0004930954724986
URAD	chr13:27979771-27980272	9	-0.004720501273205421	0.014309672733675454	4	0.019030174006880875	0.014309672733675454	3.8967465739859935e-06	unsupported	True	0.0004684457678944	0.0004684457678944
URAD	chr13:27968581-27969082	10	0.015010259669776567	0.05934998954261773	4	0.04433972987284116	0.05934998954261773	0.00015618320710950284	unsupported	True	0.0003609404137292	0.0003609404137292
URAD	chr13:27953774-27954275	11	0.01345932008689128	0.019599515497899293	4	0.006140195411008013	0.019599515497899293	2.3587008529812467e-06	unsupported	True	0.0002391299056695	-0.0002391299056695
URAD	chr13:27829904-27830405	12	-0.000380226751109845	0.012479595033273437	2	0.012859821784383283	0.012479595033273437	2.0027924022690883e-06	unsupported	True	0.0001343202714476	-0.0001343202714476
URAD	chr13:27857244-27857745	13	-0.006642877105692593	0.007752262661407744	4	0.014395139767100336	0.007752262661407744	8.651130115311055e-07	unsupported	True	0.0001205336551349	-0.0001205336551349
URAD	chr13:27954469-27954970	14	-0.006799880905678209	0.0	0	0.006799880905678209	0.0	0.0	unsupported	True	0.0001098732183356	-0.0001098732183356
URAD	chr13:27997829-27998330	15	-0.007399991736963962	0.008100269743478623	4	0.015500261480442585	0.008100269743478623	1.017039890589772e-06	unsupported	True	8.041728194339433e-05	8.041728194339433e-05
URAD	chr13:27919705-27920206	16	-0.002819263990364341	0.0	0	0.002819263990364341	0.0	0.0	unsupported	True	8.01027966645013e-05	-8.01027966645013e-05
URAD	chr13:28097415-28097916	17	-0.0024301521093621488	0.017030980340034946	4	0.019461132449397095	0.017030980340034946	5.644784981335458e-06	unsupported	True	4.217104006657444e-05	4.217104006657444e-05
URAD	chr13:28137926-28138427	18	0.011871674166919302	0.020339116817073	2	0.008467442650153699	0.020339116817073	3.502808905802743e-06	unsupported	True	3.685156898556289e-05	-3.685156898556289e-05
URAD	chr13:27984174-27984675	19	0.008997736029282895	0.034994565324261005	4	0.02599682929497811	0.034994565324261005	3.183622675056053e-05	unsupported	True	2.629428962824862e-05	2.629428962824862e-05
ZBTB48	chr1:6601830-6602331	0	-0.017847374598525895	0.0009211125647454218	4	0.018768487163271317	0.0189597187068485	3.277735190609236e-07	unsupported	True	0.0040805292895703	0.0040805292895703
ZBTB48	chr1:6470559-6471060	1	-0.009196437421561005	0.03538348584435725	4	0.04457992326591825	0.044091762064584865	6.955004053420805e-05	unsupported	True	0.0015125755360137	0.0015125755360137
ZBTB48	chr1:6489780-6490281	2	-0.017900352448852706	0.008921499810468877	4	0.026821852259321585	0.03034190496308946	7.260549327195254e-06	unsupported	True	0.0015033784013874	0.0015033784013874
ZBTB48	chr1:6454683-6455184	3	-0.018249100358114796	0.0021869740227443246	3	0.02043607438085912	0.0187424641066992	8.376600182952764e-07	unsupported	True	0.0013163410312623	0.0013163410312623
ZBTB48	chr1:6463614-6464115	4	-0.01774018966532409	0.008860477042688629	3	0.02660066670801272	0.026106153845850223	6.153079401734914e-06	unsupported	True	0.0012869688665271	0.0012869688665271
ZBTB48	chr1:6436904-6437405	5	-0.0037908202561260963	0.058501404059229406	4	0.0622922243153555	0.07507686920450748	0.000273593819247902	unsupported	True	0.0010556347020813	-0.0010556347020813
ZBTB48	chr1:6613319-6613820	6	-0.012047043069143526	0.01300896129315452	4	0.025056004362298046	0.03313692134688954	1.0801065367807684e-05	unsupported	True	0.0009999250299708	-0.0009999250299708
ZBTB48	chr1:6579680-6580181	7	-0.011817003097396786	0.021418254126862147	4	0.033235257224258935	0.03949812332421928	2.811639092031997e-05	unsupported	True	0.0008430162414383	-0.0008430162414383
ZBTB48	chr1:6624903-6625404	8	-0.009307199645154581	0.008698406797583557	4	0.018005606442738138	0.02656880431919702	4.161208509746366e-06	unsupported	True	0.0008161826858125	0.0008161826858125
ZBTB48	chr1:6519900-6520401	9	-0.007895126828811322	0.04655925453923662	4	0.05445438136804794	0.059402495326195515	0.0001506064374705133	unsupported	True	0.0007998370499063	0.0007998370499063
ZBTB48	chr1:6735352-6735853	10	-0.005613410974382761	0.041426621782292644	3	0.047040032756675405	0.04299672161179052	8.378812613568434e-05	unsupported	True	0.0007826327198541	0.0007826327198541
ZBTB48	chr1:6601267-6601768	11	-0.016055373491032063	0.023494358593494323	1	0.03954973208452639	0.04092875494180168	3.8030818508954665e-05	unsupported	True	0.0005631156329046	0.0005631156329046
ZBTB48	chr1:6490387-6490888	12	-0.007168675883726203	0.0238114347416804	4	0.030980110625406603	0.03938559407163171	2.9053999790457025e-05	unsupported	True	0.0004117942372459	0.0004117942372459
ZBTB48	chr1:6724287-6724788	13	-0.022008569185257384	0.0013480054482244226	3	0.023356574633481807	0.030858593313351043	9.715763257779791e-07	unsupported	True	0.0003999269297783	0.0003999269297783
ZBTB48	chr1:6513048-6513549	14	-0.013189206177553026	0.07504453364560201	4	0.08823373982315504	0.09865964142167853	0.0006532708551634838	unsupported	True	0.0003868775447385	0.0003868775447385
ZBTB48	chr1:6646444-6646945	15	-0.025640424904164717	0.0021433526165130943	5	0.027783777520677812	0.02882063488698266	1.716281265111355e-06	unsupported	True	0.0003846319497883	0.0003846319497883
ZBTB48	chr1:6481995-6482496	16	-0.024826639058916605	-0.009632204809574932	1	0.015194434249341674	0.010756290541082835	0.0	unsupported	True	0.0003822657825685	0.0003822657825685
ZBTB48	chr1:6602664-6603165	17	-0.00943269116317778	0.01393371712434	4	0.02336640828751778	0.030720800713787286	1.0002106660606229e-05	unsupported	True	0.0003489662918885	0.0003489662918885
ZBTB48	chr1:6634554-6635055	18	-0.007458676997600477	0.043253128867982535	4	0.050711805865583014	0.05640378539486583	0.00012371856011938884	unsupported	True	0.000347101217617	0.000347101217617
ZBTB48	chr1:6613956-6614457	19	-0.005309293690149156	0.03295955175153223	4	0.03826884544168138	0.05037088824398457	6.3534009830741e-05	unsupported	True	0.0003320578894156	-0.0003320578894156
DENND4B	chr1:153946465-153946966	0	-0.010222223825719462	0.01338127384648873	3	0.023603497672208193	0.012240133666261435	3.8659833787045954e-06	unsupported	True	0.0026742830308158	0.0026742830308158
DENND4B	chr1:153986649-153987150	1	-0.008598924024718369	0.011044078708044068	2	0.019643002732762437	0.012147193206481331	2.6351983465425482e-06	unsupported	True	0.0019762188080587	-0.0019762188080587
DENND4B	chr1:153881761-153882262	2	-0.004718538782717327	0.022142249352598415	4	0.02686078813531574	0.019892146972738833	1.1831018894221713e-05	unsupported	True	0.001943579513499	-0.001943579513499
DENND4B	chr1:154018851-154019352	3	0.010017780182510065	0.06758663444217361	1	0.05756885425966354	0.05499353168225586	0.00021397351346446054	unsupported	True	0.0019418858835382	0.0019418858835382
DENND4B	chr1:153783536-153784037	4	-0.009064965176285944	0.007602600701127906	5	0.01666756587741385	0.009236395436061197	1.17040691677684e-06	unsupported	True	0.0015648037595342	-0.0015648037595342
DENND4B	chr1:153945947-153946448	5	-0.017578851822635404	0.019357964197467246	2	0.03693681602010265	0.04614830177293749	3.299703082128259e-05	unsupported	True	0.0015269584764821	0.0015269584764821
DENND4B	chr1:153990431-153990932	6	-0.002315751371654629	0.01852736108292561	1	0.02084311245458024	0.013760747121849267	5.313958413056884e-06	unsupported	True	0.0012465573482299	-0.0012465573482299
DENND4B	chr1:153825289-153825790	7	-0.0029044133614860553	0.018467760468263913	2	0.021372173829749968	0.02525912116083006	9.969678808491907e-06	unsupported	True	0.000974476482297	-0.000974476482297
DENND4B	chr1:153922320-153922821	8	-0.009673974524669178	0.02254555434834987	3	0.03221952887301904	0.02407366248193875	1.7487280295614837e-05	unsupported	True	0.0009091568444585	-0.0009091568444585
DENND4B	chr1:153922853-153923354	9	-0.00939491731316589	0.004277395351928805	1	0.013672312665094695	0.0024797054901706432	1.4501785538615167e-07	unsupported	True	0.0006754746680977	-0.0006754746680977
DENND4B	chr1:153821332-153821833	10	-0.005404797651235441	0.02136765872625587	4	0.02677245637749131	0.02071340415477896	1.1849407564484274e-05	unsupported	True	0.0006222271124855	-0.0006222271124855
DENND4B	chr1:153986133-153986634	11	-0.023263535018996875	0.00197714277674916	3	0.025240677795746035	0.020636978533489805	1.029876522358901e-06	unsupported	True	0.0005170658637908	-0.0005170658637908
DENND4B	chr1:153833615-153834116	12	-0.01938818160157032	0.0034604358086365184	1	0.022848617410206835	0.02791101935115084	2.206817508742785e-06	unsupported	True	0.0003933431841787	0.0003933431841787
DENND4B	chr1:153963369-153963870	13	-0.010196167621115226	0.005022336704386754	5	0.01521850432550198	0.0044291917871220185	3.385339924763817e-07	unsupported	True	0.000357316165272	-0.000357316165272
DENND4B	chr1:153880947-153881448	14	-0.008741503511626645	0.011435454814040175	5	0.02017695832566682	0.0160346620969649	3.699720802541571e-06	unsupported	True	0.0003570294394644	-0.0003570294394644
DENND4B	chr1:153967525-153968026	15	-0.012437195408091906	0.009603040136786506	3	0.02204023554487841	0.017267977384384216	3.6548238203184104e-06	unsupported	True	0.0002685842293374	-0.0002685842293374
DENND4B	chr1:153936386-153936887	16	-0.019076714328153412	0.021638215405425265	1	0.04071492973357868	0.047114646573894164	4.1507929180656e-05	unsupported	True	0.0001604923203945	-0.0001604923203945
DENND4B	chr1:153977462-153977963	17	-0.011155161709519133	0.013447655432335946	3	0.02460281714185508	0.024511082406156185	8.109496702294019e-06	unsupported	True	0.0001575355440911	0.0001575355440911
DENND4B	chr1:153797133-153797634	18	-0.010836151890970102	0.018623031598865403	2	0.029459183489835505	0.01996807256081329	1.0954870090662316e-05	unsupported	True	0.0001539860080121	0.0001539860080121
DENND4B	chr1:153958450-153958951	19	-0.003308638120469461	0.023342690821064174	1	0.026651328941533634	0.02135448892884796	1.328492079079096e-05	unsupported	True	0.0001246863908809	-0.0001246863908809
CLEC9A	chr12:9998584-9999085	0	0.028509584381665534	0.05614343118669681	2	0.027633846805031278	0.05614343118669681	8.71042302873457e-05	unsupported	True	0.0089994617513601	0.0089994617513601
CLEC9A	chr12:9943230-9943731	1	0.01684679217414261	0.03153259851706585	2	0.014685806342923241	0.03153259851706585	1.4602167286881056e-05	unsupported	True	0.003295102527231	0.003295102527231
CLEC9A	chr12:10213233-10213734	2	0.003248328313919976	0.018544148113721504	2	0.01529581979980153	0.018544148113721504	5.260009557794045e-06	unsupported	True	0.0020282677424663	0.0020282677424663
CLEC9A	chr12:10212607-10213108	3	0.00641291215742614	0.012795997777019468	2	0.006383085619593328	0.012795997777019468	1.04515085893908e-06	unsupported	True	0.0017700061837973	0.0017700061837973
CLEC9A	chr12:10191885-10192386	4	0.03346897006856242	0.055602753646722576	2	0.022133783578160156	0.055602753646722576	6.843027085662379e-05	unsupported	True	0.0015111387868928	0.0015111387868928
CLEC9A	chr12:10038376-10038877	5	0.009203475727773911	0.005329749319773786	2	-0.003873726408000125	0.005329749319773786	0.0	unsupported	True	0.0004784003005694	0.0004784003005694
CLEC9A	chr12:10042466-10042967	6	0.018590789836782105	0.018619319695459383	2	2.8529858677277947e-05	0.018619319695459383	9.890704757117444e-09	unsupported	True	0.0001779278856161	0.0001779278856161
CLEC9A	chr12:10139931-10140432	7	0.052936456474951696	0.10745019111509678	2	0.054513734640145084	0.10745019111509678	0.0006293906984877823	unsupported	True	0.0001018097456094	-0.0001018097456094
CLEC9A	chr12:10190722-10191223	8	0.0069593188025693885	0.020803910814473824	2	0.013844592011904435	0.020803910814473824	5.991976874818322e-06	unsupported	True	8.744860546199176e-05	-8.744860546199176e-05
CLEC9A	chr12:10153221-10153722	9	0.0030105713260628075	0.013170441298107781	2	0.010159869972044974	0.013170441298107781	1.7623363689897227e-06	unsupported	True	6.567167241952138e-05	6.567167241952138e-05
CLEC9A	chr12:10068968-10069469	10	3.888681599191259e-05	0.023653521285412576	2	0.023614634469420664	0.023653521285412576	1.3212129858781788e-05	unsupported	True	1.4887681561838188e-05	-1.4887681561838188e-05
CLEC9A	chr12:10009532-10010033	11	0.007572713850098061	0.011575342716039013	2	0.004002628865940952	0.011575342716039013	5.363064739342457e-07	unsupported	True	6.863346098248646e-06	-6.863346098248646e-06
CLEC9A	chr12:9925762-9926263	12	0.023013951057042698	0.061984398186619695	2	0.03897044712957699	0.061984398186619695	0.00014972701505635758	unsupported	True	3.4871497486654783e-06	-3.4871497486654783e-06
CLEC9A	chr12:10101218-10101719	13	-0.007154903704712576	0.0	0	0.007154903704712576	0.0	0.0	unsupported	True	1.7199016576566708e-06	-1.7199016576566708e-06
CLEC9A	chr12:10098762-10099263	14	0.0035641021924096195	0.04464081414444179	2	0.04107671195203217	0.04464081414444179	8.185776554010903e-05	unsupported	True	1.3137737499118189e-06	-1.3137737499118189e-06
CLEC9A	chr12:10010429-10010930	15	0.003048692213197547	0.01374553013396386	2	0.010696837920766313	0.01374553013396386	2.0210562637203256e-06	unsupported	True	4.38966968033712e-07	-4.38966968033712e-07
CLEC9A	chr12:10026897-10027398	16	0.06939864030702872	0.11298023714193917	2	0.04358159683491045	0.11298023714193917	0.0005562987739044775	unsupported	True	1.7286469127347533e-07	-1.7286469127347533e-07
CLEC9A	chr12:9941068-9941569	17	0.0024075334452953617	0.0	0	-0.0024075334452953617	0.0	0.0	unsupported	True	1.557294924618747e-07	-1.557294924618747e-07
CLEC9A	chr12:10160839-10161340	18	-5.09950104739063e-06	0.0061350023991585114	2	0.006140101900205902	0.0061350023991585114	2.3110271759323645e-07	unsupported	True	4.6716239645813137e-08	-4.6716239645813137e-08
CLEC9A	chr12:10131220-10131721	19	-0.008646206933574666	0.0	0	0.008646206933574666	0.0	0.0	unsupported	True	3.6691754192163066e-08	-3.6691754192163066e-08
LCA5L	chr21:39516019-39516520	0	0.006352892450162925	0.09283099099105284	4	0.08647809854088992	0.09283099099105284	0.0007452330469866786	unsupported	True	0.002939137635871	0.002939137635871
LCA5L	chr21:39313387-39313888	1	0.019746852761979707	0.05365853030230404	4	0.03391167754032433	0.04436701123609486	8.073246646446692e-05	unsupported	True	0.0017236123633117	0.0017236123633117
LCA5L	chr21:39556113-39556614	2	0.026758048145583472	0.07450885719859854	2	0.04775080905301507	0.07450885719859854	0.00026509194951400075	unsupported	True	0.0013870876098759	0.0013870876098759
LCA5L	chr21:39582106-39582607	3	-0.00934747516485622	0.007018464883640942	1	0.01636594004849716	0.00761873266241368	8.751163982682841e-07	unsupported	True	0.0013462511538392	0.0013462511538392
LCA5L	chr21:39348432-39348933	4	0.023951227477412164	0.04625063344362901	4	0.022299405966216844	0.039843305113744204	4.109285695751923e-05	unsupported	True	0.0013108047050464	-0.0013108047050464
LCA5L	chr21:39387465-39387966	5	0.011929249310971281	0.02536426062233815	2	0.013435011311366868	0.02084893904928508	7.104674787171778e-06	unsupported	True	0.001225249536891	-0.001225249536891
LCA5L	chr21:39564201-39564702	6	0.026822428325876203	0.06464844074214943	0	0.03782601241627322	0.06464844074214943	0.00015809082649276946	unsupported	True	0.0011911846253726	-0.0011911846253726
LCA5L	chr21:39479326-39479827	7	0.02393088245197707	0.08879423618034404	4	0.06486335372836698	0.08879423618034404	0.0005114096885231245	unsupported	True	0.0011480953039929	-0.0011480953039929
LCA5L	chr21:39373576-39374077	8	0.008718287411400275	0.040309699473174525	1	0.03159141206177425	0.040309699473174525	5.1331996843859425e-05	unsupported	True	0.0008324334182737	0.0008324334182737
LCA5L	chr21:39312269-39312770	9	0.018927677247029224	0.058773276894990074	4	0.03984559964796085	0.05270136750838238	0.00012341903801128966	unsupported	True	0.0008146399724311	0.0008146399724311
LCA5L	chr21:39349083-39349584	10	0.02193104988099302	0.044946157383378045	4	0.023015107502385026	0.029526279082843283	3.0543183149308154e-05	unsupported	True	0.0007111055004008	-0.0007111055004008
LCA5L	chr21:39444730-39445231	11	0.018970821522830274	0.06665678026638285	4	0.04768595874355257	0.06665678026638285	0.00021187474007985067	unsupported	True	0.000674847589357	0.000674847589357
LCA5L	chr21:39562975-39563476	12	0.01596330047288977	0.05454049302263536	4	0.03857719254974559	0.05454049302263536	0.00011475423910261395	unsupported	True	0.000557289831902	-0.000557289831902
LCA5L	chr21:39388486-39388987	13	0.01095249879508784	0.0411578543808573	2	0.030205355585769457	0.0411578543808573	5.116693530867118e-05	unsupported	True	0.0005482178912987	-0.0005482178912987
LCA5L	chr21:39483930-39484431	14	0.0039741128268882394	0.04148379783440767	4	0.03750968500751943	0.04148379783440767	6.455062258626607e-05	unsupported	True	0.000541308620509	0.000541308620509
LCA5L	chr21:39285921-39286422	15	0.02165424087389799	0.05162102195231001	4	0.02996678107841202	0.03878428747765178	5.999602956880231e-05	unsupported	True	0.0004843967077456	0.0004843967077456
LCA5L	chr21:39523786-39524287	16	0.032693562524600456	0.0962145937008189	4	0.06352103117621845	0.0962145937008189	0.0005880299414192159	unsupported	True	0.0003357976652553	-0.0003357976652553
LCA5L	chr21:39480248-39480749	17	0.04830587814008246	0.352150617863256	2	0.30384473972317355	0.352150617863256	0.037679803693206	regional_candidate	True	0.000316123519403	-0.000316123519403
LCA5L	chr21:39385715-39386216	18	0.005323918491292255	0.027572389549870922	2	0.02224847105857867	0.027572389549870922	1.6914103449820864e-05	unsupported	True	0.000228065755539	0.000228065755539
LCA5L	chr21:39436282-39436783	19	0.03534422256749656	0.09397024138013452	2	0.05862601881263796	0.08388300857141624	0.0004621199780618496	unsupported	True	0.0002260382657001	0.0002260382657001
GRM6	chr5:178845496-178845997	0	-0.010562174228570894	0.00617950944456099	1	0.016741683673131884	0.027739002471958464	2.8697493848544926e-06	unsupported	True	0.0058911732960434	0.0058911732960434
GRM6	chr5:178994629-178995130	1	-0.005818135273978352	0.024021499487623287	1	0.02983963476160164	0.03244080040247558	2.3253331218382388e-05	unsupported	True	0.003350860894007	0.003350860894007
GRM6	chr5:179060060-179060561	2	-0.0047117797920184345	0.028361694986019672	1	0.033073474778038105	0.03611696414456626	3.387842762010677e-05	unsupported	True	0.0031796811733332	0.0031796811733332
GRM6	chr5:179023509-179024010	3	-0.0050189370340783	0.044133795972799233	1	0.04915273300687753	0.04890946025941704	0.00010609913025195648	unsupported	True	0.0013401922921733	0.0013401922921733
GRM6	chr5:178829361-178829862	4	-0.0032789694015885884	0.013065317918235819	5	0.01634428731982441	0.013065317918235819	2.7900112342075644e-06	unsupported	True	0.0012159890464478	0.0012159890464478
GRM6	chr5:178859681-178860182	5	-0.005159317448292855	0.03457346433312736	1	0.039732781781420215	0.04730466065876786	6.498240826814593e-05	unsupported	True	0.0007674709661201	0.0007674709661201
GRM6	chr5:178940871-178941372	6	-0.005731430511155618	0.03134438991854328	1	0.037075820429698904	0.03880652005345493	4.509779319523604e-05	unsupported	True	0.0007565564242757	0.0007565564242757
GRM6	chr5:178896244-178896745	7	0.0004404524456171974	0.04446986735190025	1	0.04402941490628305	0.061443328755908744	0.00012030494649907179	unsupported	True	0.0005530421282778	0.0005530421282778
GRM6	chr5:178839286-178839787	8	-0.0013598175897505446	0.09015998890296324	1	0.09151980649271378	0.09845264778596051	0.0008123746134414508	unsupported	True	0.0004841697178827	-0.0004841697178827
GRM6	chr5:179090192-179090693	9	0.002763505090863237	0.04700206138181834	5	0.0442385562909551	0.061020107036747505	0.00012687931226069133	unsupported	True	0.0003380938291808	-0.0003380938291808
GRM6	chr5:178895681-178896182	10	-0.0038223548584817657	0.048388450819164326	1	0.05221080567764609	0.06350368711198266	0.0001604357152950926	unsupported	True	0.0001990744756806	0.0001990744756806
GRM6	chr5:179138190-179138691	11	-0.010110016807341075	0.011159441803448767	4	0.02126945861078984	0.013486692731986657	3.2011378046333114e-06	unsupported	True	0.0001610952491745	0.0001610952491745
GRM6	chr5:179136958-179137459	12	-0.011225223207320386	0.0	2	0.011225223207320386	0.012893467647007061	0.0	unsupported	True	0.0001325981116178	0.0001325981116178
GRM6	chr5:179013587-179014088	13	-0.0015750581652424678	0.02381674925969342	1	0.025391807424935887	0.03353245723484403	2.027876393097508e-05	unsupported	True	0.0001285607159396	-0.0001285607159396
GRM6	chr5:178923589-178924090	14	-0.011404902738819037	0.006805074644663072	4	0.01820997738348211	0.014646594129453022	1.8150096848551077e-06	unsupported	True	4.304810074440157e-05	4.304810074440157e-05
CTSD	chr11:1837659-1838160	0	-0.01537168432259345	0.027165922375143512	0	0.042537606697736964	0.040529553929283174	4.6834871256019186e-05	unsupported	True	0.0024094580038859	0.0024094580038859
CTSD	chr11:1864347-1864848	1	0.02088580783773335	0.05638919489939061	1	0.03550338706165726	0.05006345182866769	0.00010022740166175097	unsupported	True	0.002068225117676	0.002068225117676
CTSD	chr11:1827142-1827643	2	0.0035009336719287474	0.0421398197170346	1	0.038638886045105854	0.0660057438239667	0.00010747290797170632	unsupported	True	0.001891283727219	0.001891283727219
CTSD	chr11:1763774-1764275	3	-0.020123111365593777	0.037409836403707444	0	0.05753294776930122	0.06959980325378785	0.00014979952874902207	unsupported	True	0.0018339862795285	-0.0018339862795285
CTSD	chr11:1832374-1832875	4	0.013290424713013201	0.049095252335951446	5	0.03580482762293825	0.07698905423100304	0.00013533498163078325	unsupported	True	0.0014594103810508	0.0014594103810508
CTSD	chr11:1873214-1873715	5	0.024924057978592266	0.07425191949885944	0	0.04932786152026718	0.06801751865936112	0.00024912697677092804	unsupported	True	0.0013625988066147	0.0013625988066147
CTSD	chr11:1863443-1863944	6	0.024620516794329552	0.055846033068007075	5	0.031225516273677523	0.06288936324244684	0.00010966780578136744	unsupported	True	0.0011213879260472	0.0011213879260472
CTSD	chr11:1882401-1882902	7	-0.007806218903659228	0.03443288492219317	0	0.0422391038258524	0.04862285008389196	7.071776366736652e-05	unsupported	True	0.0009481746703917	0.0009481746703917
CTSD	chr11:1870584-1871085	8	0.018279677354119696	0.05529063121337612	1	0.03701095385925643	0.06568602807745676	0.00013441719477571068	unsupported	True	0.0007544586912676	0.0007544586912676
CTSD	chr11:1693943-1694444	9	-0.0010262116701750686	0.05384883259577556	0	0.05487504426595063	0.07545044565183712	0.00022295282799183238	unsupported	True	0.0006940418591621	0.0006940418591621
CTSD	chr11:1640003-1640504	10	-0.028075030498381007	0.023959462888657763	0	0.05203449338703877	0.05891294973249238	7.344786510089095e-05	unsupported	True	0.0005837238544939	-0.0005837238544939
CTSD	chr11:1888947-1889448	11	0.005145948306044786	0.027175214856679245	0	0.02202926655063446	0.03450460479781428	2.0656183444324283e-05	unsupported	True	0.0005674624021921	0.0005674624021921
CTSD	chr11:1730038-1730539	12	-0.023733070060633403	0.01773804638229488	4	0.04147111644292828	0.029329885161347907	2.1575550019205663e-05	unsupported	True	0.0005435683645717	-0.0005435683645717
CTSD	chr11:1639031-1639532	13	-0.035444081666948096	0.017605010393506596	0	0.05304909206045469	0.03865546771285301	3.610149389060841e-05	unsupported	True	0.0004750648181032	-0.0004750648181032
CTSD	chr11:1693131-1693632	14	-0.007248102145867357	0.05722977802094746	0	0.06447788016681481	0.07006045428405525	0.0002585269134637615	unsupported	True	0.0003646252715283	-0.0003646252715283
CTSD	chr11:1652644-1653145	15	-0.022871323784215514	0.014195720405623181	4	0.037067044189838694	0.03918389537419477	2.061830695907068e-05	unsupported	True	0.0003360170914082	-0.0003360170914082
CTSD	chr11:1632436-1632937	16	0.007918953250118295	0.058394326468481805	0	0.05047537321836351	0.0741766056464652	0.00021863372205493823	unsupported	True	0.0003336347559377	0.0003336347559377
CTSD	chr11:1669814-1670315	17	-0.010821308359126532	0.04449909482199849	0	0.05532040318112502	0.07216558443756918	0.00017765058691843612	unsupported	True	0.0003022075225845	0.0003022075225845
CTSD	chr11:1728238-1728739	18	-0.042100543867083284	0.026820785560637595	0	0.06892132942772088	0.08326500757229531	0.00015391738127201382	unsupported	True	0.0002596775275666	-0.0002596775275666
CTSD	chr11:1673363-1673864	19	-0.008114431572441488	0.0193402136667272	3	0.027454645239168688	0.014642279493281013	7.774738604611226e-06	unsupported	True	0.0002315879796218	-0.0002315879796218
IL9R	chrX:155881036-155881537	0	0.0	0.0	0	0.0	0.0	0.0	unsupported	True	0.0184680891209131	-0.0184680891209131
IL9R	chrX:155874130-155874631	1	0.0	0.0	0	0.0	0.0	0.0	unsupported	True	6.648060817767345e-05	-6.648060817767345e-05
IL9R	chrX:155930349-155930850	2	0.0	0.0	0	0.0	0.0	0.0	unsupported	True	2.0787744366820067e-06	-2.0787744366820067e-06
SPINK8	chr3:48301200-48301701	0	0.006358640514706466	0.026204349054377494	5	0.019845708539671027	0.026204349054377494	1.3627411192776333e-05	unsupported	True	0.0024037265943451	0.0024037265943451
SPINK8	chr3:48400845-48401346	1	0.006645688208214608	0.07410623968379781	3	0.0674605514755832	0.07410623968379781	0.0003704754554721198	unsupported	True	0.0015823844320003	0.0015823844320003
SPINK8	chr3:48428819-48429320	2	0.0043726835956045765	0.05039787101124709	3	0.046025187415642516	0.05039787101124709	0.00011690146317401101	unsupported	True	0.0015314119359059	-0.0015314119359059
SPINK8	chr3:48240878-48241379	3	0.00424283884262841	0.02587103148323515	5	0.02162819264060674	0.02587103148323515	1.4475971456038048e-05	unsupported	True	0.0015007659302013	0.0015007659302013
SPINK8	chr3:48426461-48426962	4	-0.0019741390679169964	0.03816803370571317	3	0.04014217277363017	0.03816803370571317	5.8479069004003236e-05	unsupported	True	0.0014472800702107	-0.0014472800702107
SPINK8	chr3:48194365-48194866	5	0.011020648872787612	0.02238460528840713	3	0.011363956415619518	0.02238460528840713	5.6941439358720315e-06	unsupported	True	0.0013329242094394	0.0013329242094394
SPINK8	chr3:48349085-48349586	6	0.020028238067035676	0.03933617235709574	3	0.01930793429006006	0.03933617235709574	2.9875831995539366e-05	unsupported	True	0.0012768790909902	0.0012768790909902
SPINK8	chr3:48446449-48446950	7	0.009076712850061798	0.03660172009337786	5	0.02752500724331606	0.03660172009337786	3.6874864480947804e-05	unsupported	True	0.0010303845189057	-0.0010303845189057
SPINK8	chr3:48188320-48188821	8	0.004465998699262246	0.028963438758274458	3	0.024497440059012214	0.028963438758274458	2.055043173995109e-05	unsupported	True	0.0009617535825223	0.0009617535825223
SPINK8	chr3:48429409-48429910	9	0.0009826099305791148	0.0499155964978628	3	0.04893298656728368	0.0499155964978628	0.00012191980347078514	unsupported	True	0.0009002984928792	-0.0009002984928792
SPINK8	chr3:48439938-48440439	10	0.005582048893017519	0.03848907440611303	5	0.03290702551309551	0.03848907440611303	4.874875877749905e-05	unsupported	True	0.0008648193501722	-0.0008648193501722
SPINK8	chr3:48232622-48233123	11	-0.0058170883145209915	0.021227875537765797	3	0.027044963852286788	0.021227875537765797	1.2187074628378628e-05	unsupported	True	0.0008335559659282	0.0008335559659282
SPINK8	chr3:48187816-48188317	12	0.002778002464690532	0.05342431639165134	3	0.05064631392696081	0.05342431639165134	0.00014455256089069594	unsupported	True	0.0007970072539755	0.0007970072539755
SPINK8	chr3:48472931-48473432	13	0.006587459893411029	0.03868950867025037	5	0.03210204877683934	0.03868950867025037	4.80528531739106e-05	unsupported	True	0.0006621322110345	-0.0006621322110345
SPINK8	chr3:48399378-48399879	14	-0.002173258470945657	0.02849254076800443	3	0.03066579923895009	0.02849254076800443	2.4895258769368022e-05	unsupported	True	0.0002747184302769	0.0002747184302769
SPINK8	chr3:48376271-48376772	15	0.0010742579256193473	0.011824348501271065	3	0.010750090575651718	0.011824348501271065	1.5030262517591894e-06	unsupported	True	0.0002734256207828	0.0002734256207828
SPINK8	chr3:48465497-48465998	16	-0.0003543570679589274	0.08258743333719372	3	0.08294179040515265	0.08258743333719372	0.0005657197547930343	unsupported	True	0.0002260488809497	0.0002260488809497
SPINK8	chr3:48280755-48281256	17	0.01888031778698224	0.06527172752342683	5	0.046391409736444594	0.06527172752342683	0.00019764588845938452	unsupported	True	0.0002257220180101	-0.0002257220180101
SPINK8	chr3:48273571-48274072	18	0.014674218980873049	0.03647110070023085	5	0.021796881719357803	0.03647110070023085	2.8992930107530484e-05	unsupported	True	0.0002136193036731	-0.0002136193036731
SPINK8	chr3:48373037-48373538	19	-0.004667359175383179	0.02134250758771332	3	0.0260098667630965	0.02134250758771332	1.1847562719962956e-05	unsupported	True	0.0001938981633463	0.0001938981633463
TRIM42	chr3:140568223-140568724	0	0.0	0.0	0	0.0	0.0	0.0	unsupported	True	0.0039158867591223	0.0039158867591223
TRIM42	chr3:140546568-140547069	1	0.0	0.0	0	0.0	0.0	0.0	unsupported	True	0.0032554619839851	0.0032554619839851
TRIM42	chr3:140747535-140748036	2	0.0	0.0	0	0.0	0.0	0.0	unsupported	True	0.0029757392510781	0.0029757392510781
TRIM42	chr3:140848606-140849107	3	0.0	0.0	0	0.0	0.0	0.0	unsupported	True	0.0023026423146198	0.0023026423146198
TRIM42	chr3:140845389-140845890	4	0.0	0.0	0	0.0	0.0	0.0	unsupported	True	0.0020142351166402	0.0020142351166402
TRIM42	chr3:140688632-140689133	5	0.0	0.0	0	0.0	0.0	0.0	unsupported	True	0.0009450101208833	0.0009450101208833
TRIM42	chr3:140529025-140529526	6	0.0	0.0	0	0.0	0.0	0.0	unsupported	True	0.000671088595897	0.000671088595897
TRIM42	chr3:140769881-140770382	7	0.0	0.0	0	0.0	0.0	0.0	unsupported	True	0.0006446210050232	0.0006446210050232
TRIM42	chr3:140708754-140709255	8	0.0	0.0	0	0.0	0.0	0.0	unsupported	True	0.0005250236199568	0.0005250236199568
TRIM42	chr3:140831178-140831679	9	0.0	0.0	0	0.0	0.0	0.0	unsupported	True	0.000242476399626	0.000242476399626
TRIM42	chr3:140681286-140681787	10	0.0	0.0	0	0.0	0.0	0.0	unsupported	True	0.0002366400585995	0.0002366400585995
TRIM42	chr3:140737020-140737521	11	0.0	0.0	0	0.0	0.0	0.0	unsupported	True	0.0002250955785573	0.0002250955785573
TRIM42	chr3:140557977-140558478	12	0.0	0.0	0	0.0	0.0	0.0	unsupported	True	0.0001597530664757	0.0001597530664757
TRIM42	chr3:140842914-140843415	13	0.0	0.0	0	0.0	0.0	0.0	unsupported	True	0.0001394556940697	-0.0001394556940697
TRIM42	chr3:140727783-140728284	14	0.0	0.0	0	0.0	0.0	0.0	unsupported	True	0.0001184421611095	0.0001184421611095
TRIM42	chr3:140597689-140598190	15	0.0	0.0	0	0.0	0.0	0.0	unsupported	True	5.929582120630421e-05	5.929582120630421e-05
TRIM42	chr3:140572982-140573483	16	0.0	0.0	0	0.0	0.0	0.0	unsupported	True	4.901117567970402e-05	-4.901117567970402e-05
TRIM42	chr3:140530156-140530657	17	0.0	0.0	0	0.0	0.0	0.0	unsupported	True	1.8182668735875167e-05	1.8182668735875167e-05
TRIM42	chr3:140751311-140751812	18	0.0	0.0	0	0.0	0.0	0.0	unsupported	True	1.5842323676556744e-05	1.5842323676556744e-05
TRIM42	chr3:140748835-140749336	19	0.0	0.0	0	0.0	0.0	0.0	unsupported	True	1.2327433112767589e-05	-1.2327433112767589e-05
ZNF770	chr15:35078454-35078955	0	0.0022007515987837963	0.034379681613945466	5	0.03217893001516167	0.03347609924910411	3.7034654414629506e-05	unsupported	True	0.0042174183079291	0.0042174183079291
ZNF770	chr15:35014151-35014652	1	0.014052682232901065	0.042655989708141336	4	0.028603307475240272	0.043512044620596525	5.308914960416314e-05	unsupported	True	0.0023730977501516	0.0023730977501516
ZNF770	chr15:35094733-35095234	2	0.007729377889589606	0.06708642696155609	1	0.05935704907196648	0.07193255727049627	0.00028643920780118976	unsupported	True	0.0013526884204246	0.0013526884204246
ZNF770	chr15:35032240-35032741	3	-0.005126483188026138	0.03954190267021566	1	0.044668385858241795	0.05882901037028253	0.0001039080906360483	unsupported	True	0.0012596986393593	0.0012596986393593
ZNF770	chr15:35067417-35067918	4	0.02462539503588284	0.052391907919824454	4	0.027766512883941614	0.04861208654861265	7.071797528554104e-05	unsupported	True	0.0012591121920913	0.0012591121920913
ZNF770	chr15:34953252-34953753	5	-0.0006316839914885316	0.04623658276213103	1	0.04686826675361956	0.06330568363187855	0.00013718522030493145	unsupported	True	0.0011063113830073	0.0011063113830073
ZNF770	chr15:34988073-34988574	6	0.006703064435401185	0.033193301557060406	2	0.02649023712165922	0.02377669533815522	2.0906810859964276e-05	unsupported	True	0.0010000237796565	-0.0010000237796565
ZNF770	chr15:34855332-34855833	7	0.0008013686914721408	0.046917583830199554	5	0.046116215138727414	0.04933154249627296	0.00010673675379366677	unsupported	True	0.0009233726930053	-0.0009233726930053
ZNF770	chr15:34969573-34970074	8	0.006909062667592134	0.023515089711734077	2	0.016606027044141942	0.014484434321602629	5.656058851381721e-06	unsupported	True	0.0008435443942491	-0.0008435443942491
ZNF770	chr15:35043425-35043926	9	0.0009278069177509907	0.03214311407100761	2	0.03121530715325662	0.04410611728611026	4.425418939869244e-05	unsupported	True	0.0007550875311186	0.0007550875311186
ZNF770	chr15:35098657-35099158	10	-0.019634089721567806	0.003591731087381216	1	0.02322582080894902	0.01873000287768607	1.5624737463087254e-06	unsupported	True	0.00070598383099	-0.00070598383099
ZNF770	chr15:34955917-34956418	11	0.013342954177289437	0.05828850808723646	4	0.04494555390994702	0.036077480392869475	9.451611802480594e-05	unsupported	True	0.0006452700416446	0.0006452700416446
ZNF770	chr15:35102834-35103335	12	-0.0022261555330554705	0.031536652482554516	2	0.033762808015609984	0.04214637859708834	4.4876028560383424e-05	unsupported	True	0.0004520657031363	-0.0004520657031363
ZNF770	chr15:34852892-34853393	13	-0.0007987704446129974	0.033312752606522014	0	0.03411152305113501	0.045418474993318005	5.161122630607441e-05	unsupported	True	0.0004511047173389	-0.0004511047173389
ZNF770	chr15:34908629-34909130	14	0.006902176790325547	0.06029266753159635	2	0.05339049074127081	0.079589186660885	0.00025620197783142375	unsupported	True	0.0002806988876901	0.0002806988876901
ZNF770	chr15:35115221-35115722	15	-0.014729756365912769	0.023624126341991795	1	0.03835388270790456	0.04278970303952115	3.877076451137269e-05	unsupported	True	0.0002791371044605	-0.0002791371044605
ZNF770	chr15:34950805-34951306	16	0.0021928964417487614	0.028378088813150334	1	0.026185192371401572	0.027492466960545074	2.0429259460381898e-05	unsupported	True	0.0001827574716613	-0.0001827574716613
ZNF770	chr15:34978938-34979439	17	0.009613508202403483	0.0574094742710348	2	0.04779596606863132	0.05323160814771001	0.0001460644072249224	unsupported	True	0.0001590091183787	-0.0001590091183787
ZNF770	chr15:34841326-34841827	18	-0.00832764716761974	0.0045313515709884174	1	0.012858998738608157	0.007344679273638818	4.2796450288526436e-07	unsupported	True	0.0001446893204983	0.0001446893204983
ZNF770	chr15:35028982-35029483	19	-0.004166972490816185	0.047828622473404	4	0.05199559496422018	0.04645067763290374	0.00011551715351085625	unsupported	True	0.0001339540351576	-0.0001339540351576
CES5A	chr16:56006018-56006519	0	-0.005684907255943185	0.0	0	0.005684907255943185	0.002520292227034595	0.0	unsupported	True	0.0027709154118524	0.0027709154118524
CES5A	chr16:55901548-55902049	1	-0.017806387937769796	0.0	0	0.017806387937769796	0.019824581227353696	0.0	unsupported	True	0.0026235043283771	-0.0026235043283771
CES5A	chr16:56020695-56021196	2	-0.014290225130820339	0.0	0	0.014290225130820339	0.018267725699285666	0.0	unsupported	True	0.0023761343524216	0.0023761343524216
CES5A	chr16:55712250-55712751	3	-0.013523053234330158	0.0	0	0.013523053234330158	0.015483351386442941	0.0	unsupported	True	0.001957720000214	0.001957720000214
CES5A	chr16:56102597-56103098	4	-0.018206313042386586	0.0	0	0.018206313042386586	0.016446511191120908	0.0	unsupported	True	0.0012018341756077	0.0012018341756077
CES5A	chr16:55944234-55944735	5	-0.011480547041143102	0.0	0	0.011480547041143102	0.007756394546907574	0.0	unsupported	True	0.0010807386885463	-0.0010807386885463
CES5A	chr16:55842722-55843223	6	-0.012271284747800046	0.0	0	0.012271284747800046	0.009121479600833886	0.0	unsupported	True	0.0008709006005596	0.0008709006005596
CES5A	chr16:55955127-55955628	7	0.005594259230372808	0.02902524127234817	4	0.02343098204197536	0.02902524127234817	1.973977363803961e-05	unsupported	True	0.0007463884107845	0.0007463884107845
CES5A	chr16:55703308-55703809	8	-0.010877692630885444	0.001691200510539751	4	0.012568893141425196	0.001691200510539751	3.594903493560429e-08	unsupported	True	0.0007112551073949	0.0007112551073949
CES5A	chr16:55862515-55863016	9	-0.014629451473673434	0.0	0	0.014629451473673434	0.019359095435132007	0.0	unsupported	True	0.0006766275867648	0.0006766275867648
CES5A	chr16:55955790-55956291	10	-0.008488219167303867	0.0	0	0.008488219167303867	0.009161282558062594	0.0	unsupported	True	0.0006109424327714	0.0006109424327714
CES5A	chr16:55706988-55707489	11	-0.0066169210396737205	0.005545324890143851	4	0.012162245929817572	0.005545324890143851	3.739967019015893e-07	unsupported	True	0.0005500859640996	-0.0005500859640996
CES5A	chr16:55911941-55912442	12	-0.01011695350764389	0.00633703070638233	4	0.016453984214026218	0.00633703070638233	6.607584098564748e-07	unsupported	True	0.0005146514126715	0.0005146514126715
CES5A	chr16:56047455-56047956	13	-0.004700274354094134	0.01873608310501563	5	0.023436357459109762	0.01873608310501563	8.227117908662144e-06	unsupported	True	0.0004802967374652	-0.0004802967374652
CES5A	chr16:56067331-56067832	14	-0.0141547480518537	0.0	0	0.0141547480518537	0.014947246221384302	0.0	unsupported	True	0.0003875193629239	0.0003875193629239
CES5A	chr16:56102058-56102559	15	-0.009593942614712107	0.0	0	0.009593942614712107	0.014048713800459895	0.0	unsupported	True	0.0002485891137878	0.0002485891137878
CES5A	chr16:55760646-55761147	16	-0.015096676195729158	0.0	0	0.015096676195729158	0.021329678067389946	0.0	unsupported	True	0.0002461955050398	-0.0002461955050398
CES5A	chr16:55915057-55915558	17	-0.007674968217104404	0.0	0	0.007674968217104404	0.006213647936621894	0.0	unsupported	True	0.0001741910481269	-0.0001741910481269
CES5A	chr16:55878222-55878723	18	-0.009934629458595313	0.0	0	0.009934629458595313	0.019658446682430917	0.0	unsupported	True	0.0001735446525074	0.0001735446525074
CES5A	chr16:56018753-56019254	19	-0.007219148117962266	0.003281425612638666	5	0.010500573730600931	0.003281425612638666	1.1306759532845349e-07	unsupported	True	0.0001214790269226	0.0001214790269226
CLN8	chr8:1763479-1763980	0	-0.005972364387361084	0.07078622996460296	3	0.07675859435196404	0.0825398384908535	0.00044847621021186463	unsupported	True	0.0026983823215876	-0.0026983823215876
CLN8	chr8:1892323-1892824	1	0.007459439176065577	0.05668828356926932	3	0.04922884439320374	0.06786632463788034	0.00018939446331290422	unsupported	True	0.0016083645294962	0.0016083645294962
CLN8	chr8:1735369-1735870	2	0.0032239910599233114	0.06319009958904193	3	0.059966108529118614	0.06766945922482856	0.0002564174707725529	unsupported	True	0.0014846793845694	0.0014846793845694
CLN8	chr8:1914828-1915329	3	-0.010573329391273178	0.03427138979075613	3	0.044844719182029306	0.054031395795629836	8.304035787286142e-05	unsupported	True	0.0013408187949712	0.0013408187949712
CLN8	chr8:1823590-1824091	4	0.001782196669658651	0.056237171681660446	3	0.0544549750120018	0.053997819068700485	0.0001653625851777623	unsupported	True	0.0012056346944876	-0.0012056346944876
CLN8	chr8:1829973-1830474	5	0.015086330529591109	0.08884563181485727	3	0.07375930128526617	0.08494888368107623	0.0005566863215793312	unsupported	True	0.0010890825004776	0.0010890825004776
CLN8	chr8:1786914-1787415	6	-0.004831333697848172	0.10776733163673892	3	0.1125986653345871	0.12307820627634711	0.0014934872889558048	unsupported	True	0.0009925615109618	0.0009925615109618
CLN8	chr8:1746116-1746617	7	-0.009248101441741001	0.009356245292119075	3	0.018604346733860078	0.02472734995304529	4.304211458747648e-06	unsupported	True	0.0009291983904761	0.0009291983904761
CLN8	chr8:1863263-1863764	8	0.01727072826419587	0.10581079377507342	3	0.08854006551087755	0.08318616420040499	0.0007793291311545991	unsupported	True	0.0009053642449812	-0.0009053642449812
CLN8	chr8:1695698-1696199	9	-0.006515970380211156	0.08851342061464347	3	0.09502939099485462	0.10280632584616115	0.000864742708738028	unsupported	True	0.0008109734216723	0.0008109734216723
CLN8	chr8:1633219-1633720	10	-0.011480523505753354	0.0345172638643259	3	0.04599778737007926	0.046687909418518976	7.412722313978373e-05	unsupported	True	0.0007563423819578	0.0007563423819578
CLN8	chr8:1899675-1900176	11	-0.004346269870552595	0.028829060251791723	0	0.03317533012234432	0.039669755054285036	3.794069288437482e-05	unsupported	True	0.0006883609743307	0.0006883609743307
CLN8	chr8:1872887-1873388	12	-0.001026342604587976	0.02041435532297157	4	0.021440697927559548	0.02938416702513543	1.28613918986098e-05	unsupported	True	0.0006244721055598	0.0006244721055598
CLN8	chr8:1826536-1827037	13	0.013113420618202214	0.05248084507598892	4	0.03936742445778671	0.05314159450284622	0.00010979243161089128	unsupported	True	0.000611451941211	0.000611451941211
CLN8	chr8:1912062-1912563	14	-0.005607461809843396	0.057218556604316136	3	0.06282601841415954	0.07714254299134288	0.00027731310054962034	unsupported	True	0.0005705562624206	0.0005705562624206
CLN8	chr8:1799852-1800353	15	0.009245354110868314	0.09576230417107096	0	0.08651695006020264	0.09121007949453966	0.0007556812081129102	unsupported	True	0.0004966773023734	0.0004966773023734
CLN8	chr8:1813404-1813905	16	-0.007956799529458745	0.03553614087133158	3	0.043492940400790325	0.07166688275136165	0.00011076627405864246	unsupported	True	0.0004934335441049	-0.0004934335441049
CLN8	chr8:1748739-1749240	17	-0.014410332182086188	0.046364502778926064	3	0.060774834961012256	0.07075797225586378	0.00019938146074677983	unsupported	True	0.0004890498910199	0.0004890498910199
CLN8	chr8:1701221-1701722	18	-0.006221009124676415	0.023218326813342547	4	0.02943933593801896	0.033865009243303705	2.31478216627011e-05	unsupported	True	0.0003725983528859	0.0003725983528859
CLN8	chr8:1899151-1899652	19	0.007421273615831642	0.08147014128635457	3	0.07404886767052293	0.09778952610371866	0.0005899418867313489	unsupported	True	0.0003540272430163	0.0003540272430163
SOWAHA	chr5:132819357-132819858	0	-0.008563088087221397	0.016753744595239255	3	0.02531683268246065	0.025301455144264677	1.0731656444660002e-05	unsupported	True	0.0095524405960904	0.0095524405960904
SOWAHA	chr5:132883169-132883670	1	0.008123270320528276	0.04806623372848679	1	0.03994296340795851	0.050442958326605995	9.684582990172571e-05	unsupported	True	0.0016066717022267	0.0016066717022267
SOWAHA	chr5:132770701-132771202	2	-0.008121941049751467	0.039013664987796404	1	0.04713560603754787	0.0633309384549558	0.00011646133636629377	unsupported	True	0.0014164764305829	0.0014164764305829
SOWAHA	chr5:132736843-132737344	3	0.008949308324593796	0.08274627754441141	1	0.07379696921981761	0.09100554802537375	0.0005557185078249989	unsupported	True	0.000739245717538	0.000739245717538
SOWAHA	chr5:132753564-132754065	4	-0.01637005027279852	0.0006020765505535734	3	0.016972126823352095	0.016344967394777307	1.6702136924948917e-07	unsupported	True	0.0006548797098032	-0.0006548797098032
SOWAHA	chr5:132737376-132737877	5	0.005508244248029459	0.06763927918286208	1	0.06213103493483262	0.07493663187558892	0.00031492107689821616	unsupported	True	0.0005602921034656	0.0005602921034656
SOWAHA	chr5:132813013-132813514	6	-0.0035605941371336593	0.04431302357511486	1	0.04787361771224852	0.058745917643965306	0.00012462504366951658	unsupported	True	0.0004998949507448	0.0004998949507448
SOWAHA	chr5:132776257-132776758	7	-0.012150624428544463	0.027157202333009136	3	0.0393078267615536	0.04113052784855638	4.390645204198675e-05	unsupported	True	0.0004655790053723	-0.0004655790053723
SOWAHA	chr5:132886450-132886951	8	-0.01134840872392897	0.03569670054226949	2	0.04704510926619846	0.05183516268175928	8.704964882377421e-05	unsupported	True	0.0004161347474937	0.0004161347474937
SOWAHA	chr5:132883826-132884327	9	-0.012778074593266959	0.03680250227327431	3	0.049580576866541264	0.05900249834931564	0.00010766122698887306	unsupported	True	0.0003712513599599	-0.0003712513599599
SOWAHA	chr5:132779873-132780374	10	0.007822098277613695	0.09136702723476074	3	0.08354492895714705	0.1093423591999437	0.0008346377601085605	unsupported	True	0.0003600258225871	-0.0003600258225871
SOWAHA	chr5:132963432-132963933	11	-0.0025026641983864942	0.036480468056816845	3	0.03898313225520334	0.049883944603323196	7.094110051097241e-05	unsupported	True	0.0002520154078534	-0.0002520154078534
SOWAHA	chr5:132777108-132777609	12	-0.015020129615689333	0.019006544847203148	3	0.03402667446289248	0.03674648763014582	2.3765038092871028e-05	unsupported	True	0.0002404518366122	-0.0002404518366122
SOWAHA	chr5:132790165-132790666	13	-0.02038380682724911	0.005366926008280273	3	0.025750732835529384	0.02791152566216046	3.85743642302868e-06	unsupported	True	0.0002371165507271	-0.0002371165507271
SOWAHA	chr5:132797739-132798240	14	-0.011719473368787054	0.029588314744082297	3	0.04130778811286935	0.05005575606484568	6.117953841775585e-05	unsupported	True	0.0002337075394513	-0.0002337075394513
SOWAHA	chr5:132830380-132830881	15	-0.004450006979753286	0.02451236838609476	3	0.028962375365848045	0.029311456417584134	2.0809270267128332e-05	unsupported	True	0.0002281601489974	-0.0002281601489974
SOWAHA	chr5:132767689-132768190	16	-0.020245537419870986	0.0011914895397884709	3	0.021437026959659457	0.021731553481157607	5.550671952962216e-07	unsupported	True	0.0002143480622861	-0.0002143480622861
SOWAHA	chr5:132829849-132830350	17	-0.003915705194987375	0.038434137312076684	3	0.042349842507064056	0.04944713168301128	8.048409058770547e-05	unsupported	True	0.0001759505834985	0.0001759505834985
SOWAHA	chr5:132807251-132807752	18	-0.021255941745782995	0.011947455725798634	3	0.03320339747158163	0.03709024313381314	1.4713555586951204e-05	unsupported	True	0.0001513743275753	-0.0001513743275753
SOWAHA	chr5:132825505-132826006	19	-0.019085559994688903	0.022546940711370672	1	0.041632500706059575	0.03738421314481576	3.509201974575423e-05	unsupported	True	0.0001451045536551	-0.0001451045536551
NCKIPSD	chr3:48556754-48557255	0	0.011467447635125196	0.04356095396184443	0	0.032093506326719236	0.029759408102248242	4.160435935967856e-05	unsupported	True	0.0024451059185849	-0.0024451059185849
NCKIPSD	chr3:48663364-48663865	1	0.017180212866054746	0.06315774733022386	4	0.04597753446416912	0.04442131865351753	0.0001289922911078574	unsupported	True	0.0017174570555392	0.0017174570555392
NCKIPSD	chr3:48635295-48635796	2	0.0068484405784946766	0.05072042454580359	0	0.04387198396730892	0.04247090190586023	9.45064909872089e-05	unsupported	True	0.0015304137857957	-0.0015304137857957
NCKIPSD	chr3:48594836-48595337	3	0.006474417142697272	0.03703500578149559	0	0.03056058863879832	0.028026724463469307	3.1720971211008156e-05	unsupported	True	0.001513683622897	0.001513683622897
NCKIPSD	chr3:48594280-48594781	4	0.014817842367896383	0.047301652920298046	0	0.03248381055240166	0.03852045633736385	5.918814233103415e-05	unsupported	True	0.0015080471059527	0.0015080471059527
NCKIPSD	chr3:48588600-48589101	5	0.01355985582138644	0.05943577957779964	0	0.0458759237564132	0.043077649676296244	0.0001174585907127215	unsupported	True	0.0014072328370863	0.0014072328370863
NCKIPSD	chr3:48663883-48664384	6	0.011693700349953647	0.04582638365565333	0	0.034132683305699685	0.030377360239412877	4.751558158429716e-05	unsupported	True	0.0012519428450588	0.0012519428450588
NCKIPSD	chr3:48717070-48717571	7	0.00931612766218701	0.041737540063985876	4	0.03242141240179887	0.026584899445328256	3.597442005519704e-05	unsupported	True	0.0008907616053149	-0.0008907616053149
NCKIPSD	chr3:48609443-48609944	8	0.011068584245861341	0.04539361906351173	0	0.03432503481765038	0.03271368025738732	5.0972413766527537e-05	unsupported	True	0.0008606891947935	-0.0008606891947935
NCKIPSD	chr3:48758490-48758991	9	0.012811149584610848	0.07125797127123716	4	0.058446821686626314	0.06993795822178489	0.00029127774412654066	unsupported	True	0.0008468584825881	0.0008468584825881
NCKIPSD	chr3:48785873-48786374	10	-0.005265557844908418	0.043313132774882926	0	0.048578690619791344	0.05429620841079454	0.00011424439566774359	unsupported	True	0.0006539878895924	0.0006539878895924
NCKIPSD	chr3:48685687-48686188	11	0.01044314474841611	0.042628725943424484	0	0.032185581195008375	0.034844640382683895	4.780790309773914e-05	unsupported	True	0.000631857308686	-0.000631857308686
NCKIPSD	chr3:48705923-48706424	12	-0.002088219306121112	0.04147503826086461	0	0.04356325756698572	0.04645039778960191	8.392601084034798e-05	unsupported	True	0.0005603722214025	0.0005603722214025
NCKIPSD	chr3:48739854-48740355	13	-0.01589337363359179	0.026970320321419848	4	0.042863693955011634	0.03574644960312911	4.13245957038776e-05	unsupported	True	0.0005169675879144	0.0005169675879144
NCKIPSD	chr3:48662723-48663224	14	0.02072666749215297	0.04315451080719824	4	0.02242784331504527	0.015736651389477385	1.5230916434883477e-05	unsupported	True	0.0004442194122407	0.0004442194122407
NCKIPSD	chr3:48824009-48824510	15	-0.010477754081114902	0.011405753177088236	3	0.021883507258203136	0.029255992718612997	7.302233831131293e-06	unsupported	True	0.0004356955228685	0.0004356955228685
NCKIPSD	chr3:48598356-48598857	16	0.015408768355627328	0.05183848799714861	0	0.03642971964152128	0.04531615760117193	8.557782278136384e-05	unsupported	True	0.0003426303340437	0.0003426303340437
NCKIPSD	chr3:48824812-48825313	17	0.0021488943010795894	0.017485375734501093	0	0.015336481433421503	0.006491830511537474	1.7408761481554225e-06	unsupported	True	0.0003417580939355	0.0003417580939355
NCKIPSD	chr3:48735460-48735961	18	0.0026739759704309464	0.050118862371960816	4	0.04744488640152987	0.04506280531080416	0.00010715411165835416	unsupported	True	0.0003303645326051	0.0003303645326051
NCKIPSD	chr3:48548638-48549139	19	-0.015863882881285558	0.013899022878646703	4	0.029762905759932262	0.02672601568770598	1.1055892773691527e-05	unsupported	True	0.0002868393484927	-0.0002868393484927
PRXL2C	chr9:96686701-96687202	0	0.0114920451009786	0.08640731014531758	5	0.07491526504433899	0.0920071273734511	0.0005955829789030413	unsupported	True	0.0033325137964463	0.0033325137964463
PRXL2C	chr9:96721624-96722125	1	-0.006674468083467475	0.09713216543695881	5	0.10380663352042628	0.11257847939677988	0.001135124653674863	unsupported	True	0.0022030556966704	0.0022030556966704
PRXL2C	chr9:96557455-96557956	2	0.0009591226864445397	0.09349279365148276	4	0.09253367096503823	0.09970608285366658	0.000862580395287922	unsupported	True	0.0018101125029722	0.0018101125029722
PRXL2C	chr9:96554163-96554664	3	-0.010159531365937042	0.04740680069635942	5	0.057566332062296464	0.06805726893208217	0.00018573071185724158	unsupported	True	0.0017700284762624	0.0017700284762624
PRXL2C	chr9:96656700-96657201	4	0.029260489595073325	0.09286522154601204	5	0.06360473195093871	0.08231775825874824	0.0004862236293553186	unsupported	True	0.0015233530492203	0.0015233530492203
PRXL2C	chr9:96719985-96720486	5	0.0072251749458693455	0.08256859014695614	5	0.0753434152010868	0.09344350955754634	0.0005813120327777659	unsupported	True	0.0013692166157173	0.0013692166157173
PRXL2C	chr9:96666714-96667215	6	-0.0015897975495663035	0.027652778214243917	4	0.02924257576381022	0.042249035319224554	3.416419494193835e-05	unsupported	True	0.0009224765232099	0.0009224765232099
PRXL2C	chr9:96619067-96619568	7	0.026693881857261657	0.08150307015998502	4	0.05480918830272337	0.0918925653454319	0.0004104948518230151	unsupported	True	0.0007410445740305	-0.0007410445740305
PRXL2C	chr9:96619639-96620140	8	0.020006327811034817	0.07808595099437053	5	0.05807962318333572	0.08465887354850737	0.0003839451442485288	unsupported	True	0.0007000715481075	0.0007000715481075
PRXL2C	chr9:96655107-96655608	9	0.01145661064663699	0.07345266989546904	4	0.06199605924883206	0.10222990349907378	0.00046553208868568954	unsupported	True	0.0006156559337432	0.0006156559337432
PRXL2C	chr9:96510158-96510659	10	0.02488938941627147	0.06766310215176793	4	0.04277371273549646	0.07798499555280523	0.0002257043374476235	unsupported	True	0.0005931532532028	0.0005931532532028
PRXL2C	chr9:96777844-96778345	11	0.008740202194294803	0.0929098309760051	5	0.08416962878171029	0.10497237655362154	0.0008209035077711061	unsupported	True	0.0005794411494409	0.0005794411494409
PRXL2C	chr9:96566728-96567229	12	0.017587967615490068	0.07353805552765313	4	0.05595008791216306	0.09558992626970227	0.0003933009922437336	unsupported	True	0.0005411397021959	0.0005411397021959
PRXL2C	chr9:96654343-96654844	13	0.016129724488875178	0.06856221291725124	4	0.05243248842837607	0.09626019470670863	0.0003460445644810391	unsupported	True	0.0004996572031666	0.0004996572031666
PRXL2C	chr9:96742089-96742590	14	0.026382552548135964	0.08787933719829416	5	0.0614967846501582	0.0843378741917661	0.0004557868930611891	unsupported	True	0.0004494678000077	0.0004494678000077
PRXL2C	chr9:96712999-96713500	15	-0.0004387086429934443	0.0349322158767413	4	0.035370924519734746	0.051673574924335094	6.384708224394013e-05	unsupported	True	0.0002553922422418	0.0002553922422418
PRXL2C	chr9:96602820-96603321	16	0.01781001272513697	0.05051456979345886	5	0.03270455706832189	0.04063122519173998	6.712508498708686e-05	unsupported	True	0.0001770623116855	-0.0001770623116855
PRXL2C	chr9:96605376-96605877	17	-0.005730299321950072	0.0355838624699923	1	0.041314161791942375	0.05709672148667462	8.393888666771972e-05	unsupported	True	0.0001553922332667	-0.0001553922332667
PRXL2C	chr9:96571319-96571820	18	-0.008403469768574983	0.044600644135841284	4	0.05300411390441627	0.07198645351505575	0.00017017724465390145	unsupported	True	0.0001479623759996	0.0001479623759996
PRXL2C	chr9:96493121-96493622	19	0.027251287635458143	0.08147281327895763	5	0.05422152564349948	0.09459962008985523	0.0004179014118957118	unsupported	True	0.0001303032536514	0.0001303032536514
RGL4	chr22:23767737-23768238	0	0.011176121298657485	0.02813832553998855	0	0.016962204241331064	0.02813832553998855	1.343008581867681e-05	unsupported	True	0.0035212957601929	0.0035212957601929
RGL4	chr22:23773209-23773710	1	0.013769096251795876	0.03200170572248133	0	0.018232609470685453	0.03200170572248133	1.8672182536429e-05	unsupported	True	0.0028748018055133	0.0028748018055133
RGL4	chr22:23556747-23557248	2	0.017066229616926432	0.03372860587841976	0	0.01666237626149333	0.03372860587841976	1.8955433395877563e-05	unsupported	True	0.0017067668004414	0.0017067668004414
RGL4	chr22:23838962-23839463	3	0.010885424688273049	0.023612480081299826	0	0.012727055393026777	0.023612480081299826	7.095959751149771e-06	unsupported	True	0.0011874574095099	0.0011874574095099
RGL4	chr22:23538084-23538585	4	0.01426771583197704	0.02712493566460713	0	0.01285721983263009	0.02712493566460713	9.459855511765503e-06	unsupported	True	0.0011716085974902	0.0011716085974902
RGL4	chr22:23768248-23768749	5	0.015142074486486426	0.05744416012321287	0	0.042302085636726446	0.05744416012321287	0.0001395897560644886	unsupported	True	0.0009400998915734	0.0009400998915734
RGL4	chr22:23684608-23685109	6	-0.0026226477320737142	0.004078625263549733	0	0.006701272995623448	0.004078625263549733	1.1147690958760182e-07	unsupported	True	0.0009051673047988	-0.0009051673047988
RGL4	chr22:23545536-23546037	7	0.005730211272854019	0.01970425413454525	0	0.013974042861691231	0.01970425413454525	5.425528776955142e-06	unsupported	True	0.0008282040879869	0.0008282040879869
RGL4	chr22:23787102-23787603	8	0.015079086378191907	0.02581133064773875	0	0.010732244269546842	0.02581133064773875	7.1500871826351255e-06	unsupported	True	0.0007596962614047	0.0007596962614047
RGL4	chr22:23541638-23542139	9	-0.0010578786372140159	0.00609140141857415	0	0.007149280055788166	0.00609140141857415	2.6527526072851627e-07	unsupported	True	0.000679091977262	0.000679091977262
RGL4	chr22:23750875-23751376	10	0.012882792279682719	0.023551908818322673	0	0.010669116538639955	0.023551908818322673	5.918077954576815e-06	unsupported	True	0.0006328183345573	0.0006328183345573
RGL4	chr22:23553877-23554378	11	0.0018418624439228359	0.0018620439864129802	0	2.018154249014436e-05	0.0018620439864129802	6.997360168592675e-11	unsupported	True	0.0006078281945517	0.0006078281945517
RGL4	chr22:23684023-23684524	12	0.010871562706013133	0.0645851683302755	0	0.05371360562426237	0.0645851683302755	0.00022405255347316482	unsupported	True	0.0004871258041114	-0.0004871258041114
RGL4	chr22:23540797-23541298	13	0.019058792861815426	0.037311019632909	0	0.01825222677109357	0.037311019632909	2.54091473105385e-05	unsupported	True	0.0004748289239863	-0.0004748289239863
RGL4	chr22:23717122-23717623	14	0.01412220309773913	0.028328251611173173	0	0.014206048513434042	0.028328251611173173	1.140020958928625e-05	unsupported	True	0.0004706904617175	0.0004706904617175
RGL4	chr22:23772550-23773051	15	0.010438436080228897	0.020857156442108553	0	0.010418720361879656	0.020857156442108553	4.532361888520583e-06	unsupported	True	0.000311899124249	0.000311899124249
RGL4	chr22:23539526-23540027	16	0.005595743879576028	0.01618216798566248	0	0.010586424106086453	0.01618216798566248	2.7721881252475034e-06	unsupported	True	0.0002743879505886	-0.0002743879505886
RGL4	chr22:23698625-23699126	17	0.004448516498004281	0.008667243276409792	0	0.004218726778405512	0.008667243276409792	3.1691542155824963e-07	unsupported	True	0.0002406286658182	-0.0002406286658182
RGL4	chr22:23781049-23781550	18	-0.0011146545330146152	0.0011010637751412294	0	0.002215718308155845	0.0011010637751412294	2.6862071175379006e-09	unsupported	True	0.0002261977060899	-0.0002261977060899
RGL4	chr22:23789669-23790170	19	0.0032537171061292644	0.023384218296187337	0	0.020130501190058072	0.023384218296187337	1.1007794184549136e-05	unsupported	True	0.0002157773739269	0.0002157773739269
GPX4	chr19:1082198-1082699	0	-0.007382294815287419	0.03127173983853866	5	0.03865403465382608	0.06824419400850396	8.249214281624052e-05	unsupported	True	0.0029550795519262	0.0029550795519262
GPX4	chr19:1250785-1251286	1	-0.05203451026092084	-0.009237033904552947	4	0.042797476356367894	0.03643519300928	0.0	unsupported	True	0.0019496674432869	-0.0019496674432869
GPX4	chr19:1039789-1040290	2	-0.01614728663936013	0.021723387728436815	1	0.037870674367796946	0.04028026722411114	3.313774376890934e-05	unsupported	True	0.0015852038173435	0.0015852038173435
GPX4	chr19:1074736-1075237	3	0.01614099937240535	0.08489320607553989	1	0.06875220670313455	0.07529171363431612	0.00043944725829773274	unsupported	True	0.0014812048468351	0.0014812048468351
GPX4	chr19:1244312-1244813	4	-0.04976756734038749	-0.004412871206726379	5	0.04535469613366111	0.03503131272631299	0.0	unsupported	True	0.0012990558999711	-0.0012990558999711
GPX4	chr19:982615-983116	5	-0.039446062876623486	-0.00920962279096134	4	0.030236440085662147	0.028751733991131276	0.0	unsupported	True	0.0010704719017086	-0.0010704719017086
GPX4	chr19:1064845-1065346	6	-0.004474791688563084	0.04658407022675915	5	0.05105886191532223	0.06618359717571104	0.00015741964552326394	unsupported	True	0.0009937899041102	0.0009937899041102
GPX4	chr19:1249445-1249946	7	-0.03741816184555627	-0.007884037146329176	4	0.029534124699227095	0.027641217246873656	0.0	unsupported	True	0.0009175459513957	-0.0009175459513957
GPX4	chr19:1248864-1249365	8	-0.03914028959036479	-0.004805883619849607	4	0.03433440597051518	0.03308621152701948	0.0	unsupported	True	0.0009048386204995	-0.0009048386204995
GPX4	chr19:1040861-1041362	9	-0.023093803517444333	0.008243522152918294	5	0.031337325670362626	0.03966356909103771	1.0246287359093682e-05	unsupported	True	0.0007971369372454	0.0007971369372454
GPX4	chr19:1237758-1238259	10	-0.042445357602950935	-0.016699275599298305	5	0.02574608200365263	0.011280170671317633	0.0	unsupported	True	0.0006246457538123	-0.0006246457538123
GPX4	chr19:1103677-1104178	11	-0.03137716973953061	-0.005570299839905326	4	0.02580686989962528	0.014208872747532353	0.0	unsupported	True	0.0005684252363172	-0.0005684252363172
GPX4	chr19:1083146-1083647	12	-0.012313686170567812	0.048997893143076794	1	0.06131157931364461	0.07074304208713497	0.00021252187594184786	unsupported	True	0.000563556225295	0.000563556225295
GPX4	chr19:1211257-1211758	13	-0.024879613129348343	0.007348380056894745	4	0.03222799318624309	0.03631742202724297	8.600820535455612e-06	unsupported	True	0.0005188621062849	-0.0005188621062849
GPX4	chr19:1205397-1205898	14	-0.03096768073449097	0.005377549409679732	4	0.0363452301441707	0.03562705054017388	6.963245425574016e-06	unsupported	True	0.0004554896759947	-0.0004554896759947
GPX4	chr19:984056-984557	15	-0.022582280661188343	0.013933084614287751	4	0.036515365275476094	0.03327447696547266	1.6929111350686233e-05	unsupported	True	0.0004210438017745	-0.0004210438017745
GPX4	chr19:1241452-1241953	16	-0.03056644129376679	-0.0029499790316469135	4	0.027616462262119876	0.014730403341088258	0.0	unsupported	True	0.0003986229242254	-0.0003986229242254
GPX4	chr19:1236511-1237012	17	-0.044016041196543676	-0.012398157615025968	4	0.03161788358151771	0.025794629712884362	0.0	unsupported	True	0.0003933620476755	-0.0003933620476755
GPX4	chr19:1113221-1113722	18	-0.03408037901564442	0.029363012917858384	5	0.0634433919335028	0.05380191735504959	0.00010022700738490877	unsupported	True	0.0003276956495015	-0.0003276956495015
GPX4	chr19:1131604-1132105	19	-0.038692794802182774	0.0037539370596187285	5	0.0424467318618015	0.015095228700187143	2.4053093627438338e-06	unsupported	True	0.0002880624156621	0.0002880624156621
DCTN5	chr16:23508760-23509261	0	-1.64454005492149e-05	0.057281441480018305	4	0.05729788688056752	0.07049356315625077	0.0002313673151759732	unsupported	True	0.004729037654124	0.004729037654124
DCTN5	chr16:23678558-23679059	1	-0.017976907657359112	0.018370258352362934	5	0.03634716600972204	0.02888650243493654	1.9287714969891353e-05	unsupported	True	0.0026573093526906	0.0026573093526906
DCTN5	chr16:23735191-23735692	2	-0.006738817316538833	0.042550854488146016	4	0.04928967180468485	0.06699768524266983	0.00014051542795147408	unsupported	True	0.0018884434181388	0.0018884434181388
DCTN5	chr16:23754637-23755138	3	-0.004282149986695234	0.05274879041582929	5	0.05703094040252452	0.06967257158317311	0.00020959691137270605	unsupported	True	0.0016372339378728	0.0016372339378728
DCTN5	chr16:23727766-23728267	4	-0.012327003275984811	0.04784394831915122	5	0.060170951595136024	0.07078008843644921	0.00020376284388326147	unsupported	True	0.0015440862180985	0.0015440862180985
DCTN5	chr16:23497202-23497703	5	-0.00293891401536476	0.02969641670563669	3	0.03263533072100145	0.03263129612480633	3.162469831545218e-05	unsupported	True	0.0006033957263643	0.0006033957263643
DCTN5	chr16:23666558-23667059	6	-0.01106605206156721	0.009260784433741552	5	0.02032683649530876	0.02743035107734581	5.163556518671398e-06	unsupported	True	0.0005930566914529	-0.0005930566914529
DCTN5	chr16:23803533-23804034	7	-0.017094093922969615	0.003601902584751581	5	0.020695996507721196	0.012790482501609506	9.534660488658131e-07	unsupported	True	0.0005598533514189	-0.0005598533514189
DCTN5	chr16:23752526-23753027	8	-0.0025788890270481654	0.041703048158544156	0	0.04428193718559232	0.06859949058212965	0.00012668211392991767	unsupported	True	0.0004467626861454	0.0004467626861454
DCTN5	chr16:23792460-23792961	9	-0.03210970890684094	0.010473279785859598	5	0.04258298869270054	0.043040906400177686	1.9195536433721274e-05	unsupported	True	0.0004415792855825	-0.0004415792855825
DCTN5	chr16:23502474-23502975	10	-0.009787360506318853	0.03649821988514262	5	0.04628558039146147	0.06212825759168238	0.00010495583086508535	unsupported	True	0.000428593050581	-0.000428593050581
DCTN5	chr16:23630965-23631466	11	-0.016988080512678628	0.013629309553314827	2	0.030617390065993455	0.030172587293334965	1.2590836230189774e-05	unsupported	True	0.0004218810570191	0.0004218810570191
DCTN5	chr16:23805959-23806460	12	-0.02907353192905824	0.0025264148686364317	3	0.03159994679769467	0.011440576653568077	9.133535799013974e-07	unsupported	True	0.0004116028631014	-0.0004116028631014
DCTN5	chr16:23641140-23641641	13	-0.010128538431293199	0.02339976998430378	5	0.03352830841559698	0.030633719156843757	2.4033828492712262e-05	unsupported	True	0.0004071630341168	0.0004071630341168
DCTN5	chr16:23694882-23695383	14	-0.022927461685644884	0.022036645253390975	5	0.04496410693903586	0.03928700970870612	3.892785076340809e-05	unsupported	True	0.0003796231109996	0.0003796231109996
DCTN5	chr16:23742795-23743296	15	-0.00260051139127418	0.04949540948947002	5	0.0520959208807442	0.06682938154913073	0.00017232015756013587	unsupported	True	0.0003039422905648	0.0003039422905648
DCTN5	chr16:23557163-23557664	16	-0.017617190272604943	0.022865476550950014	5	0.04048266682355496	0.038221487148905296	3.5379928611700516e-05	unsupported	True	0.0002960986567801	0.0002960986567801
DCTN5	chr16:23510260-23510761	17	-0.0174338379314766	0.030509469059042022	5	0.047943306990518623	0.04724030150274222	6.909956251456535e-05	unsupported	True	0.0002736280165132	0.0002736280165132
DCTN5	chr16:23801320-23801821	18	-0.03096783150516028	0.02027579346813972	5	0.0512436249733	0.05573013608721652	5.79038987680365e-05	unsupported	True	0.0002534446424428	-0.0002534446424428
DCTN5	chr16:23589945-23590446	19	-0.0032715719143055644	0.07270600534209203	4	0.07597757725639759	0.07037527671512762	0.0003887548680351035	unsupported	True	0.0002329664765715	0.0002329664765715
AVIL	chr12:57693681-57694182	0	0.031682336753582174	0.06570388111453722	1	0.034021544360955044	0.04351335666367126	9.726747329692015e-05	unsupported	True	0.0020305235318234	-0.0020305235318234
AVIL	chr12:57752246-57752747	1	0.026473387870140367	0.0579193856866831	1	0.03144599781654274	0.03201750241113498	5.831452974365247e-05	unsupported	True	0.0016304465221262	-0.0016304465221262
AVIL	chr12:57744731-57745232	2	0.026605059661715322	0.05911121503972709	1	0.03250615537801177	0.038014185472605974	7.3043434023613e-05	unsupported	True	0.0014402822200469	-0.0014402822200469
AVIL	chr12:57852519-57853020	3	-0.007240737060863254	0.05639890101634896	4	0.06363963807721221	0.04874606588326994	0.00017495965501686706	unsupported	True	0.0013011436707381	0.0013011436707381
AVIL	chr12:57771901-57772402	4	0.0206799846013541	0.05813569105677085	1	0.03745570645541675	0.03612898475211412	7.867134766037777e-05	unsupported	True	0.0011601995720946	-0.0011601995720946
AVIL	chr12:57782481-57782982	5	0.016409632887996666	0.04230965357291713	1	0.025900020684920467	0.0167609638613671	1.8367014548859234e-05	unsupported	True	0.0010766173950787	-0.0010766173950787
AVIL	chr12:57846846-57847347	6	0.020916541253604502	0.047823260688581094	1	0.026906719434976592	0.016261123956824566	2.092427863066209e-05	unsupported	True	0.0010225296196476	-0.0010225296196476
AVIL	chr12:57865127-57865628	7	-0.012606935999726884	0.05537639453808632	4	0.0679833305378132	0.049279466318364065	0.00018552101390919404	unsupported	True	0.000947434038499	0.000947434038499
AVIL	chr12:57845391-57845892	8	-0.019474063447739328	0.009856584310906925	0	0.02933064775864625	0.015471690272112953	4.472865696758782e-06	unsupported	True	0.0008520829089647	0.0008520829089647
AVIL	chr12:57754700-57755201	9	0.021179064593388697	0.05164603905645043	2	0.030466974463061736	0.03628489447527421	5.709422895445815e-05	unsupported	True	0.0008168401726543	-0.0008168401726543
AVIL	chr12:57893626-57894127	10	-0.025574038430527163	0.0022476961203558832	1	0.027821734550883045	0.01956970131343703	1.2237874518569218e-06	unsupported	True	0.0007529206468715	0.0007529206468715
AVIL	chr12:57738781-57739282	11	0.038055525532862004	0.06319891507868587	2	0.025143389545823867	0.044033741321025305	6.997115352871547e-05	unsupported	True	0.0007312958316349	-0.0007312958316349
AVIL	chr12:57896494-57896995	12	-0.010976192967901862	0.025685282348451893	5	0.036661475316353755	0.02054273294064189	1.9344276984252235e-05	unsupported	True	0.0007074736988917	0.0007074736988917
AVIL	chr12:57726664-57727165	13	0.02591460339259172	0.0584431276125173	1	0.03252852421992558	0.036208434788995034	6.883472176483968e-05	unsupported	True	0.0006526939088089	-0.0006526939088089
AVIL	chr12:57737774-57738275	14	0.013782320874966442	0.05334097621095895	1	0.03955865533599251	0.04572479813613763	9.648377277985262e-05	unsupported	True	0.0006477330306551	-0.0006477330306551
AVIL	chr12:57868726-57869227	15	-0.024585406698174175	0.0075161359589452316	0	0.032101542657119404	0.023681251537138293	5.713801929882981e-06	unsupported	True	0.0005910900539484	0.0005910900539484
AVIL	chr12:57836782-57837283	16	-0.005157855218517462	0.054815271634142744	4	0.05997312685266021	0.04482779579685764	0.00014736883421960782	unsupported	True	0.0005698367346461	0.0005698367346461
AVIL	chr12:57941231-57941732	17	0.02549850088426427	0.05666923245295077	2	0.031170731568686497	0.03147151432166605	5.5591957426581935e-05	unsupported	True	0.0005614878131933	-0.0005614878131933
AVIL	chr12:57829713-57830214	18	-0.006177180413013981	0.02227544920851074	5	0.02845262962152472	0.029684216046057716	1.881371085492873e-05	unsupported	True	0.0005169104068951	0.0005169104068951
AVIL	chr12:57845900-57846401	19	-0.01284951879463296	0.015800704113427978	5	0.028650222908060935	0.015889530157940316	7.193090118281444e-06	unsupported	True	0.0004994949596461	0.0004994949596461
MESP2	chr15:89690508-89691009	0	-0.001999545229769408	0.04101778172301259	1	0.043017326952782	0.049453528877062364	8.725953154935222e-05	unsupported	True	0.0070884144780211	0.0070884144780211
MESP2	chr15:89893814-89894315	1	-0.0005790397885465247	0.014141494211803794	1	0.014720534000350319	0.016169154000633863	3.365938388670075e-06	unsupported	True	0.0025945892073036	0.0025945892073036
MESP2	chr15:89740004-89740505	2	0.0031442936854796403	0.07484815203766142	4	0.07170385835218178	0.07484815203766142	0.0004017026438471215	unsupported	True	0.0015597851408426	0.0015597851408426
MESP2	chr15:89655279-89655780	3	0.004265762354053371	0.05701023151136548	1	0.05274446915731211	0.05701023151136548	0.00017142830655606384	unsupported	True	0.0013499764876444	-0.0013499764876444
MESP2	chr15:89912647-89913148	4	0.0022217271369563587	0.04936897408834291	1	0.04714724695138656	0.04936897408834291	0.00011491177766626848	unsupported	True	0.0008326255438945	-0.0008326255438945
MESP2	chr15:89776379-89776880	5	0.00318514065680601	0.04463072577029393	1	0.04144558511348792	0.04463072577029393	8.255553073149004e-05	unsupported	True	0.0008022226623437	0.0008022226623437
MESP2	chr15:89654768-89655269	6	-0.002764258580453053	0.044482146868042055	1	0.04724640544849511	0.044482146868042055	9.348463827675345e-05	unsupported	True	0.0006610562746035	-0.0006610562746035
MESP2	chr15:89672486-89672987	7	0.010972079204644183	0.037916667904010784	5	0.0269445886993666	0.02284066719769034	2.3335145293476692e-05	unsupported	True	0.0005226915150594	-0.0005226915150594
MESP2	chr15:89647058-89647559	8	0.007271993944580139	0.0518261517579608	1	0.04455415781338066	0.0518261517579608	0.0001196702404479205	unsupported	True	0.0004814649398016	-0.0004814649398016
MESP2	chr15:89750675-89751176	9	0.0008480789541210797	0.034677863040726536	1	0.033829784086605454	0.03795771627210698	4.452989060374121e-05	unsupported	True	0.0004459934491068	0.0004459934491068
MESP2	chr15:89615938-89616439	10	-0.007088850038122103	0.036205087507136524	4	0.04329393754525863	0.0411114588153708	6.444060001515159e-05	unsupported	True	0.0003675770412915	0.0003675770412915
MESP2	chr15:89874911-89875412	11	-0.0070144122354242515	0.0	2	0.0070144122354242515	0.008319574935755178	0.0	unsupported	True	0.000308776466741	-0.000308776466741
MESP2	chr15:89828234-89828735	12	-0.006158011944380119	0.0142825424113589	1	0.02044055435573902	0.018219182321401295	5.318964283932754e-06	unsupported	True	0.0002473416382805	-0.0002473416382805
MESP2	chr15:89665458-89665959	13	0.0009432469625934333	0.03390606548708822	1	0.03296281852449479	0.034694509019606246	3.8775953142017875e-05	unsupported	True	0.0002358924683106	-0.0002358924683106
MESP2	chr15:89866267-89866768	14	0.00739057546341193	0.06301796385337846	1	0.05562738838996653	0.06639024272358378	0.00023273263908025492	unsupported	True	0.0002051800333086	0.0002051800333086
MESP2	chr15:89760681-89761182	15	-0.000687582581718835	0.055778974862270445	1	0.056466557443989276	0.06270356128591287	0.00019749406414422847	unsupported	True	0.0002004705519711	-0.0002004705519711
MESP2	chr15:89733718-89734219	16	0.012080583881520592	0.0741416939550403	1	0.062061110073519714	0.0805913277465328	0.00037082615208706917	unsupported	True	0.0001958218730433	-0.0001958218730433
MESP2	chr15:89768567-89769068	17	0.009046914677364008	0.06966528569589636	1	0.060618371018532353	0.06966528569589636	0.00029419623226711156	unsupported	True	0.0001560827456192	0.0001560827456192
MESP2	chr15:89689021-89689522	18	-0.009506644861588375	0.008564241111028771	5	0.01807088597261715	0.02335835572961352	3.6150191247916925e-06	unsupported	True	0.0001375204099536	-0.0001375204099536
MESP2	chr15:89833573-89834074	19	-0.00791402096836999	0.011974248036670928	0	0.01988826900504092	0.023691884913762246	5.6421528822689905e-06	unsupported	True	0.0001124087289186	0.0001124087289186
NUDT2	chr9:34457123-34457624	0	0.0010761891871731862	0.05046239841280417	4	0.049386209225630986	0.06382558829171633	0.00015906272068680468	unsupported	True	0.002477168017653	0.002477168017653
NUDT2	chr9:34376855-34377356	1	-0.0029765093450553554	0.04329576594915079	3	0.04627227529420615	0.05550804856771996	0.00011120446930859848	unsupported	True	0.0021123994383206	0.0021123994383206
NUDT2	chr9:34289922-34290423	2	-0.0008203042815293204	0.012711623288995577	3	0.013531927570524897	0.020517645206162005	3.529296896547355e-06	unsupported	True	0.0017542744141586	0.0017542744141586
NUDT2	chr9:34179234-34179735	3	0.005008514176386947	0.05392555454607325	4	0.048917040369686304	0.06272192604065495	0.00016545282198059954	unsupported	True	0.001454517613402	-0.001454517613402
NUDT2	chr9:34409260-34409761	4	-0.007773173842867326	0.05926159670379752	1	0.06703477054666485	0.054911780790036044	0.00021814185601569264	unsupported	True	0.0013485944974059	0.0013485944974059
NUDT2	chr9:34458405-34458906	5	-0.0020866759839783095	0.043863767822091594	4	0.045950443806069906	0.054718422627957855	0.00011028824193881277	unsupported	True	0.0010948680536214	-0.0010948680536214
NUDT2	chr9:34379272-34379773	6	-0.0004232547017877809	0.05726061836820985	4	0.05768387306999763	0.07544604779055347	0.0002491993703443533	unsupported	True	0.0008211572811458	-0.0008211572811458
NUDT2	chr9:34338579-34339080	7	-0.0045496300529786725	0.04575504817702861	3	0.05030467823000728	0.07074708569029282	0.00016283807020184857	unsupported	True	0.0008156507800052	-0.0008156507800052
NUDT2	chr9:34381336-34381837	8	0.005238289327272833	0.050723340014785706	3	0.04548505068751287	0.04980714210154583	0.00011491273176824874	unsupported	True	0.0007833334797095	0.0007833334797095
NUDT2	chr9:34403741-34404242	9	0.002158257425063885	0.04460981777274219	3	0.04245156034767831	0.04698418343970514	8.897659673825928e-05	unsupported	True	0.0007443379767429	0.0007443379767429
NUDT2	chr9:34271263-34271764	10	-0.007091527459675706	0.05392289975364456	3	0.06101442721332027	0.08036756032611102	0.0002644152883539032	unsupported	True	0.000691236382299	0.000691236382299
NUDT2	chr9:34252838-34253339	11	-0.003891924198013286	0.04631122921573948	4	0.05020315341375276	0.05221595339466715	0.00012140051185400853	unsupported	True	0.0006890311985172	-0.0006890311985172
NUDT2	chr9:34253433-34253934	12	-0.003020768958083807	0.04577693879704264	4	0.04879770775512645	0.06296697988470724	0.000140656249271351	unsupported	True	0.0006799164988629	-0.0006799164988629
NUDT2	chr9:34329123-34329624	13	0.0005666478097593987	0.04479432757364296	4	0.04422767976388356	0.05533237703449951	0.00010962169312184959	unsupported	True	0.0006432326018516	-0.0006432326018516
NUDT2	chr9:34479211-34479712	14	0.010102077428258176	0.057316815897177485	3	0.04721473846891931	0.06622037198651713	0.00017920546951540937	unsupported	True	0.0006083072472485	-0.0006083072472485
NUDT2	chr9:34431099-34431600	15	0.006811543251524045	0.06380349914107408	3	0.056991955889550035	0.061835822141224406	0.00022485274725248542	unsupported	True	0.000606150823721	0.000606150823721
NUDT2	chr9:34380622-34381123	16	-0.0069942801343763185	0.04471431029811384	4	0.05170859043249016	0.055668195720220276	0.00012871121232338548	unsupported	True	0.0003183721916392	-0.0003183721916392
NUDT2	chr9:34211033-34211534	17	0.003019779072894469	0.13469877388522866	1	0.1316789948123342	0.1462067243183996	0.0025932685446177313	unsupported	True	0.0002971707703628	-0.0002971707703628
NUDT2	chr9:34437311-34437812	18	-0.0010208039929924793	0.051354194130682124	3	0.052374998123674604	0.07328960822011218	0.00019712528717759004	unsupported	True	0.0002918471947088	-0.0002918471947088
NUDT2	chr9:34272116-34272617	19	0.00592228861199356	0.04626663525544672	4	0.04034434664345316	0.052311719323427215	9.764490728732578e-05	unsupported	True	0.0002717612836858	0.0002717612836858
PAX1	chr20:21586400-21586901	0	-0.004927912544966225	0.008983441317328948	5	0.013911353862295174	0.008983441317328948	1.122677110705284e-06	unsupported	True	0.0051698507448383	0.0051698507448383
PAX1	chr20:21614919-21615420	1	0.05936904457394372	0.18250205448286516	5	0.12313300990892144	0.18250205448286516	0.004101191147549279	unsupported	True	0.0039285803719426	0.0039285803719426
PAX1	chr20:21811535-21812036	2	-0.013734896707718427	0.0	0	0.013734896707718427	0.007342842680844531	0.0	unsupported	True	0.0024437456598479	0.0024437456598479
PAX1	chr20:21615469-21615970	3	0.029782795414464894	0.1378680864792134	4	0.1080852910647485	0.1378680864792134	0.002054442980332419	unsupported	True	0.0015040929647015	0.0015040929647015
PAX1	chr20:21608276-21608777	4	0.009477731847698047	0.1037431914578229	5	0.09426545961012486	0.1037431914578229	0.0010145461275552006	unsupported	True	0.0013364711196477	0.0013364711196477
PAX1	chr20:21705601-21706102	5	-0.010618310926940336	0.048874763849980046	5	0.05949307477692038	0.048874763849980046	0.00014211363863780442	unsupported	True	0.0012013936696808	0.0012013936696808
PAX1	chr20:21719592-21720093	6	-0.010000797990403735	0.03892168326409168	4	0.048922481254495415	0.03892168326409168	7.411254102920821e-05	unsupported	True	0.0008187854690669	0.0008187854690669
PAX1	chr20:21571850-21572351	7	0.02681187639710516	0.13988620593880768	4	0.11307432954170252	0.13988620593880768	0.0022126555108178125	unsupported	True	0.0006881848912	0.0006881848912
PAX1	chr20:21767551-21768052	8	-0.01906057828390485	0.0	0	0.01906057828390485	0.006841816602119661	0.0	unsupported	True	0.0005422296494272	0.0005422296494272
PAX1	chr20:21569564-21570065	9	-0.0016972993650835138	0.07096569863648833	5	0.07266299800157185	0.07096569863648833	0.00036594033195303243	unsupported	True	0.0003437271280809	0.0003437271280809
PAX1	chr20:21702911-21703412	10	-0.004900193004226423	0.06753451781633221	5	0.07243471082055863	0.06753451781633221	0.00033036827636661817	unsupported	True	0.0002126870958774	0.0002126870958774
PAX1	chr20:21688452-21688953	11	0.044435277696132744	0.14480221151130465	5	0.10036693381517191	0.14480221151130465	0.0021044617968424273	unsupported	True	8.849776686137944e-05	-8.849776686137944e-05
PAX1	chr20:21706606-21707107	12	-0.009056668258052665	0.032511964580766606	4	0.04156863283881927	0.032511964580766606	4.393920221882447e-05	unsupported	True	5.107432866387788e-05	5.107432866387788e-05
PAX1	chr20:21814828-21815329	13	-0.013957986994835095	0.029170806620352867	4	0.04312879361518796	0.029170806620352867	3.669984135036483e-05	unsupported	True	4.164552388913443e-05	4.164552388913443e-05
PAX1	chr20:21681576-21682077	14	-0.023655437272271387	0.0	0	0.023655437272271387	0.012376418137692977	0.0	unsupported	True	2.811141924852723e-05	2.811141924852723e-05
PAX1	chr20:21583965-21584466	15	-0.026511152490951703	0.012522958425327859	3	0.03903411091627956	0.04295264279145332	2.0996220300134624e-05	unsupported	True	2.5492242416153875e-05	2.5492242416153875e-05
PAX1	chr20:21682432-21682933	16	-0.01659723737049142	0.010535850466524879	5	0.027133087837016297	0.023223203654232263	6.63882085484315e-06	unsupported	True	2.303595850506809e-05	-2.303595850506809e-05
PAX1	chr20:21800827-21801328	17	-0.019541189679763534	0.00822299184858681	3	0.02776418152835034	0.03334481192324058	7.612775228328316e-06	unsupported	True	2.083517625211305e-05	-2.083517625211305e-05
PAX1	chr20:21821335-21821836	18	-0.010451248821546836	0.0	0	0.010451248821546836	0.01409577684323149	0.0	unsupported	True	2.023941549490824e-05	-2.023941549490824e-05
PAX1	chr20:21632380-21632881	19	-0.015966910004087898	0.010226292040571095	4	0.02619320204465899	0.010226292040571095	2.7392077710469403e-06	unsupported	True	1.0038329793698143e-05	-1.0038329793698143e-05
CCDC120	chrX:48971641-48972142	0	-0.015859107962192323	0.08240511518733065	1	0.09826422314952298	0.11734151744892313	0.0009501699602867901	unsupported	True	0.0036412835750868	0.0036412835750868
CCDC120	chrX:49190880-49191381	1	-0.011143858858630982	0.043925725739345216	1	0.0550695845979762	0.057710090685912326	0.0001395990628790034	unsupported	True	0.0022664589711346	-0.0022664589711346
CCDC120	chrX:49029602-49030103	2	-0.032718497842299125	-0.01203364147398396	0	0.020684856368315165	0.020950362902656908	0.0	unsupported	True	0.001450530587765	0.001450530587765
CCDC120	chrX:49073845-49074346	3	-0.01128603040511702	0.026408410207271367	1	0.037694440612388386	0.046343404343553295	4.613255345009544e-05	unsupported	True	0.0011529839924799	0.0011529839924799
CCDC120	chrX:49155175-49155676	4	-0.007584050997539356	0.016702865583984206	4	0.02428691658152356	0.023132855204498343	9.384099560355166e-06	unsupported	True	0.000991739497667	0.000991739497667
CCDC120	chrX:49071802-49072303	5	-0.021878102183589033	0.06484384142867526	1	0.08672194361226429	0.1029263404686733	0.0005787943320509966	unsupported	True	0.0008704000517599	0.0008704000517599
CCDC120	chrX:49155727-49156228	6	-0.012981949611333473	0.022635911523577038	1	0.035617861134910514	0.043794683640176524	3.530914631834762e-05	unsupported	True	0.0008587754156586	0.0008587754156586
CCDC120	chrX:48911441-48911942	7	-0.011038313895527627	0.011830171728583595	4	0.022868485624111222	0.030944710992659316	8.371723691616153e-06	unsupported	True	0.0008327348049772	0.0008327348049772
CCDC120	chrX:48910870-48911371	8	-0.013979704333506227	0.02210053316772121	5	0.036080237501227436	0.049126634995193014	3.917320958774193e-05	unsupported	True	0.0008199478445589	0.0008199478445589
CCDC120	chrX:48958225-48958726	9	-0.012831426145585774	0.027187363157582484	1	0.04001878930316826	0.04328341653476102	4.709258909855739e-05	unsupported	True	0.0007751595781978	-0.0007751595781978
CCDC120	chrX:49163643-49164144	10	-0.0137681573575948	0.03233530292075307	1	0.04610346027834787	0.048374777397774266	7.211563564127071e-05	unsupported	True	0.0007528615602144	-0.0007528615602144
CCDC120	chrX:48957715-48958216	11	-0.009638794981321707	0.02356418162879841	1	0.033202976610120116	0.034834586022374596	2.7254613944229765e-05	unsupported	True	0.0007526180603739	-0.0007526180603739
CCDC120	chrX:49123581-49124082	12	-0.015082542311123832	0.028714000414662724	1	0.04379654272578656	0.05557794767427798	6.989337896671354e-05	unsupported	True	0.0005972406651191	-0.0005972406651191
CCDC120	chrX:49079704-49080205	13	-0.016679890155077187	0.045268751757607785	1	0.06194864191268497	0.07367191118605664	0.00020660091741508626	unsupported	True	0.000532920236306	0.000532920236306
CCDC120	chrX:49166338-49166839	14	-0.014702081498317511	0.06036645571276321	1	0.07506853721108073	0.0936305247452849	0.000424298101517663	unsupported	True	0.0005166045050167	0.0005166045050167
CCDC120	chrX:49002024-49002525	15	-0.01288613665730936	0.019618806625936427	1	0.03250494328324578	0.032289200697272036	2.0591087948283425e-05	unsupported	True	0.0004496608050014	-0.0004496608050014
CCDC120	chrX:49101003-49101504	16	-0.01139868466350991	0.03462898264774521	1	0.04602766731125511	0.05204026037631673	8.294651788040698e-05	unsupported	True	0.000362776472853	-0.000362776472853
CCDC120	chrX:49043393-49043894	17	-0.012377746893395703	0.03957120646262104	1	0.05194895335601675	0.059431152974228685	0.000122171596502826	unsupported	True	0.0003440007830137	-0.0003440007830137
CCDC120	chrX:49053838-49054339	18	-0.01098635845683328	0.03610616711319933	1	0.047092525570032615	0.04824296462705694	8.202898889430212e-05	unsupported	True	0.0002620030222966	-0.0002620030222966
CCDC120	chrX:49171857-49172358	19	-0.008504739586270772	0.06985026774812159	1	0.07835500733439235	0.10207936841704476	0.000558692453385904	unsupported	True	0.0002619933882187	0.0002619933882187
CYC1	chr8:144103567-144104068	0	-0.011328421732321918	0.06835790552932171	0	0.07968632726164362	0.09276601852708455	0.0005053141684362145	unsupported	True	0.001986834518809	-0.001986834518809
CYC1	chr8:143989783-143990284	1	-0.013590737918262758	0.0628711423230944	0	0.07646188024135717	0.08596797864906025	0.00041326920042196317	unsupported	True	0.0017328207694235	-0.0017328207694235
CYC1	chr8:143976022-143976523	2	-0.023085875341429807	0.05178787369734254	0	0.07487374903877235	0.08339301344958522	0.00032336076764176344	unsupported	True	0.0016399104803002	0.0016399104803002
CYC1	chr8:143977063-143977564	3	-0.012284519802983994	0.05151436058370201	0	0.063798880386686	0.06002528351181338	0.0001972766074859683	unsupported	True	0.0015257485841938	0.0015257485841938
CYC1	chr8:144095261-144095762	4	-0.00994984714419962	0.053031178881208424	0	0.06298102602540805	0.07018350514560995	0.00023440996349891348	unsupported	True	0.0015091021775716	0.0015091021775716
CYC1	chr8:144137582-144138083	5	-0.013231571993482676	0.05461541750026217	0	0.06784698949374485	0.07703825229027525	0.00028546460115742075	unsupported	True	0.001371467169308	-0.001371467169308
CYC1	chr8:143952618-143953119	6	-0.01227410587764267	0.04265483106338914	0	0.054928936941031806	0.04008654438384689	9.392215318059115e-05	unsupported	True	0.0011126775676302	-0.0011126775676302
CYC1	chr8:143951928-143952429	7	-0.012787647592797751	0.059553653123143604	0	0.07234130071594136	0.0647654780989073	0.00027902190279435757	unsupported	True	0.0009670783216724	-0.0009670783216724
CYC1	chr8:144050291-144050792	8	-0.015345931873643831	0.036422523159827594	2	0.051768455033471425	0.020602309437129582	3.884643223043982e-05	unsupported	True	0.0009488221820462	-0.0009488221820462
CYC1	chr8:143976557-143977058	9	-0.00920361322936485	0.06249981147520168	0	0.07170342470456653	0.08809419364630844	0.000394789770468042	unsupported	True	0.0008322254241207	0.0008322254241207
CYC1	chr8:143973331-143973832	10	-0.019355105540334063	0.03314919826411385	2	0.05250430380444791	0.03652615688355563	6.357288396043803e-05	unsupported	True	0.0007759444250901	-0.0007759444250901
CYC1	chr8:144223796-144224297	11	0.003001475502945192	0.08210478753227983	0	0.07910331202933464	0.0843555427281363	0.0005478690576025363	unsupported	True	0.0006585427372939	-0.0006585427372939
CYC1	chr8:144233489-144233990	12	-0.007199345357175419	0.04648123134427284	0	0.053680576701448254	0.05616796197345369	0.0001401468895654251	unsupported	True	0.0005593614954617	0.0005593614954617
CYC1	chr8:144082344-144082845	13	-0.014267914770466105	0.0665366047555959	0	0.080804519526062	0.10094166963198536	0.0005427086853994992	unsupported	True	0.0004937266954275	0.0004937266954275
CYC1	chr8:144008290-144008791	14	-0.01555740866565141	0.04870481459078079	1	0.0642622232564322	0.05895207121108204	0.0001845128891228685	unsupported	True	0.000471693014713	-0.000471693014713
CYC1	chr8:143982319-143982820	15	-0.010737160262676447	0.06308847869261237	0	0.07382563895528882	0.07298901052501923	0.0003399497652655662	unsupported	True	0.0004647600770755	0.0004647600770755
CYC1	chr8:144104087-144104588	16	-0.010714427627172968	0.061056775674870466	0	0.07177120330204344	0.08596728545272972	0.000376718811338883	unsupported	True	0.0004566734448749	-0.0004566734448749
CYC1	chr8:144104647-144105148	17	-0.01387588501363778	0.04716922068025908	0	0.06104510569389686	0.06261453049989213	0.00018029541372532927	unsupported	True	0.0003863641997487	0.0003863641997487
CYC1	chr8:143974771-143975272	18	-0.014776408679206739	0.0305035509320565	0	0.045279959611263236	0.024087943692031745	3.327025708911637e-05	unsupported	True	0.000298474831541	0.000298474831541
CYC1	chr8:143995580-143996081	19	-0.0287272356314621	0.045062334655251064	1	0.07378957028671317	0.07276651888476653	0.00024195815752072204	unsupported	True	0.0002914546586065	-0.0002914546586065
NLRP1	chr17:5438935-5439436	0	0.005140657096717905	0.03175315551897021	5	0.026612498422252308	0.02544873581107704	2.1504965610692353e-05	unsupported	True	0.0027215219988344	-0.0027215219988344
NLRP1	chr17:5665069-5665570	1	0.002919053849982703	0.020356553532404138	1	0.017437499682421434	0.047848499152321616	1.6984657134956322e-05	unsupported	True	0.0021093441427669	0.0021093441427669
NLRP1	chr17:5486148-5486649	2	0.019957827860918872	0.08801090918528236	4	0.06805308132436348	0.0726378815066187	0.00043505831248119147	unsupported	True	0.0019994318346959	-0.0019994318346959
NLRP1	chr17:5511344-5511845	3	0.11466229003698354	0.18180140543142362	4	0.06713911539444008	0.17434952264966855	0.002128107752042026	unsupported	True	0.0015405580328719	0.0015405580328719
NLRP1	chr17:5499864-5500365	4	0.055013730541719326	0.08632519114347659	4	0.03131146060175726	0.08425419713674454	0.00022773638368088275	unsupported	True	0.0012219637996073	0.0012219637996073
NLRP1	chr17:5526737-5527238	5	0.11327046311105403	0.19335524637182439	4	0.08008478326077036	0.20027880117962402	0.0031012797837341875	unsupported	True	0.0011576289596498	0.0011576289596498
NLRP1	chr17:5657195-5657696	6	0.025169180982378296	0.056334793433932925	4	0.03116561245155463	0.030506316900406602	5.356019499558523e-05	unsupported	True	0.0010571409120621	0.0010571409120621
NLRP1	chr17:5717872-5718373	7	-0.009814081498419782	0.06435410280560121	5	0.07416818430402099	0.06132999746104401	0.0002927297311914549	unsupported	True	0.0008963025616968	0.0008963025616968
NLRP1	chr17:5468771-5469272	8	0.007427779233185107	0.0816748766571418	4	0.0742470974239567	0.0911161512624587	0.0005525395051938695	unsupported	True	0.0008764840358669	-0.0008764840358669
NLRP1	chr17:5500837-5501338	9	0.016487862640695395	0.06650593124277096	4	0.05001806860207557	0.05084338044187123	0.00016913041511552827	unsupported	True	0.0006997027386207	-0.0006997027386207
NLRP1	chr17:5701348-5701849	10	0.04670372039437843	0.07029252556713841	1	0.023588805172759984	0.06412953610869339	0.00010633425418896002	unsupported	True	0.0006143770775931	0.0006143770775931
NLRP1	chr17:5757473-5757974	11	0.18105221875730854	0.3406318876782413	4	0.15957966892093278	0.33873119275587055	0.018412724384697172	regional_candidate	True	0.0005242854458613	0.0005242854458613
NLRP1	chr17:5687689-5688190	12	-0.015577972288225599	0.02948357171561075	5	0.04506154400383635	0.02072886796713718	2.7539861237110187e-05	unsupported	True	0.0004705908013723	0.0004705908013723
NLRP1	chr17:5675589-5676090	13	-0.03933466134687865	0.02266240349482723	0	0.061997064841705876	0.06284521574995043	8.829768517495961e-05	unsupported	True	0.0004685943438943	-0.0004685943438943
NLRP1	chr17:5598344-5598845	14	-0.00844156329502956	0.038146851409755995	4	0.04658841470478556	0.033057099111283475	5.8749120610960234e-05	unsupported	True	0.00038851458732	-0.00038851458732
NLRP1	chr17:5749466-5749967	15	-0.01759678887041254	0.035979652819556	0	0.05357644168996854	0.04701278881590906	9.062475576320421e-05	unsupported	True	0.0003799375804017	-0.0003799375804017
NLRP1	chr17:5420175-5420676	16	-0.00853160675878505	0.03299468593579183	5	0.041526292694576875	0.06525096290645682	8.940341012955948e-05	unsupported	True	0.0003799116558824	0.0003799116558824
NLRP1	chr17:5629014-5629515	17	-0.02708378027294046	0.04346177068774945	0	0.07054555096068992	0.05310376556079045	0.00016281798041681235	unsupported	True	0.0003372712405791	-0.0003372712405791
NLRP1	chr17:5536934-5537435	18	0.08040542853290775	0.21107622320714128	4	0.13067079467423354	0.21111974918307436	0.005822998902551362	regional_candidate	True	0.0003200722060826	0.0003200722060826
NLRP1	chr17:5694392-5694893	19	-0.005961377163050937	0.0550654784632685	5	0.06102685562631944	0.058391161199825035	0.00019622192089427276	unsupported	True	0.0003183277670091	0.0003183277670091
MMEL1	chr1:2611169-2611670	0	0.016643278939965735	0.14833279734330218	3	0.13168951840333645	0.15621689019894364	0.0030515211506652457	unsupported	True	0.0032032097328553	0.0032032097328553
MMEL1	chr1:2628790-2629291	1	0.012973651697642568	0.05930835842013794	2	0.04633470672249537	0.05068806613600102	0.00013929259977434784	unsupported	True	0.0021073478202484	0.0021073478202484
MMEL1	chr1:2472789-2473290	2	0.012543959685429741	0.05231934205616034	1	0.0397753823707306	0.062046514574844745	0.00012912015165739585	unsupported	True	0.0016252138060473	0.0016252138060473
MMEL1	chr1:2526037-2526538	3	0.010429775524922684	0.06886085431086819	2	0.05843107878594551	0.07495530352241114	0.00030159120888980517	unsupported	True	0.0012940681478607	-0.0012940681478607
MMEL1	chr1:2452101-2452602	4	0.007343782131101658	0.018717098177845864	1	0.011373316046744207	0.008275870373251767	1.761729820644363e-06	unsupported	True	0.0010982000676564	0.0010982000676564
MMEL1	chr1:2545923-2546424	5	0.002945829858316318	0.045521248660093924	4	0.042575418801777606	0.040149336689540696	7.781287642438197e-05	unsupported	True	0.0009038459638344	0.0009038459638344
MMEL1	chr1:2586425-2586926	6	0.01121026974349976	0.07284725815740273	2	0.06163698841390297	0.07970520272479077	0.00035788318356018515	unsupported	True	0.0008944473444471	-0.0008944473444471
MMEL1	chr1:2642434-2642935	7	0.0108856982521917	0.07857792731332906	3	0.06769222906113737	0.09787693175910207	0.0005206186612417076	unsupported	True	0.0008562831371875	0.0008562831371875
MMEL1	chr1:2642987-2643488	8	0.009637655012661575	0.0764554799414983	3	0.06681782492883673	0.08609213922194763	0.00043980934453204714	unsupported	True	0.0007952899190917	0.0007952899190917
MMEL1	chr1:2504644-2505145	9	0.016018270167286627	0.1433854522718931	3	0.12736718210460646	0.1434699285267672	0.0026201340617130553	unsupported	True	0.0007497846013556	0.0007497846013556
MMEL1	chr1:2443776-2444277	10	0.01632080981322963	0.06857664144071889	2	0.05225583162748926	0.07049238230259042	0.0002526115264808498	unsupported	True	0.0007379441207474	0.0007379441207474
MMEL1	chr1:2578185-2578686	11	0.0025916100431327338	0.08448402157159757	3	0.08189241152846484	0.08554622590478174	0.0005918601409682826	unsupported	True	0.000699797886187	0.000699797886187
MMEL1	chr1:2481907-2482408	12	0.012572689346114918	0.029930859761706768	5	0.017358170415591852	0.03219938133293728	1.672902642925307e-05	unsupported	True	0.0006002631751832	-0.0006002631751832
MMEL1	chr1:2526690-2527191	13	0.013290258871234539	0.07649800808694321	2	0.06320774921570867	0.06060313448149433	0.0002930323308406937	unsupported	True	0.000506945199098	-0.000506945199098
MMEL1	chr1:2527397-2527898	14	0.005248423300653643	0.059328621756652274	4	0.05408019845599863	0.06329702460846397	0.00020308873377644608	unsupported	True	0.0004663432514296	-0.0004663432514296
MMEL1	chr1:2547959-2548460	15	0.008859264466491322	0.06796141616252911	2	0.05910215169603779	0.05538783799902361	0.00022247444168941812	unsupported	True	0.0004512335950419	-0.0004512335950419
MMEL1	chr1:2467165-2467666	16	0.006335172943938897	0.04378056438887413	3	0.03744539144493523	0.04694041633876523	7.695319716274061e-05	unsupported	True	0.0004216408422787	0.0004216408422787
MMEL1	chr1:2530105-2530606	17	0.0025004620625240772	0.05391588098768163	4	0.05141541892515755	0.048312128882406366	0.00013392642001913002	unsupported	True	0.0004047767355485	0.0004047767355485
MMEL1	chr1:2506028-2506529	18	0.015365112593749322	0.09092145057059975	2	0.07555633797685042	0.10902485213249252	0.0007489671379956986	unsupported	True	0.0003348199374096	0.0003348199374096
MMEL1	chr1:2446454-2446955	19	-0.0006419087621143265	0.039235669296707854	4	0.03987757805882218	0.050733903147337625	7.937945533889289e-05	unsupported	True	0.0003264705589136	0.0003264705589136
BTF3	chr5:73536745-73537246	0	-0.007159112663107634	0.05833881099590708	2	0.06549792365901472	0.08621593815594804	0.0003294372200743187	unsupported	True	0.0042888562765806	-0.0042888562765806
BTF3	chr5:73419611-73420112	1	-0.051915259270352225	0.04054551777746473	0	0.09246077704781695	0.10963505308124874	0.000411007570161835	unsupported	True	0.0020842450949347	0.0020842450949347
BTF3	chr5:73565454-73565955	2	-0.025722417004649195	0.02403105522472892	0	0.049753472229378114	0.06425483781954056	7.682491142535279e-05	unsupported	True	0.0016085567401673	-0.0016085567401673
BTF3	chr5:73448507-73449008	3	-0.04118803040050069	0.022565433606773516	0	0.0637534640072742	0.0633089440870396	9.107780178430489e-05	unsupported	True	0.0016012373968105	-0.0016012373968105
BTF3	chr5:73454379-73454880	4	-0.028540847545003474	0.019908434362181142	0	0.048449281907184616	0.06909391024487464	6.66444861288699e-05	unsupported	True	0.0014746451876936	-0.0014746451876936
BTF3	chr5:73447407-73447908	5	-0.030571274590747446	0.036782290721296136	0	0.06735356531204359	0.084944525502818	0.00021044313219480612	unsupported	True	0.0014099810970381	-0.0014099810970381
BTF3	chr5:73365574-73366075	6	-0.0317179316859266	0.050983601206463225	2	0.08270153289238982	0.08107131059994263	0.00034183085532449835	unsupported	True	0.00123791101096	0.00123791101096
BTF3	chr5:73591081-73591582	7	-0.01926011367089678	0.03807501801203768	2	0.057335131682934456	0.08391841982405501	0.0001831969459352543	unsupported	True	0.0007679890207106	0.0007679890207106
BTF3	chr5:73392911-73393412	8	-0.04786946805694696	0.016191482266092398	5	0.06406095032303935	0.055609393658180524	5.768038429977769e-05	unsupported	True	0.0006799835262092	-0.0006799835262092
BTF3	chr5:73498128-73498629	9	-0.024948646195897834	0.017870425264190675	0	0.04281907146008851	0.05603481606954827	4.2877562001844194e-05	unsupported	True	0.0005931297857832	-0.0005931297857832
BTF3	chr5:73625817-73626318	10	-0.045762565822133956	0.016808287266710718	0	0.06257085308884468	0.06266049481680747	6.590059840047395e-05	unsupported	True	0.0005763572098951	0.0005763572098951
BTF3	chr5:73619888-73620389	11	-0.03778954884574836	0.004584327945150315	2	0.04237387679089867	0.055872578200069745	1.0853569443949498e-05	unsupported	True	0.0005436843701427	0.0005436843701427
BTF3	chr5:73444001-73444502	12	-0.03275740384830047	0.02942488796298413	0	0.062182291811284596	0.07574416802938909	0.00013858963216724447	unsupported	True	0.0003984156006156	-0.0003984156006156
BTF3	chr5:73654697-73655198	13	-0.04340803610239668	-0.011853449431997926	1	0.03155458667039875	0.024264035923327376	0.0	unsupported	True	0.0003170625277407	-0.0003170625277407
BTF3	chr5:73623664-73624165	14	-0.03829647387874173	0.01668142083241059	2	0.05497789471115232	0.054515430963768235	4.9996614081434195e-05	unsupported	True	0.0003044327447755	-0.0003044327447755
BTF3	chr5:73437469-73437970	15	-0.04251197735665225	0.018663679432534597	0	0.06117565678918685	0.06027946913979458	6.88248583240975e-05	unsupported	True	0.0001898428226377	0.0001898428226377
BTF3	chr5:73417148-73417649	16	-0.05533892902401352	0.010119207574674516	5	0.06545813659868804	0.052541390874223354	3.4802601436265336e-05	unsupported	True	0.0001223833045867	-0.0001223833045867
BTF3	chr5:73519593-73520094	17	-0.041138151384805144	0.035473918474877617	0	0.07661206985968276	0.07544128749635232	0.00020502907443839858	unsupported	True	0.000101210184958	0.000101210184958
BTF3	chr5:73451206-73451707	18	-0.04111813270462703	0.03172605720601551	0	0.07284418991064254	0.07272485460019557	0.00016807142510987506	unsupported	True	9.165553701079423e-05	-9.165553701079423e-05
BTF3	chr5:73407837-73408338	19	-0.04892433823925743	0.003671148454468278	2	0.05259548669372571	0.0519120103878421	1.0023474115611958e-05	unsupported	True	8.313340119589579e-05	8.313340119589579e-05
CASP2	chr7:143263173-143263674	0	-0.007806481886228662	0.07570859958330231	1	0.08351508146953097	0.1047636467564036	0.0006624006189055161	unsupported	True	0.0041180433925778	0.0041180433925778
CASP2	chr7:143415883-143416384	1	-0.005864134617731965	0.05316312677002315	5	0.05902726138775511	0.07454148527847272	0.00023391668047794965	unsupported	True	0.0026107477340793	0.0026107477340793
CASP2	chr7:143345322-143345823	2	6.500887910110715e-05	0.039763785290614806	5	0.039698776411513696	0.03355093455624407	5.296262026808417e-05	unsupported	True	0.0020922613921065	0.0020922613921065
CASP2	chr7:143405082-143405583	3	-0.01975523855579795	0.023905235753568024	5	0.043660474309365975	0.04374176691347147	4.5653891515053334e-05	unsupported	True	0.0013012463713962	0.0013012463713962
CASP2	chr7:143204604-143205105	4	-0.012972608907460085	0.017874420075365032	5	0.03084702898282512	0.03492624984054874	1.9257382565526037e-05	unsupported	True	0.0011503980220092	0.0011503980220092
CASP2	chr7:143279310-143279811	5	-0.012882019356276928	0.0658596922617637	1	0.07874171161804064	0.10345991443859909	0.0005365332767574195	unsupported	True	0.0010983450904982	0.0010983450904982
CASP2	chr7:143243708-143244209	6	-0.013747872574015517	0.03721661770279198	5	0.050964490276807495	0.06018254756001401	0.00011414979975735556	unsupported	True	0.0008351945052359	0.0008351945052359
CASP2	chr7:143416452-143416953	7	-0.008029358563704897	0.06334879315860681	5	0.07137815172231171	0.07855057257883732	0.0003551836769353031	unsupported	True	0.0006816216459215	0.0006816216459215
CASP2	chr7:143380979-143381480	8	-0.008106528360877614	0.041012152982605694	1	0.04911868134348331	0.06416504434931984	0.0001292580996222152	unsupported	True	0.0006271911305129	-0.0006271911305129
CASP2	chr7:143362543-143363044	9	-0.010224977508970768	0.03430443756965045	5	0.04452941507862122	0.05058865088075043	7.727702448129911e-05	unsupported	True	0.0005690895727898	0.0005690895727898
CASP2	chr7:143408694-143409195	10	-0.0013499784846743564	0.05429106376148842	1	0.05564104224616278	0.063931400007513	0.00019312470019244672	unsupported	True	0.0004883105630948	0.0004883105630948
CASP2	chr7:143361737-143362238	11	-0.010629944294473007	0.05010040706676168	5	0.06073035136123468	0.06455059860450205	0.00019640264052004977	unsupported	True	0.000442711559401	-0.000442711559401
CASP2	chr7:143410466-143410967	12	0.0001679216342454558	0.06380540466831891	4	0.06363748303407346	0.06415024846701538	0.0002604766540348339	unsupported	True	0.0003950510886981	0.0003950510886981
CASP2	chr7:143229339-143229840	13	-0.016951764144124856	0.03616236383858347	5	0.05311412798270833	0.05679583955568719	0.00010908961041705413	unsupported	True	0.0003784866964791	0.0003784866964791
CASP2	chr7:143240511-143241012	14	-0.0155601890632103	0.037691956991594264	1	0.053252146054804564	0.06207793186494328	0.00012460143421963042	unsupported	True	0.0003593670960362	0.0003593670960362
CASP2	chr7:143350993-143351494	15	-0.005014117640779157	0.08095989503250205	1	0.0859740126732812	0.10489926153870995	0.000730145754638087	unsupported	True	0.0002951582434023	-0.0002951582434023
CASP2	chr7:143408177-143408678	16	-0.016638626510379798	0.03357173770579309	5	0.050210364216172886	0.05083448587173424	8.568910930227379e-05	unsupported	True	0.000284330671144	0.000284330671144
CASP2	chr7:143203399-143203900	17	-0.003828162285932909	0.06992327510143626	5	0.07375143738736917	0.08924494380945283	0.00046023100308490735	unsupported	True	0.0002723797140926	0.0002723797140926
CASP2	chr7:143216192-143216693	18	-0.01581750842336306	0.025822753337194543	1	0.0416402617605576	0.05042110621553699	5.4216111700643144e-05	unsupported	True	0.000250153820312	0.000250153820312
CASP2	chr7:143444877-143445378	19	0.00374890139962849	0.0519205720247003	4	0.048171670625071814	0.04487426708887129	0.0001122350605694504	unsupported	True	0.0002244075350134	0.0002244075350134
SHC1	chr1:154970549-154971050	0	0.028896692167451613	0.11648918135182254	2	0.08759248918437093	0.11668911500916261	0.0011906464117923783	unsupported	True	0.0021385249399905	0.0021385249399905
SHC1	chr1:155085206-155085707	1	0.01654339077152981	0.040974150186891954	2	0.024430759415362144	0.042125784511257106	4.216915744920197e-05	unsupported	True	0.0018788955379978	0.0018788955379978
SHC1	chr1:155044786-155045287	2	0.026067237649	0.1624543600082837	2	0.13638712235928369	0.18002462229767374	0.003988748430161121	unsupported	True	0.0014753779594557	0.0014753779594557
SHC1	chr1:154840459-154840960	3	0.020023704948312848	0.12747238929018845	2	0.1074486843418756	0.1325363246680895	0.00181531564834013	unsupported	True	0.0012021029981562	0.0012021029981562
SHC1	chr1:155000593-155001094	4	0.03151477750462705	0.11790693321047516	2	0.0863921557058481	0.10050200270936455	0.0010237369304046866	unsupported	True	0.0010827845465771	0.0010827845465771
SHC1	chr1:155084597-155085098	5	0.010268565429291372	0.04542006671680053	2	0.03515150128750916	0.04617258471880942	7.371838846923576e-05	unsupported	True	0.0010093703892451	0.0010093703892451
SHC1	chr1:154820507-154821008	6	0.029446273548171586	0.1571259188274931	2	0.12767964527932152	0.14781713130319832	0.0029654750019990346	unsupported	True	0.00087789665935	0.00087789665935
SHC1	chr1:154942020-154942521	7	0.03628772480899448	0.1316928837882151	2	0.09540515897922061	0.1250332736050432	0.0015709406198609582	unsupported	True	0.0008499622666252	0.0008499622666252
SHC1	chr1:154896684-154897185	8	0.03883400241742643	0.09643205094572846	2	0.057598048528302026	0.08279647672833132	0.0004598763009640102	unsupported	True	0.0008163329452307	0.0008163329452307
SHC1	chr1:154961540-154962041	9	0.006777209004495357	0.031052175573951835	3	0.024274966569456477	0.024593602115687483	1.8538424225009506e-05	unsupported	True	0.00077896414776	0.00077896414776
SHC1	chr1:154813813-154814314	10	0.034650539073319046	0.09918916669776728	2	0.06453862762444823	0.09333497941889418	0.000597486922233277	unsupported	True	0.0007493046368464	0.0007493046368464
SHC1	chr1:155050387-155050888	11	0.013444077734497874	0.04518411479203078	2	0.03174003705753291	0.04661328227571718	6.685022798630305e-05	unsupported	True	0.0006836906265607	0.0006836906265607
SHC1	chr1:155052028-155052529	12	0.033586866148440794	0.12629043496645045	2	0.09270356881800966	0.1251623084795962	0.001465346992161491	unsupported	True	0.0006681184071499	0.0006681184071499
SHC1	chr1:154974283-154974784	13	0.0046773464880151125	0.0340161397164479	3	0.02933879322843279	0.035384885708891665	3.5313850181778926e-05	unsupported	True	0.0006574335266776	-0.0006574335266776
SHC1	chr1:154957053-154957554	14	0.0389146061891694	0.19412444330985978	2	0.1552098371206904	0.18838044840729795	0.005675907286075054	unsupported	True	0.0006504569531508	0.0006504569531508
SHC1	chr1:154869306-154869807	15	0.026070524092893035	0.09816179671185375	2	0.07209127261896071	0.0866494123247013	0.0006131839978894981	unsupported	True	0.0006344732314956	0.0006344732314956
SHC1	chr1:155062618-155063119	16	0.02668276250134758	0.09165229497558745	2	0.06496953247423987	0.08235231305212397	0.0004903756395698791	unsupported	True	0.0005909305542775	0.0005909305542775
SHC1	chr1:155093702-155094203	17	0.03542562622689114	0.1494522732430292	2	0.11402664701613807	0.14463049863116267	0.0024647266600413085	unsupported	True	0.0005806511661283	0.0005806511661283
SHC1	chr1:154878366-154878867	18	0.02347088928197883	0.07695464553794683	2	0.053483756255968	0.07064339432048349	0.0002907557427971641	unsupported	True	0.000578836981394	0.000578836981394
SHC1	chr1:154837620-154838121	19	0.03498443456329957	0.10963809179119581	2	0.07465365722789624	0.10952470349037025	0.0008964470505612238	unsupported	True	0.0005648064085755	0.0005648064085755
SMPDL3A	chr6:122838251-122838752	0	0.0026781219390523284	0.05340360841286629	0	0.05072548647381396	0.05798695731022232	0.00015708226128400836	unsupported	True	0.003156249982289	0.003156249982289
SMPDL3A	chr6:122819540-122820041	1	-0.0038082984232558448	0.033178855834050426	3	0.03698715425730627	0.04024857472361498	4.939270713029555e-05	unsupported	True	0.0030159918438077	0.0030159918438077
SMPDL3A	chr6:122824998-122825499	2	0.0011895681375679173	0.04140996671318573	3	0.040220398575617815	0.056355458676139926	9.386144594936376e-05	unsupported	True	0.0015947244896305	0.0015947244896305
SMPDL3A	chr6:122833127-122833628	3	0.008608525576613154	0.023529243318247392	1	0.014920717741634238	0.04587069574879028	1.6103971861370536e-05	unsupported	True	0.0012204444558744	-0.0012204444558744
SMPDL3A	chr6:122858196-122858697	4	0.0033625302193212125	0.05503498605786681	3	0.0516724558385456	0.07252277357137119	0.00020623974760240093	unsupported	True	0.0010823970502792	0.0010823970502792
SMPDL3A	chr6:122681563-122682064	5	-0.005279805283046171	0.03238176675818121	0	0.03766157204122738	0.045358778614601365	5.531721869990143e-05	unsupported	True	0.0010788254000566	0.0010788254000566
SMPDL3A	chr6:122818800-122819301	6	0.005326371448058746	0.06652921236319438	3	0.061202840915135635	0.09932609591086178	0.00040443369301148863	unsupported	True	0.0010707027235971	0.0010707027235971
SMPDL3A	chr6:122696015-122696516	7	-0.0033163251498668223	0.028615268077610407	3	0.031931593227477226	0.04137445979018957	3.7805130670454805e-05	unsupported	True	0.0010216069626204	-0.0010216069626204
SMPDL3A	chr6:122730744-122731245	8	0.001540668884663718	0.02933757813690235	3	0.02779690925223863	0.0354794066804052	2.8933243170382694e-05	unsupported	True	0.0007295522156825	-0.0007295522156825
SMPDL3A	chr6:122878672-122879173	9	-0.006194854129279634	0.04807507216286405	3	0.05426992629214369	0.04880562477277294	0.000127335369595495	unsupported	True	0.0007161701367803	0.0007161701367803
SMPDL3A	chr6:122779280-122779781	10	0.004500858830446236	0.01175750790526741	3	0.007256649074821174	0.018580385048146682	1.585280475023615e-06	unsupported	True	0.0007126174506812	-0.0007126174506812
SMPDL3A	chr6:122868178-122868679	11	-0.009994918945537622	0.003946515249766082	2	0.013941434195303705	0.014741506573766204	8.110789101533911e-07	unsupported	True	0.0006603646116888	-0.0006603646116888
SMPDL3A	chr6:122952308-122952809	12	-0.009194621740971819	0.027464263608655087	4	0.036658885349626906	0.04061756721080609	4.0894144039223405e-05	unsupported	True	0.0005015629259236	0.0005015629259236
SMPDL3A	chr6:122862268-122862769	13	0.0034003837818450586	0.04524832927404036	0	0.041847945492195296	0.05140131065397489	9.733093210588166e-05	unsupported	True	0.0004395189625682	-0.0004395189625682
SMPDL3A	chr6:122938523-122939024	14	-0.006590506077313585	0.046517311501549	3	0.053107817578862584	0.06252708156983368	0.00015446895904363623	unsupported	True	0.0003466589497612	0.0003466589497612
SMPDL3A	chr6:122735665-122736166	15	0.009929428495476171	0.03614038052733903	0	0.026210952031862862	0.030568653010264096	2.8956883499238065e-05	unsupported	True	0.000288881842339	0.000288881842339
SMPDL3A	chr6:122839431-122839932	16	0.005850166959957373	0.04370160068077222	3	0.03785143372081484	0.047493832627059605	7.856278960648141e-05	unsupported	True	0.0002531963681758	0.0002531963681758
SMPDL3A	chr6:122861497-122861998	17	0.004935232546005895	0.04302904318578354	3	0.03809381063977764	0.045117086151234616	7.39532306609125e-05	unsupported	True	0.0002428488515534	0.0002428488515534
SMPDL3A	chr6:122921124-122921625	18	-0.0034504927356640955	0.05188162208248292	0	0.05533211481814702	0.06619455104054776	0.0001900260129591308	unsupported	True	0.0001747827812648	0.0001747827812648
SMPDL3A	chr6:122789247-122789748	19	0.0074229885547924595	0.04102313694779878	3	0.03360014839300632	0.046521518436155145	6.412449289526385e-05	unsupported	True	0.0001563507502994	-0.0001563507502994
GSTO1	chr10:104353434-104353935	0	0.012211701996575534	0.04212763897436717	0	0.029915936977791636	0.03197981379779709	4.030376893835558e-05	unsupported	True	0.0032779861616598	0.0032779861616598
GSTO1	chr10:104254667-104255168	1	0.00020158227084437897	0.10732935734618988	1	0.1071277750753455	0.10090403991041814	0.0011601901357131017	unsupported	True	0.0024892566712566	0.0024892566712566
GSTO1	chr10:104328326-104328827	2	-0.014327683915106785	0.06511133275503365	1	0.07943901667014044	0.07857800323215348	0.0004064353118564431	unsupported	True	0.0019953554347995	-0.0019953554347995
GSTO1	chr10:104306801-104307302	3	0.043999592430965594	0.09972675131644261	1	0.05572715888547702	0.07216781291319596	0.0004010717914714374	unsupported	True	0.0018444599714197	0.0018444599714197
GSTO1	chr10:104274643-104275144	4	0.011799467826596024	0.08852369595491774	1	0.07672422812832172	0.074661224531535	0.0005070924849885817	unsupported	True	0.0014524879043509	0.0014524879043509
GSTO1	chr10:104350105-104350606	5	-0.0054716965744231105	0.06977029466655747	1	0.07524199124098058	0.07286447321607477	0.0003825134117324021	unsupported	True	0.0010570309396632	-0.0010570309396632
GSTO1	chr10:104305497-104305998	6	-0.01757010860219268	0.08269082884295355	1	0.10026093744514622	0.10445701523913649	0.0008660175998333933	unsupported	True	0.0009969548959058	-0.0009969548959058
GSTO1	chr10:104366433-104366934	7	-0.031200060301873507	0.021241913961467036	5	0.052441974263340546	0.04708375788099118	5.244979513899109e-05	unsupported	True	0.0006391008028581	-0.0006391008028581
GSTO1	chr10:104209510-104210011	8	0.010919925136510281	0.06671288486828637	0	0.055792959731776094	0.07733633624660596	0.0002878542962977112	unsupported	True	0.0006329916907502	0.0006329916907502
GSTO1	chr10:104146844-104147345	9	-0.0169001532496529	0.034425214307288336	0	0.05132536755694124	0.06474718026835408	0.00011440093669967457	unsupported	True	0.0006236005192281	-0.0006236005192281
GSTO1	chr10:104262051-104262552	10	-0.002941281047543649	0.0606898448734388	0	0.06363112592098245	0.08563122552589529	0.00033068751219002105	unsupported	True	0.0006023983354954	-0.0006023983354954
GSTO1	chr10:104268853-104269354	11	-0.007323403128244657	0.07154355059506921	1	0.07886695372331387	0.0745193724558636	0.00042046973867083015	unsupported	True	0.0005985297224128	-0.0005985297224128
GSTO1	chr10:104321222-104321723	12	-0.01745516625610151	0.10375474644417831	1	0.12120991270027982	0.10248314939294245	0.001288838720287945	unsupported	True	0.000588355850833	0.000588355850833
GSTO1	chr10:104300711-104301212	13	-0.0008736840215442371	0.09129923387141954	1	0.09217291789296378	0.10500363812475544	0.0008836388786410182	unsupported	True	0.0004500199329422	-0.0004500199329422
GSTO1	chr10:104331189-104331690	14	-0.012863761486509251	0.12901209452705506	1	0.1418758560135643	0.15184515869106793	0.002779328435688688	unsupported	True	0.0002790342444348	-0.0002790342444348
GSTO1	chr10:104232164-104232665	15	-0.007504226754604618	0.04555927630027564	1	0.05306350305488026	0.043864279981056506	0.00010604342320559954	unsupported	True	0.0002152992008091	-0.0002152992008091
GSTO1	chr10:104121748-104122249	16	-0.012080896850985057	0.058469348451766275	1	0.07055024530275134	0.06295495048463937	0.00025969086272412996	unsupported	True	0.000211474823258	-0.000211474823258
GSTO1	chr10:104291339-104291840	17	-0.011254210056807608	0.06934990385957854	1	0.08060411391638614	0.06845455685288039	0.0003826532751466183	unsupported	True	0.0001731039901846	0.0001731039901846
GSTO1	chr10:104338522-104339023	18	-0.016531188054323017	0.09376740912971769	1	0.11029859718404071	0.1025202927465046	0.0010603072790596902	unsupported	True	0.0001718333764631	0.0001718333764631
GSTO1	chr10:104328994-104329495	19	-0.007091151194583041	0.1083959292722632	1	0.11548708046684625	0.13075396552395294	0.0016368212115884957	unsupported	True	0.0001634764894368	-0.0001634764894368
XRCC6	chr22:41560755-41561256	0	-0.005951075472872027	0.07252829851235844	4	0.07847937398523047	0.09089871511038128	0.0005173932560686775	unsupported	True	0.003187533672119	0.003187533672119
XRCC6	chr22:41589177-41589678	1	-0.00490528990178546	0.06091106504383981	4	0.06581635494562527	0.07180575053657308	0.00028786525267225914	unsupported	True	0.0029445271437242	0.0029445271437242
XRCC6	chr22:41754875-41755376	2	-0.023813928556701867	0.04531689594198729	4	0.06913082449868915	0.07854608733224608	0.00024606874098044275	unsupported	True	0.0024629556144284	0.0024629556144284
XRCC6	chr22:41666597-41667098	3	-0.0006831349330245103	0.08526400554644628	4	0.08594714047947079	0.09298589546911763	0.0006814190032290574	unsupported	True	0.0016985822849731	-0.0016985822849731
XRCC6	chr22:41478990-41479491	4	-0.0031007410548164007	0.03617634264195951	3	0.039277083696775905	0.0478684529160095	6.80163439995214e-05	unsupported	True	0.0008718103274791	-0.0008718103274791
XRCC6	chr22:41561854-41562355	5	0.006128675656427829	0.0671581193172206	4	0.06102944366079277	0.06870641720276235	0.00028160167838210296	unsupported	True	0.0008124008632484	0.0008124008632484
XRCC6	chr22:41589765-41590266	6	-0.0026963601005406354	0.0740496365571548	4	0.07674599665769544	0.08662732073195173	0.0004923042037108771	unsupported	True	0.000781856491284	-0.000781856491284
XRCC6	chr22:41479631-41480132	7	0.02077513913726863	0.04771761010750035	4	0.02694247097023172	0.0250071207239499	3.2149912745900684e-05	unsupported	True	0.0007555511560838	-0.0007555511560838
XRCC6	chr22:41544342-41544843	8	-0.0007598072921910402	0.07628878181034605	4	0.07704858910253709	0.09132609268808914	0.00053680956749253	unsupported	True	0.0007124840615959	-0.0007124840615959
XRCC6	chr22:41576812-41577313	9	0.01681318218692655	0.07011980692557687	4	0.05330662473865032	0.06133380028174736	0.00022925655976764375	unsupported	True	0.0006954976269543	0.0006954976269543
XRCC6	chr22:41782187-41782688	10	-0.029161837596895303	-0.010201842183167246	1	0.01895999541372806	0.025664368944132245	0.0	unsupported	True	0.0004783351295953	0.0004783351295953
XRCC6	chr22:41682242-41682743	11	-0.013887021370620605	0.055597957513262616	4	0.06948497888388322	0.09166637005032302	0.00035412762028625577	unsupported	True	0.0004218850979109	-0.0004218850979109
XRCC6	chr22:41655856-41656357	12	-0.010203470468651277	0.03399713331458988	4	0.04420060378324116	0.05003942788018792	7.519393900208137e-05	unsupported	True	0.000412439465146	0.000412439465146
XRCC6	chr22:41575030-41575531	13	0.025525831836752576	0.08007288811234513	4	0.05454705627559255	0.0654687272603583	0.000285950400671584	unsupported	True	0.0003869230052264	0.0003869230052264
XRCC6	chr22:41746544-41747045	14	0.0139768173192132	0.034883608498104214	4	0.020906791178891014	0.014786886420466175	1.0784140122669407e-05	unsupported	True	0.0003699339104118	-0.0003699339104118
XRCC6	chr22:41809657-41810158	15	0.007973565258716049	0.09142386315158396	4	0.08345029789286791	0.0884040791439449	0.0006744655387344605	unsupported	True	0.0003415666590632	0.0003415666590632
XRCC6	chr22:41534879-41535380	16	0.020407768001117942	0.044235482654884896	0	0.023827714653766954	0.022532401928537248	2.3749837930710748e-05	unsupported	True	0.0002939794197412	-0.0002939794197412
XRCC6	chr22:41491247-41491748	17	0.02679494681471978	0.060110370529803434	4	0.033315423715083656	0.038294288637494	7.668823677763576e-05	unsupported	True	0.0002843061178889	-0.0002843061178889
XRCC6	chr22:41555282-41555783	18	0.023207772092429076	0.06400399636238858	4	0.040796224269959505	0.04864139442952106	0.00012700858542334062	unsupported	True	0.0002818309196997	-0.0002818309196997
XRCC6	chr22:41621482-41621983	19	7.508047515441234e-05	0.06916475063639756	4	0.06908967016124315	0.09220154053540872	0.0004405914978769505	unsupported	True	0.0002613647188928	0.0002613647188928
BNIP1	chr5:173056032-173056533	0	0.013115791391416809	0.054834413347702074	1	0.041718621956285264	0.04922396949162546	0.00011260554810026022	unsupported	True	0.0044788306161413	-0.0044788306161413
BNIP1	chr5:173283712-173284213	1	0.012071383964348224	0.07083967215758422	1	0.05876828819323599	0.06309160158203007	0.0002626583038913093	unsupported	True	0.002388503782027	0.002388503782027
BNIP1	chr5:173056939-173057440	2	0.011316363703816992	0.05538608212106152	1	0.044069718417244524	0.042985558460638715	0.00010492125924477726	unsupported	True	0.0023703317696361	-0.0023703317696361
BNIP1	chr5:173144229-173144730	3	0.012927877430135095	0.05804492613002422	1	0.045117048699889126	0.045003764300811835	0.00011785656716482725	unsupported	True	0.0016738839424629	-0.0016738839424629
BNIP1	chr5:173265738-173266239	4	0.01863804847325159	0.08217999528816179	0	0.0635419468149102	0.08164617178921502	0.0004263462576108206	unsupported	True	0.0009557522449724	0.0009557522449724
BNIP1	chr5:173302428-173302929	5	-0.005293108103404506	0.04225160517095575	0	0.04754471327436025	0.041750901779595874	8.38709004538753e-05	unsupported	True	0.0008863603610571	0.0008863603610571
BNIP1	chr5:173039140-173039641	6	0.007250625811899177	0.10397248303361072	1	0.09672185722171153	0.10338482055326781	0.0010396803147717543	unsupported	True	0.0006565567281048	0.0006565567281048
BNIP1	chr5:173228562-173229063	7	0.009783156889430098	0.05923632829976777	1	0.04945317141033767	0.06723754638317533	0.00019696730205410784	unsupported	True	0.0006402082608276	-0.0006402082608276
BNIP1	chr5:173033885-173034386	8	0.01477729524336255	0.06865467031545505	1	0.053877375072092504	0.07370347878492763	0.0002726242610716398	unsupported	True	0.0005708749261396	0.0005708749261396
BNIP1	chr5:173007986-173008487	9	0.005427087161392232	0.07651257474273099	2	0.07108548758133876	0.08609030232600823	0.00046823944498785767	unsupported	True	0.0005551836861226	0.0005551836861226
BNIP1	chr5:173247204-173247705	10	0.008258072861073712	0.04147638162200042	2	0.03321830876092671	0.027585384483839712	3.8006460031309245e-05	unsupported	True	0.0005350852419981	0.0005350852419981
BNIP1	chr5:173016461-173016962	11	0.018700605661648	0.08580125076523236	5	0.06710064510358436	0.08258542788483958	0.0004754706759641078	unsupported	True	0.0004919736712014	0.0004919736712014
BNIP1	chr5:173144734-173145235	12	0.010731271023548185	0.051199923019329595	1	0.04046865199578141	0.06565406966985063	0.0001360346983835065	unsupported	True	0.0004437551835334	-0.0004437551835334
BNIP1	chr5:173306662-173307163	13	0.01903640439946089	0.04766283273687651	2	0.028626428337415622	0.040950700033657764	5.587381759802152e-05	unsupported	True	0.0003347686174986	0.0003347686174986
BNIP1	chr5:173293885-173294386	14	0.0083681083583874	0.05037501457410043	1	0.04200690621571303	0.054089646852667865	0.00011445902126439864	unsupported	True	0.0003054793247167	0.0003054793247167
BNIP1	chr5:173103323-173103824	15	0.005880032450458738	0.0997075790638182	2	0.09382754661335947	0.10584536286447074	0.000990216977861839	unsupported	True	0.0002991479965046	0.0002991479965046
BNIP1	chr5:173202050-173202551	16	0.017467969094894432	0.04565178943037914	2	0.028183820335484708	0.03504308677553972	4.508790134325669e-05	unsupported	True	0.0002527293336598	0.0002527293336598
BNIP1	chr5:173003181-173003682	17	0.014019019704700854	0.09959636612499297	2	0.0855773464202921	0.09146480592157873	0.0007795721685231891	unsupported	True	0.0002383622000473	0.0002383622000473
BNIP1	chr5:173310787-173311288	18	0.0005972625556950957	0.08901746756238502	2	0.08842020500668991	0.10525230630466698	0.0008284348752341723	unsupported	True	0.0001983607658666	0.0001983607658666
BNIP1	chr5:173245324-173245825	19	0.0073786615603687305	0.05702274749784104	1	0.049644085937472306	0.05834970793588734	0.00016517881425067127	unsupported	True	0.0001752271427725	0.0001752271427725
SIAH1	chr16:48244023-48244524	0	0.004881723442340291	0.07240328001830633	5	0.06752155657596604	0.08030904026279354	0.0003926134039692785	unsupported	True	0.0031085185742123	0.0031085185742123
SIAH1	chr16:48435814-48436315	1	-0.015612898450316496	0.037595991565522346	2	0.05320889001583884	0.0646226296676889	0.00012927375663852411	unsupported	True	0.0022234922591817	-0.0022234922591817
SIAH1	chr16:48537748-48538249	2	-0.016415794642222006	0.02046199373391664	2	0.03687778837613864	0.04163566461444103	3.141798417747541e-05	unsupported	True	0.0021876446060408	-0.0021876446060408
SIAH1	chr16:48499070-48499571	3	-0.005104735150685574	0.04335927398981332	2	0.04846400914049889	0.06126618050636465	0.00012874256150940939	unsupported	True	0.0015008058805098	-0.0015008058805098
SIAH1	chr16:48511509-48512010	4	-0.0035344203260938532	0.03242218896582399	5	0.03595660929191784	0.02348183347344554	2.7374933163291867e-05	unsupported	True	0.0011904503640995	0.0011904503640995
SIAH1	chr16:48385228-48385729	5	0.003456332926605312	0.06536881342157734	5	0.06191248049497203	0.07451686131391615	0.00030158057144156065	unsupported	True	0.0011760206768566	-0.0011760206768566
SIAH1	chr16:48384555-48385056	6	0.0016584831154876295	0.039770221527756375	5	0.038111738412268746	0.05023831126863799	7.61468252894007e-05	unsupported	True	0.0010649135157241	-0.0010649135157241
SIAH1	chr16:48479295-48479796	7	0.011364508292154973	0.038142419841147794	5	0.02677791154899282	0.0369096182248628	3.7698537130159785e-05	unsupported	True	0.0007852792451397	-0.0007852792451397
SIAH1	chr16:48318605-48319106	8	0.01900140239582613	0.10418114558280488	2	0.08517974318697874	0.08671013015331866	0.0007694763798943093	unsupported	True	0.0007844531621572	0.0007844531621572
SIAH1	chr16:48353524-48354025	9	-0.002573256440132782	0.04873375728266266	2	0.05130701372279544	0.057275418571795876	0.00014321051462619475	unsupported	True	0.0005027243218797	-0.0005027243218797
SIAH1	chr16:48326787-48327288	10	0.004529796038167144	0.06847763690151312	5	0.06394784086334598	0.062484623289690566	0.00027361997963601257	unsupported	True	0.0004889027135425	-0.0004889027135425
SIAH1	chr16:48365707-48366208	11	-0.01135037728037452	0.09140583875478019	2	0.10275621603515471	0.11121075282089651	0.0010445490103374775	unsupported	True	0.0004828497418446	-0.0004828497418446
SIAH1	chr16:48393815-48394316	12	0.0056112572094988945	0.04080603814147548	5	0.03519478093197659	0.030987329121087988	4.450274936177547e-05	unsupported	True	0.0004544351605541	0.0004544351605541
SIAH1	chr16:48282678-48283179	13	0.013921881132712019	0.024568504830217722	0	0.010646623697505703	0.014382284648405188	3.7619975773054127e-06	unsupported	True	0.0004331907399329	0.0004331907399329
SIAH1	chr16:48542077-48542578	14	-0.008689217780554252	0.06456015402749235	5	0.07324937180804661	0.08123903274977005	0.0003841786324908634	unsupported	True	0.0004154693374796	0.0004154693374796
SIAH1	chr16:48366505-48367006	15	-0.008870863794484835	0.03446340918401355	2	0.04333427297849839	0.046357431864569414	6.923235740978068e-05	unsupported	True	0.0003906078258424	-0.0003906078258424
SIAH1	chr16:48257581-48258082	16	-0.009979922539672099	0.02728211881735245	2	0.03726204135702455	0.055733866358823325	5.6658348505152544e-05	unsupported	True	0.0003797951879436	-0.0003797951879436
SIAH1	chr16:48540179-48540680	17	-0.00966171124932966	0.02592709873574591	5	0.03558880998507557	0.05093185969938115	4.6995570059335206e-05	unsupported	True	0.0003664314127882	0.0003664314127882
SIAH1	chr16:48503715-48504216	18	0.019876780608855237	0.06432833590255721	1	0.04445155529370197	0.05900692777585425	0.00016872999017664592	unsupported	True	0.0003010970904266	0.0003010970904266
SIAH1	chr16:48586423-48586924	19	-0.009260059488614362	0.03850588418411013	1	0.04776594367272449	0.053408365697706475	9.823239916929774e-05	unsupported	True	0.0002136773066471	0.0002136773066471
CETN2	chrX:152958750-152959251	0	-0.007806284018799879	0.09816297653315789	4	0.10596926055195777	0.11919899892389633	0.0012399387445343679	unsupported	True	0.0038367274497882	-0.0038367274497882
CETN2	chrX:152907052-152907553	1	0.08025816440902156	0.20602566192292615	4	0.1257674975139046	0.19794218672015962	0.005128945701807507	regional_candidate	True	0.0034293213623035	0.0034293213623035
CETN2	chrX:152818643-152819144	2	-0.03195408984703432	0.046582468698633965	4	0.0785365585456683	0.06856151461842569	0.0002508272811678332	unsupported	True	0.0021572636257222	-0.0021572636257222
CETN2	chrX:152902105-152902606	3	0.05392849337138994	0.2006588914040989	4	0.14673039803270896	0.2010436754659651	0.005919280486128457	regional_candidate	True	0.001891341415782	0.001891341415782
CETN2	chrX:152811050-152811551	4	-0.025763544965021527	0.002275847593855232	4	0.02803939255887676	0.011907964974436091	7.598875426234992e-07	unsupported	True	0.0015691122979381	-0.0015691122979381
CETN2	chrX:152886690-152887191	5	0.06869316454649274	0.22624254835212937	4	0.15754938380563663	0.23192551186603813	0.008266839704459105	regional_candidate	True	0.0012286346749387	0.0012286346749387
CETN2	chrX:152915570-152916071	6	0.020657333688830826	0.0374792210853701	4	0.016821887396539274	0.034852085473026866	2.1973237433520735e-05	unsupported	True	0.0008639093281199	0.0008639093281199
CETN2	chrX:152810342-152810843	7	-0.04366842648083174	-0.012953340772212869	4	0.030715085708618868	0.017698569437333472	0.0	unsupported	True	0.0008594592304346	-0.0008594592304346
CETN2	chrX:152926204-152926705	8	0.030269997919725466	0.15303572713657795	4	0.12276572921685248	0.15790745925735586	0.002966693123680021	unsupported	True	0.0007566665061072	0.0007566665061072
CETN2	chrX:152830609-152831110	9	0.007426450251826884	0.1175146812422722	4	0.11008823099044532	0.13047839272440667	0.001687996797259405	unsupported	True	0.0006478268949066	0.0006478268949066
CETN2	chrX:152941344-152941845	10	0.008938505279219583	0.14546488504916275	4	0.13652637976994317	0.1630742330676306	0.0032386206981658196	unsupported	True	0.0004045630998777	-0.0004045630998777
CETN2	chrX:152897745-152898246	11	0.060986607756479516	0.2044480055328044	4	0.14346139777632488	0.2059911509764544	0.006041802163770967	regional_candidate	True	0.0003821840182339	0.0003821840182339
CETN2	chrX:152821122-152821623	12	0.048568768327349986	0.0726378581639901	4	0.024069089836640113	0.06476808034911256	0.00011323579227138055	unsupported	True	0.0002840812701504	0.0002840812701504
CETN2	chrX:152847855-152848356	13	-0.006302273932892001	0.05675204150471557	5	0.06305431543760757	0.09470439320782639	0.0003388959896282192	unsupported	True	0.0001209604529781	-0.0001209604529781
CETN2	chrX:152817049-152817550	14	-0.017408238043844258	0.05947302546766658	4	0.07688126351151084	0.07939029960827078	0.0003630011369226809	unsupported	True	1.5234406354168896e-05	1.5234406354168896e-05
SDHAF1	chr19:35856619-35857120	0	-0.021021559355553585	0.03672352345204002	5	0.057745082807593606	0.05237878408594153	0.00011107460157383567	unsupported	True	0.0018753987401602	0.0018753987401602
SDHAF1	chr19:36139710-36140211	1	-0.025225009926780284	0.03852299247229852	5	0.0637480023990788	0.06466206772285961	0.0001587947662167021	unsupported	True	0.0017607778084151	-0.0017607778084151
SDHAF1	chr19:35936111-35936612	2	-0.013547739786497781	0.04335856858125378	5	0.05690630836775156	0.058629618986050014	0.00014466131911796914	unsupported	True	0.0014259286720844	-0.0014259286720844
SDHAF1	chr19:36115060-36115561	3	-0.019582499784697796	0.0358206319271503	5	0.055403131711848096	0.06252770536831088	0.0001240909326778887	unsupported	True	0.0011474894808507	-0.0011474894808507
SDHAF1	chr19:36140975-36141476	4	-0.01529227573439767	0.02707802881480861	5	0.04237030454920628	0.04223280495149607	4.8453879882285404e-05	unsupported	True	0.0011338867148576	-0.0011338867148576
SDHAF1	chr19:35869854-35870355	5	-0.010447577484046958	0.04458845756328216	5	0.055036035047329124	0.06559005415389992	0.00016095615067625765	unsupported	True	0.0010618867780074	-0.0010618867780074
SDHAF1	chr19:36054183-36054684	6	-0.025355813426680047	0.03207763547366997	5	0.057433448900350015	0.04907837798986364	9.041853071556031e-05	unsupported	True	0.0010589155344213	-0.0010589155344213
SDHAF1	chr19:35994861-35995362	7	-0.0246671226384636	0.022142441339069483	5	0.04680956397753308	0.050001412054791944	5.1825364787758525e-05	unsupported	True	0.0009978339438767	-0.0009978339438767
SDHAF1	chr19:35947316-35947817	8	-0.015252231041868883	0.04875793188967421	5	0.06401016293154309	0.06926827801244947	0.00021618651487376642	unsupported	True	0.0009859592097416	0.0009859592097416
SDHAF1	chr19:36014126-36014627	9	-0.024222260084255338	0.03144673968563616	5	0.055668999769891495	0.05727885880072113	0.0001002728596256427	unsupported	True	0.000947785891044	-0.000947785891044
SDHAF1	chr19:35900390-35900891	10	-0.023055900727445674	0.05088558047214637	5	0.07394148119959204	0.07757401439792341	0.0002918765106225698	unsupported	True	0.0009424297129658	0.0009424297129658
SDHAF1	chr19:35931400-35931901	11	-0.020288280487877522	0.03704843988244134	5	0.05733672037031886	0.05675729090096379	0.00012056588273382868	unsupported	True	0.0008609985964886	-0.0008609985964886
SDHAF1	chr19:35891656-35892157	12	0.012650122377560278	0.08401076556315767	2	0.0713606431855974	0.08839538310697782	0.0005299358256738217	unsupported	True	0.0007162378633186	0.0007162378633186
SDHAF1	chr19:35909192-35909693	13	-0.016575637533619885	0.04284526290436627	3	0.05942090043798616	0.05858543736264476	0.00014915290525682168	unsupported	True	0.0006275691109906	0.0006275691109906
SDHAF1	chr19:36033211-36033712	14	-0.01263957348450001	0.025093085225911523	5	0.03773265871041154	0.054727631929926024	5.18176992065151e-05	unsupported	True	0.0005734739215258	-0.0005734739215258
SDHAF1	chr19:36032654-36033155	15	-0.02254912045446803	0.03117655585022117	5	0.053725676304689204	0.05599692441534945	9.379381513508796e-05	unsupported	True	0.0005547108754009	-0.0005547108754009
SDHAF1	chr19:36127774-36128275	16	-0.02302213792630775	0.03701046000054932	5	0.06003259792685707	0.06369054804495546	0.00014150982922028172	unsupported	True	0.0005518673842544	-0.0005518673842544
SDHAF1	chr19:36055051-36055552	17	-0.02752726079081716	0.01209649020368196	5	0.03962375099449912	0.04253303625187316	2.038643796911253e-05	unsupported	True	0.0005506497852193	-0.0005506497852193
SDHAF1	chr19:35899538-35900039	18	-0.013725388315147422	0.04253637968368385	5	0.05626176799883127	0.07524523572418738	0.00018007478564572094	unsupported	True	0.0003453599261935	-0.0003453599261935
SDHAF1	chr19:35869197-35869698	19	-0.008184134737239897	0.05491084053646329	5	0.0630949752737032	0.07878817299004715	0.0002729693564849074	unsupported	True	0.0003247176201807	0.0003247176201807
LRRC53	chr1:74504079-74504580	0	0.0	0.0	0	0.0	0.0	0.0	unsupported	True	0.0022402581586884	0.0022402581586884
LRRC53	chr1:74506351-74506852	1	0.0	0.0	0	0.0	0.0	0.0	unsupported	True	0.0021578721940403	0.0021578721940403
LRRC53	chr1:74505141-74505642	2	0.0	0.0	0	0.0	0.0	0.0	unsupported	True	0.0020293967750593	0.0020293967750593
LRRC53	chr1:74548888-74549389	3	0.0	0.0	0	0.0	0.0	0.0	unsupported	True	0.0018493173503545	0.0018493173503545
LRRC53	chr1:74468934-74469435	4	0.0	0.0	0	0.0	0.0	0.0	unsupported	True	0.0016043432550373	0.0016043432550373
LRRC53	chr1:74570664-74571165	5	0.0	0.0	0	0.0	0.0	0.0	unsupported	True	0.001332176228814	0.001332176228814
LRRC53	chr1:74439118-74439619	6	0.0	0.0	0	0.0	0.0	0.0	unsupported	True	0.0013165143001725	0.0013165143001725
LRRC53	chr1:74429529-74430030	7	0.0	0.0	0	0.0	0.0	0.0	unsupported	True	0.0009711098914911	0.0009711098914911
LRRC53	chr1:74474546-74475047	8	0.0	0.0	0	0.0	0.0	0.0	unsupported	True	0.0008470866440473	0.0008470866440473
LRRC53	chr1:74531739-74532240	9	0.0	0.0	0	0.0	0.0	0.0	unsupported	True	0.0008356653234004	0.0008356653234004
LRRC53	chr1:74522137-74522638	10	0.0	0.0	0	0.0	0.0	0.0	unsupported	True	0.0006378980632024	0.0006378980632024
LRRC53	chr1:74363143-74363644	11	0.0	0.0	0	0.0	0.0	0.0	unsupported	True	0.0005392375835823	-0.0005392375835823
LRRC53	chr1:74552701-74553202	12	0.0	0.0	0	0.0	0.0	0.0	unsupported	True	0.0004517047714709	0.0004517047714709
LRRC53	chr1:74389555-74390056	13	0.0	0.0	0	0.0	0.0	0.0	unsupported	True	0.0004179941188086	0.0004179941188086
LRRC53	chr1:74545878-74546379	14	0.0	0.0	0	0.0	0.0	0.0	unsupported	True	0.0003352505176538	0.0003352505176538
LRRC53	chr1:74575561-74576062	15	0.0	0.0	0	0.0	0.0	0.0	unsupported	True	0.0002482408246209	0.0002482408246209
LRRC53	chr1:74392772-74393273	16	0.0	0.0	0	0.0	0.0	0.0	unsupported	True	0.0001899154524814	0.0001899154524814
LRRC53	chr1:74521588-74522089	17	0.0	0.0	0	0.0	0.0	0.0	unsupported	True	0.0001480812244288	0.0001480812244288
LRRC53	chr1:74379829-74380330	18	0.0	0.0	0	0.0	0.0	0.0	unsupported	True	0.0001461590494989	-0.0001461590494989
LRRC53	chr1:74639926-74640427	19	0.0	0.0	0	0.0	0.0	0.0	unsupported	True	0.0001422639730985	0.0001422639730985
ENKD1	chr16:67537219-67537720	0	0.033924130757067524	0.05002758545077428	2	0.016103454693706755	0.04274153332529491	3.4433303961273036e-05	unsupported	True	0.0023982671889565	0.0023982671889565
ENKD1	chr16:67520999-67521500	1	0.0201561447175933	0.047622985928479244	2	0.027466841210885943	0.042134791516412445	5.511454013080839e-05	unsupported	True	0.0018438553942157	0.0018438553942157
ENKD1	chr16:67642208-67642709	2	0.03956705014871674	0.08116381318815007	5	0.04159676303943333	0.06696478217983154	0.00022608327689517253	unsupported	True	0.0016653623159116	0.0016653623159116
ENKD1	chr16:67649429-67649930	3	0.021202249452084647	0.07127161509159236	3	0.05006936563950771	0.06035779902973968	0.0002153882879679973	unsupported	True	0.0015308171531124	-0.0015308171531124
ENKD1	chr16:67719140-67719641	4	0.016349643130982697	0.05334409186857031	4	0.036994448737587615	0.054003242529221944	0.00010657190361412674	unsupported	True	0.0012367116004401	-0.0012367116004401
ENKD1	chr16:67562226-67562727	5	0.020988040211663412	0.05303485720923717	4	0.03204681699757375	0.05005538006797234	8.507404204673895e-05	unsupported	True	0.0011420732916095	-0.0011420732916095
ENKD1	chr16:67667777-67668278	6	0.02832040961244263	0.04283053776707873	5	0.0145101281546361	0.030966485987419218	1.9244946175580428e-05	unsupported	True	0.0010417384919198	0.0010417384919198
ENKD1	chr16:67563109-67563610	7	0.021944055502495344	0.04535811161575201	4	0.023414056113256667	0.031898921605677026	3.387720884744288e-05	unsupported	True	0.0009415040000418	0.0009415040000418
ENKD1	chr16:67660600-67661101	8	0.010574975071545848	0.04807035612284582	2	0.03749538105129997	0.04844112749526385	8.731107876140157e-05	unsupported	True	0.000926415143613	-0.000926415143613
ENKD1	chr16:67644589-67645090	9	0.056149383806724684	0.0635755992496336	5	0.007426215442908918	0.032600427491089684	1.5391512589937705e-05	unsupported	True	0.0008638810411548	0.0008638810411548
ENKD1	chr16:67528524-67529025	10	0.026151741738830617	0.053919973819336726	4	0.02776823208050611	0.05671349283670621	8.491497737935342e-05	unsupported	True	0.0007182237289221	0.0007182237289221
ENKD1	chr16:67660067-67660568	11	0.020129518412369304	0.06531776348696253	4	0.04518824507459322	0.05693734660992707	0.00016805599349847212	unsupported	True	0.0006934390439366	-0.0006934390439366
ENKD1	chr16:67546920-67547421	12	0.03572185475169266	0.05577037453210403	0	0.020048519780411375	0.03991804264617871	4.463290065850848e-05	unsupported	True	0.0005712809344476	0.0005712809344476
ENKD1	chr16:67719784-67720285	13	0.00825425514089579	0.0500362428229099	2	0.04178198768201411	0.047425321620273894	9.914802621850041e-05	unsupported	True	0.0004991314084542	-0.0004991314084542
ENKD1	chr16:67530069-67530570	14	0.03154522529732896	0.04732283944169833	4	0.015777614144369366	0.04237738468342351	3.164071410539473e-05	unsupported	True	0.000495114683193	0.000495114683193
ENKD1	chr16:67632728-67633229	15	0.03309213143851678	0.0750399045718147	5	0.041947773133297915	0.05977800560801516	0.000188166629197808	unsupported	True	0.0004570365762438	0.0004570365762438
ENKD1	chr16:67666535-67667036	16	0.025484282466663743	0.07051762191385191	4	0.04503333944718817	0.059831369232929324	0.00019000312899484974	unsupported	True	0.0003852672104901	-0.0003852672104901
ENKD1	chr16:67806436-67806937	17	0.017616838204039035	0.05204885397232261	4	0.03443201576828357	0.05104632139500833	9.148250974278054e-05	unsupported	True	0.0003825542489741	-0.0003825542489741
ENKD1	chr16:67597553-67598054	18	0.0138020482034704	0.06357646888618552	3	0.04977442068271513	0.04136911974203335	0.00013091183096786388	unsupported	True	0.0003399727766856	0.0003399727766856
ENKD1	chr16:67529034-67529535	19	0.021757903138390912	0.034107064969472536	4	0.012349161831081625	0.02980723293095716	1.2554617678456448e-05	unsupported	True	0.0003023414308762	0.0003023414308762
ZPR1	chr11:116787799-116788300	0	0.0009013458308802234	0.04359910524113392	4	0.042697759410253694	0.04527683011277405	8.428662731199881e-05	unsupported	True	0.0023524650766155	0.0023524650766155
ZPR1	chr11:116730485-116730986	1	-0.003700027580328438	0.05316476737487415	4	0.05686479495520259	0.07350500258582224	0.00022222058811301995	unsupported	True	0.002189279613878	-0.002189279613878
ZPR1	chr11:116793638-116794139	2	0.013036744170996801	0.0793042896923009	4	0.0662675455213041	0.10896785389662078	0.0005726588309296454	unsupported	True	0.0016920708339975	0.0016920708339975
ZPR1	chr11:116886238-116886739	3	0.018126385684168297	0.04412701956449472	0	0.02600063388032642	0.05488308026041436	6.296903081502188e-05	unsupported	True	0.001325338484466	-0.001325338484466
ZPR1	chr11:116742730-116743231	4	0.013751081241426296	0.06032870913125384	4	0.04657762788982755	0.06478841105420566	0.00018205337252255116	unsupported	True	0.0012742864288536	0.0012742864288536
ZPR1	chr11:116691611-116692112	5	0.01161777790733131	0.04966640005456323	4	0.03804862214723192	0.04010198269735048	7.578224415118466e-05	unsupported	True	0.0010762843013644	0.0010762843013644
ZPR1	chr11:116721959-116722460	6	-0.00875490768218557	0.030310018022997296	4	0.039064925705182864	0.03975592595242032	4.707334611203739e-05	unsupported	True	0.0010080892596087	-0.0010080892596087
ZPR1	chr11:116732120-116732621	7	0.01457233576051575	0.06158734056373258	4	0.047015004803216826	0.06096206997609819	0.00017651744836925297	unsupported	True	0.0009824182856548	0.0009824182856548
ZPR1	chr11:116703341-116703842	8	-0.01174504639011608	0.012391273118808986	4	0.024136319508925065	0.026508546165393422	7.928168753438863e-06	unsupported	True	0.0008138040200722	0.0008138040200722
ZPR1	chr11:116707255-116707756	9	0.008509581974644664	0.07799904751741635	4	0.06948946554277169	0.07457108320611731	0.00040418363224722166	unsupported	True	0.000793917167011	0.000793917167011
ZPR1	chr11:116709715-116710216	10	-0.007982700674625401	0.05245598208950446	0	0.06043868276412986	0.06054364809806821	0.0001919457935063768	unsupported	True	0.0007441899806757	0.0007441899806757
ZPR1	chr11:116732640-116733141	11	0.020584502402894944	0.07508456571952897	4	0.054500063316634026	0.07957178898003847	0.000325616798732923	unsupported	True	0.0006854428803846	0.0006854428803846
ZPR1	chr11:116637488-116637989	12	0.011931068117876004	0.05697948579032828	5	0.045048417672452275	0.05050329481836599	0.0001296336588268588	unsupported	True	0.0005751653374033	-0.0005751653374033
ZPR1	chr11:116835847-116836348	13	0.0006322242403772789	0.04709760706016115	4	0.046465382819783865	0.0450584684058477	9.860632813467384e-05	unsupported	True	0.0005676357262246	0.0005676357262246
ZPR1	chr11:116854870-116855371	14	-0.003986436963623019	0.07708155065923246	4	0.08106798762285548	0.09402469179447415	0.0005875458375364999	unsupported	True	0.0005315122010796	0.0005315122010796
ZPR1	chr11:116625595-116626096	15	-0.012246593125270332	0.024072023003298026	4	0.03631861612856836	0.03094414614226213	2.7053308512926824e-05	unsupported	True	0.0004909994752102	0.0004909994752102
ZPR1	chr11:116731150-116731651	16	0.009553604058044965	0.06103980623481767	4	0.0514862021767727	0.07175366645235841	0.00022550080757113633	unsupported	True	0.0004656636367184	0.0004656636367184
ZPR1	chr11:116754783-116755284	17	0.015411389184826697	0.07845787518131588	4	0.06304648599648918	0.09071961181005143	0.00044874395462182244	unsupported	True	0.000339513946033	0.000339513946033
ZPR1	chr11:116791197-116791698	18	0.009451978996443858	0.05238144792462716	4	0.0429294689281833	0.05427568762746959	0.00012205015892106538	unsupported	True	0.0003072707467765	-0.0003072707467765
ZPR1	chr11:116879790-116880291	19	0.017867511230082747	0.07215180392312694	0	0.05428429269304419	0.07254908427929412	0.00028415369795083253	unsupported	True	0.0002161738712141	0.0002161738712141
CPZ	chr4:8580061-8580562	0	0.0	0.0	0	0.0	0.0	0.0	unsupported	True	0.0050793993185861	0.0050793993185861
CPZ	chr4:8508766-8509267	1	0.0	0.0	0	0.0	0.0	0.0	unsupported	True	0.0027515630496324	0.0027515630496324
CPZ	chr4:8607548-8608049	2	0.0	0.0	0	0.0	0.0	0.0	unsupported	True	0.0020060789809433	0.0020060789809433
CPZ	chr4:8537111-8537612	3	0.0	0.0	0	0.0	0.0	0.0	unsupported	True	0.0018214844853559	0.0018214844853559
CPZ	chr4:8592475-8592976	4	0.0	0.0	0	0.0	0.0	0.0	unsupported	True	0.0017339179194783	0.0017339179194783
CPZ	chr4:8615756-8616257	5	0.0	0.0	0	0.0	0.0	0.0	unsupported	True	0.0014510091795207	0.0014510091795207
CPZ	chr4:8738140-8738641	6	0.0	0.0	0	0.0	0.0	0.0	unsupported	True	0.0011476927313008	0.0011476927313008
CPZ	chr4:8575684-8576185	7	0.0	0.0	0	0.0	0.0	0.0	unsupported	True	0.0007298396613535	0.0007298396613535
CPZ	chr4:8589811-8590312	8	0.0	0.0	0	0.0	0.0	0.0	unsupported	True	0.0004777534857528	0.0004777534857528
CPZ	chr4:8688119-8688620	9	0.0	0.0	0	0.0	0.0	0.0	unsupported	True	0.0001923584598159	-0.0001923584598159
CPZ	chr4:8613727-8614228	10	0.0	0.0	0	0.0	0.0	0.0	unsupported	True	0.0001842403069976	0.0001842403069976
CPZ	chr4:8600584-8601085	11	0.0	0.0	0	0.0	0.0	0.0	unsupported	True	0.0001679714430494	-0.0001679714430494
CPZ	chr4:8739265-8739766	12	0.0	0.0	0	0.0	0.0	0.0	unsupported	True	0.0001384691960494	0.0001384691960494
CPZ	chr4:8594375-8594876	13	0.0	0.0	0	0.0	0.0	0.0	unsupported	True	0.0001107503792738	-0.0001107503792738
CPZ	chr4:8740366-8740867	14	0.0	0.0	0	0.0	0.0	0.0	unsupported	True	9.629945575624446e-05	-9.629945575624446e-05
CPZ	chr4:8468678-8469179	15	0.0	0.0	0	0.0	0.0	0.0	unsupported	True	8.250845094005197e-05	-8.250845094005197e-05
CPZ	chr4:8496571-8497072	16	0.0	0.0	0	0.0	0.0	0.0	unsupported	True	8.083333845569979e-05	8.083333845569979e-05
CPZ	chr4:8581001-8581502	17	0.0	0.0	0	0.0	0.0	0.0	unsupported	True	8.030184484409292e-05	-8.030184484409292e-05
CPZ	chr4:8504135-8504636	18	0.0	0.0	0	0.0	0.0	0.0	unsupported	True	6.960500818351017e-05	6.960500818351017e-05
CPZ	chr4:8646538-8647039	19	0.0	0.0	0	0.0	0.0	0.0	unsupported	True	2.870853657320856e-05	2.870853657320856e-05
ZNF564	chr19:12401038-12401539	0	0.007006344390430519	0.020349561020594462	3	0.013343216630163943	0.027030797304223805	7.3396345766476415e-06	unsupported	True	0.0021655960723268	0.0021655960723268
ZNF564	chr19:12484589-12485090	1	0.0016588466223860243	0.021640095477987713	3	0.01998124885560169	0.022178642146234533	9.589959099325837e-06	unsupported	True	0.0019057512231928	-0.0019057512231928
ZNF564	chr19:12611233-12611734	2	0.004504189774413873	0.019665253365578318	3	0.015161063591164446	0.02341895342354332	6.982270959786178e-06	unsupported	True	0.0016911272305869	0.0016911272305869
ZNF564	chr19:12681619-12682120	3	0.003153118633809072	0.029668049621387894	3	0.026514930987578823	0.03943094595120794	3.101820727459227e-05	unsupported	True	0.0016713578145761	-0.0016713578145761
ZNF564	chr19:12648049-12648550	4	0.006496543194044195	0.03259933206894462	3	0.026102788874900428	0.03570801769409026	3.038514784811955e-05	unsupported	True	0.0013238421398673	0.0013238421398673
ZNF564	chr19:12666511-12667012	5	0.001884777049255468	0.02354216627532098	3	0.021657389226065513	0.0239265403506724	1.219923032467259e-05	unsupported	True	0.0010262288530872	-0.0010262288530872
ZNF564	chr19:12669204-12669705	6	0.003053789380479659	0.043741013067903685	1	0.04068722368742403	0.04747582358414078	8.449274141633148e-05	unsupported	True	0.0010056675537704	-0.0010056675537704
ZNF564	chr19:12681008-12681509	7	0.0064999989566344694	0.03301606765563471	3	0.02651606869900024	0.03253511152040161	2.848306894152327e-05	unsupported	True	0.0008875917952966	0.0008875917952966
ZNF564	chr19:12597113-12597614	8	0.005175166509790331	0.025102104273253593	3	0.019926937763463264	0.027377239053824894	1.3694315897683274e-05	unsupported	True	0.0008396445977028	0.0008396445977028
ZNF564	chr19:12640043-12640544	9	0.007045813290320787	0.03493670729881638	1	0.027890894008495593	0.03408963324229393	3.3217484074870063e-05	unsupported	True	0.0008366207067867	0.0008366207067867
ZNF564	chr19:12610609-12611110	10	0.0018050199440399694	0.033771595102862303	3	0.031966575158822334	0.03662573958513504	3.953976521506326e-05	unsupported	True	0.0006966554947841	-0.0006966554947841
ZNF564	chr19:12696404-12696905	11	0.0021027307777331415	0.035590713512130404	3	0.033487982734397265	0.034736501388691096	4.1401088215001254e-05	unsupported	True	0.0006708210366248	-0.0006708210366248
ZNF564	chr19:12513658-12514159	12	0.007055727339239508	0.016262491556346036	3	0.009206764217106526	0.030473295160784016	4.562611842872011e-06	unsupported	True	0.0006556779728944	0.0006556779728944
ZNF564	chr19:12551339-12551840	13	0.0038227934937958064	0.02462134499509576	3	0.02079855150129995	0.022800324837869763	1.1675779857264795e-05	unsupported	True	0.0006296378559916	0.0006296378559916
ZNF564	chr19:12647389-12647890	14	-0.0008518459594734339	0.03115486888616028	3	0.032006714845633714	0.04608806947404676	4.595741000413564e-05	unsupported	True	0.000595702513231	0.000595702513231
ZNF564	chr19:12483988-12484489	15	-0.0034754110382259414	0.025172248192397478	3	0.02864765923062342	0.030910245090365537	2.229018103890532e-05	unsupported	True	0.0005198715534902	-0.0005198715534902
ZNF564	chr19:12676264-12676765	16	0.0017285395210575028	0.02729066052823931	3	0.025562121007181807	0.034822616314845206	2.4292506707571684e-05	unsupported	True	0.0004263629777537	0.0004263629777537
ZNF564	chr19:12564012-12564513	17	0.004177773745987704	0.0243133533862899	3	0.020135579640302194	0.030151074321369774	1.4760864370979033e-05	unsupported	True	0.000365592947795	0.000365592947795
ZNF564	chr19:12440867-12441368	18	0.000998127511048458	0.01762221902163723	3	0.016624091510588773	0.0184579412632013	5.407316311081217e-06	unsupported	True	0.0003174515354209	0.0003174515354209
ZNF564	chr19:12495183-12495684	19	0.000585418929370017	0.02105973243639354	3	0.020474313507023525	0.02415258803279462	1.0414198994488451e-05	unsupported	True	0.0001990931119817	-0.0001990931119817
PHEX	chrX:21940336-21940837	0	-0.013600238520852338	0.023478412288417162	4	0.0370786508092695	0.023478412288417162	2.0439081357837536e-05	unsupported	True	0.0027973713068527	0.0027973713068527
PHEX	chrX:21941879-21942380	1	-0.01462355136262738	0.01697899344338286	1	0.03160254480601024	0.01697899344338286	9.110578132374972e-06	unsupported	True	0.0020947355818443	0.0020947355818443
PHEX	chrX:22516651-22517152	2	-0.0034199004519231946	0.06763319491447516	1	0.07105309536639835	0.07028378117689399	0.0003377520733974492	unsupported	True	0.0017119247117693	0.0017119247117693
PHEX	chrX:22536891-22537392	3	-0.008845844772377667	0.01059674928956082	1	0.01944259406193849	0.025783963289332443	5.3122259900238586e-06	unsupported	True	0.0013987790815313	0.0013987790815313
PHEX	chrX:22320404-22320905	4	-0.019561704030407485	0.008559985368754413	1	0.028121689399161896	0.008559985368754413	2.0605703762489615e-06	unsupported	True	0.0013947869279821	0.0013947869279821
PHEX	chrX:22300142-22300643	5	-0.010118238460889351	0.04737015928952295	1	0.0574883977504123	0.06302034091084241	0.0001716191702717607	unsupported	True	0.0013895055761766	0.0013895055761766
PHEX	chrX:22339505-22340006	6	-0.018741860499653054	0.0	3	0.018741860499653054	0.018551288937376998	0.0	unsupported	True	0.0011426231462114	0.0011426231462114
PHEX	chrX:22392338-22392839	7	-0.017139243422282034	0.006998332617203079	1	0.024137576039485114	0.007565118541104056	1.277920898093956e-06	unsupported	True	0.0010116586439797	0.0010116586439797
PHEX	chrX:22366943-22367444	8	0.01441690283301399	0.09714571294589883	1	0.08272881011288484	0.09714571294589883	0.0007807357346466116	unsupported	True	0.0009377856416043	-0.0009377856416043
PHEX	chrX:22594673-22595174	9	-0.006393883700711825	0.030434310276418755	1	0.03682819397713058	0.03745635130416539	4.198260235672881e-05	unsupported	True	0.0007343110550269	0.0007343110550269
PHEX	chrX:22127416-22127917	10	-0.013471708016378878	0.0	3	0.013471708016378878	0.023794581654067268	0.0	unsupported	True	0.0005177639546123	0.0005177639546123
PHEX	chrX:22268712-22269213	11	-0.008998774970101793	0.013994344546778273	1	0.022993119516880066	0.015719187991445196	5.058020286362963e-06	unsupported	True	0.00051333425053	0.00051333425053
PHEX	chrX:22350926-22351427	12	-0.011138426335161995	0.015159715426980705	1	0.0262981417621427	0.036737965840649756	1.46464110059059e-05	unsupported	True	0.0004708700832877	0.0004708700832877
PHEX	chrX:22577129-22577630	13	-0.009707409961245944	0.03157277738530363	1	0.04128018734654958	0.04961293690388686	6.46620372666895e-05	unsupported	True	0.0004697124919479	-0.0004697124919479
PHEX	chrX:22193780-22194281	14	-0.011166071521096176	0.007149413549654886	4	0.018315485070751064	0.007149413549654886	9.361797937762747e-07	unsupported	True	0.0003660500555428	0.0003660500555428
PHEX	chrX:22352102-22352603	15	0.005526735798541604	0.08006080571190773	1	0.07453406991336613	0.08006080571190773	0.00047774345857213283	unsupported	True	0.0003506666045675	0.0003506666045675
PHEX	chrX:22073940-22074441	16	-0.017834070276049857	0.0	3	0.017834070276049857	0.023934033714429575	0.0	unsupported	True	0.0003489521447649	0.0003489521447649
PHEX	chrX:21985211-21985712	17	-0.008825946683574172	0.038593710563643115	1	0.047419657247217285	0.038593710563643115	7.063037003470366e-05	unsupported	True	0.0002656052612862	-0.0002656052612862
PHEX	chrX:21987756-21988257	18	-0.01073020076235071	0.0	3	0.01073020076235071	0.012523951543766874	0.0	unsupported	True	0.0002633093721302	-0.0002633093721302
PHEX	chrX:22321007-22321508	19	-0.016159427093177782	0.0074187920044453725	4	0.023578219097623154	0.022472424438242787	3.930919254963722e-06	unsupported	True	0.0002475854135055	-0.0002475854135055
PCDHA13	chr5:141041000-141041501	0	-0.023515514903191224	0.012542054590209881	2	0.03605756949340111	0.012542054590209881	5.671968662073981e-06	unsupported	True	0.0037084279327557	0.0037084279327557
PCDHA13	chr5:141040058-141040559	1	-0.016520216537647063	0.035522023614017496	2	0.05204224015166456	0.035522023614017496	6.566763562657041e-05	unsupported	True	0.0033601294507468	0.0033601294507468
PCDHA13	chr5:140807403-140807904	2	-0.014712651304618978	0.010496487681292917	2	0.025209138985911893	0.010496487681292917	2.777448491046929e-06	unsupported	True	0.0020258458352026	0.0020258458352026
PCDHA13	chr5:141094316-141094817	3	-0.019354405841066513	0.024405675336834305	2	0.04376008117790082	0.024405675336834305	2.6065122975751458e-05	unsupported	True	0.0012520140284813	0.0012520140284813
PCDHA13	chr5:140855604-140856105	4	-0.01821916645023628	0.0	0	0.01821916645023628	0.0	0.0	unsupported	True	0.0009418733296126	0.0009418733296126
PCDHA13	chr5:140982121-140982622	5	-0.014252431588553846	0.0	0	0.014252431588553846	0.0	0.0	unsupported	True	0.000916404307178	0.000916404307178
PCDHA13	chr5:140926375-140926876	6	-0.021953146973819126	0.012265384345493683	2	0.03421853131931281	0.012265384345493683	5.147823982729403e-06	unsupported	True	0.0007196594326244	-0.0007196594326244
PCDHA13	chr5:140966432-140966933	7	-0.023169131216418934	0.010525027756059941	2	0.03369415897247888	0.010525027756059941	3.7325112053715367e-06	unsupported	True	0.0007162498246384	0.0007162498246384
PCDHA13	chr5:140965922-140966423	8	-0.021576626421922238	0.02388635470624507	2	0.04546298112816731	0.02388635470624507	2.593926491114465e-05	unsupported	True	0.0006910696186929	0.0006910696186929
PCDHA13	chr5:140958388-140958889	9	-0.00518943340127167	0.022645381741995846	2	0.027834815143267515	0.022645381741995846	1.4274063804896761e-05	unsupported	True	0.0006166916559236	-0.0006166916559236
PCDHA13	chr5:140828310-140828811	10	-0.015196933025324981	0.006776386642132421	2	0.0219733196674574	0.006776386642132421	1.00900200503375e-06	unsupported	True	0.0006140063493849	0.0006140063493849
PCDHA13	chr5:140827670-140828171	11	-0.01942135397027863	0.012703081683024602	2	0.03212443565330323	0.012703081683024602	5.183865063731567e-06	unsupported	True	0.000522384111328	0.000522384111328
PCDHA13	chr5:141100186-141100687	12	-0.015430002837805648	0.0358465892369716	2	0.05127659207477725	0.0358465892369716	6.588929067611103e-05	unsupported	True	0.0004196952170735	0.0004196952170735
PCDHA13	chr5:140800800-140801301	13	-0.018760564895620495	0.013235498655746941	2	0.031996063551367436	0.013235498655746941	5.605020008450699e-06	unsupported	True	0.0003930248208454	0.0003930248208454
PCDHA13	chr5:140881870-140882371	14	-0.017654706811489663	0.029204337840891798	2	0.04685904465238146	0.029204337840891798	3.996576751162133e-05	unsupported	True	0.0002852696267099	0.0002852696267099
PCDHA13	chr5:141100951-141101452	15	-0.0151117461723838	0.0	0	0.0151117461723838	0.0	0.0	unsupported	True	0.0002697696242957	-0.0002697696242957
PCDHA13	chr5:141149763-141150264	16	-0.017732017830243068	0.01801763128648269	2	0.03574964911672576	0.01801763128648269	1.160558867002435e-05	unsupported	True	0.0002653570070323	-0.0002653570070323
PCDHA13	chr5:140833961-140834462	17	-0.013876004072174864	0.03695666340892156	2	0.050832667481096425	0.03695666340892156	6.942700157364686e-05	unsupported	True	0.0002474522156722	0.0002474522156722
PCDHA13	chr5:140996014-140996515	18	-0.012751005648774414	0.011814035094068382	2	0.024565040742842797	0.011814035094068382	3.4285777466699315e-06	unsupported	True	0.0002336867822393	-0.0002336867822393
PCDHA13	chr5:140868668-140869169	19	-0.019767798399160673	0.0	0	0.019767798399160673	0.0	0.0	unsupported	True	0.0002249199286708	-0.0002249199286708
SIRT3	chr11:207268-207769	0	0.0111063487635846	0.043170094745576953	2	0.03206374598199235	0.041809808667915394	5.787292609973594e-05	unsupported	True	0.003235409754204	-0.003235409754204
SIRT3	chr11:287806-288307	1	0.035015945054511236	0.0985322961769568	2	0.06351635112244557	0.07746311623194375	0.00048479609005423014	unsupported	True	0.0024207444811826	0.0024207444811826
SIRT3	chr11:236173-236674	2	0.016664815287466224	0.04941495435447156	4	0.032750139067005336	0.049507635929662036	8.012051562239721e-05	unsupported	True	0.0023187640747038	-0.0023187640747038
SIRT3	chr11:208500-209001	3	0.03067947193284731	0.0742337283425779	2	0.04355425640973058	0.05849303440579945	0.00018911937692803475	unsupported	True	0.0020595245664859	-0.0020595245664859
SIRT3	chr11:288836-289337	4	0.02860538869443468	0.07910431232989168	2	0.050498923635457	0.07906263786933979	0.000315830145987501	unsupported	True	0.0013319129069562	-0.0013319129069562
SIRT3	chr11:236694-237195	5	0.014941416598236137	0.05840468375268348	2	0.043463267154447344	0.059681630417902594	0.00015149933444944544	unsupported	True	0.0012602524853015	-0.0012602524853015
SIRT3	chr11:369929-370430	6	0.01702985264659241	0.06625220162378147	4	0.04922234897718906	0.07195497032710277	0.00023465156142551022	unsupported	True	0.0012185535259642	0.0012185535259642
SIRT3	chr11:350033-350534	7	0.027856659935585677	0.12103081580437684	2	0.09317415586879116	0.1136909396977347	0.0012820863712708214	unsupported	True	0.000836859308439	-0.000836859308439
SIRT3	chr11:197336-197837	8	0.0042260037237287825	0.029522120420018994	4	0.025296116696290213	0.04362348300343199	3.2577799132054255e-05	unsupported	True	0.0006052892157929	0.0006052892157929
SIRT3	chr11:356094-356595	9	0.03775026520987603	0.10642240353310116	2	0.06867213832322513	0.09678993883726612	0.0007073654592269954	unsupported	True	0.0005959271983429	-0.0005959271983429
SIRT3	chr11:383909-384410	10	-0.005298746421377787	0.024437535758390173	3	0.02973628217976796	0.043897876671863775	3.189977307084792e-05	unsupported	True	0.0005814395815431	0.0005814395815431
SIRT3	chr11:353270-353771	11	0.038911816343102035	0.13276128010625438	2	0.09384946376315234	0.12654745038192924	0.0015767274423198138	unsupported	True	0.0005259406798179	-0.0005259406798179
SIRT3	chr11:335687-336188	12	0.040096388436667955	0.11433774020760162	2	0.07424135177093366	0.12193856723695293	0.0010350863063171777	unsupported	True	0.0003473104160549	-0.0003473104160549
SIRT3	chr11:342276-342777	13	0.04715559766207871	0.12860496365547536	2	0.08144936599339664	0.11675988052767877	0.0012230355504324404	unsupported	True	0.0002859793198015	-0.0002859793198015
SIRT3	chr11:304862-305363	14	0.022482815669629428	0.07318286152038594	2	0.05070004585075652	0.08069882226764134	0.00029942284704201745	unsupported	True	0.0002410950747701	0.0002410950747701
SIRT3	chr11:324424-324925	15	0.018941775415404826	0.055092361010115706	3	0.03615058559471088	0.04614875367767319	9.191083213128921e-05	unsupported	True	0.0002147854702852	0.0002147854702852
SIRT3	chr11:326943-327444	16	0.036660280471800755	0.07437394236386824	2	0.037713661892067485	0.05464701121631135	0.00015328015129308328	unsupported	True	0.0001474778584875	-0.0001474778584875
SIRT3	chr11:320412-320913	17	0.0519367056612185	0.14251067661486583	2	0.09057397095364733	0.11551617944820125	0.0014910548760366739	unsupported	True	0.0001266693159958	-0.0001266693159958
SIRT3	chr11:369174-369675	18	0.004919759266513127	0.03590926692617242	2	0.030989507659659292	0.039387804572715936	4.383116259741428e-05	unsupported	True	6.823012725220307e-05	6.823012725220307e-05
NDUFB11	chrX:47264375-47264876	0	-0.008902718347673675	0.005121118133062266	2	0.014023836480735942	0.011179012940462356	8.028512580872021e-07	unsupported	True	0.0025525140541385	0.0025525140541385
NDUFB11	chrX:47146545-47147046	1	-0.03123227527510024	0.023848521941163475	2	0.055080797216263716	0.047501917184182674	6.239830944977853e-05	unsupported	True	0.0024037765821522	-0.0024037765821522
NDUFB11	chrX:47145407-47145908	2	-0.015129694908576734	0.03701286689489654	2	0.05214256180347327	0.05515798481294872	0.00010645191558784906	unsupported	True	0.0019102149105531	-0.0019102149105531
NDUFB11	chrX:47249142-47249643	3	-0.000266045259398708	0.030239077624152184	2	0.03050512288355089	0.04098422611945628	3.780576736591297e-05	unsupported	True	0.0013241484401189	0.0013241484401189
NDUFB11	chrX:47129036-47129537	4	-0.006144506093308132	0.02569591611134759	2	0.03184042220465572	0.049761609526688004	4.071339724428289e-05	unsupported	True	0.001220996795017	-0.001220996795017
NDUFB11	chrX:47263811-47264312	5	0.01710002030465848	0.05045647373397496	5	0.03335645342931648	0.048017406273671626	8.08156483948943e-05	unsupported	True	0.0011661858498986	0.0011661858498986
NDUFB11	chrX:47078236-47078737	6	-0.002570667130798675	0.03573739541820782	3	0.0383080625490065	0.042402443751895336	5.805023364100112e-05	unsupported	True	0.0011155927330158	0.0011155927330158
NDUFB11	chrX:47205011-47205512	7	-0.013545572850226588	0.033868911997755054	5	0.04741448484798164	0.035817710570565785	5.7518838125708905e-05	unsupported	True	0.000972520363197	0.000972520363197
NDUFB11	chrX:47232734-47233235	8	-0.0026850167859693045	0.030543854400538608	3	0.03322887118650791	0.047831835690289426	4.854633824880717e-05	unsupported	True	0.0009490172561932	0.0009490172561932
NDUFB11	chrX:47190498-47190999	9	-0.0015166556546969156	0.028393510141758657	2	0.029910165796455574	0.03587163094520171	3.0464147442043744e-05	unsupported	True	0.0007539810421894	-0.0007539810421894
NDUFB11	chrX:47233387-47233888	10	-0.005054286014353298	0.025143028179226104	2	0.030197314193579402	0.032328571239566596	2.454552983965386e-05	unsupported	True	0.0006593641671104	-0.0006593641671104
NDUFB11	chrX:47218439-47218940	11	-0.008078530436847357	0.03898506342879796	2	0.04706359386564532	0.05786086014148013	0.0001061617864993676	unsupported	True	0.0006093562361383	-0.0006093562361383
NDUFB11	chrX:47093229-47093730	12	0.0034984285948676235	0.02665820357694855	2	0.023159774982080925	0.029886924874191718	1.845212753195714e-05	unsupported	True	0.0005663831155472	0.0005663831155472
NDUFB11	chrX:47193501-47194002	13	-0.0045189470785988945	0.02706913125181819	2	0.03158807833041709	0.04335532281721764	3.707148202899401e-05	unsupported	True	0.0005336078922314	-0.0005336078922314
NDUFB11	chrX:47030308-47030809	14	-0.01000348651601639	0.022650255253577316	0	0.03265374176959371	0.05323151703450607	3.937085966864234e-05	unsupported	True	0.0004995112251934	0.0004995112251934
NDUFB11	chrX:47247163-47247664	15	-0.01616122921893438	0.048106028280281765	2	0.06426725749921615	0.07438406774487084	0.0002299689456652704	unsupported	True	0.0003149414293508	0.0003149414293508
NDUFB11	chrX:47035034-47035535	16	-0.00427743823229314	0.0339138536058476	3	0.03819129183814074	0.037296025167569705	4.83063294814146e-05	unsupported	True	0.000280063108481	0.000280063108481
NDUFB11	chrX:47282983-47283484	17	-0.009755637506762633	0.028948271813199113	3	0.038703909319961746	0.051333905083582376	5.751508667311921e-05	unsupported	True	0.0002191626445741	-0.0002191626445741
NDUFB11	chrX:46994071-46994572	18	0.0007484088563599654	0.06664839798519749	3	0.06589998912883753	0.07623773057483665	0.00033484592468484476	unsupported	True	0.000211805217961	-0.000211805217961
NDUFB11	chrX:47088991-47089492	19	-0.0022613775611080894	0.01713606925152181	3	0.0193974468126299	0.024837139223012616	8.255765527592715e-06	unsupported	True	0.0001580250621622	-0.0001580250621622
TIRAP	chr11:126282824-126283325	0	-0.012105218487949359	0.025505056772122642	2	0.037610275260072004	0.04745115772888526	4.551762771555721e-05	unsupported	True	0.0026632167090561	0.0026632167090561
TIRAP	chr11:126355368-126355869	1	-0.011863091942938457	0.016097038002668092	5	0.02796012994560655	0.04187081502214607	1.884501855600434e-05	unsupported	True	0.0019498885088815	-0.0019498885088815
TIRAP	chr11:126443143-126443644	2	-0.011352158721482732	0.025732504377861735	2	0.03708466309934447	0.03593384524907847	3.429099496122438e-05	unsupported	True	0.0019208995444185	0.0019208995444185
TIRAP	chr11:126304384-126304885	3	-0.00848701090602455	0.022834890606663927	2	0.031321901512688474	0.02217465492982246	1.586002711072947e-05	unsupported	True	0.0018111381415207	0.0018111381415207
TIRAP	chr11:126440775-126441276	4	-0.008721949899159526	0.024027311420318456	2	0.03274926131947798	0.019329986301464645	1.5210315841770747e-05	unsupported	True	0.0015010500158682	0.0015010500158682
TIRAP	chr11:126283380-126283881	5	-0.015918715185059044	0.029583204923339865	2	0.04550192010839891	0.057326630922897054	7.716695521446848e-05	unsupported	True	0.0014419754197278	0.0014419754197278
TIRAP	chr11:126416421-126416922	6	-0.012718799219592652	0.017921163487037258	5	0.03063996270662991	0.03176552651161974	1.7442570709880718e-05	unsupported	True	0.0010845669399028	0.0010845669399028
TIRAP	chr11:126310453-126310954	7	-0.008750611497245495	0.01972529723316939	2	0.028475908730414883	0.027138269147438374	1.5243450814050437e-05	unsupported	True	0.0010586276731387	0.0010586276731387
TIRAP	chr11:126194033-126194534	8	-0.017857185647356832	0.004812154163169206	0	0.02266933981052604	0.018319904040662652	1.9984882495153912e-06	unsupported	True	0.0010489459173337	0.0010489459173337
TIRAP	chr11:126153964-126154465	9	-0.007699612312406856	0.020257625781115843	2	0.0279572380935227	0.03573749006314553	2.0239829832853956e-05	unsupported	True	0.0008293477892145	0.0008293477892145
TIRAP	chr11:126303780-126304281	10	-0.008450093770498131	0.018540585686372436	2	0.026990679456870566	0.031201115333951788	1.5613755901117813e-05	unsupported	True	0.0006918824634839	0.0006918824634839
TIRAP	chr11:126366092-126366593	11	-0.008340310057989759	0.035025672546328226	0	0.04336598260431798	0.04338468942695853	6.589798987848968e-05	unsupported	True	0.0005395068982979	0.0005395068982979
TIRAP	chr11:126249666-126250167	12	-0.00694438471189637	0.06102452308890901	0	0.06796890780080538	0.08173355723518275	0.00033901201168479384	unsupported	True	0.0003805127741307	-0.0003805127741307
TIRAP	chr11:126140839-126141340	13	-0.012173592683672286	0.032730722767434245	0	0.04490431545110653	0.06549247829973043	9.625761583176153e-05	unsupported	True	0.0003398339818599	0.0003398339818599
TIRAP	chr11:126419848-126420349	14	-0.011939290762777215	0.010822510764688214	2	0.02276180152746543	0.03062466257795813	7.54407454243242e-06	unsupported	True	0.0002169968178805	-0.0002169968178805
TIRAP	chr11:126332120-126332621	15	-0.012005635985443868	0.011100435905577912	5	0.02310607189102178	0.029325451293743143	7.521610810581537e-06	unsupported	True	0.0002153200884773	0.0002153200884773
TIRAP	chr11:126282300-126282801	16	-0.017043940781346724	0.010843140455205423	0	0.027887081236552147	0.035226606948866396	1.0651946066777912e-05	unsupported	True	0.0002015566496013	0.0002015566496013
TIRAP	chr11:126202503-126203004	17	-0.026302982182088624	-0.013144313124805662	5	0.013158669057282963	0.014480197705593152	0.0	unsupported	True	0.0001993161468081	-0.0001993161468081
TIRAP	chr11:126187016-126187517	18	-0.018550283307028407	0.014971130039690974	0	0.03352141334671938	0.0368425488159014	1.848955980002614e-05	unsupported	True	0.0001697267179252	0.0001697267179252
TIRAP	chr11:126390550-126391051	19	-0.0022703838953840117	0.05427882590395107	5	0.05654920979933508	0.07889431058090995	0.00024216014666769288	unsupported	True	0.0001527452061968	-0.0001527452061968
CDIPT	chr16:29862743-29863244	0	-0.007256851035298737	0.08391153057017714	1	0.09116838160547587	0.10956489964515431	0.0008381800765694668	unsupported	True	0.0035697761542577	0.0035697761542577
CDIPT	chr16:29900071-29900572	1	-0.00636291400771431	0.07371860914231401	1	0.08008152315002832	0.09088443140352889	0.0005365361048838	unsupported	True	0.0027471377095493	0.0027471377095493
CDIPT	chr16:29877437-29877938	2	-0.013897597716037852	0.014863039082662118	1	0.02876063679869997	0.03367686530834982	1.4395865400445937e-05	unsupported	True	0.0012865069217298	0.0012865069217298
CDIPT	chr16:29961784-29962285	3	-0.00852379270432235	0.06644812637691797	1	0.07497191908124032	0.08106616359165107	0.00040385083790646224	unsupported	True	0.0012832547455505	-0.0012832547455505
CDIPT	chr16:29807719-29808220	4	-0.005889526048709974	0.069156739865699	1	0.07504626591440897	0.08898680497593246	0.00046183752140408347	unsupported	True	0.001078720493789	-0.001078720493789
CDIPT	chr16:29863323-29863824	5	-0.005345860815231868	0.07253376934786693	1	0.07787963016309879	0.09594005197379929	0.0005419560599972379	unsupported	True	0.0009877417006265	0.0009877417006265
CDIPT	chr16:30010846-30011347	6	-0.0016360188908194709	0.06515345113019468	1	0.06678947002101415	0.07549644031720647	0.0003285276273732715	unsupported	True	0.0008722114711089	0.0008722114711089
CDIPT	chr16:29806063-29806564	7	-0.01279156146767019	0.055987043070377156	1	0.06877860453804735	0.08134909423091713	0.0003132518271503727	unsupported	True	0.0008683332119248	-0.0008683332119248
CDIPT	chr16:29899360-29899861	8	-0.009722262830169302	0.057569917223281364	1	0.06729218005345067	0.07629250172869351	0.00029555755112263603	unsupported	True	0.0007041836576387	0.0007041836576387
CDIPT	chr16:29821983-29822484	9	-0.015886163965478383	0.06682535170954707	1	0.08271151567502545	0.0948089522784869	0.0005240305179567147	unsupported	True	0.0006052313260916	-0.0006052313260916
CDIPT	chr16:29709576-29710077	10	-0.025396483552801857	-0.0032932760570024873	1	0.02210320749579937	0.026068528986964677	0.0	unsupported	True	0.0005804776835105	-0.0005804776835105
CDIPT	chr16:29925991-29926492	11	-0.01506213915118276	0.05477981663758908	1	0.06984195578877184	0.08344844487037584	0.0003192678696056396	unsupported	True	0.0005633325029397	-0.0005633325029397
CDIPT	chr16:29710281-29710782	12	-0.016153767344523052	0.04676191694937416	1	0.06291568429389721	0.07053385289028491	0.00020751468643219402	unsupported	True	0.000539493287382	0.000539493287382
CDIPT	chr16:29805401-29805902	13	-0.004181685399626207	0.0709044712488425	1	0.07508615664846871	0.09167414951526283	0.00048806805983482837	unsupported	True	0.0004861544718198	-0.0004861544718198
CDIPT	chr16:29729149-29729650	14	0.0036286681621133243	0.1115685692738172	1	0.10793990111170387	0.13329052382249448	0.0016051778358348455	unsupported	True	0.0004652300641691	0.0004652300641691
CDIPT	chr16:29761852-29762353	15	-0.002553565234623004	0.01758511115987574	1	0.020138676394498747	0.05232781282605878	1.8531416793647568e-05	unsupported	True	0.0003821455867902	-0.0003821455867902
CDIPT	chr16:29876721-29877222	16	0.010282931659833308	0.08156146688754394	1	0.07127853522771063	0.08014440480851537	0.0004659260604411291	unsupported	True	0.0003648730581417	0.0003648730581417
CDIPT	chr16:29815794-29816295	17	-0.0126196207904569	0.061698982494471345	1	0.07431860328492824	0.08520846394239924	0.00039071337411414315	unsupported	True	0.0003626182941403	-0.0003626182941403
CDIPT	chr16:29811862-29812363	18	-0.011538768048617752	0.05431038153762341	1	0.06584914958624116	0.08216580759042573	0.00029384895634425247	unsupported	True	0.0003487387615068	-0.0003487387615068
CDIPT	chr16:29795264-29795765	19	-0.02932967365991409	0.008487152358398746	1	0.037816826018312835	0.03973293046837556	1.2752568685643853e-05	unsupported	True	0.0003190262047448	-0.0003190262047448
PLVAP	chr19:17246447-17246948	0	0.010511203736844265	0.0588165363859225	3	0.048305332649078235	0.07242379100037835	0.00020576702438689665	unsupported	True	0.0026334719216409	0.0026334719216409
PLVAP	chr19:17390974-17391475	1	0.018829603251578068	0.05536653999820078	3	0.036536936746622714	0.03874842777097373	7.838511558003391e-05	unsupported	True	0.0024627970350726	0.0024627970350726
PLVAP	chr19:17523253-17523754	2	0.008177183881217291	0.03229061368098093	4	0.024113429799763636	0.035579841483206025	2.7703796908243908e-05	unsupported	True	0.0021448200385997	0.0021448200385997
PLVAP	chr19:17289432-17289933	3	0.010478207762256593	0.08995952606432944	0	0.07948131830207285	0.12064946392405851	0.000862655940174721	unsupported	True	0.0015937718174608	0.0015937718174608
PLVAP	chr19:17379214-17379715	4	0.005058719007175287	0.028858542806259813	3	0.023799823799084525	0.03517273451934744	2.415762713091104e-05	unsupported	True	0.0013961365669247	0.0013961365669247
PLVAP	chr19:17403193-17403694	5	0.021531761416566417	0.08100074688575042	3	0.059468985469184	0.06913290622431174	0.0003330154380957257	unsupported	True	0.0012850122001734	0.0012850122001734
PLVAP	chr19:17260822-17261323	6	-0.0016992564398630632	0.01342953830247394	2	0.015128794742337002	0.032023949784136675	6.506393253788532e-06	unsupported	True	0.0011023161380621	0.0011023161380621
PLVAP	chr19:17475592-17476093	7	0.017402005614533745	0.16964303088786295	0	0.1522410252733292	0.17827543009495572	0.004604253384470977	unsupported	True	0.000829072250146	0.000829072250146
PLVAP	chr19:17245782-17246283	8	0.02017177060708178	0.04028239622891684	3	0.020110625621835063	0.025557567713178207	2.0704292683246963e-05	unsupported	True	0.0006754388205783	0.0006754388205783
PLVAP	chr19:17281606-17282107	9	0.026171332039279883	0.07587028561640288	3	0.049698953577123	0.05514979108434929	0.00020795187246793563	unsupported	True	0.0005778246932445	0.0005778246932445
PLVAP	chr19:17334618-17335119	10	0.01886142157396099	0.05410312878392182	3	0.035241707209960824	0.02378391392523701	4.534847054157031e-05	unsupported	True	0.0005204735544424	-0.0005204735544424
PLVAP	chr19:17309203-17309704	11	0.016894804464089527	0.05030853682661465	3	0.03341373236252512	0.02703491716123757	4.544558720486857e-05	unsupported	True	0.0004403926296922	0.0004403926296922
PLVAP	chr19:17469379-17469880	12	0.016488168954507516	0.06614579709238101	3	0.0496576281378735	0.05010325733902435	0.00016457133328143546	unsupported	True	0.0003924859749773	-0.0003924859749773
PLVAP	chr19:17424911-17425412	13	0.006528918473711687	0.05505502613949499	0	0.0485261076657833	0.06774382582599497	0.0001809848200745684	unsupported	True	0.0003728274704445	0.0003728274704445
PLVAP	chr19:17496217-17496718	14	0.017504410170547973	0.10714385443367869	0	0.08963944426313071	0.12745491699409545	0.0012241172434592578	unsupported	True	0.0003549572650359	0.0003549572650359
PLVAP	chr19:17292717-17293218	15	0.009837229244188898	0.08746667811350002	0	0.07762944886931113	0.10363164645592787	0.0007036578448168182	unsupported	True	0.0003481326037564	0.0003481326037564
PLVAP	chr19:17235508-17236009	16	0.015200988825798322	0.05936151248516168	3	0.044160523659363356	0.03476000154116923	9.112110120518227e-05	unsupported	True	0.000338090964261	-0.000338090964261
PLVAP	chr19:17337224-17337725	17	0.013201730732873044	0.0550097356817479	3	0.041808004948874856	0.03776823449587703	8.68611721922494e-05	unsupported	True	0.0003345668824691	-0.0003345668824691
PLVAP	chr19:17226229-17226730	18	0.018671682411829486	0.04481963397492058	3	0.026147951563091094	0.017687577683787724	2.0728808413690755e-05	unsupported	True	0.0003095151814808	-0.0003095151814808
PLVAP	chr19:17448453-17448954	19	-0.0047813252024755705	0.026844367532833147	0	0.031625692735308714	0.049831044984230154	4.2305147933136995e-05	unsupported	True	0.0003013029217572	0.0003013029217572
IL17RE	chr3:9915086-9915587	0	0.00974439657730865	0.047436580298516544	1	0.037692183721207896	0.047436580298516544	8.481605055235804e-05	unsupported	True	0.0043625002392449	0.0043625002392449
IL17RE	chr3:9915846-9916347	1	0.01652442611011833	0.05168583294665005	1	0.035161406836531725	0.04810033359421546	8.741497771256996e-05	unsupported	True	0.002313871962959	0.002313871962959
IL17RE	chr3:9890308-9890809	2	0.021936924853542202	0.056026389290950114	2	0.034089464437407915	0.04910026963376669	9.377707659587048e-05	unsupported	True	0.001328361766105	0.001328361766105
IL17RE	chr3:9932719-9933220	3	0.014198685008737912	0.04445531250290859	1	0.030256627494170674	0.04445531250290859	5.979541074415177e-05	unsupported	True	0.0012432044985448	0.0012432044985448
IL17RE	chr3:9946352-9946853	4	0.02546355637713997	0.07226308963150693	2	0.04679953325436696	0.0651654326942931	0.00022038159964036605	unsupported	True	0.0010489116357031	-0.0010489116357031
IL17RE	chr3:9916803-9917304	5	0.015213298699691387	0.046777682090988655	1	0.03156438339129727	0.04068862045941243	6.0077101760635936e-05	unsupported	True	0.0007877705123574	0.0007877705123574
IL17RE	chr3:9933499-9934000	6	0.014932718811470135	0.03264358062689348	1	0.017710861815423345	0.03264358062689348	1.8872753790726505e-05	unsupported	True	0.0007701120685071	-0.0007701120685071
IL17RE	chr3:9769716-9770217	7	0.007242087861417481	0.05038987537445895	1	0.04314778751304147	0.05038987537445895	0.00010955825334882003	unsupported	True	0.0007584577008325	0.0007584577008325
IL17RE	chr3:10010967-10011468	8	0.014272844606005482	0.04919553054219893	1	0.03492268593619345	0.04452117966299864	7.648917029478217e-05	unsupported	True	0.0007170480786949	0.0007170480786949
IL17RE	chr3:9810249-9810750	9	0.016846917759739538	0.061119847469027246	2	0.04427292970928771	0.061119847469027246	0.00016538753918455274	unsupported	True	0.0007119300059594	0.0007119300059594
IL17RE	chr3:9986620-9987121	10	0.013740328061278409	0.027549961343811543	1	0.013809633282533134	0.026376834851598883	1.0035195092634653e-05	unsupported	True	0.0006898181537501	-0.0006898181537501
IL17RE	chr3:9952135-9952636	11	0.015525781422051816	0.042016372210849924	2	0.026490590788798108	0.042016372210849924	4.676584085341026e-05	unsupported	True	0.000652703381486	0.000652703381486
IL17RE	chr3:9947067-9947568	12	0.01906006719860546	0.05001540316078679	1	0.030955335962181328	0.04896121173062661	7.580388310805132e-05	unsupported	True	0.0004955414025893	0.0004955414025893
IL17RE	chr3:9809637-9810138	13	0.01631455014028506	0.040767898599728646	1	0.024453348459443587	0.03888521472843821	3.876512281409796e-05	unsupported	True	0.0004286314025452	0.0004286314025452
IL17RE	chr3:9792782-9793283	14	0.015270786196588986	0.03961002589817898	2	0.024339239701589997	0.03766731648921797	3.631422794163104e-05	unsupported	True	0.0004179446576123	-0.0004179446576123
IL17RE	chr3:9843799-9844300	15	0.018698278228899117	0.032477369271925086	2	0.013779091043025968	0.029269826354211374	1.3098499834620105e-05	unsupported	True	0.0003961123271906	-0.0003961123271906
IL17RE	chr3:9792259-9792760	16	0.011226906790467964	0.02819993642361724	1	0.016973029633149277	0.027955416289667342	1.338053451014401e-05	unsupported	True	0.0003710152717149	-0.0003710152717149
IL17RE	chr3:10008921-10009422	17	-0.004097783914633572	0.012680274525261171	1	0.016778058439894744	0.012680274525261171	2.6977333127531903e-06	unsupported	True	0.0003298245764892	0.0003298245764892
IL17RE	chr3:10015195-10015696	18	0.012387190367584159	0.055929000412534416	1	0.04354181004495026	0.055929000412534416	0.0001362010933309998	unsupported	True	0.0003082591072227	0.0003082591072227
IL17RE	chr3:9862565-9863066	19	0.012622471024818307	0.06471122906950683	1	0.052088758044688516	0.06471122906950683	0.00021812392286329422	unsupported	True	0.0002740560149638	0.0002740560149638
TREX2	chrX:153342764-153343265	0	0.017641330458835657	0.04807835675301094	3	0.030437026294175284	0.028978562458589662	4.2406133163545146e-05	unsupported	True	0.0112986010397423	0.0112986010397423
TREX2	chrX:153501357-153501858	1	-0.013058054255835297	0.03393904277794017	1	0.04699709703377547	0.054361199515275696	8.670809668592043e-05	unsupported	True	0.0026652156937235	0.0026652156937235
TREX2	chrX:153610313-153610814	2	0.01749024629338465	0.07589047789832082	0	0.05840023160493617	0.0843951823839296	0.00037404126162959666	unsupported	True	0.0012034739594472	0.0012034739594472
TREX2	chrX:153527265-153527766	3	0.0002267833733210619	0.029411739478288318	5	0.029184956104967255	0.039307171037447575	3.374050227529134e-05	unsupported	True	0.0005109157700825	0.0005109157700825
TREX2	chrX:153411190-153411691	4	0.003880922989342144	0.03223580867906855	2	0.028354885689726404	0.03289844136832223	3.007057919407729e-05	unsupported	True	0.0004852750707541	-0.0004852750707541
TREX2	chrX:153321577-153322078	5	0.0215368728887439	0.049180522366458035	0	0.027643649477714135	0.05531740470642842	7.520562262027667e-05	unsupported	True	0.0004389136266093	-0.0004389136266093
TREX2	chrX:153333847-153334348	6	0.01626529127934962	0.04832736854647321	0	0.03206207726712359	0.033654865175671185	5.214739996495399e-05	unsupported	True	0.0002827392916557	-0.0002827392916557
TREX2	chrX:153554728-153555229	7	0.016169024434615122	0.04639260419872152	5	0.0302235797641064	0.027488752954089393	3.854337071840529e-05	unsupported	True	0.0002430227435171	-0.0002430227435171
TREX2	chrX:153470463-153470964	8	0.014784184853248068	0.04075487128143753	0	0.025970686428189463	0.040344951860945825	4.270238738089563e-05	unsupported	True	0.0002328242096794	0.0002328242096794
TREX2	chrX:153474554-153475055	9	0.012071680332320821	0.04042319542461725	0	0.02835151509229643	0.030593555131748107	3.506201415769093e-05	unsupported	True	0.0002170259410004	-0.0002170259410004
TREX2	chrX:153517376-153517877	10	0.03317539555331454	0.056727497010048526	0	0.023552101456733983	0.029429397772949624	3.9319198836472204e-05	unsupported	True	0.0001932997349103	-0.0001932997349103
TREX2	chrX:153438487-153438988	11	0.032012017492283294	0.08849109902278558	0	0.05647908153050229	0.09122035188008636	0.00045590983145457067	unsupported	True	0.0001121350712415	-0.0001121350712415
TREX2	chrX:153537445-153537946	12	-0.008804888074480833	0.016702021242270184	0	0.025506909316751016	0.02368006550737926	1.0088109075651603e-05	unsupported	True	0.0001034017135321	0.0001034017135321
TREX2	chrX:153530686-153531187	13	0.024846795859913614	0.08692958174611576	0	0.06208278588620214	0.09191727394312803	0.0004960619576703204	unsupported	True	8.634476670949396e-05	-8.634476670949396e-05
TREX2	chrX:153412949-153413450	14	0.020799924209780784	0.052653312736350856	5	0.031853388526570076	0.03665031007881444	6.146940263892185e-05	unsupported	True	6.218433011855657e-05	-6.218433011855657e-05
TREX2	chrX:153609806-153610307	15	0.024329155989508314	0.07581439281337489	0	0.051485236823866576	0.0831403568381774	0.0003245235813282118	unsupported	True	5.849890895561535e-05	5.849890895561535e-05
TREX2	chrX:153507449-153507950	16	2.463940351148147e-05	0.0363357133893127	1	0.03631107398580122	0.04272417025312324	5.6369790747417844e-05	unsupported	True	5.7696083659683766e-05	-5.7696083659683766e-05
TREX2	chrX:153539416-153539917	17	0.005786148271172212	0.030463643908629663	5	0.024677495637457452	0.02147203858892672	1.614195800215939e-05	unsupported	True	5.5200402056643546e-05	5.5200402056643546e-05
TREX2	chrX:153523189-153523690	18	0.02987564370846214	0.08057387869602789	0	0.050698234987565746	0.07423089012029165	0.0003032297296535438	unsupported	True	5.175355548133156e-05	-5.175355548133156e-05
TREX2	chrX:153494978-153495479	19	-0.0017127322585859456	0.037336420277574334	5	0.03904915253616028	0.037571120170057946	5.477702394461064e-05	unsupported	True	3.512463931124839e-05	3.512463931124839e-05
BTNL8	chr5:180803176-180803677	0	0.0	0.0	0	0.0	0.0	0.0	unsupported	True	0.0029139450049853	0.0029139450049853
BTNL8	chr5:181088189-181088690	1	0.0	0.0	0	0.0	0.0	0.0	unsupported	True	0.0023235054341878	0.0023235054341878
BTNL8	chr5:180910465-180910966	2	0.0	0.0	0	0.0	0.0	0.0	unsupported	True	0.0020943343353343	0.0020943343353343
BTNL8	chr5:180900096-180900597	3	0.0	0.0	0	0.0	0.0	0.0	unsupported	True	0.001708588999422	0.001708588999422
BTNL8	chr5:180797209-180797710	4	0.0	0.0	0	0.0	0.0	0.0	unsupported	True	0.0015608697687506	0.0015608697687506
BTNL8	chr5:180817765-180818266	5	0.0	0.0	0	0.0	0.0	0.0	unsupported	True	0.001302596287143	0.001302596287143
BTNL8	chr5:180860408-180860909	6	0.0	0.0	0	0.0	0.0	0.0	unsupported	True	0.0012503168099959	0.0012503168099959
BTNL8	chr5:180802633-180803134	7	0.0	0.0	0	0.0	0.0	0.0	unsupported	True	0.0012084919494917	0.0012084919494917
BTNL8	chr5:180868941-180869442	8	0.0	0.0	0	0.0	0.0	0.0	unsupported	True	0.0011347508507488	0.0011347508507488
BTNL8	chr5:181039945-181040446	9	0.0	0.0	0	0.0	0.0	0.0	unsupported	True	0.0010088080497693	0.0010088080497693
BTNL8	chr5:180830683-180831184	10	0.0	0.0	0	0.0	0.0	0.0	unsupported	True	0.0006791240240917	0.0006791240240917
BTNL8	chr5:181053562-181054063	11	0.0	0.0	0	0.0	0.0	0.0	unsupported	True	0.0004450645651789	0.0004450645651789
BTNL8	chr5:180809649-180810150	12	0.0	0.0	0	0.0	0.0	0.0	unsupported	True	0.0003725565992829	0.0003725565992829
BTNL8	chr5:181052805-181053306	13	0.0	0.0	0	0.0	0.0	0.0	unsupported	True	0.0002147282639776	-0.0002147282639776
BTNL8	chr5:180861066-180861567	14	0.0	0.0	0	0.0	0.0	0.0	unsupported	True	6.738826039324787e-05	6.738826039324787e-05
BTNL8	chr5:180831401-180831902	15	0.0	0.0	0	0.0	0.0	0.0	unsupported	True	5.528558803302163e-05	-5.528558803302163e-05
BTNL8	chr5:180784450-180784951	16	0.0	0.0	0	0.0	0.0	0.0	unsupported	True	3.343854716371388e-05	3.343854716371388e-05
BTNL8	chr5:180810263-180810764	17	0.0	0.0	0	0.0	0.0	0.0	unsupported	True	1.5837609082965102e-05	-1.5837609082965102e-05
BTNL8	chr5:180826114-180826615	18	0.0	0.0	0	0.0	0.0	0.0	unsupported	True	5.720356660085532e-07	-5.720356660085532e-07
BTNL8	chr5:180913606-180914107	19	0.0	0.0	0	0.0	0.0	0.0	unsupported	True	1.8381921588416017e-07	-1.8381921588416017e-07
TEX53	chr9:114653399-114653900	0	0.002464158316574183	0.03259319473430934	1	0.030129036417735157	0.03259319473430934	3.2006567785059066e-05	unsupported	True	0.0033751398298735	-0.0033751398298735
TEX53	chr9:114706620-114707121	1	0.013307750890165263	0.06696047092206864	5	0.05365272003190338	0.06696047092206864	0.0002405629511562811	unsupported	True	0.0018421581574205	0.0018421581574205
TEX53	chr9:114513539-114514040	2	-0.009029408109473098	0.02764830091099314	1	0.036677709020466236	0.02764830091099314	2.80374876768061e-05	unsupported	True	0.0014101690209774	0.0014101690209774
TEX53	chr9:114611004-114611505	3	-0.005093006106255684	0.0069002346489971484	5	0.011993240755252831	0.0069002346489971484	5.710370290043748e-07	unsupported	True	0.0013647256210654	0.0013647256210654
TEX53	chr9:114798588-114799089	4	-0.0016116177228793292	0.022658761308832313	1	0.024270379031711642	0.022658761308832313	1.2460884994767192e-05	unsupported	True	0.001226245454499	0.001226245454499
TEX53	chr9:114787092-114787593	5	-0.008157492552885705	0.0	2	0.008157492552885705	0.0012590522472107088	0.0	unsupported	True	0.0011952884350393	0.0011952884350393
TEX53	chr9:114604982-114605483	6	-0.0016670552001000665	0.018663205049504868	5	0.020330260249604933	0.018663205049504868	7.08133912679394e-06	unsupported	True	0.0010656343014279	0.0010656343014279
TEX53	chr9:114560024-114560525	7	-0.0021314402284005112	0.007338528794466055	5	0.009469969022866566	0.007338528794466055	5.099957578497595e-07	unsupported	True	0.0010103346025708	0.0010103346025708
TEX53	chr9:114522217-114522718	8	-0.014796525919098356	0.0	2	0.014796525919098356	0.008981509122234457	0.0	unsupported	True	0.0010090412989399	-0.0010090412989399
TEX53	chr9:114778223-114778724	9	-0.00913305960807055	0.019891003171790735	1	0.029024062779861283	0.019891003171790735	1.1483428695375936e-05	unsupported	True	0.0007819434591616	0.0007819434591616
TEX53	chr9:114784833-114785334	10	-0.0024731699207197065	0.015339516187001037	1	0.017812686107720743	0.015339516187001037	4.191338522700737e-06	unsupported	True	0.0007672483780652	0.0007672483780652
TEX53	chr9:114774395-114774896	11	0.011031710531467268	0.05980556709421826	5	0.048773856562750996	0.05980556709421826	0.00017444973836140844	unsupported	True	0.0005482913900065	0.0005482913900065
TEX53	chr9:114558138-114558639	12	-0.01063522331933369	0.002918605165288662	1	0.013553828484622353	0.002918605165288662	1.1545498231454252e-07	unsupported	True	0.0004869604502918	0.0004869604502918
TEX53	chr9:114721827-114722328	13	-0.001061533196457264	0.013184418264994563	1	0.014245951461451826	0.013184418264994563	2.4763578581134384e-06	unsupported	True	0.000476589875596	0.000476589875596
TEX53	chr9:114694008-114694509	14	-0.0023855388378089676	0.016828146726461803	1	0.01921368556427077	0.016828146726461803	5.4410567944995115e-06	unsupported	True	0.0004476068677481	0.0004476068677481
TEX53	chr9:114716322-114716823	15	-0.00405536862874327	0.0	2	0.00405536862874327	0.0021502475683144685	0.0	unsupported	True	0.0003300113492675	0.0003300113492675
TEX53	chr9:114739330-114739831	16	-0.0011790935581016862	0.011123655500618982	5	0.012302749058720667	0.011123655500618982	1.5222894106036435e-06	unsupported	True	0.0003087394181153	0.0003087394181153
TEX53	chr9:114725835-114726336	17	-0.0015609764852931743	0.012974930303025418	1	0.014535906788318592	0.012974930303025418	2.44710270265435e-06	unsupported	True	0.0002925750235487	0.0002925750235487
TEX53	chr9:114551888-114552389	18	-0.009158054094983025	0.0	2	0.009158054094983025	0.01104422111347751	0.0	unsupported	True	0.000225526134662	0.000225526134662
TEX53	chr9:114746522-114747023	19	0.012235486565741088	0.09152954928679416	5	0.07929406272105308	0.09152954928679416	0.0006642985700418448	unsupported	True	0.0002236503579443	-0.0002236503579443
FANCM	chr14:45083811-45084312	0	0.02178147321867078	0.07439794714350353	1	0.052616473924832756	0.07439794714350353	0.00029123505283263636	unsupported	True	0.0043123214731642	-0.0043123214731642
FANCM	chr14:45134311-45134812	1	0.01872335104845934	0.06589848562113834	1	0.047175134572679	0.06589848562113834	0.00020486323035445993	unsupported	True	0.0032848247766098	-0.0032848247766098
FANCM	chr14:45135595-45136096	2	0.01824299350058897	0.0705264091510709	1	0.05228341565048193	0.0705264091510709	0.0002600563703492844	unsupported	True	0.0031385540552424	-0.0031385540552424
FANCM	chr14:45314017-45314518	3	0.012342018507323846	0.06696347849926496	0	0.05462145999194111	0.0843542816153373	0.00030853784444540255	unsupported	True	0.0013921984412425	-0.0013921984412425
FANCM	chr14:45253016-45253517	4	0.03358346253961885	0.09007595092371039	1	0.05649248838409154	0.07520734037499932	0.00038270117110500044	unsupported	True	0.0010816473134528	0.0010816473134528
FANCM	chr14:44988602-44989103	5	0.003128779648500175	0.040431538324089716	0	0.03730275867558954	0.040431538324089716	6.0979166196329885e-05	unsupported	True	0.0008929361454023	0.0008929361454023
FANCM	chr14:45251848-45252349	6	0.015311135096783984	0.05103004029422242	1	0.035718905197438436	0.057312158178239044	0.00010446500108983642	unsupported	True	0.0008758452673027	0.0008758452673027
FANCM	chr14:45287590-45288091	7	-0.011909447178880633	0.005532463358902315	1	0.017441910537782948	0.01171872638213711	1.1308187868855052e-06	unsupported	True	0.0006963937411765	0.0006963937411765
FANCM	chr14:45268472-45268973	8	0.025076034986985556	0.055987875353453044	1	0.030911840366467488	0.055987875353453044	9.689755887798198e-05	unsupported	True	0.0006006422866163	-0.0006006422866163
FANCM	chr14:45314625-45315126	9	0.012547912510189519	0.06915830845446802	0	0.0566103959442785	0.08085672488671683	0.00031656048376056743	unsupported	True	0.0005653893515803	0.0005653893515803
FANCM	chr14:45199073-45199574	10	-0.013178710113489945	0.03188731007480366	1	0.0450660201882936	0.05041677592509951	7.245062922033314e-05	unsupported	True	0.0005394227748022	0.0005394227748022
FANCM	chr14:45104612-45105113	11	0.021260449938935402	0.08132395783364421	1	0.06006350789470881	0.08132395783364421	0.00039723518199451284	unsupported	True	0.0005315344955453	0.0005315344955453
FANCM	chr14:45308902-45309403	12	-0.006853833647670864	0.09944429867291811	1	0.10629813232058898	0.10566925475350149	0.001117002558127779	unsupported	True	0.0003643069555941	0.0003643069555941
FANCM	chr14:45159843-45160344	13	0.0035818342260917095	0.09772683357312212	3	0.09414499934703041	0.12004692296263463	0.001104490836325853	unsupported	True	0.0001084481413439	0.0001084481413439
UPF1	chr19:18961674-18962175	0	-0.011196510096699247	0.009003827025200202	2	0.020200337121899448	0.013301585933132493	2.419296989300375e-06	unsupported	True	0.0027095215058425	0.0027095215058425
UPF1	chr19:18856343-18856844	1	-0.006528239966264176	0.019785867417196182	2	0.026314107383460357	0.014117071083077627	7.35001691816377e-06	unsupported	True	0.0016544908016601	0.0016544908016601
UPF1	chr19:18967391-18967892	2	-0.02068059855567797	0.015536212512677625	0	0.036216811068355594	0.02629311952425647	1.4794404075961169e-05	unsupported	True	0.0015138897119537	0.0015138897119537
UPF1	chr19:18986656-18987157	3	-0.02045183523408505	0.00806484191299901	2	0.02851667714708406	0.022665117753027843	5.212580286685782e-06	unsupported	True	0.001417156368263	0.001417156368263
UPF1	chr19:18735695-18736196	4	-0.011930972370080025	0.0057636507769899285	1	0.017694623147069953	0.020412953959845145	2.0818279381188608e-06	unsupported	True	0.0012770168637622	0.0012770168637622
UPF1	chr19:18723857-18724358	5	-0.009573860906198842	0.01524261321413721	0	0.02481647412033605	0.027389101589731506	1.0360418389181194e-05	unsupported	True	0.0008868417836862	0.0008868417836862
UPF1	chr19:18894093-18894594	6	-0.005597416329914927	0.016663873466973133	2	0.02226128979688806	0.03172393730543087	1.1768290095925497e-05	unsupported	True	0.0008738953097767	-0.0008738953097767
UPF1	chr19:18904811-18905312	7	-0.014370291893869295	0.013261468778614897	2	0.02763176067248419	0.024033934961695216	8.806940605332045e-06	unsupported	True	0.0008491482780053	0.0008491482780053
UPF1	chr19:18868489-18868990	8	-0.009297028012112732	0.014935509995217228	2	0.02423253800732996	0.02295672508474511	8.308619925937618e-06	unsupported	True	0.000848524429504	0.000848524429504
UPF1	chr19:18683326-18683827	9	-0.004892120876152745	0.01917985154438795	5	0.024071972420540693	0.03008120318235238	1.3888396976300653e-05	unsupported	True	0.0008262648331035	-0.0008262648331035
UPF1	chr19:18866489-18866990	10	-0.01100768310684999	0.014461039181005603	0	0.025468722287855593	0.02809502572369524	1.0347515717335022e-05	unsupported	True	0.0007675253363413	0.0007675253363413
UPF1	chr19:18895936-18896437	11	-0.006645962599270578	0.014182876501339163	5	0.02082883910060974	0.024240877369111596	7.1610667338684115e-06	unsupported	True	0.0007479369302025	-0.0007479369302025
UPF1	chr19:18932718-18933219	12	-0.024260469160907936	0.0029423761136972326	2	0.02720284527460517	0.005781993814336209	4.6279657938585963e-07	unsupported	True	0.0005832067395958	0.0005832067395958
UPF1	chr19:18919319-18919820	13	-0.0064150265132557095	0.011568705903550497	0	0.017983732416806206	0.023033869164007098	4.7921621908514035e-06	unsupported	True	0.0005725920262731	-0.0005725920262731
UPF1	chr19:18847108-18847609	14	-0.01448087936450711	0.00859040687385027	2	0.02307128623835738	0.014924910440400441	2.957993908193992e-06	unsupported	True	0.0005395900639077	0.0005395900639077
UPF1	chr19:18768298-18768799	15	-0.005279158885056248	0.026778830734102137	5	0.032057989619158386	0.0335309517669701	2.8785499835450952e-05	unsupported	True	0.0005258835960041	0.0005258835960041
UPF1	chr19:18976485-18976986	16	-0.006406827095058917	0.03369070288687202	5	0.04009752998193094	0.04206113825703417	5.682097922845951e-05	unsupported	True	0.0004885225765018	0.0004885225765018
UPF1	chr19:18700915-18701416	17	-0.016841995132005114	0.003529431083384449	2	0.020371426215389562	0.016420282759912447	1.180610857525457e-06	unsupported	True	0.0004489468709465	0.0004489468709465
UPF1	chr19:18743145-18743646	18	-0.01105038440777858	0.01645124140980726	0	0.02750162581758584	0.028983676927351362	1.3113255535303825e-05	unsupported	True	0.0004298666351946	0.0004298666351946
UPF1	chr19:18894600-18895101	19	-0.013823542598831931	0.01650898969519068	2	0.030332532294022614	0.02788679958245964	1.396457878568269e-05	unsupported	True	0.0004218633984009	-0.0004218633984009
PROB1	chr5:139543269-139543770	0	0.025528482923897717	0.06270708268030518	4	0.03717859975640747	0.06270708268030518	0.00014619288014809594	unsupported	True	0.0032619606709017	0.0032619606709017
PROB1	chr5:139394093-139394594	1	0.023334081537404454	0.03837723556513786	4	0.015043154027733409	0.03837723556513786	2.215574092327137e-05	unsupported	True	0.0028194735188521	0.0028194735188521
PROB1	chr5:139415265-139415766	2	0.05279129887906084	0.11141503676903594	4	0.0586237378899751	0.10643695304969322	0.0006951999743750506	unsupported	True	0.0018928042326327	0.0018928042326327
PROB1	chr5:139392489-139392990	3	0.0280681717717175	0.06015138936168911	4	0.03208321758997161	0.05991124312766227	0.00011561971933367958	unsupported	True	0.0012619199503443	0.0012619199503443
PROB1	chr5:139517821-139518322	4	0.026684227205614218	0.08026301938956787	4	0.05357879218395365	0.07038187679703549	0.0003026699158265554	unsupported	True	0.0011956342155221	0.0011956342155221
PROB1	chr5:139403874-139404375	5	0.018091480105599255	0.06503200903909856	4	0.0469405289334993	0.0547388666285509	0.0001670978842386827	unsupported	True	0.0009576167129279	-0.0009576167129279
PROB1	chr5:139439291-139439792	6	0.01018899039842288	0.05730417540195331	4	0.04711518500353043	0.0501659502777669	0.00013544288990502938	unsupported	True	0.0009304970026732	-0.0009304970026732
PROB1	chr5:139262565-139263066	7	0.020430088148047285	0.06914816786502821	4	0.04871807971698093	0.05655214576765404	0.00019051094330647215	unsupported	True	0.0006981477434969	0.0006981477434969
PROB1	chr5:139341518-139342019	8	0.015115443789070501	0.05617681120930142	4	0.041061367420230914	0.039265948053835056	9.057463223123381e-05	unsupported	True	0.0006855451827303	-0.0006855451827303
PROB1	chr5:139277087-139277588	9	-0.0069018419221483635	0.011499399421596222	2	0.018401241343744587	0.021806593471116915	4.6143454843611345e-06	unsupported	True	0.000657291058776	-0.000657291058776
PROB1	chr5:139414568-139415069	10	0.037052430287286615	0.08404308135751026	4	0.04699065107022365	0.08404308135751026	0.0003319062239007551	unsupported	True	0.0006207182822288	0.0006207182822288
PROB1	chr5:139293391-139293892	11	0.019720130533424845	0.07869859034331517	4	0.05897845980989032	0.06462764044217299	0.00029997059214941884	unsupported	True	0.0006122085982157	-0.0006122085982157
PROB1	chr5:139273781-139274282	12	-0.001367259467762696	0.025549009556678506	4	0.026916269024441202	0.025309843996050675	1.7405175126473324e-05	unsupported	True	0.0004927383514201	-0.0004927383514201
PROB1	chr5:139342099-139342600	13	0.010072929319612402	0.05925391050450169	4	0.04918098118488929	0.04739122976996413	0.00013810588479132654	unsupported	True	0.0003659111383466	-0.0003659111383466
PROB1	chr5:139272597-139273098	14	-0.003388526873725686	0.04678650466461705	3	0.05017503153834273	0.04678650466461705	0.00010983199095159724	unsupported	True	0.0003506717678772	-0.0003506717678772
PROB1	chr5:139334743-139335244	15	0.01062342943744502	0.03897864390643065	3	0.02835521446898563	0.03897864390643065	4.308106072380731e-05	unsupported	True	0.0003454883222667	-0.0003454883222667
PROB1	chr5:139411161-139411662	16	0.02048868064121732	0.07254456458805217	2	0.052055883946834844	0.060933198083727914	0.00023010638869690333	unsupported	True	0.0003293635193463	-0.0003293635193463
PROB1	chr5:139544020-139544521	17	0.004697912286971527	0.0648128746989522	2	0.060114962411980666	0.0648128746989522	0.00025252544721177914	unsupported	True	0.0003204682444724	0.0003204682444724
PROB1	chr5:139527831-139528332	18	0.009781129504417303	0.01894749774767136	4	0.009166368243254057	0.023148543236648025	4.0204330087616986e-06	unsupported	True	0.0003023492263489	0.0003023492263489
PROB1	chr5:139513471-139513972	19	0.0014148562580954325	0.05362435705316374	2	0.05220950079506831	0.05362435705316374	0.0001501321613579979	unsupported	True	0.0002814574051644	-0.0002814574051644
BIN3	chr8:22604423-22604924	0	0.015108653687133062	0.055615669105266594	4	0.040507015418133535	0.04458068456890271	0.00010043247027924266	unsupported	True	0.0030520509197818	-0.0030520509197818
BIN3	chr8:22768338-22768839	1	0.008374404528285128	0.07819053863815444	4	0.06981613410986931	0.08797565200558749	0.00048025566483308677	unsupported	True	0.0028200782397211	0.0028200782397211
BIN3	chr8:22705072-22705573	2	0.001326915573896305	0.014705129495033263	3	0.013378213921136958	0.023196261352328884	4.563362642388432e-06	unsupported	True	0.0013120589095202	0.0013120589095202
BIN3	chr8:22695598-22696099	3	0.029287950169095814	0.07778722112907087	4	0.048499270959975055	0.07859394166677293	0.00029650535244992446	unsupported	True	0.0012876209985602	0.0012876209985602
BIN3	chr8:22775464-22775965	4	-0.009829594519245028	0.03212595778701736	4	0.041955552306262384	0.04260227193172649	5.742199633004411e-05	unsupported	True	0.0011064957311044	0.0011064957311044
BIN3	chr8:22568919-22569420	5	0.015479272105448897	0.06848215904376002	4	0.05300288693831113	0.09255913744416218	0.0003359667265747195	unsupported	True	0.0009841800160469	0.0009841800160469
BIN3	chr8:22695088-22695589	6	0.029554707526727352	0.06940253721811299	4	0.03984782969138563	0.07453605669258484	0.00020613248224273203	unsupported	True	0.0009338193421271	0.0009338193421271
BIN3	chr8:22801590-22802091	7	0.008493547008399462	0.09102583684916303	4	0.08253228984076356	0.11229368201388545	0.0008436142308885841	unsupported	True	0.0007913691404714	0.0007913691404714
BIN3	chr8:22561211-22561712	8	0.034921793426762986	0.08073579000705723	4	0.045813996580294246	0.07232523154869362	0.0002675186788763689	unsupported	True	0.0007832406483117	0.0007832406483117
BIN3	chr8:22506722-22507223	9	-0.0018290273592821487	0.006874648040348052	4	0.008703675399630201	0.025180504634939087	1.5066680673354416e-06	unsupported	True	0.0006891112382805	0.0006891112382805
BIN3	chr8:22622773-22623274	10	0.020715027837777136	0.0753330360525485	4	0.05461800821477136	0.07941239653552963	0.00032674551237379696	unsupported	True	0.000673183853053	0.000673183853053
BIN3	chr8:22561717-22562218	11	0.03956133068966197	0.07033092522634839	4	0.030769594536686415	0.05999525828586559	0.00012983298183059613	unsupported	True	0.0005552704541212	0.0005552704541212
BIN3	chr8:22627936-22628437	12	-0.0011811736946551567	0.013968135862791407	3	0.015149309557446564	0.018076491901710623	3.825123323087101e-06	unsupported	True	0.0005291352875787	0.0005291352875787
BIN3	chr8:22781263-22781764	13	0.010263803339685415	0.05778615285009906	2	0.04752234951041365	0.04421398980006783	0.00012141752972728147	unsupported	True	0.0005080671527174	0.0005080671527174
BIN3	chr8:22777582-22778083	14	-0.002426140233188358	0.05996745617083788	4	0.06239359640402624	0.07194755692847023	0.0002691979183310519	unsupported	True	0.0004724661840605	0.0004724661840605
BIN3	chr8:22785478-22785979	15	0.02855512171391177	0.054525538821690374	4	0.025970417107778605	0.05257579128975282	7.44500011074497e-05	unsupported	True	0.0004585261357281	0.0004585261357281
BIN3	chr8:22737438-22737939	16	0.030476679134751397	0.07259472423525636	4	0.04211804510050496	0.05964646984966415	0.00018237193680602709	unsupported	True	0.0004195224404957	0.0004195224404957
BIN3	chr8:22588971-22589472	17	0.03280056765672922	0.08286852591421051	4	0.05006795825748129	0.09274749383008642	0.00038481472164069553	unsupported	True	0.000351644343757	0.000351644343757
BIN3	chr8:22689744-22690245	18	-0.0023336984548480615	0.026881820211148277	4	0.029215518665996337	0.017906131504463567	1.4062872607867769e-05	unsupported	True	0.0003364111402061	-0.0003364111402061
BIN3	chr8:22598586-22599087	19	0.012808050507441856	0.045393761574126924	4	0.03258571106668507	0.0384295620862512	5.684454704036923e-05	unsupported	True	0.0003157895468546	-0.0003157895468546
TRIP13	chr5:892587-893088	0	0.007603580349854653	0.0431566785720206	0	0.03555309822216595	0.03480375750318366	5.340127173968745e-05	unsupported	True	0.0019014404921891	-0.0019014404921891
TRIP13	chr5:980196-980697	1	0.005670372440152668	0.05861594238712448	0	0.05294556994697182	0.08228293319898777	0.00025536133747182263	unsupported	True	0.0016756938140791	0.0016756938140791
TRIP13	chr5:784545-785046	2	0.007818342311679603	0.06860347148873923	0	0.060785129177059624	0.0634310487861628	0.00026451196920507903	unsupported	True	0.0015518510107366	-0.0015518510107366
TRIP13	chr5:892037-892538	3	0.01562871569486168	0.061545148681995336	5	0.04591643298713366	0.04797147956356901	0.00013556422050441035	unsupported	True	0.0013571422992992	-0.0013571422992992
TRIP13	chr5:777408-777909	4	0.009342838855057612	0.06424848555478166	5	0.054905646699724045	0.07597513196779325	0.00026801022872757996	unsupported	True	0.001253722162692	0.001253722162692
TRIP13	chr5:958538-959039	5	0.009467900990517619	0.05152664371559261	5	0.04205874272507499	0.06127504424754429	0.00013279195794281367	unsupported	True	0.0010941157387451	0.0010941157387451
TRIP13	chr5:990134-990635	6	0.004624634897126531	0.01892189251045119	5	0.01429725761332466	0.03182697387018437	8.610188534470886e-06	unsupported	True	0.0010383743056754	0.0010383743056754
TRIP13	chr5:993293-993794	7	0.0050939839780947	0.05627458162824492	5	0.05118059765015022	0.036964243084889936	0.00010646318277217367	unsupported	True	0.0009576009710134	0.0009576009710134
TRIP13	chr5:757975-758476	8	0.0032707027028714354	0.02026217968964931	1	0.016991476986777877	0.03479881971429037	1.1980689370562439e-05	unsupported	True	0.0008906447544636	0.0008906447544636
TRIP13	chr5:850454-850955	9	-0.010393331832677327	0.02484826275937736	2	0.035241594592054684	0.05883660036536867	5.1522763927871664e-05	unsupported	True	0.0008850664132392	0.0008850664132392
TRIP13	chr5:849465-849966	10	0.002170307836582668	0.0181968196923992	0	0.016026511855816532	0.021881463944694767	6.381325170715388e-06	unsupported	True	0.0008814385713996	0.0008814385713996
TRIP13	chr5:912448-912949	11	0.021655904592108345	0.12899528959211817	5	0.10733938500000983	0.12481148950001414	0.0017281742133563873	unsupported	True	0.0008362549085927	0.0008362549085927
TRIP13	chr5:1008523-1009024	12	-0.008551823186655597	0.013324906083507922	1	0.02187672927016352	0.013621200655891938	3.970653040864234e-06	unsupported	True	0.0007269174039852	-0.0007269174039852
TRIP13	chr5:926837-927338	13	0.0004092518542092333	0.05163648522870831	5	0.05122723337449908	0.07598168168123526	0.00020098630972618795	unsupported	True	0.0007141281125319	0.0007141281125319
TRIP13	chr5:756821-757322	14	0.004318584624553287	0.052046546445900975	0	0.04772796182134769	0.0745523938451918	0.00018519378110834307	unsupported	True	0.0005685253140872	0.0005685253140872
TRIP13	chr5:916867-917368	15	0.002135829849769104	0.0346538781134063	1	0.032518048263637196	0.05110905142923131	5.7593588022533005e-05	unsupported	True	0.0004974602325432	0.0004974602325432
TRIP13	chr5:775572-776073	16	0.0047676585563325114	0.039000517163071034	0	0.034232858606738525	0.03320722284214787	4.4334936306517046e-05	unsupported	True	0.0004856340669792	0.0004856340669792
TRIP13	chr5:1029212-1029713	17	-0.009802738664101012	0.033172425431845766	0	0.042975164095946775	0.05412027893251275	7.71533515199701e-05	unsupported	True	0.0003778064697077	-0.0003778064697077
TRIP13	chr5:1016091-1016592	18	-0.0029263600463595866	0.03759440063311108	1	0.04052076067947066	0.058535157797494776	8.916974985141464e-05	unsupported	True	0.0003513085967623	0.0003513085967623
TRIP13	chr5:969308-969809	19	0.017703262587864307	0.1140289305404729	0	0.09632566795260859	0.13158600393574282	0.0014453292061198714	unsupported	True	0.0003336711197747	-0.0003336711197747
CLDN4	chr7:73725653-73726154	0	-0.009447730924694624	0.016202301287021645	3	0.02565003221171627	0.016202301287021645	6.733507099477354e-06	unsupported	True	0.0026340809565756	-0.0026340809565756
CLDN4	chr7:73978457-73978958	1	-0.01751552934628482	0.01874399814438259	3	0.03625952749066741	0.03633176553191246	2.4692830527470012e-05	unsupported	True	0.0026194611717357	0.0026194611717357
CLDN4	chr7:73792613-73793114	2	-0.020782617532199857	0.004303888846096252	3	0.025086506378296108	0.029947767681377153	3.233446550519023e-06	unsupported	True	0.0018487418762557	0.0018487418762557
CLDN4	chr7:73705141-73705642	3	-0.017003632572351577	0.0	4	0.017003632572351577	0.014256164855191678	0.0	unsupported	True	0.0015665197179056	0.0015665197179056
CLDN4	chr7:73919229-73919730	4	-0.014618509976588282	0.00581125247804648	1	0.020429762454634764	0.00581125247804648	6.899264670157131e-07	unsupported	True	0.0014317891878683	0.0014317891878683
CLDN4	chr7:73667613-73668114	5	-0.016698508583588727	0.01595989811775204	3	0.032658406701340764	0.01595989811775204	8.318695400959724e-06	unsupported	True	0.0012969258936988	-0.0012969258936988
CLDN4	chr7:73904784-73905285	6	-0.01074739413750031	0.03846661799485224	3	0.04921401213235255	0.05224775108783794	9.891004018703396e-05	unsupported	True	0.0010151598625174	0.0010151598625174
CLDN4	chr7:73719473-73719974	7	-0.01516902331943927	0.006861370769656913	2	0.022030394089096184	0.006861370769656913	1.0371558998042008e-06	unsupported	True	0.000997628659477	0.000997628659477
CLDN4	chr7:73909226-73909727	8	-0.0066362615488461335	0.011732320474694122	3	0.018368582023540254	0.011732320474694122	2.528386523460284e-06	unsupported	True	0.0009832056674445	0.0009832056674445
CLDN4	chr7:73976897-73977398	9	-0.02445571440057241	0.019899782660627596	3	0.044355497061200004	0.05209202264009731	4.597979220948076e-05	unsupported	True	0.000818884014855	0.000818884014855
CLDN4	chr7:73893494-73893995	10	-0.014075058671926472	0.0264315541764951	3	0.04050661284842157	0.04642283308936281	4.970273307474115e-05	unsupported	True	0.000720864892965	-0.000720864892965
CLDN4	chr7:73738041-73738542	11	-0.01876328453090554	0.009908860374948281	3	0.02867214490585382	0.03369391797642089	9.57272110034339e-06	unsupported	True	0.000463314912921	0.000463314912921
CLDN4	chr7:73683230-73683731	12	-0.020138419833954146	0.012540559256972242	3	0.03267897909092639	0.030860631085888993	1.2647077738831632e-05	unsupported	True	0.0004050618697917	0.0004050618697917
CLDN4	chr7:73738693-73739194	13	-0.011713087430011024	0.013271717713205339	3	0.02498480514321636	0.013271717713205339	4.400785877329481e-06	unsupported	True	0.0003378961897703	0.0003378961897703
CLDN4	chr7:73668149-73668650	14	-0.021511414415221374	0.0033796524997566093	3	0.024891066914977982	0.00820153636372684	6.899391272369436e-07	unsupported	True	0.0002590158912741	-0.0002590158912741
CLDN4	chr7:73855431-73855932	15	-0.01925791625804484	0.039547621686280426	2	0.05880553794432526	0.039547621686280426	9.197270702978619e-05	unsupported	True	0.0002273059911904	0.0002273059911904
CLDN4	chr7:73701378-73701879	16	-0.027681746367874058	0.013677346227343597	3	0.04135909259521765	0.0488302909291083	2.7622447351204536e-05	unsupported	True	0.0002136202197951	0.0002136202197951
CLDN4	chr7:73721419-73721920	17	-0.01939797457291347	0.019219933029717952	3	0.038617907602631424	0.041710481652259004	3.095892086566399e-05	unsupported	True	0.0002035823175982	-0.0002035823175982
CLDN4	chr7:73929282-73929783	18	-0.010069517312061505	0.05317389417076589	2	0.06324341148282739	0.07559013275542685	0.0002542019417287963	unsupported	True	0.0001688472003062	0.0001688472003062
CLDN4	chr7:73703828-73704329	19	-0.025875599306591203	0.0	4	0.025875599306591203	0.011419547003408418	0.0	unsupported	True	0.0001668660270668	0.0001668660270668
FCMR	chr1:206766317-206766818	0	-0.007335956208309885	0.0	1	0.007335956208309885	0.008056992375126639	0.0	unsupported	True	0.0056232178687439	0.0056232178687439
FCMR	chr1:206909158-206909659	1	-0.021595472070401654	0.0	1	0.021595472070401654	0.021753843033866856	0.0	unsupported	True	0.0021330916172613	0.0021330916172613
FCMR	chr1:206892819-206893320	2	0.0210775261613406	0.2800782517491025	0	0.2590007255877619	0.2800782517491025	0.02031700813751485	regional_candidate	True	0.0019078158894234	0.0019078158894234
FCMR	chr1:207025856-207026357	3	-0.0081164533875267	0.014228346308575456	2	0.022344799696102154	0.028073486817505697	8.92539098230653e-06	unsupported	True	0.0015615205091563	0.0015615205091563
FCMR	chr1:206833180-206833681	4	-0.0029717833964267083	0.07175791006866682	0	0.07472969346509352	0.07175791006866682	0.00038479796253038903	unsupported	True	0.0014077660656471	0.0014077660656471
FCMR	chr1:206889936-206890437	5	-0.01890087692147067	0.0	1	0.01890087692147067	0.0295857331384337	0.0	unsupported	True	0.0013139883593705	0.0013139883593705
FCMR	chr1:206982042-206982543	6	-0.007332683143229136	0.024073670302647884	0	0.03140635344587702	0.024073670302647884	1.8201288383995324e-05	unsupported	True	0.000810243623796	0.000810243623796
FCMR	chr1:206912412-206912913	7	-0.010226372307223505	0.022430739180232834	0	0.03265711148745634	0.02823501826859545	2.0682804526793214e-05	unsupported	True	0.000744023973183	0.000744023973183
FCMR	chr1:206760497-206760998	8	0.005175422379153887	0.09766131402858749	0	0.0924858916494336	0.09964751928451174	0.0009000456614103741	unsupported	True	0.000528153866641	0.000528153866641
FCMR	chr1:206814929-206815430	9	-0.022839703255034562	0.009631142061420007	0	0.03247084531645457	0.0334338058467776	1.0455798372070412e-05	unsupported	True	0.0004988473010544	0.0004988473010544
FCMR	chr1:207024969-207025470	10	-0.01424969814147843	0.003010817966166569	2	0.017260516107644997	0.02008417678987559	1.0437399623566275e-06	unsupported	True	0.0004007818791502	0.0004007818791502
FCMR	chr1:207006228-207006729	11	-0.011485614190297814	0.01517616210419627	4	0.026661776294494084	0.031159026465263636	1.2607672445234772e-05	unsupported	True	0.0003560014502429	0.0003560014502429
FCMR	chr1:207050785-207051286	12	-0.0223726276211015	0.014387999679150408	0	0.03676062730025191	0.037833766543320525	2.0010729112067413e-05	unsupported	True	0.0002099316090783	-0.0002099316090783
FCMR	chr1:207052904-207053405	13	-0.019643341392325313	0.022679985477248355	0	0.04232332686957367	0.03811623911944354	3.6587489724370005e-05	unsupported	True	0.0002013260570036	-0.0002013260570036
FCMR	chr1:206955842-206956343	14	-0.016882649214996895	0.03206167819419339	0	0.04894432740919028	0.05286590373268449	8.295914670462263e-05	unsupported	True	0.000190664459915	0.000190664459915
FCMR	chr1:207032492-207032993	15	-0.015257260946382793	0.0	1	0.015257260946382793	0.019290027917668044	0.0	unsupported	True	0.0001554139427713	-0.0001554139427713
FCMR	chr1:207059090-207059591	16	-0.011682074718448463	0.022667853588447993	0	0.034349928306896454	0.04380950163901138	3.4111792926869285e-05	unsupported	True	0.0001248893726482	0.0001248893726482
FCMR	chr1:206842810-206843311	17	-0.012772073354801908	0.05013381495486392	0	0.06290588830966583	0.058137482726581695	0.0001833488864642839	unsupported	True	9.98295229292346e-05	-9.98295229292346e-05
FCMR	chr1:206911070-206911571	18	-0.022859090604771284	0.021304269973823228	0	0.04416336057859451	0.054353784163548746	5.113974471658871e-05	unsupported	True	7.289809773128756e-05	-7.289809773128756e-05
FCMR	chr1:207069394-207069895	19	-0.017006350982202257	0.00721835165774975	0	0.02422470263995201	0.02525024393366178	4.415318821935724e-06	unsupported	True	1.944609463835856e-05	-1.944609463835856e-05
RASIP1	chr19:48782397-48782898	0	0.013507528240039809	0.052124804202773996	2	0.03861727596273419	0.06707939571471858	0.00013502531960211793	unsupported	True	0.0026727934761595	0.0026727934761595
RASIP1	chr19:48724797-48725298	1	-0.00046918733763321916	0.02561601747972431	0	0.02608520481735753	0.04140706448715799	2.76681616738303e-05	unsupported	True	0.0018379505672496	0.0018379505672496
RASIP1	chr19:48835642-48836143	2	-0.006844473426178177	-0.003713196447628042	2	0.003131276978550135	0.010623964914720712	0.0	unsupported	True	0.0017359673127643	0.0017359673127643
RASIP1	chr19:48805448-48805949	3	-0.0155718596416851	-0.010342661523006221	4	0.005229198118678878	0.016047441647295317	0.0	unsupported	True	0.0013690726098787	0.0013690726098787
RASIP1	chr19:48584214-48584715	4	0.01350691891155985	0.04557375297978567	4	0.03206683406822582	0.06514676350892315	9.520586942229515e-05	unsupported	True	0.0010766294656639	0.0010766294656639
RASIP1	chr19:48608682-48609183	5	-0.008285184144428174	0.03182889383120183	1	0.04011407797563	0.037965678558328324	4.8474074541622065e-05	unsupported	True	0.0010567372724108	0.0010567372724108
RASIP1	chr19:48714055-48714556	6	-0.011241062022830782	0.028142437723006883	0	0.039383499745837665	0.055109276142081276	6.108023884965009e-05	unsupported	True	0.0010050754749992	-0.0010050754749992
RASIP1	chr19:48875019-48875520	7	0.0019887008559074048	0.020934018085828298	4	0.018945317229920895	0.02900623624777271	1.1503920098383685e-05	unsupported	True	0.0008259537936597	0.0008259537936597
RASIP1	chr19:48660733-48661234	8	0.0033799220285303253	0.0329059881946907	4	0.029526066166160374	0.041647414765624634	4.046397784937719e-05	unsupported	True	0.0008021994992401	0.0008021994992401
RASIP1	chr19:48720563-48721064	9	-0.006991307275552495	0.042748190105438066	0	0.04973949738099056	0.06682867197080589	0.0001420960335694984	unsupported	True	0.0007288479132376	-0.0007288479132376
RASIP1	chr19:48629822-48630323	10	-0.002084916243387661	0.022315778185343783	5	0.024400694428731443	0.04042454408420344	2.2011992327993553e-05	unsupported	True	0.0007191801986385	0.0007191801986385
RASIP1	chr19:48746729-48747230	11	0.0008765783634192022	0.03412877301697241	0	0.03325219465355321	0.042842970445359584	4.8620627929782476e-05	unsupported	True	0.0006089889387915	-0.0006089889387915
RASIP1	chr19:48638065-48638566	12	-0.005399422458630477	0.050576375848336755	0	0.05597579830696723	0.07110093417138055	0.00020129051395451503	unsupported	True	0.0005520989616526	-0.0005520989616526
RASIP1	chr19:48619073-48619574	13	-0.004755755634946162	0.0410893882076385	0	0.04584514384258466	0.057909451010024565	0.00010908686537999354	unsupported	True	0.0005210895106945	-0.0005210895106945
RASIP1	chr19:48872078-48872579	14	-0.0030159630769285048	0.03681457807327896	0	0.03983054115020746	0.0475980504617505	6.979514268844245e-05	unsupported	True	0.0005172789011263	-0.0005172789011263
RASIP1	chr19:48752710-48753211	15	0.006362481948700089	0.03161902475331496	4	0.025256542804614875	0.019198688422510733	1.5331827831684614e-05	unsupported	True	0.0005034833400382	0.0005034833400382
RASIP1	chr19:48623957-48624458	16	-0.009056765455652878	0.03874672471937368	0	0.04780349017502656	0.06387063028275274	0.00011830301286408127	unsupported	True	0.000494211847224	-0.000494211847224
RASIP1	chr19:48780634-48781135	17	0.0175830708193991	0.057274124204127905	2	0.03969105338472881	0.058429517321138894	0.00013282608761692913	unsupported	True	0.000458156955703	0.000458156955703
RASIP1	chr19:48836339-48836840	18	0.005403676077697694	0.039365281143638936	2	0.033961605065941244	0.07153230439108664	9.563211940609288e-05	unsupported	True	0.0004569663248159	0.0004569663248159
RASIP1	chr19:48644700-48645201	19	0.00018631269545155824	0.04983919450596023	0	0.04965288181050867	0.061649090181395715	0.00015256051496540259	unsupported	True	0.000413599129376	-0.000413599129376
RPP40	chr6:5143586-5144087	0	-0.007342028965817903	0.042274295044535434	1	0.04961632401035334	0.03115972644975535	6.535737417634222e-05	unsupported	True	0.0046645517481248	0.0046645517481248
RPP40	chr6:4904673-4905174	1	-0.010926914051549714	0.02157643795627497	0	0.032503352007824685	0.029813919247930795	2.090869708729613e-05	unsupported	True	0.0036236865244704	0.0036236865244704
RPP40	chr6:4922497-4922998	2	-0.007617394986199269	0.06810211500577414	1	0.07571950999197341	0.07644099963096657	0.000394180151719688	unsupported	True	0.0024408013273565	0.0024408013273565
RPP40	chr6:5003481-5003982	3	0.002091712166888806	0.09639835250231049	1	0.09430664033542169	0.07575181870005186	0.000688660144256792	unsupported	True	0.0016159871570183	-0.0016159871570183
RPP40	chr6:5152057-5152558	4	-0.0011771278460501054	0.12254856627840885	1	0.12372569412445895	0.13451623056947049	0.002039589758889181	unsupported	True	0.0007317215327115	0.0007317215327115
RPP40	chr6:5132625-5133126	5	0.0026777536286863683	0.11321667936898588	1	0.11053892574029951	0.12716617210748085	0.0015914655834112562	unsupported	True	0.0007147862866637	-0.0007147862866637
RPP40	chr6:4890554-4891055	6	-0.005829661678384672	0.11264154157842197	1	0.11847120325680664	0.1277078032134853	0.0017042324063085983	unsupported	True	0.0005890480823298	0.0005890480823298
RPP40	chr6:4964303-4964804	7	-0.017430302589819886	0.006179041017510756	4	0.023609343607330642	0.03714407762506043	5.4186932851607546e-06	unsupported	True	0.0005094161802295	0.0005094161802295
RPP40	chr6:5136754-5137255	8	-0.01458324105375742	0.12146811404633436	4	0.13605135510009178	0.15461146169976336	0.002555093789520253	unsupported	True	0.0003951352572221	-0.0003951352572221
RPP40	chr6:5084350-5084851	9	-0.0015394865891940382	0.11814071521009338	1	0.11968020179928741	0.13219621646831053	0.001869136137268364	unsupported	True	0.0003685313648631	0.0003685313648631
RPP40	chr6:5084983-5085484	10	-0.0036154094200454906	0.11749880262799452	1	0.12111421204804	0.12829731126836624	0.0018257701565347745	unsupported	True	0.0003351123524248	0.0003351123524248
RPP40	chr6:5026200-5026701	11	0.0012344114837092367	0.10605576846107541	1	0.10482135697736618	0.10351031049460915	0.0011507147608516574	unsupported	True	0.0003129786669012	-0.0003129786669012
RPP40	chr6:5055921-5056422	12	0.0047798900318375545	0.08986303362923487	1	0.08508314359739731	0.09834953461788726	0.0007519637627044392	unsupported	True	0.0003047251576088	0.0003047251576088
RPP40	chr6:5085732-5086233	13	0.006181622446965402	0.13064332916213214	1	0.12446170671516674	0.13208340008633768	0.002147688199891256	unsupported	True	0.0003026006230332	0.0003026006230332
RPP40	chr6:4993206-4993707	14	0.006495467190051551	0.11702256026395169	1	0.11052709307390014	0.13212299200970662	0.0017089003688769385	unsupported	True	0.0002659916047193	-0.0002659916047193
RPP40	chr6:5108275-5108776	15	-0.008868787777261144	0.01459971703930442	4	0.023468504816565566	0.024383958378530152	8.354761726255166e-06	unsupported	True	0.0002562483358194	0.0002562483358194
RPP40	chr6:5058476-5058977	16	-0.003299886578010165	0.05248901180767964	0	0.0557888983856898	0.06459719803520907	0.00018916024283319817	unsupported	True	0.000253580266892	-0.000253580266892
RPP40	chr6:5116250-5116751	17	0.00816212181187005	0.042810805613956594	2	0.03464868380208654	0.04977220783626374	7.382901056368742e-05	unsupported	True	0.0002475031871647	-0.0002475031871647
RPP40	chr6:4930248-4930749	18	-0.0036195387947565508	0.039402269354799326	1	0.043021808149555876	0.04678180670117631	7.930250115333871e-05	unsupported	True	0.0002403143751396	0.0002403143751396
RPP40	chr6:5103135-5103636	19	-0.01988996584364058	0.028971897704895503	4	0.04886186354853608	0.06399712443240267	9.059566767989418e-05	unsupported	True	0.0001815924533133	0.0001815924533133
NPAS1	chr19:47020478-47020979	0	0.01068379705315831	0.04180933739221678	2	0.031125540339058472	0.029637604156484233	3.856854696547387e-05	unsupported	True	0.0031789002117566	0.0031789002117566
NPAS1	chr19:47130548-47131049	1	0.030967998241936544	0.0640831344385998	2	0.03311513619666325	0.02832270752637822	6.010423294811045e-05	unsupported	True	0.0023353341492655	-0.0023353341492655
NPAS1	chr19:47035698-47036199	2	0.022784960137257882	0.05891006415505688	1	0.036125104017799003	0.043339881019824576	9.223299613861457e-05	unsupported	True	0.0018673541794191	0.0018673541794191
NPAS1	chr19:47141213-47141714	3	0.02596663570925955	0.09260597847110015	4	0.06663934276184061	0.07097227766521766	0.00043798422930518794	unsupported	True	0.0017613456104128	0.0017613456104128
NPAS1	chr19:47047727-47048228	4	0.03370064778963832	0.06477056088538072	2	0.031069913095742398	0.016648941953403502	3.3504592139976785e-05	unsupported	True	0.0016403878322319	0.0016403878322319
NPAS1	chr19:47012897-47013398	5	0.031240647950869553	0.07390459280402607	2	0.04266394485315652	0.043448543998922264	0.00013699593008819873	unsupported	True	0.0011170156133286	-0.0011170156133286
NPAS1	chr19:47112037-47112538	6	0.030768633036554457	0.05110223790476062	2	0.020333604868206165	0.02119694698591684	2.2025593160165337e-05	unsupported	True	0.0008145140988555	0.0008145140988555
NPAS1	chr19:47113542-47114043	7	0.02773971061910834	0.059734363633117155	1	0.03199465301400882	0.02906892668422807	5.555595820290204e-05	unsupported	True	0.0006639814310231	0.0006639814310231
NPAS1	chr19:46976276-46976777	8	-0.0039253086258592956	0.07898722335395233	3	0.08291253197981163	0.07120959746764435	0.00046635383869204965	unsupported	True	0.0005390408888412	-0.0005390408888412
NPAS1	chr19:46926107-46926608	9	-0.008883041183922365	0.024107355168257582	3	0.03299039635217994	0.03609262019539228	2.8704865151056523e-05	unsupported	True	0.000538474789602	-0.000538474789602
NPAS1	chr19:47087956-47088457	10	0.0111984282077281	0.0828689304215041	1	0.07167050221377601	0.0747327745757663	0.0004438572188904745	unsupported	True	0.0004903565061266	0.0004903565061266
NPAS1	chr19:46941605-46942106	11	-0.005639484805478067	0.06767579965649603	2	0.0733152844619741	0.06747226381503815	0.00033477514114222025	unsupported	True	0.0004610178870821	0.0004610178870821
NPAS1	chr19:46972500-46973001	12	-0.00034458359422863725	0.028924927597793897	5	0.029269511192022535	0.021077583444991776	1.784467191230061e-05	unsupported	True	0.0004476355461498	-0.0004476355461498
NPAS1	chr19:47131063-47131564	13	0.023494748180609707	0.05539463292107796	1	0.03189988474046826	0.028211997936444543	4.985292517531932e-05	unsupported	True	0.0004289140477845	0.0004289140477845
NPAS1	chr19:47148886-47149387	14	-0.0066388601473403855	0.035935378213994236	1	0.04257423836133462	0.045550606689070405	6.968884602922289e-05	unsupported	True	0.0004250813876635	0.0004250813876635
NPAS1	chr19:46991054-46991555	15	0.04014037344960977	0.07870812880515035	2	0.03856775535554058	0.04777309066599629	0.00014501979606592594	unsupported	True	0.0004067173009419	-0.0004067173009419
NPAS1	chr19:46951011-46951512	16	0.007105524338056733	0.05014578532768326	2	0.04304026098962653	0.017539864164410668	3.7856072875823545e-05	unsupported	True	0.0003727559635366	-0.0003727559635366
NPAS1	chr19:47097649-47098150	17	0.018791091004714773	0.08369553338005205	3	0.06490444237533727	0.06842818844879263	0.00037171642118399915	unsupported	True	0.0003254061723931	-0.0003254061723931
NPAS1	chr19:47006071-47006572	18	0.010202985897124057	0.04202371989307562	2	0.03182073399595156	0.03766128499220092	5.036163488136332e-05	unsupported	True	0.0002814122593682	0.0002814122593682
NPAS1	chr19:47019547-47020048	19	0.026400291373800133	0.0979514692017766	0	0.07155117782797646	0.0894799553188143	0.0006271241137175866	unsupported	True	0.0002546860692349	0.0002546860692349
THYN1	chr11:134391003-134391504	0	0.021907869904588723	0.07548061088939576	1	0.053572740984807035	0.06199113540438739	0.0002506737536324693	unsupported	True	0.0023184396171803	-0.0023184396171803
THYN1	chr11:134119921-134120422	1	0.030713105182949015	0.06091750214795828	2	0.03020439696500927	0.036271762217643166	6.673918708326786e-05	unsupported	True	0.0021916126945632	0.0021916126945632
THYN1	chr11:134331633-134332134	2	0.02815927903691208	0.06883205212434264	4	0.04067277308743056	0.05024587416083644	0.0001406678688092102	unsupported	True	0.0021137449497653	-0.0021137449497653
THYN1	chr11:134224356-134224857	3	0.02348905234566622	0.0503354279055784	4	0.026846375559912178	0.02809680399356787	3.796787998320781e-05	unsupported	True	0.0017409656908807	-0.0017409656908807
THYN1	chr11:134124817-134125318	4	0.03928272114104853	0.0777828405941344	1	0.038500119453085874	0.049504554327003084	0.00014824874699581923	unsupported	True	0.0016404054897073	0.0016404054897073
THYN1	chr11:134139706-134140207	5	0.014765242409393826	0.04490476320611614	1	0.030139520796722313	0.02506972072679655	3.392956170558212e-05	unsupported	True	0.0012031976638942	0.0012031976638942
THYN1	chr11:134223797-134224298	6	0.01506515577168139	0.053436675506361074	4	0.038371519734679685	0.04064538730393661	8.334119005534421e-05	unsupported	True	0.0011275008198026	-0.0011275008198026
THYN1	chr11:134253197-134253698	7	0.026220750258078636	0.06198436742244748	4	0.03576361716436884	0.042600278465708435	9.443566625088412e-05	unsupported	True	0.0011202638240515	0.0011202638240515
THYN1	chr11:134159465-134159966	8	0.006141475750544678	0.04001341121902495	1	0.033871935468480274	0.03579307280882968	4.851148559844273e-05	unsupported	True	0.000808410348975	0.000808410348975
THYN1	chr11:134276563-134277064	9	-0.0037650744762650298	0.04918708384188201	3	0.052952158318147036	0.05607929185340801	0.000146062006613168	unsupported	True	0.0007165092305973	0.0007165092305973
THYN1	chr11:134393510-134394011	10	0.025619349252039826	0.09075014218772053	1	0.06513079293568069	0.07691991251402362	0.000454645044023123	unsupported	True	0.0005870235877437	0.0005870235877437
THYN1	chr11:134276044-134276545	11	-0.008016219617861888	0.029481230343188006	3	0.037497449961049895	0.03773379570224025	4.171361534369755e-05	unsupported	True	0.0005774108126464	0.0005774108126464
THYN1	chr11:134366472-134366973	12	0.0317854942155642	0.0485755706220682	4	0.016790076406503998	0.02402432631463249	1.959394125278007e-05	unsupported	True	0.0004705457239018	0.0004705457239018
THYN1	chr11:134360203-134360704	13	0.01827914721973777	0.05517822763093046	1	0.03689908041119269	0.03564339384991722	7.257087155603109e-05	unsupported	True	0.0003944417952735	-0.0003944417952735
THYN1	chr11:134363558-134364059	14	-0.0027916251326569664	0.026642231846463783	3	0.02943385697912075	0.02878396007278978	2.2571910634540174e-05	unsupported	True	0.0002827476790977	-0.0002827476790977
THYN1	chr11:134267881-134268382	15	0.010233664634410696	0.05658770671674481	4	0.04635404208233412	0.0439703316536769	0.00011533721117589736	unsupported	True	0.0002581162278975	0.0002581162278975
THYN1	chr11:134207374-134207875	16	0.03158229399931843	0.06092090744982689	4	0.029338613450508456	0.04120621372091332	7.364930613524377e-05	unsupported	True	0.000223226752648	0.000223226752648
THYN1	chr11:134126129-134126630	17	0.011957645123682682	0.07431728856461962	1	0.062359643440936946	0.07165932992014486	0.00033209797109246165	unsupported	True	0.0002185800576434	0.0002185800576434
THYN1	chr11:134145721-134146222	18	0.018084646576774447	0.05068851327313861	1	0.03260386669636417	0.04228757864989494	6.988620867125904e-05	unsupported	True	0.0001836526724342	0.0001836526724342
THYN1	chr11:134365128-134365629	19	0.0058847940436700195	0.05482847121128832	1	0.0489436771676183	0.06684571389848802	0.00017938094080290572	unsupported	True	0.0001666656078039	-0.0001666656078039
ZKSCAN5	chr7:99580074-99580575	0	-0.028088384351502755	-0.0010943553902137478	0	0.026994028961289007	0.031424508805390515	0.0	unsupported	True	0.0023811416148836	0.0023811416148836
ZKSCAN5	chr7:99408405-99408906	1	-0.026560376120106508	-0.003778477320357499	0	0.02278189879974901	0.028501617902942505	0.0	unsupported	True	0.0014396824717099	-0.0014396824717099
ZKSCAN5	chr7:99616641-99617142	2	-0.029993740904725372	0.006674022914390021	0	0.03666776381911539	0.04797234392843018	1.1739863770307822e-05	unsupported	True	0.0013036893161435	0.0013036893161435
ZKSCAN5	chr7:99447352-99447853	3	-0.018195868260822902	0.010135323466690419	0	0.02833119172751332	0.03537544121710211	1.0157909098198567e-05	unsupported	True	0.0011560007822044	0.0011560007822044
ZKSCAN5	chr7:99438605-99439106	4	-0.02807369706500796	0.0056734725764512875	0	0.03374716964145925	0.045166981233427335	8.647834702228183e-06	unsupported	True	0.0011267152284674	-0.0011267152284674
ZKSCAN5	chr7:99415494-99415995	5	-0.02790827063092769	-0.003256272740964924	2	0.024651997889962765	0.031863855567576524	0.0	unsupported	True	0.0010189968313834	0.0010189968313834
ZKSCAN5	chr7:99504344-99504845	6	-0.024930504851971017	0.001187668131138253	0	0.02611817298310927	0.03695311298768159	1.14627528066376e-06	unsupported	True	0.0009221350321642	-0.0009221350321642
ZKSCAN5	chr7:99393473-99393974	7	-0.022932222785752	0.0004951550331314862	0	0.023427377818883488	0.044719257005189354	5.187516113964191e-07	unsupported	True	0.0009079862686553	0.0009079862686553
ZKSCAN5	chr7:99439113-99439614	8	-0.020791342712087685	0.051197456148456576	0	0.07198879886054427	0.09337049436420854	0.00034413034377249897	unsupported	True	0.0008811475135817	0.0008811475135817
ZKSCAN5	chr7:99504935-99505436	9	-0.023838690662277194	0.00020472449808045336	0	0.024043415160357646	0.039661576568683014	1.9522523046583002e-07	unsupported	True	0.000862913933585	-0.000862913933585
ZKSCAN5	chr7:99465955-99466456	10	-0.023713610870728145	0.004975867246234192	0	0.028689478116962337	0.03490521993051881	4.982895874494881e-06	unsupported	True	0.0008408389894822	-0.0008408389894822
ZKSCAN5	chr7:99472539-99473040	11	-0.0232456381174721	0.002470946314084542	0	0.025716584431556642	0.029873290809485	1.8982773386069561e-06	unsupported	True	0.000823832113172	-0.000823832113172
ZKSCAN5	chr7:99579571-99580072	12	-0.019888350344225	0.010985488956737207	4	0.030873839300962207	0.04000237375685985	1.3567373921107465e-05	unsupported	True	0.0007956312407997	0.0007956312407997
ZKSCAN5	chr7:99631667-99632168	13	-0.027306688306974827	0.011493630539733594	2	0.03880031884670842	0.04363949315665505	1.9461316923736426e-05	unsupported	True	0.0007853797352776	0.0007853797352776
ZKSCAN5	chr7:99558346-99558847	14	-0.022901404068171285	0.011060965271355076	0	0.03396236933952636	0.04100214666471451	1.540272650843665e-05	unsupported	True	0.0006604984676603	-0.0006604984676603
ZKSCAN5	chr7:99551891-99552392	15	-0.020915940428878607	0.007815765824173105	0	0.028731706253051714	0.042582454177013	9.562328165338829e-06	unsupported	True	0.0006018271974991	-0.0006018271974991
ZKSCAN5	chr7:99678952-99679453	16	-0.012413851847353281	0.029217375277104794	2	0.041631227124458076	0.048018433066751784	5.840747009114048e-05	unsupported	True	0.0005873788843932	0.0005873788843932
ZKSCAN5	chr7:99375098-99375599	17	-0.027078023883099153	0.025039628107319543	0	0.05211765199041869	0.06138288331770476	8.010506930937018e-05	unsupported	True	0.0004813160376885	0.0004813160376885
ZKSCAN5	chr7:99603556-99604057	18	-0.018187915993951347	0.021705868260318787	0	0.039893784254270134	0.04453871566891104	3.8567375560772245e-05	unsupported	True	0.000385513857078	0.000385513857078
ZKSCAN5	chr7:99473230-99473731	19	-0.013310624580738983	0.013927347383634549	0	0.027237971964373532	0.027299836856550568	1.0356266754849706e-05	unsupported	True	0.0003800645454879	0.0003800645454879
ARHGEF39	chr9:35815208-35815709	0	0.016543295628005234	0.05279712890327363	3	0.03625383327526839	0.05279712890327363	0.00010105889513650079	unsupported	True	0.0020688399990272	-0.0020688399990272
ARHGEF39	chr9:35538614-35539115	1	0.013526587047571374	0.04785786845169283	3	0.03433128140412145	0.04785786845169283	7.863152830884682e-05	unsupported	True	0.0019921158281567	-0.0019921158281567
ARHGEF39	chr9:35690458-35690959	2	0.03105129994435525	0.2029347325357675	2	0.17188343259141226	0.2029347325357675	0.007078590437165492	regional_candidate	True	0.001545711468005	0.001545711468005
ARHGEF39	chr9:35811987-35812488	3	0.01666901080032533	0.05652701401494447	3	0.039858003214619145	0.05652701401494447	0.00012735840973900303	unsupported	True	0.0014928566698812	-0.0014928566698812
ARHGEF39	chr9:35603929-35604430	4	0.017182071254933012	0.050038414547861364	3	0.03285634329292835	0.050038414547861364	8.226712287488455e-05	unsupported	True	0.0011953920992129	-0.0011953920992129
ARHGEF39	chr9:35675673-35676174	5	0.023662852266855227	0.06590959394899604	2	0.042246741682140806	0.06590959394899604	0.000183522996397767	unsupported	True	0.0011649339027529	0.0011649339027529
ARHGEF39	chr9:35665012-35665513	6	0.03202898282207263	0.11119866921562048	2	0.07916968639354785	0.11119866921562048	0.0009789445754877276	unsupported	True	0.0009776840411732	0.0009776840411732
ARHGEF39	chr9:35756685-35757186	7	0.024377717124798966	0.10501730751660497	2	0.080639590391806	0.10501730751660497	0.0008893445991457031	unsupported	True	0.0009332758057953	0.0009332758057953
ARHGEF39	chr9:35690965-35691466	8	0.02717399737809279	0.21099927384938486	2	0.18382527647129207	0.21099927384938486	0.008184028803273862	regional_candidate	True	0.0007071594035331	0.0007071594035331
ARHGEF39	chr9:35749008-35749509	9	0.026139467374369483	0.06621815933355503	3	0.04007869195918555	0.06621815933355503	0.00017573883703526997	unsupported	True	0.0006869040379444	0.0006869040379444
ARHGEF39	chr9:35790229-35790730	10	0.013477492887966767	0.05905978186882995	3	0.04558228898086318	0.05905978186882995	0.00015899366018930087	unsupported	True	0.0006435475958571	-0.0006435475958571
ARHGEF39	chr9:35517191-35517692	11	0.02363302372676719	0.2828208859711112	2	0.25918786224434404	0.2828208859711112	0.02073182892735855	regional_candidate	True	0.0006337792112258	0.0006337792112258
ARHGEF39	chr9:35646667-35647168	12	0.01765368663131607	0.04817616571337396	3	0.030522479082057886	0.04817616571337396	7.084093242355912e-05	unsupported	True	0.000617742772335	-0.000617742772335
ARHGEF39	chr9:35732103-35732604	13	0.025776418818892692	0.07929947602378803	2	0.05352305720489534	0.07929947602378803	0.0003365747621104367	unsupported	True	0.000596936342433	0.000596936342433
ARHGEF39	chr9:35604985-35605486	14	0.016597591047378398	0.05533512050872598	3	0.03873752946134758	0.05533512050872598	0.00011861336853186987	unsupported	True	0.0005898741037879	-0.0005898741037879
ARHGEF39	chr9:35618164-35618665	15	0.012889089700657337	0.044241825241030736	2	0.0313527355403734	0.044241825241030736	6.136793518575957e-05	unsupported	True	0.0005750580937866	0.0005750580937866
ARHGEF39	chr9:35658055-35658556	16	0.023540250715006046	0.06379799287067774	2	0.04025774215567169	0.06379799287067774	0.00016385641374398591	unsupported	True	0.0005395211470246	-0.0005395211470246
ARHGEF39	chr9:35689729-35690230	17	0.031085964883900395	0.1898486844115364	2	0.15876271952763601	0.1898486844115364	0.005722208965797618	unsupported	True	0.0005071684911074	0.0005071684911074
ARHGEF39	chr9:35757375-35757876	18	0.028140584204686663	0.1141755370551918	2	0.08603495285050514	0.1141755370551918	0.0011215562277392052	unsupported	True	0.0004645926406803	0.0004645926406803
ARHGEF39	chr9:35630290-35630791	19	0.0004828386510079869	0.007006952249520727	3	0.00652411359851274	0.007006952249520727	3.2031688338109057e-07	unsupported	True	0.0004075225132509	0.0004075225132509
RTP5	chr2:241871183-241871684	0	0.016585667851732842	0.05693916197308737	0	0.04035349412135453	0.045187981094321664	0.00010382815926648197	unsupported	True	0.0032273858528791	0.0032273858528791
RTP5	chr2:241803640-241804141	1	-0.0034812820451220463	0.039988807657643295	0	0.04347008970276534	0.06433351542353685	0.00011183204713216853	unsupported	True	0.0023242535602162	0.0023242535602162
RTP5	chr2:241866472-241866973	2	-0.013614150539098709	0.005815550107571633	5	0.019429700646670343	0.02266241196460251	2.5607255900483704e-06	unsupported	True	0.0013608991154568	0.0013608991154568
RTP5	chr2:241869439-241869940	3	-0.003752220437017413	0.035125881119487064	0	0.03887810155650448	0.05506279263718094	7.519526789512404e-05	unsupported	True	0.0011981214648472	0.0011981214648472
RTP5	chr2:241901725-241902226	4	-0.01934424458111367	0.025418826423627264	0	0.04476307100474093	0.053698877592395874	6.109991100838383e-05	unsupported	True	0.0009873225123259	0.0009873225123259
RTP5	chr2:241868809-241869310	5	-0.006365275055469089	0.024527367514887287	0	0.030892642570356375	0.041579692376722946	3.15055648349052e-05	unsupported	True	0.0009079132093225	0.0009079132093225
RTP5	chr2:241818862-241819363	6	-0.004601246767935326	0.026779519816714916	4	0.03138076658465024	0.032702576397689434	2.7481997948543213e-05	unsupported	True	0.0008902747666125	0.0008902747666125
RTP5	chr2:241902294-241902795	7	-0.024490342880705826	-0.006506501301844396	1	0.01798384157886143	0.018335484795712835	0.0	unsupported	True	0.0008357904994191	0.0008357904994191
RTP5	chr2:241867999-241868500	8	0.0001901963837908528	0.02233002882155745	1	0.022139832437766595	0.035983994283888224	1.7789878516340026e-05	unsupported	True	0.0007726863440827	0.0007726863440827
RTP5	chr2:241950713-241951214	9	-0.009874466073773498	0.015293063373680632	0	0.02516752944745413	0.027693553059917386	1.0658933497639576e-05	unsupported	True	0.0007609275366132	0.0007609275366132
RTP5	chr2:241910238-241910739	10	-0.007975034587715648	0.023721995786434653	4	0.0316970303741503	0.051995737017214695	3.909646928239659e-05	unsupported	True	0.0006544488035334	0.0006544488035334
RTP5	chr2:241958845-241959346	11	-0.0012152910393106384	0.0052047821769976325	0	0.006420073216308271	0.015019511770828702	5.018782272038309e-07	unsupported	True	0.0006360991744907	0.0006360991744907
RTP5	chr2:241967545-241968046	12	0.006679591569668199	0.03396395116363876	0	0.02728435959397056	0.035997966327629936	3.3358763071125636e-05	unsupported	True	0.000603767645435	0.000603767645435
RTP5	chr2:241885405-241885906	13	-0.004096275070125598	0.025426548340143174	0	0.029522823410268774	0.04557027530007658	3.420794219680989e-05	unsupported	True	0.0005362475356073	0.0005362475356073
RTP5	chr2:241735292-241735793	14	-0.009339767228524318	0.019003271070817365	0	0.028343038299341684	0.03539085753172868	1.9061885339106147e-05	unsupported	True	0.0005293694913079	0.0005293694913079
RTP5	chr2:241804166-241804667	15	-0.004488352725057742	0.036154039334890954	0	0.0406423920599487	0.04997235887602397	7.342871656165413e-05	unsupported	True	0.000528971534685	0.000528971534685
RTP5	chr2:241870484-241870985	16	-0.003029988373077577	0.0224386344769364	0	0.025468622850013976	0.03580237036376348	2.0460378669829838e-05	unsupported	True	0.000469155782772	0.000469155782772
RTP5	chr2:241881543-241882044	17	-0.003160086841125009	0.040083451731878654	0	0.04324353857300366	0.06408721151275655	0.00011108558673184842	unsupported	True	0.0004057259680932	0.0004057259680932
RTP5	chr2:241833236-241833737	18	-0.01713744186994005	0.01649775552835116	1	0.03363519739829121	0.027637457952025483	1.533617089631666e-05	unsupported	True	0.000372147369689	0.000372147369689
RTP5	chr2:241834835-241835336	19	-0.004053999057210674	0.031358049145586916	0	0.03541204820279759	0.054900172111132683	6.09640469803984e-05	unsupported	True	0.0003386988272524	0.0003386988272524
NDUFAF8	chr17:81345981-81346482	0	-0.008075771986421515	0.00846737016068026	0	0.016543142147101772	0.010308545505124452	1.4439891821933653e-06	unsupported	True	0.0031197007885693	-0.0031197007885693
NDUFAF8	chr17:81310644-81311145	1	0.005308424426753862	0.0760160796516174	4	0.07070765522486354	0.09374754311026538	0.0005038854273753256	unsupported	True	0.0028201984119458	0.0028201984119458
NDUFAF8	chr17:81251877-81252378	2	-0.01292499828493857	0.05678599087633601	0	0.06971098916127458	0.06441539920526046	0.00025499528849621004	unsupported	True	0.0020441035362888	0.0020441035362888
NDUFAF8	chr17:81351291-81351792	3	-0.0028451974837055433	0.022641965515784405	2	0.02548716299948995	0.03163806098980571	1.8257675332718456e-05	unsupported	True	0.0012402111100137	0.0012402111100137
NDUFAF8	chr17:81365040-81365541	4	-0.02272396174922159	0.014809568384350637	0	0.037533530133572225	0.05297646841953845	2.944725504899068e-05	unsupported	True	0.0012368311356071	0.0012368311356071
NDUFAF8	chr17:81318300-81318801	5	-0.01658300012526459	0.007685723606685063	1	0.024268723731949653	0.03689094831190621	6.880999391340194e-06	unsupported	True	0.0012094658529716	0.0012094658529716
NDUFAF8	chr17:81166292-81166793	6	-0.010658089035292497	0.004810890888499407	1	0.015468979923791905	0.014532414147961345	1.0814960783627098e-06	unsupported	True	0.00083888306033	0.00083888306033
NDUFAF8	chr17:81222887-81223388	7	-0.007347080639031744	0.014985810290346844	0	0.02233289092937859	0.02309090539267559	7.727982629786418e-06	unsupported	True	0.0007388194132601	-0.0007388194132601
NDUFAF8	chr17:81238930-81239431	8	-0.006174793071857671	0.013779520946913842	0	0.019954314018771513	0.02432195491222823	6.687586320634194e-06	unsupported	True	0.0006046350272793	-0.0006046350272793
NDUFAF8	chr17:81114244-81114745	9	-0.007370717062314429	0.07857956846201325	0	0.08595028552432768	0.10848156737176384	0.0007326776007094108	unsupported	True	0.0005914481798573	0.0005914481798573
NDUFAF8	chr17:81295994-81296495	10	-0.011903889044357715	0.007297723220909043	1	0.019201612265266756	0.018462411052235568	2.587101690565937e-06	unsupported	True	0.0005552812060052	0.0005552812060052
NDUFAF8	chr17:81295104-81295605	11	-0.01652647564305706	0.0007180389359033288	5	0.01724451457896039	0.020059991735744645	2.483874896128954e-07	unsupported	True	0.0005214275198469	-0.0005214275198469
NDUFAF8	chr17:81317765-81318266	12	-0.01980749068170816	0.00209590524439846	2	0.02190339592610662	0.02278692394953285	1.046089398496379e-06	unsupported	True	0.000462079220535	0.000462079220535
NDUFAF8	chr17:81388899-81389400	13	-0.00846004834362778	0.06843997547827817	0	0.07690002382190594	0.08989368623143677	0.0004731136838544257	unsupported	True	0.0004569377947719	-0.0004569377947719
NDUFAF8	chr17:81110507-81111008	14	0.014997118195966025	0.04960611705088229	0	0.034608998854916265	0.03791935796544381	6.510063813164094e-05	unsupported	True	0.0003835690241	0.0003835690241
NDUFAF8	chr17:81097264-81097765	15	-0.024128838843742482	0.0219297672072485	0	0.04605860605099098	0.05323825649507945	5.377354100225127e-05	unsupported	True	0.0003798248956701	0.0003798248956701
NDUFAF8	chr17:81253274-81253775	16	-0.010459558432043596	0.006051503952828031	5	0.016511062384871628	0.014714212538431838	1.470196432306738e-06	unsupported	True	0.0003105440198875	0.0003105440198875
NDUFAF8	chr17:81094809-81095310	17	-0.023334762235136856	0.043195212023813316	0	0.06652997425895017	0.0680654743023092	0.00019560494989680492	unsupported	True	0.0002947690969119	0.0002947690969119
NDUFAF8	chr17:81385360-81385861	18	-0.014788206767982271	0.08364191733673278	0	0.09843012410471505	0.11733152071838619	0.0009659768352646679	unsupported	True	0.0002624463022591	0.0002624463022591
NDUFAF8	chr17:81119568-81120069	19	0.0101589128061623	0.020599330938862084	4	0.010440418132699785	0.01703647260170941	3.663959683345599e-06	unsupported	True	0.0002602128873659	-0.0002602128873659
SLC10A5	chr8:81721089-81721590	0	-0.004590610360834294	0.06968762193372127	1	0.07427823229455556	0.06968762193372127	0.0003607221816375023	unsupported	True	0.0027598592664804	0.0027598592664804
SLC10A5	chr8:81780442-81780943	1	-0.007178418240956347	0.05604247580487559	1	0.06322089404583194	0.05604247580487559	0.00019856159792675638	unsupported	True	0.0024093071780598	0.0024093071780598
SLC10A5	chr8:81651244-81651745	2	0.004272379680658171	0.1270449211304393	1	0.12277254144978113	0.1270449211304393	0.0019815993994498115	unsupported	True	0.0022217934179792	0.0022217934179792
SLC10A5	chr8:81590801-81591302	3	-0.0004336942199873806	0.08689299168168554	1	0.08732668590167292	0.08689299168168554	0.0006593507109148447	unsupported	True	0.0018921702829271	0.0018921702829271
SLC10A5	chr8:81630724-81631225	4	-0.012060831550885191	0.00023010661028865373	1	0.012290938161173845	0.00023010661028865373	6.50793525035858e-10	unsupported	True	0.0017246216334601	0.0017246216334601
SLC10A5	chr8:81686114-81686615	5	-0.009030254376118572	0.02088397231435981	1	0.02991422669047838	0.02088397231435981	1.3046799791893656e-05	unsupported	True	0.0015084965610252	0.0015084965610252
SLC10A5	chr8:81759033-81759534	6	-0.008304556763653867	0.0	0	0.008304556763653867	0.0011732726051862982	0.0	unsupported	True	0.0008296988067142	0.0008296988067142
SLC10A5	chr8:81732143-81732644	7	-0.008944785606261352	0.0	0	0.008944785606261352	0.012569278325516743	0.0	unsupported	True	0.0007511388272644	-0.0007511388272644
SLC10A5	chr8:81641422-81641923	8	-0.0013767894174221559	0.09055770858713963	1	0.09193449800456178	0.09055770858713963	0.0007539271076576282	unsupported	True	0.0006894825056453	0.0006894825056453
SLC10A5	chr8:81575579-81576080	9	-0.011342825869344209	0.0	0	0.011342825869344209	0.01272951951159439	0.0	unsupported	True	0.0006278507503441	0.0006278507503441
SLC10A5	chr8:81730242-81730743	10	-0.0011108865808129595	0.06297991986726285	1	0.06409080644807581	0.06297991986726285	0.0002542142806950887	unsupported	True	0.0005061904261671	0.0005061904261671
SLC10A5	chr8:81577950-81578451	11	-0.008115150458624482	0.0	0	0.008115150458624482	0.0023671363717954904	0.0	unsupported	True	0.000424192209808	0.000424192209808
SLC10A5	chr8:81672169-81672670	12	-0.005683544790467789	0.0	0	0.005683544790467789	0.009637001836458273	0.0	unsupported	True	0.000404661024253	0.000404661024253
SLC10A5	chr8:81825172-81825673	13	-0.00061048684143302	0.02021693354580391	1	0.02082742038723693	0.02021693354580391	8.512674942881286e-06	unsupported	True	0.000396506058109	-0.000396506058109
SLC10A5	chr8:81579088-81579589	14	-0.008185920828001797	0.0	0	0.008185920828001797	0.00647750736218546	0.0	unsupported	True	0.0003172982112422	0.0003172982112422
SLC10A5	chr8:81569832-81570333	15	0.029553850005800034	0.23540460062929264	1	0.20585075062349262	0.23540460062929264	0.011407286452617902	regional_candidate	True	0.0003097750875262	0.0003097750875262
SLC10A5	chr8:81796879-81797380	16	0.0033080891136753107	0.02773168017971148	1	0.02442359106603617	0.02773168017971148	1.8782867105381187e-05	unsupported	True	0.0002425727069513	-0.0002425727069513
SLC10A5	chr8:81589476-81589977	17	-0.008646687431432922	0.0	0	0.008646687431432922	0.008440205270267592	0.0	unsupported	True	0.0001418718346566	-0.0001418718346566
SLC10A5	chr8:81755705-81756206	18	-0.012783029940718112	0.0	0	0.012783029940718112	0.01130215003547784	0.0	unsupported	True	0.0001309099335009	-0.0001309099335009
SLC10A5	chr8:81708503-81709004	19	-0.004532657967977143	0.04147681642343353	1	0.046009474391410676	0.04147681642343353	7.915130887339363e-05	unsupported	True	4.101209981082892e-05	4.101209981082892e-05
HELQ	chr4:83260483-83260984	0	-0.01482317933949296	0.025780795203844173	1	0.04060397454333713	0.05023951402607543	5.259086154987145e-05	unsupported	True	0.0027855884177809	0.0027855884177809
HELQ	chr4:83535495-83535996	1	-0.004551654247373377	0.024817839682552044	2	0.02936949392992542	0.028588524470104248	2.0837815039585926e-05	unsupported	True	0.0025235589257809	0.0025235589257809
HELQ	chr4:83490821-83491322	2	0.0055110475398057685	0.043560047520425416	5	0.03804899998061965	0.029593693847647307	4.904906899954249e-05	unsupported	True	0.0024233812813485	0.0024233812813485
HELQ	chr4:83536035-83536536	3	-0.002812130598405021	0.05031521169679235	2	0.053127342295197374	0.05836609396564198	0.00015601919223178677	unsupported	True	0.0015635816177595	0.0015635816177595
HELQ	chr4:83455674-83456175	4	-0.003579532171344979	0.035718733061815215	1	0.03929826523316019	0.021075892177267963	2.9583897812368458e-05	unsupported	True	0.0013774046834621	0.0013774046834621
HELQ	chr4:83484443-83484944	5	0.010034186230665224	0.0669193908928935	2	0.05688520466222828	0.03712501686164081	0.00014132466472556617	unsupported	True	0.0013740986014198	0.0013740986014198
HELQ	chr4:83536655-83537156	6	-0.017455699490601707	0.014054484428964231	2	0.031510183919565934	0.03909706086717146	1.7314500497157964e-05	unsupported	True	0.0010842608494785	-0.0010842608494785
HELQ	chr4:83484951-83485452	7	0.0018895905938315742	0.041515684125855726	1	0.03962609353202415	0.01848007221048674	3.0401647777160724e-05	unsupported	True	0.0010530690265261	0.0010530690265261
HELQ	chr4:83359914-83360415	8	-0.012164122056080433	0.01652071826340837	3	0.028684840319488807	0.029903869068245992	1.4171269072806147e-05	unsupported	True	0.0009364709300012	-0.0009364709300012
HELQ	chr4:83599153-83599654	9	0.008703255091593896	0.05825656630819503	5	0.04955331121660113	0.05470744260329951	0.00015792976045930546	unsupported	True	0.0008711259531159	0.0008711259531159
HELQ	chr4:83574235-83574736	10	-0.017687341415556952	-0.016956293670554075	2	0.0007310477450028774	0.0022480414251403874	0.0	unsupported	True	0.0006007648170668	0.0006007648170668
HELQ	chr4:83284547-83285048	11	-0.0015543558297325228	0.0364136299232689	1	0.03796798575300143	0.020615657672013454	2.8502222500729307e-05	unsupported	True	0.0005745836218745	-0.0005745836218745
HELQ	chr4:83408778-83409279	12	-0.01571881405053751	0.02125568409827269	1	0.036974498148810195	0.04423891053619696	3.4768167254178534e-05	unsupported	True	0.0004271867221928	0.0004271867221928
HELQ	chr4:83340576-83341077	13	-0.014986872635815005	0.010011872115359382	5	0.024998744751174386	0.02893942344217762	7.2430814718414285e-06	unsupported	True	0.0003852205545096	-0.0003852205545096
HELQ	chr4:83334592-83335093	14	-0.014333950485769947	0.04060553418078005	2	0.05493948466654999	0.0620422287103852	0.00013840672739217608	unsupported	True	0.0001388602992493	-0.0001388602992493
HELQ	chr4:83590449-83590950	15	-0.0011782389838762735	0.03297947326067671	4	0.03415771224455298	0.03624933750510295	4.083500041082234e-05	unsupported	True	0.0001328331270598	-0.0001328331270598
HELQ	chr4:83389223-83389724	16	0.0037924840055746584	0.1152864507551514	1	0.11149396674957673	0.1337621415715538	0.0017193442854831517	unsupported	True	5.514471833656027e-05	5.514471833656027e-05
HELQ	chr4:83582415-83582916	17	0.0022192308476290403	0.07169090455244756	5	0.06947167370481852	0.07068554349859091	0.00035204843957784086	unsupported	True	2.038242298475436e-05	2.038242298475436e-05
ZBTB21	chr21:42097789-42098290	0	-0.016349268897107173	-0.01428524924812188	5	0.002064019648985293	0.008111922309973991	0.0	unsupported	True	0.0034208531730835	0.0034208531730835
ZBTB21	chr21:41963426-41963927	1	0.004112073750800266	0.07409017117028734	4	0.06997809741948707	0.10277412534325925	0.0005328518993490594	unsupported	True	0.0017584456289541	-0.0017584456289541
ZBTB21	chr21:42145457-42145958	2	-0.010087560823031997	0.02089798371320328	3	0.030985544536235275	0.03237529882370523	2.0964152237842976e-05	unsupported	True	0.0015672155423701	0.0015672155423701
ZBTB21	chr21:42026066-42026567	3	0.0026883290776437635	0.04123384381007789	1	0.03854551473243413	0.05655776038167286	8.989175815424004e-05	unsupported	True	0.0014370265082894	0.0014370265082894
ZBTB21	chr21:42025317-42025818	4	-0.011065923285582814	0.005679265675225857	1	0.01674518896080867	0.0246906269039262	2.348087924220956e-06	unsupported	True	0.0013083808997722	0.0013083808997722
ZBTB21	chr21:42151779-42152280	5	-0.011780166843958571	0.0396592361142831	1	0.05143940295824167	0.06046055330026968	0.0001233423962253607	unsupported	True	0.0011732197833287	0.0011732197833287
ZBTB21	chr21:42009788-42010289	6	0.0024540850863526984	0.04845341098650143	4	0.045999325900148734	0.07330519553567828	0.00016338439694351805	unsupported	True	0.0010675299587442	-0.0010675299587442
ZBTB21	chr21:42042748-42043249	7	-0.012505671954165524	0.050792009232542984	1	0.0632976811867085	0.07630126437971121	0.0002453098168734601	unsupported	True	0.0010450993044984	0.0010450993044984
ZBTB21	chr21:42027675-42028176	8	-0.0008097132041274982	0.039615917208837066	1	0.04042563041296456	0.058957352768463395	9.44201077515025e-05	unsupported	True	0.0007509021178594	0.0007509021178594
ZBTB21	chr21:42048184-42048685	9	0.018371835803248374	0.05587607258008437	1	0.037504236776835995	0.06164807578533723	0.00012918905761096587	unsupported	True	0.0006255369979054	0.0006255369979054
ZBTB21	chr21:41878601-41879102	10	0.0017392715142338987	0.04024398153270135	4	0.038504710018467454	0.06783288337387113	0.00010511267198961026	unsupported	True	0.0006140280473518	0.0006140280473518
ZBTB21	chr21:41953264-41953765	11	0.0067987792538377325	0.03858805012125245	1	0.03178927086741472	0.06055984224139247	7.428790928014841e-05	unsupported	True	0.0005381198865179	0.0005381198865179
ZBTB21	chr21:42069824-42070325	12	-0.003882317612615845	0.027745653638926587	4	0.03162797125154243	0.04191422180970729	3.678135321252783e-05	unsupported	True	0.0005180124989008	0.0005180124989008
ZBTB21	chr21:41953818-41954319	13	0.03153901290730916	0.09092317575105185	4	0.0593841628437427	0.11083502237621118	0.0005984422512995013	unsupported	True	0.0004779246662825	0.0004779246662825
ZBTB21	chr21:41969810-41970311	14	0.021180605784449212	0.03778265525022206	1	0.016602049465772845	0.05971562388194214	3.74577902161142e-05	unsupported	True	0.0004179005359341	-0.0004179005359341
ZBTB21	chr21:42021255-42021756	15	0.035077359665502725	0.06338965346486342	4	0.02831229379936069	0.06496675911409143	0.00011659626439413246	unsupported	True	0.0003890696743385	-0.0003890696743385
ZBTB21	chr21:42118831-42119332	16	-0.006906456897554129	0.035099464946558225	3	0.04200592184411235	0.061771261056185	9.10746442866494e-05	unsupported	True	0.0003218557086815	-0.0003218557086815
ZBTB21	chr21:42134918-42135419	17	0.007418797421744995	0.04156279183869474	1	0.03414399441694974	0.06746972184542849	9.574761361667761e-05	unsupported	True	0.00032102451178	-0.00032102451178
ZBTB21	chr21:42021785-42022286	18	0.03554206511181193	0.0592592026472311	4	0.023717137535419167	0.06123253881984764	8.605980192285001e-05	unsupported	True	0.0003107247427494	-0.0003107247427494
ZBTB21	chr21:41879120-41879621	19	-0.011906025283752446	0.02595899460571575	4	0.03786501988946819	0.048943800323309396	4.810871371653369e-05	unsupported	True	0.0002594986782128	-0.0002594986782128
WASHC1	chr9:113927-114428	0	0.0005150029039252898	0.04581491181144086	1	0.04529990890751557	0.04636282577769685	9.622193398700186e-05	unsupported	True	0.006240183429731	-0.006240183429731
WASHC1	chr9:10060-10561	1	0.011425348006827107	0.05060668556516884	1	0.03918133755834173	0.05387904273689043	0.00010683339339834213	unsupported	True	0.0056783150276484	0.0056783150276484
WASHC1	chr9:214871-215372	2	0.022800766628554563	0.061584882589355815	4	0.03878411596080125	0.03924239149597083	9.373104966254852e-05	unsupported	True	0.0026254736068957	0.0026254736068957
WASHC1	chr9:114722-115223	3	0.0025267706412271263	0.03736801819542976	1	0.034841247554202634	0.04367050599700403	5.6856744211536464e-05	unsupported	True	0.0019952832866282	-0.0019952832866282
WASHC1	chr9:14342-14843	4	0.0015800092536578433	0.03729291072452347	1	0.03571290147086562	0.03356757233612729	4.470656995806371e-05	unsupported	True	0.0005533745181829	0.0005533745181829
WASHC1	chr9:178924-179425	5	0.017080220235199107	0.05511310826043016	4	0.038032888025231054	0.03812908627467998	7.992278477564971e-05	unsupported	True	0.0005408050848409	0.0005408050848409
WASHC1	chr9:113355-113856	6	0.024095389381801276	0.06074535939106215	2	0.036649970009260874	0.05097064188182132	0.0001134767351576098	unsupported	True	0.0004228674215901	0.0004228674215901
WASHC1	chr9:73313-73814	7	-0.00282220394527286	0.0479116605709164	1	0.05073386451618926	0.05573918197666695	0.00013548766521836984	unsupported	True	0.0002618257861385	-0.0002618257861385
SAYSD1	chr6:39075643-39076144	0	-0.000328917356784044	0.06322832233699086	5	0.0635572396937749	0.07876087162903465	0.00031650982792902663	unsupported	True	0.0024176294148059	0.0024176294148059
SAYSD1	chr6:38998679-38999180	1	-0.010299009598061563	0.12955721953300092	4	0.1398562291310625	0.17021114211855837	0.003084121075863289	unsupported	True	0.0018376483031621	0.0018376483031621
SAYSD1	chr6:39093023-39093524	2	-0.016529131901338773	0.04489850607988662	4	0.0614276379812254	0.08721396216445693	0.00024053690804464454	unsupported	True	0.001791186395371	0.001791186395371
SAYSD1	chr6:39256528-39257029	3	-0.0001888636700828867	0.04136117660473431	5	0.0415500402748172	0.05114860878966232	8.790187914740262e-05	unsupported	True	0.0016510907402321	0.0016510907402321
SAYSD1	chr6:38990152-38990653	4	-0.006031464097328128	0.09027637809901597	4	0.0963078421963441	0.12141812388432019	0.0010556484084760119	unsupported	True	0.0015376987278836	0.0015376987278836
SAYSD1	chr6:39114925-39115426	5	-0.008301722761321606	0.09409057102953254	4	0.10239229379085414	0.1207266215130843	0.0011630983072249686	unsupported	True	0.0011794543453232	0.0011794543453232
SAYSD1	chr6:39251319-39251820	6	-0.010414432316211678	0.0719052573285868	4	0.08231968964479848	0.10415317614889383	0.0006165054036695927	unsupported	True	0.000894505718646	0.000894505718646
SAYSD1	chr6:39017071-39017572	7	-0.01261235910834656	0.0615374787663771	4	0.07414983787472366	0.09306040693362891	0.0004246340853385503	unsupported	True	0.0007777640690782	0.0007777640690782
SAYSD1	chr6:39229233-39229734	8	-0.009632447048579596	0.07799990337120975	4	0.08763235041978935	0.1042043199035598	0.0007122693368273029	unsupported	True	0.0007737696767246	0.0007737696767246
SAYSD1	chr6:39036311-39036812	9	-0.011882868309091788	0.029154310335431425	4	0.04103717864452321	0.035555183056645664	4.253859936920138e-05	unsupported	True	0.0007697491313084	0.0007697491313084
SAYSD1	chr6:38973144-38973645	10	-0.009838094771873052	0.08502743618711825	4	0.0948655309589913	0.11222772283549955	0.0009052482143168021	unsupported	True	0.0006959360638467	0.0006959360638467
SAYSD1	chr6:39048500-39049001	11	5.123699030960973e-05	0.09498084156649696	4	0.09492960457618735	0.09700317901604041	0.0008746285556036454	unsupported	True	0.0006133019728697	0.0006133019728697
SAYSD1	chr6:39157920-39158421	12	-0.01124200229879224	0.09998099611756167	4	0.11122299841635391	0.13129026511509137	0.0014599721907625248	unsupported	True	0.0005738102102566	0.0005738102102566
SAYSD1	chr6:39088281-39088782	13	-0.004981128610140023	0.027474004210389834	2	0.03245513282052986	0.021606090527807285	1.9265555800302767e-05	unsupported	True	0.0004995815993485	-0.0004995815993485
SAYSD1	chr6:39102203-39102704	14	-0.007620754763520992	0.022658815495456917	2	0.030279570258977907	0.03927011396665864	2.6943193610709705e-05	unsupported	True	0.0004960196160326	-0.0004960196160326
SAYSD1	chr6:38988934-38989435	15	-0.012721296744425726	0.018280808025037565	4	0.03100210476946329	0.04065067415142931	2.3038506389145e-05	unsupported	True	0.0004431517330279	-0.0004431517330279
SAYSD1	chr6:39087101-39087602	16	-0.00551120242703592	0.029295396357542268	4	0.03480659878457819	0.034233621804272196	3.490710351765777e-05	unsupported	True	0.0004002732316387	0.0004002732316387
SAYSD1	chr6:39140128-39140629	17	0.009144329388839608	0.029552166810022054	4	0.020407837421182448	0.0382648606380859	2.30773773392725e-05	unsupported	True	0.0003385074015587	0.0003385074015587
SAYSD1	chr6:39061954-39062455	18	-0.002419750551455038	0.03762665810104065	4	0.04004640865249569	0.03371586428813104	5.080348665254629e-05	unsupported	True	0.0003199905833156	-0.0003199905833156
SAYSD1	chr6:39084478-39084979	19	-0.00820316008577754	0.030751528988995292	5	0.038954689074772834	0.05184581225274627	6.210694100965052e-05	unsupported	True	0.0003054536836384	-0.0003054536836384
MTPAP	chr10:30169276-30169777	0	0.022431569972483245	0.05930755294071483	5	0.03687598296823159	0.052093166947963516	0.00011392902261100636	unsupported	True	0.00791295272721	0.00791295272721
MTPAP	chr10:30178355-30178856	1	-0.02533980694852142	0.008985143579476454	4	0.034324950527997874	0.025116324435355213	7.74624137654224e-06	unsupported	True	0.0012528163435951	-0.0012528163435951
MTPAP	chr10:30348925-30349426	2	-0.023934535942541687	0.031107324547059535	4	0.05504186048960122	0.061828299181474304	0.00010586272410822654	unsupported	True	0.0010440957111734	-0.0010440957111734
MTPAP	chr10:30433689-30434190	3	-0.024882172211742288	0.009220946226061883	5	0.03410311843780417	0.026607258770664964	8.366998980363822e-06	unsupported	True	0.0009839182529455	0.0009839182529455
MTPAP	chr10:30359625-30360126	4	-0.016177710781116746	0.00979857207656464	2	0.025976282857681388	0.03671317180776208	9.344621237493867e-06	unsupported	True	0.0009441874469408	0.0009441874469408
MTPAP	chr10:30489331-30489832	5	0.005085771525204902	0.03460357189996675	2	0.029517800374761843	0.036072926423195775	3.684565639748725e-05	unsupported	True	0.0007718898975785	0.0007718898975785
MTPAP	chr10:30215619-30216120	6	-0.002432538367293917	0.03737226620971251	4	0.03980480457700643	0.06103711526340766	9.07985534459451e-05	unsupported	True	0.0007470648449677	0.0007470648449677
MTPAP	chr10:30418704-30419205	7	-0.013008882676226702	0.03478610173912176	2	0.04779498441534846	0.05402025843354491	8.98141459823e-05	unsupported	True	0.0005673566603228	-0.0005673566603228
MTPAP	chr10:30433136-30433637	8	-0.02088736590319137	0.02051937250023258	4	0.041406738403423946	0.05670144181309275	4.817582942691127e-05	unsupported	True	0.0005625957992193	0.0005625957992193
MTPAP	chr10:30423329-30423830	9	-0.01806823183108513	0.02923268462774411	2	0.04730091645882924	0.04325258719659658	5.98067698529882e-05	unsupported	True	0.0004735142164681	-0.0004735142164681
MTPAP	chr10:30479407-30479908	10	0.021529457934206755	0.062516250578471	4	0.04098679264426425	0.07219678803249738	0.00018499276111881476	unsupported	True	0.0004063383606536	0.0004063383606536
MTPAP	chr10:30413894-30414395	11	-0.019990928798779083	0.03666434481943836	4	0.05665527361821744	0.05234984770074229	0.00010874259497481907	unsupported	True	0.000358657844178	-0.000358657844178
MTPAP	chr10:30488188-30488689	12	-0.01254730650619826	0.004392292507214266	5	0.016939599013412528	0.028686765766783803	2.134400763114907e-06	unsupported	True	0.000353943117037	0.000353943117037
MTPAP	chr10:30190856-30191357	13	0.008249343168511381	0.06961119509363255	5	0.06136185192512117	0.09597481098009888	0.00040995370299462785	unsupported	True	0.0003365717687042	0.0003365717687042
MTPAP	chr10:30241060-30241561	14	0.0010975909722894194	0.050180978853846266	4	0.04908338788155685	0.07388867160751428	0.0001819916735828106	unsupported	True	0.0003162632664592	-0.0003162632664592
MTPAP	chr10:30367923-30368424	15	-0.026093419730070285	0.020182025409215938	5	0.04627544513928622	0.045532317108234216	4.2524097526187126e-05	unsupported	True	0.0003041428136332	0.0003041428136332
MTPAP	chr10:30384602-30385103	16	0.015640879359474908	0.07763579374513337	4	0.06199491438565846	0.08508987546347037	0.00040953964564926566	unsupported	True	0.000296917160362	0.000296917160362
MTPAP	chr10:30220077-30220578	17	-0.003213778841067344	0.015977782446308826	5	0.01919156128737617	0.032174942357671	9.866078991822391e-06	unsupported	True	0.0002744499766073	-0.0002744499766073
MTPAP	chr10:30420925-30421426	18	-0.014007430205007176	0.026993743786330078	5	0.04100117399133725	0.05403037754050863	5.979948113372486e-05	unsupported	True	0.0002086362337338	-0.0002086362337338
MTPAP	chr10:30369678-30370179	19	-0.03429334344330136	0.007416580521305915	4	0.04170992396460727	0.04701477523661232	1.4543786097901675e-05	unsupported	True	0.0001995084619086	-0.0001995084619086
MAP3K15	chrX:19624659-19625160	0	-0.010252911390867678	0.031130069515714873	0	0.04138298090658255	0.052002110712261115	6.699198290002638e-05	unsupported	True	0.0046198660671149	0.0046198660671149
MAP3K15	chrX:19334057-19334558	1	-0.011145170457394327	0.006678910343733808	0	0.017824080801128135	0.013590055011876441	1.6178340463073493e-06	unsupported	True	0.0033084273747477	0.0033084273747477
MAP3K15	chrX:19372139-19372640	2	-0.01658456693154093	0.02054194877154475	0	0.03712651570308568	0.03116306727942028	2.3766543913850038e-05	unsupported	True	0.0019524436928275	0.0019524436928275
MAP3K15	chrX:19333067-19333568	3	-0.006198220236493146	0.03453927253304929	2	0.04073749276954244	0.030282010945853546	4.26081025826538e-05	unsupported	True	0.001476330998964	-0.001476330998964
MAP3K15	chrX:19362678-19363179	4	-0.020873526863133027	0.004813454223204325	0	0.02568698108633735	0.03211897419411627	3.971289782008523e-06	unsupported	True	0.0011230992751198	0.0011230992751198
MAP3K15	chrX:19630144-19630645	5	0.013529711499486547	0.0740882917362729	5	0.060558580236786355	0.0740882917362729	0.00033241058714176576	unsupported	True	0.0010306988392682	-0.0010306988392682
MAP3K15	chrX:19593579-19594080	6	-0.005318390493194791	0.023658012498196126	0	0.028976402991390916	0.0366413585837706	2.5118534516992377e-05	unsupported	True	0.000690907157329	0.000690907157329
MAP3K15	chrX:19595478-19595979	7	0.001520866852696184	0.04064070285156393	2	0.039119835998867744	0.05223902776381659	8.305261689664755e-05	unsupported	True	0.0005630355455489	-0.0005630355455489
MAP3K15	chrX:19389384-19389885	8	-0.0025833633527001377	0.064251371616944	5	0.06683473496964414	0.07785162129801648	0.0003343122533963082	unsupported	True	0.0005502521460778	0.0005502521460778
MAP3K15	chrX:19372714-19373215	9	-0.015588462215918692	0.011730602608464848	0	0.027319064824383538	0.024300456692793456	7.78754531800587e-06	unsupported	True	0.0005301973266967	0.0005301973266967
MAP3K15	chrX:19544626-19545127	10	-0.015284619013402457	0.007672441401331485	0	0.022957060414733943	0.03506054920573357	6.1754494645932425e-06	unsupported	True	0.0004239299195087	0.0004239299195087
MAP3K15	chrX:19606848-19607349	11	0.0033837236936222754	0.12269370569920382	2	0.11930998200558154	0.1156552834598441	0.0016930295610568082	unsupported	True	0.0003791916588462	-0.0003791916588462
MAP3K15	chrX:19388171-19388672	12	-0.016139279463834654	0.0036441307842613813	0	0.019783410248096035	0.02838968564851577	2.0467070982086826e-06	unsupported	True	0.0003645167654728	-0.0003645167654728
MAP3K15	chrX:19631241-19631742	13	-0.005735698549820375	0.023166848478465476	5	0.02890254702828585	0.023166848478465476	1.551207989484572e-05	unsupported	True	0.0003209084563558	0.0003209084563558
MAP3K15	chrX:19343552-19344053	14	-0.0032851686728019853	0.028526738912002806	5	0.03181190758480479	0.028526738912002806	2.5887729780759082e-05	unsupported	True	0.0002874179266418	0.0002874179266418
MAP3K15	chrX:19627003-19627504	15	0.005111998629827257	0.03139510984536977	0	0.026283111215542516	0.03139510984536977	2.590602537418156e-05	unsupported	True	0.0001880075711316	0.0001880075711316
MAP3K15	chrX:19646591-19647092	16	0.007141475491932098	0.043387163120044384	0	0.03624568762811228	0.06528897239929159	0.00010267327878921262	unsupported	True	0.0001720303029937	-0.0001720303029937
MAP3K15	chrX:19336695-19337196	17	-0.008655643609513847	0.01965840632185021	5	0.028314049931364056	0.022031314639737665	1.2262830173077848e-05	unsupported	True	0.0001597745937022	-0.0001597745937022
MAP3K15	chrX:19536524-19537025	18	-0.0031788917989724074	0.028877787259223044	2	0.03205667905819545	0.04731723618468711	4.380279380075571e-05	unsupported	True	9.329453076160104e-05	-9.329453076160104e-05
MAP3K15	chrX:19291013-19291514	19	-0.01845244872981313	0.0	4	0.01845244872981313	0.021513069139532555	0.0	unsupported	True	8.068925055893539e-05	-8.068925055893539e-05
SMNDC1	chr10:110211043-110211544	0	0.030546938552972417	0.07473423690305674	3	0.04418729835008432	0.05882384011612343	0.00019425420386385672	unsupported	True	0.0050481328177987	-0.0050481328177987
SMNDC1	chr10:110221675-110222176	1	0.03735141496651313	0.06795576827701001	3	0.03060435331049688	0.07724925277661215	0.00016065854187470246	unsupported	True	0.0017585387723966	0.0017585387723966
SMNDC1	chr10:110209710-110210211	2	0.03668757490051124	0.07596205456106092	3	0.03927447966054968	0.04766225148120393	0.00014219413915306583	unsupported	True	0.0015938977830759	-0.0015938977830759
SMNDC1	chr10:110409683-110410184	3	0.014504030037138653	0.07933581687437843	0	0.06483178683723978	0.09010769494087965	0.0004634673762068517	unsupported	True	0.00122186433542	0.00122186433542
SMNDC1	chr10:110304767-110305268	4	0.0340667097685152	0.07390277106522944	3	0.039836061296714236	0.04963858824032229	0.00014613577137915986	unsupported	True	0.0009813616238629	-0.0009813616238629
SMNDC1	chr10:110226250-110226751	5	0.029972607165796788	0.07851353310301444	3	0.04854092593721765	0.058443787091570346	0.0002227362622153966	unsupported	True	0.00091457880885	-0.00091457880885
SMNDC1	chr10:110240639-110241140	6	0.022813156247009216	0.07875935063225972	1	0.0559461943852505	0.07225280172516672	0.0003183665043764947	unsupported	True	0.0008826632417022	-0.0008826632417022
SMNDC1	chr10:110311321-110311822	7	0.02214296144385023	0.06542126615585604	3	0.04327830471200581	0.044039832545681	0.00012469092436152965	unsupported	True	0.0007986596896092	-0.0007986596896092
SMNDC1	chr10:110226762-110227263	8	0.03186797443404431	0.07810875039615871	3	0.0462407759621144	0.05834472575327475	0.000210730018866191	unsupported	True	0.0007581472375207	-0.0007581472375207
SMNDC1	chr10:110368420-110368921	9	-0.002190095015317082	0.042831767047966374	3	0.04502186206328346	0.06832258265571828	0.00013175093913708215	unsupported	True	0.0007178680792935	0.0007178680792935
SMNDC1	chr10:110207349-110207850	10	0.036732410963901396	0.07427308077861312	0	0.03754066981471173	0.04964057421224796	0.00013841088710271157	unsupported	True	0.0006326836601285	-0.0006326836601285
SMNDC1	chr10:110225653-110226154	11	0.030152784978102292	0.06193067392538896	3	0.03177788894728667	0.04847035051827734	9.5390913850692e-05	unsupported	True	0.0005474429423955	0.0005474429423955
SMNDC1	chr10:110241187-110241688	12	0.03175333275175962	0.0980145623966202	0	0.06626122964486057	0.0798495002961988	0.0005185878040270806	unsupported	True	0.0004870189194706	-0.0004870189194706
SMNDC1	chr10:110357179-110357680	13	-0.00017519660137981714	0.027760756223372287	2	0.027935952824752103	0.042960939922903806	3.331720458307593e-05	unsupported	True	0.0004231233581166	-0.0004231233581166
SMNDC1	chr10:110242490-110242991	14	0.017788518760523835	0.059426681206433095	0	0.04163816244590926	0.05275636742773155	0.0001305412949269521	unsupported	True	0.0003918380179659	-0.0003918380179659
SMNDC1	chr10:110336337-110336838	15	0.031062082986738564	0.05707087427607942	5	0.026008791289340853	0.033718264900145525	5.004951962936817e-05	unsupported	True	0.0003173413059713	0.0003173413059713
SMNDC1	chr10:110398567-110399068	16	0.02129602884728719	0.05675717351263876	4	0.035461144665351566	0.07280645079249487	0.0001465356753495406	unsupported	True	0.0002960462726185	0.0002960462726185
SMNDC1	chr10:110392203-110392704	17	0.01996878992486406	0.06896639909784755	3	0.048997609172983486	0.05282399271103351	0.00017850223762386146	unsupported	True	0.00020880205378	0.00020880205378
SMNDC1	chr10:110248377-110248878	18	0.02068867715645092	0.06565718337399967	0	0.04496850621754875	0.04350994144388323	0.00012846333962428266	unsupported	True	0.0001672237468332	-0.0001672237468332
SMNDC1	chr10:110363877-110364378	19	0.007016135577567788	0.034958884242031314	3	0.027942748664463526	0.03474956021705023	3.3945014628995065e-05	unsupported	True	0.0001668479091898	-0.0001668479091898
MYOZ3	chr5:150672399-150672900	0	-0.012891139442760581	0.025350217669436133	4	0.038241357112196714	0.06221652509403998	6.031436227284571e-05	unsupported	True	0.0046387141385667	0.0046387141385667
MYOZ3	chr5:150671799-150672300	1	-0.019020785196052322	0.0034996721754662475	2	0.02252045737151857	0.029331831073192368	2.3117653297700948e-06	unsupported	True	0.003681839758315	0.003681839758315
MYOZ3	chr5:150758485-150758986	2	-0.009967701595733049	0.005506899340913654	2	0.015474600936646703	0.007382408150029501	6.291071898669505e-07	unsupported	True	0.001580394995646	0.001580394995646
MYOZ3	chr5:150619247-150619748	3	-0.011325528364760131	0.014669949976794943	2	0.025995478341555075	0.04065680170942128	1.5504567562206254e-05	unsupported	True	0.0013007547539861	0.0013007547539861
MYOZ3	chr5:150560867-150561368	4	-0.01069453476118424	0.004040859685486678	2	0.014735394446670918	0.010618732055979553	6.322781857125431e-07	unsupported	True	0.0011326532980547	-0.0011326532980547
MYOZ3	chr5:150590942-150591443	5	0.007644853494260534	0.03782939582473819	4	0.030184542330477654	0.06364675526084035	7.267587487747243e-05	unsupported	True	0.0009468415369071	-0.0009468415369071
MYOZ3	chr5:150656481-150656982	6	0.004396527022616957	0.022368145434093743	5	0.017971618411476785	0.014015165615548516	5.633981293098204e-06	unsupported	True	0.0008110929757941	0.0008110929757941
MYOZ3	chr5:150779027-150779528	7	0.019596400837091035	0.03623099485693642	1	0.016634594019845385	0.04623740528074294	2.7866724245307292e-05	unsupported	True	0.000656449824301	0.000656449824301
MYOZ3	chr5:150618744-150619245	8	-0.011355420112744576	0.008287653317880929	2	0.019643073430625504	0.016592266266663318	2.7011376996809767e-06	unsupported	True	0.0006102125890355	-0.0006102125890355
MYOZ3	chr5:150513686-150514187	9	0.015078039213536409	0.07882671474786826	1	0.06374867553433185	0.0701104293172658	0.0003523118245473697	unsupported	True	0.0004922760756409	0.0004922760756409
MYOZ3	chr5:150600045-150600546	10	0.012706720566019306	0.035457038129209216	4	0.02275031756318991	0.05412361866555039	4.365929746760563e-05	unsupported	True	0.0004341221084435	-0.0004341221084435
MYOZ3	chr5:150630440-150630941	11	-0.003670854917100448	0.07768910052106713	3	0.08135995543816758	0.09210061089877247	0.0005821478611245902	unsupported	True	0.0003275984223589	-0.0003275984223589
MYOZ3	chr5:150673760-150674261	12	-0.02079458448289379	0.0023689914399186757	2	0.023163575922812464	0.02292396643193656	1.257936910999698e-06	unsupported	True	0.0003229316503959	-0.0003229316503959
MYOZ3	chr5:150560284-150560785	13	-0.005667016978132572	0.04063505211918991	3	0.046302069097322485	0.039586427670988175	7.44813486829696e-05	unsupported	True	0.0002302407604075	0.0002302407604075
MYOZ3	chr5:150585903-150586404	14	-0.008765617080482247	0.04857833187717818	3	0.05734394895766043	0.07384521311240558	0.00020570864467447226	unsupported	True	0.0002008409068416	-0.0002008409068416
MYOZ3	chr5:150690170-150690671	15	0.00011589281728020382	0.022156494367760755	4	0.02204060155048055	0.055076725015058184	2.6896303609253266e-05	unsupported	True	0.0001982751783929	0.0001982751783929
MYOZ3	chr5:150624467-150624968	16	0.005900615869184831	0.02414112187232352	4	0.018240506003138687	0.03738532217594312	1.6462487488255817e-05	unsupported	True	0.0001963346600545	0.0001963346600545
MYOZ3	chr5:150644968-150645469	17	0.007849579559074605	0.013399519886092287	4	0.005549940327017682	0.02431214102503476	1.80800970539016e-06	unsupported	True	0.0001859726953857	0.0001859726953857
MYOZ3	chr5:150531104-150531605	18	0.011476501401044323	0.0683832031643828	1	0.05690670176333848	0.07550258908577626	0.0002938154977116795	unsupported	True	0.0001836661307707	-0.0001836661307707
MYOZ3	chr5:150523693-150524194	19	0.01657140715019344	0.02963292961930867	4	0.013061522469115228	0.035473504801486595	1.373006175197077e-05	unsupported	True	0.0001827353497633	-0.0001827353497633
TRMT5	chr14:60980885-60981386	0	-0.009857174683509613	0.021538448562643905	5	0.03139562324615352	0.044485122901806354	3.0081419141439908e-05	unsupported	True	0.0037456596537291	-0.0037456596537291
TRMT5	chr14:61047105-61047606	1	-0.003266976623744186	0.023461774993818546	5	0.026728751617562732	0.039995481675729555	2.5081324793650894e-05	unsupported	True	0.0029365103194474	-0.0029365103194474
TRMT5	chr14:61125941-61126442	2	-0.012182976704528127	0.042232251397002096	5	0.054415228101530225	0.06224542198441366	0.00014304480952977318	unsupported	True	0.0020260517167732	0.0020260517167732
TRMT5	chr14:61025172-61025673	3	-0.014484965747721356	0.0067949839896757035	5	0.02127994973739706	0.03064712156635984	4.431479316917504e-06	unsupported	True	0.0016702295638554	0.0016702295638554
TRMT5	chr14:61101765-61102266	4	-0.007106044589662167	0.027511111862741643	4	0.03461715645240381	0.04352655195440877	4.1452793089047386e-05	unsupported	True	0.0015517592169979	0.0015517592169979
TRMT5	chr14:61091078-61091579	5	-0.01668530122001069	0.005218062486110143	1	0.021903363706120834	0.029835020373100915	3.409937577863046e-06	unsupported	True	0.0011766811181718	0.0011766811181718
TRMT5	chr14:61130799-61131300	6	-0.01995115976661705	0.0014145212571119615	1	0.021365681023729013	0.03160081877454449	9.55046580567542e-07	unsupported	True	0.0007857981189534	0.0007857981189534
TRMT5	chr14:61051013-61051514	7	-0.0170500773998848	0.010509706297335532	5	0.02755978369722033	0.02212494782246726	6.408385651130291e-06	unsupported	True	0.0006939823795266	0.0006939823795266
TRMT5	chr14:61080455-61080956	8	-0.010591054052790793	0.005016150895458592	2	0.015607204948249385	0.022087426826060345	1.7291825713597447e-06	unsupported	True	0.0006486011465031	-0.0006486011465031
TRMT5	chr14:61077309-61077810	9	-0.011800083238912797	0.01077131580153086	2	0.022571399040443658	0.03531948294945477	8.587002216407004e-06	unsupported	True	0.0006057223043521	0.0006057223043521
TRMT5	chr14:61103736-61104237	10	0.011884079560376954	0.03299625258250952	2	0.021112173022132565	0.01568660298564857	1.092764205669765e-05	unsupported	True	0.0005538033156715	-0.0005538033156715
TRMT5	chr14:60906756-60907257	11	-0.009473217519203613	0.06599083134733186	4	0.07546404886653547	0.0857918605440168	0.00042723791662364175	unsupported	True	0.0005471636806063	0.0005471636806063
TRMT5	chr14:60896049-60896550	12	0.0005796241204572805	0.04150315844150062	5	0.040923534321043335	0.06178536943854428	0.00010493972704294162	unsupported	True	0.0004265548440259	-0.0004265548440259
TRMT5	chr14:61113551-61114052	13	-0.0027454288239541717	0.05148600368777359	4	0.05423143251172776	0.0679032842855844	0.00018959681620839554	unsupported	True	0.0004116041810773	0.0004116041810773
TRMT5	chr14:60839622-60840123	14	-0.014643728133458944	0.01510410904184367	0	0.029747837175302612	0.05248503579375467	2.3582291627884926e-05	unsupported	True	0.0003033717424175	-0.0003033717424175
TRMT5	chr14:60931133-60931634	15	-0.013406763769892966	0.009453447906573643	0	0.02286021167646661	0.025369797829758758	5.482611708328131e-06	unsupported	True	0.0002092409523592	0.0002092409523592
NAGLU	chr17:42577524-42578025	0	0.00619069379063684	0.04802721127481277	5	0.04183651748417593	0.03931174415428829	7.898874411026326e-05	unsupported	True	0.0018623138114943	-0.0018623138114943
NAGLU	chr17:42682268-42682769	1	-0.0031367212618793197	0.03596923166907013	2	0.03910595293094945	0.04800150926045387	6.751945481190544e-05	unsupported	True	0.0018595852092066	0.0018595852092066
NAGLU	chr17:42423025-42423526	2	-0.00380523736674958	0.1097249905289607	2	0.11353022789571028	0.12786108413127167	0.0015927787178075953	unsupported	True	0.0017586953083947	0.0017586953083947
NAGLU	chr17:42679689-42680190	3	0.007276829414211933	0.06703406876418076	2	0.05975723934996883	0.07389933125181933	0.00029602379004784265	unsupported	True	0.0017016362458597	0.0017016362458597
NAGLU	chr17:42531895-42532396	4	-0.0014552382892190068	0.04335241633199955	2	0.04480765462121856	0.056049890127887136	0.00010887803806408511	unsupported	True	0.0011760941966122	0.0011760941966122
NAGLU	chr17:42536476-42536977	5	0.0022532436072445726	0.03217624430781802	2	0.029923000700573448	0.03706209488990671	3.568374746304256e-05	unsupported	True	0.0010222683540902	0.0010222683540902
NAGLU	chr17:42518950-42519451	6	0.0008750511541879306	0.022540302798019708	2	0.021665251643831776	0.01619439635345657	7.90839309018719e-06	unsupported	True	0.0009666662157354	0.0009666662157354
NAGLU	chr17:42428364-42428865	7	-0.001759697395239088	0.05632969264128368	2	0.05808939003652277	0.07824540188082035	0.0002560312775467258	unsupported	True	0.0008035124110191	0.0008035124110191
NAGLU	chr17:42528469-42528970	8	0.003961837988043495	0.05772693222180535	1	0.05376509423376185	0.06838073344329439	0.00021223286873452553	unsupported	True	0.0007773342061018	-0.0007773342061018
NAGLU	chr17:42548141-42548642	9	0.0068648578311262115	0.05571107937619873	1	0.04884622154507252	0.043772520266716596	0.00011911709685561812	unsupported	True	0.0007658910730574	0.0007658910730574
NAGLU	chr17:42653501-42654002	10	0.000390750160394792	0.10264868842183947	2	0.10225793826144468	0.12257820469542738	0.0012866596840870434	unsupported	True	0.0006823106547757	0.0006823106547757
NAGLU	chr17:42609256-42609757	11	0.008387823260405358	0.048478045564521774	5	0.040090222304116414	0.039500336895476613	7.676873188513951e-05	unsupported	True	0.0006548984921898	-0.0006548984921898
NAGLU	chr17:42676957-42677458	12	0.0033402476091404605	0.03750017260491216	5	0.0341599249957717	0.04622066499696038	5.920881438309491e-05	unsupported	True	0.000636444616645	-0.000636444616645
NAGLU	chr17:42678146-42678647	13	0.009479997495549924	0.04191421790759499	5	0.032434220412045064	0.0336018293370876	4.568017429706851e-05	unsupported	True	0.0005881689946915	-0.0005881689946915
NAGLU	chr17:42682788-42683289	14	0.00577563809409684	0.0502546252462252	5	0.044478987152128356	0.05147299410756582	0.00011505628818744893	unsupported	True	0.0005742927539519	0.0005742927539519
NAGLU	chr17:42578350-42578851	15	0.0012287650180052264	0.06031447953939594	2	0.05908571452139071	0.08028214860255749	0.00028610342934591815	unsupported	True	0.000508111581594	0.000508111581594
NAGLU	chr17:42388376-42388877	16	0.005705338731682933	0.05287215372532148	2	0.04716681499363855	0.058554793959920345	0.00014602459473011414	unsupported	True	0.0005016061311271	-0.0005016061311271
NAGLU	chr17:42527165-42527666	17	0.0009816419138413304	0.035264690142968416	5	0.03428304822912709	0.041150345519251064	4.974998887839933e-05	unsupported	True	0.0004924549875	0.0004924549875
NAGLU	chr17:42517370-42517871	18	0.009583598813620536	0.056815780938152226	2	0.04723218212453169	0.05438619944773962	0.0001459471779755896	unsupported	True	0.0004831197244608	0.0004831197244608
NAGLU	chr17:42458564-42459065	19	0.006996215672656621	0.04798059340304571	5	0.04098437773038909	0.03727514976075469	7.32998958168528e-05	unsupported	True	0.0004767891170592	-0.0004767891170592
DPP3	chr11:66418058-66418559	0	-0.01439247631371767	0.044772847883352014	3	0.059165324197069685	0.0708644441236214	0.0001877199167526737	unsupported	True	0.0024513375291653	0.0024513375291653
DPP3	chr11:66371215-66371716	1	-0.009741806305928682	0.02427073477828019	2	0.03401254108420887	0.041920347824903934	3.46056396628e-05	unsupported	True	0.0024444412562934	0.0024444412562934
DPP3	chr11:66559163-66559664	2	-0.02399894571253024	0.01377516008395867	2	0.03777410579648891	0.049959405912951824	2.5996094814734768e-05	unsupported	True	0.0020732725505389	0.0020732725505389
DPP3	chr11:66526269-66526770	3	0.016236274722991096	0.09386213636637282	1	0.07762586164338173	0.09618652827376235	0.0007008274733724765	unsupported	True	0.0017214469208593	0.0017214469208593
DPP3	chr11:66371967-66372468	4	-0.01043657759108803	0.032296642851320154	2	0.04273322044240818	0.060172155106029315	8.304597158294287e-05	unsupported	True	0.0010510788487668	0.0010510788487668
DPP3	chr11:66545917-66546418	5	0.011996587380161721	0.06457894890234918	1	0.052582361522187454	0.07092915667484269	0.00024085510464594856	unsupported	True	0.0010267472291101	0.0010267472291101
DPP3	chr11:66543641-66544142	6	-0.009384380312352607	0.01995374552508862	2	0.029338125837441227	0.03873193265671117	2.267388629222397e-05	unsupported	True	0.0009771537096766	0.0009771537096766
DPP3	chr11:66347496-66347997	7	-0.004667107084500555	0.022104073887063033	1	0.02677118097156359	0.044397782082164966	2.627248354575381e-05	unsupported	True	0.0008347231324743	0.0008347231324743
DPP3	chr11:66408382-66408883	8	-0.007972962936291223	0.011399450904450261	2	0.019372413840741485	0.025395020850011378	5.608106394154302e-06	unsupported	True	0.0007260919074999	0.0007260919074999
DPP3	chr11:66416997-66417498	9	-0.012553054253275823	0.03348866477750951	2	0.046041719030785334	0.060895549665281795	9.389336792616308e-05	unsupported	True	0.0005925651724831	0.0005925651724831
DPP3	chr11:66421513-66422014	10	0.02780420217533257	0.09233835314444455	1	0.06453415096911198	0.10109724024251622	0.0006024361518185609	unsupported	True	0.0005153946912728	0.0005153946912728
DPP3	chr11:66344906-66345407	11	0.00560228204669145	0.03669240106287977	1	0.03109011901618832	0.04701217816913708	5.3630134957226174e-05	unsupported	True	0.0005131756953507	-0.0005131756953507
DPP3	chr11:66419772-66420273	12	-0.019617871021465505	0.013696731624249892	2	0.0333146026457154	0.034654872926590155	1.5813059118290954e-05	unsupported	True	0.0004861489450489	0.0004861489450489
DPP3	chr11:66386084-66386585	13	-0.016307684699372015	0.03233937520091661	0	0.04864705990028863	0.07789903967835154	0.00012255197841270045	unsupported	True	0.0004725714651996	0.0004725714651996
DPP3	chr11:66454783-66455284	14	-0.01657101629533243	4.9077835059888227e-05	1	0.016620094130392317	0.019409807951911447	1.5832157958115035e-08	unsupported	True	0.0004698823966485	0.0004698823966485
DPP3	chr11:66479440-66479941	15	0.0037710179472483386	0.0471513671980288	1	0.043380349250780464	0.0565553046819922	0.00011568063944597778	unsupported	True	0.0004409905478154	0.0004409905478154
DPP3	chr11:66466562-66467063	16	0.002024283536629631	0.03845696597010876	1	0.03643268243347913	0.057186502580797535	8.01234614078671e-05	unsupported	True	0.0004162981452064	-0.0004162981452064
DPP3	chr11:66420678-66421179	17	-0.01772141868257891	0.030932890467419746	2	0.04865430914999866	0.0526165444019554	7.918886829569675e-05	unsupported	True	0.0004140653971212	0.0004140653971212
DPP3	chr11:66486339-66486840	18	0.024123199603595873	0.09001555230625385	1	0.06589235270265797	0.08363739617222193	0.0004960815424617529	unsupported	True	0.0003572256725625	0.0003572256725625
DPP3	chr11:66510355-66510856	19	-0.004572183726361102	0.022512513273156762	2	0.027084696999517863	0.04407114039734841	2.6872139904022225e-05	unsupported	True	0.0003017679165101	0.0003017679165101
GSTA1	chr6:52882269-52882770	0	0.02228786900009846	0.019838926075517235	1	-0.0024489429245812266	0.019838926075517235	0.0	unsupported	True	0.0059759045402883	0.0059759045402883
GSTA1	chr6:52881735-52882236	1	0.028261818460752885	0.028003229328028973	4	-0.00025858913272391176	0.028003229328028973	0.0	unsupported	True	0.0045847142894112	0.0045847142894112
GSTA1	chr6:52649710-52650211	2	0.03499879557510155	0.04262432341082656	4	0.00762552783572501	0.04262432341082656	1.3854310204344765e-05	unsupported	True	0.003078915516772	0.003078915516772
GSTA1	chr6:52643030-52643531	3	0.038475676547559776	0.05600537443965618	4	0.017529697892096407	0.05600537443965618	5.498368487394604e-05	unsupported	True	0.0011576692228403	0.0011576692228403
GSTA1	chr6:52664049-52664550	4	0.037349092464196806	0.06150386966249588	4	0.024154777198299074	0.06150386966249588	9.137090333272399e-05	unsupported	True	0.0010093799745492	0.0010093799745492
GSTA1	chr6:52670835-52671336	5	0.021851465874300532	0.04894235869833377	1	0.02709089282403324	0.04894235869833377	6.489229135661136e-05	unsupported	True	0.0008268327663922	0.0008268327663922
GSTA1	chr6:52663547-52664048	6	0.022514912621534575	0.03977484127327702	4	0.017259928651742442	0.03977484127327702	2.7305862975251643e-05	unsupported	True	0.000697219833865	0.000697219833865
GSTA1	chr6:52651982-52652483	7	0.028152331520442764	0.05649434731413216	4	0.028342015793689394	0.05649434731413216	9.045669726114119e-05	unsupported	True	0.000648179411492	0.000648179411492
GSTA1	chr6:52661337-52661838	8	0.01564515903807979	0.0471972716827186	1	0.03155211264463881	0.0471972716827186	7.028493252305325e-05	unsupported	True	0.0003031209548305	0.0003031209548305
GSTA1	chr6:52909626-52910127	9	0.0012266550696385453	0.016780586392013824	4	0.01555393132237528	0.016780586392013824	4.379801652228683e-06	unsupported	True	1.1975612991630738e-06	-1.1975612991630738e-06
GSTA1	chr6:52781410-52781911	10	-0.00682626545026211	0.0	0	0.00682626545026211	0.0	0.0	unsupported	True	1.1731398568565737e-06	-1.1731398568565737e-06
GSTA1	chr6:52790732-52791233	11	0.010201504886100908	0.027778306193636068	4	0.01757680130753516	0.027778306193636068	1.3562862685073503e-05	unsupported	True	1.0522626529458882e-06	-1.0522626529458882e-06
GSTA1	chr6:52701361-52701862	12	0.013620098053283163	0.02767092501328074	1	0.014050826959997577	0.02767092501328074	1.0758438466629284e-05	unsupported	True	1.6338905710992609e-07	-1.6338905710992609e-07
GSTA1	chr6:52687700-52688201	13	-0.007882096455629083	0.0	0	0.007882096455629083	0.0	0.0	unsupported	True	1.0847648074759527e-07	-1.0847648074759527e-07
ZNF180	chr19:44643588-44644089	0	-0.011819466140636212	0.07210629905408691	0	0.08392576519472313	0.09051913984382717	0.000547783483500117	unsupported	True	0.0037725019177098	0.0037725019177098
ZNF180	chr19:44500334-44500835	1	-0.005776581469982794	0.06884460192230417	0	0.07462118339228696	0.08382436144298795	0.0004306280139830172	unsupported	True	0.0032783001080948	0.0032783001080948
ZNF180	chr19:44448250-44448751	2	-0.008996733962948833	0.05450481436333836	0	0.0635015483262872	0.07595047525946289	0.0002628752357858931	unsupported	True	0.0030248554930402	0.0030248554930402
ZNF180	chr19:44356479-44356980	3	-0.0013794763611302894	0.05133131766752387	0	0.05271079402865416	0.06534417205370871	0.00017680267465211455	unsupported	True	0.0025872440818907	-0.0025872440818907
ZNF180	chr19:44570812-44571313	4	-0.010913770833120746	0.08283044517421703	0	0.09374421600733777	0.1161963870416205	0.0009022504376080675	unsupported	True	0.0016160151405556	0.0016160151405556
ZNF180	chr19:44345907-44346408	5	-0.00022930278749288096	0.048597773764410046	3	0.04882707655190293	0.059978555994043746	0.00014232234898313862	unsupported	True	0.0013070723657685	-0.0013070723657685
ZNF180	chr19:44644308-44644809	6	-0.0071483234084779535	0.0417665979749853	0	0.048914921383463254	0.0503822053754342	0.00010293134216923764	unsupported	True	0.0007901837417579	0.0007901837417579
ZNF180	chr19:44573518-44574019	7	-0.018834685626249657	0.00589839371536885	0	0.024733079341618506	0.026406258739474404	3.852288668369e-06	unsupported	True	0.000451824644349	0.000451824644349
ZNF180	chr19:44345056-44345557	8	-0.0018355203576887395	0.038610974293844635	3	0.040446494651533375	0.05129759743146374	8.011035835838575e-05	unsupported	True	0.0004410160036752	-0.0004410160036752
ZNF180	chr19:44633925-44634426	9	0.004913329491920777	0.0815198664747649	0	0.07660653698284413	0.08113989149344474	0.0005067149439754954	unsupported	True	0.0003740338017169	-0.0003740338017169
ZNF180	chr19:44603125-44603626	10	-0.010282729443583207	0.006329054464968954	0	0.016611783908552162	0.017149453680355604	1.803040141419803e-06	unsupported	True	0.0003433862778561	-0.0003433862778561
ZNF180	chr19:44602309-44602810	11	-0.0044742625526441905	0.06352989360238635	0	0.06800415615503054	0.07720906946415487	0.00033356609612680675	unsupported	True	0.0001857024938205	-0.0001857024938205
ZNF180	chr19:44649746-44650247	12	-0.012943034962769114	0.07125607326573956	0	0.08419910822850868	0.10133251275788918	0.0006079644563791349	unsupported	True	6.912637024839905e-05	-6.912637024839905e-05
ZNF180	chr19:44582813-44583314	13	0.005606538117394079	0.041543482120270855	3	0.035936944002876774	0.04959610845833438	7.404430135502924e-05	unsupported	True	3.46797080782714e-05	3.46797080782714e-05
ZNF180	chr19:44635693-44636194	14	0.008337342559423483	0.0645855781110556	3	0.056248235551632116	0.05382384158409822	0.00019553258712084117	unsupported	True	9.618834143401202e-06	9.618834143401202e-06
SPDYE2	chr7:102433207-102433708	0	0.028147968153598876	0.0888360626538652	4	0.060688094500266326	0.0877621134556192	0.00047315112447984516	unsupported	True	0.0066118868578339	-0.0066118868578339
SPDYE2	chr7:102441530-102442031	1	0.005261595932379219	0.0617129433951976	0	0.05645134746281839	0.0608589057725465	0.00021201896636399391	unsupported	True	0.0034514563426815	0.0034514563426815
SPDYE2	chr7:102464655-102465156	2	0.0250025231024954	0.07715825443239022	4	0.05215573132989482	0.07835105222605293	0.000315303844900085	unsupported	True	0.002360702473471	-0.002360702473471
SPDYE2	chr7:102451277-102451778	3	0.008301287361918685	0.028621423486188916	4	0.02032013612427023	0.008459984268174417	4.920252582788778e-06	unsupported	True	0.0020187547465409	0.0020187547465409
SPDYE2	chr7:102472211-102472712	4	0.03043787611460221	0.07637705645613901	1	0.04593918034153681	0.08101061811510418	0.00028424190478382085	unsupported	True	0.0015559402778043	0.0015559402778043
SPDYE2	chr7:102404512-102405013	5	0.045019091576650884	0.10213924747092004	4	0.05712015589426916	0.061582885711685215	0.0003592874715417241	unsupported	True	0.0010238849798371	-0.0010238849798371
SPDYE2	chr7:102412439-102412940	6	0.014530819257065116	0.051717428017074095	0	0.03718660876000898	0.06332010048605007	0.00012177694888803024	unsupported	True	0.0003985466752504	-0.0003985466752504
SPDYE2	chr7:102440098-102440599	7	0.03874782342531206	0.09560178634832565	4	0.0568539629230136	0.08292338998668311	0.0004507168530613068	unsupported	True	0.0003778952680226	0.0003778952680226
SPDYE2	chr7:102446093-102446594	8	0.005524691534501533	0.09302216914375018	4	0.08749747760924864	0.10762943612463263	0.0008760180620692806	unsupported	True	0.0001982612050349	0.0001982612050349
SPDYE2	chr7:102470205-102470706	9	0.036438386945166594	0.09141078049033034	4	0.05497239354516375	0.09027185328115839	0.0004536223275489229	unsupported	True	0.0001209099421516	-0.0001209099421516
SPDYE2	chr7:102454420-102454921	10	0.029411682484303262	0.0758881055011627	1	0.04647642301685945	0.09494084721494575	0.0003348570985279474	unsupported	True	0.0001118351910997	0.0001118351910997
SPDYE2	chr7:102403970-102404471	11	0.04570863799076968	0.10679181339289154	0	0.06108317540212186	0.10658131342241338	0.0006952494191876608	unsupported	True	4.672089891583893e-05	4.672089891583893e-05
PNO1	chr2:68319558-68320059	0	0.0017528131374812462	0.029428736826924092	4	0.027675923689442845	0.027549035843205064	2.2437793653597752e-05	unsupported	True	0.0062178883137436	0.0062178883137436
PNO1	chr2:68318428-68318929	1	0.008214716489239007	0.026338766015025248	3	0.01812404952578624	0.013825323082737763	6.5997267318368366e-06	unsupported	True	0.004382718775459	0.004382718775459
PNO1	chr2:68284839-68285340	2	-0.00741918202655896	0.02841527872730788	3	0.03583446075386684	0.04401273261271871	4.4815797310405866e-05	unsupported	True	0.0017920586453465	-0.0017920586453465
PNO1	chr2:68045288-68045789	3	-0.013667521120479599	0.009168042067467802	4	0.0228355631879474	0.023209668286021383	4.859115898702965e-06	unsupported	True	0.0009227060230344	0.0009227060230344
PNO1	chr2:68283851-68284352	4	0.010705254235734511	0.03061503504322807	0	0.01990978080749356	0.03514758538276341	2.1423811292423268e-05	unsupported	True	0.0008595500077072	-0.0008595500077072
PNO1	chr2:68252444-68252945	5	0.000797798504007237	0.01432865826051828	2	0.013530859756511042	0.0072946510613119565	1.4142801303471002e-06	unsupported	True	0.0006339823268388	-0.0006339823268388
PNO1	chr2:68103438-68103939	6	0.012819937783967075	0.026027328115730622	0	0.013207390331763547	0.010373500997336485	3.5659229360322976e-06	unsupported	True	0.0006292154590719	0.0006292154590719
PNO1	chr2:68318945-68319446	7	0.003865533848943462	0.026077290433272574	4	0.022211756584329112	0.021563987460915653	1.2490345163318169e-05	unsupported	True	0.0005190381356396	0.0005190381356396
PNO1	chr2:68282739-68283240	8	-0.00564098063476295	0.021335866091698668	2	0.02697684672646162	0.02915243979795329	1.6779397734246742e-05	unsupported	True	0.0004089312342569	0.0004089312342569
PNO1	chr2:68110952-68111453	9	0.004013612799237068	0.03545861448724572	0	0.03144500168800866	0.049621794833109925	5.5328112299263824e-05	unsupported	True	0.0003986034539145	-0.0003986034539145
PNO1	chr2:68157577-68158078	10	0.002245724316590925	0.021144453093215988	4	0.018898728776625063	0.01774907529546365	7.092588778493404e-06	unsupported	True	0.0003972577778767	-0.0003972577778767
PNO1	chr2:68031479-68031980	11	0.003656803194147128	0.013144234956069272	1	0.009487431761922144	0.009500280803706566	1.1847328236148716e-06	unsupported	True	0.0002664206176609	-0.0002664206176609
PNO1	chr2:68096219-68096720	12	0.002182787247711772	0.03768988865809242	5	0.035507101410380645	0.046485276790600986	6.220932602783975e-05	unsupported	True	0.0001969912286009	0.0001969912286009
PNO1	chr2:68122332-68122833	13	0.003330511028458621	0.029919749451248624	1	0.026589238422790002	0.036556370365743066	2.908217740709306e-05	unsupported	True	0.0001855491158598	0.0001855491158598
PNO1	chr2:68147697-68148198	14	0.014018549370214533	0.03984430156486385	1	0.025825752194649318	0.029114132324015336	2.995870589419742e-05	unsupported	True	0.000163889006442	0.000163889006442
PNO1	chr2:68195187-68195688	15	-0.00493806834082174	0.018397025945526384	3	0.023335094286348123	0.02309698834144835	9.91545244515092e-06	unsupported	True	0.0001442066645674	-0.0001442066645674
PNO1	chr2:68009038-68009539	16	-0.0013460977139093811	0.02004709097092913	2	0.02139318868483851	0.020495883657722896	8.790094213674938e-06	unsupported	True	0.0001077366514835	-0.0001077366514835
PNO1	chr2:68062800-68063301	17	0.0011524543607389051	0.019824801538785766	2	0.01867234717804686	0.016950252314444397	6.274569431949106e-06	unsupported	True	4.919874327146537e-05	-4.919874327146537e-05
GPKOW	chrX:48971641-48972142	0	0.023265163818374873	0.08826116050480769	4	0.06499599668643281	0.08949123425940117	0.0005133773918249475	unsupported	True	0.0032415920318373	0.0032415920318373
GPKOW	chrX:49190880-49191381	1	0.01975919056896067	0.14883288197259908	4	0.12907369140363842	0.1658547137136424	0.003186136964369403	unsupported	True	0.0019533661180421	-0.0019533661180421
GPKOW	chrX:49269475-49269976	2	0.014871250058069614	0.11118833402246704	4	0.09631708396439742	0.12033852865551073	0.0012887457496210779	unsupported	True	0.0017445532063197	-0.0017445532063197
GPKOW	chrX:49071802-49072303	3	0.03388719481309512	0.15138985376637107	4	0.11750265895327594	0.1572831977452244	0.0027978652485704026	unsupported	True	0.0013071588277889	0.0013071588277889
GPKOW	chrX:49166338-49166839	4	0.015395403037377268	0.08003456165908006	4	0.06463915862170279	0.06411323489031921	0.00033168127609701625	unsupported	True	0.001003105354168	0.001003105354168
GPKOW	chrX:49200016-49200517	5	0.015023221134669813	0.11966751285633484	4	0.10464429172166503	0.13628078044355868	0.0017065790883091542	unsupported	True	0.0008975144825111	-0.0008975144825111
GPKOW	chrX:49163643-49164144	6	0.020638643490154644	0.14950517326112917	4	0.12886652977097451	0.15986915079503383	0.003080073089119634	unsupported	True	0.0008864661700778	-0.0008864661700778
GPKOW	chrX:49101003-49101504	7	0.01423821914383945	0.12429754124484335	4	0.1100593221010039	0.1362095092890837	0.0018633601341201355	unsupported	True	0.0007486060761529	-0.0007486060761529
GPKOW	chrX:49123581-49124082	8	0.009761242756049053	0.10575245025943045	4	0.09599120750338139	0.12675902938024577	0.001286769619046397	unsupported	True	0.0007424381069773	-0.0007424381069773
GPKOW	chrX:49002024-49002525	9	0.015190189463010761	0.09952636750652455	4	0.08433617804351379	0.10101334114847495	0.0008478729996992458	unsupported	True	0.0007075009752757	-0.0007075009752757
GPKOW	chrX:49043393-49043894	10	0.01350509737347165	0.09429369846825883	4	0.08078860109478718	0.10206777345226728	0.000777537599512445	unsupported	True	0.0006937086172883	-0.0006937086172883
GPKOW	chrX:49079704-49080205	11	0.021228005211972562	0.13697854016653324	4	0.11575053495456068	0.1505735181886739	0.002387394220712697	unsupported	True	0.0006387747598361	0.0006387747598361
GPKOW	chrX:49029602-49030103	12	0.013959173050155685	0.1714175124673117	4	0.15745833941715603	0.1892194980693073	0.005107245584602405	unsupported	True	0.0006283446868988	0.0006283446868988
GPKOW	chrX:49234068-49234569	13	0.02063402940277026	0.1723020357407358	4	0.15166800633796554	0.18814941699378543	0.004916853445175982	unsupported	True	0.0005216172723467	0.0005216172723467
GPKOW	chrX:49073845-49074346	14	0.019964860378461523	0.12224351157267387	4	0.10227865119421234	0.12403958589303675	0.001550854722151921	unsupported	True	0.0005069613037343	-0.0005069613037343
GPKOW	chrX:49184212-49184713	15	0.01081770182616736	0.0749182579752152	3	0.06410055614904785	0.10428861593576992	0.0005008254290867664	unsupported	True	0.0004500547589847	0.0004500547589847
GPKOW	chrX:49111718-49112219	16	0.010439113908104768	0.11824044467988777	4	0.107801330771783	0.15726752620159762	0.0020046069507961544	unsupported	True	0.00042225659146	0.00042225659146
GPKOW	chrX:49268944-49269445	17	0.01464845117180904	0.09565457432296065	4	0.0810061231511516	0.10680386101051771	0.0008275810625553375	unsupported	True	0.0004139001335227	-0.0004139001335227
GPKOW	chrX:49186209-49186710	18	0.0067720550341956965	0.10569795397174274	4	0.09892589893754704	0.14807790355992267	0.00154834181692785	unsupported	True	0.0003889628800444	0.0003889628800444
GPKOW	chrX:49235202-49235703	19	0.02178640471378423	0.12336627821435904	4	0.10157987350057482	0.12525756796139284	0.0015696690877825378	unsupported	True	0.0003779254149623	-0.0003779254149623
C1RL	chr12:7109078-7109579	0	-0.007235955184588306	0.0408367823098335	2	0.048072737494421806	0.060204617240613274	0.0001181898464199491	unsupported	True	0.0027024597228044	0.0027024597228044
C1RL	chr12:7113229-7113730	1	-0.011995659840978157	0.04623411936071064	2	0.0582297792016888	0.06940278690304896	0.00018684636070746255	unsupported	True	0.0023400655611413	0.0023400655611413
C1RL	chr12:6953723-6954224	2	-0.0064890894451406006	0.0	3	0.0064890894451406006	0.006453448519757693	0.0	unsupported	True	0.0016950158407938	0.0016950158407938
C1RL	chr12:6965000-6965501	3	-0.009551152092055213	0.04344957190209831	2	0.05300072399415352	0.06615779901433663	0.00015235206753487222	unsupported	True	0.0016316960265758	0.0016316960265758
C1RL	chr12:6970539-6971040	4	-0.012416374480426418	0.03542392976679401	2	0.047840304247220425	0.05653457263651701	9.580866409459445e-05	unsupported	True	0.0014380152178537	-0.0014380152178537
C1RL	chr12:7189903-7190404	5	-0.008076284287824542	0.030781119807663987	2	0.03885740409548853	0.04414441923833295	5.280001023404255e-05	unsupported	True	0.0013056584106362	-0.0013056584106362
C1RL	chr12:6961927-6962428	6	0.005595298243427299	0.047731359058386685	5	0.04213606081495939	0.05038650644855801	0.00010133791859733296	unsupported	True	0.0012347357313699	0.0012347357313699
C1RL	chr12:7189358-7189859	7	-0.01233489289310009	0.029530828751053888	2	0.041865721644153975	0.05288819463102081	6.53872329188244e-05	unsupported	True	0.0011036913179924	-0.0011036913179924
C1RL	chr12:7018353-7018854	8	-0.01428660611503107	0.02515108229980336	2	0.03943768841483443	0.05250695010647201	5.208167253377541e-05	unsupported	True	0.0010162274380998	-0.0010162274380998
C1RL	chr12:7060395-7060896	9	0.002388049275361461	0.05316538797669247	2	0.05077733870133101	0.06485669755337076	0.00017508694046874086	unsupported	True	0.000838508170365	0.000838508170365
C1RL	chr12:7131004-7131505	10	-0.010129069807564705	0.055276920496193115	2	0.06540599030375782	0.07596008857649876	0.00027462927374979527	unsupported	True	0.0005577860987963	0.0005577860987963
C1RL	chr12:7141245-7141746	11	-0.014862558495438459	0.01669239095915176	2	0.03155494945459022	0.03188261840744898	1.6793453576742622e-05	unsupported	True	0.0004276075568905	0.0004276075568905
C1RL	chr12:7159142-7159643	12	-0.014528856385960187	0.05629810471706642	2	0.07082696110302661	0.07547325071634879	0.00030094382658235277	unsupported	True	0.0003339953124381	0.0003339953124381
C1RL	chr12:7092354-7092855	13	-0.007071652438743373	0.012441501335759532	5	0.019513153774502905	0.020323725066289475	4.9340502574601805e-06	unsupported	True	0.0003079994696991	-0.0003079994696991
C1RL	chr12:7219607-7220108	14	-0.010243962273952707	0.03814168267737087	2	0.04838564495132358	0.05867958389947106	0.00010829375394579402	unsupported	True	0.0002647960303349	0.0002647960303349
C1RL	chr12:6988115-6988616	15	-0.008980009919658617	0.010793199912177571	2	0.01977320983183619	0.031379490060385644	6.696891734371401e-06	unsupported	True	0.000257478789926	0.000257478789926
C1RL	chr12:7188415-7188916	16	-0.01512584937248361	0.03651870197987806	2	0.05164455135236167	0.06148881520377386	0.00011596741231688906	unsupported	True	0.0002566577857887	0.0002566577857887
C1RL	chr12:7144436-7144937	17	-0.013734518365135244	0.06076507047387879	2	0.07449958883901403	0.07931505644604268	0.0003590571004711493	unsupported	True	0.0001989211931085	0.0001989211931085
C1RL	chr12:7142036-7142537	18	-0.01337053571957844	0.05684448429324225	2	0.07021502001282069	0.08329541285245871	0.00033246003011908255	unsupported	True	0.0001942414275295	0.0001942414275295
C1RL	chr12:6944492-6944993	19	-0.011154162120899395	0.046669120983824176	2	0.05782328310472357	0.07004699687054544	0.00018902614960207188	unsupported	True	0.0001633851374865	0.0001633851374865
TCTN3	chr10:95693808-95694309	0	-0.001053830199632708	0.05005138919128089	3	0.051105219390913594	0.06841236522878111	0.00017499111508086296	unsupported	True	0.0027380588738652	-0.0027380588738652
TCTN3	chr10:95656532-95657033	1	-0.006069094071780383	0.04010377293988423	3	0.04617286701166461	0.07089847953845733	0.0001312831523324793	unsupported	True	0.0022278978466065	-0.0022278978466065
TCTN3	chr10:95517678-95518179	2	-0.004995811798284909	0.04817346490600887	3	0.05316927670429378	0.07742578461572824	0.0001983144006706391	unsupported	True	0.0021106335965768	0.0021106335965768
TCTN3	chr10:95518994-95519495	3	0.00038991376701068894	0.04158119098545924	3	0.04119127721844855	0.06261539658226857	0.0001072465470407923	unsupported	True	0.0013740588418319	0.0013740588418319
TCTN3	chr10:95535872-95536373	4	-0.0005289433310250651	0.03838240081133025	3	0.038911344142355316	0.051468209686567984	7.686832738277571e-05	unsupported	True	0.0011176837329194	0.0011176837329194
TCTN3	chr10:95628797-95629298	5	0.0008949532661067264	0.017525636738858614	3	0.016630683472751887	0.014938750022342243	4.354097637265461e-06	unsupported	True	0.0010366007762868	0.0010366007762868
TCTN3	chr10:95841891-95842392	6	0.003282023769549942	0.024310174829403938	3	0.021028151059853995	0.049163768686686135	2.5132421631385197e-05	unsupported	True	0.0009909598833268	0.0009909598833268
TCTN3	chr10:95561217-95561718	7	0.00028391904515248314	0.04586785651301536	3	0.04558393746786287	0.07042491436611109	0.000147247052107454	unsupported	True	0.0009798057627493	-0.0009798057627493
TCTN3	chr10:95728437-95728938	8	-0.007198324374898596	0.03575802401206928	3	0.04295634838696788	0.05437559554742354	8.352277098555092e-05	unsupported	True	0.0009098794654997	0.0009098794654997
TCTN3	chr10:95560534-95561035	9	-0.009236800150699088	0.023491770710254656	3	0.032728570860953744	0.056265340723202	4.325972437859486e-05	unsupported	True	0.0006846782449075	-0.0006846782449075
TCTN3	chr10:95533586-95534087	10	-0.006102422474431909	0.056495483149944195	2	0.0625979056243761	0.08226911739673438	0.00029094464502230305	unsupported	True	0.0006508567258533	0.0006508567258533
TCTN3	chr10:95528842-95529343	11	0.001363376572881722	0.04069950908093403	3	0.03933613250805231	0.054689005605819	8.755498053804512e-05	unsupported	True	0.0006384911819043	0.0006384911819043
TCTN3	chr10:95741719-95742220	12	0.0018489184339300936	0.02085891201977818	3	0.019009993585848085	0.03434349450751003	1.3618149761704956e-05	unsupported	True	0.0005477257062893	0.0005477257062893
TCTN3	chr10:95639726-95640227	13	-0.005152263627857434	0.0656005611741853	3	0.07075282480204274	0.06570669981795908	0.0003049727199695532	unsupported	True	0.0005008165687026	-0.0005008165687026
TCTN3	chr10:95757865-95758366	14	-0.005310742437364329	0.022075671344046113	3	0.02738641378141044	0.05641837254291755	3.4109051256101734e-05	unsupported	True	0.0003841811174297	0.0003841811174297
TCTN3	chr10:95513756-95514257	15	0.015912663628135836	0.04759240118194456	3	0.03167973755380873	0.05869554695063588	8.849614359893744e-05	unsupported	True	0.0003332788139024	0.0003332788139024
TCTN3	chr10:95756839-95757340	16	0.010342162145016556	0.027680672772363316	3	0.01733851062734676	0.03967438627349491	1.9041389975837795e-05	unsupported	True	0.0003226337919038	0.0003226337919038
TCTN3	chr10:95655975-95656476	17	-0.003001930235377023	0.036297388065858256	3	0.03929931830123528	0.06078881734235131	8.671297486891635e-05	unsupported	True	0.0003171417788572	0.0003171417788572
TCTN3	chr10:95601078-95601579	18	0.00861438395871749	0.03880210154845205	3	0.030187717589734563	0.05099998276781002	5.973867087020449e-05	unsupported	True	0.0002229326026332	0.0002229326026332
TCTN3	chr10:95572163-95572664	19	0.0009773759797779224	0.03525835251700642	3	0.034280976537228496	0.022811052277285818	2.7571508007972915e-05	unsupported	True	0.0001803176335368	-0.0001803176335368
UBTD2	chr5:172106828-172107329	0	-0.006874460338038334	0.0348406793504553	3	0.041715139688493635	0.04255144386162279	6.18435794281139e-05	unsupported	True	0.0042734457594321	-0.0042734457594321
UBTD2	chr5:172401941-172402442	1	0.006265916531075684	0.024163705962880463	3	0.01789778943180478	0.031561093102952374	1.364944437536628e-05	unsupported	True	0.002602226741499	0.002602226741499
UBTD2	chr5:172410790-172411291	2	0.007807229977199843	0.038236394103376245	3	0.0304291641261764	0.02773059576159196	3.226459009075078e-05	unsupported	True	0.0015437665814685	0.0015437665814685
UBTD2	chr5:172414410-172414911	3	0.013851737979311713	0.023955471313012063	4	0.01010373333370035	0.018376744760800905	4.447901679167659e-06	unsupported	True	0.0011936037662906	0.0011936037662906
UBTD2	chr5:172174577-172175078	4	-0.004908547608255789	0.03670029170977643	0	0.04160883931803222	0.0442180320768395	6.752343509880304e-05	unsupported	True	0.0009807974824739	0.0009807974824739
UBTD2	chr5:172160110-172160611	5	0.0024812294414672726	0.04311062440186502	2	0.04062939496039775	0.0459010326908626	8.03983479073514e-05	unsupported	True	0.0007824026992103	-0.0007824026992103
UBTD2	chr5:172412857-172413358	6	0.013203291360347728	0.05823710586465318	2	0.04503381450430545	0.055434780979975215	0.00014538541981714545	unsupported	True	0.0007731431808286	0.0007731431808286
UBTD2	chr5:172123143-172123644	7	0.0052558635916744615	0.016522429340131824	3	0.011266565748457361	0.011990583631481994	2.232059571058484e-06	unsupported	True	0.0006747709884126	0.0006747709884126
UBTD2	chr5:172122212-172122713	8	-0.015812370627128685	0.015659908047813163	0	0.031472278674941845	0.052889686110536405	2.6066839945279024e-05	unsupported	True	0.0006359707939348	0.0006359707939348
UBTD2	chr5:172283886-172284387	9	0.0028566120028631972	0.028248736083359396	3	0.0253921240804962	0.03233049452215183	2.319051538021391e-05	unsupported	True	0.0005938630468728	-0.0005938630468728
UBTD2	chr5:172420549-172421050	10	0.029970836890034734	0.05325180614294248	4	0.02328096925290775	0.03562589021511453	4.4167327837517705e-05	unsupported	True	0.0005362413375154	0.0005362413375154
UBTD2	chr5:172106226-172106727	11	-0.0017649929542543294	0.04476578174126668	3	0.046530774695521006	0.054270111956865555	0.00011304391079146777	unsupported	True	0.0004676496261896	-0.0004676496261896
UBTD2	chr5:172188138-172188639	12	-0.005396634721140853	0.013441805834084204	1	0.01883844055522506	0.02830375545455678	7.167152248728695e-06	unsupported	True	0.0004462662141561	0.0004462662141561
UBTD2	chr5:172164646-172165147	13	-0.003471726334414448	0.057405313711270986	1	0.060877040045685435	0.07960821669770382	0.0002782040949089001	unsupported	True	0.0004414047931482	0.0004414047931482
UBTD2	chr5:172425365-172425866	14	-0.003372415314319073	0.01651422212304353	2	0.019886637437362603	0.028918401975123513	9.49716029077473e-06	unsupported	True	0.0004355854252899	0.0004355854252899
UBTD2	chr5:172301952-172302453	15	-0.001798750876395486	0.032255740972450174	2	0.03405449184884566	0.03808000224179264	4.182908767688723e-05	unsupported	True	0.0003894592932041	0.0003894592932041
UBTD2	chr5:172187395-172187896	16	0.0036318471854703167	0.024863572188223635	1	0.02123172500275332	0.029194507646688267	1.5411679202525025e-05	unsupported	True	0.0003877018698403	0.0003877018698403
UBTD2	chr5:172380901-172381402	17	0.007289973097435843	0.023501590555492172	4	0.01621161745805633	0.021814842590584596	8.311428756303304e-06	unsupported	True	0.0003729762701564	0.0003729762701564
UBTD2	chr5:172403037-172403538	18	0.01923001361718126	0.03259857739826808	4	0.01336856378108682	0.019056371762987988	8.304693659213213e-06	unsupported	True	0.0003689649639636	0.0003689649639636
UBTD2	chr5:172107409-172107910	19	-0.005127355801950942	0.028291365996436592	3	0.033418721798387535	0.031496369712021965	2.9778598323482094e-05	unsupported	True	0.0003683410309598	0.0003683410309598
PRLHR	chr10:118633694-118634195	0	0.0052515152834278645	0.049959672021402605	3	0.04470815673797474	0.049959672021402605	0.00011159016559705658	unsupported	True	0.0028712775713851	0.0028712775713851
PRLHR	chr10:118580280-118580781	1	-0.003590134766393222	0.0326283976444564	3	0.03621853241084962	0.0326283976444564	3.855869628212846e-05	unsupported	True	0.0021359105249202	0.0021359105249202
PRLHR	chr10:118606867-118607368	2	0.0009701392096974385	0.02507530947489137	3	0.02410517026519393	0.02507530947489137	1.5156635514371298e-05	unsupported	True	0.0014492363296087	0.0014492363296087
PRLHR	chr10:118595452-118595953	3	-0.004676665670652561	0.04159904961248865	3	0.046275715283141214	0.04159904961248865	8.007924275768203e-05	unsupported	True	0.0014267916112528	0.0014267916112528
PRLHR	chr10:118466851-118467352	4	-0.00436258778586832	0.0382150847337514	3	0.042577672519619726	0.0382150847337514	6.218012218206854e-05	unsupported	True	0.0012834000610474	0.0012834000610474
PRLHR	chr10:118508363-118508864	5	-0.004339987144370326	0.02891548762700272	3	0.03325547477137305	0.02891548762700272	2.7805082857563342e-05	unsupported	True	0.0011187258211259	0.0011187258211259
PRLHR	chr10:118482923-118483424	6	0.008166972314376962	0.052956271754731415	3	0.04478929944035445	0.052956271754731415	0.00012560562068027553	unsupported	True	0.0011069602670565	0.0011069602670565
PRLHR	chr10:118590315-118590816	7	-0.008082650920032167	0.024630412767569887	3	0.03271306368760205	0.024630412767569887	1.9845616702973194e-05	unsupported	True	0.0010183766128434	0.0010183766128434
PRLHR	chr10:118720987-118721488	8	-0.009729491773954685	0.024424700891708177	3	0.03415419266566286	0.024424700891708177	2.0375230567968412e-05	unsupported	True	0.0007462925986826	-0.0007462925986826
PRLHR	chr10:118443861-118444362	9	-0.004509889131281852	0.02224892283850521	3	0.026758811969787064	0.02224892283850521	1.3246001733335782e-05	unsupported	True	0.0007319702740841	0.0007319702740841
PRLHR	chr10:118496863-118497364	10	0.004927651494788638	0.04212160342170385	3	0.037193951926915214	0.04212160342170385	6.599060579359606e-05	unsupported	True	0.0006290972097449	0.0006290972097449
PRLHR	chr10:118601665-118602166	11	-0.006753702679111752	0.0204294381728706	3	0.027183140851982354	0.0204294381728706	1.1345208511616851e-05	unsupported	True	0.0006127856563481	0.0006127856563481
PRLHR	chr10:118570986-118571487	12	-0.01378430811065542	0.0015525280488999206	3	0.01533683615955534	0.0015525280488999206	3.696704093405315e-08	unsupported	True	0.0005890347875098	-0.0005890347875098
PRLHR	chr10:118610552-118611053	13	-0.0030565283210546835	0.023624394735701913	3	0.026680923056756595	0.023624394735701913	1.48909440395191e-05	unsupported	True	0.0004709149748497	0.0004709149748497
PRLHR	chr10:118459520-118460021	14	-0.0054609095527522146	0.02769820684811494	3	0.033159116400867154	0.02769820684811494	2.5439364482843675e-05	unsupported	True	0.0004395636229657	0.0004395636229657
PRLHR	chr10:118457136-118457637	15	-0.004278285006756985	0.0076892415428337505	3	0.011967526549590737	0.0076892415428337505	7.075732516241682e-07	unsupported	True	0.0003961187592783	0.0003961187592783
PRLHR	chr10:118564603-118565104	16	-0.007930364384117386	0.03479818929060395	3	0.04272855367472134	0.03479818929060395	5.174060290037145e-05	unsupported	True	0.0003483145910164	-0.0003483145910164
PRLHR	chr10:118454179-118454680	17	-0.0029684521027123294	0.032130565095114	3	0.03509901719782633	0.032130565095114	3.6235285169292566e-05	unsupported	True	0.0003202132571387	0.0003202132571387
PRLHR	chr10:118669383-118669884	18	-0.014898991335554425	0.010084523501985267	3	0.024983514837539692	0.010084523501985267	2.5407638548593935e-06	unsupported	True	0.0003192395851429	-0.0003192395851429
PRLHR	chr10:118617730-118618231	19	0.005631999607047435	0.05825077111719762	3	0.05261877151015018	0.05825077111719762	0.000178543507453864	unsupported	True	0.0002534220551936	0.0002534220551936
CORO1B	chr11:67482775-67483276	0	0.0035858925737518948	0.050102013509014054	5	0.04651612093526216	0.051131905103837194	0.00011916552890755187	unsupported	True	0.0017167918952761	-0.0017167918952761
CORO1B	chr11:67288303-67288804	1	0.003902538684465566	0.05355222008153977	5	0.04964968139707421	0.049504828753187	0.00013162594685876835	unsupported	True	0.001629353004935	-0.001629353004935
CORO1B	chr11:67302146-67302647	2	-0.004802984447439833	0.08277185229900585	5	0.08757483674644569	0.08558756757967625	0.000620401293039483	unsupported	True	0.0014796274934841	-0.0014796274934841
CORO1B	chr11:67504195-67504696	3	0.005570077652313569	0.033722695491100387	1	0.028152617838786816	0.030058026677898513	2.8536554252364706e-05	unsupported	True	0.0014786787226476	0.0014786787226476
CORO1B	chr11:67428161-67428662	4	0.004318607184776298	0.053030233123517394	5	0.04871162593874109	0.04774662170191588	0.0001233385422072555	unsupported	True	0.001209226524706	-0.001209226524706
CORO1B	chr11:67382491-67382992	5	0.018114137199071872	0.0666951690099023	0	0.04858103181083043	0.05789770509358011	0.00018759551959811774	unsupported	True	0.0011655005846167	0.0011655005846167
CORO1B	chr11:67365595-67366096	6	0.019252646395930887	0.0625153856362918	0	0.04326273924036092	0.06933332666408733	0.00018751800198812756	unsupported	True	0.0011164571516852	0.0011164571516852
CORO1B	chr11:67421001-67421502	7	0.0009746679288741162	0.05330670948091572	5	0.0523320415520416	0.04670973549907116	0.00013030376391517451	unsupported	True	0.0009277854500577	-0.0009277854500577
CORO1B	chr11:67373427-67373928	8	0.01095201708416018	0.037015199627016035	0	0.026063182542855855	0.04888757294861266	4.716349914393605e-05	unsupported	True	0.0009112856567699	0.0009112856567699
CORO1B	chr11:67469061-67469562	9	0.0046108123566157766	0.05807239843648372	5	0.053461586079867944	0.05666553301887601	0.0001759262236751904	unsupported	True	0.0008420577480188	-0.0008420577480188
CORO1B	chr11:67572601-67573102	10	0.005999101506132726	0.048639754733668314	1	0.04264065322753559	0.0671959115596143	0.00013936639791412055	unsupported	True	0.0007681084604033	0.0007681084604033
CORO1B	chr11:67391672-67392173	11	0.004689772024040221	0.04706360500512048	5	0.04237383298108026	0.049921473090379774	9.955666340477153e-05	unsupported	True	0.0006788073628298	-0.0006788073628298
CORO1B	chr11:67401681-67402182	12	0.002928699672586125	0.05348874518241395	5	0.050560045509827824	0.04805113927187526	0.00012994918346181274	unsupported	True	0.0006668788710247	-0.0006668788710247
CORO1B	chr11:67351103-67351604	13	0.01276077334640326	0.055193638681849747	0	0.04243286533544649	0.044033955670466175	0.00010312859145588409	unsupported	True	0.0006601480498672	0.0006601480498672
CORO1B	chr11:67506026-67506527	14	0.004613349768721303	0.051750895689103064	5	0.04713754592038176	0.0592681595975964	0.00014457935435948787	unsupported	True	0.0006483850838846	0.0006483850838846
CORO1B	chr11:67443294-67443795	15	0.011475405838052457	0.043739341430520697	5	0.03226393559246824	0.03575107633513382	5.045203671576101e-05	unsupported	True	0.0005245283212137	0.0005245283212137
CORO1B	chr11:67317529-67318030	16	0.003445126682377149	0.049299302420147156	5	0.04585417573777001	0.053827237133768135	0.00012168071526771608	unsupported	True	0.0005172977155244	-0.0005172977155244
CORO1B	chr11:67563586-67564087	17	-0.008925091922871982	0.019750598356614014	2	0.028675690279485994	0.032910591425061704	1.8639309740177455e-05	unsupported	True	0.0005071378128946	0.0005071378128946
CORO1B	chr11:67303230-67303731	18	-0.0005203659136644715	0.030511948992932414	5	0.031032314906596886	0.030131607768606603	2.853030594613442e-05	unsupported	True	0.0004336803424511	0.0004336803424511
CORO1B	chr11:67464475-67464976	19	0.0007051406313409551	0.05349532955463274	5	0.05279018892329178	0.04351831234442967	0.00012289695666962714	unsupported	True	0.0003858130345351	-0.0003858130345351
DEFA4	chr8:6935908-6936409	0	0.0	0.0	0	0.0	0.0	0.0	unsupported	True	0.0040326870189451	0.0040326870189451
DEFA4	chr8:7028040-7028541	1	0.0	0.0	0	0.0	0.0	0.0	unsupported	True	0.0034018757632099	0.0034018757632099
DEFA4	chr8:6816192-6816693	2	0.0	0.0	0	0.0	0.0	0.0	unsupported	True	0.0028791635713231	0.0028791635713231
DEFA4	chr8:6800678-6801179	3	0.0	0.0	0	0.0	0.0	0.0	unsupported	True	0.0026109436971179	0.0026109436971179
DEFA4	chr8:6890253-6890754	4	0.0	0.0	0	0.0	0.0	0.0	unsupported	True	0.001464282529508	0.001464282529508
DEFA4	chr8:6888884-6889385	5	0.0	0.0	0	0.0	0.0	0.0	unsupported	True	0.001078256097442	0.001078256097442
DEFA4	chr8:6834467-6834968	6	0.0	0.0	0	0.0	0.0	0.0	unsupported	True	0.0005271015867758	0.0005271015867758
DEFA4	chr8:7035681-7036182	7	0.0	0.0	0	0.0	0.0	0.0	unsupported	True	0.0004799543177362	-0.0004799543177362
DEFA4	chr8:6812231-6812732	8	0.0	0.0	0	0.0	0.0	0.0	unsupported	True	0.0003605139047817	0.0003605139047817
DEFA4	chr8:6835250-6835751	9	0.0	0.0	0	0.0	0.0	0.0	unsupported	True	0.0003569415131787	0.0003569415131787
DEFA4	chr8:6958554-6959055	10	0.0	0.0	0	0.0	0.0	0.0	unsupported	True	0.0002810132316119	0.0002810132316119
DEFA4	chr8:6896721-6897222	11	0.0	0.0	0	0.0	0.0	0.0	unsupported	True	0.0002649323542109	0.0002649323542109
DEFA4	chr8:6791968-6792469	12	0.0	0.0	0	0.0	0.0	0.0	unsupported	True	0.0002030086810976	0.0002030086810976
DEFA4	chr8:6840572-6841073	13	0.0	0.0	0	0.0	0.0	0.0	unsupported	True	7.504301791534153e-05	-7.504301791534153e-05
DEFA4	chr8:6830052-6830553	14	0.0	0.0	0	0.0	0.0	0.0	unsupported	True	6.920521803985233e-05	6.920521803985233e-05
DEFA4	chr8:6841184-6841685	15	0.0	0.0	0	0.0	0.0	0.0	unsupported	True	6.315639350832058e-05	6.315639350832058e-05
DEFA4	chr8:6787750-6788251	16	0.0	0.0	0	0.0	0.0	0.0	unsupported	True	6.021036702278076e-05	-6.021036702278076e-05
DEFA4	chr8:6959924-6960425	17	0.0	0.0	0	0.0	0.0	0.0	unsupported	True	2.7557402026893594e-05	-2.7557402026893594e-05
DEFA4	chr8:6943835-6944336	18	0.0	0.0	0	0.0	0.0	0.0	unsupported	True	2.1552968949595516e-05	-2.1552968949595516e-05
DEFA4	chr8:6887171-6887672	19	0.0	0.0	0	0.0	0.0	0.0	unsupported	True	7.303225774552493e-06	-7.303225774552493e-06
SUMO3	chr21:44939716-44940217	0	-0.01383910001558852	0.028613706851688004	1	0.042452806867276524	0.03964283633297506	4.815542863271145e-05	unsupported	True	0.0027105340596422	0.0027105340596422
SUMO3	chr21:44709472-44709973	1	-0.009593033946699712	0.014067114287146796	1	0.02366014823384651	0.026388806806349464	8.78298681362141e-06	unsupported	True	0.0024986967441093	0.0024986967441093
SUMO3	chr21:44682143-44682644	2	-0.005419045817616384	0.06690035344363647	4	0.07231939926125286	0.10026879018075037	0.0004851197960117342	unsupported	True	0.0021390500361588	0.0021390500361588
SUMO3	chr21:44949706-44950207	3	-0.017557062235550303	0.03301460139988792	1	0.05057166363543822	0.07447584150729053	0.00012434511202090063	unsupported	True	0.001569602630635	-0.001569602630635
SUMO3	chr21:44817548-44818049	4	-0.019052876869816205	0.02675317441326092	1	0.045806051283077125	0.04495626404749288	5.509198102079135e-05	unsupported	True	0.0014891678667829	-0.0014891678667829
SUMO3	chr21:44911240-44911741	5	-0.012537670288883413	0.041554303302739466	1	0.05409197359162288	0.07967039785338058	0.00017907947751487628	unsupported	True	0.0009740178315208	-0.0009740178315208
SUMO3	chr21:44873537-44874038	6	-0.01670212216286184	0.017872029369500136	1	0.03457415153236197	0.03694186271189241	2.2826755683318494e-05	unsupported	True	0.0008348078379248	-0.0008348078379248
SUMO3	chr21:44910664-44911165	7	-0.015481497933553379	0.027376100265956393	2	0.042857598199509774	0.03560163785848943	4.1770472691282026e-05	unsupported	True	0.0007221229342662	-0.0007221229342662
SUMO3	chr21:44793230-44793731	8	-0.011219206474460192	0.027982851284920368	1	0.03920205775938056	0.03793137841629345	4.161016651687628e-05	unsupported	True	0.0006200764075529	0.0006200764075529
SUMO3	chr21:44780353-44780854	9	-0.007489150765830755	0.04179407024882132	1	0.04928322101465207	0.06244814512609885	0.00012862734218350847	unsupported	True	0.000555794983688	0.000555794983688
SUMO3	chr21:44960316-44960817	10	-0.016831300191732942	0.01878233821455119	2	0.035613638406284134	0.04058480951297213	2.714747947565406e-05	unsupported	True	0.0004994769900948	0.0004994769900948
SUMO3	chr21:44845854-44846355	11	-0.016076271826354002	0.030223595886057556	1	0.046299867712411555	0.05539051578451819	7.751063469638313e-05	unsupported	True	0.0004980259742435	0.0004980259742435
SUMO3	chr21:44871468-44871969	12	-0.008990367897155353	0.04017055462079891	1	0.04916092251795426	0.06143747049176097	0.00012132803905909864	unsupported	True	0.000494476990977	-0.000494476990977
SUMO3	chr21:44967604-44968105	13	-0.015346494356695474	0.02605070355495284	2	0.04139719791164831	0.05091682470165758	5.4910034255735483e-05	unsupported	True	0.0004821865542904	0.0004821865542904
SUMO3	chr21:44773581-44774082	14	-0.017155335672011673	0.03145265009837931	1	0.04860798577039098	0.04856366639197218	7.424655982987702e-05	unsupported	True	0.0004760886013212	-0.0004760886013212
SUMO3	chr21:44955927-44956428	15	-0.010772603623246661	0.0063021221489189755	4	0.017074725772165636	0.011009041170057736	1.1846499754842997e-06	unsupported	True	0.0003736650053733	0.0003736650053733
SUMO3	chr21:44966687-44967188	16	-0.015264179483742438	0.03830177744729097	1	0.05356595693103341	0.06296982628517163	0.00012919338920421564	unsupported	True	0.0003597591190202	-0.0003597591190202
SUMO3	chr21:44932561-44933062	17	-0.015381504937234728	0.039223839409864326	1	0.05460534434709906	0.07044272346132954	0.0001508764269793114	unsupported	True	0.0003461683678455	-0.0003461683678455
SUMO3	chr21:44768404-44768905	18	-0.01764039055435858	0.008284606623056466	1	0.025924997177415046	0.024450231265310665	5.251381631937186e-06	unsupported	True	0.0003341576175286	-0.0003341576175286
SUMO3	chr21:44726273-44726774	19	-0.013516911325438303	0.0228484987440036	1	0.036365410069441904	0.04324738377921418	3.59340360824988e-05	unsupported	True	0.0002831900015417	0.0002831900015417
NOC2L	chr1:1019248-1019749	0	-0.007819654587590317	0.03584946302773665	5	0.04366911761532697	0.047719004874444956	7.470479011514147e-05	unsupported	True	0.0019604541097494	-0.0019604541097494
NOC2L	chr1:998520-999021	1	-0.0028873954627894206	0.06101616541004764	5	0.06390356087283706	0.07485773506794016	0.00029188155569404863	unsupported	True	0.0019112985934718	-0.0019112985934718
NOC2L	chr1:1019750-1020251	2	-0.007526874322086266	0.044362628926199445	5	0.05188950324828571	0.05687691721056283	0.00013092809131759963	unsupported	True	0.0017156481815938	-0.0017156481815938
NOC2L	chr1:1000617-1001118	3	-0.005529245015066835	0.04794318653330977	5	0.05347243154837661	0.06635642204429912	0.00017011389553521231	unsupported	True	0.001541906072117	0.001541906072117
NOC2L	chr1:984082-984583	4	-0.0015745162348053403	0.04521031184748751	5	0.04678482808229285	0.052167708863717556	0.00011034287722250343	unsupported	True	0.0012085537563175	-0.0012085537563175
NOC2L	chr1:911132-911633	5	0.01755058041457862	0.10256126415709793	4	0.08501068374251931	0.11158044121045983	0.0009728479069338466	unsupported	True	0.0011967691538569	0.0011967691538569
NOC2L	chr1:916525-917026	6	0.008479175131730762	0.09030283942176066	4	0.08182366429002991	0.10343116130670285	0.0007642434611333425	unsupported	True	0.000984195069515	0.000984195069515
NOC2L	chr1:1069124-1069625	7	0.008448985054731047	0.09253808903658071	5	0.08408910398184967	0.10572010427783941	0.0008226551759102552	unsupported	True	0.0008750297138272	0.0008750297138272
NOC2L	chr1:910597-911098	8	0.013790470701826173	0.09522419008643024	5	0.08143371938460406	0.10294377307730945	0.0007982733679133572	unsupported	True	0.0007850937583901	0.0007850937583901
NOC2L	chr1:1059399-1059900	9	0.00102148252810283	0.08064805023833786	5	0.07962656771023503	0.10277183331910036	0.000659972701365119	unsupported	True	0.0007692287458754	0.0007692287458754
NOC2L	chr1:944502-945003	10	0.014589232414268393	0.07962531866812429	4	0.0650360862538559	0.09024923078953836	0.00046735736476234116	unsupported	True	0.0007537744496321	0.0007537744496321
NOC2L	chr1:1021036-1021537	11	-0.014134956091380307	0.013214005324139197	5	0.027348961415519506	0.01286168952182984	4.648077252909145e-06	unsupported	True	0.000673764616847	-0.000673764616847
NOC2L	chr1:869675-870176	12	0.0028500357329648302	0.05831524712351816	5	0.05546521139055333	0.07198232010694307	0.0002328244756082218	unsupported	True	0.0006556111235088	0.0006556111235088
NOC2L	chr1:904510-905011	13	0.0018773338952323157	0.08294269745852484	5	0.08106536356329253	0.1008530108047416	0.0006781134493637635	unsupported	True	0.0006460026868169	0.0006460026868169
NOC2L	chr1:1040703-1041204	14	-0.0007463542051871031	0.058952379459802716	5	0.05969873366498982	0.07295473651141839	0.00025675561569594725	unsupported	True	0.0004929561282102	-0.0004929561282102
NOC2L	chr1:960318-960819	15	0.004984241337250768	0.08796259427161432	5	0.08297835293436355	0.09857176293216106	0.0007194744294702765	unsupported	True	0.000491018499215	0.000491018499215
NOC2L	chr1:909904-910405	16	-0.0004024607087446636	0.05972594704460525	5	0.06012840775334991	0.06650649475165449	0.0002388398595956125	unsupported	True	0.0004617051300796	-0.0004617051300796
NOC2L	chr1:1032353-1032854	17	0.005290815572522628	0.058813897511530634	5	0.053523081939008	0.05624965817489053	0.00017706835834936863	unsupported	True	0.0004419886073066	0.0004419886073066
NOC2L	chr1:1080896-1081397	18	0.011166424032002116	0.0864960347469878	5	0.07532961071498569	0.08926664037002534	0.0005816357757289051	unsupported	True	0.0003511491167307	0.0003511491167307
NOC2L	chr1:929992-930493	19	0.012337517628578246	0.07593820541902438	5	0.06360068779044613	0.07659131237187719	0.00036991475358792437	unsupported	True	0.0003447551840968	0.0003447551840968
GORASP1	chr3:39146946-39147447	0	0.011171579846015548	0.054593544980247294	4	0.043421965134231744	0.053618586078939906	0.00012710602215522157	unsupported	True	0.0024161694847991	0.0024161694847991
GORASP1	chr3:39029601-39030102	1	-0.0001742078833166418	0.037588835899466023	4	0.03776304378278267	0.03196082833157292	4.5367400422729216e-05	unsupported	True	0.0023199126818318	0.0023199126818318
GORASP1	chr3:39107424-39107925	2	0.009092001032297346	0.03998219634065935	0	0.030890195308362005	0.04195885058750768	5.182160795537152e-05	unsupported	True	0.0020511463489054	0.0020511463489054
GORASP1	chr3:39153417-39153918	3	-0.00048822154692012876	0.024989149591934573	5	0.0254773711388547	0.025178259317003498	1.602993615642533e-05	unsupported	True	0.0010381969634759	0.0010381969634759
GORASP1	chr3:39250071-39250572	4	0.001979924673110735	0.03620843250706826	4	0.034228507833957526	0.03682456158821347	4.56389113237165e-05	unsupported	True	0.0009504233635845	0.0009504233635845
GORASP1	chr3:39096689-39097190	5	-0.0032321221649038584	0.011577520915871737	1	0.014809643080775595	0.006286796176224595	1.0779274871090838e-06	unsupported	True	0.0008385238808746	0.0008385238808746
GORASP1	chr3:39002096-39002597	6	0.00936264911104585	0.048048918633055125	4	0.03868626952200928	0.04721036986288083	8.775621310547792e-05	unsupported	True	0.0008220806862139	0.0008220806862139
GORASP1	chr3:39180665-39181166	7	-0.007654736288023968	0.018834966303000456	5	0.026489702591024424	0.033245258744150075	1.6587145233935974e-05	unsupported	True	0.0008112910605206	0.0008112910605206
GORASP1	chr3:38987714-38988215	8	-0.0037372442649401916	0.03297702641411182	0	0.03671427067905201	0.03911797970065929	4.736121274931756e-05	unsupported	True	0.0007183974044681	0.0007183974044681
GORASP1	chr3:39120365-39120866	9	0.00030601440546742126	0.03476435509417632	2	0.0344583406887089	0.05251881997799722	6.291344942759037e-05	unsupported	True	0.0007003621946534	0.0007003621946534
GORASP1	chr3:39152654-39153155	10	-0.004073287279338734	0.017567856266650913	5	0.021641143545989647	0.02386266861515627	9.072312169180451e-06	unsupported	True	0.0006658987689014	0.0006658987689014
GORASP1	chr3:39095705-39096206	11	0.0008299086917690554	0.014027302619262834	4	0.013197393927493778	0.011203740083354279	2.0740793687401656e-06	unsupported	True	0.0006604395361375	0.0006604395361375
GORASP1	chr3:39255561-39256062	12	0.004643336271829588	0.06459578740727594	2	0.05995245113544635	0.0684642792819196	0.00026513995672414865	unsupported	True	0.0006513016550893	0.0006513016550893
GORASP1	chr3:38999885-39000386	13	0.014522310928978996	0.07402972112203896	0	0.05950741019305996	0.08843965411098911	0.00038960471007428956	unsupported	True	0.0006124493580547	0.0006124493580547
GORASP1	chr3:39052299-39052800	14	0.0006260816347186611	0.0334902865828802	0	0.032864204948161536	0.05005771489338813	5.509510493950147e-05	unsupported	True	0.000596740494159	0.000596740494159
GORASP1	chr3:38969571-38970072	15	-0.0007662889886028934	0.024602209964666923	1	0.025368498953269817	0.03070854504252157	1.916585207017963e-05	unsupported	True	0.0005188669027385	0.0005188669027385
GORASP1	chr3:39089204-39089705	16	0.004680318780571849	0.032381611513797565	0	0.027701292733225715	0.026807211987960752	2.404640423577221e-05	unsupported	True	0.0004815691351471	0.0004815691351471
GORASP1	chr3:39220705-39221206	17	0.0016010830858844104	0.08420649651537675	2	0.08260541342949233	0.0965644530599555	0.0006716938820495311	unsupported	True	0.0004752596993032	0.0004752596993032
GORASP1	chr3:39177734-39178235	18	0.0006664826991893023	0.026215641867492163	5	0.02554915916830286	0.03307401367034021	2.2152564462594363e-05	unsupported	True	0.0004745839975004	0.0004745839975004
GORASP1	chr3:39208407-39208908	19	-0.0003288219628029475	0.01976858386497129	4	0.020097405827774237	0.019258023721270858	7.651159914479653e-06	unsupported	True	0.0004544736253776	0.0004544736253776
DDX4	chr5:55712159-55712660	0	-0.011230096591245175	0.0	0	0.011230096591245175	0.0	0.0	unsupported	True	0.0050846460169469	0.0050846460169469
DDX4	chr5:55602703-55603204	1	-0.005361783779471383	0.008605074598382341	2	0.013966858377853723	0.008605074598382341	1.0342082758815026e-06	unsupported	True	0.0042874453866535	-0.0042874453866535
DDX4	chr5:55600990-55601491	2	-0.010850576286427499	0.006590840502407233	2	0.01744141678883473	0.006590840502407233	7.576408176744417e-07	unsupported	True	0.001748856212008	-0.001748856212008
DDX4	chr5:55920739-55921240	3	-0.005240865369093107	0.0024361155040401256	2	0.007676980873133232	0.0024361155040401256	4.5560261704835226e-08	unsupported	True	0.0014798786294367	0.0014798786294367
DDX4	chr5:55867477-55867978	4	-0.004851761047849628	0.0	0	0.004851761047849628	0.0	0.0	unsupported	True	0.0013561819165933	0.0013561819165933
DDX4	chr5:55947075-55947576	5	-0.002576257340064683	0.0	0	0.002576257340064683	0.0	0.0	unsupported	True	0.0012736400084935	-0.0012736400084935
DDX4	chr5:55936062-55936563	6	-0.01579814507832377	0.0	0	0.01579814507832377	0.0	0.0	unsupported	True	0.0009845785337188	0.0009845785337188
DDX4	chr5:55701400-55701901	7	-0.006015663724086665	0.0	0	0.006015663724086665	0.0	0.0	unsupported	True	0.0006894759743472	0.0006894759743472
DDX4	chr5:55821632-55822133	8	-0.015317294053341073	0.0	0	0.015317294053341073	0.0	0.0	unsupported	True	0.0004524924730554	0.0004524924730554
DDX4	chr5:55691731-55692232	9	-0.003761865880237085	0.005779000043447367	2	0.009540865923684451	0.005779000043447367	3.1863478704669353e-07	unsupported	True	0.0003266618597288	0.0003266618597288
DDX4	chr5:55766903-55767404	10	0.012912853556115624	0.028801780636323316	2	0.015888927080207692	0.028801780636323316	1.3180541370066122e-05	unsupported	True	0.0003104085555452	0.0003104085555452
DDX4	chr5:55911492-55911993	11	-0.009793005500823222	0.0	0	0.009793005500823222	0.0	0.0	unsupported	True	0.0001333230817263	-0.0001333230817263
DDX4	chr5:55633588-55634089	12	-0.008733483225500153	0.0	0	0.008733483225500153	0.0	0.0	unsupported	True	5.706695053923184e-05	5.706695053923184e-05
DDX4	chr5:55908432-55908933	13	-0.001071923126492504	0.013481291533027772	2	0.014553214659520277	0.013481291533027772	2.6449772203542093e-06	unsupported	True	3.7736975255288974e-05	3.7736975255288974e-05
DDX4	chr5:55722596-55723097	14	-0.014330033593828225	0.0	0	0.014330033593828225	0.0	0.0	unsupported	True	1.4585518394786546e-05	-1.4585518394786546e-05
DDX4	chr5:55890160-55890661	15	-0.006823796757002113	0.004793300951063491	2	0.011617097708065604	0.004793300951063491	2.6691134687926023e-07	unsupported	True	1.2226899039303235e-05	-1.2226899039303235e-05
DDX4	chr5:55776085-55776586	16	-0.0025970057212817126	0.02181199691944039	2	0.0244090026407221	0.02181199691944039	1.1612905439818663e-05	unsupported	True	5.018733174748078e-06	-5.018733174748078e-06
ZNF837	chr19:58499177-58499678	0	-0.021735191998507257	0.0	0	0.021735191998507257	0.012467629869739443	0.0	unsupported	True	0.0016627025923712	-0.0016627025923712
ZNF837	chr19:58519680-58520181	1	-0.015324165122817314	0.007784698460960764	5	0.02310886358377808	0.007784698460960764	1.4004324926981308e-06	unsupported	True	0.0015080080641357	-0.0015080080641357
ZNF837	chr19:58466727-58467228	2	-0.011335038129795633	0.01714272927171274	5	0.028477767401508376	0.01714272927171274	8.368851692045474e-06	unsupported	True	0.001378083926086	-0.001378083926086
ZNF837	chr19:58380872-58381373	3	-0.012893803293959057	0.01281256779312108	5	0.025706371087080137	0.01281256779312108	4.220006551468847e-06	unsupported	True	0.0012433737450255	-0.0012433737450255
ZNF837	chr19:58408293-58408794	4	-0.015540178443593905	0.009320409657458142	5	0.024860588101052045	0.009320409657458142	2.1596401878650475e-06	unsupported	True	0.0012363233786028	-0.0012363233786028
ZNF837	chr19:58326727-58327228	5	-0.015483333771995194	0.013680621152537438	5	0.02916395492453263	0.013680621152537438	5.458308162960738e-06	unsupported	True	0.0012194818136483	-0.0012194818136483
ZNF837	chr19:58305041-58305542	6	-0.014628882945998133	0.014591545391408946	5	0.02922042833740708	0.014591545391408946	6.22141481238368e-06	unsupported	True	0.0012073351464074	-0.0012073351464074
ZNF837	chr19:58401143-58401644	7	-0.017839123710082724	0.005786986431180653	5	0.023626110141263375	0.005786986431180653	7.912198101851236e-07	unsupported	True	0.0012056741381763	-0.0012056741381763
ZNF837	chr19:58386931-58387432	8	-0.014126153303718702	0.011581983572379582	5	0.025708136876098284	0.011581983572379582	3.4485497268297275e-06	unsupported	True	0.0011457995778808	-0.0011457995778808
ZNF837	chr19:58327323-58327824	9	-0.00515842886968945	0.028116330076750316	5	0.03327475894643977	0.028116330076750316	2.6304629205575413e-05	unsupported	True	0.001114873198093	-0.001114873198093
ZNF837	chr19:58278615-58279116	10	-0.021016941835261944	0.0	0	0.021016941835261944	0.008844943316021453	0.0	unsupported	True	0.0008376679324293	-0.0008376679324293
ZNF837	chr19:58475816-58476317	11	-0.019512937993792636	0.0	0	0.019512937993792636	0.0006207401798820958	0.0	unsupported	True	0.0008320518505285	0.0008320518505285
ZNF837	chr19:58291440-58291941	12	-0.00503650984029414	0.03323992207620027	5	0.038276431916494415	0.03323992207620027	4.2291339475089904e-05	unsupported	True	0.0006280818573261	0.0006280818573261
ZNF837	chr19:58451292-58451793	13	-0.015078146442857142	0.009978198867252083	5	0.025056345310109224	0.009978198867252083	2.494721305820311e-06	unsupported	True	0.0005891442821305	-0.0005891442821305
ZNF837	chr19:58362001-58362502	14	-0.008725386647707889	0.016002966948848903	5	0.02472835359655679	0.016002966948848903	6.332806506724564e-06	unsupported	True	0.0005324109329189	-0.0005324109329189
ZNF837	chr19:58310665-58311166	15	-0.012156376107128563	0.005287383585400128	4	0.01744375969252869	0.005287383585400128	4.87665162687403e-07	unsupported	True	0.0004473937975085	0.0004473937975085
ZNF837	chr19:58440060-58440561	16	-0.017073370431238022	0.0006464643024506956	5	0.017719834733688718	0.0006464643024506956	7.405404124307764e-09	unsupported	True	0.0003821613540023	-0.0003821613540023
ZNF837	chr19:58347463-58347964	17	-0.013028350552668827	0.006176243584178424	5	0.01920459413684725	0.006176243584178424	7.325781562476142e-07	unsupported	True	0.0003686833608978	-0.0003686833608978
ZNF837	chr19:58228639-58229140	18	-0.020518246766563757	0.0	0	0.020518246766563757	0.0024456814533999577	0.0	unsupported	True	0.0003627105825542	0.0003627105825542
ZNF837	chr19:58513888-58514389	19	-0.012795880605737005	0.028773442735224454	5	0.04156932334096146	0.028773442735224454	3.441570034075822e-05	unsupported	True	0.0003496187742639	-0.0003496187742639
RBM8A	chr1:145964387-145964888	0	0.0010675379369106438	0.04938519260821942	1	0.048317654671308774	0.07553350423855146	0.00018023628654795164	unsupported	True	0.0029318312336655	0.0029318312336655
RBM8A	chr1:146039131-146039632	1	-0.0005011643229049247	0.057145707710817	0	0.05764687203372192	0.07597447133039772	0.0002502805204122379	unsupported	True	0.0020004824881947	0.0020004824881947
RBM8A	chr1:146051988-146052489	2	-0.004956085721433257	0.04836586358137044	0	0.0533219493028037	0.0779272872888061	0.0002009715224897895	unsupported	True	0.0016923617598268	0.0016923617598268
RBM8A	chr1:145996454-145996955	3	0.005662854810487311	0.06398641541817625	0	0.05832356060768894	0.09037019273822126	0.00033725393004049213	unsupported	True	0.0013483412281347	-0.0013483412281347
RBM8A	chr1:145910483-145910984	4	0.004188574394624061	0.05579599873197787	1	0.051607424337353804	0.06998418271509123	0.0002015185991234813	unsupported	True	0.0011990131284397	0.0011990131284397
RBM8A	chr1:145977425-145977926	5	-0.005578313178925348	0.05423042859946691	1	0.05980874177839226	0.07924697757136417	0.00025703390266814286	unsupported	True	0.0011467609689139	0.0011467609689139
RBM8A	chr1:146037777-146038278	6	-0.0031625458311113474	0.050056202787634264	0	0.053218748618745614	0.08199064059530162	0.00021841720199838703	unsupported	True	0.0009924192661562	0.0009924192661562
RBM8A	chr1:145957834-145958335	7	0.0011073009076340535	0.05008279160147956	1	0.048975490693845505	0.08087800864693517	0.00019837994884959324	unsupported	True	0.00090468248803	-0.00090468248803
RBM8A	chr1:145858852-145859353	8	0.010518655928750236	0.07576602623240913	1	0.0652473703036589	0.08553979151817834	0.00042286886515877705	unsupported	True	0.0008021682339479	-0.0008021682339479
RBM8A	chr1:145918697-145919198	9	-0.00546139960918754	0.06126555670899561	0	0.06672695631818315	0.09005906835636995	0.00036816724659840633	unsupported	True	0.0006488650013434	0.0006488650013434
RBM8A	chr1:145823819-145824320	10	0.001195143784848397	0.05106644642585218	1	0.049871302641003784	0.07268008631338173	0.00018509802468199367	unsupported	True	0.0006244273514395	-0.0006244273514395
RBM8A	chr1:145858194-145858695	11	0.005050591126518177	0.0695492770101161	1	0.06449868588359792	0.0943706531169009	0.0004233313647581649	unsupported	True	0.0006064868027428	0.0006064868027428
RBM8A	chr1:146007209-146007710	12	-0.01461107163589681	0.019041079559822833	0	0.03365215119571964	0.03991215421134661	2.5574642296218683e-05	unsupported	True	0.0005938095717835	0.0005938095717835
RBM8A	chr1:145891731-145892232	13	0.010502367518992594	0.0720885771944543	1	0.0615862096754617	0.10317730329999766	0.0004580723764855549	unsupported	True	0.0005709692082639	-0.0005709692082639
RBM8A	chr1:146036821-146037322	14	-0.004641408746076208	0.04419158858965118	1	0.048832997335727386	0.07467389086989856	0.00016114683356661515	unsupported	True	0.0005083454128173	-0.0005083454128173
RBM8A	chr1:145961810-145962311	15	-0.009025762320469474	0.053810432107630354	0	0.06283619442809983	0.09170607350557405	0.0003100804983886953	unsupported	True	0.0004302851611109	0.0004302851611109
RBM8A	chr1:146019188-146019689	16	0.015086812731628693	0.06696489724252361	1	0.051878084510894915	0.07835544767217587	0.0002722076556563801	unsupported	True	0.0003902062589454	0.0003902062589454
RBM8A	chr1:146035394-146035895	17	0.0008634602168419271	0.04878392684699793	0	0.047920466630156	0.06366004401826883	0.00014882117486834367	unsupported	True	0.0003533336269247	0.0003533336269247
RBM8A	chr1:145885671-145886172	18	-0.010734091105574928	0.05517412996851677	0	0.0659082210740917	0.0972614592319742	0.00035368436715651135	unsupported	True	0.0003014818171489	0.0003014818171489
RBM8A	chr1:145979359-145979860	19	-0.001116924380529706	0.0746786542867736	1	0.07579557866730331	0.11164281093522352	0.0006319331218814725	unsupported	True	0.0001965923434776	0.0001965923434776
THAP8	chr19:36115060-36115561	0	0.0010454833800844822	0.04515911813373989	3	0.04411363475365541	0.049556961195352585	9.872405000392133e-05	unsupported	True	0.0017934370344991	-0.0017934370344991
THAP8	chr19:35959081-35959582	1	-0.0006700672645151178	0.0245492695556454	1	0.025219336820160518	0.04277569107713801	2.6483127487503732e-05	unsupported	True	0.001637598380641	0.001637598380641
THAP8	chr19:35931400-35931901	2	-0.0009756513895637841	0.04382267865716105	3	0.04479833004672484	0.049174380407264955	9.653829889877674e-05	unsupported	True	0.0015952933949305	-0.0015952933949305
THAP8	chr19:36127774-36128275	3	-6.0812925697262056e-05	0.05063018139502527	3	0.050690994320722535	0.05039209642568553	0.0001293310250947057	unsupported	True	0.0015732414088846	-0.0015732414088846
THAP8	chr19:36054183-36054684	4	-0.0013658050281215137	0.0391491645724476	3	0.04051496960056912	0.03981740652014446	6.315547201438438e-05	unsupported	True	0.0013482033910541	-0.0013482033910541
THAP8	chr19:36139710-36140211	5	-0.0013383868464537207	0.03988874258626902	3	0.04122712943272274	0.041330243757956735	6.796751781023726e-05	unsupported	True	0.0012710635874428	-0.0012710635874428
THAP8	chr19:36151421-36151922	6	0.006897320823833312	0.02973308135933064	4	0.022835760535497327	0.03153901678518093	2.1414283586251096e-05	unsupported	True	0.0012423340122607	0.0012423340122607
THAP8	chr19:36014126-36014627	7	0.0014852375862821616	0.04283512230095775	3	0.041349884714675586	0.04363852498406093	7.729374978948089e-05	unsupported	True	0.0008795418382855	-0.0008795418382855
THAP8	chr19:36170635-36171136	8	-0.008063764216613128	0.026522511871307795	1	0.03458627608792092	0.032178951520191075	2.951823227913141e-05	unsupported	True	0.0008297380116879	-0.0008297380116879
THAP8	chr19:36032654-36033155	9	-0.0005146686122513076	0.048305721791203945	3	0.048820390403455254	0.060210174726306194	0.00014199390773309662	unsupported	True	0.000810098924494	-0.000810098924494
THAP8	chr19:35966333-35966834	10	-0.010091378571451757	0.02473559550800735	3	0.03482697407945911	0.04874952269535	4.199605356867047e-05	unsupported	True	0.0007170265179658	0.0007170265179658
THAP8	chr19:35900390-35900891	11	0.0004702579574443037	0.03279961587020666	3	0.032329357912762355	0.028305288714360822	3.0014659843169393e-05	unsupported	True	0.0006548139768231	0.0006548139768231
THAP8	chr19:35889344-35889845	12	-0.005481468910105337	0.02569817898494775	1	0.03117964789505309	0.05267311142389071	4.2204866334805846e-05	unsupported	True	0.0006222341017152	0.0006222341017152
THAP8	chr19:35936111-35936612	13	-0.0012749379361363822	0.04192863657283912	3	0.0432035745089755	0.04589254522662162	8.31328300415841e-05	unsupported	True	0.0005513651169771	-0.0005513651169771
THAP8	chr19:35987009-35987510	14	0.002241893727993001	0.038320708855448964	3	0.03607881512745596	0.05202504488926653	7.192804626476008e-05	unsupported	True	0.0005299241890486	0.0005299241890486
THAP8	chr19:35947316-35947817	15	0.00211279926550802	0.05527905593189223	3	0.053166256666384214	0.06414613247691667	0.00018852423095738538	unsupported	True	0.0005264135508083	0.0005264135508083
THAP8	chr19:36190418-36190919	16	-0.0015319083429344259	0.034982782564972614	3	0.036514690907907044	0.05122402135696382	6.543282174676968e-05	unsupported	True	0.0004578895587871	0.0004578895587871
THAP8	chr19:36140975-36141476	17	-0.0013284158329705121	0.04336695483866016	3	0.04469537067163067	0.05221848420551781	0.0001012151987125673	unsupported	True	0.0004422084280054	-0.0004422084280054
THAP8	chr19:36152263-36152764	18	0.0051821841483755985	0.025917164052075684	0	0.020734979903700084	0.024732137942427058	1.3290850000947591e-05	unsupported	True	0.0003890554987408	0.0003890554987408
THAP8	chr19:35891656-35892157	19	-0.018226245956004607	0.006923666307578347	3	0.025149912263582954	0.024290588777762183	4.229710511958018e-06	unsupported	True	0.0003713291161689	0.0003713291161689
VPS26A	chr10:69093190-69093691	0	-0.0019225345757014718	0.03289168044172239	2	0.03481421501742386	0.030737934540848742	3.519794844829475e-05	unsupported	True	0.0033942775464342	0.0033942775464342
VPS26A	chr10:69123830-69124331	1	0.024595815055201024	0.05546793897856751	3	0.03087212392336649	0.031590068159804516	5.409524610195609e-05	unsupported	True	0.0023048434393232	-0.0023048434393232
VPS26A	chr10:69066107-69066608	2	-0.008717155714449035	0.021543890393380147	0	0.030261046107829183	0.03131238666769676	2.0413818047099833e-05	unsupported	True	0.0021704930403671	0.0021704930403671
VPS26A	chr10:69179707-69180208	3	0.026390121711196354	0.0652155210646049	3	0.03882539935340855	0.0492852698903094	0.00012479122250168997	unsupported	True	0.0017575231846591	-0.0017575231846591
VPS26A	chr10:69180238-69180739	4	0.027961851219581387	0.05978185758262155	0	0.031820006363040165	0.05500283451416273	0.00010462964185736384	unsupported	True	0.0015558156700182	-0.0015558156700182
VPS26A	chr10:68989004-68989505	5	0.013861559461735255	0.07986149846903255	3	0.0659999390072973	0.07975700149942218	0.0004203875126134356	unsupported	True	0.001134391485023	0.001134391485023
VPS26A	chr10:69085223-69085724	6	-0.012599504982092008	0.057347278832718375	1	0.06994678381481038	0.08597037543950513	0.00034484933173282816	unsupported	True	0.0009661336878069	0.0009661336878069
VPS26A	chr10:69211441-69211942	7	0.011125342582108018	0.08532630878238566	1	0.07420096620027763	0.08693754688526399	0.0005504272171289881	unsupported	True	0.0006998498338818	0.0006998498338818
VPS26A	chr10:69318482-69318983	8	0.027090002421107606	0.07170037405278758	3	0.04461037163167997	0.04920816982459361	0.00015739628420543175	unsupported	True	0.0006408470509177	-0.0006408470509177
VPS26A	chr10:69004758-69005259	9	0.035369830356822334	0.09511707227099381	0	0.059747241914171474	0.07758484955246382	0.0004409133598946246	unsupported	True	0.0005710192243427	0.0005710192243427
VPS26A	chr10:69305298-69305799	10	0.018536703373750577	0.09277084902675611	2	0.07423414565300554	0.10978813618752603	0.0007560850628615924	unsupported	True	0.0004854819450682	0.0004854819450682
VPS26A	chr10:69237509-69238010	11	0.03443973319504044	0.06032117846672287	0	0.02588144527168243	0.03767309118586943	5.8815202804987314e-05	unsupported	True	0.0004384869320657	0.0004384869320657
VPS26A	chr10:69219841-69220342	12	0.012478658891843469	0.040163324733661104	4	0.027684665841817634	0.02296310678757342	2.5532867293680062e-05	unsupported	True	0.0004202369192473	-0.0004202369192473
VPS26A	chr10:69262432-69262933	13	-0.014010320759582737	0.03700202562006633	4	0.05101234637964907	0.06559456526205971	0.00012381368729302427	unsupported	True	0.0003996109771398	-0.0003996109771398
VPS26A	chr10:68988489-68988990	14	0.03050165138162631	0.060334199097703003	3	0.029832547716076692	0.03329117855349986	5.992155376400052e-05	unsupported	True	0.0003163774032415	-0.0003163774032415
VPS26A	chr10:69012095-69012596	15	0.029174996496743006	0.08282153457423613	3	0.05364653807749313	0.08296149006178247	0.00036860525141057756	unsupported	True	0.0002798504431716	0.0002798504431716
VPS26A	chr10:69069147-69069648	16	0.009548138810483999	0.08765712666964744	2	0.07810898785916344	0.10509511306412013	0.0007195662125204597	unsupported	True	0.0002358184220907	-0.0002358184220907
VPS26A	chr10:69286349-69286850	17	0.012061074942677658	0.0356536740972573	3	0.023592599154579647	0.01988228477852979	1.6724239157128472e-05	unsupported	True	0.000189736097539	0.000189736097539
VPS26A	chr10:69232946-69233447	18	0.0338951919924846	0.07175797049577819	2	0.03786277850329359	0.05278526498459615	0.0001434152499453987	unsupported	True	0.0001758550858497	0.0001758550858497
VPS26A	chr10:69159819-69160320	19	0.033562198074750894	0.08800067280585178	0	0.05443847473110088	0.07980862275368576	0.0003823329761053082	unsupported	True	0.0001036211607878	0.0001036211607878
NYAP1	chr7:100450592-100451093	0	0.006073587290389362	0.033481361939549946	5	0.027407774649160582	0.026995995709921353	2.477286528534551e-05	unsupported	True	0.0023820265515421	0.0023820265515421
NYAP1	chr7:100493810-100494311	1	-0.012858329684930876	0.07357800377355436	3	0.08643633345848524	0.08490153238684632	0.0005399578583040016	unsupported	True	0.0014663874769392	-0.0014663874769392
NYAP1	chr7:100371310-100371811	2	-0.014540086529655404	0.024985838031810412	3	0.039525924561465815	0.034940032896514206	3.45063694075271e-05	unsupported	True	0.0014620847375208	0.0014620847375208
NYAP1	chr7:100429541-100430042	3	-0.0037126254641993844	0.017149647754610368	5	0.020862273218809752	0.019025317676658656	6.806890278681434e-06	unsupported	True	0.0011799514092772	-0.0011799514092772
NYAP1	chr7:100570040-100570541	4	-0.0004677274725084657	0.016288169935814695	5	0.01675589740832316	0.012309617637688086	3.3595765979017217e-06	unsupported	True	0.0011054221653074	0.0011054221653074
NYAP1	chr7:100626486-100626987	5	-0.0014288275870130269	0.02860613720724384	2	0.030034964794256866	0.04075758893668116	3.501828149514112e-05	unsupported	True	0.001070886733047	0.001070886733047
NYAP1	chr7:100489781-100490282	6	-0.006406235880461619	0.007989588294397403	5	0.014395824174859021	0.014904927843024936	1.7143157381871106e-06	unsupported	True	0.0010069352512174	-0.0010069352512174
NYAP1	chr7:100601883-100602384	7	-0.015999218517974343	0.040208924905302104	3	0.056208143423276444	0.05550177243686916	0.00012543783632715428	unsupported	True	0.0009223994913094	-0.0009223994913094
NYAP1	chr7:100436334-100436835	8	-0.003040032732695061	0.0173838944625299	5	0.020423927195224963	0.020681478642793332	7.342905114228507e-06	unsupported	True	0.0009127789093342	-0.0009127789093342
NYAP1	chr7:100335800-100336301	9	-0.0024106623993909748	0.011746619669819386	5	0.01415728206921036	0.014050703848699553	2.3366349729415703e-06	unsupported	True	0.0008635079336116	0.0008635079336116
NYAP1	chr7:100407502-100408003	10	-0.015124289408137532	0.015969378068056445	2	0.03109366747619398	0.02765647947518292	1.3732728955513893e-05	unsupported	True	0.0008245505672751	0.0008245505672751
NYAP1	chr7:100633197-100633698	11	-0.0012720757546659676	0.020012984976368872	0	0.02128506073103484	0.026312490175578615	1.1208531431627613e-05	unsupported	True	0.0007607852228518	0.0007607852228518
NYAP1	chr7:100469184-100469685	12	-0.015312533607975916	0.02268028408915668	3	0.0379928176971326	0.04119393692542199	3.549631694920958e-05	unsupported	True	0.0006583282111876	-0.0006583282111876
NYAP1	chr7:100467954-100468455	13	-0.014931986888707586	0.05436367436320858	3	0.06929566125191616	0.07194680995141899	0.0002710356311587903	unsupported	True	0.0005746653996035	-0.0005746653996035
NYAP1	chr7:100559700-100560201	14	-0.007235072844204775	0.008522372602287848	2	0.015757445446492623	0.01680024413876488	2.256118584363194e-06	unsupported	True	0.0005543561485326	-0.0005543561485326
NYAP1	chr7:100519034-100519535	15	-0.02042289821457927	-0.0019111185416475771	2	0.018511779672931692	0.022404659754549573	0.0	unsupported	True	0.0005352159664723	-0.0005352159664723
NYAP1	chr7:100465898-100466399	16	-0.014652765091765569	0.052393181297918756	3	0.06704594638968432	0.07047812846930532	0.0002475720756974798	unsupported	True	0.0005322348009398	-0.0005322348009398
NYAP1	chr7:100569399-100569900	17	-0.012345064448852498	0.058886027916990435	3	0.07123109236584294	0.06629155320338588	0.00027806098678218803	unsupported	True	0.0005186379715807	-0.0005186379715807
NYAP1	chr7:100483630-100484131	18	-0.0029738564190150947	0.017550833664919517	5	0.02052469008393461	0.022545519120000482	8.121469132158087e-06	unsupported	True	0.0004538453178783	0.0004538453178783
NYAP1	chr7:100345222-100345723	19	-0.009065790623990669	-0.00022944465772968122	4	0.008836345966260987	0.006258966351028327	0.0	unsupported	True	0.0004517089443352	-0.0004517089443352
SLC25A20	chr3:49007028-49007529	0	0.007190046479429438	0.04277695785482299	0	0.03558691137539355	0.03146658422981842	4.790157513425416e-05	unsupported	True	0.0021901438136856	0.0021901438136856
SLC25A20	chr3:48846970-48847471	1	0.005958279266335048	0.03957456355072461	0	0.033616284284389564	0.03914272118127242	5.207351046324915e-05	unsupported	True	0.0019417991904863	0.0019417991904863
SLC25A20	chr3:48990714-48991215	2	0.010779013115562145	0.04395007472905591	1	0.033171061613493764	0.03472995750708022	5.0631785265327e-05	unsupported	True	0.0017215720390396	0.0017215720390396
SLC25A20	chr3:48898127-48898628	3	0.0007174907418684438	0.05251205415313312	2	0.05179456341126468	0.040503852991350224	0.00011016395572278155	unsupported	True	0.0015275796088156	0.0015275796088156
SLC25A20	chr3:48990115-48990616	4	0.00806103359148468	0.052175399210582	0	0.04411436561909732	0.05117391581934975	0.0001177862158615424	unsupported	True	0.0014290377093267	0.0014290377093267
SLC25A20	chr3:49018333-49018834	5	0.00818394233084208	0.04286481391540202	2	0.03468087158455994	0.02619033665912379	3.893426918339542e-05	unsupported	True	0.0013311374329061	0.0013311374329061
SLC25A20	chr3:49017831-49018332	6	0.003322500235130038	0.031823368161700255	0	0.028500867926570216	0.017117733022007708	1.5525674519233966e-05	unsupported	True	0.0011311400330964	0.0011311400330964
SLC25A20	chr3:48989583-48990084	7	0.008271160526820847	0.04750092215938708	0	0.03922976163256624	0.036008896250392386	6.710077244752583e-05	unsupported	True	0.0010970639872097	0.0010970639872097
SLC25A20	chr3:49029229-49029730	8	0.004330027011311017	0.0377596373012887	0	0.033429610289977686	0.03644000704129629	4.599785501864122e-05	unsupported	True	0.0009540603995178	-0.0009540603995178
SLC25A20	chr3:48717070-48717571	9	0.003228505663058509	0.04208789902716502	2	0.03885939336410651	0.04013929260705878	6.564822344961133e-05	unsupported	True	0.0007640296867704	-0.0007640296867704
SLC25A20	chr3:48796263-48796764	10	0.003295399963842165	0.03545688600731915	1	0.03216148604347699	0.04129879687749542	4.7094923790482966e-05	unsupported	True	0.00060152683872	0.00060152683872
SLC25A20	chr3:48851364-48851865	11	0.000464339061077396	0.04158221846894268	1	0.041117879407865286	0.051629300023125754	8.827436483512683e-05	unsupported	True	0.0005609546424082	0.0005609546424082
SLC25A20	chr3:49021878-49022379	12	-8.604940526777729e-05	0.03709982142210482	2	0.0371858708273726	0.04304461194189447	5.9383880337964e-05	unsupported	True	0.0005176007644907	-0.0005176007644907
SLC25A20	chr3:48847634-48848135	13	0.0038259290240416828	0.034247449864959895	2	0.03042152084091821	0.033602295663514664	3.50088712886541e-05	unsupported	True	0.0005082310477144	0.0005082310477144
SLC25A20	chr3:48739854-48740355	14	0.02198361255269215	0.07274004165634985	0	0.050756429103657706	0.08039605923649944	0.00029682424189669517	unsupported	True	0.0004318196651766	0.0004318196651766
SLC25A20	chr3:48998224-48998725	15	0.0009240135500202704	0.0406119261646074	2	0.03968791261458712	0.0617917508142897	9.959610318319216e-05	unsupported	True	0.0003768511904919	-0.0003768511904919
SLC25A20	chr3:49038561-49039062	16	-0.006751104145773337	0.020362630047538077	0	0.027113734193311416	0.028431500784810382	1.569722885769812e-05	unsupported	True	0.0003447514905064	0.0003447514905064
SLC25A20	chr3:48735460-48735961	17	0.005984777007463879	0.0640839868612661	0	0.058099209853802215	0.06364268685356131	0.0002369562973897133	unsupported	True	0.0003087463373073	0.0003087463373073
SLC25A20	chr3:48810498-48810999	18	-0.012944895880945951	0.008472722432750485	4	0.021417618313696436	0.010808124007002809	1.9613020068177354e-06	unsupported	True	0.0002569109005748	-0.0002569109005748
SLC25A20	chr3:48898702-48899203	19	0.014561272790847868	0.04039759211155566	0	0.02583631932070779	0.04780511663942449	4.9895399646954496e-05	unsupported	True	0.0002341061778071	0.0002341061778071
NTSR2	chr2:11676400-11676901	0	-0.004834042886282877	0.018985527362747286	0	0.023819570249030163	0.03822491253291442	1.7286341446938015e-05	unsupported	True	0.0024262689097753	0.0024262689097753
NTSR2	chr2:11746329-11746830	1	0.011310235360104257	0.05933066760569264	0	0.048020432245588385	0.05933066760569264	0.00016903807381200546	unsupported	True	0.0020725512054837	0.0020725512054837
NTSR2	chr2:11799086-11799587	2	0.020324946713309387	0.05928056285074275	4	0.03895561613743336	0.05928056285074275	0.0001368972470342056	unsupported	True	0.001507398681162	0.001507398681162
NTSR2	chr2:11533701-11534202	3	-0.01687539590702434	0.024700730009521773	1	0.04157612591654611	0.056214676607340766	5.7730261452562004e-05	unsupported	True	0.0014904226304811	0.0014904226304811
NTSR2	chr2:11814882-11815383	4	-0.0033967657731698506	0.023063535651892515	0	0.026460301425062366	0.03808902475068439	2.324451696643933e-05	unsupported	True	0.0014778866056665	0.0014778866056665
NTSR2	chr2:11802691-11803192	5	-0.006522641994082422	0.0	2	0.006522641994082422	0.016358702684899678	0.0	unsupported	True	0.0014646828713137	0.0014646828713137
NTSR2	chr2:11719432-11719933	6	0.009768789661364208	0.03750093717675621	0	0.027732147515392006	0.03314052137822287	3.44655298545541e-05	unsupported	True	0.0014280957118561	0.0014280957118561
NTSR2	chr2:11657647-11658148	7	0.011487516570193304	0.030202704675817264	4	0.01871518810562396	0.02920553413605602	1.650840770627856e-05	unsupported	True	0.0010174512100502	0.0010174512100502
NTSR2	chr2:11779098-11779599	8	0.011780570267799719	0.054909720954716426	0	0.04312915068691671	0.054909720954716426	0.00013003772990342975	unsupported	True	0.0009097736477182	-0.0009097736477182
NTSR2	chr2:11692828-11693329	9	0.00623362891592644	0.04261271064494585	1	0.03637908172901941	0.04236435124209207	6.567369530295309e-05	unsupported	True	0.0007006763237097	-0.0007006763237097
NTSR2	chr2:11556206-11556707	10	-0.00809630201434791	0.003497707818871468	1	0.011594009833219378	0.011744384427452365	4.762636661626251e-07	unsupported	True	0.0006736131965131	0.0006736131965131
NTSR2	chr2:11713743-11714244	11	-0.002266711912757711	0.03090361113273761	0	0.03317032304549532	0.04931417603263384	5.055111189880449e-05	unsupported	True	0.000566581373252	0.000566581373252
NTSR2	chr2:11701007-11701508	12	0.009886003219421262	0.04191393493445919	4	0.03202793171503793	0.04191393493445919	5.626596395493472e-05	unsupported	True	0.000432781829844	0.000432781829844
NTSR2	chr2:11710827-11711328	13	-0.008118527827198553	0.013210167946536084	0	0.021328695773734637	0.03511798022666177	9.894689459640174e-06	unsupported	True	0.0004121396072717	0.0004121396072717
NTSR2	chr2:11784543-11785044	14	0.03583932983350565	0.10934409218174775	0	0.0735047623482421	0.10449935403704336	0.0008398938609898744	unsupported	True	0.0003701659444957	-0.0003701659444957
NTSR2	chr2:11584185-11584686	15	0.004037061105247111	0.0360955171081224	0	0.03205845600287529	0.032656236421955885	3.7788704342060456e-05	unsupported	True	0.0003355627936976	0.0003355627936976
NTSR2	chr2:11540445-11540946	16	0.03531408011609279	0.10013130863758961	0	0.06481722852149682	0.07432177251006368	0.00048236568850226546	unsupported	True	0.0002716226898968	-0.0002716226898968
NTSR2	chr2:11652439-11652940	17	0.005014157036623218	0.07180687223137502	0	0.0667927151947518	0.04643631605929523	0.00022271674303206472	unsupported	True	0.0002430200492858	-0.0002430200492858
NTSR2	chr2:11679775-11680276	18	-0.006899827674388035	0.01649176501268262	4	0.023391592687070657	0.020261288661550757	7.816169971543226e-06	unsupported	True	0.0002311608156759	0.0002311608156759
NTSR2	chr2:11566781-11567282	19	-0.0022567065063933854	0.033996587977143	0	0.03625329448353638	0.046489810213318716	5.729814787172222e-05	unsupported	True	0.0001956704716011	0.0001956704716011
ST6GALNAC1	chr17:76501221-76501722	0	-0.013402260361526211	0.0066863727626691695	1	0.02008863312419538	0.010971413583654568	1.4736812529715846e-06	unsupported	True	0.0017225017957797	0.0017225017957797
ST6GALNAC1	chr17:76737741-76738242	1	-0.007753381428336495	0.03183938195156088	1	0.039592763379897374	0.03200655060433039	4.03477494561831e-05	unsupported	True	0.001708862313242	0.001708862313242
ST6GALNAC1	chr17:76493037-76493538	2	-0.007214377091996324	0.0020383154978961373	0	0.009252692589892461	0.007697104710467745	1.4516667672454124e-07	unsupported	True	0.0015902257223284	0.0015902257223284
ST6GALNAC1	chr17:76697566-76698067	3	-0.008402279011291416	0.017643579587623956	3	0.026045858598915374	0.017643579587623956	8.107969011137927e-06	unsupported	True	0.0013814139404462	-0.0013814139404462
ST6GALNAC1	chr17:76557470-76557971	4	-0.014112228283618317	0.01161600004656685	1	0.02572822833018517	0.01161600004656685	3.4715473367261883e-06	unsupported	True	0.0012493389321362	0.0012493389321362
ST6GALNAC1	chr17:76688764-76689265	5	-0.003362981176926252	0.04829755152927479	1	0.051660532706201044	0.056934409265732996	0.00014205574875497803	unsupported	True	0.0012230485995145	0.0012230485995145
ST6GALNAC1	chr17:76585895-76586396	6	0.0014450545144052097	0.07785725770678376	1	0.07641220319237854	0.07785725770678376	0.000463191869663065	unsupported	True	0.0011920176404393	0.0011920176404393
ST6GALNAC1	chr17:76710815-76711316	7	-0.009825856481435129	0.02415636461532014	1	0.03398222109675527	0.02476698577620322	2.033089475204471e-05	unsupported	True	0.0011677097649512	0.0011677097649512
ST6GALNAC1	chr17:76547229-76547730	8	-0.011079879426520504	0.02698327488274515	1	0.03806315430926566	0.03010413984521051	3.0919015429341845e-05	unsupported	True	0.000821388599831	-0.000821388599831
ST6GALNAC1	chr17:76529315-76529816	9	-0.00886175527286748	0.033180050981207763	1	0.04204180625407524	0.042678204204020825	5.95339300063962e-05	unsupported	True	0.0007415646458008	0.0007415646458008
ST6GALNAC1	chr17:76755258-76755759	10	0.006847265592388633	0.08689423039778037	1	0.08004696480539174	0.08689423039778037	0.0006044031949151296	unsupported	True	0.0006843296214949	0.0006843296214949
ST6GALNAC1	chr17:76736296-76736797	11	-0.00878885165638129	0.03411066878415255	1	0.04289952044053384	0.03411066878415255	4.991521041277243e-05	unsupported	True	0.0006550700106827	0.0006550700106827
ST6GALNAC1	chr17:76700599-76701100	12	0.002837824748776321	0.03791279440486598	3	0.03507496965608966	0.03791279440486598	5.0416059168236994e-05	unsupported	True	0.0006135894121181	0.0006135894121181
ST6GALNAC1	chr17:76515148-76515649	13	-0.003656748222593856	0.05359596997344062	1	0.057252718196034474	0.059338883595071355	0.00018208225233760087	unsupported	True	0.000595072367767	0.000595072367767
ST6GALNAC1	chr17:76737215-76737716	14	-0.014288576675050024	0.01438467827715122	1	0.028673254952201244	0.01438467827715122	5.933040356516053e-06	unsupported	True	0.0005849372219683	-0.0005849372219683
ST6GALNAC1	chr17:76671562-76672063	15	-0.014165765221943068	0.009799525936976677	1	0.023965291158919745	0.009799525936976677	2.30140389154423e-06	unsupported	True	0.0005245183514564	-0.0005245183514564
ST6GALNAC1	chr17:76492040-76492541	16	-0.008502870787425523	0.008518880937191388	3	0.01702175172461691	0.01190466138659467	1.7262506180972946e-06	unsupported	True	0.0005123489780349	0.0005123489780349
ST6GALNAC1	chr17:76709087-76709588	17	-0.0013165329818838713	0.03742573737791128	1	0.03874227035979515	0.03742573737791128	5.426574866094959e-05	unsupported	True	0.000496260203623	0.000496260203623
ST6GALNAC1	chr17:76707930-76708431	18	-0.011732436581137687	0.005703894230316836	1	0.01743633081145452	0.016730490371108526	1.6639306975664473e-06	unsupported	True	0.000431412637374	0.000431412637374
ST6GALNAC1	chr17:76599729-76600230	19	-0.007854176014461025	0.027250871524130596	3	0.03510504753859162	0.036642981812824466	3.5054257192206416e-05	unsupported	True	0.0003316054748526	0.0003316054748526
CFAP410	chr21:44297600-44298101	0	0.012332726179152858	0.06140870554532731	5	0.04907597936617446	0.06192677744343819	0.00018662825644750255	unsupported	True	0.002405948182527	0.002405948182527
CFAP410	chr21:44455141-44455642	1	0.008287588340119476	0.036512649546720906	0	0.02822506120660143	0.03365530413043409	3.468420628941273e-05	unsupported	True	0.0021116205514142	-0.0021116205514142
CFAP410	chr21:44349891-44350392	2	0.0015219768717324427	0.04473108357768993	5	0.043209106705957484	0.04542592402935324	8.779877912644956e-05	unsupported	True	0.0019043273177244	0.0019043273177244
CFAP410	chr21:44485378-44485879	3	0.0171101676982989	0.11873042487921857	2	0.10162025718091967	0.12129493201539245	0.0014634738512318305	unsupported	True	0.001704061960934	0.001704061960934
CFAP410	chr21:44461423-44461924	4	0.0344026843411639	0.18317885115063168	2	0.14877616680946779	0.1813460988720861	0.004942161274467298	unsupported	True	0.0015823171585062	0.0015823171585062
CFAP410	chr21:44339097-44339598	5	0.012414091852403823	0.05374713436014769	2	0.04133304250774387	0.05550697991252187	0.00012331056480248295	unsupported	True	0.001325150233418	-0.001325150233418
CFAP410	chr21:44285799-44286300	6	0.009473236164234159	0.11230600826925818	2	0.10283277210502402	0.1232042547176452	0.0014228536772393219	unsupported	True	0.001171157628987	0.001171157628987
CFAP410	chr21:44338456-44338957	7	0.004212176732009187	0.030326895778049433	2	0.026114719046040246	0.03141091379783625	2.487676408310647e-05	unsupported	True	0.0009437116471329	-0.0009437116471329
CFAP410	chr21:44300329-44300830	8	0.009424079750861677	0.0528598048183808	2	0.043435725067519124	0.05325757685246098	0.00012227960677881378	unsupported	True	0.0009186469606214	0.0009186469606214
CFAP410	chr21:44463638-44464139	9	0.0188180105997108	0.11326694847503269	2	0.09444893787532188	0.09740636715369155	0.001042047761684102	unsupported	True	0.000813226893054	0.000813226893054
CFAP410	chr21:44304865-44305366	10	0.005146400373234986	0.039788482682661414	2	0.03464208230942643	0.048668820360267054	6.708295530318109e-05	unsupported	True	0.0007889430428632	0.0007889430428632
CFAP410	chr21:44331884-44332385	11	0.01112087133761664	0.037296732594767006	0	0.026175861257150365	0.030583446593197894	2.9857826728726817e-05	unsupported	True	0.0006367555590968	0.0006367555590968
CFAP410	chr21:44263278-44263779	12	0.008371126055749235	0.082872239171933	2	0.07450111311618376	0.08879102233358588	0.0005482023481715086	unsupported	True	0.0005287400275954	0.0005287400275954
CFAP410	chr21:44256321-44256822	13	-0.0019223792844502705	0.04678703344976438	5	0.04870941273421465	0.03252989626007974	7.413462264234066e-05	unsupported	True	0.0003930142859047	0.0003930142859047
CFAP410	chr21:44359363-44359864	14	0.01430891784227009	0.12797821052448752	2	0.11366929268221743	0.1348457737431403	0.00196162745124918	unsupported	True	0.0003339113238601	-0.0003339113238601
CFAP410	chr21:44301980-44302481	15	0.0018916745744223776	0.026699727298966556	2	0.02480805272454418	0.017579764578323744	1.1644277768428127e-05	unsupported	True	0.0002297035698478	0.0002297035698478
CFAP410	chr21:44468068-44468569	16	0.034461952794266525	0.08878248232109531	0	0.05432052952682879	0.05238804096779322	0.00025265240514355924	unsupported	True	0.0002042541820559	0.0002042541820559
CFAP410	chr21:44299782-44300283	17	0.010814382561236754	0.056717488064078406	2	0.04590310550284165	0.06044615813459253	0.00015737210695445638	unsupported	True	0.000153096414654	0.000153096414654
CFAP410	chr21:44479562-44480063	18	0.007700564835570784	0.0714928319926517	5	0.06379226715708092	0.07244010769876365	0.00033037686306649605	unsupported	True	7.737697695677801e-05	7.737697695677801e-05
RNF6	chr13:26186321-26186822	0	-0.016162185504783492	0.036427849649972074	3	0.05259003515475556	0.09056168444680004	0.00017349281285915325	unsupported	True	0.0029847665646564	-0.0029847665646564
RNF6	chr13:26012353-26012854	1	-0.0099489623159708	0.034538542207494353	1	0.04448750452346516	0.05126356647627156	7.876818992133513e-05	unsupported	True	0.0027490920311984	0.0027490920311984
RNF6	chr13:26253829-26254330	2	-0.019305045785218182	0.02464147634634041	3	0.04394652213155859	0.0739507105177807	8.008175580057553e-05	unsupported	True	0.0022844334051425	-0.0022844334051425
RNF6	chr13:26048674-26049175	3	-0.024228308973284055	0.005467262691801557	3	0.029695571665085612	0.04855348855063657	7.882828370126191e-06	unsupported	True	0.0015210276019277	-0.0015210276019277
RNF6	chr13:26222178-26222679	4	-0.015989368663000162	0.033148208775696915	3	0.04913757743869708	0.08463969564632375	0.00013786305553053149	unsupported	True	0.0011949453110926	-0.0011949453110926
RNF6	chr13:26221630-26222131	5	-0.015407537717249509	0.025440769431480794	3	0.040848307148730306	0.06707048324622947	6.970047543801452e-05	unsupported	True	0.0009311943392097	0.0009311943392097
RNF6	chr13:26051796-26052297	6	-0.01619389904593123	0.03572926439414454	3	0.05192316344007577	0.07904592377098238	0.00014664413504145737	unsupported	True	0.0008758085696134	-0.0008758085696134
RNF6	chr13:26265180-26265681	7	-0.011599769547170916	0.012393853806941307	0	0.023993623354112224	0.03397526387507779	1.0103341778030293e-05	unsupported	True	0.0008418747828116	-0.0008418747828116
RNF6	chr13:26049406-26049907	8	-0.02124832549859084	0.004253780517300331	3	0.02550210601589117	0.04812480439044443	5.220596188004941e-06	unsupported	True	0.0007948636656813	-0.0007948636656813
RNF6	chr13:26072244-26072745	9	-0.012377721998440694	0.024156374961912027	5	0.03653409696035272	0.05946361385519344	5.247850311829527e-05	unsupported	True	0.000742863786584	-0.000742863786584
RNF6	chr13:26062773-26063274	10	-0.013219667303926286	0.027434041504724706	5	0.04065370880865099	0.0718776138795517	8.016478181032697e-05	unsupported	True	0.0007295093715825	-0.0007295093715825
RNF6	chr13:26184666-26185167	11	-0.0211007554279789	0.015186331122712822	3	0.036287086550691725	0.04834041303280949	2.6638840799262426e-05	unsupported	True	0.0005230610565422	-0.0005230610565422
RNF6	chr13:26254593-26255094	12	-0.01754759268288574	0.01422103949064495	3	0.03176863217353069	0.04715597952708703	2.130426861149529e-05	unsupported	True	0.0005068759031067	0.0005068759031067
RNF6	chr13:26025123-26025624	13	-0.011410759073615098	0.02389888808849879	3	0.03530964716211389	0.05463084515794919	4.610085634132685e-05	unsupported	True	0.0003155631616085	-0.0003155631616085
RNF6	chr13:26019974-26020475	14	-0.018865434614427423	-0.0006744659322180564	5	0.018190968682209367	0.01909014105736911	0.0	unsupported	True	0.0002665814522719	-0.0002665814522719
RNF6	chr13:26207625-26208126	15	-0.016167253753252075	0.002753429072490361	5	0.018920682825742434	0.020585104935901155	1.0724172336214353e-06	unsupported	True	0.0002504064209775	0.0002504064209775
RNF6	chr13:26054317-26054818	16	-0.010919067165021806	0.02522002007272668	3	0.03613908723774849	0.03264152242004135	2.9750413998045763e-05	unsupported	True	0.0002503636776586	-0.0002503636776586
RNF6	chr13:26363473-26363974	17	-0.007369458804328301	0.03760010868887471	5	0.04496956749320301	0.0634894200702508	0.0001073517605285608	unsupported	True	0.0001914711045478	-0.0001914711045478
RNF6	chr13:26037301-26037802	18	-0.023578903597919185	-0.0007848649387986024	5	0.022794038659120584	0.027527858756315096	0.0	unsupported	True	0.0001412521120257	-0.0001412521120257
RNF6	chr13:26015247-26015748	19	-0.0037353431298571844	0.06198032355114592	3	0.06571566668100311	0.08651444933708227	0.00035238012478374487	unsupported	True	0.0001289743362614	-0.0001289743362614
TMEM40	chr3:12681995-12682496	0	-0.010798075855200286	0.01342709276419826	2	0.024225168619398545	0.027199536488252983	8.847290778715207e-06	unsupported	True	0.0048109637210074	0.0048109637210074
TMEM40	chr3:12787293-12787794	1	-0.006551121675171757	0.020663441066052442	5	0.027214562741224198	0.04470013925016954	2.5136967453220096e-05	unsupported	True	0.0036518632525961	0.0036518632525961
TMEM40	chr3:12767343-12767844	2	0.006224245234406302	0.03398811126960066	3	0.02776386603519436	0.03307789611554838	3.1213671143633664e-05	unsupported	True	0.0014370313461865	0.0014370313461865
TMEM40	chr3:12598410-12598911	3	0.017304847627801052	0.0864545503727419	5	0.06914970274494084	0.06397262192529517	0.00038244793886939846	unsupported	True	0.0011183537495478	0.0011183537495478
TMEM40	chr3:12707757-12708258	4	-0.0034340143178135463	0.018506504079272634	5	0.02194051839708618	0.025066386482678667	1.0178013050091249e-05	unsupported	True	0.001056349871668	0.001056349871668
TMEM40	chr3:12847827-12848328	5	-0.010859344851881529	-0.003944055810826487	1	0.006915289041055042	0.013918060412692775	0.0	unsupported	True	0.0009153576591822	0.0009153576591822
TMEM40	chr3:12868934-12869435	6	-0.006923850878435742	0.018438134772957707	5	0.02536198565139345	0.028944424404625475	1.353521488858427e-05	unsupported	True	0.0007880998780268	0.0007880998780268
TMEM40	chr3:12733258-12733759	7	-0.015281575979826404	0.003819410152021626	4	0.01910098613184803	0.020832938186614428	1.5198565961353226e-06	unsupported	True	0.0006199787817131	0.0006199787817131
TMEM40	chr3:12854548-12855049	8	-0.003924275917812993	0.022368256895425428	5	0.02629253281323842	0.0273725454779451	1.609829021597601e-05	unsupported	True	0.0006071660379805	0.0006071660379805
TMEM40	chr3:12867906-12868407	9	0.006871897748996153	0.0502388015948638	5	0.043366903845867645	0.04326761529884861	9.426720875177098e-05	unsupported	True	0.000495498173767	0.000495498173767
TMEM40	chr3:12594673-12595174	10	-0.003168890123347055	0.02366035247305122	1	0.026829242596398274	0.03427091171755351	2.1754809307549676e-05	unsupported	True	0.0004879815834281	0.0004879815834281
TMEM40	chr3:12840953-12841454	11	-0.002436077075062153	0.037565414486810236	5	0.04000149156187239	0.04222858389828308	6.345573640889688e-05	unsupported	True	0.0004779169968817	0.0004779169968817
TMEM40	chr3:12693724-12694225	12	-0.010476688699575935	0.03894620273283734	5	0.049422891432413275	0.056808507401971985	0.00010934694366033994	unsupported	True	0.0003828445592191	0.0003828445592191
TMEM40	chr3:12719944-12720445	13	-0.014969350032034251	0.018117558140050213	5	0.03308690817208446	0.030884191705016988	1.851365171331748e-05	unsupported	True	0.000338863733495	-0.000338863733495
TMEM40	chr3:12822933-12823434	14	0.002074748581431519	0.07729807743221845	4	0.07522332885078693	0.07649376650490688	0.0004447820850165044	unsupported	True	0.0002760022500649	0.0002760022500649
TMEM40	chr3:12585365-12585866	15	0.0006821902943446673	0.03147920281129783	5	0.030797012516953166	0.042729399252536826	4.1424674266447236e-05	unsupported	True	0.0002408443640527	-0.0002408443640527
TMEM40	chr3:12810155-12810656	16	-0.0028155150954614037	0.035797250183347784	5	0.03861276527880919	0.0414148655869532	5.7244903577224276e-05	unsupported	True	0.0001659560010617	-0.0001659560010617
TMEM40	chr3:12880417-12880918	17	0.00020663246070640005	0.03979437647172846	4	0.03958774401102206	0.023830655976107718	3.754209070689274e-05	unsupported	True	0.0001187522396285	0.0001187522396285
TMEM40	chr3:12912747-12913248	18	0.017793501021752783	0.0852631740701851	5	0.06746967304843232	0.06669559474879924	0.0003836783124612794	unsupported	True	0.0001152468786496	-0.0001152468786496
TMEM40	chr3:12591269-12591770	19	-0.012539847715221245	0.018000953977041274	5	0.030540801692262518	0.024877142806227284	1.3676546733190584e-05	unsupported	True	0.0001152347425118	0.0001152347425118
CTSV	chr9:97051836-97052337	0	-0.006419873478194448	0.006503825007079461	2	0.012923698485273909	0.006503825007079461	5.466690821818955e-07	unsupported	True	0.0055976559816007	0.0055976559816007
CTSV	chr9:97072590-97073091	1	-0.002293455934008551	0.008243727680836489	1	0.01053718361484504	0.008243727680836489	7.160969467903109e-07	unsupported	True	0.0024350832138104	0.0024350832138104
CTSV	chr9:97073494-97073995	2	-0.007899313486563716	0.0	0	0.007899313486563716	0.009034608970366027	0.0	unsupported	True	0.0023135096286002	0.0023135096286002
CTSV	chr9:97188577-97189078	3	-0.009293167878218345	0.0	0	0.009293167878218345	0.007926897229159584	0.0	unsupported	True	0.0021550202505534	0.0021550202505534
CTSV	chr9:97293252-97293753	4	-0.0038005733269620957	0.04715737334102874	2	0.05095794666799084	0.04715737334102874	0.00011332119193087123	unsupported	True	0.0020757199471473	0.0020757199471473
CTSV	chr9:97013378-97013879	5	-0.011936371203487978	0.004903718547016477	2	0.016840089750504453	0.004903718547016477	4.049444702893904e-07	unsupported	True	0.001645011931761	-0.001645011931761
CTSV	chr9:97176250-97176751	6	-0.00885236952645934	0.019656599871371992	2	0.028508969397831332	0.024626588006174545	1.3800478980218618e-05	unsupported	True	0.000832953587364	0.000832953587364
CTSV	chr9:97221425-97221926	7	-0.014220353154885238	0.005018978444086613	1	0.01923933159897185	0.014157479407211954	1.3670715615731367e-06	unsupported	True	0.0004075905473689	-0.0004075905473689
CTSV	chr9:97222285-97222786	8	-0.015056835055402416	0.0	0	0.015056835055402416	0.012865473907888527	0.0	unsupported	True	0.0003915867013983	0.0003915867013983
CTSV	chr9:96886783-96887284	9	-0.006781244053484966	0.05404149238436036	2	0.060822736437845325	0.06950134594261152	0.00022844754968413927	unsupported	True	0.0001546606012287	0.0001546606012287
CTSV	chr9:97039003-97039504	10	-0.010834057776370398	0.006459384911788083	2	0.01729344268815848	0.006459384911788083	7.215456094816302e-07	unsupported	True	0.0001299472380198	-0.0001299472380198
CTSV	chr9:97238162-97238663	11	-0.008470765043527527	0.01220148773836884	2	0.02067225278189637	0.01220148773836884	3.077608569461375e-06	unsupported	True	5.602491348666126e-05	5.602491348666126e-05
CTSV	chr9:96992331-96992832	12	-0.007908919088671555	0.0	0	0.007908919088671555	0.012246034487146538	0.0	unsupported	True	2.368838975583009e-05	-2.368838975583009e-05
PSPH	chr7:56115814-56116315	0	0.0007795706291317493	0.07304687622024912	0	0.07226730559111737	0.08511116475519034	0.0004492934064633923	unsupported	True	0.0047986955981201	0.0047986955981201
PSPH	chr7:56064916-56065417	1	0.000996617995508137	0.029067977920700424	0	0.028071359925192288	0.023309904815406998	1.9020361831074543e-05	unsupported	True	0.0031794811452744	0.0031794811452744
PSPH	chr7:56064018-56064519	2	0.0019393588632616553	0.027287970855657803	0	0.025348611992396148	0.01238447868135611	8.56649481223297e-06	unsupported	True	0.0018671824413096	0.0018671824413096
PSPH	chr7:56033969-56034470	3	0.027868556598462497	0.05002062242416541	4	0.022152065825702914	0.041404451513303714	4.587862153649367e-05	unsupported	True	0.0017182984838974	0.0017182984838974
PSPH	chr7:56083021-56083522	4	0.003931651261164417	0.02268522430930763	4	0.01875357304814321	0.02611270827935612	1.1109103662991297e-05	unsupported	True	0.0012371213521321	0.0012371213521321
PSPH	chr7:56174989-56175490	5	0.006202346036043785	0.08151692856692656	0	0.07531458253088277	0.08041422460372573	0.0004936961716384689	unsupported	True	0.0008581974295198	0.0008581974295198
PSPH	chr7:56092809-56093310	6	0.03143396271748963	0.05749154658188115	4	0.02605758386439152	0.04025993860074078	6.0313043487475675e-05	unsupported	True	0.0007600629164092	0.0007600629164092
PSPH	chr7:56004756-56005257	7	0.007112177919159515	0.008721795444097973	4	0.001609617524938458	0.012570517695957838	1.7647441558916946e-07	unsupported	True	0.0004721668044093	0.0004721668044093
PSPH	chr7:56079325-56079826	8	0.03217095446324512	0.04879562051377168	4	0.016624666050526565	0.03419476854774809	2.7739168824255533e-05	unsupported	True	0.0004421022968665	0.0004421022968665
PSPH	chr7:55951593-55952094	9	0.004903355844839066	0.03383350510956448	0	0.028930149264725417	0.024811169495943676	2.428537994954817e-05	unsupported	True	0.000425269537985	0.000425269537985
PSPH	chr7:56009702-56010203	10	0.03079247235395004	0.05426429435665096	4	0.023471822002700923	0.049837199236164906	6.347673653266937e-05	unsupported	True	0.0004208175889303	0.0004208175889303
PSPH	chr7:56075061-56075562	11	0.026818121668083846	0.03921978410847693	3	0.012401662440393084	0.024520674281190778	1.1926623600162721e-05	unsupported	True	0.0003687846685965	0.0003687846685965
PSPH	chr7:56051425-56051926	12	0.011057758488373577	0.03652549750295053	4	0.025467739014576954	0.023390516997036023	2.175836970767095e-05	unsupported	True	0.0003380723316078	-0.0003380723316078
PSPH	chr7:56091491-56091992	13	0.03596662627549055	0.05940339582016758	4	0.02343676954467703	0.04256452965316827	5.9259346877726314e-05	unsupported	True	0.0003133868976385	0.0003133868976385
PSPH	chr7:56074256-56074757	14	0.022738491232048103	0.04645783918114489	4	0.02371934794909679	0.04336940213353256	4.7790897610211814e-05	unsupported	True	0.0002827599459734	-0.0002827599459734
PSPH	chr7:55887241-55887742	15	0.0090712966190425	0.041310221234114375	4	0.03223892461507187	0.033144507647770875	4.414175943796612e-05	unsupported	True	0.0001976249202638	-0.0001976249202638
PSPH	chr7:55922502-55923003	16	-0.009770582258407733	0.021338566505165323	4	0.031109148763573055	0.035472760957749525	2.3547692765865066e-05	unsupported	True	0.0001871483018063	-0.0001871483018063
PSPH	chr7:55887762-55888263	17	-0.0018352788410085578	0.0362198356431277	2	0.03805511448413626	0.041618578775150065	5.736496772160566e-05	unsupported	True	0.0001559401168398	0.0001559401168398
PSPH	chr7:55982955-55983456	18	0.02468879299572121	0.15245602115850287	4	0.12776722816278166	0.14526315670098827	0.0028295640684739176	unsupported	True	0.0001005801198955	-0.0001005801198955
PSPH	chr7:55964285-55964786	19	0.004133242921875033	0.026708245403657873	4	0.02257500248178284	0.019737775698563467	1.1900668944371702e-05	unsupported	True	9.339135364423013e-05	9.339135364423013e-05
TSPYL5	chr8:97184281-97184782	0	0.03081553648702028	0.05479336831080364	4	0.023977831823783363	0.0207655685414581	2.7282347393315554e-05	unsupported	True	0.0047846893544683	0.0047846893544683
TSPYL5	chr8:97421547-97422048	1	0.014394741941613186	0.09777792806790041	1	0.08338318612628723	0.08517670377591172	0.0006944486619865056	unsupported	True	0.0017882773619823	0.0017882773619823
TSPYL5	chr8:97129533-97130034	2	0.034522826049493034	0.09716597688299454	4	0.0626431508335015	0.06881555720213685	0.00041886535998134756	unsupported	True	0.0014709950634697	0.0014709950634697
TSPYL5	chr8:97232147-97232648	3	0.03901515338290252	0.07966742477564727	3	0.04065227139274475	0.027613038520546515	8.942929229675535e-05	unsupported	True	0.0011451363914163	0.0011451363914163
TSPYL5	chr8:97232655-97233156	4	0.035692773092235446	0.09295293712383086	3	0.057260164031595416	0.07206976250000802	0.00038359134167497365	unsupported	True	0.0011315661049313	0.0011315661049313
TSPYL5	chr8:97325739-97326240	5	0.029422604901722577	0.0846448271906691	3	0.05522222228894652	0.06924686709186523	0.0003236789317186108	unsupported	True	0.0009396995866237	0.0009396995866237
TSPYL5	chr8:97277734-97278235	6	0.038478949119881097	0.06380677506589182	4	0.02532782594601072	0.0269967470897559	4.36290891266097e-05	unsupported	True	0.0008685028361701	0.0008685028361701
TSPYL5	chr8:97190553-97191054	7	0.0036240489909619036	0.034285002723526824	3	0.03066095373256492	0.038224259948018854	4.0181758022427956e-05	unsupported	True	0.0008124345672015	0.0008124345672015
TSPYL5	chr8:97391254-97391755	8	0.008333090278543306	0.05173336749844917	0	0.043400277219905865	0.05632596813136088	0.0001264654569925375	unsupported	True	0.0007474974307447	0.0007474974307447
TSPYL5	chr8:97363832-97364333	9	0.03435258050279179	0.08552421930852334	3	0.051171638805731556	0.06625926248829883	0.0002899779944360857	unsupported	True	0.0006718112828274	0.0006718112828274
TSPYL5	chr8:97375653-97376154	10	0.0023323842520398897	0.07545686621517955	3	0.07312448196313966	0.07624753545431576	0.00042071440052391973	unsupported	True	0.0006296973539678	-0.0006296973539678
TSPYL5	chr8:97156781-97157282	11	0.032151265917006934	0.05619787004407236	5	0.024046604127065427	0.029156040125705624	3.940053770054265e-05	unsupported	True	0.0004756321334729	0.0004756321334729
TSPYL5	chr8:97414778-97415279	12	0.03516528324560869	0.060390623406094336	5	0.025225340160485644	0.04403105525324259	6.707576555450047e-05	unsupported	True	0.0004349092086192	0.0004349092086192
TSPYL5	chr8:97172593-97173094	13	0.02346524638834836	0.06330356470253908	5	0.03983831831419071	0.04785485983313975	0.00012068553284583465	unsupported	True	0.0004223746833007	-0.0004223746833007
TSPYL5	chr8:97135433-97135934	14	0.0164443245573732	0.14058203267375494	1	0.12413770811638174	0.14226661312428399	0.002482770257355324	unsupported	True	0.0003779673363105	-0.0003779673363105
TSPYL5	chr8:97222976-97223477	15	0.047740911137506066	0.10596234345842534	5	0.058221432320919274	0.07495805207475009	0.0004624371671458413	unsupported	True	0.0003481172030505	0.0003481172030505
TSPYL5	chr8:97182310-97182811	16	0.005079890593471973	0.03156751759697029	4	0.026487627003498316	0.02881502296816453	2.409364202247802e-05	unsupported	True	0.0003273572963236	0.0003273572963236
TSPYL5	chr8:97215091-97215592	17	0.01262250434301271	0.13500889872693014	4	0.12238639438391744	0.1451626727260534	0.002398559469614169	unsupported	True	0.0002873928060147	0.0002873928060147
TSPYL5	chr8:97287757-97288258	18	-0.005722909814582399	0.11521594228675562	1	0.12093885210133802	0.14275111797181775	0.001989106040924611	unsupported	True	0.0002801396554772	-0.0002801396554772
TSPYL5	chr8:97409118-97409619	19	0.004394627041934691	0.08153375908578488	4	0.07713913204385019	0.07668817977097539	0.00048232596674357026	unsupported	True	0.0002717540674108	-0.0002717540674108
REX1BD	chr19:18611663-18612164	0	0.012043502107954797	0.06799593945194532	0	0.055952437343990524	0.06453487143034523	0.00024552540564884017	unsupported	True	0.0022097473066039	0.0022097473066039
REX1BD	chr19:18636617-18637118	1	0.02032223935833645	0.055920891986963754	4	0.035598652628627304	0.036743987094650904	7.314656407212586e-05	unsupported	True	0.0020758951657852	0.0020758951657852
REX1BD	chr19:18613289-18613790	2	0.01844053521465099	0.039991207238700574	4	0.021550672024049585	0.03972989699312068	3.4240710771118513e-05	unsupported	True	0.0019326813920947	0.0019326813920947
REX1BD	chr19:18612611-18613112	3	0.017361767326938605	0.0689872103525665	4	0.051625443025627896	0.05811786584325458	0.0002069865059045922	unsupported	True	0.0014218322028969	0.0014218322028969
REX1BD	chr19:18483216-18483717	4	0.00740816966740715	0.05947059853759086	2	0.05206242887018371	0.05865945496689393	0.0001816204545508087	unsupported	True	0.0013871385867738	-0.0013871385867738
REX1BD	chr19:18488771-18489272	5	0.016209644164935005	0.04407876355001912	0	0.027869119385084115	0.034130851680901006	4.192757796439974e-05	unsupported	True	0.0013846583969068	0.0013846583969068
REX1BD	chr19:18478801-18479302	6	-0.0048340923074935175	0.05829454497214856	5	0.06312863727964207	0.04983253085216315	0.00018338646354061492	unsupported	True	0.0010352111063561	0.0010352111063561
REX1BD	chr19:18492157-18492658	7	0.001967972471946612	0.052242170494692236	0	0.050274198022745624	0.06597770114724982	0.0001732860263750877	unsupported	True	0.0008190345878628	0.0008190345878628
REX1BD	chr19:18636104-18636605	8	0.017601738332465366	0.06700001728356021	0	0.049398278951094846	0.06299859760352514	0.00020850554774925432	unsupported	True	0.000787749709379	0.000787749709379
REX1BD	chr19:18674449-18674950	9	0.004033534298349521	0.050415326927820574	2	0.04638179262947105	0.04066038680862678	9.507834718941443e-05	unsupported	True	0.0007092623457451	-0.0007092623457451
REX1BD	chr19:18733090-18733591	10	0.004320866039817092	0.04045418385192326	4	0.036133317812106165	0.021517645097436082	3.145328607516832e-05	unsupported	True	0.0006361293151604	-0.0006361293151604
REX1BD	chr19:18590390-18590891	11	0.019451926306443414	0.06492785462070173	0	0.04547592831425832	0.05072220914722388	0.00014976515717776673	unsupported	True	0.0006184323122584	0.0006184323122584
REX1BD	chr19:18571492-18571993	12	0.01650210503576052	0.0501402380154205	0	0.03363813297965998	0.035300173813047085	5.953812014526215e-05	unsupported	True	0.0005770646042174	0.0005770646042174
REX1BD	chr19:18603913-18604414	13	-0.011864567281092952	0.047216088144317964	2	0.05908065542541092	0.05331680346090731	0.00014873028546163599	unsupported	True	0.0005622211795296	-0.0005622211795296
REX1BD	chr19:18657684-18658185	14	0.00360531733444235	0.07544603690383866	2	0.07184071956939632	0.0712112184955778	0.0003859717530246977	unsupported	True	0.0004565258041371	-0.0004565258041371
REX1BD	chr19:18606957-18607458	15	0.0122206676232973	0.032642216302666796	4	0.020421548679369496	0.022063231234292734	1.4707451635229882e-05	unsupported	True	0.0003364065580541	0.0003364065580541
REX1BD	chr19:18589785-18590286	16	0.026075379354587407	0.06150731122143309	0	0.03543193186684568	0.04019680283208288	8.760181133139905e-05	unsupported	True	0.0003338747967484	0.0003338747967484
REX1BD	chr19:18504147-18504648	17	0.004996976005765701	0.04750674734975737	4	0.04250977134399167	0.03910217274596438	7.896687567755365e-05	unsupported	True	0.0003201604322449	0.0003201604322449
REX1BD	chr19:18644901-18645402	18	-0.0052073838432520605	0.055730316330013865	2	0.06093770017326593	0.05316420264496391	0.00018054974215154588	unsupported	True	0.000309849398034	-0.000309849398034
REX1BD	chr19:18646749-18647250	19	-0.009184335647620575	0.07094455179932983	2	0.0801288874469504	0.06839427998288602	0.00038880151099035163	unsupported	True	0.0003012104655271	-0.0003012104655271
TCEAL8	chrX:103254203-103254704	0	0.0020950356852447016	0.03414884422277949	0	0.032053808537534784	0.03766751873981137	4.123088539235038e-05	unsupported	True	0.0025838166809258	0.0025838166809258
TCEAL8	chrX:103214827-103215328	1	0.008842320959446313	0.05465960384681608	5	0.04581728288736976	0.06209690989063838	0.00015551267770540255	unsupported	True	0.0023298426072046	-0.0023298426072046
TCEAL8	chrX:103356196-103356697	2	0.005870821754886859	0.06217744964525891	5	0.05630662789037205	0.07294005184169358	0.00025536330533207856	unsupported	True	0.0020763436990022	0.0020763436990022
TCEAL8	chrX:103276065-103276566	3	0.014536813249281046	0.0805777991983836	5	0.06604098594910256	0.07437929454382278	0.0003958047526805407	unsupported	True	0.0018314723605179	0.0018314723605179
TCEAL8	chrX:103376219-103376720	4	0.01796948777104914	0.07356473640408005	5	0.05559524863303091	0.07367059559651062	0.0003013016714772513	unsupported	True	0.0015509321430312	-0.0015509321430312
TCEAL8	chrX:103152124-103152625	5	-0.0189377087066763	0.03079000783600048	0	0.04972771654267678	0.05489154453436465	8.4045365027313e-05	unsupported	True	0.0014204157886936	0.0014204157886936
TCEAL8	chrX:103329921-103330422	6	0.01653026508527002	0.06587601907441604	5	0.04934575398914602	0.05713643301158759	0.00018573350740931497	unsupported	True	0.001321568717671	-0.001321568717671
TCEAL8	chrX:103404469-103404970	7	0.023125714475770096	0.0615689996469486	5	0.0384432851711785	0.042484989671077625	0.00010055834280625866	unsupported	True	0.0012080516441958	0.0012080516441958
TCEAL8	chrX:103310789-103311290	8	0.017811032945009273	0.06772175063176475	5	0.04991071768675548	0.05313684783055224	0.0001796047336851023	unsupported	True	0.0010711543251184	-0.0010711543251184
TCEAL8	chrX:103343087-103343588	9	0.023805975538779764	0.07139967246475394	2	0.04759369692597418	0.06886316206863781	0.00023400903250973227	unsupported	True	0.0006915410026863	0.0006915410026863
TCEAL8	chrX:103394551-103395052	10	-0.02648786368076707	0.011758899636779284	1	0.03824676331754635	0.039299968986800354	1.767476220753749e-05	unsupported	True	0.0005889306935504	0.0005889306935504
TCEAL8	chrX:103309997-103310498	11	-0.0024614725219118927	0.025857503960830187	5	0.028318976482742078	0.036370749078072015	2.6632773672166095e-05	unsupported	True	0.0005130637643684	-0.0005130637643684
TCEAL8	chrX:103254948-103255449	12	0.01750480567446804	0.0801120930864858	5	0.06260728741201776	0.08832432958837322	0.0004429995814147894	unsupported	True	0.0004583078417097	-0.0004583078417097
TCEAL8	chrX:103276577-103277078	13	0.018621347778919807	0.05763075125386325	5	0.039009403474943444	0.04477597497940216	0.00010066271538521224	unsupported	True	0.0001237807076601	0.0001237807076601
TCEAL8	chrX:103215643-103216144	14	0.00013078482662261866	0.04026585370334116	5	0.04013506887671854	0.04471116320643074	7.225649524023193e-05	unsupported	True	0.0001198320816103	0.0001198320816103
TCEAL8	chrX:103356747-103357248	15	0.011530927637548637	0.03745462719156952	2	0.025923699554020886	0.03315476888842391	3.2192037360499825e-05	unsupported	True	0.0001113291832846	0.0001113291832846
TCEAL8	chrX:103330923-103331424	16	0.01075690468704012	0.059256993856335094	5	0.04850008916929498	0.05366999189612641	0.00015424591901993278	unsupported	True	8.251126452660228e-05	8.251126452660228e-05
TCEAL8	chrX:103176294-103176795	17	0.010812951492003916	0.052528760185772724	0	0.041715808693768806	0.04335799850122747	9.500950241796134e-05	unsupported	True	6.21337532218602e-05	6.21337532218602e-05
TCEAL8	chrX:103187904-103188405	18	0.053310684189372466	0.10332020685963854	5	0.05000952267026607	0.045526736418741436	0.00023523638426088133	unsupported	True	6.112129093098968e-05	-6.112129093098968e-05
TCEAL8	chrX:103376929-103377430	19	0.0006437986138274531	0.0422793636205321	5	0.04163556500670464	0.05258005960818177	9.255800354958152e-05	unsupported	True	8.522528214956459e-06	8.522528214956459e-06
NYX	chrX:41517571-41518072	0	-0.009786351896961894	0.0	1	0.009786351896961894	0.0	0.0	unsupported	True	0.0083244241153792	0.0083244241153792
NYX	chrX:41449611-41450112	1	-0.006691935964960518	0.0	1	0.006691935964960518	0.0	0.0	unsupported	True	0.004862730830244	0.004862730830244
NYX	chrX:41353818-41354319	2	-0.009969412134394283	0.0	1	0.009969412134394283	0.0	0.0	unsupported	True	0.0023349850833721	0.0023349850833721
NYX	chrX:41333881-41334382	3	-0.01099763552830373	0.0	1	0.01099763552830373	0.0	0.0	unsupported	True	0.0008381994377022	0.0008381994377022
NYX	chrX:41608592-41609093	4	-0.004118599489008204	0.0	1	0.004118599489008204	0.0	0.0	unsupported	True	0.0004042974719694	0.0004042974719694
NYX	chrX:41334595-41335096	5	-0.009216216826830362	0.0	1	0.009216216826830362	0.0	0.0	unsupported	True	0.0002842751486937	-0.0002842751486937
NYX	chrX:41491581-41492082	6	-0.006189475791345984	0.0	1	0.006189475791345984	0.0	0.0	unsupported	True	0.0002313509308957	-0.0002313509308957
NYX	chrX:41589765-41590266	7	-0.007851490509272595	0.0	1	0.007851490509272595	0.0	0.0	unsupported	True	0.0002251045705015	0.0002251045705015
NYX	chrX:41333034-41333535	8	-0.009714893575220826	0.0	1	0.009714893575220826	0.0	0.0	unsupported	True	0.0002170080293117	0.0002170080293117
NYX	chrX:41475602-41476103	9	-0.007203163983324232	0.0	1	0.007203163983324232	0.0	0.0	unsupported	True	0.0001427612414928	0.0001427612414928
NYX	chrX:41516935-41517436	10	-0.007653188840702957	0.0	1	0.007653188840702957	0.0	0.0	unsupported	True	0.0001205378528162	0.0001205378528162
NYX	chrX:41516281-41516782	11	-0.0076094994152726934	0.0	1	0.0076094994152726934	0.0	0.0	unsupported	True	5.976450310561514e-05	5.976450310561514e-05
NYX	chrX:41335472-41335973	12	-0.006224429875176705	0.0	1	0.006224429875176705	0.0	0.0	unsupported	True	4.604546016587008e-05	-4.604546016587008e-05
NYX	chrX:41478426-41478927	13	-0.006381074056399743	0.0	1	0.006381074056399743	0.0	0.0	unsupported	True	3.750166764442103e-05	-3.750166764442103e-05
NYX	chrX:41421303-41421804	14	-0.009860457641390702	0.0	1	0.009860457641390702	0.0	0.0	unsupported	True	2.9143312393099428e-05	2.9143312393099428e-05
NYX	chrX:41442394-41442895	15	-0.006883617024138105	0.0	1	0.006883617024138105	0.0	0.0	unsupported	True	2.8260700686950776e-05	-2.8260700686950776e-05
NYX	chrX:41521950-41522451	16	-0.006062498027197434	0.0	1	0.006062498027197434	0.0	0.0	unsupported	True	1.0589854059305057e-05	-1.0589854059305057e-05
NYX	chrX:41524378-41524879	17	-0.008770393646572222	0.0	1	0.008770393646572222	0.0	0.0	unsupported	True	7.870054814578269e-06	-7.870054814578269e-06
NYX	chrX:41358344-41358845	18	-0.005982138498375441	0.0	1	0.005982138498375441	0.0	0.0	unsupported	True	4.005928628269379e-06	4.005928628269379e-06
NYX	chrX:41422629-41423130	19	-0.0045689766455664135	0.0	1	0.0045689766455664135	0.0	0.0	unsupported	True	1.0043914168479277e-06	-1.0043914168479277e-06
TYMP	chr22:50674098-50674599	0	-0.01650778237408591	0.0026591864451056602	0	0.01916696881919157	0.03362288922101912	1.7137096978339005e-06	unsupported	True	0.0019964785798131	0.0019964785798131
TYMP	chr22:50532009-50532510	1	0.003527356392946587	0.00782764899794001	0	0.004300292604993422	0.02892026558893935	9.734902974588019e-07	unsupported	True	0.001859504011405	0.001859504011405
TYMP	chr22:50507763-50508264	2	-0.015792640078357484	0.032239349278112624	5	0.04803198935647011	0.07548577880035182	0.00011689124433139339	unsupported	True	0.0013666919944053	-0.0013666919944053
TYMP	chr22:50562699-50563200	3	-0.018214881026508853	0.024670692661075317	0	0.042885573687584166	0.0636552018720975	6.734827349987672e-05	unsupported	True	0.0012938651921951	-0.0012938651921951
TYMP	chr22:50582234-50582735	4	-0.020897058083704238	0.02000939616082014	0	0.04090645424452438	0.06661223322541934	5.452300873050027e-05	unsupported	True	0.0011765902665518	-0.0011765902665518
TYMP	chr22:50582736-50583237	5	-0.023132152509485755	0.01651199926212523	0	0.039644151771610986	0.0654299693199265	4.283073303678645e-05	unsupported	True	0.0011337063256117	-0.0011337063256117
TYMP	chr22:50531462-50531963	6	-0.004298023659118168	0.007953812471324545	0	0.012251836130442713	0.028934138985647465	2.8195973260400718e-06	unsupported	True	0.0010787510944512	0.0010787510944512
TYMP	chr22:50627987-50628488	7	-0.018979457477551594	0.019754303105873065	5	0.03873376058342466	0.0582139322944481	4.4542882027908835e-05	unsupported	True	0.0009377467200163	-0.0009377467200163
TYMP	chr22:50525925-50526426	8	-0.01787825423725141	0.029348970838307294	5	0.0472272250755587	0.07217530978391426	0.00010004006422055114	unsupported	True	0.0008023786818121	-0.0008023786818121
TYMP	chr22:50675147-50675648	9	-0.015769044200670136	0.03870011807924498	5	0.05446916227991511	0.06415415844522782	0.0001352345930627712	unsupported	True	0.0007417137348973	-0.0007417137348973
TYMP	chr22:50525419-50525920	10	-0.0187266660987373	0.029421741038467487	5	0.048148407137204786	0.07597224262931733	0.00010762303606367622	unsupported	True	0.000733094618452	-0.000733094618452
TYMP	chr22:50673483-50673984	11	-0.013667648958561365	0.022512354578092933	5	0.0361800035366543	0.04549337806563551	3.705422305942267e-05	unsupported	True	0.0007297255900132	0.0007297255900132
TYMP	chr22:50474857-50475358	12	-0.019325676749539108	0.034929751934119055	5	0.054255428683658166	0.07793535430059055	0.00014769752395193866	unsupported	True	0.0006961218800653	-0.0006961218800653
TYMP	chr22:50482194-50482695	13	-0.004277634675111814	0.023415377014659854	1	0.027693011689771667	0.03777441460115073	2.4494528639726777e-05	unsupported	True	0.0006180507506616	-0.0006180507506616
TYMP	chr22:50539528-50540029	14	0.011970405532281472	0.11944313397821443	2	0.10747272844593296	0.12569097217952702	0.0016134798644548344	unsupported	True	0.0006167305324378	0.0006167305324378
TYMP	chr22:50445579-50446080	15	-0.022889237688559858	0.00809911815924954	0	0.030988355847809398	0.03821592675780272	9.591370454344011e-06	unsupported	True	0.0005621285180682	-0.0005621285180682
TYMP	chr22:50641764-50642265	16	-0.00084854481341287	0.06645102350919434	5	0.06729956832260721	0.09438741850988257	0.0004221123525755737	unsupported	True	0.0005517465084038	0.0005517465084038
TYMP	chr22:50601201-50601702	17	-0.012123457500897468	0.04969008327302334	5	0.06181354077392081	0.0935435295170978	0.00028732082070254106	unsupported	True	0.0004940861442641	-0.0004940861442641
TYMP	chr22:50600442-50600943	18	-0.01718298898180235	0.03698846882204555	5	0.054171457803847904	0.07609569431816918	0.000152474409679814	unsupported	True	0.0004298451784166	-0.0004298451784166
TYMP	chr22:50674604-50675105	19	-0.02148013929324374	0.0238213193222237	5	0.045301458615467444	0.06940589486514306	7.489871288182908e-05	unsupported	True	0.00038921305595	0.00038921305595
TRIB1	chr8:125388291-125388792	0	-0.011530107183213054	0.05600592061782396	5	0.06753602780103701	0.08428954105844179	0.00031881822773781554	unsupported	True	0.0050548163069058	0.0050548163069058
TRIB1	chr8:125431943-125432444	1	-0.0137426124600998	0.045803756452466995	2	0.059546368912566795	0.06699518173997923	0.00018272583286243097	unsupported	True	0.0013633028787611	0.0013633028787611
TRIB1	chr8:125416156-125416657	2	-0.025970941348672012	-0.002416637118125871	4	0.023554304230546143	0.02159771284062808	0.0	unsupported	True	0.0013391674819104	0.0013391674819104
TRIB1	chr8:125465657-125466158	3	-0.0110825402667056	0.11267928637877991	5	0.12376182664548552	0.14649773849310282	0.00204296872842101	unsupported	True	0.0011459118684232	0.0011459118684232
TRIB1	chr8:125470263-125470764	4	-0.01805157624651475	0.049637526585180704	5	0.06768910283169545	0.08244879688812595	0.0002770213320688802	unsupported	True	0.0010853669895483	0.0010853669895483
TRIB1	chr8:125466329-125466830	5	-0.01968558035009865	0.045718583180123444	5	0.06540416353022209	0.07702440640817583	0.00023031727787506815	unsupported	True	0.0010691362508215	0.0010691362508215
TRIB1	chr8:125417840-125418341	6	-0.021846508265154052	0.026225636861667595	5	0.04807214512682165	0.05411678502346609	6.822625506880781e-05	unsupported	True	0.000971864865657	0.000971864865657
TRIB1	chr8:125579459-125579960	7	-0.014827796096094758	0.04257584625499457	5	0.05740364235108933	0.05529550490081218	0.00013514269235097894	unsupported	True	0.0008099266546231	0.0008099266546231
TRIB1	chr8:125429120-125429621	8	-0.010391873791279175	0.059268360804560535	2	0.06966023459583971	0.08477345755038772	0.00034999975899643225	unsupported	True	0.00078158585628	-0.00078158585628
TRIB1	chr8:125557565-125558066	9	-0.001967034986799278	0.08138932917996394	5	0.08335636416676322	0.10641764598106891	0.0007219712109977295	unsupported	True	0.0005588371484321	0.0005588371484321
TRIB1	chr8:125513058-125513559	10	0.02019727465823979	0.10401679434173146	5	0.08381951968349166	0.11855894506037579	0.0010336724929057674	unsupported	True	0.0005240042534424	0.0005240042534424
TRIB1	chr8:125314600-125315101	11	-0.0092761636369863	0.07115854546309172	2	0.08043470910007802	0.09038050843182727	0.0005173034058803998	unsupported	True	0.0005014465407904	-0.0005014465407904
TRIB1	chr8:125446665-125447166	12	-0.010600323565434501	0.032092311480300284	5	0.042692635045734784	0.06701831477385278	9.182215107025741e-05	unsupported	True	0.0004799087662628	0.0004799087662628
TRIB1	chr8:125385758-125386259	13	0.00957723109621102	0.05145196546353849	5	0.04187473436732747	0.05723446326986595	0.0001233137909090456	unsupported	True	0.0004355467848674	0.0004355467848674
TRIB1	chr8:125289213-125289714	14	-0.007786664239614651	0.00907828939816367	3	0.01686495363777832	0.010618925405245977	1.6258098288316845e-06	unsupported	True	0.0004082471870845	0.0004082471870845
TRIB1	chr8:125474728-125475229	15	-0.018476921745745143	0.03819879428036338	4	0.05667571602610852	0.05501919691961379	0.00011911348120081475	unsupported	True	0.0003860190396442	0.0003860190396442
TRIB1	chr8:125556798-125557299	16	-0.01706680845883707	0.050177634269073935	5	0.067244442727911	0.06402759548091608	0.0002160398032075852	unsupported	True	0.0003534397637261	0.0003534397637261
TRIB1	chr8:125429621-125430122	17	-0.0171127400795979	0.04778335806623344	2	0.06489609814583133	0.07262857489770741	0.00022521783315165712	unsupported	True	0.0003348772266935	0.0003348772266935
TRIB1	chr8:125482239-125482740	18	-0.01116806876576493	0.007354980136336543	2	0.018523048902101474	0.017634408704398058	2.4024528854624266e-06	unsupported	True	0.0002980972286061	-0.0002980972286061
TRIB1	chr8:125284031-125284532	19	-0.021182888830797254	0.049521514493086456	4	0.07070440332388371	0.07583553188431075	0.00026552970730543197	unsupported	True	0.0002970984464412	0.0002970984464412
FANCF	chr11:22625618-22626119	0	-0.02818358495939698	0.01870670285912042	4	0.046890287818517395	0.04520607580686976	3.9653082661267996e-05	unsupported	True	0.0033823071876399	0.0033823071876399
FANCF	chr11:22491780-22492281	1	-0.013632363178703265	0.009475315666902401	5	0.02310767884560567	0.01611681429143078	3.5288176094120263e-06	unsupported	True	0.0018253553994087	0.0018253553994087
FANCF	chr11:22559383-22559884	2	-0.001271630858067941	0.015201631333666372	4	0.016473262191734315	0.01931353340861592	4.836503895333694e-06	unsupported	True	0.0017163395725001	0.0017163395725001
FANCF	chr11:22624965-22625466	3	-0.018168747519497142	0.042876159773463915	4	0.061044907292961054	0.06522267759241837	0.00017071195781613978	unsupported	True	0.0014207313378875	0.0014207313378875
FANCF	chr11:22546653-22547154	4	-0.008513963037562515	0.11831142910286382	4	0.12682539214042635	0.14732906611591592	0.002210656930415547	unsupported	True	0.001314004255319	0.001314004255319
FANCF	chr11:22727782-22728283	5	-0.023091723437259768	-0.01947922994382778	0	0.0036124934934319876	0.013192968266459208	0.0	unsupported	True	0.0011794734102557	0.0011794734102557
FANCF	chr11:22666953-22667454	6	-0.03623878768124759	0.019616786214697868	4	0.055855573895945455	0.05022534064644339	5.503224989114678e-05	unsupported	True	0.0011471156058663	0.0011471156058663
FANCF	chr11:22763112-22763613	7	-0.03451897340317361	0.012459690138666591	4	0.0469786635418402	0.050441549097002145	2.952543571078394e-05	unsupported	True	0.000997170356823	0.000997170356823
FANCF	chr11:22634764-22635265	8	-0.0028039184029676357	0.09795559423286675	4	0.10075951263583438	0.11451571441001246	0.0011302652841069438	unsupported	True	0.0007455661416083	-0.0007455661416083
FANCF	chr11:22721888-22722389	9	-0.011730545679216083	-0.010284456749688834	4	0.0014460889295272485	0.013607498949007575	0.0	unsupported	True	0.0007432682730696	0.0007432682730696
FANCF	chr11:22700780-22701281	10	-0.026534772576048683	0.03052662731856638	3	0.05706139989461506	0.06416085676268506	0.0001117612888093107	unsupported	True	0.0007385307105401	0.0007385307105401
FANCF	chr11:22516060-22516561	11	-0.0020993491499117344	0.05099839697197179	4	0.053097746121883525	0.06389777107493569	0.00017302877014306972	unsupported	True	0.0006923853154439	0.0006923853154439
FANCF	chr11:22602434-22602935	12	-0.015430548908834536	0.0273819331123462	4	0.04281248202118074	0.043932442844694504	5.1501498361863625e-05	unsupported	True	0.0005062309991398	0.0005062309991398
FANCF	chr11:22539918-22540419	13	-0.0217871532134015	0.030590357622612592	4	0.05237751083601409	0.05899768167622464	9.452884595667803e-05	unsupported	True	0.0004633842884832	0.0004633842884832
FANCF	chr11:22685633-22686134	14	-0.019914790200113854	0.044754654867087636	4	0.06466944506720149	0.07290694874706796	0.000211011570295468	unsupported	True	0.0004351705299191	0.0004351705299191
FANCF	chr11:22702979-22703480	15	-0.03559874812697827	-0.02214995454424624	4	0.013448793582732026	0.014027512097828484	0.0	unsupported	True	0.0003366416814728	0.0003366416814728
FANCF	chr11:22508667-22509168	16	-0.0015041542402439692	0.03570266515004315	5	0.037206819390287124	0.05680164817081274	7.54543218760592e-05	unsupported	True	0.0002184679113341	0.0002184679113341
FANCF	chr11:22558696-22559197	17	-0.004781804963302455	0.12115382321139692	4	0.1259356281746994	0.14557905183223907	0.002221184441918941	unsupported	True	0.0001174505137899	0.0001174505137899
FANCF	chr11:22564984-22565485	18	-0.005078654994363146	0.03558540022747927	3	0.04066405522184241	0.04137695544327558	5.987438600028264e-05	unsupported	True	0.0001152684759049	-0.0001152684759049
FANCF	chr11:22520461-22520962	19	-0.01708447736423512	0.020973653267209708	1	0.03805813063144482	0.047541733623919995	3.794866923476441e-05	unsupported	True	0.0001001088394264	-0.0001001088394264
SYNGR2	chr17:78105633-78106134	0	-0.03202631417249687	0.04585820003109583	1	0.0778845142035927	0.09027366660415503	0.000322425366434509	unsupported	True	0.0022122653274588	0.0022122653274588
SYNGR2	chr17:78242291-78242792	1	-0.022994059720056696	0.06279097841848483	1	0.08578503813854152	0.09834731901038932	0.0005297504379277426	unsupported	True	0.0017538818423835	0.0017538818423835
SYNGR2	chr17:78272669-78273170	2	-0.0247976640212625	0.04127505721708652	1	0.06607272123834902	0.0879642480318946	0.00023989216959385137	unsupported	True	0.0016643539826916	0.0016643539826916
SYNGR2	chr17:78176487-78176988	3	-0.029263525411518845	-0.0009369526210191741	1	0.02832657279049967	0.030765552323040585	0.0	unsupported	True	0.0014247870215085	0.0014247870215085
SYNGR2	chr17:78140373-78140874	4	-0.019564723328310243	0.014569057249521719	1	0.034133780577831965	0.041675826192281495	2.0725263478850915e-05	unsupported	True	0.0014031061489964	0.0014031061489964
SYNGR2	chr17:78168305-78168806	5	-0.030369317564690083	0.007008790992935361	1	0.037378108557625446	0.054716061826965895	1.4334259480113533e-05	unsupported	True	0.0009684347001877	0.0009684347001877
SYNGR2	chr17:78144218-78144719	6	-0.026891152659419926	-0.007641878790025746	1	0.01924927386939418	0.015478771037480363	0.0	unsupported	True	0.0008972217586521	0.0008972217586521
SYNGR2	chr17:78289700-78290201	7	-0.02683521900455277	0.05952168701257764	1	0.0863569060171304	0.10031217565085934	0.0005156154899213114	unsupported	True	0.0008803558858768	0.0008803558858768
SYNGR2	chr17:78187028-78187529	8	-0.03646607287750813	-0.008354563440795415	1	0.028111509436712714	0.03495904903774055	0.0	unsupported	True	0.0008724234609298	0.0008724234609298
SYNGR2	chr17:78154772-78155273	9	-0.019879505093716412	0.0026255698926455043	3	0.022505074986361916	0.024583404696142137	1.4526001299149055e-06	unsupported	True	0.0007357602261958	0.0007357602261958
SYNGR2	chr17:78283584-78284085	10	-0.002445821267126875	0.06278563405602287	3	0.06523145532314975	0.08683687842122013	0.00035564897015096604	unsupported	True	0.0006796688060381	0.0006796688060381
SYNGR2	chr17:78128607-78129108	11	-0.03032030122176775	0.030004150865771052	3	0.0603244520875388	0.0845891750151494	0.00015310505007951378	unsupported	True	0.0006208660919364	0.0006208660919364
SYNGR2	chr17:78224374-78224875	12	-0.0023272146910073683	0.13659720111267534	1	0.1389244158036827	0.1783498934528014	0.0033844899912843685	unsupported	True	0.0005782273189728	0.0005782273189728
SYNGR2	chr17:78313820-78314321	13	-0.014822659753146561	0.04386425828058295	2	0.05868691803372951	0.06956810270213566	0.0001790862539921121	unsupported	True	0.0005737040446143	0.0005737040446143
SYNGR2	chr17:78084912-78085413	14	-0.02115337599456924	-0.0014779440250253049	2	0.01967543196954394	0.039154765044036303	0.0	unsupported	True	0.0005659119323407	0.0005659119323407
SYNGR2	chr17:78169234-78169735	15	-0.03134998277380345	0.00955721889129397	1	0.04090720166509742	0.04015817379723904	1.570020270408032e-05	unsupported	True	0.0005342734131596	0.0005342734131596
SYNGR2	chr17:78254332-78254833	16	-0.031838685247445805	0.010839161253667073	1	0.04267784650111288	0.06528208753298742	3.0198975365049985e-05	unsupported	True	0.0004880816358677	0.0004880816358677
SYNGR2	chr17:78040736-78041237	17	-0.03633990098257642	0.013683534410648792	3	0.05002343539322521	0.05630928148991992	3.854355674993225e-05	unsupported	True	0.0004815853960816	-0.0004815853960816
SYNGR2	chr17:78112525-78113026	18	-0.02570321574619269	0.058323585469146004	1	0.08402680121533869	0.12065449202640774	0.0005912968167682716	unsupported	True	0.0004416273005972	0.0004416273005972
SYNGR2	chr17:78250831-78251332	19	-0.03798185404114493	0.02072325320673127	1	0.0587051072478762	0.07808783285311176	9.499859656425806e-05	unsupported	True	0.0004122894360242	0.0004122894360242
NUDT13	chr10:73167865-73168366	0	0.0008533149910808391	0.04403184771709624	0	0.043178532726015406	0.06837190413498931	0.0001299907547928828	unsupported	True	0.0064656732442081	0.0064656732442081
NUDT13	chr10:73110206-73110707	1	-0.004903067930035058	0.045376457352702536	0	0.050279525282737596	0.06949876434159304	0.0001585618988991086	unsupported	True	0.0026182609461532	0.0026182609461532
NUDT13	chr10:73247069-73247570	2	0.0008082025022584026	0.045035879126852627	0	0.044227676624594224	0.06982577948633954	0.00013908124285069774	unsupported	True	0.0022747466185471	0.0022747466185471
NUDT13	chr10:73252428-73252929	3	-0.001635595590291837	0.04094485283788142	0	0.04258044842817326	0.06613096495511071	0.00011529604372421026	unsupported	True	0.0018254074977934	0.0018254074977934
NUDT13	chr10:73204465-73204966	4	-0.011901231620160416	0.00798110851265418	1	0.019882340132814598	0.03462292069765817	5.4940728750394485e-06	unsupported	True	0.0012630813667975	-0.0012630813667975
NUDT13	chr10:73076824-73077325	5	-0.0025148186561747454	0.004346935965400111	3	0.006861754621574857	0.011387946753006072	3.396752111072629e-07	unsupported	True	0.0008387101767857	-0.0008387101767857
NUDT13	chr10:73117870-73118371	6	-0.002865247741620673	0.04556828823548525	0	0.048433535977105924	0.06754405604772148	0.00014907198278323093	unsupported	True	0.0008022321198706	0.0008022321198706
NUDT13	chr10:73060971-73061472	7	-0.006085852097682074	0.040539544318244074	0	0.04662539641592615	0.07079324686715255	0.00013381143597981587	unsupported	True	0.0004993554856848	0.0004993554856848
NUDT13	chr10:73158987-73159488	8	-0.012481362753588241	-0.000533017767374028	4	0.011948344986214214	0.014515917034427924	0.0	unsupported	True	0.0004958855234462	0.0004958855234462
NUDT13	chr10:73060061-73060562	9	-0.013047373490334524	-0.005955015553935615	1	0.007092357936398909	0.014422777384943247	0.0	unsupported	True	0.0004496986840744	0.0004496986840744
NUDT13	chr10:73095391-73095892	10	-0.0034545165169236375	0.04269837224446017	0	0.04615288876138381	0.061413866899786215	0.00012102543483450811	unsupported	True	0.000253013253898	-0.000253013253898
NUDT13	chr10:73131288-73131789	11	0.006288868725524114	0.09140367471078166	4	0.08511480598525754	0.10550623346165935	0.0008208180322738535	unsupported	True	0.0002207532414487	0.0002207532414487
NUDT13	chr10:73096780-73097281	12	-0.00011694280307422665	0.05152365071500523	0	0.05164059351807946	0.07614363230470168	0.00020259626882151814	unsupported	True	0.0001815426102734	0.0001815426102734
NUDT4	chr12:93467225-93467726	0	-0.004644169147375291	0.042756222678962875	2	0.047400391826338165	0.06972138512178097	0.0001413016614548257	unsupported	True	0.0061215710983605	-0.0061215710983605
NUDT4	chr12:93441883-93442384	1	-0.003463112469699453	0.023424979620389287	2	0.02688809209008874	0.03977925862420953	2.5055085749853432e-05	unsupported	True	0.0031150724080094	-0.0031150724080094
NUDT4	chr12:93316485-93316986	2	-0.019915932474124702	0.02951837606869242	2	0.04943430854281712	0.04477398338228493	6.533511487758922e-05	unsupported	True	0.0016094104207452	0.0016094104207452
NUDT4	chr12:93349591-93350092	3	-0.028878764478109994	0.010807106604426225	0	0.03968587108253622	0.0380606682350179	1.6323818665493404e-05	unsupported	True	0.0010762975819765	0.0010762975819765
NUDT4	chr12:93318712-93319213	4	0.015174212819067997	0.07351273930243439	5	0.05833852648336639	0.06533541097697007	0.00028019906962665564	unsupported	True	0.0010453220842578	0.0010453220842578
NUDT4	chr12:93501756-93502257	5	0.008294779550297409	0.04447430123066541	1	0.036179521680368004	0.05911296793978116	9.511624986412073e-05	unsupported	True	0.0009227786792727	-0.0009227786792727
NUDT4	chr12:93377610-93378111	6	-0.012454895195072471	0.027995318262091902	2	0.040450213457164375	0.0501971176583525	5.684404928351698e-05	unsupported	True	0.000458713910849	-0.000458713910849
NUDT4	chr12:93441382-93441883	7	-0.006830757478815091	0.04528020130811519	2	0.052110958786930284	0.06056163345630612	0.00014290090958308477	unsupported	True	0.0004498067776116	-0.0004498067776116
NUDT4	chr12:93361617-93362118	8	0.0008872730651583184	0.029185655627754714	2	0.028298382562596397	0.0357654366038919	2.9538919023393432e-05	unsupported	True	0.0004442353694674	0.0004442353694674
NUDT4	chr12:93360736-93361237	9	-0.005242574049038603	0.03885507272090525	1	0.04409764676994385	0.04758204607292349	8.152789958163301e-05	unsupported	True	0.0003487413188854	0.0003487413188854
NUDT4	chr12:93243563-93244064	10	-0.01885250590798249	0.011658359721169334	5	0.030510865629151826	0.02748072278512996	9.775075756531957e-06	unsupported	True	0.0003473970513821	0.0003473970513821
NUDT4	chr12:93521582-93522083	11	0.00935566232487851	0.05136967571691582	1	0.04201401339203731	0.07341249997543542	0.00015844225229903698	unsupported	True	0.0003454702521792	0.0003454702521792
NUDT4	chr12:93503599-93504100	12	0.006532062726581335	0.03711855685962001	1	0.030586494133038676	0.05373830324651874	6.1010520902288555e-05	unsupported	True	0.0003428484757985	0.0003428484757985
NUDT4	chr12:93396633-93397134	13	-0.011958810803457268	0.012801394243276662	2	0.02476020504673393	0.039933874388474365	1.2657646339769831e-05	unsupported	True	0.0002908100765148	-0.0002908100765148
NUDT4	chr12:93292617-93293118	14	-0.0024720191433591347	0.03855420478005191	2	0.04102622392341104	0.05493525954281538	8.689293697129757e-05	unsupported	True	0.0002868239454522	0.0002868239454522
NUDT4	chr12:93537014-93537515	15	0.009519653451759869	0.08540682367390234	5	0.07588717022214247	0.10081915449196159	0.0006534373880275674	unsupported	True	0.0002149161973374	0.0002149161973374
NUDT4	chr12:93397383-93397884	16	-0.002556018484669936	0.025863629712322356	5	0.028419648196992293	0.021778062200694212	1.6007643558006044e-05	unsupported	True	0.0002085182780446	0.0002085182780446
NUDT4	chr12:93242506-93243007	17	0.005989259101980803	0.07346340172970114	5	0.06747414262772033	0.09427324653686357	0.0004673011746516527	unsupported	True	0.0001929962425819	0.0001929962425819
NUDT4	chr12:93520424-93520925	18	0.003662467248746851	0.044420378017963606	5	0.040757910769216754	0.052755621199940074	9.55130922196331e-05	unsupported	True	0.0001916215008722	0.0001916215008722
NUDT4	chr12:93365979-93366480	19	-0.007799137519727552	-0.002587082412364762	0	0.005212055107362791	0.011781241417341536	0.0	unsupported	True	0.0001670659353759	-0.0001670659353759
LSM8	chr7:118175847-118176348	0	0.007283636109622459	0.027975712907468486	1	0.020692076797846026	0.027989005183834265	1.6202152167958903e-05	unsupported	True	0.0042704845218968	0.0042704845218968
LSM8	chr7:118183812-118184313	1	-0.002863043696288014	0.024117362346482044	2	0.026980406042770057	0.02826716205830638	1.8393335749898964e-05	unsupported	True	0.0021662061874968	-0.0021662061874968
LSM8	chr7:118327139-118327640	2	0.008340014927455798	0.07626960957177491	2	0.06792959464431911	0.05949338789561803	0.0003082330808099918	unsupported	True	0.0020668160415628	0.0020668160415628
LSM8	chr7:118214367-118214868	3	-0.0026632808817502506	0.026449813250437222	2	0.029113094132187472	0.025643449715968686	1.9746376956500594e-05	unsupported	True	0.0017660138566839	-0.0017660138566839
LSM8	chr7:118278164-118278665	4	8.008340117975727e-05	0.032931603898482986	0	0.03285152049730323	0.03947074009889591	4.270154886955257e-05	unsupported	True	0.0013025108699102	0.0013025108699102
LSM8	chr7:118193997-118194498	5	-0.00454359370230188	0.03273472958344021	4	0.03727832328574209	0.05137701881837027	6.269516192889835e-05	unsupported	True	0.0011424835141088	-0.0011424835141088
LSM8	chr7:118104770-118105271	6	-0.0034851338776787097	0.02460618582103889	5	0.028091319698717598	0.0409358325820658	2.829567571351792e-05	unsupported	True	0.0008436166516107	-0.0008436166516107
LSM8	chr7:118195785-118196286	7	0.0008150112196126449	0.032467158648176855	5	0.03165214742856421	0.028990907455944806	2.97926594704245e-05	unsupported	True	0.0007904163033772	-0.0007904163033772
LSM8	chr7:118174591-118175092	8	0.022883833949803596	0.05523163783564818	3	0.03234780388584459	0.06408867600259913	0.0001145022506099742	unsupported	True	0.0005987107302614	-0.0005987107302614
LSM8	chr7:118352805-118353306	9	-0.002377742765712522	0.027540866989661225	3	0.02991860975537375	0.031122037462928367	2.5644074977426872e-05	unsupported	True	0.0005777399803162	0.0005777399803162
LSM8	chr7:118281872-118282373	10	-0.010012693744124338	0.033181831833985716	5	0.04319452557811006	0.047445363049925575	6.800218079259618e-05	unsupported	True	0.0005170869445033	-0.0005170869445033
LSM8	chr7:118052348-118052849	11	-0.019791416514932006	0.026602370124541617	2	0.04639378663947362	0.05488762386727753	6.774146469961073e-05	unsupported	True	0.0004366608666928	0.0004366608666928
LSM8	chr7:118231029-118231530	12	0.02847675322354863	0.053478541211844095	2	0.025001787988295464	0.05850157636045482	7.82200679213268e-05	unsupported	True	0.0003854154427131	-0.0003854154427131
LSM8	chr7:118041002-118041503	13	0.0012284291769286747	0.027204200150391555	3	0.02597577097346288	0.029906700690191832	2.113357221463286e-05	unsupported	True	0.0002340989434001	-0.0002340989434001
LSM8	chr7:118154565-118155066	14	0.00614261653431333	0.11027486634667845	5	0.10413224981236512	0.1151532784953688	0.0013223246650093136	unsupported	True	0.0002318980007282	-0.0002318980007282
LSM8	chr7:118046716-118047217	15	-0.007044566984223965	0.025051611033951704	0	0.03209617801817567	0.04798246022068274	3.858082338268917e-05	unsupported	True	0.0002234839564695	-0.0002234839564695
LSM8	chr7:118259047-118259548	16	0.012489622411697304	0.04035291940209354	2	0.027863296990396236	0.026115894800107488	2.9363807921681233e-05	unsupported	True	0.0002086289076165	-0.0002086289076165
LSM8	chr7:118284066-118284567	17	0.0343078224685605	0.05474570505782914	2	0.020437882589268645	0.03101111574642104	3.469791231569643e-05	unsupported	True	0.0001611095678185	-0.0001611095678185
LSM8	chr7:118099675-118100176	18	0.025417993007977376	0.04707067624890232	3	0.021652683240924946	0.051428755596464475	5.241651904671743e-05	unsupported	True	0.0001391009051825	0.0001391009051825
LSM8	chr7:118092261-118092762	19	-0.005511118672208097	0.03679448540142506	5	0.04230560407363316	0.08939278433030762	0.0001391499640700748	unsupported	True	0.0001167540770572	0.0001167540770572
DNAJB5	chr9:34986369-34986870	0	-0.010322994868863528	0.0427136247865085	5	0.05303661965537203	0.05945048493188966	0.00013467831242275764	unsupported	True	0.0035999666233107	-0.0035999666233107
DNAJB5	chr9:34957990-34958491	1	0.0005853283093313394	0.04394855075091807	5	0.043363222441586725	0.05240189482403834	9.986495204953818e-05	unsupported	True	0.0028618585436514	0.0028618585436514
DNAJB5	chr9:35111451-35111952	2	-0.002805084205606302	0.030348071106584402	5	0.03315315531219071	0.04745726727516013	4.7748385093217755e-05	unsupported	True	0.001630243616176	-0.001630243616176
DNAJB5	chr9:35114066-35114567	3	-0.021680825585896575	0.04101783703675259	5	0.06269866262264917	0.061404206968419375	0.00015791709981685415	unsupported	True	0.0014556097509441	0.0014556097509441
DNAJB5	chr9:34993754-34994255	4	-0.019013371527148343	0.02604312227713695	5	0.045056493804285294	0.058184569422172164	6.827445903014342e-05	unsupported	True	0.0012787410247545	0.0012787410247545
DNAJB5	chr9:35072468-35072969	5	-0.0043919432974305955	0.03829981988626196	5	0.042691763183692555	0.06554323202448116	0.00010716887617115553	unsupported	True	0.0010651444772308	-0.0010651444772308
DNAJB5	chr9:34989341-34989842	6	-0.0057483591969761305	0.040851427330164704	5	0.046599786527140835	0.06715834925134391	0.00012784718649509925	unsupported	True	0.0008770686253804	-0.0008770686253804
DNAJB5	chr9:34929403-34929904	7	-0.012648029607033824	0.026843840295539767	2	0.03949186990257359	0.05059132791825674	5.36325471105444e-05	unsupported	True	0.0007652271963187	0.0007652271963187
DNAJB5	chr9:35102963-35103464	8	0.0001622218593974932	0.042420189025265856	5	0.04225796716586836	0.05979936011268946	0.0001071957920527718	unsupported	True	0.0006818112339441	-0.0006818112339441
DNAJB5	chr9:35115935-35116436	9	-0.003523235752735763	0.04633751273422355	5	0.04986074848695931	0.05864069034827988	0.00013548480370131915	unsupported	True	0.0005091952546078	-0.0005091952546078
DNAJB5	chr9:35022644-35023145	10	-0.011041931631258824	0.05631106171733402	3	0.06735299334859285	0.07583504709555255	0.0002876209910196868	unsupported	True	0.0004945249774597	-0.0004945249774597
DNAJB5	chr9:34994352-34994853	11	-0.000458941353192413	0.04084057826673714	5	0.04129951961992955	0.06583661361099738	0.00011104637017365721	unsupported	True	0.0004631015256889	0.0004631015256889
DNAJB5	chr9:34899480-34899981	12	-0.004455113439895765	0.05886084451179287	5	0.06331595795168864	0.08874019093288112	0.00033071967287169607	unsupported	True	0.0004322881306976	-0.0004322881306976
DNAJB5	chr9:35096361-35096862	13	-0.0031261172128916595	0.041520847417935415	5	0.044646964630827075	0.06456547849744906	0.00011969018021043472	unsupported	True	0.0003717486985558	0.0003717486985558
DNAJB5	chr9:35051326-35051827	14	-0.004709657593097225	0.04070971912651984	3	0.045419376719617065	0.06171340869482628	0.00011410871407874757	unsupported	True	0.0003631980701293	0.0003631980701293
DNAJB5	chr9:35079813-35080314	15	-0.008173957785839372	0.04636870242563025	5	0.054542660211469626	0.0610142814295935	0.00015430953400086573	unsupported	True	0.0003526878417431	0.0003526878417431
DNAJB5	chr9:35071913-35072414	16	-0.016312021608037044	0.03641225544507689	5	0.05272427705311393	0.047971623557959454	9.20963951495463e-05	unsupported	True	0.0003457268847927	-0.0003457268847927
DNAJB5	chr9:34962514-34963015	17	0.01437179467685873	0.06053286639545383	5	0.0461610717185951	0.056878821726598944	0.00015893432941670632	unsupported	True	0.0002473932056703	0.0002473932056703
DNAJB5	chr9:34927002-34927503	18	-0.01588553789704513	0.05605671023428734	2	0.07194224813133247	0.07763308278365114	0.00031308224851474183	unsupported	True	0.0002471602974888	-0.0002471602974888
DNAJB5	chr9:35088901-35089402	19	-0.019601227747048363	0.012264239041784433	4	0.0318654667888328	0.02050254267664337	8.01251058099417e-06	unsupported	True	0.0001286288217581	0.0001286288217581
NUDC	chr1:27031461-27031962	0	0.0256581776370071	0.1068966487237107	4	0.0812384710867036	0.12222765285158635	0.0010614396421573331	unsupported	True	0.0030667577775895	0.0030667577775895
NUDC	chr1:27057817-27058318	1	0.016679213329317	0.09182065054274888	4	0.07514143721343187	0.11218513067316471	0.0007740253082162709	unsupported	True	0.0021615719970141	0.0021615719970141
NUDC	chr1:26966856-26967357	2	-0.003895736017315802	0.082036544180452	4	0.0859322801977678	0.11079316466851413	0.0007810460866815637	unsupported	True	0.0015301295566228	0.0015301295566228
NUDC	chr1:27045841-27046342	3	-0.0017255436934316293	0.0840960713898679	4	0.08582161508329952	0.120877573854317	0.0008724049595234339	unsupported	True	0.0015163587767659	0.0015163587767659
NUDC	chr1:27012707-27013208	4	0.0048926006671311025	0.03908665518177466	0	0.03419405451464356	0.06401094577973186	8.555262733348126e-05	unsupported	True	0.0013027822649698	0.0013027822649698
NUDC	chr1:26864915-26865416	5	-0.008147552594847854	0.05299540474470728	4	0.06114295733955513	0.10095597151947984	0.0003271272076220526	unsupported	True	0.0010295333489672	0.0010295333489672
NUDC	chr1:27004680-27005181	6	-0.0026154896619350926	0.032454395057633985	4	0.03506988471956908	0.062243203695821994	7.084346499643856e-05	unsupported	True	0.0009240215916429	0.0009240215916429
NUDC	chr1:26921414-26921915	7	-0.013702983672666404	0.06731119880612231	4	0.08101418247878872	0.10884677366225773	0.000593559061978041	unsupported	True	0.0008530265300408	-0.0008530265300408
NUDC	chr1:26826407-26826908	8	-0.005282588409937881	0.0862885638508281	4	0.09157115226076598	0.13597692556749388	0.0010744275541238978	unsupported	True	0.0008120912120084	-0.0008120912120084
NUDC	chr1:27059282-27059783	9	0.014960172110391565	0.09823589384471468	4	0.08327572173432311	0.11595040487233091	0.0009485514142525398	unsupported	True	0.0007006135485065	0.0007006135485065
NUDC	chr1:27070986-27071487	10	-0.006797162167859622	0.06901971767325059	4	0.07581687984111021	0.0969553185283363	0.0005073535733557267	unsupported	True	0.0006627299598135	0.0006627299598135
NUDC	chr1:26937878-26938379	11	-0.002447050108665657	0.06298119212987321	4	0.06542824223853887	0.08134234853430768	0.00033519137658280274	unsupported	True	0.0006086493414978	0.0006086493414978
NUDC	chr1:27001766-27002267	12	0.001882839508649085	0.04671769083456302	0	0.04483485132591394	0.06380170144372256	0.00013363781392954007	unsupported	True	0.0005536718801198	0.0005536718801198
NUDC	chr1:26900221-26900722	13	-0.024152361225997614	0.02947476799161993	4	0.053627129217617545	0.0695765323237052	0.00010997595042888244	unsupported	True	0.0003990794564221	-0.0003990794564221
NUDC	chr1:26789054-26789555	14	-0.02186682378162872	0.047068345670427045	4	0.06893516945205577	0.08954387172804379	0.0002905398114568601	unsupported	True	0.0003599141234237	-0.0003599141234237
NUDC	chr1:27057310-27057811	15	-0.00544252717145105	0.04640643744968712	4	0.05184896462113817	0.0655686470786263	0.00015776640904809758	unsupported	True	0.0003577779408172	0.0003577779408172
NUDC	chr1:26787693-26788194	16	-0.01923797830068844	0.05679984886133057	4	0.07603782716201901	0.08931631379709662	0.00038575154044918463	unsupported	True	0.0003485751584153	-0.0003485751584153
NUDC	chr1:27042445-27042946	17	-0.007285098899994609	0.07074615698843968	4	0.07803125588843429	0.09447234486876577	0.0005215262170699214	unsupported	True	0.0003347055541072	0.0003347055541072
NUDC	chr1:26960207-26960708	18	-0.0008036197135058673	0.07762963987401511	4	0.07843325958752098	0.09771653581383022	0.0005949711368571009	unsupported	True	0.0003279927880467	0.0003279927880467
NUDC	chr1:26931798-26932299	19	-0.01845401125181	0.011717801097331802	4	0.0301718123491418	0.041912574888815946	1.4818077514188254e-05	unsupported	True	0.0003207065552975	0.0003207065552975
IBSP	chr4:87804781-87805282	0	-0.019688529712711282	-0.004162209605280688	0	0.015526320107430595	0.01816018556640546	0.0	unsupported	True	0.0069821220442673	0.0069821220442673
IBSP	chr4:87688491-87688992	1	-0.003401915200048174	0.045056290449817446	3	0.04845820564986562	0.06140900240773897	0.00013407716046987762	unsupported	True	0.0037780530326809	0.0037780530326809
IBSP	chr4:87912120-87912621	2	0.0228711590710496	0.08157029020035196	5	0.05869913112930236	0.09481327213743285	0.0004539759176265331	unsupported	True	0.002025697462149	0.002025697462149
IBSP	chr4:87761806-87762307	3	-0.0050125903179393	0.07301289413019986	1	0.07802548444813916	0.08860554514321671	0.0005047739561228724	unsupported	True	0.0015212658795808	0.0015212658795808
IBSP	chr4:87852959-87853460	4	-0.01748008766234581	0.0017411050447606721	3	0.01922119270710648	0.013366400626660509	4.473215083761598e-07	unsupported	True	0.0012523287389747	0.0012523287389747
IBSP	chr4:87848948-87849449	5	-0.006051725121843178	0.03812142132630034	0	0.04417314644814352	0.062294670571850404	0.00010490068236181265	unsupported	True	0.0007888231154929	0.0007888231154929
IBSP	chr4:87839265-87839766	6	-0.010902270782161173	0.011395616219731647	0	0.02229788700189282	0.026278961700999616	6.677435888108592e-06	unsupported	True	0.0004280971121658	0.0004280971121658
IBSP	chr4:87945203-87945704	7	0.03704616430847047	0.5486434859246606	4	0.5115973216161901	0.5671533375984453	0.15919117249430087	regional_candidate	True	0.0004117879111576	0.0004117879111576
IBSP	chr4:87872039-87872540	8	-0.004178755146020782	0.04145802099135653	3	0.045636776137377315	0.05659905761367868	0.00010708600694165497	unsupported	True	0.0003517811617168	-0.0003517811617168
IBSP	chr4:87680272-87680773	9	-0.020466028437056985	0.012353403317615618	3	0.032819431754672605	0.03982254579078856	1.6145321527164602e-05	unsupported	True	0.0002039276943376	0.0002039276943376
IBSP	chr4:87856937-87857438	10	0.0006352583323884604	0.07140539690432982	3	0.07077013857194135	0.08479674203228979	0.00042850929818234415	unsupported	True	0.0001901552210007	0.0001901552210007
IBSP	chr4:87896036-87896537	11	-0.006065113679791067	0.07435495503686461	1	0.08042006871665568	0.09468813719864203	0.0005662000820334358	unsupported	True	0.0001370141354372	0.0001370141354372
IBSP	chr4:87679756-87680257	12	-0.01337072037000614	0.017507060719207147	3	0.030877781089213286	0.03693200756260476	1.996467467429532e-05	unsupported	True	6.268200476497999e-05	6.268200476497999e-05
IBSP	chr4:87851222-87851723	13	-0.009632733151567688	0.003245581709176864	3	0.012878314860744552	0.015552200071350698	6.50044997845411e-07	unsupported	True	1.2066827555759838e-05	-1.2066827555759838e-05
IBSP	chr4:87886881-87887382	14	0.012624964296917814	0.12809419972006833	3	0.11546923542315052	0.14150865651294972	0.0020930459494476754	unsupported	True	6.1787753624563375e-06	-6.1787753624563375e-06
IBSP	chr4:87669282-87669783	15	0.019208961100482466	0.12039810723176758	3	0.10118914613128512	0.13302804612426963	0.0016206782470763231	unsupported	True	4.725042522556891e-06	-4.725042522556891e-06
IBSP	chr4:87915212-87915713	16	0.009137516396171542	0.027578254927538074	4	0.018440738531366532	0.027972553487964864	1.4225816580406023e-05	unsupported	True	4.693035969890307e-06	-4.693035969890307e-06
IBSP	chr4:87949969-87950470	17	0.0025240707864843705	0.05168063850671997	0	0.049156567720235606	0.062260150457191826	0.0001581683513655986	unsupported	True	4.520158229632084e-06	4.520158229632084e-06
IBSP	chr4:87649392-87649893	18	-0.0058006257473330455	0.06423805501719047	3	0.07003868076452352	0.07400940589729062	0.0003329793170228276	unsupported	True	4.419316596764927e-06	-4.419316596764927e-06
IBSP	chr4:87722476-87722977	19	-0.005698749063298478	0.04035919007292552	3	0.046057939136224	0.05969835553415202	0.00011097095202834825	unsupported	True	3.2147733419448735e-07	-3.2147733419448735e-07
AKAP5	chr14:64445130-64445631	0	0.003588160962631506	0.05111120036062154	0	0.04752303939799003	0.06271838167425003	0.0001523404145376278	unsupported	True	0.0033265813302173	0.0033265813302173
AKAP5	chr14:64465190-64465691	1	-0.026340713067291615	0.012615907691438036	3	0.03895662075872965	0.04788246769920312	2.3532946342278986e-05	unsupported	True	0.0032403088521422	0.0032403088521422
AKAP5	chr14:64511000-64511501	2	-0.03160177036582515	0.004621104840037684	3	0.036222875205862835	0.033381839700672586	5.587776264264286e-06	unsupported	True	0.0016625207842126	-0.0016625207842126
AKAP5	chr14:64338628-64339129	3	-0.02086336825739059	0.007505672651315968	3	0.02836904090870656	0.0407452428448517	8.675832995545604e-06	unsupported	True	0.0014130232324488	0.0014130232324488
AKAP5	chr14:64613338-64613839	4	0.006768812415534522	0.041373802487204556	2	0.03460499007167003	0.05773287316954833	8.26584652345019e-05	unsupported	True	0.0010953097690063	0.0010953097690063
AKAP5	chr14:64465762-64466263	5	-0.009696467130632398	0.004565698267073429	3	0.014262165397705827	0.02424084002304209	1.5784845702715799e-06	unsupported	True	0.0010511287325768	0.0010511287325768
AKAP5	chr14:64337824-64338325	6	-0.022851998159401903	0.0084966191044641	3	0.031348617263866	0.03729372480539023	9.93345436713822e-06	unsupported	True	0.0009547802260586	0.0009547802260586
AKAP5	chr14:64604902-64605403	7	0.00038258885743190017	0.07043843432152001	4	0.0700558454640881	0.06947920428199315	0.00034285375378385007	unsupported	True	0.0007229567473113	0.0007229567473113
AKAP5	chr14:64503535-64504036	8	-0.016253666832048423	0.015929471434248325	3	0.03218313826629675	0.035042917238032746	1.7965115326340747e-05	unsupported	True	0.0005484637515561	0.0005484637515561
AKAP5	chr14:64504468-64504969	9	-0.024672126069158345	0.0156370943369176	3	0.040309220406075943	0.049398568934824846	3.1136860629900544e-05	unsupported	True	0.0005462703576523	-0.0005462703576523
AKAP5	chr14:64478619-64479120	10	-0.022892808605740167	-0.0011317916529966607	0	0.021761016952743507	0.024027961753149026	0.0	unsupported	True	0.0004958579767407	0.0004958579767407
AKAP5	chr14:64601644-64602145	11	-0.02145747545326623	-0.007408236680202772	2	0.014049238773063459	0.015726027383506355	0.0	unsupported	True	0.0004772862088399	0.0004772862088399
AKAP5	chr14:64549663-64550164	12	-0.03478023840952562	0.004579661317195405	0	0.03935989972672103	0.04408295696295164	7.94617385820005e-06	unsupported	True	0.0004538769887095	-0.0004538769887095
AKAP5	chr14:64387330-64387831	13	-0.03193810698216537	-0.007081767791348413	3	0.024856339190816958	0.030961279301966863	0.0	unsupported	True	0.0004466361767284	0.0004466361767284
AKAP5	chr14:64572435-64572936	14	0.002295011554291453	0.08902539096361266	4	0.0867303794093212	0.09010232314032293	0.000695698592218739	unsupported	True	0.0003912543023377	-0.0003912543023377
AKAP5	chr14:64421222-64421723	15	-0.016917330476475194	0.016080213338966174	0	0.03299754381544137	0.040470598709487215	2.147400499411862e-05	unsupported	True	0.000304052496935	0.000304052496935
AKAP5	chr14:64505064-64505565	16	-0.03804840098008148	-0.00024189735213292151	3	0.03780650362794855	0.04328626090881426	0.0	unsupported	True	0.0002989745484266	-0.0002989745484266
AKAP5	chr14:64387990-64388491	17	-0.02942412726441595	0.00143783482364005	3	0.030861962088056	0.04406930573792567	1.955549168708384e-06	unsupported	True	0.00026383171917	0.00026383171917
AKAP5	chr14:64344068-64344569	18	0.001734875787185519	0.03475175088785049	0	0.03301687510066497	0.04392572664909084	5.0400124804688894e-05	unsupported	True	0.0002481749560407	-0.0002481749560407
AKAP5	chr14:64573078-64573579	19	-0.02753387378317407	0.017681553425768954	3	0.045215427208943025	0.050469736661821696	4.034949418602938e-05	unsupported	True	0.0002281368583444	0.0002281368583444
ZNF418	chr19:57903273-57903774	0	-0.008674789210583091	0.01962291151897721	4	0.028297700729560303	0.030701843205841385	1.704822012390533e-05	unsupported	True	0.0017162297077059	0.0017162297077059
ZNF418	chr19:58055117-58055618	1	-0.014258180717977582	0.0234789039726005	4	0.037737084690578085	0.03299268406921186	2.9232355692234557e-05	unsupported	True	0.0016995060010402	-0.0016995060010402
ZNF418	chr19:57935198-57935699	2	-0.013004925900597817	0.023696961375191825	4	0.036701887275789644	0.017506553348922226	1.5225855690122294e-05	unsupported	True	0.00165996171678	0.00165996171678
ZNF418	chr19:57814711-57815212	3	-0.01215137867758581	0.022315106505618108	1	0.034466485183203915	0.011321993164432506	8.708008606369874e-06	unsupported	True	0.0016457567535887	0.0016457567535887
ZNF418	chr19:57803370-57803871	4	-0.00350086847611276	0.024831031165580133	4	0.028331899641692894	0.025024707208578183	1.760513884987268e-05	unsupported	True	0.0012646701210954	0.0012646701210954
ZNF418	chr19:57849546-57850047	5	-0.007049606011423897	0.023358173799282265	1	0.03040777981070616	0.009669375875026403	6.8678695914437515e-06	unsupported	True	0.0012212463306695	0.0012212463306695
ZNF418	chr19:57803942-57804443	6	-0.003550850108559392	0.02358832741753932	1	0.02713917752609871	0.021672647727389638	1.3874131331297284e-05	unsupported	True	0.0009972989143683	0.0009972989143683
ZNF418	chr19:57837567-57838068	7	0.003976375095641646	0.05767813598296535	5	0.05370176088732371	0.07266445220866359	0.00022507214349992032	unsupported	True	0.0009601696542624	0.0009601696542624
ZNF418	chr19:58009524-58010025	8	-0.01307988785285509	0.027085161472013872	4	0.04016504932486896	0.020743137460838224	2.256597896731889e-05	unsupported	True	0.0009080386875652	-0.0009080386875652
ZNF418	chr19:58059507-58060008	9	-0.0075626712198004565	0.03537667649011397	0	0.04293934770991443	0.03354706720086253	5.0959719821069095e-05	unsupported	True	0.0008247797067659	-0.0008247797067659
ZNF418	chr19:57794461-57794962	10	-0.016352479270015992	0.02615451715771883	4	0.042506996427734825	0.03347399044505823	3.7214707785783094e-05	unsupported	True	0.00078855301443	0.00078855301443
ZNF418	chr19:57819410-57819911	11	-0.01077467918244144	0.018409888666109032	4	0.02918456784855047	0.014659634552596477	7.876396544373866e-06	unsupported	True	0.000742039916375	0.000742039916375
ZNF418	chr19:58002587-58003088	12	-0.013312747354331805	0.020088041508972414	4	0.03340078886330422	0.014834550451712936	9.953337057997428e-06	unsupported	True	0.0006483414034142	-0.0006483414034142
ZNF418	chr19:57850054-57850555	13	-0.005860596773066095	0.030999316089271273	0	0.03685991286233737	0.021094419393881764	2.410316051604722e-05	unsupported	True	0.0006083962213238	0.0006083962213238
ZNF418	chr19:57871825-57872326	14	-0.01736769840781882	0.021239343602814854	4	0.038607042010633676	0.03419121340093624	2.8036392583903138e-05	unsupported	True	0.0004815568174947	0.0004815568174947
ZNF418	chr19:57916412-57916913	15	-0.008575350709652133	0.01917376356600492	0	0.02774911427565705	0.007418705515927181	3.947159038986472e-06	unsupported	True	0.0004618560999837	0.0004618560999837
ZNF418	chr19:57839855-57840356	16	-0.007396154025201193	0.03749406355260172	4	0.04489021757780291	0.05128247029807203	8.631438067604272e-05	unsupported	True	0.0004460562742337	0.0004460562742337
ZNF418	chr19:58021861-58022362	17	-0.013622769658076354	0.037830766770211244	0	0.051453536428287594	0.04393058095656385	8.551205036528469e-05	unsupported	True	0.0004140715959159	-0.0004140715959159
ZNF418	chr19:57856123-57856624	18	-0.009096252313936218	0.05502218228320712	0	0.06411843459714334	0.05175323686058559	0.00018258211758672376	unsupported	True	0.0003457920483492	0.0003457920483492
ZNF418	chr19:58058988-58059489	19	-0.01636519377141314	0.023344118328809754	4	0.039709312100222896	0.01975979072438773	1.8316908683090465e-05	unsupported	True	0.0003337984314736	-0.0003337984314736
TNPO2	chr19:12734505-12735006	0	0.0030715741001883868	0.0407912830592746	2	0.03771970895908621	0.034239998926913366	5.2682871879086664e-05	unsupported	True	0.002845840886797	-0.002845840886797
TNPO2	chr19:12722453-12722954	1	0.0008416187413753332	0.04152834671229869	2	0.04068672797092336	0.03700292576578933	6.252208772093725e-05	unsupported	True	0.0020277489320065	-0.0020277489320065
TNPO2	chr19:12793363-12793864	2	0.0047664672854276615	0.04450872514560249	2	0.03974225786017482	0.03913164628593431	6.92190781566386e-05	unsupported	True	0.0013816956643427	-0.0013816956643427
TNPO2	chr19:12610609-12611110	3	0.00399200515098336	0.03509964543425411	2	0.03110764028327075	0.03384855330436881	3.695812323306691e-05	unsupported	True	0.0010806617963785	-0.0010806617963785
TNPO2	chr19:12597113-12597614	4	-0.0031507912778297197	0.040779807944685206	2	0.043930599222514924	0.03176884173074869	5.69132890344186e-05	unsupported	True	0.0010717527580579	0.0010717527580579
TNPO2	chr19:12666511-12667012	5	0.004974067827802846	0.04761022007134991	2	0.04263615224354706	0.039425445515571464	8.003036597188064e-05	unsupported	True	0.001033164734393	-0.001033164734393
TNPO2	chr19:12775381-12775882	6	0.007281604033750399	0.04262157621821643	2	0.03533997218446604	0.03564072946486234	5.368368188690524e-05	unsupported	True	0.0010005067961095	-0.0010005067961095
TNPO2	chr19:12647389-12647890	7	0.0060762241290924475	0.02806123561519144	4	0.021985011486098993	0.015245796960226638	9.405537489556513e-06	unsupported	True	0.0008076056125987	0.0008076056125987
TNPO2	chr19:12778175-12778676	8	0.010627046201516676	0.08332833407853216	2	0.07270128787701548	0.07881467589128609	0.00047746539136990317	unsupported	True	0.0007222984535768	0.0007222984535768
TNPO2	chr19:12806282-12806783	9	0.00916622326540133	0.067193702911052	2	0.05802747964565068	0.05442130706104828	0.00021219309676424804	unsupported	True	0.0006906594373965	-0.0006906594373965
TNPO2	chr19:12789835-12790336	10	-0.005112081732435541	0.03787739835604039	2	0.04298948008847593	0.03787112918606053	6.166668300339107e-05	unsupported	True	0.0006834307385428	-0.0006834307385428
TNPO2	chr19:12681619-12682120	11	0.005685307799579936	0.039687933027228985	2	0.03400262522764905	0.03535755092767873	4.7714799747884613e-05	unsupported	True	0.0006817054002323	-0.0006817054002323
TNPO2	chr19:12833556-12834057	12	0.014389999164936166	0.0607970375119522	2	0.04640703834701604	0.058837884262439195	0.00016600582158466778	unsupported	True	0.0006397689693639	-0.0006397689693639
TNPO2	chr19:12648049-12648550	13	-0.008367793399397371	0.026787176105055287	0	0.035154969504452654	0.02822369328386211	2.657831854746551e-05	unsupported	True	0.0005440031365835	0.0005440031365835
TNPO2	chr19:12551339-12551840	14	0.004713089288802454	0.04215957325576296	2	0.0374464839669605	0.03638552186344199	5.744283430027568e-05	unsupported	True	0.0005303150633176	-0.0005303150633176
TNPO2	chr19:12760493-12760994	15	0.003801676990673211	0.0744197332749491	2	0.07061805628427588	0.09024027300282611	0.00047424664736829043	unsupported	True	0.0005159903173964	0.0005159903173964
TNPO2	chr19:12838183-12838684	16	0.007608070167461353	0.026535261544879386	2	0.018927191377418034	0.023360803854511253	1.1732682787449036e-05	unsupported	True	0.0004943559987011	-0.0004943559987011
TNPO2	chr19:12611233-12611734	17	0.01285753509086474	0.07373557331624371	2	0.060878038225378975	0.07241872652649584	0.0003250787595613865	unsupported	True	0.0004868258280473	0.0004868258280473
TNPO2	chr19:12836177-12836678	18	-0.006214051402532772	0.008609651947882293	1	0.014823703350415066	0.012360228106082347	1.5774979231002158e-06	unsupported	True	0.0004679072159489	0.0004679072159489
TNPO2	chr19:12723764-12724265	19	0.004785279853867407	0.031369940427988637	4	0.02658466057412123	0.021758740950688422	1.8145902598964604e-05	unsupported	True	0.0004513341618845	-0.0004513341618845
RAB13	chr1:153946465-153946966	0	-0.010273020550333042	0.0058298318898257545	5	0.016102852440158796	0.027335914542265274	2.5662115356744027e-06	unsupported	True	0.0030709261765671	0.0030709261765671
RAB13	chr1:153833615-153834116	1	0.0039058326351139976	0.008879663168845309	2	0.004973830533731311	0.023030731061413685	1.0171738815727383e-06	unsupported	True	0.0025611522796022	0.0025611522796022
RAB13	chr1:153945947-153946448	2	0.016723306815283327	0.019326145872651038	4	0.0026028390573677104	0.04130241275528113	2.0776289621868072e-06	unsupported	True	0.0024848570008655	0.0024848570008655
RAB13	chr1:153990431-153990932	3	-0.01948357875842635	0.010087060725084305	5	0.029570639483510658	0.031424008133070856	9.373179421108843e-06	unsupported	True	0.001860640160119	-0.001860640160119
RAB13	chr1:153928959-153929460	4	0.020680628296615534	0.03919998324527208	4	0.018519354948656547	0.0516464608196873	3.749318225344491e-05	unsupported	True	0.0018393359393465	0.0018393359393465
RAB13	chr1:153986133-153986634	5	-0.002144011081401249	0.02055159682145705	3	0.022695607902858298	0.04960731292898092	2.3138387745230856e-05	unsupported	True	0.0015120066559273	0.0015120066559273
RAB13	chr1:153880947-153881448	6	-0.007568243923415828	0.014290933800685683	2	0.021859177724101512	0.03456909700424201	1.079897321107408e-05	unsupported	True	0.000980481545119	0.000980481545119
RAB13	chr1:153958450-153958951	7	-0.015100670279161597	0.01595194802716622	5	0.031052618306327818	0.030681048619744095	1.5197849865695107e-05	unsupported	True	0.0008848432623437	-0.0008848432623437
RAB13	chr1:153881761-153882262	8	-0.014531417382845907	0.018263029888879186	2	0.03279444727172509	0.0383818856551838	2.298790812381818e-05	unsupported	True	0.0006260356237463	-0.0006260356237463
RAB13	chr1:153922853-153923354	9	-0.014491411695981924	0.007557809752021648	2	0.022049221448003573	0.03336048574895615	5.559318811759164e-06	unsupported	True	0.0004925534538557	-0.0004925534538557
RAB13	chr1:153963369-153963870	10	-0.011884698422986468	0.012785033225931906	2	0.024669731648918374	0.04592309515441488	1.448429754001936e-05	unsupported	True	0.000431257595672	-0.000431257595672
RAB13	chr1:153986649-153987150	11	-0.01446578580299077	0.016955119474307886	5	0.031420905277298655	0.029074515316393906	1.5489308563414244e-05	unsupported	True	0.000396251421741	0.000396251421741
RAB13	chr1:153967525-153968026	12	-0.009105312815465174	0.008603826452083366	5	0.017709139267548538	0.03462524806863562	5.275723042569278e-06	unsupported	True	0.0002875200435098	-0.0002875200435098
RAB13	chr1:153922320-153922821	13	-0.009587668611006893	0.013120683101715252	5	0.022708351712722147	0.03221294728121959	9.59781821864756e-06	unsupported	True	0.0002201779967898	0.0002201779967898
RAB13	chr1:153977462-153977963	14	-0.015602383219057919	0.01398439228418503	5	0.02958677550324295	0.04412465164531844	1.825671030426645e-05	unsupported	True	0.0001774806334337	-0.0001774806334337
RAB13	chr1:154135031-154135532	15	0.005858696054423349	0.03228148842807744	1	0.02642279237365409	0.007263602961081743	6.195614108101328e-06	unsupported	True	0.000112359359449	-0.000112359359449
RAB13	chr1:153912863-153913364	16	-0.024354556569483456	0.014696362041391936	0	0.039050918610875396	0.03346515883139452	1.9205870100502356e-05	unsupported	True	6.946545713934119e-05	-6.946545713934119e-05
RAB13	chr1:153938476-153938977	17	-0.03417024921839835	0.008283213725982366	5	0.04245346294438071	0.02356034559542526	8.285021609377325e-06	unsupported	True	6.641501245875594e-05	6.641501245875594e-05
RAB13	chr1:154115090-154115591	18	0.0052931260534413134	0.012405314554688138	1	0.007112188501246825	0.03591868130937449	3.169067017574704e-06	unsupported	True	4.427310604314343e-05	4.427310604314343e-05
RAB13	chr1:153936386-153936887	19	-0.022178402428043854	0.01259303436658583	5	0.034771436794629684	0.03943055226142089	1.7265767362121672e-05	unsupported	True	3.919558282201269e-05	-3.919558282201269e-05
IFI27	chr14:94115100-94115601	0	0.04993266057760826	0.04231505598047864	2	-0.007617604597129617	0.053805415543049746	0.0	unsupported	True	0.003334697556252	0.003334697556252
IFI27	chr14:94026055-94026556	1	-0.00738512652041959	0.0541187033952987	3	0.06150382991571829	0.08422836524334333	0.00028035474785803084	unsupported	True	0.0019111334090765	-0.0019111334090765
IFI27	chr14:94129189-94129690	2	0.02648767178941853	0.03727593019408037	3	0.010788258404661837	0.0343384990918412	1.3808965311158502e-05	unsupported	True	0.0016934259040886	0.0016934259040886
IFI27	chr14:93994873-93995374	3	0.03447554102005626	0.05029366450740299	4	0.01581812348734673	0.048274087426603565	3.840451763365406e-05	unsupported	True	0.0011881269744693	0.0011881269744693
IFI27	chr14:94113392-94113893	4	0.038247614910258375	0.029147386100617255	2	-0.00910022880964112	0.04504728538321842	0.0	unsupported	True	0.001167812686847	0.001167812686847
IFI27	chr14:94173970-94174471	5	0.0135645462223377	0.035125945635577784	3	0.021561399413240083	0.028426524749573412	2.1529241943562383e-05	unsupported	True	0.001083641033578	-0.001083641033578
IFI27	chr14:94014333-94014834	6	0.016894241381065645	0.015719151569588495	2	-0.00117508981147715	0.0405882491488518	0.0	unsupported	True	0.0009942999261512	0.0009942999261512
IFI27	chr14:94081013-94081514	7	0.0018285512597997738	0.045238999004117535	3	0.04341044774431776	0.04868264557217169	9.560517994089002e-05	unsupported	True	0.0009867340480894	-0.0009867340480894
IFI27	chr14:94001696-94002197	8	0.006155464087064626	0.018404075763023314	3	0.012248611675958688	0.020019638948520484	4.5129146432645024e-06	unsupported	True	0.0009773675401081	0.0009773675401081
IFI27	chr14:94099496-94099997	9	0.051038730997860084	0.08925859023955007	3	0.03821985924168999	0.099130015422371	0.00033817716596247943	unsupported	True	0.0007886826783996	0.0007886826783996
IFI27	chr14:94051090-94051591	10	0.0341998928077777	0.021528580387235752	4	-0.012671312420541949	0.009437980468449857	0.0	unsupported	True	0.0005417420653108	0.0005417420653108
IFI27	chr14:94132199-94132700	11	0.01080569444906312	0.050413359787325	4	0.039607665338261884	0.06069060609904438	0.0001211843004969089	unsupported	True	0.0005284998519163	-0.0005284998519163
IFI27	chr14:94048733-94049234	12	0.031655205357104685	0.04309741585466114	0	0.011442210497556456	0.052671262286878594	2.5973763986615985e-05	unsupported	True	0.0005205430058336	0.0005205430058336
IFI27	chr14:93984910-93985411	13	0.02349643657334774	0.0328714121474064	2	0.009374975574058662	0.024434952480499476	7.530087197575508e-06	unsupported	True	0.0005148903594755	0.0005148903594755
IFI27	chr14:94009759-94010260	14	0.022216013206901232	0.016746310686859656	2	-0.005469702520041576	0.02015348849378506	0.0	unsupported	True	0.0004914561377619	0.0004914561377619
IFI27	chr14:94011584-94012085	15	0.05588718561068475	0.06218915827905949	4	0.00630197266837474	0.04868226757703089	1.9079280507247795e-05	unsupported	True	0.0003913101488394	0.0003913101488394
IFI27	chr14:94164858-94165359	16	0.03449769166442515	0.1640859719228512	3	0.12958828025842606	0.1840240488887066	0.003913017246951511	unsupported	True	0.0002844129281381	0.0002844129281381
IFI27	chr14:94103691-94104192	17	0.02762967914557067	0.03487158701421091	2	0.007241907868640242	0.04381375673892722	1.1064586816197803e-05	unsupported	True	0.0002818312149057	0.0002818312149057
IFI27	chr14:94129869-94130370	18	0.0138395453283052	0.03291338088405433	3	0.019073835555749128	0.048195551416926184	3.0256416030969674e-05	unsupported	True	0.0002596649756848	-0.0002596649756848
IFI27	chr14:94138282-94138783	19	-0.0035700914254212877	0.0808919438307117	4	0.084462035256133	0.10367398589769727	0.0007083315884555633	unsupported	True	0.0002139983602576	0.0002139983602576
LPAR2	chr19:19537398-19537899	0	-0.023175066929379422	0.003616369355943667	1	0.02679143628532309	0.008835112557507725	8.560139927816095e-07	unsupported	True	0.0042066351317657	0.0042066351317657
LPAR2	chr19:19776307-19776808	1	0.012430209072934665	0.06068368482772188	2	0.048253475754787216	0.07064831706569868	0.00020687231121659075	unsupported	True	0.0027148297305596	0.0027148297305596
LPAR2	chr19:19668492-19668993	2	0.009142731145122306	0.05765929166476033	2	0.04851656051963803	0.06835827574557224	0.00019122752642588756	unsupported	True	0.0025192357251192	0.0025192357251192
LPAR2	chr19:19591038-19591539	3	0.008977454040523946	0.08764868473567183	4	0.07867123069514789	0.09260780456565267	0.0006385706242944161	unsupported	True	0.001658334304933	-0.001658334304933
LPAR2	chr19:19489128-19489629	4	-0.004574101913823384	0.05957230267625423	4	0.06414640459007762	0.07350433099321141	0.0002808857039294738	unsupported	True	0.0010541881963055	-0.0010541881963055
LPAR2	chr19:19475787-19476288	5	-0.03122783250582952	0.005767374153275	2	0.036995206659104524	0.03163371082099315	6.749532994331752e-06	unsupported	True	0.0008819739770014	0.0008819739770014
LPAR2	chr19:19475253-19475754	6	0.01497862822823779	0.09161385585375485	4	0.07663522762551706	0.09892640012446864	0.0006945472874131533	unsupported	True	0.0007988767859011	0.0007988767859011
LPAR2	chr19:19578171-19578672	7	-0.006583284110027904	0.035900661921607645	2	0.04248394603163555	0.03453755624673835	5.267674238793606e-05	unsupported	True	0.0006665989949313	-0.0006665989949313
LPAR2	chr19:19687073-19687574	8	0.0310964790924103	0.08006395932726915	2	0.04896748023485885	0.0608475415815814	0.00023855463324294287	unsupported	True	0.0005830188581789	-0.0005830188581789
LPAR2	chr19:19541151-19541652	9	0.011927456358941733	0.03647887486629472	4	0.024551418507352984	0.026302488093466546	2.355672200529045e-05	unsupported	True	0.0005432534875678	0.0005432534875678
LPAR2	chr19:19540337-19540838	10	0.006336252138146883	0.04836549422236502	2	0.042029242084218134	0.06905007131110862	0.00014036257271041975	unsupported	True	0.0004997523309634	0.0004997523309634
LPAR2	chr19:19482913-19483414	11	-0.01644599180097692	0.008655255851647156	3	0.025101247652624076	0.035339046032142114	7.677680590147173e-06	unsupported	True	0.0004241151009358	0.0004241151009358
LPAR2	chr19:19642693-19643194	12	0.0003415275384373042	0.04401188021068382	4	0.04367035267224652	0.04690503410014307	9.015214771631338e-05	unsupported	True	0.0003958727206132	-0.0003958727206132
LPAR2	chr19:19763048-19763549	13	0.0064496589925871475	0.052598858873835974	1	0.046149199881248826	0.049695160357451855	0.00012062979628386321	unsupported	True	0.0002492742014517	0.0002492742014517
LPAR2	chr19:19732914-19733415	14	0.015191976111240913	0.05668843581910119	2	0.04149645970786028	0.059183027484795946	0.00013922034243255617	unsupported	True	0.0002218323318005	0.0002218323318005
LPAR2	chr19:19515955-19516456	15	0.016200178155525265	0.06762871958497281	2	0.05142854142944754	0.07509095613841339	0.0002611698301951228	unsupported	True	0.0001702945689925	-0.0001702945689925
LPAR2	chr19:19532150-19532651	16	-0.004807214956271992	0.05112029036653337	2	0.05592750532280536	0.0690032074137869	0.00019728226159209644	unsupported	True	0.0001540552150686	-0.0001540552150686
LPAR2	chr19:19643395-19643896	17	0.0024710221331710937	0.030947681689497072	2	0.02847665955632598	0.04233123785253217	3.730595249160129e-05	unsupported	True	0.0001390317774548	0.0001390317774548
LPAR2	chr19:19528561-19529062	18	0.005273460446851597	0.059451134679084014	2	0.054177674232232416	0.06568252537127647	0.0002115584359701947	unsupported	True	0.0001372916251573	0.0001372916251573
LPAR2	chr19:19707841-19708342	19	-0.006199503090137764	0.04649361145325997	2	0.05269311454339773	0.06942107221090618	0.0001700742123187725	unsupported	True	0.0001325046857874	-0.0001325046857874
PLEKHG5	chr1:6463614-6464115	0	0.02007921982079181	0.08047316807844201	4	0.06039394825765021	0.09125478145233813	0.0004435066651515246	unsupported	True	0.0023881959525737	0.0023881959525737
PLEKHG5	chr1:6481995-6482496	1	0.0035200376734272412	0.06455219385511952	0	0.06103215618169228	0.06650217868321726	0.00026200259537430027	unsupported	True	0.0020724650512581	0.0020724650512581
PLEKHG5	chr1:6338645-6339146	2	0.000517865006939968	0.042823928915536665	0	0.042306063908596696	0.05589474662022499	0.00010126517611913592	unsupported	True	0.0020510746954959	-0.0020510746954959
PLEKHG5	chr1:6470559-6471060	3	0.01585915712060724	0.0986599240162101	0	0.08280076689560285	0.09270600462420091	0.0007573262327163226	unsupported	True	0.0016104962291569	0.0016104962291569
PLEKHG5	chr1:6454683-6455184	4	0.01694778284159001	0.061549636630075476	0	0.04460185378848547	0.047194541966869154	0.0001295597730382709	unsupported	True	0.0014281620064621	0.0014281620064621
PLEKHG5	chr1:6613319-6613820	5	0.015592277594028826	0.05209643601914837	3	0.036504158425119546	0.05660478173612396	0.00010764738254899134	unsupported	True	0.0009077385277934	-0.0009077385277934
PLEKHG5	chr1:6646444-6646945	6	0.026914519844616975	0.060125843639823116	3	0.03321132379520614	0.024286819917074653	4.849735157105919e-05	unsupported	True	0.0008419803828215	0.0008419803828215
PLEKHG5	chr1:6335734-6336235	7	0.013863904574126078	0.07508169122447336	3	0.061217786650347286	0.07346476795511803	0.0003376686808930216	unsupported	True	0.0006908294601686	0.0006908294601686
PLEKHG5	chr1:6393225-6393726	8	0.017193003569803633	0.056785867740762476	3	0.03959286417095884	0.067816513397943	0.00015247289437680985	unsupported	True	0.0006791996381057	-0.0006791996381057
PLEKHG5	chr1:6485632-6486133	9	0.002496049685910802	0.061229509588105684	0	0.05873345990219488	0.07854630771502788	0.00028246987705334394	unsupported	True	0.0006668300134799	0.0006668300134799
PLEKHG5	chr1:6436904-6437405	10	-0.01825172973091725	0.021542396035822337	0	0.03979412576673959	0.03699982687117556	3.171850181860027e-05	unsupported	True	0.0006158966614946	-0.0006158966614946
PLEKHG5	chr1:6613956-6614457	11	-0.008469992424683211	0.028676529018083534	3	0.03714652144276674	0.04295839897988837	4.5760717111257625e-05	unsupported	True	0.000588192086534	-0.000588192086534
PLEKHG5	chr1:6414268-6414769	12	-0.0014033900382840402	0.07160002297033095	4	0.073003413008615	0.06665650741180196	0.00034841663366229824	unsupported	True	0.0005760609359815	0.0005760609359815
PLEKHG5	chr1:6638187-6638688	13	0.0024820318891980685	0.06387330406829712	3	0.06139127217909905	0.07176788946312788	0.00028142079789069465	unsupported	True	0.0005244330057383	-0.0005244330057383
PLEKHG5	chr1:6601830-6602331	14	0.006907271689633616	0.05134810651429374	4	0.04444083482466012	0.04131154472391178	9.427099185677432e-05	unsupported	True	0.0004877343597398	0.0004877343597398
PLEKHG5	chr1:6475415-6475916	15	0.015191788695514342	0.06975090744834885	0	0.05455911875283451	0.07037589749578169	0.00026781885896075774	unsupported	True	0.0004632745290702	0.0004632745290702
PLEKHG5	chr1:6602664-6603165	16	0.005302118593019532	0.04038087800054546	4	0.03507875940752593	0.018243786932588348	2.5842526769856895e-05	unsupported	True	0.0004165782973281	-0.0004165782973281
PLEKHG5	chr1:6519900-6520401	17	-0.010298385499459732	0.05245614783709458	0	0.06275453333655431	0.08070833253740954	0.0002656806185622997	unsupported	True	0.0004113475552064	0.0004113475552064
PLEKHG5	chr1:6378173-6378674	18	0.0018589666143540968	0.03431675761420034	3	0.03245779099984624	0.04666070513123863	5.197284660032783e-05	unsupported	True	0.0004005485922291	0.0004005485922291
PLEKHG5	chr1:6614481-6614982	19	-0.022928385077077437	0.014871759536051013	0	0.03780014461312845	0.036652996393127996	2.0604652766206205e-05	unsupported	True	0.0003289025724482	-0.0003289025724482
ADH1C	chr4:99490031-99490532	0	0.0	0.0	0	0.0	0.0	0.0	unsupported	True	0.0068440152182443	0.0068440152182443
ADH1C	chr4:99438303-99438804	1	0.0	0.0	0	0.0	0.0	0.0	unsupported	True	0.0057154880069191	0.0057154880069191
ADH1C	chr4:99447035-99447536	2	0.0	0.0	0	0.0	0.0	0.0	unsupported	True	0.0043491422494699	0.0043491422494699
ADH1C	chr4:99405450-99405951	3	0.0	0.0	0	0.0	0.0	0.0	unsupported	True	0.0007252433844006	0.0007252433844006
ADH1C	chr4:99462804-99463305	4	0.0	0.0	0	0.0	0.0	0.0	unsupported	True	0.0002889725957176	-0.0002889725957176
ADH1C	chr4:99344745-99345246	5	0.0	0.0	0	0.0	0.0	0.0	unsupported	True	0.0001048351477037	-0.0001048351477037
ADH1C	chr4:99352895-99353396	6	0.0	0.0	0	0.0	0.0	0.0	unsupported	True	4.77082472112309e-05	-4.77082472112309e-05
ADH1C	chr4:99434936-99435437	7	0.0	0.0	0	0.0	0.0	0.0	unsupported	True	3.60594885718389e-05	-3.60594885718389e-05
ADH1C	chr4:99300816-99301317	8	0.0	0.0	0	0.0	0.0	0.0	unsupported	True	2.7618526024476838e-05	-2.7618526024476838e-05
ADH1C	chr4:99201786-99202287	9	0.0	0.0	0	0.0	0.0	0.0	unsupported	True	7.83652195629327e-06	-7.83652195629327e-06
ADH1C	chr4:99187545-99188046	10	0.0	0.0	0	0.0	0.0	0.0	unsupported	True	1.231375312357667e-06	-1.231375312357667e-06
GCHFR	chr15:40873942-40874443	0	-0.014640703693246737	0.07948706346829848	4	0.09412776716154522	0.11571276153446872	0.0008657559161818129	unsupported	True	0.0046957289869842	0.0046957289869842
GCHFR	chr15:40765289-40765790	1	-0.02569870343814837	0.022332647192286705	4	0.04803135063043508	0.07438433445654002	7.978963634544834e-05	unsupported	True	0.0029391379912261	0.0029391379912261
GCHFR	chr15:40763771-40764272	2	-0.02932157475924185	0.03599585642671648	4	0.06531743118595833	0.0899669877875974	0.00021152650187169838	unsupported	True	0.0025614905256784	0.0025614905256784
GCHFR	chr15:40807302-40807803	3	-0.03914100468852239	0.03103022596125263	4	0.07017123064977503	0.08862803141335017	0.00019298125848984352	unsupported	True	0.0020611889653301	0.0020611889653301
GCHFR	chr15:40843794-40844295	4	-0.038753862841599346	0.009034649200267572	2	0.04778851204186692	0.05103772008563187	2.203566028624036e-05	unsupported	True	0.000831563834695	0.000831563834695
GCHFR	chr15:40907251-40907752	5	-0.04262591012117111	0.02627659775627702	2	0.06890250787744813	0.06613812759494817	0.00011974463319145878	unsupported	True	0.0007964502041493	-0.0007964502041493
GCHFR	chr15:40771723-40772224	6	-0.008271617661088568	0.05029699624292652	2	0.05856861390401509	0.08210262148654009	0.0002418599839625222	unsupported	True	0.0006934856023372	-0.0006934856023372
GCHFR	chr15:40782596-40783097	7	-0.021469173025177653	0.077328333419548	4	0.09879750644472565	0.12042472313785538	0.0009200264019117661	unsupported	True	0.0004656959446325	0.0004656959446325
GCHFR	chr15:40694868-40695369	8	-0.039223343830239316	0.031027841519552925	2	0.07025118534979224	0.07070122969507862	0.0001541104854623063	unsupported	True	0.0004579994692186	-0.0004579994692186
GCHFR	chr15:40906280-40906781	9	-0.046154750275666095	0.017009118372726367	2	0.06316386864839246	0.056562540659441864	6.0768628398039196e-05	unsupported	True	0.0004545805118386	-0.0004545805118386
GCHFR	chr15:40894089-40894590	10	-0.03854412967564731	0.02842015660625879	2	0.06696428628190611	0.07351332106095129	0.00013990581126615789	unsupported	True	0.0003740145497958	0.0003740145497958
GCHFR	chr15:40903935-40904436	11	-0.03416283646378072	0.017586634592113008	2	0.051749471055893725	0.05900348838198765	5.369901800300318e-05	unsupported	True	0.0003675077094643	0.0003675077094643
GCHFR	chr15:40763190-40763691	12	-0.03324301781196789	0.027056586284421837	4	0.06029960409638972	0.07485498141000096	0.00012212601004770634	unsupported	True	0.0003318156898405	0.0003318156898405
GCHFR	chr15:40746289-40746790	13	-0.04962298581334396	0.025777779279774773	2	0.07540076509311874	0.0719645471010936	0.00013987491963372216	unsupported	True	0.0002707618054092	0.0002707618054092
GCHFR	chr15:40724435-40724936	14	-0.030569005398173386	0.024094931310925577	2	0.05466393670909896	0.06020643397895888	7.929932711828614e-05	unsupported	True	0.0002633230570671	0.0002633230570671
GCHFR	chr15:40911005-40911506	15	-0.009532651528347664	0.02359457640342344	2	0.0331272279317711	0.04287699792634456	3.3513643911396855e-05	unsupported	True	0.0001734204366115	-0.0001734204366115
GCHFR	chr15:40769287-40769788	16	-0.04291222684757424	0.0067443429072329775	2	0.049656569754807214	0.05276006525731426	1.7669395133807635e-05	unsupported	True	0.0001407005480844	-0.0001407005480844
GCHFR	chr15:40815223-40815724	17	-0.04187042957287606	0.013568272035665891	4	0.05543870160854195	0.05079383449412721	3.820749740517521e-05	unsupported	True	0.000128431444699	-0.000128431444699
GCHFR	chr15:40701538-40702039	18	-0.004929007022584415	0.08848509456164244	4	0.09341410158422686	0.10715203980121757	0.0008856925743317893	unsupported	True	8.478905117293895e-05	8.478905117293895e-05
GCHFR	chr15:40678988-40679489	19	-0.03122185425911676	0.011650723490634477	2	0.042872577749751235	0.04075688410233835	2.035792294460186e-05	unsupported	True	5.356723306263104e-05	5.356723306263104e-05
CFAP58	chr10:104331189-104331690	0	0.022438311033246495	0.07403373261995029	2	0.0515954215867038	0.06427487222003617	0.0002455172627130518	unsupported	True	0.0022474213946916	0.0022474213946916
CFAP58	chr10:104232164-104232665	1	0.006760119525378098	0.052378412777622396	2	0.0456182932522443	0.05218944605752499	0.0001247021823202899	unsupported	True	0.0017600041981554	-0.0017600041981554
CFAP58	chr10:104268853-104269354	2	0.007311736182091943	0.04158712909842257	2	0.034275392916330624	0.04147343259239869	5.911686080323314e-05	unsupported	True	0.0015621062482872	-0.0015621062482872
CFAP58	chr10:104522485-104522986	3	0.012204886720934695	0.02247912962957119	4	0.010274242908636495	0.012397984481254306	2.863389377318484e-06	unsupported	True	0.0014002992224816	0.0014002992224816
CFAP58	chr10:104254667-104255168	4	0.012491114024553874	0.04285520577935291	2	0.030364091754799035	0.04285520577935291	5.576573937881922e-05	unsupported	True	0.001399575740013	0.001399575740013
CFAP58	chr10:104311661-104312162	5	0.014347237975041907	0.028696041793857607	2	0.0143488038188157	0.028696041793857607	1.1815706379284866e-05	unsupported	True	0.0010495473417269	0.0010495473417269
CFAP58	chr10:104337827-104338328	6	0.016640029133939773	0.0535219115167533	2	0.03688188238281352	0.04291617698069379	8.471605464985905e-05	unsupported	True	0.0009261028757756	0.0009261028757756
CFAP58	chr10:104367856-104368357	7	-0.003816178901319171	0.028487547632306574	2	0.032303726533625746	0.030072271354731152	2.7674126449372406e-05	unsupported	True	0.0009074289863518	-0.0009074289863518
CFAP58	chr10:104521948-104522449	8	0.01085833713159693	0.022143541136088924	4	0.011285204004491994	0.01893784999407272	4.732462265807432e-06	unsupported	True	0.0008783970452198	0.0008783970452198
CFAP58	chr10:104305497-104305998	9	0.009788000501210542	0.05921915602013715	2	0.04943115551892661	0.05921915602013715	0.00017335053647529302	unsupported	True	0.0007432141441509	0.0007432141441509
CFAP58	chr10:104338522-104339023	10	0.016548149269979384	0.07250144298387597	2	0.05595329371389658	0.0638171699992134	0.0002588867647084863	unsupported	True	0.0007359091587116	0.0007359091587116
CFAP58	chr10:104492322-104492823	11	0.016756119540549026	0.04440285105230069	2	0.027646731511751666	0.04440285105230069	5.450866027597371e-05	unsupported	True	0.0007092737953571	0.0007092737953571
CFAP58	chr10:104306801-104307302	12	-0.0031525510255680416	0.060238053096709404	2	0.06339060412227744	0.060238053096709404	0.00023002060669352425	unsupported	True	0.0006596427672145	0.0006596427672145
CFAP58	chr10:104298930-104299431	13	-0.0022149936764073825	0.005831145825428352	2	0.008046139501835733	0.005831145825428352	2.7358694051252235e-07	unsupported	True	0.0005724655198838	0.0005724655198838
CFAP58	chr10:104328994-104329495	14	0.016082716007936915	0.06427257284543511	2	0.0481898568374982	0.06244486876076479	0.0001934096230298727	unsupported	True	0.0005496277544548	0.0005496277544548
CFAP58	chr10:104322433-104322934	15	0.006538896011733082	0.041660459659329956	2	0.03512156364759687	0.041660459659329956	6.095677159104561e-05	unsupported	True	0.0005366940409495	0.0005366940409495
CFAP58	chr10:104353434-104353935	16	-0.0038590515642395948	0.050963401915018344	2	0.05482245347925794	0.05420820487372824	0.0001514544031146796	unsupported	True	0.0005132778620625	-0.0005132778620625
CFAP58	chr10:104580730-104581231	17	-0.00752471925690196	0.03687391089168865	2	0.044398630148590607	0.03687391089168865	6.036816495066922e-05	unsupported	True	0.0003380345054787	-0.0003380345054787
CFAP58	chr10:104366433-104366934	18	0.0020783952723034812	0.038737287713428915	2	0.03665889244112543	0.038737287713428915	5.500950768346418e-05	unsupported	True	0.0003259167925228	-0.0003259167925228
CFAP58	chr10:104506718-104507219	19	0.0014718628271004344	0.053667057803037946	2	0.05219519497593751	0.06514768082081125	0.00018248924346193245	unsupported	True	0.0003257337619081	-0.0003257337619081
ZNF549	chr19:57578758-57579259	0	0.0008600868559916565	0.046046988422532804	2	0.04518690156654115	0.0651233022017576	0.00013550340511115893	unsupported	True	0.0026083963483768	-0.0026083963483768
ZNF549	chr19:57410862-57411363	1	-0.004272177481498705	0.03844346494533823	2	0.04271564242683693	0.05887335050890914	9.667812497933702e-05	unsupported	True	0.0023755941596648	0.0023755941596648
ZNF549	chr19:57559614-57560115	2	-0.0015094079769642455	0.033681510524107366	2	0.03519091850107161	0.06553699986502948	7.767991093778857e-05	unsupported	True	0.0017768168885545	0.0017768168885545
ZNF549	chr19:57487440-57487941	3	-0.0013232393317768648	0.0339084261636418	2	0.03523166549541867	0.05579904707290001	6.666034989183035e-05	unsupported	True	0.0017139733335672	0.0017139733335672
ZNF549	chr19:57527043-57527544	4	-0.005105253147425171	0.042001300234333815	2	0.04710655338175899	0.06794566125772436	0.00013443297024375183	unsupported	True	0.0016817445075479	0.0016817445075479
ZNF549	chr19:57411414-57411915	5	0.007843640088915806	0.059363801942640244	2	0.05152016185372444	0.06995313344400211	0.0002139469496969424	unsupported	True	0.001407196245771	0.001407196245771
ZNF549	chr19:57632873-57633374	6	-0.006382032826524526	0.03795034885588609	2	0.04433238168241062	0.05819661818273031	9.791169852812662e-05	unsupported	True	0.0009868633751762	-0.0009868633751762
ZNF549	chr19:57435012-57435513	7	-0.002030630843829793	0.04073814862315771	2	0.042768779466987504	0.05763506819450377	0.0001004187835629856	unsupported	True	0.0009698703459099	0.0009698703459099
ZNF549	chr19:57681688-57682189	8	-0.007999142682548482	0.03402366655755809	2	0.042022809240106575	0.05787728044301903	8.275120211799422e-05	unsupported	True	0.0007670137061221	-0.0007670137061221
ZNF549	chr19:57664305-57664806	9	-0.030325772264111223	0.01084565746634082	2	0.04117142973045204	0.03778761131434642	1.687334834190512e-05	unsupported	True	0.0007483656891563	0.0007483656891563
ZNF549	chr19:57648052-57648553	10	0.010562075615160657	0.043287106173572606	2	0.03272503055841195	0.07005644859037032	9.923999454742746e-05	unsupported	True	0.0006490045861629	-0.0006490045861629
ZNF549	chr19:57560182-57560683	11	-0.02440098582153615	0.008809131124355161	5	0.033210116945891315	0.028576957184530336	8.360253832097468e-06	unsupported	True	0.000581779590759	-0.000581779590759
ZNF549	chr19:57599586-57600087	12	0.005572516533191923	0.05776549899643564	2	0.05219298246324372	0.07180187843327795	0.00021647933733340353	unsupported	True	0.0005517079737856	-0.0005517079737856
ZNF549	chr19:57425687-57426188	13	-0.019438527519382857	0.014253326288968502	3	0.03369185380835136	0.0512839714765414	2.462763932849358e-05	unsupported	True	0.000372613519513	0.000372613519513
ZNF549	chr19:57477368-57477869	14	0.004219200810636548	0.04234494168060752	2	0.03812574086997097	0.05281978820738891	8.527397077036331e-05	unsupported	True	0.0003050724904578	0.0003050724904578
ZNF549	chr19:57499606-57500107	15	3.8189187125796415e-05	0.045365435203283885	2	0.04532724601615809	0.06127390389935483	0.00012599693068296252	unsupported	True	0.0002697562200161	-0.0002697562200161
ZNF549	chr19:57396288-57396789	16	-0.022214861182524158	0.03248260659509241	5	0.05469746777761657	0.06276187636447374	0.00011151005048556856	unsupported	True	0.0001072993038808	-0.0001072993038808
ZNF549	chr19:57389523-57390024	17	0.0015107936283354948	0.05200658107844241	2	0.05049578745010691	0.07500458664521062	0.000196970539860609	unsupported	True	0.0001052111865608	0.0001052111865608
ZNF549	chr19:57557721-57558222	18	0.0063905283656207805	0.036733473812060935	5	0.030342945446440155	0.03969633291596998	4.424560380149179e-05	unsupported	True	9.98415659325455e-05	-9.98415659325455e-05
ZNF549	chr19:57613929-57614430	19	-0.0031352668161292382	0.038882211162348045	2	0.04201747797847728	0.05863102460824556	9.578740755361058e-05	unsupported	True	6.194799063771709e-05	6.194799063771709e-05
USP20	chr9:129697246-129697747	0	-0.00718202012716705	0.041605254298883794	1	0.048787274426050846	0.049457571229819024	0.00010038932225976406	unsupported	True	0.0037944206571408	0.0037944206571408
USP20	chr9:129714304-129714805	1	-0.0015975648186753273	0.05181676953687208	1	0.053414334355547405	0.04581378161465996	0.0001268014721773392	unsupported	True	0.0020197510198148	-0.0020197510198148
USP20	chr9:129777029-129777530	2	-0.019804937334508166	0.028751534593994963	1	0.048556471928503125	0.04812516121576839	6.71862421602023e-05	unsupported	True	0.0016630509091028	0.0016630509091028
USP20	chr9:129783671-129784172	3	-0.0001328721936680203	0.08325763987380637	4	0.08339051206747439	0.10858895795756243	0.0007539219746092493	unsupported	True	0.0015576741502716	0.0015576741502716
USP20	chr9:129823968-129824469	4	0.0020767010361353298	0.06957713577973604	1	0.0675004347436007	0.07896364649079272	0.00037085173237414457	unsupported	True	0.0012075694782595	-0.0012075694782595
USP20	chr9:129884325-129884826	5	-0.004975525589572857	0.06660365163589661	1	0.07157917722546947	0.07920446617566154	0.00037760211127760285	unsupported	True	0.0011984611115809	0.0011984611115809
USP20	chr9:129790254-129790755	6	-0.006252746466346965	0.025918305249686767	1	0.03217105171603373	0.03715656102127175	3.0981851703337956e-05	unsupported	True	0.0010042870675601	0.0010042870675601
USP20	chr9:129737522-129738023	7	-0.011717354914380956	0.050879515652998426	1	0.06259687056737938	0.061513029468521066	0.0001959127525696677	unsupported	True	0.0007434822948235	-0.0007434822948235
USP20	chr9:129956496-129956997	8	-0.0025008343211910073	0.026051792137577665	1	0.028552626458768673	0.034089177530714	2.535713548918435e-05	unsupported	True	0.0006736677302794	0.0006736677302794
USP20	chr9:129776428-129776929	9	-0.007842474074438464	0.03456472643682743	1	0.0424072005112659	0.04525904437473488	6.634040331296765e-05	unsupported	True	0.0006440344963431	0.0006440344963431
USP20	chr9:129946174-129946675	10	0.004657698464700149	0.02961482982245255	2	0.0249571313577524	0.030510738843105133	2.2550523631305477e-05	unsupported	True	0.0005463120748646	0.0005463120748646
USP20	chr9:129884901-129885402	11	-0.008875981827531342	0.06134358811083067	4	0.07021956993836201	0.08239370064924528	0.0003549125443692391	unsupported	True	0.0005398892187934	0.0005398892187934
USP20	chr9:129852505-129853006	12	-0.011444181224963526	0.08614573943198334	1	0.09758992065694687	0.11334046387056898	0.000952848278736724	unsupported	True	0.0004682024130104	0.0004682024130104
USP20	chr9:129711987-129712488	13	-0.005877077458314523	0.06977591240305141	1	0.07565298986136593	0.08270778231056825	0.0004365942346720256	unsupported	True	0.0003914553369369	0.0003914553369369
USP20	chr9:129698142-129698643	14	-0.010628851209209169	0.05423529240484133	1	0.0648641436140505	0.05866128362154252	0.00020636604284922827	unsupported	True	0.000377757748399	0.000377757748399
USP20	chr9:129885622-129886123	15	-0.012879871422952096	0.038565889685755673	1	0.05144576110870777	0.046608128251206846	9.24729289930536e-05	unsupported	True	0.0003026365621736	-0.0003026365621736
USP20	chr9:129808979-129809480	16	0.000749701313875414	0.04446328428446835	5	0.04371358297059293	0.05004042313372808	9.72610417380219e-05	unsupported	True	0.000287016598731	0.000287016598731
USP20	chr9:129752859-129753360	17	-0.01739005641871098	0.04379447678423475	1	0.06118453320294573	0.07127740464552076	0.00019099098606782192	unsupported	True	0.0002423967519428	0.0002423967519428
USP20	chr9:129712566-129713067	18	-0.011356594425249578	0.039108207060135534	1	0.05046480148538511	0.04011755864616693	7.917552855185316e-05	unsupported	True	0.0002370574145087	-0.0002370574145087
USP20	chr9:130006813-130007314	19	-0.010260644296365282	0.022988222582457793	1	0.03324886687882307	0.02050192035156935	1.56702810115428e-05	unsupported	True	0.0002365946420449	-0.0002365946420449
GJA5	chr1:147754590-147755091	0	-0.0051267101498640956	0.09298361944644563	4	0.09811032959630973	0.10478322925236476	0.0009559010984189483	unsupported	True	0.0062973843623697	0.0062973843623697
GJA5	chr1:147640655-147641156	1	-0.015478482630876889	-0.000488226653297314	4	0.014990255977579576	0.01877141914350757	0.0	unsupported	True	0.0041814839438924	0.0041814839438924
GJA5	chr1:147824984-147825485	2	-0.007978694932013981	0.00710857409633907	5	0.015087269028353051	0.010401633276330247	1.1155644531180888e-06	unsupported	True	0.0021923073890932	0.0021923073890932
GJA5	chr1:147670347-147670848	3	-0.015618337364755822	0.006998479739982154	2	0.022616817104737976	0.032834659471889224	5.197179447169499e-06	unsupported	True	0.0012575140283717	0.0012575140283717
GJA5	chr1:147892625-147893126	4	-0.0009599828651156782	0.01753036674892699	4	0.018490349614042667	0.04086761912694401	1.3246936730338918e-05	unsupported	True	0.0008234469845063	-0.0008234469845063
GJA5	chr1:147807528-147808029	5	0.005613908496098471	0.09618323724033129	4	0.09056932874423282	0.11071477213819103	0.0009644641953337992	unsupported	True	0.0008147040498073	0.0008147040498073
GJA5	chr1:147890118-147890619	6	-0.014067698705036847	0.006218996941168648	5	0.020286695646205496	0.03096177319541767	3.9062270388214195e-06	unsupported	True	0.0005892464478623	-0.0005892464478623
GJA5	chr1:147669826-147670327	7	-0.01587475846347208	0.011854415452179386	4	0.027729173915651467	0.03425732307493177	1.1260832501170962e-05	unsupported	True	0.0003563556004986	0.0003563556004986
GJA5	chr1:147796904-147797405	8	-0.000615424261797397	0.05086084578966204	4	0.05147627005145944	0.05854228802327019	0.00015327112342546217	unsupported	True	0.0003486694817174	0.0003486694817174
GJA5	chr1:147891022-147891523	9	0.003729201656158346	0.03371373780973952	4	0.029984536153581175	0.0520544196671192	5.2621333432179636e-05	unsupported	True	0.0003275862445115	-0.0003275862445115
GJA5	chr1:147726168-147726669	10	-0.0069505463022280145	0.04827323822792013	2	0.055223784530148146	0.06840235788170067	0.00018234911971653958	unsupported	True	0.0003179977677348	0.0003179977677348
GJA5	chr1:147820645-147821146	11	-0.008887785074351347	0.014455927031129424	5	0.023343712105480773	0.021010964199809835	7.090254899517003e-06	unsupported	True	0.0002476797019322	-0.0002476797019322
GJA5	chr1:147821787-147822288	12	-0.021048691403615215	-0.01407015740757887	3	0.006978533996036346	0.003318055930071253	0.0	unsupported	True	0.0001165309870337	0.0001165309870337
GJA5	chr1:147699843-147700344	13	-0.020090073283882178	0.013673756713133041	2	0.033763829997015216	0.03975243666624609	1.8352841240206808e-05	unsupported	True	9.749195312488971e-05	-9.749195312488971e-05
GJA5	chr1:147641682-147642183	14	-0.011744047464966132	0.03384431107250306	4	0.04558835853746919	0.052302135741311206	8.069730978222582e-05	unsupported	True	6.446639709819378e-05	6.446639709819378e-05
GJA5	chr1:147783035-147783536	15	-0.0090974208775785	-0.0014473778625301089	4	0.007650043015048391	0.009780511507802493	0.0	unsupported	True	3.659794106500383e-05	-3.659794106500383e-05
GJA5	chr1:147752404-147752905	16	-0.009258104320493784	0.008019475583907986	5	0.01727757990440177	0.021715892809096374	3.0088917871935018e-06	unsupported	True	2.687099572541994e-05	-2.687099572541994e-05
GJA5	chr1:147817599-147818100	17	0.004210902322747352	0.08833344200593757	4	0.08412253968319022	0.09367953291185618	0.0006961170095987664	unsupported	True	1.3934829800860858e-05	-1.3934829800860858e-05
GJA5	chr1:147723888-147724389	18	-0.007506215720159114	0.01307423245205799	5	0.020580448172217103	0.03326345387076096	8.950316063035807e-06	unsupported	True	1.1796158296198335e-05	-1.1796158296198335e-05
GJA5	chr1:147750174-147750675	19	0.0015978005976022395	0.04171630448629681	4	0.04011850388869457	0.05685364437171024	9.515001610040823e-05	unsupported	True	1.0669339156294148e-05	-1.0669339156294148e-05
CCDC124	chr19:17966815-17967316	0	-0.007835535472022022	0.07922491902096471	1	0.08706045449298673	0.09386813598487401	0.0006474420877226571	unsupported	True	0.0024203294715225	-0.0024203294715225
CCDC124	chr19:18001159-18001660	1	-0.025268391459821016	0.023884545142882706	1	0.04915293660270372	0.0582731206482526	6.841238334623787e-05	unsupported	True	0.0023542923954531	0.0023542923954531
CCDC124	chr19:17947973-17948474	2	-0.017780301108917842	0.05926062832281535	1	0.07704092943173318	0.07966486699175267	0.00036370946307614116	unsupported	True	0.001828619454427	-0.001828619454427
CCDC124	chr19:18058313-18058814	3	-0.01270416299310809	0.05559883698379609	1	0.06830299997690419	0.08645241513615937	0.0003283088700197314	unsupported	True	0.0015048228590862	0.0015048228590862
CCDC124	chr19:17830102-17830603	4	-0.0031457014872442912	0.042344379598740406	4	0.0454900810859847	0.06240162523920665	0.00012020108453232439	unsupported	True	0.0011960883987561	0.0011960883987561
CCDC124	chr19:17932715-17933216	5	-0.007775015030269089	0.06286408910890083	1	0.07063910413916992	0.07932935489166129	0.000352274926097617	unsupported	True	0.0010032540534606	-0.0010032540534606
CCDC124	chr19:17859517-17860018	6	-0.010579980470380487	0.06286962436873558	1	0.07344960483911607	0.07898922457779639	0.00036475241803929657	unsupported	True	0.0009071769584408	-0.0009071769584408
CCDC124	chr19:18007851-18008352	7	-0.017142858549149206	0.04455668030468467	1	0.06169953885383388	0.07110266951191278	0.00019547024205267694	unsupported	True	0.0008695341435646	0.0008695341435646
CCDC124	chr19:17841961-17842462	8	0.0007178259756671675	0.05782337507132222	4	0.05710554909565505	0.07447253353686388	0.0002459109557702417	unsupported	True	0.0008268144029487	0.0008268144029487
CCDC124	chr19:18061886-18062387	9	0.006213437199300005	0.09636104368815111	4	0.0901476064888511	0.0923832230295017	0.0008025069553239702	unsupported	True	0.0006522823960566	0.0006522823960566
CCDC124	chr19:17874032-17874533	10	0.0006104320915132607	0.07039379472183187	4	0.0697833626303186	0.0848038177325123	0.00041658312560638737	unsupported	True	0.0006387967330655	0.0006387967330655
CCDC124	chr19:17996765-17997266	11	-0.020303875344834733	0.08071169256092428	1	0.10101556790575901	0.11403513266836923	0.000929744111991729	unsupported	True	0.0005965898586126	-0.0005965898586126
CCDC124	chr19:17870187-17870688	12	-0.016552698002173575	0.035904833833082614	1	0.052457531835256185	0.06263463462004482	0.00011797101671456596	unsupported	True	0.0005454677587893	-0.0005454677587893
CCDC124	chr19:17814756-17815257	13	-0.01804771257128501	0.006082836719002247	2	0.024130549290287257	0.037406984371801726	5.49067913499494e-06	unsupported	True	0.000542290199255	0.000542290199255
CCDC124	chr19:18022088-18022589	14	-0.019021904430425805	-0.005136480230310944	0	0.013885424200114863	0.02217019001087768	0.0	unsupported	True	0.0004888026840712	0.0004888026840712
CCDC124	chr19:17865479-17865980	15	-0.013409162670247284	0.06481164683554248	1	0.07822080950578977	0.09658556501524149	0.0004896520619730208	unsupported	True	0.0004323076303752	-0.0004323076303752
CCDC124	chr19:17938187-17938688	16	-0.006054755816430933	0.053620314441365946	1	0.05967507025779688	0.0627252016903619	0.00020070785144596926	unsupported	True	0.0004046231443832	-0.0004046231443832
CCDC124	chr19:17791540-17792041	17	0.012635129044367525	0.12359629804031766	1	0.11096116899595013	0.14067579606214578	0.0019292826905411096	unsupported	True	0.0003396999791314	-0.0003396999791314
CCDC124	chr19:18006940-18007441	18	-0.0257887725813306	0.04688934019186243	1	0.07267811277319303	0.07712807839100341	0.00026283928330667793	unsupported	True	0.000316136416772	0.000316136416772
CCDC124	chr19:17810690-17811191	19	0.011312932644661527	0.05236838557124967	1	0.041055452926588146	0.040456804532700716	8.698244484967693e-05	unsupported	True	0.0002638253808124	0.0002638253808124
MRPL53	chr2:74507483-74507984	0	0.0009481144253290493	0.04704670268413904	1	0.04609858825880999	0.060125897821069814	0.00013040024006252677	unsupported	True	0.001880293412686	0.001880293412686
MRPL53	chr2:74472463-74472964	1	0.0032631492176320317	0.050922757261338075	1	0.047659608043706045	0.06231522388503369	0.00015123647173293704	unsupported	True	0.0014838159400868	0.0014838159400868
MRPL53	chr2:74482790-74483291	2	0.0004859336167628815	0.020711024325233213	0	0.020225090708470332	0.02731506323301921	1.1441797758438796e-05	unsupported	True	0.001418257884231	0.001418257884231
MRPL53	chr2:74421427-74421928	3	0.0020939991247004765	0.02281612371658924	1	0.02072212459188876	0.03195891442412984	1.5110128666450766e-05	unsupported	True	0.001412042129459	0.001412042129459
MRPL53	chr2:74391834-74392335	4	0.009085353885013017	0.05791461199517435	1	0.04882925811016133	0.06441587020209373	0.00018216341319409255	unsupported	True	0.0013120168600286	0.0013120168600286
MRPL53	chr2:74374468-74374969	5	0.0035379232099491064	0.05804391081735377	1	0.05450598760740467	0.07095735409247947	0.0002244906679497992	unsupported	True	0.0011753000225476	0.0011753000225476
MRPL53	chr2:74553199-74553700	6	0.00040058408073960695	0.026218601159464092	1	0.025818017078724484	0.012595564886964006	8.52609270316014e-06	unsupported	True	0.0010476451758285	-0.0010476451758285
MRPL53	chr2:74554449-74554950	7	-0.002925302871942956	0.028796419813407408	1	0.03172172268535036	0.024866476920819475	2.271483149128224e-05	unsupported	True	0.0009879563436589	-0.0009879563436589
MRPL53	chr2:74385255-74385756	8	-0.010333403682983886	0.08003652643037211	1	0.09036993011335599	0.10798325441895877	0.0007810315733686684	unsupported	True	0.0009661842212043	0.0009661842212043
MRPL53	chr2:74458039-74458540	9	0.004250896655952709	0.04757457289808479	1	0.043323676242132084	0.057284082340327426	0.00011806853107875097	unsupported	True	0.0009133456551367	0.0009133456551367
MRPL53	chr2:74440342-74440843	10	-0.002088974849060115	0.03006270714219888	1	0.03215168199125899	0.02292931276417259	2.2162707874958315e-05	unsupported	True	0.000827277844732	-0.000827277844732
MRPL53	chr2:74380096-74380597	11	-0.004708509326781166	0.017262795154400302	1	0.021971304481181467	0.039159650616016464	1.4852712276877017e-05	unsupported	True	0.0007838275245535	0.0007838275245535
MRPL53	chr2:74454716-74455217	12	-0.002175304041227443	0.0288825187332563	1	0.031057822774483743	0.04024273543961084	3.609886644579915e-05	unsupported	True	0.0007350179129566	0.0007350179129566
MRPL53	chr2:74465170-74465671	13	0.0026188799935130307	0.03898786323506223	1	0.0363689832415492	0.04784974551605667	6.78484961548181e-05	unsupported	True	0.0006446092426706	0.0006446092426706
MRPL53	chr2:74553826-74554327	14	-0.005420653041271963	0.0377303169729814	1	0.04315097001425336	0.04387340446424477	7.143027999504599e-05	unsupported	True	0.0006089692086149	-0.0006089692086149
MRPL53	chr2:74587584-74588085	15	-0.007749151563117572	0.024380801855990078	1	0.03212995341910765	0.04701555655486568	3.682982560372747e-05	unsupported	True	0.0005714473588267	0.0005714473588267
MRPL53	chr2:74334750-74335251	16	0.006230831523341035	0.03965515548048565	1	0.03342432395714461	0.04668263418127922	6.187534638026087e-05	unsupported	True	0.0003769640566246	-0.0003769640566246
MRPL53	chr2:74549200-74549701	17	-0.00795064109495269	0.02499323324256604	0	0.03294387433751873	0.0438673194212284	3.6119207419909276e-05	unsupported	True	0.0003500226553119	0.0003500226553119
MRPL53	chr2:74414813-74415314	18	-0.0025624247322793728	0.04177414437218863	1	0.044336569104468	0.03938830383673788	7.295195348217436e-05	unsupported	True	0.0003394932248016	-0.0003394932248016
MRPL53	chr2:74513515-74514016	19	-0.008466432242663306	0.018088856618725783	2	0.02655528886138909	0.02922654157559277	1.4039109903901545e-05	unsupported	True	0.0002947227719075	0.0002947227719075
ENDOG	chr9:128947399-128947900	0	-0.0037996577409929217	0.01740802471557498	3	0.0212076824565679	0.015486548528266688	5.7173837693799176e-06	unsupported	True	0.0021206340188652	-0.0021206340188652
ENDOG	chr9:128818158-128818659	1	-0.0021965760605382346	0.022543382995189654	2	0.024739959055727886	0.02083623638010653	1.1620835183270357e-05	unsupported	True	0.0018782699754821	0.0018782699754821
ENDOG	chr9:128688896-128689397	2	-0.008250074924362503	0.013542574459962587	2	0.02179264938432509	0.011638425877750049	3.434832067437215e-06	unsupported	True	0.0018461702922343	-0.0018461702922343
ENDOG	chr9:128818685-128819186	3	-0.0057676620072706465	0.032253746336897114	2	0.03802140834416776	0.026254613050715338	3.219689471341727e-05	unsupported	True	0.00183504847328	0.00183504847328
ENDOG	chr9:128940394-128940895	4	-0.004258218604818822	0.03625992240213803	5	0.04051814100695685	0.039262516423788585	5.7683886402740294e-05	unsupported	True	0.0016040509041007	-0.0016040509041007
ENDOG	chr9:128724057-128724558	5	-0.0058219564062955975	0.049709829805415454	2	0.05553178621171105	0.0575323705331587	0.0001588167074473381	unsupported	True	0.0013067459557177	0.0013067459557177
ENDOG	chr9:128702522-128703023	6	-0.020571842495030242	0.03434208361517132	2	0.05491392611020156	0.028520975513884852	5.3786528154378145e-05	unsupported	True	0.0008508893466756	-0.0008508893466756
ENDOG	chr9:128733118-128733619	7	-0.021026676964515253	0.0497436995127725	2	0.07077037647728776	0.0579285475683101	0.00020393052009383365	unsupported	True	0.000765852662565	0.000765852662565
ENDOG	chr9:128689679-128690180	8	-0.005079524103979681	0.014791792747406484	2	0.019871316851386163	0.008955371471005055	2.6322738336962078e-06	unsupported	True	0.0006867937471512	-0.0006867937471512
ENDOG	chr9:128771706-128772207	9	0.0009463587506851447	0.016008505416265185	2	0.015062146665580041	0.014667162380939914	3.5365822228322165e-06	unsupported	True	0.000684819511122	0.000684819511122
ENDOG	chr9:128854505-128855006	10	-0.0010415193745915178	0.06742815822264868	1	0.0684696775972402	0.08306210496627758	0.0003834798183523132	unsupported	True	0.0006502820150308	0.0006502820150308
ENDOG	chr9:128922415-128922916	11	-0.016480838047088876	0.06406775588616387	2	0.08054859393325274	0.0745620151909033	0.0003847823237433343	unsupported	True	0.000609676802969	0.000609676802969
ENDOG	chr9:128927844-128928345	12	-0.019389145560918756	0.03189454924240118	2	0.05128369480331993	0.04312521546977105	7.053863538584666e-05	unsupported	True	0.0005203981484095	0.0005203981484095
ENDOG	chr9:128786961-128787462	13	-0.003114479618180203	0.018649423643716877	2	0.02176390326189708	0.012726912952330395	5.165653544841949e-06	unsupported	True	0.000518294125456	-0.000518294125456
ENDOG	chr9:128920655-128921156	14	-0.02027291663302362	0.04613531869528492	0	0.06640823532830854	0.05683067417151878	0.00017411583618521517	unsupported	True	0.000472058971867	-0.000472058971867
ENDOG	chr9:128881804-128882305	15	-0.0033418581267121287	0.020280661940215963	2	0.023622520066928093	0.01586283103324896	7.599570542723721e-06	unsupported	True	0.0004428172835166	-0.0004428172835166
ENDOG	chr9:128892516-128893017	16	-0.021255637432416024	0.07390696282614964	2	0.09516260025856567	0.08302507836974085	0.0005839302177166032	unsupported	True	0.0003572978034153	-0.0003572978034153
ENDOG	chr9:128882311-128882812	17	-0.00729908619591384	0.032481939881577784	2	0.03978102607749162	0.026827655859765077	3.46657551835698e-05	unsupported	True	0.0003357476126376	0.0003357476126376
ENDOG	chr9:128683526-128684027	18	-0.02096596459154404	0.027164406327486817	2	0.04813037091903086	0.03363613667451458	4.3976993477578484e-05	unsupported	True	0.000323492569082	-0.000323492569082
ENDOG	chr9:128729627-128730128	19	-0.0008460038090547544	0.048998629250383494	0	0.049844633059438245	0.06331809492379314	0.00015464296698954394	unsupported	True	0.000319175207961	-0.000319175207961
SLC30A8	chr8:116938221-116938722	0	0.022166593253905072	0.04685819633607504	1	0.024691603082169968	0.04685819633607504	5.421511989434787e-05	unsupported	True	0.0022909822336715	-0.0022909822336715
SLC30A8	chr8:117239886-117240387	1	0.018161499757146034	0.07411565557327034	2	0.0559541558161243	0.07411565557327034	0.00030736347437895653	unsupported	True	0.0018384002910142	0.0018384002910142
SLC30A8	chr8:117063057-117063558	2	0.0012062246357066066	0.03820732430042054	1	0.03700109966471394	0.03820732430042054	5.4014191607450475e-05	unsupported	True	0.0015694298186764	0.0015694298186764
SLC30A8	chr8:117229942-117230443	3	0.0032184595620690397	0.0813289095684472	1	0.07811045000637816	0.0813289095684472	0.0005166530990510797	unsupported	True	0.001475016947307	0.001475016947307
SLC30A8	chr8:116950212-116950713	4	0.03428491025752306	0.14274893553162857	0	0.10846402527410551	0.14274893553162857	0.0022101994913098647	unsupported	True	0.0011768554748953	0.0011768554748953
SLC30A8	chr8:116873938-116874439	5	0.029336017246753048	0.06039576552865236	1	0.031059748281899315	0.050568967310439625	9.486117657827883e-05	unsupported	True	0.0010163078865748	-0.0010163078865748
SLC30A8	chr8:116945911-116946412	6	0.0340656573452713	0.07066789172178456	2	0.03660223437651326	0.07066789172178456	0.00018278976205335324	unsupported	True	0.0009368209982993	0.0009368209982993
SLC30A8	chr8:117174102-117174603	7	-0.003028999367662019	0.04127902407990697	2	0.044308023447568984	0.04673053813312973	8.546977885091682e-05	unsupported	True	0.0009204194009031	0.0009204194009031
SLC30A8	chr8:117171851-117172352	8	0.007342686016655428	0.08099833208934905	1	0.07365564607269362	0.08099833208934905	0.0004832347922199203	unsupported	True	0.0008503973552909	0.0008503973552909
SLC30A8	chr8:117090552-117091053	9	0.022491698971497387	0.053975181442000406	4	0.03148348247050302	0.053975181442000406	9.17214658159204e-05	unsupported	True	0.0007845374619611	0.0007845374619611
SLC30A8	chr8:116874677-116875178	10	0.03498517818514121	0.05810208112968663	2	0.023116902944545423	0.03817093189265708	5.1268911964762514e-05	unsupported	True	0.0007446136905386	-0.0007446136905386
SLC30A8	chr8:117157036-117157537	11	-0.0026838167827791513	0.02239412631095606	0	0.025077943093735212	0.02907473925220831	1.6328333593835315e-05	unsupported	True	0.0006854948109796	0.0006854948109796
SLC30A8	chr8:116945401-116945902	12	0.031086806506950563	0.07142713799460977	0	0.04034033148765921	0.07142713799460977	0.0002058097571340427	unsupported	True	0.0005903941511586	0.0005903941511586
SLC30A8	chr8:117037781-117038282	13	0.016243137591187246	0.04247747692519392	0	0.026234339334006675	0.030952113351726415	3.4492061480447565e-05	unsupported	True	0.0005571944248897	0.0005571944248897
SLC30A8	chr8:117310338-117310839	14	0.018679164019573057	0.04483902525455013	2	0.026159861234977072	0.04483902525455013	5.259539994757985e-05	unsupported	True	0.0005543795333731	0.0005543795333731
SLC30A8	chr8:117049702-117050203	15	0.007409588937603169	0.0888055705046028	2	0.08139598156699963	0.09807613049684166	0.0007089351277698762	unsupported	True	0.0004836386525752	0.0004836386525752
SLC30A8	chr8:117232026-117232527	16	0.019981871063807773	0.07618594240563453	1	0.056204071341826756	0.07618594240563453	0.0003262251687776785	unsupported	True	0.0004718928731478	-0.0004718928731478
SLC30A8	chr8:117284775-117285276	17	0.00235766430338072	0.04946055928741757	2	0.04710289498403685	0.04946055928741757	0.00011523002230393393	unsupported	True	0.0004544832995178	0.0004544832995178
SLC30A8	chr8:117170828-117171329	18	0.015479622602395165	0.058580392856020166	2	0.043100770253625	0.058580392856020166	0.00014790729386126417	unsupported	True	0.0003766335714175	0.0003766335714175
SLC30A8	chr8:117060251-117060752	19	0.0019167145328128083	0.0352930615565699	0	0.033376347023757094	0.037994517812902376	4.4755774100315045e-05	unsupported	True	0.0003503257338999	0.0003503257338999
DNAH3	chr16:20961326-20961827	0	-0.018099904503045394	0.0006021395096686663	3	0.01870204401271406	0.02556193779712896	2.878591064707302e-07	unsupported	True	0.0082240111125306	0.0082240111125306
DNAH3	chr16:21188622-21189123	1	-0.02645848991324342	0.012433214837916848	4	0.03889170475116027	0.0449142817580407	2.171825246290654e-05	unsupported	True	0.0010773531520577	-0.0010773531520577
DNAH3	chr16:21227753-21228254	2	-0.013936464582820015	0.01687748104216772	3	0.030813945624987737	0.036377623025608596	1.891861149636945e-05	unsupported	True	0.0010079356481857	0.0010079356481857
DNAH3	chr16:21283475-21283976	3	-0.030340671824350133	0.011732024188824573	4	0.042072696013174704	0.05315315867598857	2.623628682662034e-05	unsupported	True	0.0009060392227222	0.0009060392227222
DNAH3	chr16:21028711-21029212	4	-0.014896856243591897	0.013338494671254732	4	0.02823535091484663	0.04076776481990234	1.53538364515944e-05	unsupported	True	0.0007467565607312	0.0007467565607312
DNAH3	chr16:20900193-20900694	5	-0.03585997189947606	0.011263821836561223	4	0.047123793736037284	0.05265830636566612	2.795071395927679e-05	unsupported	True	0.000708020151928	-0.000708020151928
DNAH3	chr16:20806229-20806730	6	-0.036766411532611634	0.021211799391948463	4	0.0579782109245601	0.06518638576669951	8.016766300011077e-05	unsupported	True	0.0006535650176212	-0.0006535650176212
DNAH3	chr16:21300536-21301037	7	-0.03327375146300501	0.02158350529084981	4	0.05485725675385482	0.06387469436839868	7.562839769097935e-05	unsupported	True	0.0006359692221548	0.0006359692221548
DNAH3	chr16:21083764-21084265	8	-0.02912026229695266	0.029329633907472577	4	0.05844989620442524	0.06047745099263252	0.00010367734440482145	unsupported	True	0.0006026303680722	-0.0006026303680722
DNAH3	chr16:21103849-21104350	9	-0.012920784507740628	0.011019520612021022	3	0.02394030511976165	0.024994065012437255	6.5937014299934494e-06	unsupported	True	0.0005687553396093	0.0005687553396093
DNAH3	chr16:20799516-20800017	10	-0.02504809630943194	-0.004935079760364161	3	0.020113016549067782	0.018935828888935836	0.0	unsupported	True	0.0005135266539771	-0.0005135266539771
DNAH3	chr16:21150398-21150899	11	-0.029390527557146457	0.008685450465979693	4	0.03807597802312615	0.04185079155163432	1.3840350603194395e-05	unsupported	True	0.0004341947785266	0.0004341947785266
DNAH3	chr16:20919944-20920445	12	-0.011929613907871789	0.011133496869115902	3	0.02306311077698769	0.027752169503653133	7.126009807784645e-06	unsupported	True	0.000430822354145	0.000430822354145
DNAH3	chr16:21159156-21159657	13	-0.030278004309898892	0.028329655495201448	4	0.05860765980510034	0.06702120180161111	0.0001112776344704015	unsupported	True	0.0003337666936454	0.0003337666936454
DNAH3	chr16:21158342-21158843	14	-0.02727723259620621	0.036415324602974995	4	0.06369255719918121	0.07377975855589158	0.00017112367601110562	unsupported	True	0.0003057716779131	0.0003057716779131
DNAH3	chr16:21130551-21131052	15	-0.011699092735964322	0.012594262035715132	3	0.024293354771679453	0.028899667594792698	8.842052006681714e-06	unsupported	True	0.0002564541442464	0.0002564541442464
DNAH3	chr16:20859182-20859683	16	-0.03405584627598721	0.005711264867487996	4	0.03976711114347521	0.04121758166864573	9.361357953372337e-06	unsupported	True	0.0001872124012307	0.0001872124012307
DNAH3	chr16:21156675-21157176	17	-0.025887412804659834	0.0022915473263494896	3	0.028178960131009324	0.03162319546922103	2.0420179064151813e-06	unsupported	True	0.0001808484932541	0.0001808484932541
DNAH3	chr16:21301189-21301690	18	-0.030734283618320705	-0.0005993549158234047	4	0.0301349287024973	0.03880011010620113	0.0	unsupported	True	0.0001783161514582	0.0001783161514582
DNAH3	chr16:21238666-21239167	19	-0.013491200883461415	-0.006774981676632072	4	0.006716219206829343	0.006359623024141795	0.0	unsupported	True	0.000168418262307	0.000168418262307
LTBP4	chr19:40645998-40646499	0	-0.01322300753298006	0.04948420711571724	5	0.0627072146486973	0.052879826867153076	0.0001640869910084601	unsupported	True	0.0024391013463954	0.0024391013463954
LTBP4	chr19:40466877-40467378	1	-0.010695914693669047	0.030900667064550236	0	0.041596581758219286	0.04222807810008553	5.427837215638006e-05	unsupported	True	0.002414763182493	0.002414763182493
LTBP4	chr19:40778439-40778940	2	-0.004717971716574565	0.03408869991864151	0	0.038806671635216075	0.06902560099183502	9.13118266688392e-05	unsupported	True	0.0019197617953031	-0.0019197617953031
LTBP4	chr19:40623564-40624065	3	-0.011446863305468024	0.08409907114151932	0	0.09554593444698735	0.10890927492253881	0.0008751213474560525	unsupported	True	0.0016353915564181	0.0016353915564181
LTBP4	chr19:40715420-40715921	4	-0.009834337031663863	0.04814177717766041	0	0.057976114209324275	0.08204257795400052	0.00022898683828025912	unsupported	True	0.0014165620682747	0.0014165620682747
LTBP4	chr19:40609871-40610372	5	-0.0214986374456643	0.045735029973832296	0	0.0672336674194966	0.08169973022009688	0.000251221261470125	unsupported	True	0.0012103830123714	0.0012103830123714
LTBP4	chr19:40592099-40592600	6	0.00822386480549141	0.055111992445639066	0	0.04688812764014766	0.055163122956618765	0.00014254692322435413	unsupported	True	0.0010107734954981	0.0010107734954981
LTBP4	chr19:40671468-40671969	7	0.0003816617862596271	0.021659862512289144	3	0.021278200726029515	0.038171225187037035	1.759246504605554e-05	unsupported	True	0.0008413474132556	0.0008413474132556
LTBP4	chr19:40549164-40549665	8	0.0013597714632111425	0.03266322866417816	0	0.031303457200967014	0.058260152699583415	5.956937371698545e-05	unsupported	True	0.0005765788963993	0.0005765788963993
LTBP4	chr19:40529086-40529587	9	-0.0037176582209945425	0.053519955058535615	0	0.057237613279530156	0.08923248929185428	0.0002733507467598349	unsupported	True	0.0005380066814915	0.0005380066814915
LTBP4	chr19:40610442-40610943	10	-0.012971885889401902	0.06143973935380087	0	0.07441162524320277	0.08071000628491377	0.00036899249743085265	unsupported	True	0.0005170527517935	0.0005170527517935
LTBP4	chr19:40691104-40691605	11	-0.008542739831590122	0.07919673947373375	0	0.08773947930532387	0.11503225496634148	0.0007993224081336341	unsupported	True	0.0004825221950499	-0.0004825221950499
LTBP4	chr19:40662713-40663214	12	-0.012360453969414622	0.05106079892209018	0	0.0634212528915048	0.08258903186568042	0.00026745135234338937	unsupported	True	0.0004479366113498	0.0004479366113498
LTBP4	chr19:40613589-40614090	13	-0.009036303213953104	0.040459897812369146	0	0.049496201026322253	0.06300889433208297	0.00012618231973376794	unsupported	True	0.000444306820472	-0.000444306820472
LTBP4	chr19:40598519-40599020	14	-0.010101327619216663	0.04584643639925433	0	0.05594776401847099	0.06875368113429363	0.00017635357745688577	unsupported	True	0.0004304360342831	-0.0004304360342831
LTBP4	chr19:40570446-40570947	15	-0.006030528558972924	0.030765250529618222	4	0.03679577908859115	0.059760692617662155	6.765097826359282e-05	unsupported	True	0.0004180143074842	0.0004180143074842
LTBP4	chr19:40763479-40763980	16	-0.013038890669484635	0.10555024067963503	0	0.11858913134911966	0.12766559963343385	0.001598004526927961	unsupported	True	0.000366132620314	-0.000366132620314
LTBP4	chr19:40512900-40513401	17	-0.010637298233826484	0.044663279196853325	0	0.05530057743067981	0.063516071994482	0.0001568786720270002	unsupported	True	0.0003414526689031	0.0003414526689031
LTBP4	chr19:40443987-40444488	18	-0.009645550543629184	0.05798498024919476	0	0.06763053079282394	0.08921866119350452	0.00034987588620653863	unsupported	True	0.0003405672182849	-0.0003405672182849
LTBP4	chr19:40634420-40634921	19	-0.007383552316674668	0.043021682652897575	0	0.05040523496957224	0.054993695232825476	0.00011925481925856381	unsupported	True	0.0003280874667143	0.0003280874667143
PPP1CA	chr11:67401681-67402182	0	0.00014052132933127954	0.048421775927500604	4	0.04828125459816932	0.06243101549878625	0.00014595522933992958	unsupported	True	0.001989689940778	-0.001989689940778
PPP1CA	chr11:67544713-67545214	1	-0.007634801498235492	0.01898121352358417	1	0.02661601502181966	0.03865972129709279	1.9531056055016172e-05	unsupported	True	0.0019882778528993	0.0019882778528993
PPP1CA	chr11:67262614-67263115	2	0.009190549577881658	0.0417465360720448	4	0.03255598649416314	0.053736686595736896	7.303351272573482e-05	unsupported	True	0.0014096022445963	0.0014096022445963
PPP1CA	chr11:67508033-67508534	3	0.00356319350639844	0.05185232771592783	4	0.048289134209529384	0.07013989898749445	0.00017562357448664895	unsupported	True	0.0012933125630779	0.0012933125630779
PPP1CA	chr11:67365595-67366096	4	0.016184455035941295	0.047589154194681134	1	0.031404699158739835	0.03901253487690888	5.830513342013961e-05	unsupported	True	0.0012234503977387	0.0012234503977387
PPP1CA	chr11:67353404-67353905	5	0.001280978484017707	0.047818762296785895	4	0.046537783812768185	0.06122285262251036	0.0001362440641353746	unsupported	True	0.0010791175581137	-0.0010791175581137
PPP1CA	chr11:67506026-67506527	6	0.017406154214329665	0.04186497770090754	4	0.024458823486577873	0.05186731404801454	5.3110475010380705e-05	unsupported	True	0.0009898496173995	-0.0009898496173995
PPP1CA	chr11:67351103-67351604	7	-0.0021333973466122875	0.0607593945477299	4	0.06289279189434219	0.08054219646787752	0.00030777814707417026	unsupported	True	0.0009702143709584	0.0009702143709584
PPP1CA	chr11:67428161-67428662	8	0.0033763454289382645	0.0547913240038896	4	0.05141497857495134	0.0744464987430456	0.000209722840746542	unsupported	True	0.0009138628218899	-0.0009138628218899
PPP1CA	chr11:67252724-67253225	9	0.006275909842366965	0.023946114832454204	1	0.01767020499008724	0.025592114161632165	1.0828861843288047e-05	unsupported	True	0.0008179805044244	0.0008179805044244
PPP1CA	chr11:67469061-67469562	10	-0.0008289701395601329	0.06016630625416708	4	0.06099527639372721	0.08223973707229132	0.0003018083609312178	unsupported	True	0.0007951807868525	-0.0007951807868525
PPP1CA	chr11:67289005-67289506	11	0.0034998203254278546	0.06017836539371797	4	0.05667854506829012	0.07915275228327867	0.00026997596429136577	unsupported	True	0.0007504988299971	-0.0007504988299971
PPP1CA	chr11:67261320-67261821	12	0.014144411523712333	0.046122279216101715	4	0.03197786769238938	0.051561387587970436	7.604748540700417e-05	unsupported	True	0.0006695650491791	0.0006695650491791
PPP1CA	chr11:67482775-67483276	13	0.0015127190829680635	0.06619854416191794	4	0.06468582507894988	0.0855840394819613	0.0003664800529075255	unsupported	True	0.0006032937956676	-0.0006032937956676
PPP1CA	chr11:67421001-67421502	14	-0.0016827998604279962	0.04666937310486927	4	0.04835217296529727	0.06998105433215226	0.0001579168398960596	unsupported	True	0.0005475130750087	-0.0005475130750087
PPP1CA	chr11:67266160-67266661	15	0.0038422491890303142	0.04899353043672745	4	0.04515128124769714	0.06677309509180379	0.00014771014399042736	unsupported	True	0.0004961248114629	0.0004961248114629
PPP1CA	chr11:67391672-67392173	16	0.002160084572682906	0.06082807823157443	4	0.05866799365889152	0.07964131825025954	0.00028421289095563056	unsupported	True	0.0004662833365589	-0.0004662833365589
PPP1CA	chr11:67373427-67373928	17	0.009589059804993852	0.03216339217651555	4	0.022574332371521698	0.039673933914219736	2.8805938348527968e-05	unsupported	True	0.0003768810217439	0.0003768810217439
PPP1CA	chr11:67384773-67385274	18	0.02139998761033543	0.04845582894405596	4	0.027055841333720528	0.049906583816954043	6.542819112931581e-05	unsupported	True	0.0003663079707124	-0.0003663079707124
PPP1CA	chr11:67504195-67504696	19	0.009980129919066183	0.032118846915587224	4	0.022138716996521042	0.04495458359427992	3.196585854890799e-05	unsupported	True	0.000366054492793	0.000366054492793
RANBP3	chr19:6022220-6022721	0	0.007839548822149075	0.06602235571841936	3	0.058182806896270284	0.07865657395272747	0.00030214868678208993	unsupported	True	0.0031962895662139	0.0031962895662139
RANBP3	chr19:6110420-6110921	1	-0.00722926155787526	0.0874302937467149	3	0.09465955530459016	0.13799373904128448	0.00114205173981739	unsupported	True	0.0016067684712144	-0.0016067684712144
RANBP3	chr19:5826532-5827033	2	-0.005591137405930155	0.08256793163499641	3	0.08815906904092657	0.13430303192478038	0.0009776068093828858	unsupported	True	0.0014963255967427	0.0014963255967427
RANBP3	chr19:5802194-5802695	3	-0.007371598005444854	0.03955670419701536	3	0.04692830220246021	0.07218615703402267	0.00013400125444072402	unsupported	True	0.0013953243171574	0.0013953243171574
RANBP3	chr19:5773690-5774191	4	-0.006099441470904381	0.07179772952301944	3	0.07789717099392382	0.09931912415228786	0.0005554759716776149	unsupported	True	0.0012363038401394	0.0012363038401394
RANBP3	chr19:5827980-5828481	5	-0.008157441859473903	0.08281637603141888	3	0.09097381789089279	0.12883094985489846	0.0009706280821767679	unsupported	True	0.0011931573443328	-0.0011931573443328
RANBP3	chr19:5921462-5921963	6	0.0004944237190646637	0.10636164431846305	3	0.10586722059939839	0.13039233845783765	0.0014682453301876146	unsupported	True	0.0011661516024125	0.0011661516024125
RANBP3	chr19:5977996-5978497	7	-0.010152583149369824	0.07577224004266095	3	0.08592482319203078	0.12258979596570362	0.0007981473863050379	unsupported	True	0.0008234922028395	-0.0008234922028395
RANBP3	chr19:5850705-5851206	8	0.008079403251502948	0.08511853100622224	3	0.0770391277547193	0.11295462151708646	0.0007406951169786323	unsupported	True	0.0008174244305551	0.0008174244305551
RANBP3	chr19:6066581-6067082	9	-0.0048831216773520935	0.06772926555845941	3	0.07261238723581151	0.08446859638717372	0.0004154151766402336	unsupported	True	0.0007741519656399	-0.0007741519656399
RANBP3	chr19:5947440-5947941	10	0.007088116079558142	0.05311071895568481	3	0.04602260287612667	0.048752790715344836	0.00011916613076690191	unsupported	True	0.0006546732385513	-0.0006546732385513
RANBP3	chr19:6108781-6109282	11	0.009465459491989884	0.061077285845912835	3	0.05161182635392295	0.08632939594126207	0.00027213704153629045	unsupported	True	0.0005591969650914	-0.0005591969650914
RANBP3	chr19:6076883-6077384	12	0.0018912157048155821	0.07047284022824621	3	0.06858162452343063	0.07937466881276607	0.00038362903506850677	unsupported	True	0.0005238859689075	0.0005238859689075
RANBP3	chr19:5889168-5889669	13	-0.007366695147023163	0.07621109138602297	3	0.08357778653304614	0.09951889044851317	0.0006338909793055661	unsupported	True	0.0004309382208966	0.0004309382208966
RANBP3	chr19:6048743-6049244	14	-0.007539586994967833	0.0879985433940201	3	0.09553813038898794	0.14352844014422894	0.0012066746433340135	unsupported	True	0.0004019004812921	0.0004019004812921
RANBP3	chr19:5904297-5904798	15	-0.007273349626803135	0.07335810299414573	3	0.08063145262094887	0.11706579058027183	0.0006924406868297095	unsupported	True	0.0004015441047501	-0.0004015441047501
RANBP3	chr19:6057374-6057875	16	-0.0032945854089667134	0.05952488395378288	3	0.0628194693627496	0.09411395301098396	0.00035192233960052935	unsupported	True	0.0003706805005307	0.0003706805005307
RANBP3	chr19:5790993-5791494	17	-0.008992713613195685	0.07977511436450034	3	0.08876782797769603	0.1201055947046063	0.0008505234005171436	unsupported	True	0.0003659954609749	-0.0003659954609749
RANBP3	chr19:5903592-5904093	18	-0.008124174771879726	0.07840399999267905	3	0.08652817476455878	0.12033854625608875	0.0008163953519134222	unsupported	True	0.0003543465327528	-0.0003543465327528
RANBP3	chr19:5967882-5968383	19	0.011263376095986306	0.07295167695113894	1	0.06168830085515263	0.10215536107599434	0.0004597261955682596	unsupported	True	0.0003441427777477	0.0003441427777477
OSGEP	chr14:20413255-20413756	0	0.010744659634043254	0.022761641992794044	5	0.01201698235875079	0.05384167326465026	1.4727110997074931e-05	unsupported	True	0.0032783947316403	-0.0032783947316403
OSGEP	chr14:20603962-20604463	1	0.00179828715240213	0.04392117482678144	4	0.042122887674379314	0.06766736596039064	0.00012519049471813575	unsupported	True	0.0032153839047707	-0.0032153839047707
OSGEP	chr14:20305746-20306247	2	0.0017235880581082243	0.0384882432456102	5	0.03676465518750197	0.046274911675096286	6.547932356044833e-05	unsupported	True	0.0016010053856148	0.0016010053856148
OSGEP	chr14:20427689-20428190	3	0.00373985893504712	0.011067011840754945	5	0.007327152905707825	0.022193207824759448	1.7996402974852189e-06	unsupported	True	0.0015000171267372	0.0015000171267372
OSGEP	chr14:20343271-20343772	4	0.004134224821655335	0.05501500368484292	5	0.050880778863187585	0.06593924836348576	0.00018457755525881511	unsupported	True	0.0014708351420364	-0.0014708351420364
OSGEP	chr14:20469133-20469634	5	0.007683905013396877	0.01616796123665724	5	0.008484056223260364	0.04100477722310541	5.624620869217194e-06	unsupported	True	0.0013939146098957	0.0013939146098957
OSGEP	chr14:20461391-20461892	6	0.00018782529714732313	0.055931131229655845	5	0.05574330593250852	0.06937289768216652	0.0002162898602230217	unsupported	True	0.0013020888489604	-0.0013020888489604
OSGEP	chr14:20454912-20455413	7	0.00363117834371486	0.052384370740317425	5	0.048753192396602564	0.06502172212431702	0.0001660593210915826	unsupported	True	0.001184595717646	-0.001184595717646
OSGEP	chr14:20430126-20430627	8	0.0038411628197652253	0.04202953809926545	4	0.038188375279500225	0.058450518000771334	9.381540618804278e-05	unsupported	True	0.0007415862169419	-0.0007415862169419
OSGEP	chr14:20434540-20435041	9	0.012858399311919093	0.00731400003648394	4	-0.005544399275435152	0.023364576496077073	0.0	unsupported	True	0.0006556908928448	0.0006556908928448
OSGEP	chr14:20499737-20500238	10	-0.003672382999216448	0.0656019772046348	1	0.06927436020385125	0.0817100650566908	0.00037133425041732443	unsupported	True	0.0005504820237945	-0.0005504820237945
OSGEP	chr14:20412722-20413223	11	0.011701691916411891	0.06441441367026891	5	0.05271272175385702	0.09280078447989856	0.0003151012648771368	unsupported	True	0.0002605897463615	0.0002605897463615
OSGEP	chr14:20327205-20327706	12	-0.010562078768718279	0.045104887686166606	5	0.055666966454884885	0.05580491058836963	0.00014011788641552086	unsupported	True	0.0002412148152564	-0.0002412148152564
OSGEP	chr14:20495753-20496254	13	0.005415601512267835	0.07506498703225724	1	0.0696493855199894	0.07853938863390626	0.00041062200518386834	unsupported	True	0.0002172103592616	-0.0002172103592616
OSGEP	chr14:20454371-20454872	14	0.006073228271818062	0.04979447811227281	5	0.04372124984045475	0.06677100709460058	0.00014536561167497394	unsupported	True	0.0001991103899849	0.0001991103899849
OSGEP	chr14:20342663-20343164	15	0.0008207800417292617	0.056077871270554434	5	0.055257091228825175	0.06659621518848606	0.00020636169524881906	unsupported	True	0.0001238916574323	-0.0001238916574323
OSGEP	chr14:20312230-20312731	16	0.021707220123052016	0.08163561791504291	5	0.0599283977919909	0.09822496923020911	0.0004805452099886482	unsupported	True	9.80709689843324e-05	9.80709689843324e-05
OSGEP	chr14:20372281-20372782	17	-0.000679822006258953	0.04836476197206369	5	0.04904458397832265	0.04653859618587684	0.00011039092909757644	unsupported	True	4.32554177111928e-05	4.32554177111928e-05
OSGEP	chr14:20333083-20333584	18	0.0052658227140524524	0.06912624208793863	5	0.06386041937388617	0.07442048001880398	0.00032852405985104167	unsupported	True	2.0994312267686168e-05	2.0994312267686168e-05
APBA3	chr19:3868856-3869357	0	0.009955822972291537	0.044590523050029834	1	0.0346347000777383	0.039576851129280145	6.112167329014026e-05	unsupported	True	0.0021942342930577	0.0021942342930577
APBA3	chr19:3718999-3719500	1	-0.004537263404121994	0.05039436074840826	1	0.05493162415253025	0.05269723379066637	0.00014587880568621043	unsupported	True	0.0016517439699866	0.0016517439699866
APBA3	chr19:3786136-3786637	2	-0.0036322600872663044	0.02778392070677158	1	0.031416180794037886	0.024445742007860594	2.1337824679499026e-05	unsupported	True	0.0014812172941102	0.0014812172941102
APBA3	chr19:3626833-3627334	3	0.02682755405450757	0.0579606423957843	1	0.031133088341276732	0.01674510740817306	3.0216442498802692e-05	unsupported	True	0.0014170198756547	0.0014170198756547
APBA3	chr19:3880897-3881398	4	0.025517640807492355	0.06192425767471635	1	0.03640661686722399	0.05911055852556727	0.00013326195968220962	unsupported	True	0.0013077616795213	0.0013077616795213
APBA3	chr19:3761450-3761951	5	0.02961278246776611	0.057919298677433936	4	0.028306516209667825	0.011185005291034847	1.8337744220006823e-05	unsupported	True	0.0011761765105196	0.0011761765105196
APBA3	chr19:3830503-3831004	6	0.019598814638014658	0.06805883026739361	3	0.04846001562937895	0.055101263910596984	0.00018173124055793823	unsupported	True	0.0011708868429538	0.0011708868429538
APBA3	chr19:3785586-3786087	7	-0.0013590395741520012	0.04174631747213836	1	0.043105357046290364	0.04411178170695381	7.937870653509407e-05	unsupported	True	0.0010095722058762	0.0010095722058762
APBA3	chr19:3880394-3880895	8	0.0206375754260668	0.04781608241330021	1	0.027178506987233408	0.04502331357027414	5.851093545896622e-05	unsupported	True	0.0010029593762564	0.0010029593762564
APBA3	chr19:3881685-3882186	9	0.0070005082837148345	0.030297268896585246	3	0.02329676061287041	0.0275049197856937	1.9413748593038996e-05	unsupported	True	0.0009767578119395	0.0009767578119395
APBA3	chr19:3801307-3801808	10	0.02917783974428694	0.0671465596636137	0	0.03796871991932676	0.022128394653597422	5.6415654361619246e-05	unsupported	True	0.0009413462679552	0.0009413462679552
APBA3	chr19:3762725-3763226	11	0.028128189155858258	0.05493983715750985	1	0.026811648001651592	0.00856006145432988	1.2609206567079946e-05	unsupported	True	0.0008079308737834	0.0008079308737834
APBA3	chr19:3610093-3610594	12	0.006671177375758171	0.021144134429959466	0	0.014472957054201294	0.015803021624729227	4.836011434946667e-06	unsupported	True	0.0005353112763979	0.0005353112763979
APBA3	chr19:3855084-3855585	13	0.0017901770078042562	0.03062255686222443	1	0.028832379854420172	0.04910497448342557	4.3355822582686605e-05	unsupported	True	0.0005294921982803	0.0005294921982803
APBA3	chr19:3831260-3831761	14	0.008581474613417479	0.03102974937106177	3	0.022448274757644292	0.03358145481605707	2.339164389482091e-05	unsupported	True	0.0003544687221856	0.0003544687221856
APBA3	chr19:3721319-3721820	15	0.005375875459652365	0.03851013343032272	1	0.03313425797067035	0.03773291593464166	4.814737790997157e-05	unsupported	True	0.0003537893631484	-0.0003537893631484
APBA3	chr19:3655652-3656153	16	-0.0019752370250141846	0.028099927637169297	1	0.030075164662183483	0.04241065771456559	3.584166884960314e-05	unsupported	True	0.0003230681084118	-0.0003230681084118
APBA3	chr19:3612802-3613303	17	0.011231487712220805	0.04742564430767885	0	0.03619415659545805	0.04097679661784178	7.033794973587367e-05	unsupported	True	0.0003005770865012	-0.0003005770865012
APBA3	chr19:3903819-3904320	18	0.025518599008401414	0.07264916370380883	0	0.04713056469540742	0.059001225186666284	0.0002020199655249462	unsupported	True	0.0002848553916171	0.0002848553916171
APBA3	chr19:3700300-3700801	19	0.026650270801053852	0.060010398751395216	4	0.033360127950341364	0.021301688476774057	4.2645012822670046e-05	unsupported	True	0.0002779080030691	0.0002779080030691
ZNF740	chr12:53213230-53213731	0	0.01975965594836973	0.032095071031343556	4	0.012335415082973825	0.0198090398479329	7.842518191371454e-06	unsupported	True	0.0032411335351173	-0.0032411335351173
ZNF740	chr12:53234218-53234719	1	0.01593445922512276	0.041474826732851806	1	0.025540367507729048	0.049967773857719236	5.292997927115542e-05	unsupported	True	0.0014993226841652	-0.0014993226841652
ZNF740	chr12:53324665-53325166	2	0.02117282329120069	0.0504430420936168	2	0.029270218802416113	0.03853449653392169	5.689537025061543e-05	unsupported	True	0.0014969693084938	-0.0014969693084938
ZNF740	chr12:53251820-53252321	3	0.023600787371454695	0.04695925432303697	5	0.023358466951582276	0.026236161413462813	2.8778345499259605e-05	unsupported	True	0.0013453857520466	0.0013453857520466
ZNF740	chr12:53192660-53193161	4	0.009517761411141733	0.052838350236554685	2	0.04332058882541295	0.03856906964734971	8.828415474989211e-05	unsupported	True	0.0012413421048167	0.0012413421048167
ZNF740	chr12:53046574-53047075	5	0.020357499048122583	0.0446488453449289	2	0.024291346296806314	0.025405512013056197	2.7554324548495308e-05	unsupported	True	0.0009291824636756	0.0009291824636756
ZNF740	chr12:53295243-53295744	6	0.027015777990316944	0.05549424645995021	4	0.028478468469633263	0.034800106122332565	5.4997779667135075e-05	unsupported	True	0.0009284161908282	0.0009284161908282
ZNF740	chr12:53345110-53345611	7	0.031583899285669945	0.09638374442415519	2	0.06479984513848525	0.06983989324041902	0.0004361956488215136	unsupported	True	0.0008546800499853	0.0008546800499853
ZNF740	chr12:53232123-53232624	8	0.008049449698407093	0.03613848719358163	1	0.028089037495174534	0.040344565955992125	4.095358016195491e-05	unsupported	True	0.0008215544990276	-0.0008215544990276
ZNF740	chr12:53047703-53048204	9	0.017280444385122676	0.028161631064629156	1	0.01088118667950648	0.015404278577171904	4.720363350939121e-06	unsupported	True	0.0007602674601436	-0.0007602674601436
ZNF740	chr12:53099378-53099879	10	0.022631288623142013	0.03782727531372888	1	0.015195986690586864	0.01682992654182768	9.674225030840298e-06	unsupported	True	0.0007590510815757	-0.0007590510815757
ZNF740	chr12:53047166-53047667	11	0.02679766846873216	0.06339761185368162	2	0.03659994338494946	0.034084047082993355	7.90868847212774e-05	unsupported	True	0.0007183532237629	-0.0007183532237629
ZNF740	chr12:53220907-53221408	12	0.014714355997619293	0.03945048326437571	1	0.02473612726675642	0.043989601850323856	4.2927348632581264e-05	unsupported	True	0.0006805066390168	-0.0006805066390168
ZNF740	chr12:53190015-53190516	13	0.022768807361043166	0.054217152604618984	4	0.031448345243575815	0.031930479483759516	5.444273622101325e-05	unsupported	True	0.0005538489436151	-0.0005538489436151
ZNF740	chr12:53221446-53221947	14	0.01638933984211375	0.04389055474472825	1	0.0275012149026145	0.05624839255704357	6.789426102172483e-05	unsupported	True	0.0005250342344353	-0.0005250342344353
ZNF740	chr12:53220176-53220677	15	0.027499898465799213	0.07169152837581015	4	0.04419162991001094	0.04687521470365551	0.00014850843754484546	unsupported	True	0.0004855972352454	-0.0004855972352454
ZNF740	chr12:53325505-53326006	16	0.01669251280758881	0.039642525278238736	1	0.022950012470649924	0.04705956635280408	4.281462638296182e-05	unsupported	True	0.0003517688063991	-0.0003517688063991
ZNF740	chr12:53267953-53268454	17	0.028528718306446172	0.0341701297435602	0	0.005641411437114028	0.009235288789067351	1.7802659396833596e-06	unsupported	True	0.0003292360018308	-0.0003292360018308
ZNF740	chr12:53052859-53053360	18	0.015913292431733225	0.036230017579239035	1	0.02031672514750581	0.03637876348529094	2.6777509582448207e-05	unsupported	True	0.000293499904855	-0.000293499904855
ZNF740	chr12:53097749-53098250	19	0.033242199172269955	0.12474462836792662	2	0.09150242919565665	0.09614620550090773	0.0010974547597880561	unsupported	True	0.0002802918692392	0.0002802918692392
GCM1	chr6:53047790-53048291	0	0.0	0.0	0	0.0	0.0	0.0	unsupported	True	0.0124762394266218	0.0124762394266218
GCM1	chr6:53061634-53062135	1	0.0	0.0	0	0.0	0.0	0.0	unsupported	True	0.0016060692216745	0.0016060692216745
GCM1	chr6:52996572-52997073	2	0.0	0.0	0	0.0	0.0	0.0	unsupported	True	0.0015498938889308	0.0015498938889308
GCM1	chr6:53064630-53065131	3	0.0	0.0	0	0.0	0.0	0.0	unsupported	True	0.0009267118077986	0.0009267118077986
GCM1	chr6:52995641-52996142	4	0.0	0.0	0	0.0	0.0	0.0	unsupported	True	0.0009180367351525	0.0009180367351525
GCM1	chr6:52995088-52995589	5	0.0	0.0	0	0.0	0.0	0.0	unsupported	True	0.0002012935038012	-0.0002012935038012
GCM1	chr6:52994587-52995088	6	0.0	0.0	0	0.0	0.0	0.0	unsupported	True	0.0001132876476293	0.0001132876476293
GCM1	chr6:53171795-53172296	7	0.0	0.0	0	0.0	0.0	0.0	unsupported	True	0.0001085500613772	-0.0001085500613772
GCM1	chr6:53140360-53140861	8	0.0	0.0	0	0.0	0.0	0.0	unsupported	True	6.155592460494834e-05	-6.155592460494834e-05
GCM1	chr6:53065154-53065655	9	0.0	0.0	0	0.0	0.0	0.0	unsupported	True	4.903616625569533e-05	4.903616625569533e-05
GCM1	chr6:53287560-53288061	10	0.0	0.0	0	0.0	0.0	0.0	unsupported	True	2.952430866907006e-05	-2.952430866907006e-05
GCM1	chr6:53104256-53104757	11	0.0	0.0	0	0.0	0.0	0.0	unsupported	True	2.2626272549675357e-05	2.2626272549675357e-05
GCM1	chr6:53236247-53236748	12	0.0	0.0	0	0.0	0.0	0.0	unsupported	True	1.1983274705601813e-05	-1.1983274705601813e-05
GCM1	chr6:52977789-52978290	13	0.0	0.0	0	0.0	0.0	0.0	unsupported	True	5.6055731657641805e-06	-5.6055731657641805e-06
GCM1	chr6:53045953-53046454	14	0.0	0.0	0	0.0	0.0	0.0	unsupported	True	4.352913553776738e-06	-4.352913553776738e-06
GCM1	chr6:53179922-53180423	15	0.0	0.0	0	0.0	0.0	0.0	unsupported	True	3.9390686449126935e-06	-3.9390686449126935e-06
GCM1	chr6:53178774-53179275	16	0.0	0.0	0	0.0	0.0	0.0	unsupported	True	3.6102095442450903e-06	-3.6102095442450903e-06
GCM1	chr6:53098857-53099358	17	0.0	0.0	0	0.0	0.0	0.0	unsupported	True	9.519027181888464e-07	-9.519027181888464e-07
GCM1	chr6:53273741-53274242	18	0.0	0.0	0	0.0	0.0	0.0	unsupported	True	1.6723523355399197e-07	-1.6723523355399197e-07
GCM1	chr6:53181195-53181696	19	0.0	0.0	0	0.0	0.0	0.0	unsupported	True	8.600008491867039e-08	-8.600008491867039e-08
PA2G4	chr12:56257350-56257851	0	-0.0013367992108913758	0.03659759619223884	1	0.03793439540313021	0.039947075422642815	5.545883179296155e-05	unsupported	True	0.0047742635923962	0.0047742635923962
PA2G4	chr12:56189365-56189866	1	0.005836101865312434	0.03962231264301814	1	0.0337862107777057	0.04378677391745145	5.861682032738886e-05	unsupported	True	0.0015473564525881	-0.0015473564525881
PA2G4	chr12:56117942-56118443	2	0.0009335093723700892	0.028830621058006028	1	0.02789711168563594	0.02849923250009036	2.292167779189857e-05	unsupported	True	0.0014362287403121	-0.0014362287403121
PA2G4	chr12:55996926-55997427	3	0.006628802993931031	0.04324214479542437	1	0.03661334180149334	0.042286823508624824	6.695016624785506e-05	unsupported	True	0.001432065640335	0.001432065640335
PA2G4	chr12:56247384-56247885	4	-0.019571010904875955	-0.002941962894455398	1	0.016629048010420557	0.025297335046878425	0.0	unsupported	True	0.0012819607400106	0.0012819607400106
PA2G4	chr12:56126081-56126582	5	0.020704462299356314	0.05200118605532835	1	0.031296723755972033	0.033130583987182785	5.3918924011434696e-05	unsupported	True	0.000834750643725	0.000834750643725
PA2G4	chr12:56158046-56158547	6	-0.0033933663039751928	0.007298849700093302	1	0.010692216004068495	0.015809532004889222	1.2337897517057251e-06	unsupported	True	0.0007383818342451	-0.0007383818342451
PA2G4	chr12:56224047-56224548	7	-0.0014980639079600778	0.027364986470912865	1	0.02886305037887294	0.026747936294652677	2.1126509307845254e-05	unsupported	True	0.0006442348902301	0.0006442348902301
PA2G4	chr12:56152262-56152763	8	-0.006024254134023843	0.02234623460459468	1	0.028370488738618523	0.03479236818529323	2.205744281354348e-05	unsupported	True	0.0006117118845806	-0.0006117118845806
PA2G4	chr12:56020742-56021243	9	0.0019397498969004018	0.03209124657715555	1	0.030151496680255147	0.03738791918753504	3.617651750395449e-05	unsupported	True	0.0005606330663011	-0.0005606330663011
PA2G4	chr12:56221139-56221640	10	0.013893491386827892	0.04071882691945683	1	0.02682533553262894	0.027451515463228476	2.998518587674757e-05	unsupported	True	0.0005538249326133	-0.0005538249326133
PA2G4	chr12:55973634-55974135	11	-0.005542516305584714	0.016950084814246376	1	0.02249260111983109	0.02576363351571035	9.822423837628865e-06	unsupported	True	0.0005476010352046	-0.0005476010352046
PA2G4	chr12:56104213-56104714	12	-0.007620550483879026	0.022447051004656424	1	0.030067601488535448	0.032116564968525316	2.1676400570227027e-05	unsupported	True	0.000518637357702	0.000518637357702
PA2G4	chr12:56116326-56116827	13	-0.007099769849083631	0.01736274007829957	1	0.024462509927383202	0.031223902198216434	1.3261921616676408e-05	unsupported	True	0.0004282929712479	-0.0004282929712479
PA2G4	chr12:56142150-56142651	14	0.0016549066004903816	0.05452348770090771	3	0.052868581100417325	0.046956000638141905	0.0001353544016199866	unsupported	True	0.0004223572432251	0.0004223572432251
PA2G4	chr12:56021279-56021780	15	-0.00550805475744574	0.006228836624367161	3	0.0117368913818129	0.013640914138051213	9.9724875018533e-07	unsupported	True	0.0003787360332535	-0.0003787360332535
PA2G4	chr12:56041555-56042056	16	-0.004224446417978603	0.021924751828827718	1	0.02614919824680632	0.024755016116988857	1.4192414195096887e-05	unsupported	True	0.00037326913863	-0.00037326913863
PA2G4	chr12:56236625-56237126	17	-0.008566607982398902	0.010356549283016596	0	0.018923157265415498	0.020395845812181082	3.997149528557009e-06	unsupported	True	0.0003670028806293	0.0003670028806293
PA2G4	chr12:56047048-56047549	18	0.006505568476179989	0.05831951890261541	1	0.05181395042643542	0.07862019126764501	0.0002375717156382919	unsupported	True	0.0003207690398649	-0.0003207690398649
PA2G4	chr12:56250467-56250968	19	-0.007085521433564266	0.029715541238590992	0	0.03680106267215526	0.04466294274883313	4.884176378987241e-05	unsupported	True	0.0003192363083885	-0.0003192363083885
OSER1	chr20:44210650-44211151	0	-0.007172365437281467	0.05707567140117695	1	0.06424803683845841	0.07636288734820999	0.00028002269559332984	unsupported	True	0.0033669171015971	-0.0033669171015971
OSER1	chr20:44190121-44190622	1	-0.006297240572300752	0.0470611265971519	1	0.05335836716945265	0.06008548373534783	0.0001508809509670766	unsupported	True	0.0028695907043138	0.0028695907043138
OSER1	chr20:44080667-44081168	2	-0.016012403936887985	0.0669082347150212	1	0.08292063865190918	0.0960898274125831	0.0005331134302417187	unsupported	True	0.0023326974879955	0.0023326974879955
OSER1	chr20:44247024-44247525	3	-0.007247545154435508	0.056500807173637604	1	0.06374835232807312	0.07151725882917526	0.0002575932488472999	unsupported	True	0.0018860242636654	0.0018860242636654
OSER1	chr20:44311009-44311510	4	-0.009275987429865129	0.05146928053115128	1	0.06074526796101641	0.07009535399352765	0.00021915419234751833	unsupported	True	0.0015314380330121	-0.0015314380330121
OSER1	chr20:44247861-44248362	5	-0.003237609766123901	0.06074258714031453	1	0.06398019690643843	0.06721047151290421	0.00026120158016685935	unsupported	True	0.0012862362372976	0.0012862362372976
OSER1	chr20:44270643-44271144	6	5.275102524390644e-05	0.04000513904514867	1	0.039952388019904764	0.046534713864970344	7.437647216284363e-05	unsupported	True	0.0011016808851094	0.0011016808851094
OSER1	chr20:44070315-44070816	7	-0.0171668363378261	0.07097686818745415	1	0.08814370452528025	0.08105737219358072	0.0005071082217669053	unsupported	True	0.0005796311552751	-0.0005796311552751
OSER1	chr20:44087291-44087792	8	0.002760954875018085	0.05719682368100938	1	0.0544358688059913	0.06506660410113645	0.0002025886971357695	unsupported	True	0.0005758828237587	0.0005758828237587
OSER1	chr20:44092940-44093441	9	0.0047544611476766745	0.0377384461398087	1	0.03298398499213202	0.04779100260621872	5.948853586972583e-05	unsupported	True	0.0004929623407953	0.0004929623407953
OSER1	chr20:44253409-44253910	10	-0.004651661137937785	0.035683147265132435	1	0.04033480840307022	0.04638883570020974	6.676619446428856e-05	unsupported	True	0.0003734275665077	0.0003734275665077
OSER1	chr20:44166522-44167023	11	-0.0193115605039288	0.0023023326250004514	1	0.02161389312892925	0.025661992189488475	1.2770015837338506e-06	unsupported	True	0.0003179788348202	0.0003179788348202
OSER1	chr20:44074530-44075031	12	-0.01635979878962486	0.06889397844585013	1	0.08525377723547499	0.09573040895203172	0.0005622698661212752	unsupported	True	0.0003107570837663	-0.0003107570837663
OSER1	chr20:44116602-44117103	13	-0.014079113668407115	0.04527601767902099	1	0.059355131347428106	0.06881680839732576	0.00018493581184587298	unsupported	True	0.0002800373155442	0.0002800373155442
OSER1	chr20:44214977-44215478	14	-0.0006981209677063187	0.03162456716899217	1	0.03232268813669849	0.01810126396274444	1.8502949510681062e-05	unsupported	True	0.0001975155889182	0.0001975155889182
OSER1	chr20:44105057-44105558	15	0.0014907965068738857	0.027717265782227274	5	0.026226469275353388	0.024076941291163965	1.750215509294126e-05	unsupported	True	0.0001896552762379	0.0001896552762379
OSER1	chr20:44153688-44154189	16	-0.005614451131345761	0.05261844596205016	3	0.05823289709339592	0.059698852445601594	0.00018292471932106875	unsupported	True	0.0001844544141664	-0.0001844544141664
OSER1	chr20:44056009-44056510	17	-0.020773346373338275	0.06780398475270681	1	0.08857733112604509	0.10592479050545037	0.0006361732765620548	unsupported	True	9.90134660916781e-05	-9.90134660916781e-05
OSER1	chr20:44154634-44155135	18	-0.009767788639899879	0.025443357177174667	3	0.035211145817074546	0.025939114401410033	2.3238586966390203e-05	unsupported	True	6.89396616490419e-05	6.89396616490419e-05
OSER1	chr20:44186927-44187428	19	-0.015578939733084246	0.04695652911622781	1	0.06253546884931205	0.06379168160935463	0.00018732099184543157	unsupported	True	4.641328327699951e-05	-4.641328327699951e-05
KRT13	chr17:41489817-41490318	0	0.0	0.0	0	0.0	0.0	0.0	unsupported	True	0.0094713427033143	0.0094713427033143
KRT13	chr17:41629009-41629510	1	0.0	0.0	0	0.0	0.0	0.0	unsupported	True	0.0029346858175517	0.0029346858175517
KRT13	chr17:41601004-41601505	2	0.0	0.0	0	0.0	0.0	0.0	unsupported	True	0.0014984496459813	0.0014984496459813
KRT13	chr17:41558291-41558792	3	0.0	0.0	0	0.0	0.0	0.0	unsupported	True	0.0010648532622383	0.0010648532622383
KRT13	chr17:41416535-41417036	4	0.0	0.0	0	0.0	0.0	0.0	unsupported	True	0.0007030024248843	0.0007030024248843
KRT13	chr17:41647815-41648316	5	0.0	0.0	0	0.0	0.0	0.0	unsupported	True	0.0005915085280757	-0.0005915085280757
KRT13	chr17:41412847-41413348	6	0.0	0.0	0	0.0	0.0	0.0	unsupported	True	0.0004392200655497	0.0004392200655497
KRT13	chr17:41563546-41564047	7	0.0	0.0	0	0.0	0.0	0.0	unsupported	True	0.0003368689155057	0.0003368689155057
KRT13	chr17:41519590-41520091	8	0.0	0.0	0	0.0	0.0	0.0	unsupported	True	0.000244802777701	0.000244802777701
KRT13	chr17:41527426-41527927	9	0.0	0.0	0	0.0	0.0	0.0	unsupported	True	0.0002195470012124	0.0002195470012124
KRT13	chr17:41635471-41635972	10	0.0	0.0	0	0.0	0.0	0.0	unsupported	True	0.0001108448863651	-0.0001108448863651
KRT13	chr17:41648573-41649074	11	0.0	0.0	0	0.0	0.0	0.0	unsupported	True	8.928592743317218e-05	-8.928592743317218e-05
KRT13	chr17:41528042-41528543	12	0.0	0.0	0	0.0	0.0	0.0	unsupported	True	8.803275048991471e-05	8.803275048991471e-05
KRT13	chr17:41549178-41549679	13	0.0	0.0	0	0.0	0.0	0.0	unsupported	True	7.631748154754959e-05	7.631748154754959e-05
KRT13	chr17:41547219-41547720	14	0.0	0.0	0	0.0	0.0	0.0	unsupported	True	7.180445880982284e-05	7.180445880982284e-05
KRT13	chr17:41610963-41611464	15	0.0	0.0	0	0.0	0.0	0.0	unsupported	True	5.206094321716679e-05	-5.206094321716679e-05
KRT13	chr17:41433529-41434030	16	0.0	0.0	0	0.0	0.0	0.0	unsupported	True	3.934207136937375e-05	3.934207136937375e-05
KRT13	chr17:41544302-41544803	17	0.0	0.0	0	0.0	0.0	0.0	unsupported	True	2.6162739679620727e-05	-2.6162739679620727e-05
KRT13	chr17:41521040-41521541	18	0.0	0.0	0	0.0	0.0	0.0	unsupported	True	1.90318294044926e-05	-1.90318294044926e-05
KRT13	chr17:41617742-41618243	19	0.0	0.0	0	0.0	0.0	0.0	unsupported	True	1.133395589821242e-05	-1.133395589821242e-05
TMEM33	chr4:41815372-41815873	0	-0.014585193070634975	0.013280956844210228	2	0.027866149914845203	0.041227225143479665	1.5257748068439301e-05	unsupported	True	0.0037028262810404	0.0037028262810404
TMEM33	chr4:42087705-42088206	1	-0.01092642355795368	0.015001529545203751	2	0.02592795310315743	0.03818393333321561	1.485198278888919e-05	unsupported	True	0.0031235137857565	0.0031235137857565
TMEM33	chr4:41882706-41883207	2	-0.009527576393829267	0.05226427470568872	1	0.061791851099517986	0.08670021830617472	0.00027999889953515616	unsupported	True	0.0026587256536845	-0.0026587256536845
TMEM33	chr4:41888048-41888549	3	-0.012086730470214782	0.014601516509982603	2	0.026688246980197387	0.02582531430040307	1.0063837777063521e-05	unsupported	True	0.0016290878843324	0.0016290878843324
TMEM33	chr4:41990246-41990747	4	-0.010960897421883492	0.0457841341986751	1	0.05674503162055859	0.07606633550376832	0.0001976220239622479	unsupported	True	0.0016123579195403	-0.0016123579195403
TMEM33	chr4:41934864-41935365	5	-0.013937041112136122	0.042485296415822854	1	0.05642233752795898	0.07120888720271382	0.00017069622877465319	unsupported	True	0.0013561996405249	0.0013561996405249
TMEM33	chr4:41960004-41960505	6	-0.019418677219479697	0.021909330670032864	1	0.04132800788951256	0.05595342486202644	5.066409114078664e-05	unsupported	True	0.0008658454900026	0.0008658454900026
TMEM33	chr4:41873797-41874298	7	0.009630186055216676	0.056104037703794116	1	0.04647385164857744	0.06441794960412942	0.00016796147597085634	unsupported	True	0.0007840581963129	0.0007840581963129
TMEM33	chr4:41925654-41926155	8	-0.01837406155514415	0.012111978791409813	1	0.030486040346553965	0.05228001365509013	1.9304200252641706e-05	unsupported	True	0.0006865365175853	-0.0006865365175853
TMEM33	chr4:41977115-41977616	9	0.0051734988212733405	0.062166528375816106	2	0.056993029554542766	0.09023118938954043	0.00031969440861089965	unsupported	True	0.0005035392126882	-0.0005035392126882
TMEM33	chr4:41880277-41880778	10	-0.023797494484981398	0.001384911259132842	5	0.02518240574411424	0.027467192337374546	9.579292440277619e-07	unsupported	True	0.0003911016587346	0.0003911016587346
TMEM33	chr4:41963023-41963524	11	-0.0023218766680612223	0.007439735794887898	0	0.00976161246294912	0.016054197662150042	1.1659171236362114e-06	unsupported	True	0.0003658673360857	0.0003658673360857
TMEM33	chr4:41867031-41867532	12	-0.0026412616385583024	0.08905696217998046	5	0.09169822381853876	0.11435859680763079	0.0009338940710748094	unsupported	True	0.0002318770443802	-0.0002318770443802
TMEM33	chr4:42072701-42073202	13	-0.002921314800431574	0.03232321479089789	2	0.03524452959132947	0.05645487187913409	6.431432156052272e-05	unsupported	True	8.88760769703639e-05	-8.88760769703639e-05
TMEM33	chr4:41822162-41822663	14	-0.013817038941528905	0.01081353510575963	4	0.024630574047288536	0.02739510694247646	7.296510779065097e-06	unsupported	True	4.641408972542743e-05	-4.641408972542743e-05
TMEM33	chr4:41859073-41859574	15	0.007867193987968223	0.03486955818561405	2	0.027002364197645824	0.050749910959376074	4.7784112021966615e-05	unsupported	True	4.074437497681356e-05	-4.074437497681356e-05
POLG2	chr17:64349768-64350269	0	0.03590098663599543	0.08668845306746746	5	0.05078746643147203	0.05598663405035384	0.00024649162031755817	unsupported	True	0.0027089004711707	0.0027089004711707
POLG2	chr17:64409403-64409904	1	0.006949133616377113	0.055510788500077575	5	0.04856165488370046	0.04832798180558402	0.000130277535326743	unsupported	True	0.0020974800185018	0.0020974800185018
POLG2	chr17:64395253-64395754	2	0.04420727770344279	0.067428408453717	0	0.02322113075027421	0.03865196595456691	6.051985253000257e-05	unsupported	True	0.0017290857891337	0.0017290857891337
POLG2	chr17:64646158-64646659	3	0.05123733734052023	0.07896689257747336	1	0.027729555236953127	0.04126991706268375	9.036943112368245e-05	unsupported	True	0.0015644515103487	-0.0015644515103487
POLG2	chr17:64541264-64541765	4	0.04312062428512513	0.08969804881636459	4	0.04657742453123946	0.04599051688464803	0.00019214396902330456	unsupported	True	0.0015158745810036	0.0015158745810036
POLG2	chr17:64534203-64534704	5	0.05739281810749951	0.09212592503321393	0	0.03473310692571442	0.044761296339512466	0.00014322807356383598	unsupported	True	0.0011924685722077	0.0011924685722077
POLG2	chr17:64546672-64547173	6	0.018590820781238537	0.09053088871371807	4	0.07194006793247953	0.06316851566542203	0.00041140380043191185	unsupported	True	0.0010192090888791	0.0010192090888791
POLG2	chr17:64496849-64497350	7	0.0287828073025198	0.04653330946506938	2	0.01775050216254958	0.022984267771765637	1.8984766379608666e-05	unsupported	True	0.0009183232515987	0.0009183232515987
POLG2	chr17:64611278-64611779	8	0.03249608397217961	0.11014251039976941	4	0.0776464264275898	0.09817357263747659	0.0008395973114774879	unsupported	True	0.0009057910014851	-0.0009057910014851
POLG2	chr17:64499740-64500241	9	0.019412964809199552	0.0413617257252132	5	0.021948760916013645	0.020975056357567537	1.9041966407196583e-05	unsupported	True	0.0008371574634222	-0.0008371574634222
POLG2	chr17:64505292-64505793	10	0.03510511508770801	0.04564836056467315	1	0.01054324547696514	0.012720598996930767	6.122193686175106e-06	unsupported	True	0.0008202219555166	-0.0008202219555166
POLG2	chr17:64418635-64419136	11	0.009416043188718547	0.031827989276048185	5	0.02241194608732964	0.029083976214226495	2.0746390728022027e-05	unsupported	True	0.0008018687145146	0.0008018687145146
POLG2	chr17:64357341-64357842	12	-0.009722482338434344	0.01989070962739026	0	0.029613191965824605	0.03608701800678928	2.1256242481678438e-05	unsupported	True	0.0003869167084837	0.0003869167084837
POLG2	chr17:64333928-64334429	13	0.04291222475272115	0.08533123210884655	1	0.0424190073561254	0.04968571247788982	0.00017984569221753192	unsupported	True	0.00030976708247	-0.00030976708247
POLG2	chr17:64602377-64602878	14	0.03372973995244338	0.07053772984241834	1	0.036807989889974954	0.04372230373707804	0.0001135184928030125	unsupported	True	0.0002968943320175	0.0002968943320175
POLG2	chr17:64395765-64396266	15	0.055094946364228146	0.09532141236325717	4	0.04022646599902902	0.03542213994992398	0.00013582419617897245	unsupported	True	0.000258011805794	-0.000258011805794
POLG2	chr17:64442494-64442995	16	-0.005269080452358797	0.005808468967476703	0	0.011077549419835499	0.007483014406446931	4.814841010340248e-07	unsupported	True	0.0002403139153046	0.0002403139153046
POLG2	chr17:64642184-64642685	17	0.0037375381846196155	0.03940387054248044	3	0.035666332357860826	0.037068444461974825	5.2095678357327953e-05	unsupported	True	0.0002126159856971	-0.0002126159856971
POLG2	chr17:64344133-64344634	18	0.020340461550002277	0.09382467616133197	0	0.0734842146113297	0.08762350324454768	0.0006041318654026758	unsupported	True	0.000137045623794	-0.000137045623794
POLG2	chr17:64573189-64573690	19	-0.008741149783134524	0.03614386235100607	5	0.044885012134140596	0.05360478770965979	8.696399591682385e-05	unsupported	True	0.000134450729005	0.000134450729005
SPRTN	chr1:231211235-231211736	0	0.027038387528486602	0.06844766854543634	1	0.04140928101694974	0.023831616581336486	6.754758910358274e-05	unsupported	True	0.0026795976964392	0.0026795976964392
SPRTN	chr1:231383041-231383542	1	0.043004567058527746	0.08850871681514151	1	0.045504149756613765	0.1045164387599823	0.00042094141037784556	unsupported	True	0.002677008087206	0.002677008087206
SPRTN	chr1:231499273-231499774	2	0.050083928687723815	0.1847851835605772	4	0.13470125487285337	0.19027279469413852	0.004736041337539873	unsupported	True	0.0022032224069247	0.0022032224069247
SPRTN	chr1:231357765-231358266	3	0.04216253357571439	0.07676047100103947	1	0.03459793742532508	0.04401126738432321	0.00011688309818770284	unsupported	True	0.0016102918992055	0.0016102918992055
SPRTN	chr1:231337697-231338198	4	0.011656508925518158	0.05350664586481485	5	0.04185013693929669	0.03740282441458386	8.3754665676916e-05	unsupported	True	0.0013631496734676	-0.0013631496734676
SPRTN	chr1:231240971-231241472	5	0.011698851122678877	0.0567370045562112	5	0.045038153433532326	0.02973721210969508	7.59883877390436e-05	unsupported	True	0.0012980913055576	-0.0012980913055576
SPRTN	chr1:231421151-231421652	6	0.0411568379669911	0.07175099365569161	1	0.03059415568870051	0.0381778551747833	8.38065414433159e-05	unsupported	True	0.0010883589090485	0.0010883589090485
SPRTN	chr1:231187563-231188064	7	0.001295238387719485	0.021047292401224885	1	0.0197520540135054	0.018607464837956007	7.73563030465739e-06	unsupported	True	0.0007345110566474	0.0007345110566474
SPRTN	chr1:231395845-231396346	8	0.04298369210727066	0.12984963862460408	4	0.08686594651733343	0.09481480779459636	0.001069464739926231	unsupported	True	0.0007159780978108	0.0007159780978108
SPRTN	chr1:231384508-231385009	9	0.00533251019031649	0.05152362218365134	5	0.04619111199333485	0.038261973952096774	9.106094985752073e-05	unsupported	True	0.0007094964014353	0.0007094964014353
SPRTN	chr1:231188153-231188654	10	-0.007454732598397226	0.022491916834456234	2	0.02994664943285346	0.025974249003017424	1.749515148297387e-05	unsupported	True	0.0006819919367986	0.0006819919367986
SPRTN	chr1:231192715-231193216	11	0.04372343461530324	0.09394889343371765	1	0.05022545881841441	0.10364411358403411	0.0004890578379374143	unsupported	True	0.0005404193981431	0.0005404193981431
SPRTN	chr1:231381399-231381900	12	0.02013099324061548	0.18603477685773792	4	0.16590378361712244	0.18790825505969974	0.0057995765884130595	unsupported	True	0.00050158521379	0.00050158521379
SPRTN	chr1:231478009-231478510	13	-0.006553427707243755	0.09312018390798787	5	0.09967361161523162	0.11048785830711681	0.0010255068727636559	unsupported	True	0.0003867689169469	-0.0003867689169469
SPRTN	chr1:231471823-231472324	14	-0.008120430015183481	0.04114759247322254	4	0.04926802248840602	0.048284437146823914	9.788513273880282e-05	unsupported	True	0.0002819966038191	-0.0002819966038191
SPRTN	chr1:231406678-231407179	15	0.02019851452535971	0.13483877303898864	5	0.11464025851362893	0.1532403462206487	0.0023687818855179033	unsupported	True	0.0001609484214776	0.0001609484214776
SPRTN	chr1:231389022-231389523	16	-0.018521768281336795	0.006048798413378981	5	0.024570566694715777	0.026766635258486684	3.978121701559821e-06	unsupported	True	0.0001449734656628	0.0001449734656628
SPRTN	chr1:231377076-231377577	17	0.026704578871571055	0.10285228431256706	5	0.076147705440996	0.09893068311995117	0.000774821692117298	unsupported	True	0.0001171042805158	0.0001171042805158
SPRTN	chr1:231283451-231283952	18	-0.0058489598074838965	0.027564605661903146	5	0.03341356546938704	0.04057402736780832	3.7369967671393184e-05	unsupported	True	0.0001082333647207	-0.0001082333647207
SPRTN	chr1:231382274-231382775	19	-0.005514393369985391	0.07153481004815217	0	0.07704920341813756	0.07535415155629348	0.0004153294869950164	unsupported	True	7.522115123664235e-05	-7.522115123664235e-05
YTHDF1	chr20:63139281-63139782	0	-0.005151950308030169	0.06394566183836256	1	0.06909761214639273	0.10014386269910155	0.0004424849102779426	unsupported	True	0.0025636174119312	0.0025636174119312
YTHDF1	chr20:63342726-63343227	1	0.008338735203691766	0.1598643744373336	1	0.15152563923364182	0.1645649434427629	0.003986347387073511	unsupported	True	0.0015179675580935	0.0015179675580935
YTHDF1	chr20:63234672-63235173	2	-0.0017765103871108512	0.06175615114129958	1	0.06353266152841043	0.09154674531413523	0.00035918664403595445	unsupported	True	0.0013495834164645	0.0013495834164645
YTHDF1	chr20:63179165-63179666	3	0.009300304591925126	0.09023342884082507	1	0.08093312424889994	0.10185455914246169	0.0007438309412370573	unsupported	True	0.0012153118314123	0.0012153118314123
YTHDF1	chr20:63117059-63117560	4	0.02476506805350763	0.12850787800008476	1	0.10374280994657713	0.11716612554342026	0.001562031645852306	unsupported	True	0.0011607251825521	0.0011607251825521
YTHDF1	chr20:63177254-63177755	5	0.010003655935202728	0.1130791278681725	1	0.10307547193296976	0.13753539396403772	0.0016030691556093142	unsupported	True	0.0011201131299336	0.0011201131299336
YTHDF1	chr20:63322332-63322833	6	0.002866209935951801	0.08706420520560665	1	0.08419799526965485	0.10904754646987601	0.0007993873832999105	unsupported	True	0.0010970322571997	0.0010970322571997
YTHDF1	chr20:63254322-63254823	7	0.0009490265127747983	0.0492652632337674	3	0.0483162367209926	0.02863832183385174	6.816814457260499e-05	unsupported	True	0.0009591647173611	-0.0009591647173611
YTHDF1	chr20:63163604-63164105	8	0.0012208379144937214	0.052286336060204344	1	0.051065498145710625	0.05955712088981344	0.00015901916829273645	unsupported	True	0.000866836128813	-0.000866836128813
YTHDF1	chr20:63189148-63189649	9	0.009062253331449674	0.07555185865400371	1	0.06648960532255403	0.07565276127816255	0.0003800350844092411	unsupported	True	0.0008242662560227	0.0008242662560227
YTHDF1	chr20:63118363-63118864	10	0.005850396422049172	0.11689367084971668	1	0.11104327442766751	0.1474806622649298	0.001914336746974712	unsupported	True	0.000767463158014	0.000767463158014
YTHDF1	chr20:63102860-63103361	11	-0.008104870355927335	0.03986027018073774	1	0.04796514053666508	0.06172376138913953	0.00011800987302882923	unsupported	True	0.0006710385351439	0.0006710385351439
YTHDF1	chr20:63100096-63100597	12	0.01347931495428334	0.089499698169704	0	0.07602038321542066	0.12214099094074364	0.0008310230393614221	unsupported	True	0.0006191889527271	0.0006191889527271
YTHDF1	chr20:63092436-63092937	13	-0.017090277188423715	0.03263189191186643	2	0.04972216910029015	0.05913644078428175	9.595055746847279e-05	unsupported	True	0.0005621061849538	0.0005621061849538
YTHDF1	chr20:63216013-63216514	14	-0.0006735041497443157	0.07316601497426962	1	0.07383951912401394	0.09569411736006637	0.0005169916185184652	unsupported	True	0.0005106350176969	-0.0005106350176969
YTHDF1	chr20:63272522-63273023	15	0.0010587020001399992	0.08656566061158409	1	0.0855069586114441	0.10325137242334048	0.0007642631852071333	unsupported	True	0.0004716113093006	-0.0004716113093006
YTHDF1	chr20:63101756-63102257	16	0.0012424324742690777	0.075600978858132	1	0.07435854638386291	0.09882183393192716	0.0005555347358079542	unsupported	True	0.0004603265630769	0.0004603265630769
YTHDF1	chr20:63295382-63295883	17	0.017521304605719896	0.1270240732662455	1	0.10950276866052562	0.09108128975107123	0.0012668940803298204	unsupported	True	0.0004573725627834	0.0004573725627834
YTHDF1	chr20:63151794-63152295	18	-0.0019139207214379508	0.07669404074978568	1	0.07860796147122363	0.10571834025048946	0.0006373507335839464	unsupported	True	0.0004524915182396	0.0004524915182396
YTHDF1	chr20:63071649-63072150	19	-0.004730951105304092	0.10336301671778599	1	0.10809396782309008	0.14250552522644616	0.0015922026338599051	unsupported	True	0.0004305680634004	0.0004305680634004
KLC3	chr19:45467440-45467941	0	-0.01438844726507981	0.008962942542480546	0	0.023351389807560356	0.03434216039100608	7.187716814353905e-06	unsupported	True	0.003051760171552	-0.003051760171552
KLC3	chr19:45217342-45217843	1	-0.027258521033084543	-0.009747505689210343	3	0.017511015343874198	0.023304440033499976	0.0	unsupported	True	0.0017310920140581	0.0017310920140581
KLC3	chr19:45423584-45424085	2	-0.018016110273144162	0.007709116923536496	3	0.025725227196680658	0.028292091656532094	5.610853223865459e-06	unsupported	True	0.0017035596062959	0.0017035596062959
KLC3	chr19:45273469-45273970	3	0.0012491174130862673	0.02662128912478639	0	0.02537217171170012	0.047173044297783025	3.1862557212915986e-05	unsupported	True	0.0016657125799768	0.0016657125799768
KLC3	chr19:45478387-45478888	4	-0.018449498351858603	0.004134843413366701	3	0.022584341765225304	0.021374407265127873	1.9960002202611906e-06	unsupported	True	0.0013050291032234	0.0013050291032234
KLC3	chr19:45405287-45405788	5	-0.018435175012524018	0.020393800031755827	3	0.038828975044279845	0.029743165400737685	2.3552730870082663e-05	unsupported	True	0.0010991661026459	0.0010991661026459
KLC3	chr19:45439601-45440102	6	-0.01696952653014308	0.00872119341264825	3	0.025690719942791332	0.03471987512428924	7.779117788215721e-06	unsupported	True	0.0010808242664366	-0.0010808242664366
KLC3	chr19:45300519-45301020	7	-0.018506811883531583	0.009302017073917637	3	0.027808828957449218	0.03192477970664116	8.258244606348615e-06	unsupported	True	0.000824323362298	0.000824323362298
KLC3	chr19:45250993-45251494	8	-0.013769461877198214	0.002171840548994063	0	0.015941302426192277	0.01611946411871757	5.580875549851838e-07	unsupported	True	0.000799802730886	0.000799802730886
KLC3	chr19:45322180-45322681	9	-0.014010961684902283	0.052070849982339865	3	0.06608181166724214	0.07491711858193363	0.00025778501797786503	unsupported	True	0.0007800085845137	0.0007800085845137
KLC3	chr19:45200687-45201188	10	-0.027284363860888186	-0.012635580422868884	3	0.014648783438019302	0.02169649302477101	0.0	unsupported	True	0.0006496811466237	0.0006496811466237
KLC3	chr19:45450646-45451147	11	-0.014786064624276783	0.008057152025725508	0	0.02284321665000229	0.027898869307627534	5.134822308261362e-06	unsupported	True	0.0005371916525863	-0.0005371916525863
KLC3	chr19:45496275-45496776	12	-0.010764104766551473	0.023116341663454	0	0.03388044643000547	0.03488488031666487	2.7321558326325394e-05	unsupported	True	0.0004697502360774	-0.0004697502360774
KLC3	chr19:45385434-45385935	13	-0.017470973469444994	-0.004879035433158679	3	0.012591938036286315	0.011629674782333156	0.0	unsupported	True	0.0004585494937346	0.0004585494937346
KLC3	chr19:45251534-45252035	14	-0.014089301153198857	0.027395507067656914	3	0.04148480822085577	0.047544828191274716	5.4034571569599686e-05	unsupported	True	0.0003832160779646	0.0003832160779646
KLC3	chr19:45197824-45198325	15	-0.005855743483730846	0.02458300599269838	0	0.030438749476429227	0.0405589993800028	3.0349324229724395e-05	unsupported	True	0.0003601664383985	0.0003601664383985
KLC3	chr19:45444160-45444661	16	-0.017580495005562163	0.04579140746927027	3	0.06337190247483243	0.059553289121422895	0.00017281701128991548	unsupported	True	0.0003187123385164	-0.0003187123385164
KLC3	chr19:45478891-45479392	17	-0.023540335832186676	-0.005173891117714087	4	0.018366444714472588	0.017511276955795782	0.0	unsupported	True	0.0003042765090469	0.0003042765090469
KLC3	chr19:45326092-45326593	18	-0.014762136523269763	0.00667301276394799	3	0.021435149287217754	0.016268391765992332	2.3269823563376297e-06	unsupported	True	0.0002921398867252	0.0002921398867252
KLC3	chr19:45370429-45370930	19	-0.016253415690704286	0.0036703848991239477	3	0.019923800589828233	0.023293332266828677	1.703395193757362e-06	unsupported	True	0.0002601577671671	-0.0002601577671671
SARDH	chr9:133645021-133645522	0	-0.0022911438200899628	0.04080456424499856	0	0.04309570806508852	0.058737082042305405	0.00010328925207087926	unsupported	True	0.0031375610934854	0.0031375610934854
SARDH	chr9:133659436-133659937	1	-0.00460764006024373	0.05126932952028717	0	0.0558769695805309	0.07409940186662951	0.00021227809664464372	unsupported	True	0.0021914611330869	0.0021914611330869
SARDH	chr9:133658541-133659042	2	-0.016818437323274472	0.04121986591896271	2	0.05803830324223719	0.056846263479171474	0.00013599508277854726	unsupported	True	0.0018761275307387	0.0018761275307387
SARDH	chr9:133863898-133864399	3	-0.013200554040117598	0.027856314018021765	0	0.041056868058139365	0.04916621139901786	5.623105226708694e-05	unsupported	True	0.001489354132445	0.001489354132445
SARDH	chr9:133738133-133738634	4	-0.013885759334714413	0.04253717558375429	0	0.056422934918468705	0.06153328167711243	0.00014768432424001334	unsupported	True	0.001311496606615	0.001311496606615
SARDH	chr9:133637887-133638388	5	-0.005807134144580703	0.013912950029658318	0	0.01972008417423902	0.020715846669504944	5.683693860204189e-06	unsupported	True	0.0008998004839839	0.0008998004839839
SARDH	chr9:133609159-133609660	6	-0.009225446384879734	0.059753318309188196	2	0.06897876469406793	0.07483122554323264	0.00030843261687017433	unsupported	True	0.0008121551271859	0.0008121551271859
SARDH	chr9:133888570-133889071	7	-0.017874861634264556	0.0021117250440347403	2	0.019986586678299296	0.02052723958554722	8.663762792151679e-07	unsupported	True	0.000725916111688	0.000725916111688
SARDH	chr9:133852309-133852810	8	-0.001895746543731329	0.03566040112549445	4	0.03755614766922578	0.03831525703747393	5.131437048171436e-05	unsupported	True	0.0006307628141785	-0.0006307628141785
SARDH	chr9:133737434-133737935	9	-0.02033749283034541	-0.001586151824816831	2	0.01875134100552858	0.02377720645329792	0.0	unsupported	True	0.0006182284148332	0.0006182284148332
SARDH	chr9:133811416-133811917	10	-0.0034585965235454648	0.025491194121264157	4	0.028949790644809622	0.028329338200562788	2.0906052503987272e-05	unsupported	True	0.0006056370529762	-0.0006056370529762
SARDH	chr9:133715733-133716234	11	-0.00933557234834247	0.023918307709772723	0	0.03325388005811519	0.04019139207759474	3.196729019860683e-05	unsupported	True	0.0005181447338791	0.0005181447338791
SARDH	chr9:133752725-133753226	12	-0.008224108389867537	0.022120460260690724	2	0.030344568650558262	0.023527861581098243	1.5792743577991414e-05	unsupported	True	0.0004701304552128	0.0004701304552128
SARDH	chr9:133825808-133826309	13	-0.00836592566736017	0.04158718964579408	4	0.04995311531315425	0.05633272007448281	0.00011702613797931293	unsupported	True	0.0004252443917546	0.0004252443917546
SARDH	chr9:133702379-133702880	14	-0.011954468332669738	0.06884647119172022	2	0.08080093952438995	0.08771025022612142	0.0004879198035619798	unsupported	True	0.000411400868096	0.000411400868096
SARDH	chr9:133534400-133534901	15	-0.019557052363233365	0.006910986521754465	2	0.026468038884987832	0.022459475021311303	4.108293010169157e-06	unsupported	True	0.0004072305534629	0.0004072305534629
SARDH	chr9:133759569-133760070	16	-0.012411960476706113	0.04518244077904787	2	0.057594401255753984	0.05840544744870468	0.00015198590409228887	unsupported	True	0.0003942861782087	0.0003942861782087
SARDH	chr9:133648045-133648546	17	-0.017501220037336417	0.015313269104194876	2	0.03281448914153129	0.0361868392319209	1.818378187139277e-05	unsupported	True	0.0003941800030273	0.0003941800030273
SARDH	chr9:133706314-133706815	18	0.01121379619710433	0.10605853888199318	2	0.09484474268488885	0.11368997310860093	0.0011436182206965924	unsupported	True	0.0003790952411198	-0.0003790952411198
SARDH	chr9:133619782-133620283	19	-0.016098733954100452	0.006747756751102458	2	0.02284649070520291	0.031484032659053404	4.853659133506545e-06	unsupported	True	0.0003757290307313	0.0003757290307313
NWD1	chr19:16587865-16588366	0	0.04513082044244664	0.10906394106947125	4	0.06393312062702461	0.10906394106947125	0.0007604808411171498	unsupported	True	0.0023785866523317	0.0023785866523317
NWD1	chr19:16733857-16734358	1	0.010248107549653303	0.05424477279075037	4	0.04399666524109707	0.05504692876504716	0.00013137440070505718	unsupported	True	0.0020131632631215	0.0020131632631215
NWD1	chr19:16628123-16628624	2	0.02352137612884662	0.0679412428763472	5	0.04441986674750058	0.0679412428763472	0.00020504265942554716	unsupported	True	0.0019250594836509	-0.0019250594836509
NWD1	chr19:16825221-16825722	3	0.017761036841350646	0.040712824183515815	4	0.02295178734216517	0.040712824183515815	3.804336909680425e-05	unsupported	True	0.0019098371818792	0.0019098371818792
NWD1	chr19:16719580-16720081	4	0.024121983779234055	0.07654493820037435	4	0.0524229544211403	0.07440254659433898	0.0002985559771488438	unsupported	True	0.0012202838852303	0.0012202838852303
NWD1	chr19:16896902-16897403	5	0.007133065447308145	0.04021302858878676	5	0.03307996314147862	0.04021302858878676	5.349320046332739e-05	unsupported	True	0.0010535246745875	0.0010535246745875
NWD1	chr19:16714628-16715129	6	0.028811518151010504	0.07115460516749567	5	0.04234308701648516	0.0690985223375778	0.00020818732754431286	unsupported	True	0.0009918596518572	0.0009918596518572
NWD1	chr19:16605463-16605964	7	0.016503482638428723	0.04332005326133841	4	0.02681657062290969	0.04332005326133841	5.032470086894777e-05	unsupported	True	0.0007693884193762	0.0007693884193762
NWD1	chr19:16659993-16660494	8	0.022497843494950008	0.045206906440308926	4	0.022709062945358918	0.03307968001303454	3.3959813987311505e-05	unsupported	True	0.0007620338377818	-0.0007620338377818
NWD1	chr19:16572250-16572751	9	0.02145848714956114	0.039753837719131956	4	0.018295350569570816	0.03974810158851102	2.890920756848975e-05	unsupported	True	0.0007519122521683	-0.0007519122521683
NWD1	chr19:16586827-16587328	10	0.0302588608436364	0.08485663798165222	5	0.05459777713801582	0.08485663798165222	0.0003931394298724405	unsupported	True	0.0006379669995394	0.0006379669995394
NWD1	chr19:16843212-16843713	11	0.0013738638695649655	0.02286363361464193	5	0.021489769745076964	0.02286363361464193	1.1233685632187312e-05	unsupported	True	0.0006105368191712	0.0006105368191712
NWD1	chr19:16829117-16829618	12	0.025007755724678126	0.0664739450199944	5	0.04146618929531627	0.06271584627980903	0.00017287128747173417	unsupported	True	0.0006015130100547	-0.0006015130100547
NWD1	chr19:16737865-16738366	13	0.029154339238691908	0.06568276592747696	1	0.03652842668878505	0.06568276592747696	0.00015759187865821222	unsupported	True	0.0005656831120575	0.0005656831120575
NWD1	chr19:16584464-16584965	14	0.036834263873096657	0.1823468293081029	5	0.14551256543500624	0.18362386890488994	0.004872230737107477	unsupported	True	0.0004606378739549	0.0004606378739549
NWD1	chr19:16778715-16779216	15	0.018407713074875168	0.058994919024732334	4	0.040587205949857166	0.058994919024732334	0.0001412597306936901	unsupported	True	0.0003487539530318	0.0003487539530318
NWD1	chr19:16942612-16943113	16	0.0024018018900551705	0.016195811798211023	5	0.013794009908155852	0.016195811798211023	3.6182283863156475e-06	unsupported	True	0.0003170049370521	0.0003170049370521
NWD1	chr19:16609775-16610276	17	0.01717807698679144	0.07173618663385387	4	0.054558109647062425	0.07173618663385387	0.000280760422685835	unsupported	True	0.0003137922831278	0.0003137922831278
NWD1	chr19:16693741-16694242	18	0.023315053154333683	0.09026305956852607	5	0.06694800641419238	0.09026305956852607	0.000545453521242116	unsupported	True	0.0002213417896247	0.0002213417896247
NWD1	chr19:16771491-16771992	19	0.018573821050739032	0.06657223517947497	5	0.04799841412873594	0.06657223517947497	0.00021272237148260367	unsupported	True	0.0002181577478738	-0.0002181577478738
LSP1	chr11:1873214-1873715	0	-0.012399344884402566	0.0	0	0.012399344884402566	0.0	0.0	unsupported	True	0.003415639515743	0.003415639515743
LSP1	chr11:1936694-1937195	1	-0.008851854817515747	0.0	0	0.008851854817515747	0.0	0.0	unsupported	True	0.0021261355453106	0.0021261355453106
LSP1	chr11:1748717-1749218	2	-0.009309901085148902	0.0	0	0.009309901085148902	0.0	0.0	unsupported	True	0.0014873579782585	0.0014873579782585
LSP1	chr11:1894697-1895198	3	-0.009090257423988574	0.0	0	0.009090257423988574	0.0	0.0	unsupported	True	0.0013347981620605	0.0013347981620605
LSP1	chr11:1939131-1939632	4	-0.00973424869995519	0.0	0	0.00973424869995519	0.0	0.0	unsupported	True	0.0013030391045204	0.0013030391045204
LSP1	chr11:1837659-1838160	5	-0.015585577667442672	0.0	0	0.015585577667442672	0.0	0.0	unsupported	True	0.0012111494029443	0.0012111494029443
LSP1	chr11:1853732-1854233	6	-0.01119652115251672	0.0	0	0.01119652115251672	0.0	0.0	unsupported	True	0.0009610813704879	0.0009610813704879
LSP1	chr11:1748097-1748598	7	-0.01201402380804399	0.0	0	0.01201402380804399	0.0	0.0	unsupported	True	0.0008575864489074	0.0008575864489074
LSP1	chr11:1882401-1882902	8	-0.015672446999842073	0.0	0	0.015672446999842073	0.0	0.0	unsupported	True	0.0008421307870446	0.0008421307870446
LSP1	chr11:1763774-1764275	9	-0.016430235702171246	0.0	0	0.016430235702171246	0.0	0.0	unsupported	True	0.0006136623830519	-0.0006136623830519
LSP1	chr11:1708038-1708539	10	0.0007681647613392593	0.0	0	-0.0007681647613392593	0.0	0.0	unsupported	True	0.0005864107879816	0.0005864107879816
LSP1	chr11:1899530-1900031	11	-0.0005889504506731434	0.0	0	0.0005889504506731434	0.0	0.0	unsupported	True	0.0005794691321519	0.0005794691321519
LSP1	chr11:1930440-1930941	12	-0.00877701898805318	0.0	0	0.00877701898805318	0.0	0.0	unsupported	True	0.0005485681952029	0.0005485681952029
LSP1	chr11:1942146-1942647	13	-0.012296607953527596	0.0	0	0.012296607953527596	0.0	0.0	unsupported	True	0.0004192370154386	0.0004192370154386
LSP1	chr11:1827142-1827643	14	-0.011048713720538474	0.0	0	0.011048713720538474	0.0	0.0	unsupported	True	0.0004184342524835	-0.0004184342524835
LSP1	chr11:1870584-1871085	15	-0.011072681050652046	0.0	0	0.011072681050652046	0.0	0.0	unsupported	True	0.0003665838735474	0.0003665838735474
LSP1	chr11:1728238-1728739	16	-0.005786674848218417	0.0	0	0.005786674848218417	0.0	0.0	unsupported	True	0.0003398683130385	-0.0003398683130385
LSP1	chr11:1755851-1756352	17	-0.011493849472752088	0.0	0	0.011493849472752088	0.0	0.0	unsupported	True	0.000257651723104	0.000257651723104
LSP1	chr11:1832374-1832875	18	-0.012438248494086658	0.0	0	0.012438248494086658	0.0	0.0	unsupported	True	0.0002286561731799	-0.0002286561731799
LSP1	chr11:1785705-1786206	19	-0.010360352438698471	0.0	0	0.010360352438698471	0.0	0.0	unsupported	True	0.0001733888051585	-0.0001733888051585
PEX16	chr11:45994464-45994965	0	0.002149678771178432	0.06822257410605723	1	0.0660728953348788	0.08755973428538662	0.0003946897743867062	unsupported	True	0.0055555572162425	0.0055555572162425
PEX16	chr11:45872637-45873138	1	0.00949539582931202	0.06900774422937564	1	0.05951234840006362	0.08743513681639829	0.00035907974926684924	unsupported	True	0.0019092665913872	0.0019092665913872
PEX16	chr11:45995444-45995945	2	0.01272788106592122	0.041034842276866365	1	0.028306961210945145	0.0323782228946492	3.760962704252789e-05	unsupported	True	0.0016695535600986	0.0016695535600986
PEX16	chr11:45886134-45886635	3	0.017321496263239308	0.07813641228481745	1	0.06081491602157814	0.07437803987236088	0.00035343398430096805	unsupported	True	0.0012751511310727	0.0012751511310727
PEX16	chr11:45804836-45805337	4	0.017261854445055493	0.07888707747951515	1	0.06162522303445966	0.08422471475079689	0.00040945287038613907	unsupported	True	0.0009415876827638	0.0009415876827638
PEX16	chr11:45885348-45885849	5	0.01795413931308742	0.08528986542622836	1	0.06733572611314094	0.07668617991726982	0.0004404129504286208	unsupported	True	0.0009279715305662	0.0009279715305662
PEX16	chr11:45880346-45880847	6	-0.0048651464006747224	0.05566311752318746	1	0.06052826392386218	0.07701757713387111	0.00025948699459317655	unsupported	True	0.0008670282138376	0.0008670282138376
PEX16	chr11:46026869-46027370	7	0.000567905738470807	0.04177583712392643	1	0.04120793138545562	0.052848005773668896	9.097762155117616e-05	unsupported	True	0.0008432507737781	0.0008432507737781
PEX16	chr11:45907500-45908001	8	0.006021729054724207	0.03427011633565832	1	0.02824838728093411	0.02547603567864684	2.4662726446697378e-05	unsupported	True	0.0005933953097895	0.0005933953097895
PEX16	chr11:45964800-45965301	9	0.028888105027242705	0.11075998403444332	1	0.08187187900720061	0.08522319588609882	0.0007728148498619608	unsupported	True	0.000495134571873	-0.000495134571873
PEX16	chr11:45847129-45847630	10	0.021788587170696528	0.08425584822966926	1	0.06246726105897274	0.08857309101133243	0.00046618073289371453	unsupported	True	0.0004105528473347	-0.0004105528473347
PEX16	chr11:46003584-46004085	11	0.008181347377787343	0.05091731969124735	2	0.042735972313460005	0.04963800057345187	0.0001080123470562834	unsupported	True	0.0003789982848958	0.0003789982848958
PEX16	chr11:45771173-45771674	12	0.027529910216568386	0.10875676637276682	1	0.08122685615619843	0.09818741266962862	0.0008673846793230605	unsupported	True	0.000356650653708	-0.000356650653708
PEX16	chr11:45917883-45918384	13	0.022728471876415086	0.08942332930155364	1	0.06669485742513856	0.07727609715054418	0.0004608805317090865	unsupported	True	0.0003495082017542	-0.0003495082017542
PEX16	chr11:45982928-45983429	14	0.023740550348261218	0.08815863987219527	1	0.06441808952393405	0.08686802548040368	0.0004933244857677524	unsupported	True	0.000276087371223	0.000276087371223
PEX16	chr11:45906748-45907249	15	0.009035131194062851	0.04965868659610961	1	0.040623555402046756	0.05450325381604388	0.00010995009009755404	unsupported	True	0.0002596337539376	-0.0002596337539376
PEX16	chr11:45829266-45829767	16	-0.006069834480472851	0.019977529031460793	5	0.026047363511933645	0.03349414017988209	1.7429076457728127e-05	unsupported	True	0.0002592604238145	0.0002592604238145
PEX16	chr11:45947792-45948293	17	0.014291114021167563	0.08017210620308407	1	0.06588099218191651	0.07670335947330313	0.0004051331772075752	unsupported	True	0.0002440040959163	0.0002440040959163
PEX16	chr11:45771835-45772336	18	0.020545616916118625	0.08832156179812843	1	0.0677759448820098	0.0819499764349634	0.000490558894027137	unsupported	True	0.0002292606987888	0.0002292606987888
PEX16	chr11:45899304-45899805	19	0.0202493535985223	0.07746421559314347	1	0.05721486199462117	0.09269344004741699	0.0004108270039194028	unsupported	True	0.0002258996969938	-0.0002258996969938
ZNF799	chr19:12401038-12401539	0	0.010693168285042836	0.06361493810891407	5	0.05292176982387123	0.06361493810891407	0.0002141670119838552	unsupported	True	0.0035098286672577	0.0035098286672577
ZNF799	chr19:12364971-12365472	1	0.0031757991157469606	0.04922004045561108	5	0.04604424133986412	0.06707612320910723	0.00015201457922499632	unsupported	True	0.0030648309328606	0.0030648309328606
ZNF799	chr19:12242435-12242936	2	0.002153963700736566	0.023905744620473138	5	0.02175178091973657	0.023905744620473138	1.2430808380688685e-05	unsupported	True	0.0021389105399051	0.0021389105399051
ZNF799	chr19:12501069-12501570	3	-0.016463560614813116	0.0	1	0.016463560614813116	0.01750127951619034	0.0	unsupported	True	0.0015908001175126	-0.0015908001175126
ZNF799	chr19:12365484-12365985	4	0.0014032622119387417	0.041137325714008834	5	0.039734063502070094	0.04626065014095875	7.561548966149154e-05	unsupported	True	0.0013840275311385	0.0013840275311385
ZNF799	chr19:12513658-12514159	5	-0.0001615546086588439	0.021281650609690964	5	0.021443205218349807	0.021281650609690964	9.711813184432591e-06	unsupported	True	0.001195089744928	0.001195089744928
ZNF799	chr19:12484589-12485090	6	0.0011123391575190765	0.05104179243592537	5	0.04992945327840629	0.05104179243592537	0.00013007943587894883	unsupported	True	0.0011658036016954	-0.0011658036016954
ZNF799	chr19:12483988-12484489	7	-0.0016203519578355944	0.03861550595960279	5	0.04023585791743838	0.039298446449750835	6.105909704564357e-05	unsupported	True	0.0008983456416306	-0.0008983456416306
ZNF799	chr19:12502102-12502603	8	-0.011557813883481515	0.0	1	0.011557813883481515	0.01212822113975314	0.0	unsupported	True	0.0007287409142532	-0.0007287409142532
ZNF799	chr19:12300643-12301144	9	-0.012149606413125878	0.017623287003459106	5	0.029772893416584983	0.04230544190636453	2.219750653688232e-05	unsupported	True	0.0006575963020227	0.0006575963020227
ZNF799	chr19:12523377-12523878	10	0.003903812545976016	0.06678715935244456	5	0.06288334680646854	0.06678715935244456	0.00028049271877947786	unsupported	True	0.0005812377614668	-0.0005812377614668
ZNF799	chr19:12495183-12495684	11	0.0023360383684056067	0.05614443563649975	5	0.05380839726809414	0.05614443563649975	0.00016961470357700664	unsupported	True	0.0005542850365346	0.0005542850365346
ZNF799	chr19:12333509-12334010	12	0.004774711012577087	0.06166619486403882	5	0.056891483851461734	0.06166619486403882	0.00021634236008977731	unsupported	True	0.0001674485411582	0.0001674485411582
ZNF799	chr19:12490075-12490576	13	-0.007109128243623797	0.018496595613422803	5	0.0256057238570466	0.030660002532564373	1.4521151141570832e-05	unsupported	True	0.0001470983797297	-0.0001470983797297
ZNF799	chr19:12532002-12532503	14	-0.00323976860694451	0.012101605816723185	5	0.015341374423667696	0.018190155200573863	3.3770981016523306e-06	unsupported	True	0.0001179926886306	-0.0001179926886306
ZNF799	chr19:12440867-12441368	15	0.0037475642504145386	0.062279249974665406	5	0.05853168572425087	0.062279249974665406	0.00022702714075466593	unsupported	True	3.949511963979334e-05	3.949511963979334e-05
ZNF799	chr19:12294690-12295191	16	0.008867313981945896	0.0699388053221263	5	0.06107149134018041	0.0699388053221263	0.0002987273212331326	unsupported	True	3.918013672693705e-05	-3.918013672693705e-05
ZNF799	chr19:12348976-12349477	17	-0.008701374211382486	0.0	1	0.008701374211382486	0.0146890404565127	0.0	unsupported	True	3.779599392922276e-05	3.779599392922276e-05
ZNF799	chr19:12374699-12375200	18	-0.00011507370148236029	0.08229896034402202	5	0.08241403404550439	0.09188946064364996	0.0006232484743547834	unsupported	True	3.487700177594858e-05	3.487700177594858e-05
LAYN	chr11:111467593-111468094	0	0.056295521891585744	0.16380506465638792	3	0.10750954276480218	0.13610861922830733	0.002396955484720273	unsupported	True	0.0038720883669769	0.0038720883669769
LAYN	chr11:111707022-111707523	1	-0.003403852460793989	0.06271105360512527	0	0.06611490606591926	0.05500337901110409	0.00022805145784949045	unsupported	True	0.001655754493999	0.001655754493999
LAYN	chr11:111540449-111540950	2	0.025355584470273564	0.10826558618027467	3	0.0829100017100011	0.055651332611018296	0.0004995430533179153	unsupported	True	0.0015558543952482	0.0015558543952482
LAYN	chr11:111559588-111560089	3	0.11295213917989297	0.2480259861046567	3	0.13507384692476374	0.22833319252192794	0.007649578447600342	regional_candidate	True	0.0015457723514815	0.0015457723514815
LAYN	chr11:111565050-111565551	4	0.06594987710313766	0.17915407306067913	3	0.11320419595754147	0.14052878196733323	0.0028500632143381352	unsupported	True	0.0014245758230344	0.0014245758230344
LAYN	chr11:111694735-111695236	5	0.12366786829942698	0.25118316823926223	3	0.12751529993983524	0.2532628640094895	0.008111932805166616	regional_candidate	True	0.0012599011582514	0.0012599011582514
LAYN	chr11:111635011-111635512	6	0.04133274573514764	0.13727725068051475	3	0.0959445049453671	0.13656465638829912	0.0017986927966053322	unsupported	True	0.0009223597880589	0.0009223597880589
LAYN	chr11:111417638-111418139	7	-0.0019473816225056449	0.059578208563974513	3	0.061525590186480156	0.06660342523951576	0.00024414047948519225	unsupported	True	0.0007412890547236	0.0007412890547236
LAYN	chr11:111702517-111703018	8	0.12214853350582577	0.24654465238808332	3	0.12439611888225754	0.23420119564476788	0.007182762814894813	regional_candidate	True	0.0007347566144508	0.0007347566144508
LAYN	chr11:111436871-111437372	9	0.017948422781797695	0.052635612475291846	1	0.03468718969349415	0.018315175063791475	3.343950733486143e-05	unsupported	True	0.0005715071495173	0.0005715071495173
LAYN	chr11:111514669-111515170	10	-0.006458262316323458	0.03537771723502063	0	0.04183597955134409	0.031178179124939042	4.614562115421965e-05	unsupported	True	0.000506894826766	0.000506894826766
LAYN	chr11:111602085-111602586	11	0.019443242870054896	0.06226911232290753	0	0.04282586945285263	0.04047435410067279	0.00010793412878880857	unsupported	True	0.0005040789842938	-0.0005040789842938
LAYN	chr11:111427289-111427790	12	0.06342857531994682	0.16928091017628358	3	0.10585233485633676	0.1319957153031809	0.0023652021291791316	unsupported	True	0.0004412823954383	0.0004412823954383
LAYN	chr11:111417127-111417628	13	0.02081329188636393	0.07385887934916743	2	0.0530455874628035	0.054372065196650346	0.0002130236424356047	unsupported	True	0.0004250332137063	0.0004250332137063
LAYN	chr11:111586264-111586765	14	0.06666130010577066	0.15053409151053357	3	0.0838727914047629	0.12696819558367028	0.0016030641825051592	unsupported	True	0.0003568178735744	-0.0003568178735744
LAYN	chr11:111562317-111562818	15	0.03244818115455467	0.18985576471467117	3	0.1574075835601165	0.16344625084318382	0.0048845482443881216	unsupported	True	0.0003425327907225	0.0003425327907225
LAYN	chr11:111541184-111541685	16	0.06356348067423469	0.15169488912610096	3	0.08813140845186627	0.13718166881382035	0.0018339932856823056	unsupported	True	0.0003294318718422	0.0003294318718422
LAYN	chr11:111527181-111527682	17	0.01845278064014392	0.049683137533050196	0	0.031230356892906277	0.05109276246260597	7.927666024112225e-05	unsupported	True	0.0003279520918993	0.0003279520918993
LAYN	chr11:111635610-111636111	18	-0.01019737059098677	0.0742964086311566	2	0.08449377922214336	0.09586843712723828	0.0006018222003655818	unsupported	True	0.0002821450176096	0.0002821450176096
LAYN	chr11:111454571-111455072	19	0.012295383888487346	0.07684519240280036	2	0.06454980851431301	0.08217892916096453	0.00040763563121093925	unsupported	True	0.0002505267794552	0.0002505267794552
SLC46A1	chr17:28405920-28406421	0	-0.010159104053271417	0.045849831070927015	3	0.05600893512419843	0.07338741967042421	0.0001884589094117328	unsupported	True	0.0026638839992025	0.0026638839992025
SLC46A1	chr17:28251544-28252045	1	-0.0002842629521035744	0.06454710033363555	3	0.06483136328573912	0.08830277756328955	0.0003695185591049324	unsupported	True	0.0018104747460324	0.0018104747460324
SLC46A1	chr17:28318808-28319309	2	-0.005834241913690905	0.05542244942598276	3	0.061256691339673666	0.07722673892580512	0.00026218446030719947	unsupported	True	0.0017630691541788	0.0017630691541788
SLC46A1	chr17:28427250-28427751	3	-0.0022240424836902054	0.06907238451744507	3	0.07129642700113528	0.08934102695651186	0.00043997009182789753	unsupported	True	0.0013840826794614	0.0013840826794614
SLC46A1	chr17:28552428-28552929	4	-0.0060938194654032215	0.05785694684275175	3	0.06395076630815497	0.07993420216260634	0.00029575623520665357	unsupported	True	0.001285638292259	0.001285638292259
SLC46A1	chr17:28336192-28336693	5	-0.00996355871676343	0.04277058791509727	3	0.0527341466318607	0.06621344866926589	0.0001493424771737241	unsupported	True	0.0011836071055835	0.0011836071055835
SLC46A1	chr17:28384260-28384761	6	0.006613135092683711	0.08152233451003425	3	0.07490919941735054	0.10501290651909928	0.000641289962521855	unsupported	True	0.0011002875506517	0.0011002875506517
SLC46A1	chr17:28335327-28335828	7	-0.009727533284409721	0.04789152996011911	3	0.05761906324452883	0.07057260034302588	0.0001947426272146461	unsupported	True	0.0010632574681514	0.0010632574681514
SLC46A1	chr17:28357316-28357817	8	-0.009662112674665407	0.04806349966907324	3	0.057725612343738644	0.07085108851951992	0.0001965759872838473	unsupported	True	0.0008572474929836	0.0008572474929836
SLC46A1	chr17:28381193-28381694	9	0.004873361491366334	0.07298868676011999	3	0.06811532526875366	0.09305193739964332	0.0004626214914595541	unsupported	True	0.0008402573000186	0.0008402573000186
SLC46A1	chr17:28551925-28552426	10	-0.007257414213953233	0.05858157196203666	3	0.06583898617598989	0.08437434804896786	0.0003254277519489891	unsupported	True	0.0007804569530241	0.0007804569530241
SLC46A1	chr17:28371789-28372290	11	-0.011562001218907532	0.04076056194434064	3	0.052322563163248174	0.06163211722186264	0.00013144263624236346	unsupported	True	0.0006633677123684	0.0006633677123684
SLC46A1	chr17:28405269-28405770	12	-0.002917649063419523	0.06642312043024326	3	0.06934076949366279	0.09166233860646754	0.00042218117494623837	unsupported	True	0.0006021435269825	0.0006021435269825
SLC46A1	chr17:28248123-28248624	13	-0.00554041227719053	0.00854490342800794	4	0.01408531570519847	0.025196928802595005	3.032643451698297e-06	unsupported	True	0.0005792153770494	0.0005792153770494
SLC46A1	chr17:28548112-28548613	14	-0.011499148785444273	0.03576648210247694	3	0.04726563088792121	0.05460554032495323	9.23120496900773e-05	unsupported	True	0.000461145073595	-0.000461145073595
SLC46A1	chr17:28371209-28371710	15	-0.00969605796254631	0.04686077116692351	3	0.05655682912946982	0.07726213372948985	0.00020476757247703159	unsupported	True	0.0003592176264737	0.0003592176264737
SLC46A1	chr17:28540628-28541129	16	-0.011920711923194691	0.04273335899127475	3	0.054654070914469444	0.07632144589022709	0.0001782527080892486	unsupported	True	0.0002042174214213	0.0002042174214213
SLC46A1	chr17:28386325-28386826	17	0.0013314598877972733	0.04022770588210808	3	0.0388962459943108	0.04877168336279068	7.631338186312775e-05	unsupported	True	0.0001964165160117	-0.0001964165160117
SLC46A1	chr17:28391662-28392163	18	-0.004892440755283266	0.03250148902545175	3	0.03739392978073502	0.04570392813211018	5.55466528946393e-05	unsupported	True	0.0001329848520127	-0.0001329848520127
SLC46A1	chr17:28345110-28345611	19	-0.002430757551580704	0.03325717473049595	3	0.03568793228207665	0.05180840022168594	6.149034367660358e-05	unsupported	True	0.0001185585997218	0.0001185585997218
ZNF99	chr19:22783990-22784491	0	-0.00656564340636051	0.004548277370939463	0	0.011113920777299974	0.004548277370939463	2.2991175688960862e-07	unsupported	True	0.0129510451043636	0.0129510451043636
ZNF99	chr19:22633984-22634485	1	0.01280793705889789	0.030897998076808066	0	0.018090061017910178	0.030897998076808066	1.7270333151405723e-05	unsupported	True	0.0032822065785328	-0.0032822065785328
ZNF99	chr19:22621709-22622210	2	-0.010275566082233878	0.0	2	0.010275566082233878	0.006863273200665215	0.0	unsupported	True	0.001814820369796	0.001814820369796
S100A1	chr1:153612045-153612546	0	-0.009001379673735885	0.0	0	0.009001379673735885	0.0	0.0	unsupported	True	0.0024455037581438	0.0024455037581438
S100A1	chr1:153612781-153613282	1	-0.00842824818376125	0.0	0	0.00842824818376125	0.0	0.0	unsupported	True	0.0019513718933998	0.0019513718933998
S100A1	chr1:153598734-153599235	2	-0.008715576741178543	0.0	0	0.008715576741178543	0.0	0.0	unsupported	True	0.001864256969178	0.001864256969178
S100A1	chr1:153587231-153587732	3	-0.00762081494514828	0.0	0	0.00762081494514828	0.0	0.0	unsupported	True	0.0016614036406573	0.0016614036406573
S100A1	chr1:153592636-153593137	4	-0.009807616900601192	0.0	0	0.009807616900601192	0.0	0.0	unsupported	True	0.0011667159145316	0.0011667159145316
S100A1	chr1:153566428-153566929	5	-0.010420269275620517	0.0	0	0.010420269275620517	0.0	0.0	unsupported	True	0.0010830297025278	0.0010830297025278
S100A1	chr1:153617460-153617961	6	-0.009050503006214943	0.0	0	0.009050503006214943	0.0	0.0	unsupported	True	0.0007656188954447	0.0007656188954447
S100A1	chr1:153627386-153627887	7	-0.011432653346277013	0.0	0	0.011432653346277013	0.0	0.0	unsupported	True	0.0007441420645398	0.0007441420645398
S100A1	chr1:153544929-153545430	8	-0.011708904734674981	0.0	0	0.011708904734674981	0.0	0.0	unsupported	True	0.0006635810858094	0.0006635810858094
S100A1	chr1:153733893-153734394	9	-0.006877196572526034	0.0	0	0.006877196572526034	0.0	0.0	unsupported	True	0.0006257462529073	0.0006257462529073
S100A1	chr1:153634224-153634725	10	-0.017446129637315236	0.0	0	0.017446129637315236	0.0	0.0	unsupported	True	0.0006166370556943	0.0006166370556943
S100A1	chr1:153568474-153568975	11	-0.014070005564206293	0.0	0	0.014070005564206293	0.0	0.0	unsupported	True	0.000606186418003	0.000606186418003
S100A1	chr1:153727635-153728136	12	-0.018340497163462016	0.0	0	0.018340497163462016	0.0	0.0	unsupported	True	0.0005794354476718	-0.0005794354476718
S100A1	chr1:153535896-153536397	13	-0.0161167221863836	0.0	0	0.0161167221863836	0.0	0.0	unsupported	True	0.0005756770763213	0.0005756770763213
S100A1	chr1:153510835-153511336	14	-0.014727665015936506	0.0	0	0.014727665015936506	0.0	0.0	unsupported	True	0.0005424455883171	0.0005424455883171
S100A1	chr1:153572433-153572934	15	-0.010062323245981107	0.0	0	0.010062323245981107	0.0	0.0	unsupported	True	0.0004968523707232	0.0004968523707232
S100A1	chr1:153533069-153533570	16	-0.01474352760794601	0.0	0	0.01474352760794601	0.0	0.0	unsupported	True	0.0004565269610838	0.0004565269610838
S100A1	chr1:153536416-153536917	17	-0.016888463837593744	0.0	0	0.016888463837593744	0.0	0.0	unsupported	True	0.0004263282758731	0.0004263282758731
S100A1	chr1:153586065-153586566	18	-0.011092846151824692	0.0	0	0.011092846151824692	0.0	0.0	unsupported	True	0.0003906895512207	0.0003906895512207
S100A1	chr1:153677616-153678117	19	-0.01632895388561123	0.0	0	0.01632895388561123	0.0	0.0	unsupported	True	0.0003852502411878	-0.0003852502411878
ALG11	chr13:52127670-52128171	0	0.011722052509754256	0.060381476192828014	3	0.04865942368307376	0.06208721196685924	0.00018242016553309906	unsupported	True	0.0036498856560928	0.0036498856560928
ALG11	chr13:51874726-51875227	1	-0.0006110921420004762	0.057939922445621364	3	0.05855101458762184	0.05822778254492331	0.0001975343310706506	unsupported	True	0.0020172930753123	0.0020172930753123
ALG11	chr13:51913438-51913939	2	0.022075614677948083	0.0602842640126638	4	0.03820864933471571	0.06252567086669068	0.0001440203987725543	unsupported	True	0.0012988176920824	0.0012988176920824
ALG11	chr13:52090084-52090585	3	-0.010893999207712142	0.03407663892364893	5	0.04497063813136107	0.04056724900873182	6.21672076318558e-05	unsupported	True	0.0012472152869353	0.0012472152869353
ALG11	chr13:52011996-52012497	4	0.0011062020647206391	0.06725501565903363	3	0.06614881359431299	0.07715244814966651	0.000343238858395666	unsupported	True	0.0012207937983146	-0.0012207937983146
ALG11	chr13:52061444-52061945	5	-0.014414157532727708	0.0157970044979137	0	0.030211162030641406	0.029139485502094404	1.3906698890823244e-05	unsupported	True	0.0009096741373155	0.0009096741373155
ALG11	chr13:51939327-51939828	6	-0.010443031124525295	0.03167882512592957	3	0.042121856250454864	0.053979630722051586	7.202884940731815e-05	unsupported	True	0.0008470364394559	0.0008470364394559
ALG11	chr13:51928220-51928721	7	0.00024224409682160585	0.040234821983601864	4	0.039992577886780255	0.04157735839796246	6.690188840900802e-05	unsupported	True	0.0007395999248786	0.0007395999248786
ALG11	chr13:52159361-52159862	8	0.011751287070897053	0.07175394321721286	3	0.06000265614631581	0.0777020507205476	0.0003345405212697529	unsupported	True	0.0007128167283843	-0.0007128167283843
ALG11	chr13:52201325-52201826	9	0.009208759553190896	0.026145846416247166	4	0.01693708686305627	0.045053032411576224	1.995103581367663e-05	unsupported	True	0.000688132194182	-0.000688132194182
ALG11	chr13:51978673-51979174	10	-0.012117505959574962	0.027539248811221002	5	0.039656754770795964	0.05130502749431996	5.60311048548125e-05	unsupported	True	0.0006356698488707	-0.0006356698488707
ALG11	chr13:52195371-52195872	11	-0.0009387900509507955	0.04633007446876496	3	0.04726886451971576	0.07030889288367925	0.00015397436708023212	unsupported	True	0.000590662380343	0.000590662380343
ALG11	chr13:52128852-52129353	12	0.00361393919614305	0.018889032136255635	1	0.015275092940112586	0.0337263628859374	9.731125541055018e-06	unsupported	True	0.0005904907362911	-0.0005904907362911
ALG11	chr13:51912123-51912624	13	0.00027864867983027383	0.05746941090010799	3	0.05719076222027771	0.07048974695879913	0.00023168001979822494	unsupported	True	0.0005715472978985	0.0005715472978985
ALG11	chr13:52194235-52194736	14	0.010213381553370288	0.07488609514710094	3	0.06467271359373065	0.0814736011588239	0.0003945837372794257	unsupported	True	0.0005628089429676	-0.0005628089429676
ALG11	chr13:51995692-51996193	15	-0.0021325159589035674	0.0042940402546051805	3	0.006426556213508748	0.024456119660950362	6.748884143856593e-07	unsupported	True	0.0004965931723464	-0.0004965931723464
ALG11	chr13:51964932-51965433	16	0.01024836658002991	0.08556218490745918	3	0.07531381832742927	0.09988253898392872	0.000643644564449991	unsupported	True	0.0004771248044515	-0.0004771248044515
ALG11	chr13:51895937-51896438	17	0.0015784660730324871	0.04318869355986862	3	0.04161022748683613	0.072489328236843	0.00013026994574828372	unsupported	True	0.0003470213826364	-0.0003470213826364
ALG11	chr13:51926821-51927322	18	0.0028922583134640464	0.05545021199227471	3	0.052557953678810665	0.05300502509829719	0.00015447517758220198	unsupported	True	0.0002501109164544	0.0002501109164544
ALG11	chr13:51887524-51888025	19	-0.015509940795999978	0.021692610394834614	3	0.03720255119083459	0.044017312126344216	3.552287098174313e-05	unsupported	True	0.0001934052463227	-0.0001934052463227
ADAM18	chr8:39708678-39709179	0	-0.008275880954766904	0.0	2	0.008275880954766904	0.0	0.0	unsupported	True	0.0155932023426104	0.0155932023426104
ADAM18	chr8:39672795-39673296	1	0.009062192866592213	0.020323577882809564	0	0.011261385016217351	0.020323577882809564	4.651490508140544e-06	unsupported	True	0.0005277543106062	0.0005277543106062
ADAM18	chr8:39763641-39764142	2	-0.010427712352910424	0.0	2	0.010427712352910424	0.0	0.0	unsupported	True	0.0005240165970119	0.0005240165970119
ADAM18	chr8:39535302-39535803	3	-0.006610558265461166	0.0	2	0.006610558265461166	0.0	0.0	unsupported	True	0.0004888028752493	0.0004888028752493
ADAM18	chr8:39442941-39443442	4	0.001879048380694956	0.017914616724565978	0	0.016035568343871022	0.017914616724565978	5.146350951026573e-06	unsupported	True	0.0003631633505788	0.0003631633505788
ADAM18	chr8:39851834-39852335	5	-0.002572022140305904	0.0013485216156288386	0	0.003920543755934742	0.0013485216156288386	7.129550173350163e-09	unsupported	True	0.000181261239729	0.000181261239729
ADAM18	chr8:39478041-39478542	6	-0.011476123065520342	0.0	2	0.011476123065520342	0.0	0.0	unsupported	True	0.0001759849742415	-0.0001759849742415
ADAM18	chr8:39757361-39757862	7	0.006577305894779774	0.011932335589680659	0	0.005355029694900885	0.011932335589680659	7.624525156843618e-07	unsupported	True	6.575320845941263e-05	-6.575320845941263e-05
ADAM18	chr8:39487110-39487611	8	-0.0058805306281530245	0.0	2	0.0058805306281530245	0.0	0.0	unsupported	True	5.99738637756351e-05	-5.99738637756351e-05
ADAM18	chr8:39774277-39774778	9	0.009644146750711752	0.017850889072560418	1	0.008206742321848665	0.017850889072560418	2.6151132430321394e-06	unsupported	True	2.5861854860457902e-05	-2.5861854860457902e-05
ADAM18	chr8:39479330-39479831	10	-0.007963672262623076	0.0	2	0.007963672262623076	0.0	0.0	unsupported	True	1.9235185861692832e-05	-1.9235185861692832e-05
ADAM18	chr8:39860871-39861372	11	0.0029361625982859394	0.01211167211661348	0	0.00917550951832754	0.01211167211661348	1.3459793609676924e-06	unsupported	True	6.024613851777669e-06	-6.024613851777669e-06
ADAM18	chr8:39631288-39631789	12	-0.006145247438172379	0.0	2	0.006145247438172379	0.0	0.0	unsupported	True	4.5462645589623645e-06	-4.5462645589623645e-06
ADAM18	chr8:39581706-39582207	13	-0.01157788677953444	0.0	2	0.01157788677953444	0.0	0.0	unsupported	True	4.4511863557005365e-06	4.4511863557005365e-06
CCDC61	chr19:46000842-46001343	0	-0.013214756567953984	0.05024206934584194	0	0.06345682591379592	0.07604991382074683	0.00024246250620563723	unsupported	True	0.0038245699859347	0.0038245699859347
CCDC61	chr19:45986653-45987154	1	0.0019348411096481988	0.037505641237731625	4	0.035570800128083425	0.03615526292590404	4.823494120264743e-05	unsupported	True	0.0024919861380738	0.0024919861380738
CCDC61	chr19:45999554-46000055	2	-0.008075751136811148	0.05466684891014861	1	0.06274260004695977	0.06313910650263564	0.000216563361921431	unsupported	True	0.0024769450588428	0.0024769450588428
CCDC61	chr19:45976175-45976676	3	-0.014853974280821847	0.023324802622250135	0	0.03817877690307198	0.0503323015066609	4.482154040521163e-05	unsupported	True	0.0011100315539408	0.0011100315539408
CCDC61	chr19:46077471-46077972	4	-0.003430101514635453	0.0255815503796353	1	0.029011651894270754	0.03353223889417687	2.488638817227812e-05	unsupported	True	0.0010805832558519	0.0010805832558519
CCDC61	chr19:46123441-46123942	5	-0.015483507290477577	0.016116217511773064	1	0.03159972480225064	0.04641894193235714	2.3639683494382916e-05	unsupported	True	0.0009410100096704	0.0009410100096704
CCDC61	chr19:46016674-46017175	6	0.007108215286787511	0.04944054576908522	1	0.04233233048229771	0.06704259455486737	0.00014031569359414678	unsupported	True	0.000800926690584	0.000800926690584
CCDC61	chr19:45927612-45928113	7	-0.009904963073296276	0.04500160818040818	1	0.054906571253704455	0.06556810413791302	0.0001620111798239388	unsupported	True	0.0005889058284485	0.0005889058284485
CCDC61	chr19:46009650-46010151	8	0.005510853939014013	0.0808600654437976	1	0.07534921150478359	0.10425022845615078	0.0006351697635029747	unsupported	True	0.0005535468512816	-0.0005535468512816
CCDC61	chr19:46078488-46078989	9	-0.01633114472639808	0.031281277253413425	0	0.047612421979811505	0.05102392982826397	7.599388655025487e-05	unsupported	True	0.000523035449766	-0.000523035449766
CCDC61	chr19:46121382-46121883	10	-0.03470469978434201	0.009558011446334287	0	0.044262711230676294	0.04648198315765915	1.966483050897931e-05	unsupported	True	0.0004946635171981	0.0004946635171981
CCDC61	chr19:46028838-46029339	11	-0.007613360943273751	0.04683000128619547	0	0.054443362229469223	0.07414535591603658	0.0001890397184513291	unsupported	True	0.0004409350735479	0.0004409350735479
CCDC61	chr19:45862993-45863494	12	-0.0064714939637890954	0.03672140200359057	1	0.04319289596737967	0.05274021503870044	8.365145002800613e-05	unsupported	True	0.0004215092623151	-0.0004215092623151
CCDC61	chr19:45995085-45995586	13	-0.0009677691500094706	0.05653986640284934	1	0.05750763555285881	0.07644842933428586	0.00024857008271428604	unsupported	True	0.0004008159691139	-0.0004008159691139
CCDC61	chr19:45960540-45961041	14	0.04863368341857363	0.16089905896696405	1	0.11226537554839042	0.183922169940289	0.0033222584885992355	unsupported	True	0.0003921217297052	-0.0003921217297052
CCDC61	chr19:45885932-45886433	15	-0.0027140972715812275	0.04462641787287652	1	0.04734051514445775	0.05977259649109422	0.00012627783546340597	unsupported	True	0.0003504172247849	0.0003504172247849
CCDC61	chr19:46115330-46115831	16	-0.00034112636640854264	0.05642239465120815	3	0.05676352101761669	0.07509198002274403	0.00024049962137496383	unsupported	True	0.0003112038764892	0.0003112038764892
CCDC61	chr19:46022628-46023129	17	0.028692590822224428	0.14967971598545968	1	0.12098712516323525	0.1789576737919687	0.0032408015185036217	unsupported	True	0.0003022557961625	0.0003022557961625
CCDC61	chr19:46133171-46133672	18	0.027409900078051132	0.03458020062857864	1	0.0071703005505275065	0.05238535449842982	1.298897125763774e-05	unsupported	True	0.0002695795139681	-0.0002695795139681
CCDC61	chr19:45902555-45903056	19	0.0011150105380610261	0.05408014380781727	1	0.05296513326975624	0.0661599251109381	0.0001895059770003489	unsupported	True	0.0002597138960816	-0.0002597138960816
DVL2	chr17:7204348-7204849	0	0.013975113527878042	0.05208159985545139	2	0.038106486327573345	0.02033514186168052	4.035807367041583e-05	unsupported	True	0.0022053867912085	-0.0022053867912085
DVL2	chr17:7204974-7205475	1	0.025174632988743947	0.06611671020884731	4	0.04094207722010336	0.01891476107886747	5.1201415680756295e-05	unsupported	True	0.0019672880200796	-0.0019672880200796
DVL2	chr17:7234326-7234827	2	0.015673138180052684	0.048015722770362534	2	0.03234258459030985	0.009573622525950773	1.4867381757250664e-05	unsupported	True	0.0018644067621587	-0.0018644067621587
DVL2	chr17:7315142-7315643	3	0.00444540160543378	0.03664498298753061	2	0.03219958138209683	0.014467039623759566	1.7070428424795888e-05	unsupported	True	0.0012857843820178	-0.0012857843820178
DVL2	chr17:7350972-7351473	4	0.050239898739269526	0.10863782750451449	4	0.058397928765244966	0.08736378141822987	0.0005542554085732717	unsupported	True	0.0012830075704181	0.0012830075704181
DVL2	chr17:7121123-7121624	5	0.032725490543998544	0.06053951149286633	1	0.027814020948867785	0.031906904177505066	5.372635256485068e-05	unsupported	True	0.0011570379484384	0.0011570379484384
DVL2	chr17:7307203-7307704	6	0.018181260132697986	0.04844346073372343	4	0.030262200601025444	0.007578582607829364	1.1110245502072436e-05	unsupported	True	0.0008315103111724	-0.0008315103111724
DVL2	chr17:7251849-7252350	7	0.011370563030200686	0.042524174473362396	2	0.03115361144316171	0.025351795027322526	3.358559179426183e-05	unsupported	True	0.0008029593903384	-0.0008029593903384
DVL2	chr17:7233790-7234291	8	0.004531776809864272	0.05662213547023068	2	0.052090358660366404	0.07293664539400464	0.00021512425382596897	unsupported	True	0.0007586220487166	-0.0007586220487166
DVL2	chr17:7214225-7214726	9	0.014099318205904342	0.0452677392536572	2	0.03116842104775286	0.008129727776965343	1.1470427683903714e-05	unsupported	True	0.0007131984069812	-0.0007131984069812
DVL2	chr17:7280487-7280988	10	0.022077572035049408	0.05796965506153508	4	0.035892083026485666	0.020042169058263296	4.17007725713097e-05	unsupported	True	0.0006772650970373	-0.0006772650970373
DVL2	chr17:7329249-7329750	11	0.018766382113723556	0.05336827580603845	1	0.034601893692314895	0.019495671936481697	3.600155402670558e-05	unsupported	True	0.0006413982185009	-0.0006413982185009
DVL2	chr17:7296289-7296790	12	0.034036575815411134	0.1004723369874706	4	0.06643576117205946	0.0656263286404512	0.0004380528682244959	unsupported	True	0.0006409632005848	0.0006409632005848
DVL2	chr17:7242822-7243323	13	0.021836439934448185	0.05038409389192738	5	0.028547653957479192	0.010464843402772338	1.505208320260551e-05	unsupported	True	0.0005627712982212	-0.0005627712982212
DVL2	chr17:7239453-7239954	14	0.008028248927127201	0.047871197751886495	2	0.03984294882475929	0.03981095738815013	7.593262070355038e-05	unsupported	True	0.0005562841579024	-0.0005562841579024
DVL2	chr17:7329897-7330398	15	0.019369548203097112	0.05062000067393227	2	0.03125045247083516	0.02336014471767528	3.6953364459729e-05	unsupported	True	0.0004811385257853	-0.0004811385257853
DVL2	chr17:7214874-7215375	16	0.030808830342637383	0.061633811695773505	1	0.030824981353136122	0.011816291790850038	2.244931307531422e-05	unsupported	True	0.0004751132135546	-0.0004751132135546
DVL2	chr17:7261113-7261614	17	0.019232061467602164	0.07406530181185159	1	0.054833240344249426	0.063574071811343	0.00025818959489887824	unsupported	True	0.0003821492117825	0.0003821492117825
DVL2	chr17:7315791-7316292	18	0.023647187572136796	0.06576812823080522	1	0.04212094065866842	0.05489036099703719	0.00015205812479693207	unsupported	True	0.0003724377862502	-0.0003724377862502
DVL2	chr17:7177957-7178458	19	0.02472593872323896	0.0986827766858206	4	0.07395683796258164	0.0618614423491177	0.00045148126914335257	unsupported	True	0.0003716586583517	-0.0003716586583517
PCDHA11	chr5:141040058-141040559	0	0.008116491697607482	0.05170868481904894	5	0.043592193121441455	0.05170868481904894	0.00011655628659832988	unsupported	True	0.0043234729900042	0.0043234729900042
PCDHA11	chr5:141041000-141041501	1	0.007463930998872037	0.04524326722569769	5	0.03777933622682566	0.04524326722569769	7.733253428864486e-05	unsupported	True	0.0021276988001625	0.0021276988001625
PCDHA11	chr5:141100186-141100687	2	0.008962466387215972	0.05400542351848749	5	0.04504295713127152	0.05400542351848749	0.00013137164778126534	unsupported	True	0.0017510319852954	0.0017510319852954
PCDHA11	chr5:140800800-140801301	3	0.0063186000074120134	0.04593809673357063	5	0.039619496726158616	0.04593809673357063	8.36093698789628e-05	unsupported	True	0.0016276615135742	0.0016276615135742
PCDHA11	chr5:140986004-140986505	4	0.0006313029004404574	0.01527449863949077	5	0.014643195739050313	0.01527449863949077	3.416408518053785e-06	unsupported	True	0.000960476267991	0.000960476267991
PCDHA11	chr5:140833961-140834462	5	0.003865115520916808	0.03267012944033894	5	0.02880501391942213	0.03267012944033894	3.0744667443784305e-05	unsupported	True	0.0009569957412947	0.0009569957412947
PCDHA11	chr5:140926375-140926876	6	-0.0010879977565417395	0.023515106377419798	5	0.024603104133961537	0.023515106377419798	1.3604538069980616e-05	unsupported	True	0.0007874068393655	-0.0007874068393655
PCDHA11	chr5:140965922-140966423	7	0.005875136085510895	0.027706654211851398	5	0.0218315181263405	0.027706654211851398	1.6759154553511878e-05	unsupported	True	0.0007569333685465	-0.0007569333685465
PCDHA11	chr5:140827670-140828171	8	0.0030640507793465326	0.02633180572522717	5	0.023267754945880636	0.02633180572522717	1.6133023471630102e-05	unsupported	True	0.0007314927255763	0.0007314927255763
PCDHA11	chr5:141094316-141094817	9	0.008262291384077962	0.045511086931629766	5	0.037248795547551804	0.045511086931629766	7.715190427224998e-05	unsupported	True	0.0006640799614867	0.0006640799614867
PCDHA11	chr5:140982121-140982622	10	0.0008173188810254397	0.02747928857828375	5	0.026661969697258307	0.02747928857828375	2.01327546191496e-05	unsupported	True	0.000624236521726	0.000624236521726
PCDHA11	chr5:140807403-140807904	11	0.006362535362914822	0.06696893184225304	5	0.060606396479338215	0.06696893184225304	0.00027180985979732364	unsupported	True	0.0004827174671872	0.0004827174671872
PCDHA11	chr5:141004624-141005125	12	-9.547268731280125e-06	0.021767515365747222	5	0.0217770626344785	0.021767515365747222	1.031851071840231e-05	unsupported	True	0.000467420268303	0.000467420268303
PCDHA11	chr5:140855604-140856105	13	0.00970166017188158	0.03743929620864753	5	0.027737636036765947	0.03743929620864753	3.8879869413217924e-05	unsupported	True	0.0004437360671356	0.0004437360671356
PCDHA11	chr5:141051535-141052036	14	0.0008722670207390892	0.01216776500805201	5	0.01129549798731292	0.01216776500805201	1.6723493665290763e-06	unsupported	True	0.0003512498644073	0.0003512498644073
PCDHA11	chr5:140806769-140807270	15	0.007764037651183336	0.03487367452052	5	0.027109636869336665	0.03487367452052	3.297001313263582e-05	unsupported	True	0.0002549226751117	0.0002549226751117
PCDHA11	chr5:140978224-140978725	16	-0.0013273901705448928	0.04841318306627671	5	0.04974057323682161	0.04841318306627671	0.00011658376086711071	unsupported	True	0.0002018868813144	0.0002018868813144
PCDHA11	chr5:140868668-140869169	17	0.00882327009982757	0.0361091377609166	5	0.02728586766108903	0.0361091377609166	3.557721962421504e-05	unsupported	True	0.0001836853964413	0.0001836853964413
PCDHA11	chr5:141001880-141002381	18	0.006273977925237867	0.03193219291248191	5	0.025658214987244042	0.03193219291248191	2.6162782353238767e-05	unsupported	True	0.0001783069671699	0.0001783069671699
PCDHA11	chr5:140785819-140786320	19	-0.003284806116060118	0.0	0	0.003284806116060118	0.0	0.0	unsupported	True	0.0001537382257957	0.0001537382257957
ATP6V1G2	chr6:31462845-31463346	0	0.009832804435523987	0.046877421109991324	4	0.03704461667446734	0.049185497843945256	8.541337610129706e-05	unsupported	True	0.0061773096160002	0.0061773096160002
ATP6V1G2	chr6:31546518-31547019	1	0.014332618244147341	0.07427312810002525	4	0.059940509855877906	0.06558750723266095	0.00029199355993406005	unsupported	True	0.0020716622928845	0.0020716622928845
ATP6V1G2	chr6:31598495-31598996	2	-0.049787915175069704	0.057535291093359225	5	0.10732320626842892	0.09630902724599003	0.0005946959073796027	unsupported	True	0.0012137567159128	-0.0012137567159128
ATP6V1G2	chr6:31559036-31559537	3	-0.014032381467742314	0.0302923145568744	5	0.044324696024616715	0.05341387677475679	7.171868600111132e-05	unsupported	True	0.0009710740373562	0.0009710740373562
ATP6V1G2	chr6:31580769-31581270	4	-0.03455016140535273	0.06330294549498819	5	0.09785310690034092	0.0948000191846234	0.0005872282806581276	unsupported	True	0.0009463068553715	-0.0009463068553715
ATP6V1G2	chr6:31497800-31498301	5	0.0126158604513566	0.07276083357696782	5	0.06014497312561122	0.054860984816008984	0.00024008255288162047	unsupported	True	0.0007043797273702	0.0007043797273702
ATP6V1G2	chr6:31399490-31399991	6	-0.0004059700021977484	0.06640745696151854	5	0.06681342696371628	0.06330115579395372	0.00028086151694546184	unsupported	True	0.0006654301505226	0.0006654301505226
ATP6V1G2	chr6:31403272-31403773	7	-0.0345584080297637	0.08538958670482534	5	0.11994799473458903	0.0940195758238851	0.000962977613117952	unsupported	True	0.0006523624689017	0.0006523624689017
ATP6V1G2	chr6:31680653-31681154	8	-0.02653843495007833	0.0686478588371704	5	0.09518629378724873	0.08291569651817043	0.0005417989592948726	unsupported	True	0.000640082684139	-0.000640082684139
ATP6V1G2	chr6:31683140-31683641	9	0.013053613822368026	0.04433310458409312	5	0.03127949076172509	0.036028139721800904	4.9960831498737684e-05	unsupported	True	0.0006290252010238	0.0006290252010238
ATP6V1G2	chr6:31652427-31652928	10	-0.0010580732794188944	0.05958488911905658	5	0.060642962398475476	0.05830621613029735	0.00021068392568950175	unsupported	True	0.0004754167551766	0.0004754167551766
ATP6V1G2	chr6:31442379-31442880	11	0.015421888753678873	0.060015509672386835	5	0.044593620918707964	0.0464784653009726	0.00012439072976576807	unsupported	True	0.0004298966047664	0.0004298966047664
ATP6V1G2	chr6:31665694-31666195	12	-0.0006025916249037337	0.05941470700949948	5	0.060017298634403214	0.061973164402423155	0.000220990739928117	unsupported	True	0.0003833690698312	0.0003833690698312
ATP6V1G2	chr6:31660544-31661045	13	-0.02541795447409068	0.05265604657360093	5	0.0780740010476916	0.06767993812123065	0.00027823684378095733	unsupported	True	0.0003696534272916	-0.0003696534272916
ATP6V1G2	chr6:31396859-31397360	14	0.004111368223598686	0.05652590513926396	5	0.05241453691566528	0.059445988217955194	0.00017612533394475028	unsupported	True	0.0003208551981036	0.0003208551981036
ATP6V1G2	chr6:31441526-31442027	15	-0.007375195062318241	0.057311926831637196	5	0.06468712189395544	0.06937908918635881	0.0002572121220562692	unsupported	True	0.0003172398658799	0.0003172398658799
ATP6V1G2	chr6:31560366-31560867	16	-0.011884631762496893	0.03992472132142128	5	0.05180935308391817	0.044525898911631695	9.210066350039233e-05	unsupported	True	0.0003140784566892	0.0003140784566892
ATP6V1G2	chr6:31688214-31688715	17	-0.025804528231999285	0.026913097086488525	5	0.05271762531848781	0.04983763000104049	7.070935874569011e-05	unsupported	True	0.0002668012032497	-0.0002668012032497
ATP6V1G2	chr6:31664789-31665290	18	0.0020308597895535886	0.05625117087465766	5	0.05422031108510407	0.04795375117542152	0.00014625683033955023	unsupported	True	0.0002452801745485	0.0002452801745485
ATP6V1G2	chr6:31651906-31652407	19	0.00461242076457388	0.053291340109341334	5	0.04867891934476745	0.05102826639048753	0.00013237573487137017	unsupported	True	0.0002347867536428	0.0002347867536428
ISCU	chr12:108692282-108692783	0	0.0018923030993086792	0.07490366096416029	2	0.0730113578648516	0.08303341772442893	0.000454094649124215	unsupported	True	0.0022495562731882	-0.0022495562731882
ISCU	chr12:108478778-108479279	1	0.000732640174096367	0.06065009874726434	2	0.05991745857316797	0.07895297659310756	0.000286915099502411	unsupported	True	0.0016025880664797	0.0016025880664797
ISCU	chr12:108636003-108636504	2	-0.009001525464930788	0.06430220859319703	0	0.07330373405812782	0.10966469063997977	0.0005169146082709895	unsupported	True	0.001311730186414	0.001311730186414
ISCU	chr12:108629684-108630185	3	-0.010862865419367759	0.03446977586042213	3	0.04533264127978989	0.0806984810768402	0.00012609992943645603	unsupported	True	0.0012566925347876	0.0012566925347876
ISCU	chr12:108457157-108457658	4	-0.0062400451963096435	0.06469236643034781	2	0.07093241162665746	0.07244303342598245	0.0003324255460511247	unsupported	True	0.0012170138264621	0.0012170138264621
ISCU	chr12:108676759-108677260	5	-0.01559486904429659	0.017240255240926185	4	0.032835124285222776	0.032048651364286425	1.8142290405916583e-05	unsupported	True	0.0010684754080366	-0.0010684754080366
ISCU	chr12:108618037-108618538	6	-0.006972669546467102	0.056584466297370614	2	0.06355713584383772	0.09301699933506714	0.00033452137033457275	unsupported	True	0.0010483583267996	0.0010483583267996
ISCU	chr12:108562270-108562771	7	-0.00489153295497384	0.0440908839059073	2	0.04898241686088114	0.04698309683972997	0.00010146836321216226	unsupported	True	0.0010424345939533	-0.0010424345939533
ISCU	chr12:108638250-108638751	8	0.009023268481931093	0.05879688595173612	2	0.04977361746980503	0.054548653992073794	0.00015963847473079114	unsupported	True	0.0010131695263111	-0.0010131695263111
ISCU	chr12:108628268-108628769	9	-0.013125483819748795	0.053138918021390306	2	0.0662644018411391	0.08323793843398548	0.00029309897846882933	unsupported	True	0.0009957956792398	0.0009957956792398
ISCU	chr12:108712644-108713145	10	0.011355206005223994	0.07555818373924399	2	0.06420297773401999	0.08324159699389486	0.00040381001383039456	unsupported	True	0.0008506492493275	0.0008506492493275
ISCU	chr12:108482422-108482923	11	-0.007828096569318464	0.08124191629957672	0	0.08907001286889518	0.11895203840448615	0.0008607629445191436	unsupported	True	0.0008147580580149	0.0008147580580149
ISCU	chr12:108467966-108468467	12	-0.01063757401935231	0.03774771526533263	2	0.04838528928468494	0.033433376582928866	6.106385983646656e-05	unsupported	True	0.0007082114023922	0.0007082114023922
ISCU	chr12:108587773-108588274	13	-0.005740926951898633	0.034412708779896106	2	0.04015363573179474	0.060320570345220766	8.335068499324951e-05	unsupported	True	0.0006924404624497	-0.0006924404624497
ISCU	chr12:108436792-108437293	14	0.013578546392512592	0.06275022756800973	2	0.04917168117549714	0.06350409424037315	0.00019594405358129566	unsupported	True	0.0005292586153744	0.0005292586153744
ISCU	chr12:108689741-108690242	15	-0.004361060717690562	0.055728109628397846	2	0.060089170346088405	0.06927847619963196	0.0002319897761655702	unsupported	True	0.0003521590222219	-0.0003521590222219
ISCU	chr12:108514894-108515395	16	-0.0066607223863447505	0.03962722194173317	2	0.04628794432807792	0.04283305845243663	7.856707900967995e-05	unsupported	True	0.0003500315518411	-0.0003500315518411
ISCU	chr12:108601684-108602185	17	-0.005052432013272893	0.025876024945451433	4	0.030928456958724326	0.03377669295935348	2.7031673950671017e-05	unsupported	True	0.0003352650308767	0.0003352650308767
ISCU	chr12:108511881-108512382	18	0.0006534961199561707	0.05220344451770208	2	0.051549948397745904	0.058420198984143946	0.0001572137136512534	unsupported	True	0.0003227730086001	0.0003227730086001
ISCU	chr12:108570709-108571210	19	-0.021652350670097166	0.05157381508663653	2	0.0732261657567337	0.07334730991299392	0.00027699998365445774	unsupported	True	0.0002650912063123	0.0002650912063123
RNF215	chr22:30423855-30424356	0	0.010672592921519548	0.047491069076790855	2	0.036818476155271306	0.03901232252814535	6.82149495230269e-05	unsupported	True	0.0025272906138044	-0.0025272906138044
RNF215	chr22:30319085-30319586	1	0.010427204254837317	0.05033437160905135	2	0.039907167354214027	0.04879389077388533	9.80123953279299e-05	unsupported	True	0.0018892424767744	0.0018892424767744
RNF215	chr22:30289468-30289969	2	-0.0011763972096318163	0.05133695591860336	2	0.05251335312823517	0.054139671342331594	0.00014595382408987746	unsupported	True	0.0016565049572816	0.0016565049572816
RNF215	chr22:30262807-30263308	3	0.020918106946564232	0.06453598089555837	2	0.043617873948994135	0.0464366597815563	0.0001307155882221784	unsupported	True	0.0011514330312828	-0.0011514330312828
RNF215	chr22:30290957-30291458	4	-0.016070761653534455	0.017962385445348873	1	0.03403314709888333	0.03915297496799154	2.3934859861182204e-05	unsupported	True	0.0010860063654012	0.0010860063654012
RNF215	chr22:30356698-30357199	5	0.00847439615244029	0.04450391743758251	2	0.03602952128514222	0.03777876251842908	6.057653963165971e-05	unsupported	True	0.0010074270314388	-0.0010074270314388
RNF215	chr22:30287897-30288398	6	-0.012637442420167814	0.03932341352927099	2	0.051960855949438806	0.043506724925892186	8.88963437184537e-05	unsupported	True	0.0008901726375331	0.0008901726375331
RNF215	chr22:30326774-30327275	7	0.01245859220134184	0.04666951850629404	2	0.034210926304952205	0.041944139014646005	6.696832518302546e-05	unsupported	True	0.0008856970178816	-0.0008856970178816
RNF215	chr22:30246326-30246827	8	0.00041897066065198273	0.11381003906016447	1	0.11339106839951249	0.13081620922917833	0.0016881886643918924	unsupported	True	0.000862282249442	0.000862282249442
RNF215	chr22:30396725-30397226	9	-0.00874276086440989	0.02337069120979035	2	0.032113452074200244	0.030633007445724534	2.2990487842456815e-05	unsupported	True	0.0008192402467203	0.0008192402467203
RNF215	chr22:30371635-30372136	10	-0.01204902052403348	0.0659217223323392	2	0.07797074285637268	0.08217086857026074	0.0004223554427547897	unsupported	True	0.0008150247638519	0.0008150247638519
RNF215	chr22:30459008-30459509	11	0.021316506069865803	0.06098539880425055	2	0.039668892734384745	0.05119082064108396	0.00012384202315025955	unsupported	True	0.0006939713243295	-0.0006939713243295
RNF215	chr22:30445093-30445594	12	-0.00934031438979357	0.06868776208764658	2	0.07802807647744016	0.09807014383923096	0.0005256141885111545	unsupported	True	0.0005597584699078	0.0005597584699078
RNF215	chr22:30326238-30326739	13	0.0038365397347170974	0.0337938776733539	1	0.029957337938636804	0.022662236840179477	2.2942673267053828e-05	unsupported	True	0.000559637587036	0.000559637587036
RNF215	chr22:30406325-30406826	14	-0.005035820122002646	0.03960819617078995	4	0.0446440162927926	0.0631137398600498	0.00011160206683963515	unsupported	True	0.0005032655417951	-0.0005032655417951
RNF215	chr22:30445672-30446173	15	-0.0024660723708938084	0.01275720709646361	2	0.015223279467357418	0.016508784442538053	3.2061137221581623e-06	unsupported	True	0.000472482078641	-0.000472482078641
RNF215	chr22:30373452-30373953	16	0.004857393554660777	0.03379735816397409	2	0.028939964609313314	0.02102490858368649	2.0564344277176803e-05	unsupported	True	0.0004492194771305	0.0004492194771305
RNF215	chr22:30277423-30277924	17	-0.00801324493217273	0.0405643864600772	1	0.04857763139224993	0.05293182086462445	0.0001043033076213949	unsupported	True	0.0004287963802688	0.0004287963802688
RNF215	chr22:30365926-30366427	18	0.007444912181701406	0.02784519990044252	3	0.020400287718741115	0.019976566341262998	1.1347690299153625e-05	unsupported	True	0.0004106604258511	0.0004106604258511
RNF215	chr22:30332526-30333027	19	-0.00828836180660423	0.024637306024538175	2	0.032925667831142404	0.03460266500924335	2.806967335771163e-05	unsupported	True	0.0003564420218901	-0.0003564420218901
SAE1	chr19:47240981-47241482	0	-0.004935673708875518	0.03305639960353374	3	0.03799207331240925	0.05154341286108509	6.473240098907623e-05	unsupported	True	0.0027677608311929	0.0027677608311929
SAE1	chr19:47022954-47023455	1	-0.005830738754696471	0.02413484170336613	2	0.0299655804580626	0.028074201524410165	2.0303670766745762e-05	unsupported	True	0.0016760695223775	-0.0016760695223775
SAE1	chr19:47225946-47226447	2	-0.00495018471406679	0.04833799874428631	4	0.0532881834583531	0.036679605720613	9.448094763984033e-05	unsupported	True	0.0011637931566777	-0.0011637931566777
SAE1	chr19:47348955-47349456	3	-0.004769588416196296	0.0456233710800372	4	0.0503929594962335	0.03918789099804291	9.00967505176536e-05	unsupported	True	0.0011608520821836	-0.0011608520821836
SAE1	chr19:47230275-47230776	4	0.008780856238981505	0.05142337005483506	4	0.04264251381585356	0.05531804041220119	0.00012130260318014315	unsupported	True	0.0009927419203779	0.0009927419203779
SAE1	chr19:47274030-47274531	5	-0.0020949324911016883	0.04401387726925561	4	0.0461088097603573	0.034659496964406074	7.033893606166898e-05	unsupported	True	0.0009332184155147	-0.0009332184155147
SAE1	chr19:47256278-47256779	6	-0.0034737893820156337	0.05118038933765734	5	0.05465417871967297	0.04307569645793438	0.00012049229207801196	unsupported	True	0.0009227852266087	-0.0009227852266087
SAE1	chr19:47274533-47275034	7	-0.0025114291055130292	0.051909450271631276	4	0.05442087937714431	0.04815511607785856	0.00013603617711927419	unsupported	True	0.0008385656794917	-0.0008385656794917
SAE1	chr19:47313102-47313603	8	-0.02385316524983663	0.022226657753254355	5	0.046079823003090985	0.04010085635062789	4.1071315329034565e-05	unsupported	True	0.0008076785151348	0.0008076785151348
SAE1	chr19:47292479-47292980	9	0.0005128369826809036	0.08230933554713796	4	0.08179649856445706	0.08656588007464756	0.0005828147813670461	unsupported	True	0.0007706563052321	-0.0007706563052321
SAE1	chr19:47131063-47131564	10	0.008194434914350176	0.07413719261072194	4	0.06594275769637176	0.06013736852985757	0.00029400022448710067	unsupported	True	0.0007664662666569	-0.0007664662666569
SAE1	chr19:47047727-47048228	11	0.0025873798603095943	0.03442099391188306	4	0.031833614051573464	0.01623804167790989	1.7792747058985367e-05	unsupported	True	0.0007617628982463	0.0007617628982463
SAE1	chr19:47130548-47131049	12	-0.005888903903318996	0.04572887153770796	4	0.051617775441026956	0.05239837804196395	0.00012368231689710032	unsupported	True	0.0007197842032771	-0.0007197842032771
SAE1	chr19:47231024-47231525	13	-0.003053871065835669	0.05349524502682336	4	0.05654911609265903	0.05856193241549742	0.0001771562183499374	unsupported	True	0.00061178513059	0.00061178513059
SAE1	chr19:47244088-47244589	14	-0.007040398156798165	0.041678252132979404	5	0.04871865028977757	0.04105811195251047	8.336883260011786e-05	unsupported	True	0.0005849369476294	0.0005849369476294
SAE1	chr19:47239522-47240023	15	-0.0008363973621867162	0.051942335327437986	4	0.0527787326896247	0.055550114332749395	0.0001522878960186184	unsupported	True	0.0005345338704701	-0.0005345338704701
SAE1	chr19:47020478-47020979	16	0.0068461932720995725	0.03993955500604599	5	0.03309336173394642	0.041235973647073945	5.4502994219411735e-05	unsupported	True	0.0005225989745233	0.0005225989745233
SAE1	chr19:47003916-47004417	17	-0.0029666714256870166	0.043814673203263384	5	0.0467813446289504	0.041235454124767805	8.452069491959474e-05	unsupported	True	0.0005089180119594	0.0005089180119594
SAE1	chr19:47256898-47257399	18	-0.0023991489268406782	0.06703597381215687	5	0.06943512273899755	0.05608504219161437	0.0002610563016243757	unsupported	True	0.0004954340057759	-0.0004954340057759
SAE1	chr19:47048475-47048976	19	-0.0014488491418816944	0.054889569310096184	4	0.05633841845197788	0.05080169619449733	0.00015709873473909226	unsupported	True	0.0004815510403313	-0.0004815510403313
UTP4	chr16:69107323-69107824	0	-0.004335228035113535	0.039608443402214505	5	0.04394367143732804	0.050739697483933324	8.831449452213132e-05	unsupported	True	0.0031536808194852	0.0031536808194852
UTP4	chr16:69186863-69187364	1	-0.008063610448476618	0.031542437714981185	5	0.0396060481634578	0.04895777241412422	6.116154034787569e-05	unsupported	True	0.0029257068823724	-0.0029257068823724
UTP4	chr16:69089309-69089810	2	0.010348112936124568	0.09171891661576906	4	0.08137080367964449	0.09647873991467254	0.0007200441797525235	unsupported	True	0.0017526821060101	0.0017526821060101
UTP4	chr16:69310968-69311469	3	-0.009336857690250699	0.039869551832017576	4	0.04920640952226828	0.056391197663002934	0.00011063036595847376	unsupported	True	0.0017130329724765	-0.0017130329724765
UTP4	chr16:69037637-69038138	4	0.001039505347242732	0.06245440585178903	5	0.0614149005045463	0.07503433555617556	0.00028780403263720285	unsupported	True	0.0014342712098938	0.0014342712098938
UTP4	chr16:69132356-69132857	5	-0.009468279857420664	0.04575395989980768	4	0.05522223975722834	0.06368798181135063	0.00016091635674665762	unsupported	True	0.0011307330646543	-0.0011307330646543
UTP4	chr16:69123906-69124407	6	-0.0019788732458240364	0.05795685838773661	5	0.05993573163356064	0.0652621733579482	0.00022670034430174945	unsupported	True	0.000982532612429	0.000982532612429
UTP4	chr16:69188088-69188589	7	-0.010187293833812954	-0.0009574414602821184	4	0.009229852373530837	0.010893381966151463	0.0	unsupported	True	0.0009274494343229	-0.0009274494343229
UTP4	chr16:69106005-69106506	8	-0.009523767236416727	0.025935745027423796	5	0.035459512263840524	0.041058428784979735	3.776015875833464e-05	unsupported	True	0.000684079308387	0.000684079308387
UTP4	chr16:69224974-69225475	9	0.0026012772046091846	0.03434540638470768	5	0.031744129180098495	0.03724258413202175	4.060428662253545e-05	unsupported	True	0.0006095657182268	0.0006095657182268
UTP4	chr16:69276495-69276996	10	-0.00977915353013149	0.006491364420103706	4	0.016270517950235194	0.02379770199471803	2.513462388984626e-06	unsupported	True	0.0003275342934773	-0.0003275342934773
UTP4	chr16:69243445-69243946	11	-0.01224113568226299	0.04045466509492368	5	0.05269580077718667	0.07421917363788333	0.00015821976433650977	unsupported	True	0.0003213732370254	-0.0003213732370254
UTP4	chr16:69219110-69219611	12	0.0009632944953650111	0.007819791488272698	0	0.006856496992907687	0.016589567904930526	8.894725241465002e-07	unsupported	True	0.0003102033953325	-0.0003102033953325
UTP4	chr16:69187391-69187892	13	-0.008246347357355218	0.030101108566156033	4	0.03834745592351125	0.04340676934829173	5.010447440019974e-05	unsupported	True	0.0002987195443163	-0.0002987195443163
UTP4	chr16:69330415-69330916	14	-0.009456066497905176	0.04632517706386074	4	0.05578124356176591	0.05785236059893328	0.00014949489569007375	unsupported	True	0.0002916650616668	0.0002916650616668
UTP4	chr16:69286905-69287406	15	-0.007237133140425338	0.06161615072930607	5	0.06885328386973141	0.07481131872730805	0.00031738509833086206	unsupported	True	0.000281321766651	-0.000281321766651
UTP4	chr16:69339406-69339907	16	-0.006172011100817648	0.05376831924511211	4	0.059940330345929764	0.07492375295749082	0.00024147107543412804	unsupported	True	0.0002588076784608	-0.0002588076784608
UTP4	chr16:69181551-69182052	17	-0.012133328959110692	0.042230801449217814	5	0.054364130408328507	0.06321742642913447	0.00014513714669211458	unsupported	True	0.0002291836871479	0.0002291836871479
UTP4	chr16:69105364-69105865	18	0.005868819153338798	0.058772080528330446	5	0.05290326137499165	0.06435358683045188	0.00020009040767155785	unsupported	True	0.0001986839807132	0.0001986839807132
UTP4	chr16:69062627-69063128	19	-0.00029225469509639275	0.03816362380841707	5	0.038455878503513466	0.049778945181901894	7.305636050423859e-05	unsupported	True	0.0001901932084219	-0.0001901932084219
STAP1	chr4:67574629-67575130	0	-0.004617425471956996	0.037605560188983214	1	0.04222298566094021	0.037605560188983214	5.9710824050398274e-05	unsupported	True	0.0088359563541168	0.0088359563541168
STAP1	chr4:67545368-67545869	1	0.018698855834090485	0.04813663422694924	1	0.029437778392858757	0.04813663422694924	6.8211322965446e-05	unsupported	True	0.0039725491553792	0.0039725491553792
STAP1	chr4:67700976-67701477	2	0.008256638997806053	0.037558845009481125	1	0.02930220601167507	0.037558845009481125	4.1335650313989646e-05	unsupported	True	0.0023100128830379	-0.0023100128830379
STAP1	chr4:67434440-67434941	3	-0.005723203949988352	0.04651504710350924	1	0.052238251053497595	0.04651504710350924	0.00011302527136444487	unsupported	True	0.0011138183407638	0.0011138183407638
STAP1	chr4:67607996-67608497	4	0.008750393846405635	0.014414550058017409	1	0.005664156211611773	0.014414550058017409	1.1768941486485707e-06	unsupported	True	0.0009305331825793	0.0009305331825793
STAP1	chr4:67531350-67531851	5	-0.007210622479865552	0.0	0	0.007210622479865552	0.0	0.0	unsupported	True	0.0006443624962868	-0.0006443624962868
STAP1	chr4:67445809-67446310	6	0.02293986011384122	0.06216143026605046	5	0.03922157015220924	0.06216143026605046	0.00015155384978322086	unsupported	True	0.0002095427458429	0.0002095427458429
ARL2BP	chr16:57299719-57300220	0	0.00606783335822109	0.03364753772255532	0	0.02757970436433423	0.01726888165434906	1.602533468657093e-05	unsupported	True	0.002910416871686	0.002910416871686
ARL2BP	chr16:57167920-57168421	1	0.0011104320930778002	0.0381010122623326	0	0.0369905801692548	0.033286095936325664	4.6912709579950564e-05	unsupported	True	0.0023167588990888	0.0023167588990888
ARL2BP	chr16:57132861-57133362	2	0.0025070670376523144	0.034038142211785014	0	0.0315310751741327	0.04311852964887129	4.627735953590467e-05	unsupported	True	0.0015546167640855	-0.0015546167640855
ARL2BP	chr16:57131381-57131882	3	-0.0008304158953291145	0.03640618328878973	1	0.03723659918411885	0.041121842951196405	5.574651613035541e-05	unsupported	True	0.0011260064081721	-0.0011260064081721
ARL2BP	chr16:57300411-57300912	4	0.009567229141570993	0.03421523856335283	0	0.024648009421781837	0.018227181317255536	1.537166593385219e-05	unsupported	True	0.0010976341728521	0.0010976341728521
ARL2BP	chr16:57185926-57186427	5	0.00724757031740893	0.027193451531521147	5	0.019945881214112216	0.009456211590972829	5.129024146275296e-06	unsupported	True	0.0010649555327973	-0.0010649555327973
ARL2BP	chr16:57115459-57115960	6	0.0023807542214860475	0.041244146639502044	1	0.03886339241801599	0.040488115546900606	6.489789251899309e-05	unsupported	True	0.0010446862723391	-0.0010446862723391
ARL2BP	chr16:57269138-57269639	7	0.004056301355977357	0.06304508979155796	0	0.0589887884355806	0.06402528364145418	0.00023810705035740812	unsupported	True	0.0010258688844663	0.0010258688844663
ARL2BP	chr16:57386553-57387054	8	-0.0001561900693888698	0.03823914240679016	0	0.03839533247617903	0.04249917374001541	6.239748179958941e-05	unsupported	True	0.0008316534210954	0.0008316534210954
ARL2BP	chr16:57168540-57169041	9	0.0013515596860030578	0.05294518565135544	1	0.051593625965352385	0.06839813704053556	0.00018683868386948314	unsupported	True	0.0007156116002837	0.0007156116002837
ARL2BP	chr16:57284483-57284984	10	0.0005475734754252442	0.05928609139093701	0	0.05873851791551177	0.05750130987845527	0.00020024124711595575	unsupported	True	0.0005295604812554	0.0005295604812554
ARL2BP	chr16:57147327-57147828	11	0.006140737648605502	0.03999865053556323	1	0.033857912886957726	0.03708456066831499	5.022253858694947e-05	unsupported	True	0.0005114680084772	-0.0005114680084772
ARL2BP	chr16:57143301-57143802	12	0.0050236236918299974	0.036431956207798336	0	0.031408332515968335	0.025531893288031023	2.9215302803783005e-05	unsupported	True	0.0004851829162344	-0.0004851829162344
ARL2BP	chr16:57172244-57172745	13	-0.0006276633006609035	0.04107482622913073	0	0.041702489529791636	0.05477937594636631	9.383282618382453e-05	unsupported	True	0.000476127082019	0.000476127082019
ARL2BP	chr16:57154657-57155158	14	0.0017260785947507899	0.04081233666008616	4	0.03908625806533537	0.037612836316372036	6.000005377417554e-05	unsupported	True	0.0004598961957595	0.0004598961957595
ARL2BP	chr16:57112337-57112838	15	0.004480176508462717	0.03238987083768712	0	0.027909694329224403	0.0099346765127128	8.980862074066441e-06	unsupported	True	0.000446716629048	-0.000446716629048
ARL2BP	chr16:57143962-57144463	16	0.009859382235457145	0.04119133377750968	1	0.03133195154205253	0.02351007475318804	3.0342217061499466e-05	unsupported	True	0.0003718641920668	-0.0003718641920668
ARL2BP	chr16:57289733-57290234	17	0.007897613477002548	0.06060990321312191	1	0.05271228973611936	0.05573212140391661	0.0001780578178416843	unsupported	True	0.0003594842028353	-0.0003594842028353
ARL2BP	chr16:57244773-57245274	18	0.008181070714568405	0.035962035798628014	0	0.02778096508405961	0.01762614818167343	1.760958067534599e-05	unsupported	True	0.0003456320979048	-0.0003456320979048
ARL2BP	chr16:57372172-57372673	19	0.0024230244864705463	0.031028417738174833	0	0.028605393251704286	0.026645892727609925	2.3650363902037666e-05	unsupported	True	0.0003342490071457	-0.0003342490071457
CD226	chr18:69948842-69949343	0	-0.009429683155086044	0.04776331226157343	2	0.057192995416659474	0.06326071789005605	0.0001728110047268052	unsupported	True	0.0027513866036583	0.0027513866036583
CD226	chr18:69737782-69738283	1	-0.005618703518500657	0.012693109418075365	5	0.018311812936576022	0.0164287264516172	3.818592061665209e-06	unsupported	True	0.002065512983113	0.002065512983113
CD226	chr18:70086619-70087120	2	0.001313485470229835	0.07334181391673185	1	0.07202832844650202	0.08903738313959944	0.00047035673876018276	unsupported	True	0.001790295981935	-0.001790295981935
CD226	chr18:69934562-69935063	3	0.01273541562077347	0.08110021950859451	2	0.06836480388782104	0.09118199092125735	0.0005055494853521227	unsupported	True	0.0017782637275778	0.0017782637275778
CD226	chr18:69985906-69986407	4	0.02323485315575512	0.09534697882470938	1	0.07211212566895427	0.09564345001509726	0.0006576131174214626	unsupported	True	0.001711735307149	0.001711735307149
CD226	chr18:69836497-69836998	5	0.024334973405288323	0.1380540430588634	2	0.11371906965357508	0.14672861872488255	0.0023035479517288845	unsupported	True	0.0016346996336309	0.0016346996336309
CD226	chr18:70072609-70073110	6	-0.005827933451970297	0.0834541120565604	2	0.08928204550853071	0.12169498642142465	0.0009067437252303144	unsupported	True	0.0016220851423805	0.0016220851423805
CD226	chr18:70015704-70016205	7	-0.01286299233893749	0.0	4	0.01286299233893749	0.012903562416396227	0.0	unsupported	True	0.0006221402755742	0.0006221402755742
CD226	chr18:69845736-69846237	8	0.0031415414476955537	0.09498648325012449	2	0.09184494180242893	0.10861531300708478	0.000947563034740155	unsupported	True	0.0005384899132223	0.0005384899132223
CD226	chr18:69843227-69843728	9	-0.003460722538635642	0.017977112773572997	5	0.02143783531220864	0.0204463044397778	7.87980909957065e-06	unsupported	True	0.0004266195799387	0.0004266195799387
CD226	chr18:69909155-69909656	10	-0.0040568484756132875	0.01734741075833304	2	0.021404259233946326	0.033890102910291126	1.2583682493913187e-05	unsupported	True	0.0004258590585864	-0.0004258590585864
CD226	chr18:69932311-69932812	11	-0.0122778513991819	0.0	4	0.0122778513991819	0.011784186112788777	0.0	unsupported	True	0.0004215331657655	0.0004215331657655
CD226	chr18:70000183-70000684	12	-0.015507628740517315	0.02742577436798627	1	0.04293340310850358	0.04790107939591222	5.6402650458593624e-05	unsupported	True	0.0004038881910767	0.0004038881910767
CD226	chr18:69878191-69878692	13	-0.011323723183311462	0.007922297727451295	1	0.01924602091076276	0.019238536042228124	2.933351683000747e-06	unsupported	True	0.0002951147206129	0.0002951147206129
CD226	chr18:69893004-69893505	14	-0.014222954358944344	0.0	4	0.014222954358944344	0.01864824742543213	0.0	unsupported	True	0.0002716304984062	0.0002716304984062
CD226	chr18:69851447-69851948	15	0.04233704025902518	0.15983937170299212	2	0.11750233144396693	0.15983937170299212	0.0030020229728898837	unsupported	True	0.0002679407916323	0.0002679407916323
CD226	chr18:69954648-69955149	16	-0.005831501576230393	0.053774809500612926	2	0.05960631107684332	0.06455222539641928	0.00020691041150026432	unsupported	True	0.0002608606957732	0.0002608606957732
CD226	chr18:69796137-69796638	17	-0.0002100909094302415	0.02131300741402587	2	0.021523098323456114	0.03258752449847193	1.494861291854463e-05	unsupported	True	0.0002436959856191	-0.0002436959856191
CD226	chr18:69868695-69869196	18	-0.012578165309807824	0.0	4	0.012578165309807824	0.014636522735022757	0.0	unsupported	True	0.0002415677478646	0.0002415677478646
CD226	chr18:69697252-69697753	19	-0.017701551210139835	0.012113191408914469	1	0.029814742619054306	0.03370770200707638	1.2173593348753589e-05	unsupported	True	0.0002340500438751	0.0002340500438751
TMEM177	chr2:119641495-119641996	0	0.003593594367105119	0.04855440455827193	1	0.04496081019116681	0.04291984468676024	9.36959681082206e-05	unsupported	True	0.00237318866499	0.00237318866499
TMEM177	chr2:119759467-119759968	1	-0.0013500366761693074	0.03077031083843827	1	0.03212034751460758	0.03389311276350841	3.349836229783992e-05	unsupported	True	0.0019383902399122	0.0019383902399122
TMEM177	chr2:119759975-119760476	2	0.0027407134437653496	0.05464504660769843	1	0.05190433316393308	0.055596164550078916	0.00015768821904857443	unsupported	True	0.0019158992452887	0.0019158992452887
TMEM177	chr2:119536146-119536647	3	0.0233686541608835	0.11102555015662932	1	0.08765689599574582	0.12697541759434894	0.001235744458290065	unsupported	True	0.0016343596015974	0.0016343596015974
TMEM177	chr2:119678873-119679374	4	0.0010396835412750573	0.029720020934071462	1	0.028680337392796407	0.02873651652697557	2.449443850085969e-05	unsupported	True	0.0014433249728084	0.0014433249728084
TMEM177	chr2:119684159-119684660	5	-0.008377201703235623	0.009152921781482968	1	0.017530123484718593	0.01485734699590999	2.383888797848106e-06	unsupported	True	0.0009846097655876	0.0009846097655876
TMEM177	chr2:119598536-119599037	6	0.008214706379498907	0.037239505423189316	1	0.02902479904369041	0.038647113439871164	4.1772473094071235e-05	unsupported	True	0.0008859478002247	0.0008859478002247
TMEM177	chr2:119544171-119544672	7	-0.0008751766470362559	0.0469911548832969	1	0.04786633153033316	0.044221832130277236	9.946791046373734e-05	unsupported	True	0.0008827668604242	0.0008827668604242
TMEM177	chr2:119702764-119703265	8	0.018233248876200477	0.09305166808674367	1	0.07481841921054319	0.10471428570454623	0.0007290186278287812	unsupported	True	0.000874596952668	0.000874596952668
TMEM177	chr2:119823653-119824154	9	0.00502854635789483	0.03839390989025737	1	0.03336536353236254	0.04140261192774642	5.30378538513131e-05	unsupported	True	0.0008208643889019	0.0008208643889019
TMEM177	chr2:119669877-119670378	10	0.015785590026936875	0.07282112436329154	1	0.057035534336354665	0.06969167737088956	0.00028945683707170807	unsupported	True	0.0007755439173179	0.0007755439173179
TMEM177	chr2:119723177-119723678	11	0.020348508526581717	0.12077290961791912	0	0.1004244010913374	0.14220619558109854	0.0017247545433547154	unsupported	True	0.0006059023782424	0.0006059023782424
TMEM177	chr2:119695105-119695606	12	0.011899225413216344	0.07314082184552298	1	0.06124159643230664	0.09283176215625794	0.00041581766339899103	unsupported	True	0.0004862839263379	0.0004862839263379
TMEM177	chr2:119599351-119599852	13	0.014829452413447769	0.04428532389405552	1	0.02945587148060775	0.028660843160537647	3.738700398038055e-05	unsupported	True	0.0004786959871962	0.0004786959871962
TMEM177	chr2:119694410-119694911	14	0.009862380118897819	0.07505245108623165	1	0.06519007096733384	0.0741112368373458	0.0003626021669812666	unsupported	True	0.0004287944914193	0.0004287944914193
TMEM177	chr2:119645543-119646044	15	-0.007062073018277203	0.033187803611758486	0	0.04024987663003569	0.04385550949208134	5.8582408900711734e-05	unsupported	True	0.0003921912379208	0.0003921912379208
TMEM177	chr2:119585668-119586169	16	-0.008842201677000231	0.014781021958931214	5	0.023623223635931445	0.012627273997079679	4.409133288517024e-06	unsupported	True	0.0002868659048862	0.0002868659048862
TMEM177	chr2:119639234-119639735	17	0.004228345000810514	0.03813644789913503	1	0.033908102898324514	0.02583761867644539	3.3411518680244373e-05	unsupported	True	0.0002836918295353	0.0002836918295353
TMEM177	chr2:119826291-119826792	18	0.01145519639997369	0.0772233215033372	1	0.06576812510336351	0.09997375960791352	0.000507750036381788	unsupported	True	0.000258873680462	0.000258873680462
TMEM177	chr2:119809648-119810149	19	0.011603487992975935	0.1046321375153103	0	0.09302864952233436	0.13193806499602906	0.0012842569492559398	unsupported	True	0.0002555836088021	0.0002555836088021
