gene	enhancer	enhancer_index	global_concordance	max_regional_concordance	best_domain	local_advantage	regional_specificity	regional_evidence_score	predicted_class	screen_only	prior_score	prior_signed_score
ELAVL3	chr19:11481609-11482110	0	-0.0018004302285984915	0.032327469655838104	5	0.0341278998844366	0.04853931214327284	5.355190127983875e-05	unsupported	True	0.0082904995577285	0.0082904995577285
ELAVL3	chr19:11420997-11421498	1	-0.08817076649124067	0.011737697808162514	5	0.09990846429940319	0.04240734256654158	4.973089396050867e-05	unsupported	True	0.0055106075055547	-0.0055106075055547
ELAVL3	chr19:11587538-11588039	2	-0.016200858441286853	0.018385601194813785	5	0.03458645963610064	0.03935640864695661	2.5026459002349425e-05	unsupported	True	0.0048469444492309	0.0048469444492309
ELAVL3	chr19:11482189-11482690	3	-0.013913821282471745	0.027033363314840464	5	0.04094718459731221	0.047139656521689735	5.218077694972226e-05	unsupported	True	0.0046296719112122	0.0046296719112122
ELAVL3	chr19:11306258-11306759	4	0.03515006091616552	0.049180580809310974	3	0.014030519893145452	0.05378874871528694	3.7115802802139706e-05	unsupported	True	0.004250027237391	0.004250027237391
ELAVL3	chr19:11624562-11625063	5	-0.0956560253860614	0.020158261238816158	5	0.11581428662487755	0.045541614124487144	0.00010632211929066468	unsupported	True	0.0038374335562079	-0.0038374335562079
ELAVL3	chr19:11420463-11420964	6	-0.10727817945673979	0.007174321512879922	5	0.1144525009696197	0.039533933996591754	3.246206592711719e-05	unsupported	True	0.00356287315567	-0.00356287315567
ELAVL3	chr19:11373477-11373978	7	-0.01653922943910025	0.020812700542121716	0	0.03735192998122197	0.0344880490372848	2.6810820788163448e-05	unsupported	True	0.003497895354702	0.003497895354702
ELAVL3	chr19:11528930-11529431	8	-0.0120449125300091	0.02817630707380944	5	0.04022121960381854	0.04598074176594755	5.210930490810981e-05	unsupported	True	0.0029904566775956	0.0029904566775956
ELAVL3	chr19:11355132-11355633	9	0.016587350020570532	0.022125585693297416	5	0.005538235672726884	0.027441406531366848	3.362579618326721e-06	unsupported	True	0.0028622127741726	0.0028622127741726
ELAVL3	chr19:11406218-11406719	10	-0.03495443089567695	0.01944629127495122	5	0.05440072217062817	0.027032474159672894	2.8597445963345148e-05	unsupported	True	0.0024278241568367	0.0024278241568367
ELAVL3	chr19:11450534-11451035	11	0.01470144011724917	0.028882384902583644	5	0.014180944785334474	0.03049918803700176	1.2491842356552296e-05	unsupported	True	0.0024118608772752	0.0024118608772752
ELAVL3	chr19:11381032-11381533	12	0.018828907972219946	0.021160729106774415	5	0.0023318211345544695	0.027444439886458095	1.354191967581602e-06	unsupported	True	0.0017578013638138	0.0017578013638138
ELAVL3	chr19:11421974-11422475	13	-0.06864586295983247	0.0283277874342072	5	0.09697365039403967	0.043862707107507795	0.00012049300372672426	unsupported	True	0.0016820106908014	-0.0016820106908014
ELAVL3	chr19:11480838-11481339	14	0.02899468742408139	0.05340097256209082	4	0.024406285138009434	0.05723867872670239	7.460027829689896e-05	unsupported	True	0.0012503084707161	0.0012503084707161
ELAVL3	chr19:11339439-11339940	15	0.007832207558622536	0.023325904221120262	5	0.015493696662497726	0.03422285855012881	1.2368294548336523e-05	unsupported	True	0.0011783859524174	0.0011783859524174
ELAVL3	chr19:11551875-11552376	16	-0.021032175366469737	0.021462546715609064	2	0.0424947220820788	0.020890965783096228	1.9053500007161663e-05	unsupported	True	0.0011665916754123	0.0011665916754123
ELAVL3	chr19:11457044-11457545	17	-0.022576795029382882	0.010569627969788824	5	0.033146422999171705	0.010381431891288633	3.637086489433025e-06	unsupported	True	0.0011347861820762	0.0011347861820762
ELAVL3	chr19:11435030-11435531	18	-0.0029299150754351485	0.027016580156149467	5	0.029946495231584616	0.04474809989532494	3.620353474141213e-05	unsupported	True	0.0010332520482015	0.0010332520482015
ELAVL3	chr19:11324327-11324828	19	-0.07599837994171524	0.020247900672920798	5	0.09624628061463604	0.05784838119472725	0.00011273406506819894	unsupported	True	0.0009790380870182	-0.0009790380870182
MID1	chrX:10659007-10659508	0	0.004088921994034822	0.03437211162680867	0	0.03028318963277385	0.029494398196901358	3.070063574595145e-05	unsupported	True	0.0123896700855811	0.0123896700855811
MID1	chrX:10422460-10422961	1	-0.009450613481643472	0.020497778360547544	5	0.029948391842191016	0.03976284894623411	2.440943870815472e-05	unsupported	True	0.009017928905896	0.009017928905896
MID1	chrX:10598582-10599083	2	-0.00012779463256379033	0.03713426095445595	5	0.03726205558701974	0.043879569485146076	6.0716111847752535e-05	unsupported	True	0.0051619070168466	0.0051619070168466
MID1	chrX:10852081-10852582	3	-0.013885193618627929	0.00844983814335339	5	0.022335031761981317	0.022598612672317553	4.264977488176966e-06	unsupported	True	0.0040701595640531	0.0040701595640531
MID1	chrX:10360037-10360538	4	-0.012584944629798983	0.01259509537230715	5	0.025180040002106132	0.02508073867958275	7.954231001590488e-06	unsupported	True	0.0037475200284361	0.0037475200284361
MID1	chrX:10408452-10408953	5	0.006967957179066465	0.04509875293579618	2	0.038130795756729716	0.047749184861364244	8.211194959123243e-05	unsupported	True	0.0031236191697354	-0.0031236191697354
MID1	chrX:10380213-10380714	6	-0.0010035937591377855	0.03657649008454279	0	0.03758008384368058	0.055120338580608816	7.576552712749807e-05	unsupported	True	0.0024137584402451	0.0024137584402451
MID1	chrX:10658084-10658585	7	0.0013536403772592366	0.028467976186975396	0	0.02711433580971616	0.04237329052647495	3.270753050241397e-05	unsupported	True	0.0022533343783028	0.0022533343783028
MID1	chrX:10667107-10667608	8	0.00894773749494242	0.03160399532491977	0	0.02265625782997735	0.03769167398035219	2.6988303983096456e-05	unsupported	True	0.0021451256409726	-0.0021451256409726
MID1	chrX:10325604-10326105	9	-0.006753268454758884	0.0112066866367107	0	0.017959955091469585	0.027096974208873026	5.453851048511096e-06	unsupported	True	0.0018404864195895	0.0018404864195895
MID1	chrX:10819950-10820451	10	-0.0025254361696744887	0.04013795487456732	5	0.04266339104424181	0.06860142457180302	0.00011747453821379242	unsupported	True	0.0018191030392496	0.0018191030392496
MID1	chrX:10728928-10729429	11	0.019162701209452494	0.048453795164819506	2	0.029291093955367012	0.046548305499893555	6.606436528921248e-05	unsupported	True	0.0016082152389017	-0.0016082152389017
MID1	chrX:10428810-10429311	12	-0.022588205872825538	0.0030971163592264797	5	0.025685322232052017	0.030446870664779243	2.4220617045936855e-06	unsupported	True	0.0015706002994752	0.0015706002994752
MID1	chrX:10722684-10723185	13	-0.009834662552736087	0.0205432472263594	0	0.030377909779095488	0.04077842285422745	2.5448219707886034e-05	unsupported	True	0.0015148503709217	0.0015148503709217
MID1	chrX:10620385-10620886	14	0.012643181280971489	0.03911647972893454	2	0.02647329844796305	0.030198889343038545	3.127222557915292e-05	unsupported	True	0.0014690710791424	0.0014690710791424
MID1	chrX:10615863-10616364	15	0.0033494299162411716	0.027305954968727328	4	0.023956525052486157	0.033509171637867735	2.1920218788781878e-05	unsupported	True	0.0011390394453242	0.0011390394453242
MID1	chrX:10833427-10833928	16	0.01827900762806367	0.06998990683047901	0	0.05171089920241534	0.043352348155732835	0.00015690259664138302	unsupported	True	0.00113845826797	0.00113845826797
MID1	chrX:10482339-10482840	17	-0.008318616021200733	0.01675073344114959	2	0.025069349462350322	0.030103395750892353	1.2641318688283978e-05	unsupported	True	0.0010764642610235	0.0010764642610235
MID1	chrX:10452087-10452588	18	-0.002821344792860979	0.007033056082117808	0	0.009854400874978787	0.02757343356337056	1.911019662484251e-06	unsupported	True	0.0009024905684195	-0.0009024905684195
MID1	chrX:10676372-10676873	19	0.018668551439093035	0.07255680250331556	0	0.05388825106422253	0.07430269427504954	0.00029052050230137937	unsupported	True	0.0008859965937962	0.0008859965937962
GIT2	chr12:110043113-110043614	0	0.007066445758868412	0.09064929254144492	0	0.0835828467825765	0.09762067556107701	0.0007396451037731152	unsupported	True	0.0218822907788326	0.0218822907788326
GIT2	chr12:109899987-109900488	1	-0.004858712832647135	0.026432744340986965	0	0.0312914571736341	0.031020205677484237	2.5657404214879638e-05	unsupported	True	0.0108810733256	0.0108810733256
GIT2	chr12:110077722-110078223	2	0.002401452253984073	0.04256477701825769	1	0.04016332476427362	0.039228617586144626	6.706300713881323e-05	unsupported	True	0.0036191024696921	0.0036191024696921
GIT2	chr12:110093911-110094412	3	0.011861256778913639	0.1185080846789931	0	0.10664682790007946	0.12054689260953907	0.0015235332658152855	unsupported	True	0.0029021157496049	0.0029021157496049
GIT2	chr12:109951814-109952315	4	0.009753583613140793	0.06718731450240145	2	0.05743373088926066	0.06419777479031753	0.0002477275379279668	unsupported	True	0.0023784622485444	0.0023784622485444
GIT2	chr12:109851329-109851830	5	-0.007844938021002543	0.1093229637740464	0	0.11716790179504895	0.1303043434635533	0.0016690868755724344	unsupported	True	0.0021682848282344	0.0021682848282344
GIT2	chr12:109900613-109901114	6	-0.004519949286890214	0.02734645284600061	0	0.031866402132890825	0.03341151304171323	2.9115897159387703e-05	unsupported	True	0.0018814102044337	0.0018814102044337
GIT2	chr12:109889578-109890079	7	-0.006935747814323329	0.024992911753265182	2	0.03192865956758851	0.05126410226088857	4.0908249727932834e-05	unsupported	True	0.0017019604230008	-0.0017019604230008
GIT2	chr12:109828232-109828733	8	0.0020964914467836307	0.04105589377947125	0	0.03895940233268762	0.040477910956467585	6.4744948183101e-05	unsupported	True	0.0016133322397909	0.0016133322397909
GIT2	chr12:109877800-109878301	9	-0.015178600986779865	0.05108275600630343	1	0.06626135699308329	0.08274180387352345	0.0002800655112134807	unsupported	True	0.001375793256574	-0.001375793256574
GIT2	chr12:109845249-109845750	10	-0.0017609615344993117	0.07378117701849267	0	0.07554213855299198	0.08224774955728024	0.0004584150614824996	unsupported	True	0.001262198964985	0.001262198964985
GIT2	chr12:109859534-109860035	11	0.009798808550038235	0.04446797958326664	0	0.034669171033228405	0.046260773638658846	7.131875389629273e-05	unsupported	True	0.0012588316467928	0.0012588316467928
GIT2	chr12:109805216-109805717	12	-0.012367958686097542	0.008918081300478562	0	0.021286039986576105	0.026512745624992354	5.032931341974248e-06	unsupported	True	0.0012088842161938	-0.0012088842161938
GIT2	chr12:109989353-109989854	13	0.003251701993368182	0.027259638473750316	2	0.024007936480382134	0.02491084504126151	1.6302844468977192e-05	unsupported	True	0.0010321851211836	-0.0010321851211836
GIT2	chr12:109944907-109945408	14	-0.01533326568906929	0.03694277498489163	0	0.052276040673960925	0.066736201196728	0.00012888242046269627	unsupported	True	0.0008069336386238	-0.0008069336386238
GIT2	chr12:110023630-110024131	15	0.02150016456997241	0.1259956965840813	0	0.10449553201410888	0.10838388216383643	0.0014269808210839578	unsupported	True	0.0007525020993834	0.0007525020993834
GIT2	chr12:110124643-110125144	16	0.0007744118897947704	0.039758823675929325	2	0.03898441178613456	0.053593847506627657	8.30690891843281e-05	unsupported	True	0.0007398768817498	-0.0007398768817498
GIT2	chr12:109927435-109927936	17	0.0033417861463182464	0.027069549369090902	1	0.023727763222772657	0.028819559262175123	1.85107988210532e-05	unsupported	True	0.0006692621046961	0.0006692621046961
GIT2	chr12:109833166-109833667	18	-0.0015422582141930317	0.05342784066811168	0	0.05497009888230471	0.0671782995028563	0.00019729821068369108	unsupported	True	0.0006056951571551	-0.0006056951571551
GIT2	chr12:110124036-110124537	19	0.002806067234098882	0.03442761446892749	2	0.03162154723482861	0.039897478462392895	4.3434566957650896e-05	unsupported	True	0.0005415508609919	-0.0005415508609919
SNAPC3	chr9:15293686-15294187	0	-0.005413779583990725	0.0946651617776146	4	0.10007894136160532	0.12482764567552217	0.0011826157638118104	unsupported	True	0.0208071974144587	0.0208071974144587
SNAPC3	chr9:15370392-15370893	1	0.011038887785544037	0.10013643848890744	4	0.08909755070336339	0.08552634471668165	0.0007630584704001682	unsupported	True	0.0089766450910169	0.0089766450910169
SNAPC3	chr9:15510135-15510636	2	0.019646012860430717	0.06324751248488523	4	0.04360149962445452	0.04375552043903666	0.00012066400328336999	unsupported	True	0.0054896892986681	-0.0054896892986681
SNAPC3	chr9:15307092-15307593	3	0.009024359396003406	0.06870749455761159	4	0.05968313516160818	0.0675076786181593	0.0002768272987358846	unsupported	True	0.0052479972319954	0.0052479972319954
SNAPC3	chr9:15543032-15543533	4	0.007022370669303625	0.1673509074593855	4	0.16032853679008188	0.1734951327333185	0.0046550697881733525	unsupported	True	0.0044840925515691	0.0044840925515691
SNAPC3	chr9:15553156-15553657	5	0.010736070956257305	0.07950695817881279	4	0.06877088722255548	0.07902680910405831	0.00043209994614706057	unsupported	True	0.0042997990734811	0.0042997990734811
SNAPC3	chr9:15511014-15511515	6	0.021464800267243844	0.10623989347185658	4	0.08477509320461274	0.08184049480112227	0.0007370961603576108	unsupported	True	0.0030289165631269	0.0030289165631269
SNAPC3	chr9:15487699-15488200	7	0.015601906761046645	0.060354025155125696	2	0.044752118394079055	0.04424253756074542	0.00011949778788095722	unsupported	True	0.0022031147198731	0.0022031147198731
SNAPC3	chr9:15552121-15552622	8	0.02437662196010877	0.10924577213419864	4	0.08486915017408987	0.07555052604152862	0.000700473943042705	unsupported	True	0.0018405337726093	0.0018405337726093
SNAPC3	chr9:15483866-15484367	9	0.010085756717319826	0.08220319170760149	4	0.07211743499028166	0.09688439770141241	0.0005743581602146761	unsupported	True	0.0005548896590733	0.0005548896590733
SNAPC3	chr9:15552651-15553152	10	0.019357628590973012	0.10995981625789236	4	0.09060218766691935	0.09352652273480469	0.0009317673268323755	unsupported	True	0.0005417700485697	0.0005417700485697
SNAPC3	chr9:15299446-15299947	11	-0.009031956795389543	0.05492030566637326	5	0.0639522624617628	0.0776751893810918	0.00027281684346478575	unsupported	True	0.0005331130747	-0.0005331130747
SNAPC3	chr9:15592833-15593334	12	-0.008835721505091527	0.07108297490161007	5	0.0799186964067016	0.09532328524336088	0.000541518113414831	unsupported	True	0.0003793368739949	-0.0003793368739949
SNAPC3	chr9:15489408-15489909	13	0.0035963872408393753	0.1017670643829662	4	0.09817067714212684	0.11273111239363083	0.0011262448703775025	unsupported	True	0.0002083588624162	-0.0002083588624162
SNAPC3	chr9:15422503-15423004	14	0.019289854160547504	0.0920709642321841	4	0.0727811100716366	0.08101160528423437	0.0005428609528797193	unsupported	True	0.0001675808133564	0.0001675808133564
SNAPC3	chr9:15390148-15390649	15	0.030036044455339094	0.14395940929893822	4	0.11392336484359912	0.1275710893218593	0.002092209278370348	unsupported	True	0.0001627854280304	0.0001627854280304
SNAPC3	chr9:15532176-15532677	16	0.027616808577662494	0.0790845904315288	4	0.0514677818538663	0.07799563419176388	0.000317466288783771	unsupported	True	0.0001383105490481	0.0001383105490481
SNAPC3	chr9:15485069-15485570	17	0.011839460632326408	0.10154562526061078	4	0.08970616462828437	0.125877061627198	0.0011466479620344514	unsupported	True	0.00012731700582	-0.00012731700582
SNAPC3	chr9:15277729-15278230	18	0.020074362356097806	0.09499997063365574	4	0.07492560827755794	0.10332986147292111	0.0007354947814331837	unsupported	True	4.873275742689989e-05	-4.873275742689989e-05
SNAPC3	chr9:15606610-15607111	19	0.012462734029308965	0.0732954931190718	2	0.060832759089762836	0.07556433256426351	0.0003369237581028851	unsupported	True	3.926533933395008e-05	-3.926533933395008e-05
SHISAL2B	chr5:64685989-64686490	0	-0.0029692686685487465	0.03365114073000041	2	0.03662040939854916	0.042054180813682916	5.18241471327236e-05	unsupported	True	0.0136809316452941	0.0136809316452941
SHISAL2B	chr5:64688295-64688796	1	6.973257135710007e-06	0.05521100590605732	2	0.05520403264892161	0.07325930687428855	0.00022328485628879768	unsupported	True	0.0124708661435056	0.0124708661435056
SHISAL2B	chr5:64659367-64659868	2	0.005018231613327503	0.047583712187743044	3	0.04256548057441554	0.05683869355884985	0.00011512243000780657	unsupported	True	0.0110336981778178	0.0110336981778178
SHISAL2B	chr5:64690387-64690888	3	0.014283698201800834	0.0630405249809499	2	0.04875682677914907	0.07317715735718155	0.00022492140559523396	unsupported	True	0.009294452622441	0.009294452622441
SHISAL2B	chr5:64678333-64678834	4	0.02041531719174733	0.04790900709877855	3	0.027493689907031223	0.035438209124551034	4.66790455089569e-05	unsupported	True	0.0036659636019507	0.0036659636019507
SHISAL2B	chr5:64565757-64566258	5	-0.005886339101262123	0.009774420711679119	3	0.015660759812941242	0.01883267812221149	2.882809474255091e-06	unsupported	True	0.0019962939691408	0.0019962939691408
SHISAL2B	chr5:64587333-64587834	6	0.005862371530215546	0.01970339340882961	3	0.013841021878614062	0.02419184407567535	6.597481158248418e-06	unsupported	True	0.0013935876994601	0.0013935876994601
SHISAL2B	chr5:64768426-64768927	7	0.01873940424966341	0.05407328599561808	3	0.03533388174595467	0.04471412989116722	8.54316702962466e-05	unsupported	True	0.0012603991733722	0.0012603991733722
SHISAL2B	chr5:64601421-64601922	8	0.023970139826969446	0.043553573247548535	2	0.01958343342057909	0.02770485207773038	2.3630257978620355e-05	unsupported	True	0.0008403111145439	0.0008403111145439
SHISAL2B	chr5:64629741-64630242	9	0.010535328314404789	0.07265133849620822	0	0.06211601018180343	0.07289848171469568	0.0003289770907046791	unsupported	True	0.0005913900032146	-0.0005913900032146
SHISAL2B	chr5:64784352-64784853	10	0.018555011831219322	0.05660613321558903	3	0.03805112138436971	0.048784103155016106	0.00010507738944782671	unsupported	True	0.0005900186484767	0.0005900186484767
SHISAL2B	chr5:64635034-64635535	11	0.014379667890587212	0.04478395829032324	0	0.03040429039973603	0.055931292213543725	7.615741629055262e-05	unsupported	True	0.0005454875772335	0.0005454875772335
SHISAL2B	chr5:64810966-64811467	12	0.023662042432554382	0.08038198216414821	3	0.05671993973159383	0.05904826789756319	0.0002692164757993219	unsupported	True	0.000464826141684	-0.000464826141684
SHISAL2B	chr5:64611623-64612124	13	-0.020005328070182325	-0.008162805896080082	1	0.011842522174102242	0.015989761911705508	0.0	unsupported	True	0.0002773056382767	-0.0002773056382767
SHISAL2B	chr5:64612243-64612744	14	0.0008830023972218468	0.043120947840928237	3	0.04223794544370639	0.037829329044383096	6.89000793309978e-05	unsupported	True	0.0002710955837557	-0.0002710955837557
SHISAL2B	chr5:64665194-64665695	15	0.002840321871499171	0.05437824953601454	3	0.05153792766451537	0.06731033781478651	0.0001886400683548455	unsupported	True	0.0002682304436065	0.0002682304436065
SHISAL2B	chr5:64609783-64610284	16	-0.008675318888857572	0.04443340687259986	3	0.053108725761457434	0.06546638602885721	0.00015448768382242715	unsupported	True	0.0001890029868559	-0.0001890029868559
SHISAL2B	chr5:64582532-64583033	17	-0.001671281749723543	0.017920510712771582	5	0.019591792462495126	0.01494387376983796	5.246718265933066e-06	unsupported	True	0.0001557913983745	0.0001557913983745
SHISAL2B	chr5:64670591-64671092	18	0.02355339246141364	0.0919426208141882	2	0.06838922835277457	0.09636268882361734	0.0006059174950344248	unsupported	True	0.000150951702082	0.000150951702082
SHISAL2B	chr5:64568966-64569467	19	0.0012657383901668732	0.041720191716927604	0	0.04045445332676073	0.049542605432718406	8.361640172223591e-05	unsupported	True	0.0001347946974927	-0.0001347946974927
HBS1L	chr6:134862006-134862507	0	-0.006178736560467784	0.032586478326122846	1	0.03876521488659063	0.04784552420503137	6.043951086891178e-05	unsupported	True	0.014786924580304	0.014786924580304
HBS1L	chr6:134882371-134882872	1	-0.014644690648856106	0.016514291504120922	3	0.03115898215297703	0.028084008848074736	1.4451146707024324e-05	unsupported	True	0.013015065341631	0.013015065341631
HBS1L	chr6:134830774-134831275	2	-0.008571876278209822	0.03869771945503384	0	0.047269595733243665	0.07068468141911255	0.00012929822555914446	unsupported	True	0.0052506260012728	0.0052506260012728
HBS1L	chr6:135084286-135084787	3	-0.013391241849694669	0.004221415968159515	1	0.017612657817854184	0.025104025970343835	1.8664932416699798e-06	unsupported	True	0.004369068597922	0.004369068597922
HBS1L	chr6:134965414-134965915	4	-0.01508131731386444	0.011033671141381953	1	0.026114988455246395	0.038050801682048656	1.0964117599846596e-05	unsupported	True	0.0033541236806588	0.0033541236806588
HBS1L	chr6:134821310-134821811	5	-0.013112456603782066	0.018227380485968322	4	0.03133983708975039	0.026329972110850232	1.5040815813147395e-05	unsupported	True	0.0030610374342765	-0.0030610374342765
HBS1L	chr6:135180956-135181457	6	0.008518620197847581	0.08389745969145344	4	0.07537883949360587	0.08754973153617526	0.0005536726573174577	unsupported	True	0.0026626648823489	0.0026626648823489
HBS1L	chr6:134940813-134941314	7	-0.014503156417947605	0.005253722585952234	4	0.01975687900389984	0.018449571976374993	1.915013201128365e-06	unsupported	True	0.0021226081466745	0.0021226081466745
HBS1L	chr6:134908811-134909312	8	-0.021928368616310166	0.016239079564343346	0	0.03816744818065351	0.04393599421515658	2.7231714965989784e-05	unsupported	True	0.0020136557454905	0.0020136557454905
HBS1L	chr6:134822843-134823344	9	0.005087979941605459	0.026914999786640453	4	0.021827019845034993	0.03274913138130222	1.92392708878572e-05	unsupported	True	0.001911701666793	-0.001911701666793
HBS1L	chr6:134931946-134932447	10	-0.012888581002509645	0.022728064431394315	3	0.03561664543390396	0.04316586919508203	3.4942659411022705e-05	unsupported	True	0.0015762250455934	0.0015762250455934
HBS1L	chr6:134827802-134828303	11	0.012121701301292077	0.0520560881700175	3	0.03993438686872543	0.05445271753411413	0.0001131978319177573	unsupported	True	0.0012980032776836	0.0012980032776836
HBS1L	chr6:134896903-134897404	12	-0.014106174656075823	0.030217062289529167	0	0.04432323694560499	0.061021148072719876	8.17267227058989e-05	unsupported	True	0.0009072523861548	-0.0009072523861548
HBS1L	chr6:134928415-134928916	13	-0.008510934055795161	0.03185294852742311	0	0.04036388258321827	0.06074967428949608	7.810638319430956e-05	unsupported	True	0.0007395063565612	-0.0007395063565612
HBS1L	chr6:134948616-134949117	14	-0.0017758755566116041	0.05315522771701919	4	0.0549311032736308	0.08306165728576737	0.0002425296817563043	unsupported	True	0.0005028458361236	-0.0005028458361236
HBS1L	chr6:134835570-134836071	15	-0.005683403996716857	0.012767381861179351	4	0.01845078585789621	0.012076161441476692	2.844759960102186e-06	unsupported	True	0.0004428254590524	-0.0004428254590524
HBS1L	chr6:135008009-135008510	16	-0.0005287611958196608	0.03579519762436316	0	0.03632395882018282	0.04260386674288028	5.539453954745087e-05	unsupported	True	0.0004200654808718	0.0004200654808718
HBS1L	chr6:134921584-134922085	17	-0.0029045870869329987	0.04611358768154895	0	0.04901817476848194	0.06980343365174332	0.00015778395367206904	unsupported	True	0.0003269628858455	0.0003269628858455
HBS1L	chr6:134844337-134844838	18	-0.015350685007304162	0.007075265422480723	0	0.022425950429784885	0.02468997723660473	3.917547618186313e-06	unsupported	True	0.000258746316479	-0.000258746316479
HBS1L	chr6:134833986-134834487	19	-0.01122444458555243	0.01223496216461231	4	0.023459406750164738	0.03920480615067823	1.1252757681683934e-05	unsupported	True	0.000251524921005	0.000251524921005
PXDNL	chr8:51525983-51526484	0	0.046813345458224825	0.11823852453170255	3	0.07142517907347773	0.11823852453170255	0.000998548908223934	unsupported	True	0.0101971327193835	0.0101971327193835
PXDNL	chr8:51810201-51810702	1	0.04620636314336794	0.12322595346159243	3	0.07701959031822449	0.12322595346159243	0.0011695144135455825	unsupported	True	0.0084395868152792	0.0084395868152792
PXDNL	chr8:51683562-51684063	2	0.013329377658485325	0.04119959523863467	0	0.027870217580149348	0.0471172050522297	5.410193885168585e-05	unsupported	True	0.0076675521752271	0.0076675521752271
PXDNL	chr8:51627361-51627862	3	0.01834033823463622	0.10914963533771943	0	0.0908092971030832	0.12371769342680963	0.001226265239583515	unsupported	True	0.0057125975572383	0.0057125975572383
PXDNL	chr8:51456619-51457120	4	0.0351732229115069	0.07861492419495211	0	0.04344170128344521	0.07861492419495211	0.0002684830203931803	unsupported	True	0.0043374255741134	0.0043374255741134
PXDNL	chr8:51543522-51544023	5	0.0113682069369687	0.03560506378732133	3	0.024236856850352633	0.03560506378732133	3.072556191587905e-05	unsupported	True	0.0031387922487286	0.0031387922487286
PXDNL	chr8:51388998-51389499	6	0.019546022357179164	0.07506850579929365	3	0.05552248344211449	0.07506850579929365	0.0003128847717474272	unsupported	True	0.0024824099936621	0.0024824099936621
PXDNL	chr8:51505144-51505645	7	0.036872153854716094	0.11529557064751848	0	0.07842341679280239	0.11529557064751848	0.0010424878601308252	unsupported	True	0.0021291155110363	0.0021291155110363
PXDNL	chr8:51516394-51516895	8	0.03281323032405031	0.09881566017420297	3	0.06600242985015266	0.09881566017420297	0.0006444830162699161	unsupported	True	0.0017247952296766	0.0017247952296766
PXDNL	chr8:51189559-51190060	9	0.046293150906970726	0.10712363442845915	3	0.060830483521488427	0.11142550239146021	0.0007260911914821445	unsupported	True	0.001599443948385	0.001599443948385
PXDNL	chr8:51342487-51342988	10	0.03508254281306819	0.0850952251667859	0	0.05001268235371771	0.08438781960270218	0.0003591410975098229	unsupported	True	0.0015864096256966	0.0015864096256966
PXDNL	chr8:51190574-51191075	11	0.05216740063259463	0.1183195387564242	3	0.06615213812382957	0.1150785929706409	0.0009007305584062763	unsupported	True	0.0015726994242804	0.0015726994242804
PXDNL	chr8:51579140-51579641	12	0.02312472213344522	0.11706584214846893	0	0.09394112001502372	0.11706584214846893	0.001287407755868224	unsupported	True	0.0013779659042547	0.0013779659042547
PXDNL	chr8:51174631-51175132	13	-0.006642962196477167	0.049378232913852994	3	0.05602119511033016	0.07299061264478042	0.00020190864871844113	unsupported	True	0.0012552066509913	-0.0012552066509913
PXDNL	chr8:51416086-51416587	14	0.031153769278980677	0.07202192595473472	3	0.040868156675754046	0.07202192595473472	0.0002119895784172572	unsupported	True	0.0012288911374005	0.0012288911374005
PXDNL	chr8:51898319-51898820	15	0.017037891038167097	0.1118089360413671	3	0.09477104500320001	0.1118089360413671	0.0011847554060295386	unsupported	True	0.0011801264918841	-0.0011801264918841
PXDNL	chr8:51884391-51884892	16	-0.007182819405971022	0.04259676221339112	0	0.04977958161936214	0.05191416706543649	0.0001100813437083716	unsupported	True	0.0011412182591544	-0.0011412182591544
PXDNL	chr8:51857793-51858294	17	0.0033160616538645935	0.05581992157702774	3	0.05250385992316314	0.0657078670363057	0.0001925740766674175	unsupported	True	0.0009795564228265	-0.0009795564228265
PXDNL	chr8:51858907-51859408	18	-0.0180937305552333	0.012750263324953947	3	0.030843993880187246	0.03174496602652034	1.2484312439971865e-05	unsupported	True	0.0007702012825741	-0.0007702012825741
PXDNL	chr8:51569782-51570283	19	-0.0027919418837701283	0.05038894764612867	3	0.053180889529898794	0.06512904071829904	0.00017452818295180986	unsupported	True	0.0007474501396468	-0.0007474501396468
OGDH	chr7:44806044-44806545	0	0.023144293198701198	0.07461662348074231	0	0.051472330282041116	0.08035164554484887	0.0003086058811175286	unsupported	True	0.0102107111692218	0.0102107111692218
OGDH	chr7:44477258-44477759	1	0.009277609533141783	0.061307360229587854	0	0.05202975069644607	0.06682286743711148	0.00021315202816605028	unsupported	True	0.0099492644228792	0.0099492644228792
OGDH	chr7:44847970-44848471	2	0.01373581596066285	0.06791165867584056	0	0.05417584271517771	0.06400010365137217	0.00023546734704390474	unsupported	True	0.006166342762839	-0.006166342762839
OGDH	chr7:44625881-44626382	3	0.019811212255744004	0.11862980672149268	0	0.09881859446574867	0.10582820783836652	0.0012406061703308404	unsupported	True	0.0057605380411703	0.0057605380411703
OGDH	chr7:44639688-44640189	4	0.017831852384985393	0.07018919416666476	2	0.05235734178167937	0.06901130692982978	0.00025361100641553384	unsupported	True	0.0053685890983523	0.0053685890983523
OGDH	chr7:44606637-44607138	5	0.01803717797806895	0.07387384553878679	0	0.05583666756071784	0.06869978142531896	0.00028337762308145505	unsupported	True	0.0037708326762819	-0.0037708326762819
OGDH	chr7:44796332-44796833	6	0.01809714908168486	0.07252026920542902	0	0.05442312012374416	0.0660162704707764	0.0002605516512342652	unsupported	True	0.0030382536877336	-0.0030382536877336
OGDH	chr7:44748267-44748768	7	0.0179467638157854	0.06327834210490371	0	0.04533157828911831	0.047351560255578545	0.00013582828769523217	unsupported	True	0.002531389921456	-0.002531389921456
OGDH	chr7:44490405-44490906	8	0.01667037005393166	0.06994551722723508	0	0.053275147173303415	0.056847481372691216	0.00021183405132545934	unsupported	True	0.0022800260948496	0.0022800260948496
OGDH	chr7:44582113-44582614	9	0.019700901199845168	0.06841708901219688	0	0.048716187812351715	0.06292520564780338	0.00020973095369358167	unsupported	True	0.0018198152684728	-0.0018198152684728
OGDH	chr7:44797272-44797773	10	0.02219893774289652	0.04133936698760107	0	0.019140429244704552	0.018367698903109048	1.4533501063575517e-05	unsupported	True	0.0013027781261466	-0.0013027781261466
OGDH	chr7:44856871-44857372	11	0.018714096972982677	0.04934996250452503	5	0.030635865531542354	0.024667558685740935	3.72943594015316e-05	unsupported	True	0.0012546419843741	-0.0012546419843741
OGDH	chr7:44650532-44651033	12	0.026924052289852476	0.08262691338071138	1	0.055702861090858896	0.06632902883902939	0.0003052830350608352	unsupported	True	0.0011676368605611	0.0011676368605611
OGDH	chr7:44542914-44543415	13	0.03780867747959967	0.07718823044373913	0	0.039379552964139454	0.05642437202397679	0.0001715096658361982	unsupported	True	0.0010551900561967	0.0010551900561967
OGDH	chr7:44588043-44588544	14	0.018722882813255917	0.07015513742899643	5	0.05143225461574051	0.034635982332012635	0.00012497482920121106	unsupported	True	0.0007528721025386	0.0007528721025386
OGDH	chr7:44691869-44692370	15	-0.011075043982766817	0.04322283179988382	5	0.05429787578265064	0.05245034779067698	0.00012309613831743913	unsupported	True	0.0006623612119925	-0.0006623612119925
OGDH	chr7:44565408-44565909	16	0.009888493469891686	0.043391073677604905	5	0.03350258020771322	0.03930350469171319	5.71360128146279e-05	unsupported	True	0.0005652286094805	0.0005652286094805
OGDH	chr7:44702147-44702648	17	0.017955184989614775	0.023767283752707216	1	0.005812098763092442	0.012319814455670725	1.7018320714889554e-06	unsupported	True	0.0005635151016494	-0.0005635151016494
OGDH	chr7:44573732-44574233	18	0.014248967078054859	0.06206991567885656	0	0.0478209486008017	0.05645896839059546	0.00016758389521789958	unsupported	True	0.0005489122265535	-0.0005489122265535
OGDH	chr7:44768822-44769323	19	0.01318702374432141	0.06466928449076548	0	0.05148226074644407	0.03648240181800008	0.00012146162527874039	unsupported	True	0.0004944859259248	0.0004944859259248
SHOC1	chr9:111871434-111871935	0	-0.002393957011124519	0.05784014592166368	3	0.0602341029327882	0.07687912775117586	0.0002678429835511053	unsupported	True	0.0115077914619788	0.0115077914619788
SHOC1	chr9:111661314-111661815	1	-0.011870817194942061	0.02964608508682062	1	0.04151690228176268	0.0646285363409515	7.954568261311763e-05	unsupported	True	0.0106550493284082	0.0106550493284082
SHOC1	chr9:111661831-111662332	2	-0.008670821800122644	0.04134376795499936	1	0.050014589755122005	0.0719552812160103	0.00014878852558482616	unsupported	True	0.0078212130078649	0.0078212130078649
SHOC1	chr9:111599622-111600123	3	-0.0002569047774958461	0.07523172334510686	3	0.07548862812260271	0.11034437047250274	0.0006266610825111969	unsupported	True	0.0075706907880395	0.0075706907880395
SHOC1	chr9:111759994-111760495	4	0.0034804018120944795	0.06323745503081854	0	0.05975705321872406	0.09502155481938539	0.00035907542990222166	unsupported	True	0.0072066776505826	0.0072066776505826
SHOC1	chr9:111597730-111598231	5	0.0122259818863594	0.09364056166127552	3	0.08141457977491612	0.11892301290759537	0.0009066342032936985	unsupported	True	0.0038269720346422	0.0038269720346422
SHOC1	chr9:111662407-111662908	6	-0.005610098931994421	0.06955764075714747	3	0.0751677396891419	0.09895636631280953	0.0005173924344237922	unsupported	True	0.0030496707936943	0.0030496707936943
SHOC1	chr9:111896496-111896997	7	-0.010582091580617882	0.025644333750593842	1	0.036226425331211724	0.06351801354726119	5.90083960345118e-05	unsupported	True	0.0021129550748514	0.0021129550748514
SHOC1	chr9:111631028-111631529	8	-0.010085168309583266	0.02644982118997358	3	0.036534989499556844	0.06344404590940991	6.130876925816474e-05	unsupported	True	0.00148471713009	-0.00148471713009
SHOC1	chr9:111688905-111689406	9	-0.014044589235960954	0.014949960693237362	0	0.028994549929198317	0.038802152568652666	1.6819467480571302e-05	unsupported	True	0.0012681359875868	0.0012681359875868
SHOC1	chr9:111645927-111646428	10	-0.018360582781048098	0.00894904097558845	1	0.02730962375663655	0.03386965689622901	8.277572833595901e-06	unsupported	True	0.0007327570969176	0.0007327570969176
SHOC1	chr9:111598955-111599456	11	0.00898360865994274	0.07307038790252351	3	0.06408677924258077	0.10130921037517647	0.0004744154121990429	unsupported	True	0.0005228426477298	-0.0005228426477298
SHOC1	chr9:111913092-111913593	12	-0.012672065330980475	0.015697969289233477	0	0.028370034620213952	0.03963880942319608	1.7653220366831366e-05	unsupported	True	0.0003759761940722	0.0003759761940722
SHOC1	chr9:111918834-111919335	13	-0.0039641674639120045	0.060528672481626626	3	0.06449283994553863	0.07734849083337261	0.000301942672771292	unsupported	True	0.0002631617563074	-0.0002631617563074
SHOC1	chr9:111836183-111836684	14	-0.005224743316204325	0.06496249341345832	3	0.07018723672966265	0.08127417868361628	0.0003705726983048748	unsupported	True	0.0002359506444711	0.0002359506444711
SHOC1	chr9:111810691-111811192	15	0.0013577059833405115	0.042042053558459164	1	0.04068434757511865	0.059342770154706445	0.00010150305008248316	unsupported	True	0.0002177299514155	-0.0002177299514155
SHOC1	chr9:111566108-111566609	16	-0.01021254578407544	0.004941715658195411	1	0.01515426144227085	0.02007381505309535	1.5032888866181648e-06	unsupported	True	0.0001968093180903	0.0001968093180903
SHOC1	chr9:111897142-111897643	17	0.002557232384190497	0.059552001633738416	1	0.05699476924954792	0.09397957612812863	0.0003189810218599405	unsupported	True	0.0001292251085233	0.0001292251085233
SHOC1	chr9:111932126-111932627	18	-0.014173147724809265	0.04783198703908517	3	0.06200513476389444	0.06961279159376041	0.00020645962232308264	unsupported	True	4.3957610930538735e-05	4.3957610930538735e-05
SHOC1	chr9:111821548-111822049	19	-0.008916252515953448	0.005179314383987875	3	0.014095566899941323	0.01679103045089736	1.225835430969079e-06	unsupported	True	3.981235213505332e-05	3.981235213505332e-05
ADGRG2	chrX:18924629-18925130	0	0.013585393051137469	0.11732350318873679	4	0.10373811013759932	0.11732350318873679	0.0014279347949192498	unsupported	True	0.0197311234936463	0.0197311234936463
ADGRG2	chrX:18940088-18940589	1	0.013883320456680661	0.12447799766867781	4	0.11059467721199716	0.12383851548844255	0.001704835799229982	unsupported	True	0.0121331011966575	0.0121331011966575
ADGRG2	chrX:19177693-19178194	2	0.006978471071611343	0.0732402275379087	4	0.06626175646629735	0.0698207574855419	0.000338841959841121	unsupported	True	0.0088135489563006	0.0088135489563006
ADGRG2	chrX:19258277-19258778	3	-0.009359496167117969	0.00652241748919222	4	0.015881913656310188	0.014313739333426037	1.4827383774783163e-06	unsupported	True	0.0038845190769211	0.0038845190769211
ADGRG2	chrX:19121939-19122440	4	-0.007322261002934995	0.06445655002354717	4	0.07177881102648216	0.06912693406895994	0.0003198236771325684	unsupported	True	0.0023742330735683	0.0023742330735683
ADGRG2	chrX:18983925-18984426	5	-0.013198686122122936	0.020385665337544802	4	0.03358435145966774	0.034464455007203514	2.3595722054772974e-05	unsupported	True	0.0023110635067803	0.0023110635067803
ADGRG2	chrX:18931939-18932440	6	0.007897715949859893	0.08060673639411486	4	0.07270902044425497	0.08060673639411486	0.00047242293056743107	unsupported	True	0.0020926722238445	0.0020926722238445
ADGRG2	chrX:19183651-19184152	7	0.004955783104154151	0.06727926455267474	4	0.062323481448520596	0.06727926455267474	0.00028210720379759954	unsupported	True	0.0018963295737364	0.0018963295737364
ADGRG2	chrX:19106745-19107246	8	0.005172926937464281	0.036806254081194305	2	0.031633327143730024	0.039047541078927994	4.546321905663615e-05	unsupported	True	0.0017542720976739	0.0017542720976739
ADGRG2	chrX:18886358-18886859	9	-0.006731691591401533	0.04632866894517701	4	0.053060360536578546	0.060342648289122544	0.00014833525610934164	unsupported	True	0.0007879294776532	0.0007879294776532
ADGRG2	chrX:19167852-19168353	10	-3.091279604189856e-05	0.010131143070192958	3	0.010162055866234856	0.010931517469907899	1.1254351620649957e-06	unsupported	True	0.0007446063368883	0.0007446063368883
ADGRG2	chrX:18984453-18984954	11	-0.015153027892175269	0.019613497285245904	4	0.034766525177421174	0.034894007613089306	2.3793984669179267e-05	unsupported	True	0.0005723218341546	-0.0005723218341546
ADGRG2	chrX:18903368-18903869	12	-0.00862062045790612	0.033767440207541854	1	0.04238806066544797	0.04089679701065246	5.8537070280063025e-05	unsupported	True	0.0005349431102403	-0.0005349431102403
ADGRG2	chrX:18887776-18888277	13	-0.009456728935212941	0.012574573664155627	2	0.022031302599368568	0.030815249478803756	8.536879141286307e-06	unsupported	True	0.0003693044974868	0.0003693044974868
ADGRG2	chrX:19225831-19226332	14	-0.008932468263397619	0.049468065511818926	4	0.05840053377521655	0.06821333414567105	0.00019706569140749594	unsupported	True	0.0002947257937171	-0.0002947257937171
ADGRG2	chrX:19199779-19200280	15	-0.004390893510179512	0.0021100898772149937	5	0.0065009833873945055	0.013173115459944231	1.807043089781817e-07	unsupported	True	0.0002856110534696	0.0002856110534696
ADGRG2	chrX:18904724-18905225	16	-0.011883876067447922	0.005118105601691645	4	0.017001981669139566	0.023903227275954647	2.080009540032003e-06	unsupported	True	0.000208604913982	-0.000208604913982
ADGRG2	chrX:18895086-18895587	17	-0.006762772887120292	0.013638003800066908	2	0.0204007766871872	0.02465024669211124	6.858336331237192e-06	unsupported	True	0.0001622195569301	0.0001622195569301
ADGRG2	chrX:18999545-19000046	18	-0.0035907426997446837	0.0767191509426807	4	0.08030989364242538	0.08877711475087	0.0005469830454636085	unsupported	True	0.0001549967037295	0.0001549967037295
ADGRG2	chrX:18964942-18965443	19	-0.0029378360913540837	0.02759148781654963	2	0.030529323907903715	0.04237575753401596	3.5695196842522245e-05	unsupported	True	0.000140913322052	0.000140913322052
CBFA2T2	chr20:33653174-33653675	0	0.007348401872537724	0.0321588102074581	2	0.02481040833492038	0.01536456904463605	1.225897806711927e-05	unsupported	True	0.0214350049828546	0.0214350049828546
CBFA2T2	chr20:33400743-33401244	1	0.01698607264114308	0.08577455540658868	2	0.06878848276544561	0.09194939184912612	0.000542529137069745	unsupported	True	0.0069009783075556	0.0069009783075556
CBFA2T2	chr20:33649376-33649877	2	-0.00749082234432455	0.018562698800527983	3	0.026053521144852532	0.03078656517085499	1.4889111502397374e-05	unsupported	True	0.004624640224661	0.004624640224661
CBFA2T2	chr20:33568425-33568926	3	-0.0024506684140960014	0.005223204848226833	4	0.007673873262322835	0.01505261309441671	6.033420296325264e-07	unsupported	True	0.0034171884106419	0.0034171884106419
CBFA2T2	chr20:33345390-33345891	4	-0.0047846424958403995	0.041445304160035466	2	0.04622994665587587	0.0589364804585375	0.00011292313348339586	unsupported	True	0.002818076479836	0.002818076479836
CBFA2T2	chr20:33489728-33490229	5	0.020612710764601368	0.09008913491791332	2	0.06947642415331196	0.11288356209435349	0.0007065462241426805	unsupported	True	0.0022072239740127	-0.0022072239740127
CBFA2T2	chr20:33500949-33501450	6	-0.0037063458676262254	0.04432123232724552	3	0.048027578194871745	0.06521683876856824	0.000138823266324862	unsupported	True	0.0020275789768913	0.0020275789768913
CBFA2T2	chr20:33578356-33578857	7	-0.013241066025268235	0.05910716335004349	0	0.07234822937531173	0.08158002510200288	0.00034886054809209855	unsupported	True	0.0020076295222462	-0.0020076295222462
CBFA2T2	chr20:33685060-33685561	8	0.008064620380132467	0.03432434144686039	0	0.02625972106672792	0.03666086757041622	3.304418617876081e-05	unsupported	True	0.0018480130858673	0.0018480130858673
CBFA2T2	chr20:33415967-33416468	9	-0.003322942220086814	0.04512096854497049	0	0.0484439107650573	0.043874798116367957	9.590312084204833e-05	unsupported	True	0.0017794859095609	0.0017794859095609
CBFA2T2	chr20:33686299-33686800	10	0.017196914501491193	0.07408129339150941	2	0.056884378890018225	0.08780316443585505	0.00037000853732781095	unsupported	True	0.0017481858856414	-0.0017481858856414
CBFA2T2	chr20:33401302-33401803	11	0.023048547538438397	0.08883596438663872	2	0.06578741684820033	0.087574756376093	0.000511812152106961	unsupported	True	0.0016887394955508	0.0016887394955508
CBFA2T2	chr20:33347287-33347788	12	0.0005874833684708768	0.01906801579980368	0	0.018480532431332804	0.01546596076319105	5.450004820622344e-06	unsupported	True	0.0011940764361704	0.0011940764361704
CBFA2T2	chr20:33667839-33668340	13	0.012860952237071293	0.06029655568187055	2	0.04743560344479925	0.07421214014892782	0.0002122618233239126	unsupported	True	0.0011111819474408	0.0011111819474408
CBFA2T2	chr20:33446246-33446747	14	0.012326120024602125	0.03834586079616474	1	0.026019740771562615	0.045742593438647824	4.563964321739142e-05	unsupported	True	0.0009785185840954	-0.0009785185840954
CBFA2T2	chr20:33666562-33667063	15	0.009293351400737063	0.07917105876085741	2	0.06987770736012035	0.07814808000403006	0.0004323380037204356	unsupported	True	0.0008465409936675	-0.0008465409936675
CBFA2T2	chr20:33693662-33694163	16	-0.007324013109045963	0.039775373561841416	0	0.04709938667088738	0.04658072051642502	8.726412148894084e-05	unsupported	True	0.0008122427519729	0.0008122427519729
CBFA2T2	chr20:33457114-33457615	17	0.008341463192397786	0.10376396859928398	2	0.0954225054068862	0.13106634301437237	0.0012977426288734153	unsupported	True	0.000615814119618	-0.000615814119618
CBFA2T2	chr20:33731920-33732421	18	0.02415952880045039	0.09118415164250879	2	0.0670246228420584	0.07854449878237955	0.0004800312527999688	unsupported	True	0.0006114315949793	-0.0006114315949793
CBFA2T2	chr20:33629158-33629659	19	0.02240205985115298	0.05272015819952817	4	0.030318098348375188	0.019387633559589376	3.098870765149814e-05	unsupported	True	0.0005649491000245	0.0005649491000245
CAND1	chr12:67151808-67152309	0	0.006817457109279497	0.07174614404343904	4	0.06492868693415954	0.0791705240430349	0.0003688066173914679	unsupported	True	0.019679616999091	0.019679616999091
CAND1	chr12:67441721-67442222	1	-0.011402939013502174	0.046667749662303366	5	0.05807068867580554	0.06598564522374012	0.000178822970030651	unsupported	True	0.0104745305636498	0.0104745305636498
CAND1	chr12:67388731-67389232	2	0.008633249620749996	0.043457379871427705	5	0.03482413025067771	0.049802676966965664	7.53696509877251e-05	unsupported	True	0.0060650139142674	0.0060650139142674
CAND1	chr12:67374911-67375412	3	-0.0014468323217216954	0.036110242412007006	4	0.0375570747337287	0.04447837613743253	6.032135456910438e-05	unsupported	True	0.0056689589392353	0.0056689589392353
CAND1	chr12:67268310-67268811	4	-0.0023944646433704097	0.045673864460958634	5	0.048068329104329045	0.06313846012963564	0.00013861836450288715	unsupported	True	0.0026691478764256	-0.0026691478764256
CAND1	chr12:67442365-67442866	5	-0.0006346556048567294	0.044348555437662106	5	0.04498321104251884	0.03715452917783364	7.412107236554994e-05	unsupported	True	0.0025428861252142	0.0025428861252142
CAND1	chr12:67430582-67431083	6	-0.0159356424077144	0.036651519464178633	5	0.05258716187189304	0.051394844927853754	9.905839260446487e-05	unsupported	True	0.0025039325219643	0.0025039325219643
CAND1	chr12:67459047-67459548	7	0.011773013707406382	0.04782387261319214	5	0.03605085890578576	0.042089800978587576	7.256667584446089e-05	unsupported	True	0.0015547945744891	0.0015547945744891
CAND1	chr12:67370849-67371350	8	0.0004711613178262433	0.034990773356532515	5	0.03451961203870627	0.04693186580783523	5.668749519143189e-05	unsupported	True	0.0014438495170707	0.0014438495170707
CAND1	chr12:67358946-67359447	9	0.01740386729242684	0.11152488768344732	4	0.09412102039102048	0.10895058247817545	0.0011436364211924674	unsupported	True	0.0013892148075228	-0.0013892148075228
CAND1	chr12:67395487-67395988	10	-0.006323289138494015	0.02878840075630111	5	0.03511168989479513	0.05018893463860412	5.073144690478848e-05	unsupported	True	0.0012393790788764	0.0012393790788764
CAND1	chr12:67268990-67269491	11	-0.0004718530769041317	0.040843379064743085	5	0.041315232141647215	0.05394209408264566	9.102478557172615e-05	unsupported	True	0.0011164005584174	0.0011164005584174
CAND1	chr12:67355776-67356277	12	-0.007857178741753571	0.04034043948967544	5	0.04819761823142901	0.05956989819569154	0.0001158225335354567	unsupported	True	0.0007378609849625	-0.0007378609849625
CAND1	chr12:67413497-67413998	13	0.008168482017742307	0.03828131850295802	5	0.030112836485215712	0.04076577335937956	4.6993115577428184e-05	unsupported	True	0.0005058055859873	0.0005058055859873
CAND1	chr12:67366912-67367413	14	0.002759853717482972	0.03989546764561255	5	0.037135613928129585	0.050124331315856106	7.426133634987757e-05	unsupported	True	0.0004337374733861	-0.0004337374733861
CAND1	chr12:67419709-67420210	15	-0.009329066625525531	0.033016119374838636	5	0.04234518600036417	0.047611569161238224	6.656448341888041e-05	unsupported	True	0.0002602893593707	-0.0002602893593707
CAND1	chr12:67303522-67304023	16	0.008513406499590339	0.0372160539860423	4	0.028702647486451963	0.022126251830287217	2.3635246238768277e-05	unsupported	True	0.0002521286103317	0.0002521286103317
CAND1	chr12:67410686-67411187	17	0.004478783947279704	0.05084411373150341	4	0.046365329784223704	0.05666049409632653	0.00013357168113307285	unsupported	True	0.0002505337273663	-0.0002505337273663
CAND1	chr12:67394568-67395069	18	0.0034781866163963674	0.08849586049128123	4	0.08501767387488486	0.09964973310797859	0.0007497359133614625	unsupported	True	0.0002349525882516	-0.0002349525882516
CAND1	chr12:67425940-67426441	19	-0.0027933811952640586	0.030471634212979475	5	0.03326501540824353	0.04263144218378737	4.321290869227931e-05	unsupported	True	0.0001974087078861	0.0001974087078861
IGSF5	chr21:39612637-39613138	0	-0.004427541700581557	0.007570434297855027	3	0.011997975998436584	0.013320498326126999	1.2098993844321672e-06	unsupported	True	0.0105672938153993	0.0105672938153993
IGSF5	chr21:39696563-39697064	1	0.002054156548139183	0.017895711689591	3	0.015841555141451816	0.02277870719565523	6.457670177590571e-06	unsupported	True	0.0093360488786111	0.0093360488786111
IGSF5	chr21:39938176-39938677	2	0.002026844747078321	0.04610674355363364	3	0.044079898806555315	0.04688181291576195	9.528168660075533e-05	unsupported	True	0.0070044652075594	0.0070044652075594
IGSF5	chr21:39611364-39611865	3	0.001838429444831532	0.09122516570633164	0	0.08938673626150011	0.10393035508317819	0.0008474813551238471	unsupported	True	0.0062775812139091	0.0062775812139091
IGSF5	chr21:39788244-39788745	4	0.0026493050053976747	0.04544671360086197	3	0.0427974085954643	0.045525370529196744	8.854691721317193e-05	unsupported	True	0.0062593439809765	0.0062593439809765
IGSF5	chr21:39885025-39885526	5	0.004089768438907449	0.030122372479560684	0	0.026032604040653235	0.03289977782546939	2.5798814651564878e-05	unsupported	True	0.0044436146139803	0.0044436146139803
IGSF5	chr21:39840651-39841152	6	-0.0014825319164185077	0.025913217314053816	3	0.027395749230472326	0.02500873176245765	1.7753998865242368e-05	unsupported	True	0.003504396769375	0.003504396769375
IGSF5	chr21:39601447-39601948	7	-0.003108190808186155	0.05430740512168966	3	0.057415595929875815	0.0744583723255671	0.00023216805720097878	unsupported	True	0.0030171432511413	0.0030171432511413
IGSF5	chr21:39863097-39863598	8	-0.0028666173120428583	0.04480529155225789	3	0.04767190886430075	0.06311130347507994	0.00013480282693543796	unsupported	True	0.0022645283445672	0.0022645283445672
IGSF5	chr21:39730815-39731316	9	0.005047263237991242	0.021973312146174852	0	0.01692604890818361	0.023068681194053843	8.579735192230022e-06	unsupported	True	0.0022367520804268	0.0022367520804268
IGSF5	chr21:39918561-39919062	10	0.007199105487655976	0.051810308734770105	3	0.04461120324711413	0.059980244723540924	0.00013863355202595523	unsupported	True	0.0007117609861695	0.0007117609861695
IGSF5	chr21:39799102-39799603	11	-0.002552755617386061	0.061038870318582336	0	0.0635916259359684	0.08691853115768762	0.0003373795814884872	unsupported	True	0.0006377131871733	0.0006377131871733
IGSF5	chr21:39648441-39648942	12	0.004411574817395614	0.09120880016616223	0	0.08679722534876662	0.10309566379181762	0.0008161744292722996	unsupported	True	0.0006155281587455	0.0006155281587455
IGSF5	chr21:39598136-39598637	13	-0.014528321983789488	0.0025931110338664708	0	0.01712143301765596	0.023314415425712456	1.0351082140112833e-06	unsupported	True	0.0005855167255977	0.0005855167255977
IGSF5	chr21:39867105-39867606	14	-0.005112032554607658	0.06152152573719625	3	0.06663355829180391	0.0845471813404683	0.00034659256058500073	unsupported	True	0.0004406026822366	-0.0004406026822366
IGSF5	chr21:39892597-39893098	15	-0.012421829204968742	0.03661010332809981	3	0.04903193253306855	0.053170972123457165	9.544530409356381e-05	unsupported	True	0.0003075327292309	-0.0003075327292309
IGSF5	chr21:39773900-39774401	16	0.016593847520201124	0.14061891303105262	0	0.12402506551085149	0.15316716856993234	0.0026712767597919184	unsupported	True	0.0002705307370181	-0.0002705307370181
IGSF5	chr21:39863718-39864219	17	0.00126932324265417	0.08247932346280896	0	0.0812100002201548	0.10761233852373199	0.0007208031415511062	unsupported	True	0.0002572535199499	0.0002572535199499
IGSF5	chr21:39687155-39687656	18	-0.005646289882101228	0.03685036888874525	3	0.04249665877084648	0.046217441688711225	7.237732490437344e-05	unsupported	True	0.0002404864764842	0.0002404864764842
IGSF5	chr21:39736788-39737289	19	0.00031911898911965756	0.042559484706573954	3	0.0422403657174543	0.05821122465339552	0.0001046479600433018	unsupported	True	0.0002292934350572	0.0002292934350572
NFATC2	chr20:51532655-51533156	0	0.00031555112718331224	0.021846377443302506	0	0.021530826316119193	0.025603764274775807	1.2043256898252284e-05	unsupported	True	0.0106200189699864	0.0106200189699864
NFATC2	chr20:51542545-51543046	1	0.0007042717908364375	0.05449955685256919	0	0.053795285061732756	0.05890679683154189	0.0001727040777622307	unsupported	True	0.0080497251781094	0.0080497251781094
NFATC2	chr20:51385906-51386407	2	0.007181780479989383	0.06343746040926125	0	0.05625567992927187	0.06343746040926125	0.00022639037310770755	unsupported	True	0.0077931534041599	0.0077931534041599
NFATC2	chr20:51631485-51631986	3	-0.021772009356665595	0.0	3	0.021772009356665595	0.02726122160775466	0.0	unsupported	True	0.0041474629851351	0.0041474629851351
NFATC2	chr20:51594914-51595415	4	-0.005628898760876494	0.008028126962861972	0	0.013657025723738466	0.022542847532492503	2.471605387896324e-06	unsupported	True	0.0038925483203618	0.0038925483203618
NFATC2	chr20:51456402-51456903	5	0.012642073007452567	0.12746884849354811	0	0.11482677548609554	0.12746884849354811	0.0018657407385310836	unsupported	True	0.0038519161779599	0.0038519161779599
NFATC2	chr20:51562823-51563324	6	0.014277756331209718	0.13468643094475993	0	0.12040867461355022	0.13468643094475993	0.002184265696809253	unsupported	True	0.0022530756070435	0.0022530756070435
NFATC2	chr20:51562172-51562673	7	0.005223013331074743	0.09453033687256883	0	0.0893073235414941	0.10381609539164137	0.000876441574541129	unsupported	True	0.0022074056343196	0.0022074056343196
NFATC2	chr20:51529229-51529730	8	-0.01429945180183761	0.0	3	0.01429945180183761	0.02031694205922144	0.0	unsupported	True	0.0021624315057679	0.0021624315057679
NFATC2	chr20:51462845-51463346	9	0.012291611382782888	0.12602589871005535	0	0.11373428732727246	0.12602589871005535	0.0018063879058696473	unsupported	True	0.0019964567587287	0.0019964567587287
NFATC2	chr20:51677825-51678326	10	0.011195940638077375	0.049869743295190214	0	0.03867380265711284	0.049869743295190214	9.618141060415284e-05	unsupported	True	0.0018824733081574	0.0018824733081574
NFATC2	chr20:51492450-51492951	11	0.008336924813747572	0.07865032889554098	0	0.0703134040817934	0.07865032889554098	0.00043494987471120154	unsupported	True	0.0018740371166442	0.0018740371166442
NFATC2	chr20:51397010-51397511	12	0.00878140304061102	0.1015870861567938	0	0.09280568311618277	0.10891766013954683	0.0010268603344070646	unsupported	True	0.0015151512165003	0.0015151512165003
NFATC2	chr20:51624160-51624661	13	-0.009568219018349065	0.00854250736663505	2	0.018110726384984115	0.00854250736663505	1.3216199730259536e-06	unsupported	True	0.001237818993753	-0.001237818993753
NFATC2	chr20:51318158-51318659	14	0.00952360570413402	0.08850288814327095	0	0.07897928243913693	0.08850288814327095	0.0006186258598592382	unsupported	True	0.0010782050337459	0.0010782050337459
NFATC2	chr20:51318832-51319333	15	0.00014300932683248402	0.06668605824127365	0	0.06654304891444117	0.07199303873837583	0.0003194686511989928	unsupported	True	0.0010115344209927	0.0010115344209927
NFATC2	chr20:51652338-51652839	16	-0.02008846221374753	0.0	3	0.02008846221374753	0.028396831752419034	0.0	unsupported	True	0.0009383105690647	0.0009383105690647
NFATC2	chr20:51687885-51688386	17	-0.0045503343428478	0.007194197373405818	2	0.011744531716253618	0.025424706265568246	2.14819646594406e-06	unsupported	True	0.0009223714668978	-0.0009223714668978
NFATC2	chr20:51678364-51678865	18	0.002006676345360305	0.026841613787702303	4	0.024834937442341998	0.04261470545419656	2.840738024873341e-05	unsupported	True	0.0009108457660177	0.0009108457660177
NFATC2	chr20:51639179-51639680	19	-0.0012225673951869389	0.021975972253654445	2	0.023198539648841384	0.021975972253654445	1.1203580603756446e-05	unsupported	True	0.0008372995153132	0.0008372995153132
SETDB2	chr13:49371689-49372190	0	0.013239062488033686	0.027820772705054477	3	0.014581710217020791	0.03529744685690607	1.4319272184725159e-05	unsupported	True	0.0191487198351356	0.0191487198351356
SETDB2	chr13:49370348-49370849	1	0.02846646603022821	0.07194549038059281	3	0.043479024350364597	0.056776731570447124	0.00017760441412577395	unsupported	True	0.0106079587254546	0.0106079587254546
SETDB2	chr13:49585339-49585840	2	0.015147081573175908	0.10770980696114574	3	0.09256272538796984	0.11622403533906667	0.0011587435537698473	unsupported	True	0.0054804369895685	-0.0054804369895685
SETDB2	chr13:49359214-49359715	3	-0.0028499263958944848	0.023212289628549907	3	0.02606221602444439	0.03967820490760554	2.400387391694985e-05	unsupported	True	0.0033436676312153	0.0033436676312153
SETDB2	chr13:49332091-49332592	4	0.016798835971582177	0.07293791925163376	2	0.056139083280051585	0.058919442302412195	0.00024125555044505272	unsupported	True	0.0032527683939632	0.0032527683939632
SETDB2	chr13:49641907-49642408	5	-0.004379376399674579	0.020185134422192465	3	0.024564510821867044	0.031162071465078392	1.5451337725075277e-05	unsupported	True	0.002821144973226	0.002821144973226
SETDB2	chr13:49443849-49444350	6	0.02293056180459325	0.10619391052016156	3	0.08326334871556831	0.11019634880225417	0.000974362794350987	unsupported	True	0.0025441741080245	0.0025441741080245
SETDB2	chr13:49606972-49607473	7	0.012104882331955275	0.09228568655492594	3	0.08018080422297066	0.09436546713123775	0.0006982611020900598	unsupported	True	0.0020616578157753	0.0020616578157753
SETDB2	chr13:49527085-49527586	8	-0.011903285249920738	0.017135722888881582	3	0.029039008138802322	0.037033310540303496	1.842793813937889e-05	unsupported	True	0.0015509333702148	-0.0015509333702148
SETDB2	chr13:49495901-49496402	9	0.007423809309792945	0.07020627076330442	2	0.06278246145351148	0.06694524522035311	0.00029507606282188595	unsupported	True	0.0012335722755764	0.0012335722755764
SETDB2	chr13:49377031-49377532	10	-0.003052159371158086	0.06907664444028772	2	0.0721288038114458	0.06463514117201136	0.00032203914439557686	unsupported	True	0.0012262955678039	-0.0012262955678039
SETDB2	chr13:49517380-49517881	11	-0.0028288991541986276	0.032846148203838646	2	0.035675047358037275	0.026920973623463205	3.154567095169862e-05	unsupported	True	0.0010481625981327	-0.0010481625981327
SETDB2	chr13:49421327-49421828	12	-0.01266251868171638	0.016188786540637615	4	0.028851305222353997	0.028111691248386743	1.313006077232184e-05	unsupported	True	0.0009899315491831	-0.0009899315491831
SETDB2	chr13:49567961-49568462	13	0.00864318124093185	0.05444500244830898	5	0.04580182120737713	0.06139696292364266	0.0001531043949438572	unsupported	True	0.0007390756856992	-0.0007390756856992
SETDB2	chr13:49308103-49308604	14	0.006686755750216072	0.14234944490913898	2	0.1356626891589229	0.14472776460745193	0.0027949114559185106	unsupported	True	0.0006977254023132	-0.0006977254023132
SETDB2	chr13:49521126-49521627	15	0.025415328836037674	0.11276554771480343	3	0.08735021887876576	0.10229323109198588	0.001007598072230558	unsupported	True	0.0005899164092806	0.0005899164092806
SETDB2	chr13:49301110-49301611	16	0.01281503621585898	0.07794737026696598	3	0.065132334051107	0.07805139598248795	0.0003962586763366718	unsupported	True	0.0005340700618174	-0.0005340700618174
SETDB2	chr13:49401183-49401684	17	0.00641662548672043	0.15689702181251194	2	0.15048039632579152	0.15636356220271994	0.0036917321365621605	unsupported	True	0.0005013994154027	-0.0005013994154027
SETDB2	chr13:49545954-49546455	18	0.012679940002339416	0.05763811496786528	3	0.044958174965525864	0.04029727902076617	0.00010442251874794068	unsupported	True	0.0004209821290227	-0.0004209821290227
SETDB2	chr13:49561007-49561508	19	0.002355970574925462	0.10726607062610775	2	0.10491010005118229	0.10859308111686623	0.0012220298900535115	unsupported	True	0.0003744713279211	-0.0003744713279211
ZBTB8B	chr1:32464690-32465191	0	-0.009771776648543075	0.021928183146934534	4	0.03169995979547761	0.032640027476914794	2.268881828793783e-05	unsupported	True	0.018768185763568	0.018768185763568
ZBTB8B	chr1:32612059-32612560	1	-0.013462603400018947	0.05476322435737484	0	0.06822582775739379	0.07875858783196209	0.0002942630585323611	unsupported	True	0.0056983334689604	0.0056983334689604
ZBTB8B	chr1:32619997-32620498	2	0.005207479238833784	0.03433087691552767	0	0.029123397676693887	0.04869527190350598	4.868708043358805e-05	unsupported	True	0.0048531105424847	0.0048531105424847
ZBTB8B	chr1:32361687-32362188	3	-0.0033491960185074747	0.04568981764083993	4	0.0490390136593474	0.059043933447898156	0.0001322928684540257	unsupported	True	0.0045677568667186	0.0045677568667186
ZBTB8B	chr1:32470927-32471428	4	-0.01749347976544791	0.016017625585692925	1	0.03351110535114084	0.04112853871253525	2.2076497388726225e-05	unsupported	True	0.0030539695719228	0.0030539695719228
ZBTB8B	chr1:32361171-32361672	5	0.002744732572097777	0.058480422231737196	0	0.05573568965963942	0.0810084472346521	0.00026404271314930787	unsupported	True	0.0029487731797952	0.0029487731797952
ZBTB8B	chr1:32351265-32351766	6	-0.004501352813197888	0.03360870080523564	4	0.03811005361843353	0.0484672556342827	6.207828545611199e-05	unsupported	True	0.0028472134834483	-0.0028472134834483
ZBTB8B	chr1:32539140-32539641	7	-0.004839707284656272	0.055322300341009656	4	0.060162007625665925	0.0784618195147975	0.0002611445252824313	unsupported	True	0.002811497284649	-0.002811497284649
ZBTB8B	chr1:32426869-32427370	8	-0.003061787294106428	0.06883715085013085	4	0.07189893814423728	0.09979573586708718	0.0004939208369397118	unsupported	True	0.00186293434371	0.00186293434371
ZBTB8B	chr1:32336038-32336539	9	-0.003048644446459724	0.0421014019209641	4	0.04515004636742383	0.05019424752595534	9.541325372873319e-05	unsupported	True	0.0016571469629642	0.0016571469629642
ZBTB8B	chr1:32394295-32394796	10	-0.006450431454400912	0.023282835234265994	4	0.029733266688666906	0.028613220992276256	1.980821038877082e-05	unsupported	True	0.0015948851853689	0.0015948851853689
ZBTB8B	chr1:32400773-32401274	11	-0.0032710461247110545	0.06978255772192049	4	0.07305360384663155	0.08325476530330145	0.0004244217478752262	unsupported	True	0.0015847557952633	0.0015847557952633
ZBTB8B	chr1:32520403-32520904	12	0.004963629182439256	0.08621859760211169	4	0.08125496841967243	0.10723370821096967	0.0007512460556544466	unsupported	True	0.0012278168803802	-0.0012278168803802
ZBTB8B	chr1:32338238-32338739	13	0.00614510378619906	0.056403410100300456	3	0.0502583063141014	0.0521812088117679	0.00014792015266506126	unsupported	True	0.00097730394789	-0.00097730394789
ZBTB8B	chr1:32632854-32633355	14	0.014469139605200217	0.05673721345184798	1	0.04226807384664776	0.07030836387531922	0.00016861160079860286	unsupported	True	0.0009438357553907	0.0009438357553907
ZBTB8B	chr1:32483028-32483529	15	-0.008004868561442531	0.0643371016854177	4	0.07234197024686023	0.07777545463032484	0.00036198817489679636	unsupported	True	0.000855287919182	0.000855287919182
ZBTB8B	chr1:32500621-32501122	16	-0.0038021817346185326	0.040082639927665344	4	0.04388482166228388	0.0554760106224362	9.758338474329484e-05	unsupported	True	0.000843731458199	0.000843731458199
ZBTB8B	chr1:32413875-32414376	17	0.0025880788850645813	0.07263082851036878	3	0.0700427496253042	0.06857424358671735	0.0003488552077924412	unsupported	True	0.0007232924325624	-0.0007232924325624
ZBTB8B	chr1:32362426-32362927	18	-0.008159508412658476	0.014298789604988307	4	0.02245829801764678	0.02864202107464045	9.197711357388246e-06	unsupported	True	0.0007045713096647	0.0007045713096647
ZBTB8B	chr1:32351846-32352347	19	-0.004817208347223303	0.03212878831811774	4	0.03694599666534104	0.03563531170514876	4.2300187832937475e-05	unsupported	True	0.0006412631453295	0.0006412631453295
ABCA8	chr17:68803444-68803945	0	0.024402753489361127	0.035071395546117885	2	0.010668642056756758	0.035071395546117885	1.3122459447870778e-05	unsupported	True	0.0164424341634241	0.0164424341634241
ABCA8	chr17:68813035-68813536	1	0.0038473599520850335	0.0785383830831075	2	0.07469102313102247	0.0785383830831075	0.0004607149661929906	unsupported	True	0.0108613319864255	0.0108613319864255
ABCA8	chr17:68771742-68772243	2	0.005873404756726268	0.02809750731347501	0	0.022224102556748743	0.02809750731347501	1.7545260406004837e-05	unsupported	True	0.0087396474585264	0.0087396474585264
ABCA8	chr17:68910410-68910911	3	0.006152549468284521	0.0	1	-0.006152549468284521	0.003665529282423896	0.0	unsupported	True	0.0057881596751032	0.0057881596751032
ABCA8	chr17:68868762-68869263	4	0.009859183182285847	0.025545085465987074	2	0.015685902283701227	0.025545085465987074	1.0235857361606733e-05	unsupported	True	0.0042996978569746	0.0042996978569746
ABCA8	chr17:68961215-68961716	5	-0.010103922575382082	0.04513611626628773	0	0.055240038841669815	0.04513611626628773	0.00011253881822712584	unsupported	True	0.0030569662803499	-0.0030569662803499
ABCA8	chr17:68777380-68777881	6	0.017315143638135536	0.039614533266611	2	0.022299389628475462	0.039614533266611	3.4994682921373224e-05	unsupported	True	0.0024913806030646	0.0024913806030646
ABCA8	chr17:68759793-68760294	7	0.002264685815830467	0.011719957345408559	2	0.009455271529578091	0.011719957345408559	1.2987515152817616e-06	unsupported	True	0.0020907615836994	0.0020907615836994
ABCA8	chr17:68794671-68795172	8	-0.008610517270770165	0.009829046714104612	2	0.018439563984874778	0.009829046714104612	1.781449214149746e-06	unsupported	True	0.0019450315582183	-0.0019450315582183
ABCA8	chr17:68736697-68737198	9	-0.006297171781433236	0.019927564669373354	4	0.02622473645080659	0.019927564669373354	1.0414048280075942e-05	unsupported	True	0.0009791991655681	-0.0009791991655681
ABCA8	chr17:68734880-68735381	10	-0.004186049564015656	0.01000708609252217	2	0.014193135656537827	0.01000708609252217	1.421325755778387e-06	unsupported	True	0.0005784515486714	-0.0005784515486714
ABCA8	chr17:68774679-68775180	11	-0.00543961728314993	0.05533581882774044	2	0.06077543611089037	0.05533581882774044	0.00018609759706991933	unsupported	True	0.0003827512348061	0.0003827512348061
ABCA8	chr17:68807887-68808388	12	-0.00462804301925971	0.01852941272214442	2	0.02315745574140413	0.01852941272214442	7.950860842218835e-06	unsupported	True	0.000323468888951	-0.000323468888951
ABCA8	chr17:68821799-68822300	13	-0.008551491145494538	0.0	1	0.008551491145494538	0.00911596513275882	0.0	unsupported	True	0.0002905885030823	0.0002905885030823
ABCA8	chr17:68793835-68794336	14	-0.013448520281856937	0.0291570297852632	2	0.042605550067120135	0.0291570297852632	3.6220357931088443e-05	unsupported	True	0.0002607617006915	0.0002607617006915
ABCA8	chr17:69040891-69041392	15	-0.005355051976228558	0.0	1	0.005355051976228558	0.002690403266747209	0.0	unsupported	True	0.0001743314051659	-0.0001743314051659
ABCA8	chr17:68970111-68970612	16	-0.006606330352804698	0.04344652134822262	2	0.050052851701027315	0.04344652134822262	9.447977374541999e-05	unsupported	True	0.0001655970716084	-0.0001655970716084
ABCA8	chr17:68832032-68832533	17	-0.014257480475150288	0.0	1	0.014257480475150288	0.012405381715463112	0.0	unsupported	True	0.0001138054416252	0.0001138054416252
ABCA8	chr17:68818002-68818503	18	0.0005358344818527654	0.067983438158926	2	0.06744760367707324	0.067983438158926	0.00031172581822026146	unsupported	True	9.358140689265637e-05	-9.358140689265637e-05
ABCA8	chr17:68843578-68844079	19	0.01598922036605911	0.12362814592745809	2	0.10763892556139898	0.12362814592745809	0.0016451445619902342	unsupported	True	8.571625803641556e-05	-8.571625803641556e-05
TYW1	chr7:67378125-67378626	0	-0.015367582253382823	0.028480634611785228	4	0.04384821686516805	0.043627268102293476	5.4482824960118275e-05	unsupported	True	0.0078450124863559	0.0078450124863559
TYW1	chr7:67040707-67041208	1	-0.007912622746027984	0.015097238868862002	0	0.023009861614889986	0.018260654321571434	6.343484288312272e-06	unsupported	True	0.0060602999591322	0.0060602999591322
TYW1	chr7:67371745-67372246	2	0.011465317965802154	0.026461808869640134	2	0.01499649090383798	0.022653057186856628	8.989509548219577e-06	unsupported	True	0.0058331465724037	0.0058331465724037
TYW1	chr7:66995374-66995875	3	0.0015339477397904476	0.022188841395338704	4	0.020654893655548255	0.026826451544398215	1.2294781629488072e-05	unsupported	True	0.0049118746484651	-0.0049118746484651
TYW1	chr7:67019760-67020261	4	-0.02439538471058065	-0.0045030747964750675	5	0.01989230991410558	0.015950025432661344	0.0	unsupported	True	0.0045932937180129	0.0045932937180129
TYW1	chr7:67302314-67302815	5	0.00203586311716462	0.024482751123488137	4	0.022446888006323516	0.024534946595881478	1.3483463833801013e-05	unsupported	True	0.004161885154258	-0.004161885154258
TYW1	chr7:66844734-66845235	6	0.002870466652013223	0.02100781693131863	4	0.018137350279305405	0.015316802284880707	5.836101964244068e-06	unsupported	True	0.0040785074432637	-0.0040785074432637
TYW1	chr7:67117186-67117687	7	-0.004811065849186127	0.00967587842772964	5	0.014486944276915766	0.010865649248557655	1.5230805573822539e-06	unsupported	True	0.0035151364823188	0.0035151364823188
TYW1	chr7:67226320-67226821	8	-0.01545901670544889	0.01859923020841298	5	0.03405824691386187	0.03330487883360005	2.1097214454516897e-05	unsupported	True	0.003473299241491	0.003473299241491
TYW1	chr7:66877528-66878029	9	-0.0036969721216370778	0.08569208332570619	5	0.08938905544734327	0.10507496644803288	0.0008048673487922088	unsupported	True	0.0028581131513968	-0.0028581131513968
TYW1	chr7:66996466-66996967	10	0.006503435842386356	0.02111724113838564	4	0.014613805295999285	0.018705236333902035	5.772496731862406e-06	unsupported	True	0.0026189512872216	-0.0026189512872216
TYW1	chr7:67042959-67043460	11	-0.0011280278302513032	0.03904900785916834	4	0.04017703568941964	0.04859979000590949	7.624691693022073e-05	unsupported	True	0.0018956158480698	0.0018956158480698
TYW1	chr7:67129112-67129613	12	-0.004658797420714477	0.02352215146276768	4	0.028180948883482156	0.03754029459215096	2.488458089021496e-05	unsupported	True	0.0014830341865341	0.0014830341865341
TYW1	chr7:66891497-66891998	13	-0.005300329816428657	0.008225363877545976	4	0.013525693693974633	0.01934205436138925	2.1518761254593487e-06	unsupported	True	0.0013122818262752	0.0013122818262752
TYW1	chr7:67343537-67344038	14	0.001290023985020598	0.0046928323906333886	0	0.0034028084056127905	0.01624652632663556	2.594376840276737e-07	unsupported	True	0.0012041835015771	-0.0012041835015771
TYW1	chr7:66920845-66921346	15	0.0002974974903141962	0.013258355041626667	4	0.01296085755131247	0.017781222731826977	3.0555191096439292e-06	unsupported	True	0.0010867147990575	-0.0010867147990575
TYW1	chr7:67193064-67193565	16	0.026351440455661932	0.06540340345719212	1	0.03905196300153019	0.055086632234299236	0.0001406984911596612	unsupported	True	0.0008961449800705	-0.0008961449800705
TYW1	chr7:67066861-67067362	17	0.007381223322248301	0.0359133412047484	2	0.0285321178825001	0.04934435767492994	5.0562358246847384e-05	unsupported	True	0.0005543999991344	0.0005543999991344
TYW1	chr7:66889080-66889581	18	0.007731628031248999	0.04954838911722772	4	0.04181676108597872	0.06485673498017679	0.00013438011633506959	unsupported	True	0.0003885479755564	-0.0003885479755564
TYW1	chr7:67179018-67179519	19	0.0063342835748415325	0.03207334470727539	1	0.025739061132433856	0.030915953150397024	2.5522287334758553e-05	unsupported	True	0.0003785878974269	0.0003785878974269
CHGA	chr14:93068647-93069148	0	-0.038447286276755484	0.013595182744356116	4	0.0520424690211116	0.032988794781927566	2.3340458941766877e-05	unsupported	True	0.0137716134807972	0.0137716134807972
CHGA	chr14:92874892-92875393	1	0.0467031043338257	0.07575814551756047	5	0.029055041183734767	0.0856617082239218	0.0001885547862838581	unsupported	True	0.0073672638197657	0.0073672638197657
CHGA	chr14:92906741-92907242	2	0.019364094810935123	0.06579638551303756	4	0.04643229070210243	0.06594908342373422	0.00020147952129713094	unsupported	True	0.0051331488416933	0.0051331488416933
CHGA	chr14:92891127-92891628	3	0.015198525085611574	0.05493307614415036	4	0.03973455105853879	0.08796020810216	0.00019199436304739354	unsupported	True	0.004480635664934	0.004480635664934
CHGA	chr14:92838128-92838629	4	-0.0018478819748407537	0.051626114898566035	5	0.05347399687340679	0.0804766657718006	0.00022216828614019557	unsupported	True	0.0039293965026054	0.0039293965026054
CHGA	chr14:93057426-93057927	5	0.011873264618402882	0.06656320918004106	5	0.054689944561638185	0.08336866846296645	0.00030349015014800623	unsupported	True	0.002862294663266	0.002862294663266
CHGA	chr14:92922838-92923339	6	-0.002505873549647681	0.05439474633217552	5	0.0569006198818232	0.0805081830659854	0.00024918045752638646	unsupported	True	0.0028437715555619	0.0028437715555619
CHGA	chr14:93019221-93019722	7	-0.04884316229488464	0.01090484067863154	5	0.05974800297351618	0.04433166397934617	2.8883961107646273e-05	unsupported	True	0.0022858360939377	-0.0022858360939377
CHGA	chr14:92783774-92784275	8	0.015651518005736123	0.08702337789787962	4	0.0713718598921435	0.10699904134205007	0.0006645732215655107	unsupported	True	0.0019756863424648	0.0019756863424648
CHGA	chr14:92959042-92959543	9	-0.04683219720198659	0.003168897459413474	0	0.05000109466140007	0.050184533589958	7.951656133362866e-06	unsupported	True	0.0019031261652656	-0.0019031261652656
CHGA	chr14:92880739-92881240	10	0.006686151305168059	0.068169792175244	4	0.06148364087007595	0.08524471506592027	0.00035728847759274913	unsupported	True	0.0017829018892441	0.0017829018892441
CHGA	chr14:92848696-92849197	11	0.018971539269212422	0.11276675109536242	4	0.09379521182615	0.1131073916974962	0.0011963347675476264	unsupported	True	0.0017734236713726	0.0017734236713726
CHGA	chr14:93029853-93030354	12	-0.04975571826446232	0.026544278396812296	5	0.07629999666127461	0.0810965061889855	0.00016424705331806788	unsupported	True	0.0014455564901042	-0.0014455564901042
CHGA	chr14:92867439-92867940	13	0.005121591433564365	0.0630617739334546	4	0.05794018249989024	0.07283945591952597	0.00026614158272686834	unsupported	True	0.0013577472296956	0.0013577472296956
CHGA	chr14:92886275-92886776	14	-0.010053576636603183	0.06286565375230489	4	0.07291923038890807	0.08974796218973408	0.00041141498772705995	unsupported	True	0.0012923305857528	0.0012923305857528
CHGA	chr14:93036237-93036738	15	-0.038487201159463885	0.03437982202724379	5	0.07286702318670768	0.07603544817127691	0.00019048060512362146	unsupported	True	0.0011359497530151	-0.0011359497530151
CHGA	chr14:92847595-92848096	16	0.01524844065743037	0.06135117670654932	5	0.04610273604911895	0.06808967702506315	0.0001925887308271183	unsupported	True	0.0009941673510212	0.0009941673510212
CHGA	chr14:93008380-93008881	17	-0.011547389194492417	0.06105027160090239	5	0.0725976607953948	0.10491372801385153	0.00046498885879477406	unsupported	True	0.0009544221768411	-0.0009544221768411
CHGA	chr14:92982959-92983460	18	-0.010676976135458387	0.043304459108428665	5	0.05398143524388705	0.07479946539861995	0.0001748539870600743	unsupported	True	0.0009471059940438	0.0009471059940438
CHGA	chr14:93019886-93020387	19	-0.05831681009969746	-0.0010877275675259905	5	0.057229082532171474	0.038490719834263956	0.0	unsupported	True	0.0008831986126275	-0.0008831986126275
CDC27	chr17:47057804-47058305	0	0.00987024273549876	0.04294074461125102	5	0.03307050187575226	0.05585502897944169	7.93181613283914e-05	unsupported	True	0.0198976020002407	0.0198976020002407
CDC27	chr17:47120635-47121136	1	0.009118316232047802	0.043453786258432166	5	0.03433547002638436	0.06709939544252946	0.00010011271237990517	unsupported	True	0.0080067074651185	0.0080067074651185
CDC27	chr17:47253670-47254171	2	-0.01637382803702584	0.05293438354136743	0	0.06930821157839327	0.09045311680748436	0.0003318532601417337	unsupported	True	0.0062793483505299	0.0062793483505299
CDC27	chr17:47189117-47189618	3	-0.02791163756548983	0.03791337288822396	5	0.06582501045371379	0.07159471874003712	0.00017867522856918275	unsupported	True	0.0057362066347775	-0.0057362066347775
CDC27	chr17:47229677-47230178	4	-0.01986018448266511	0.043309173589541304	5	0.06316935807220642	0.07200528664413314	0.0001969929772569434	unsupported	True	0.0036500436392402	0.0036500436392402
CDC27	chr17:46991642-46992143	5	-0.011988780883566972	0.0628402656323657	5	0.07482904651593267	0.08480662829384152	0.0003987842712493436	unsupported	True	0.0031448461704414	0.0031448461704414
CDC27	chr17:47204975-47205476	6	-0.015579232473490526	0.022373097426583846	5	0.03795232990007437	0.053772096191112936	4.565848774787267e-05	unsupported	True	0.0022446826116527	0.0022446826116527
CDC27	chr17:47295601-47296102	7	-0.022980006369518333	0.03343323329796446	0	0.056413239667482795	0.053514403901660026	0.000100932286522659	unsupported	True	0.0015262817976834	-0.0015262817976834
CDC27	chr17:47315607-47316108	8	-0.009448601968058648	0.04399184425167518	5	0.05344044621973383	0.06935084080543542	0.00016303992830356813	unsupported	True	0.0013221045173517	0.0013221045173517
CDC27	chr17:46978331-46978832	9	-0.017309531311507913	0.03854687826074522	0	0.05585640957225313	0.04327548462302193	9.317602270170192e-05	unsupported	True	0.0009434577755365	0.0009434577755365
CDC27	chr17:47323677-47324178	10	-0.026512364727233066	0.040347409324092816	5	0.06685977405132588	0.06644621030436751	0.0001792465375319424	unsupported	True	0.0009225536257351	0.0009225536257351
CDC27	chr17:46986183-46986684	11	-0.019122141593454517	0.03550627435399091	5	0.05462841594744543	0.07096669435476868	0.00013765065686939315	unsupported	True	0.0008789095315713	0.0008789095315713
CDC27	chr17:47183573-47184074	12	0.009161735888205161	0.06020074311508213	0	0.05103900722687697	0.06809355503262478	0.00020922331497686867	unsupported	True	0.0008301641616923	0.0008301641616923
CDC27	chr17:46979078-46979579	13	-0.01477494481021898	0.06886735446049122	0	0.08364229927071021	0.09667821989044545	0.0005568881900928335	unsupported	True	0.0007470681900048	0.0007470681900048
CDC27	chr17:47001069-47001570	14	-0.01443960936062822	0.0390442438409133	5	0.05348385320154152	0.053206448226621114	0.00011110765285955192	unsupported	True	0.0006494952562705	0.0006494952562705
CDC27	chr17:47100071-47100572	15	-0.025375411109079545	0.042567269225628056	5	0.0679426803347076	0.07715696460934637	0.0002231483089012	unsupported	True	0.0005662670048613	-0.0005662670048613
CDC27	chr17:47067295-47067796	16	-0.018825199058799782	0.04549796386325016	5	0.06432316292204994	0.07593614731922879	0.00022223267407916916	unsupported	True	0.0005010152514559	0.0005010152514559
CDC27	chr17:47276712-47277213	17	-0.014709974928903144	0.021671294525024004	0	0.03638126945392715	0.03032281698761721	2.390739450698816e-05	unsupported	True	0.0004806938090799	-0.0004806938090799
CDC27	chr17:47224957-47225458	18	-0.026554997012552636	0.027771977565800656	0	0.054326974578353296	0.06066688890894949	9.153223147721397e-05	unsupported	True	0.0004805910847159	-0.0004805910847159
CDC27	chr17:47260931-47261432	19	-0.01275051419901549	0.030073206205135254	5	0.04282372040415074	0.044972733362957776	5.791798059322438e-05	unsupported	True	0.0003044351773931	0.0003044351773931
ESCO2	chr8:27633563-27634064	0	0.007413929091638633	0.04983305208488486	4	0.042419122993246225	0.04983305208488486	0.00010534081135774032	unsupported	True	0.0082977013803808	0.0082977013803808
ESCO2	chr8:27872489-27872990	1	0.0007361186919791624	0.040253948348444354	3	0.03951782965646519	0.040253948348444354	6.403391495186907e-05	unsupported	True	0.0079597118475181	0.0079597118475181
ESCO2	chr8:27702443-27702944	2	0.011393178609102637	0.06977100412860196	4	0.05837782551949933	0.08191729809490333	0.00033365566800316117	unsupported	True	0.0074490732940279	0.0074490732940279
ESCO2	chr8:27774195-27774696	3	0.016673458506778187	0.06610474276603633	5	0.049431284259258135	0.04768331421913889	0.0001558120160035218	unsupported	True	0.0052690526569748	-0.0052690526569748
ESCO2	chr8:27893782-27894283	4	-0.006652752313573003	0.014120365912010106	3	0.020773118225583108	0.022043078848473785	6.465764731993661e-06	unsupported	True	0.0050545897443444	0.0050545897443444
ESCO2	chr8:27837621-27838122	5	0.007804787617050104	0.054521835639160014	5	0.04671704802210991	0.04079940383831421	0.00010392012944041426	unsupported	True	0.0045724458993247	-0.0045724458993247
ESCO2	chr8:27772415-27772916	6	0.014543190464155597	0.07324397295029576	5	0.05870078248614016	0.06433004345180432	0.00027658564030607653	unsupported	True	0.0043466746650519	-0.0043466746650519
ESCO2	chr8:27748396-27748897	7	-0.0058535602205931165	0.011406606682235485	2	0.0172601669028286	0.011406606682235485	2.2457319836554197e-06	unsupported	True	0.0034816777976608	0.0034816777976608
ESCO2	chr8:27727174-27727675	8	0.015186499802308942	0.04674738033571687	4	0.03156088053340793	0.042986443328143616	6.342170354152402e-05	unsupported	True	0.0034168939667523	0.0034168939667523
ESCO2	chr8:27813443-27813944	9	0.01534849562610954	0.0877194093647186	4	0.07237091373860906	0.08797870781309672	0.0005585182052235776	unsupported	True	0.0022790360510023	0.0022790360510023
ESCO2	chr8:27763783-27764284	10	0.010528468227736383	0.06872298659567974	5	0.05819451836794336	0.06872298659567974	0.000274843916282009	unsupported	True	0.0016661281179764	-0.0016661281179764
ESCO2	chr8:27652382-27652883	11	0.005488446773342278	0.0637766160088488	4	0.058288169235506525	0.07488868522555923	0.0002783928600271087	unsupported	True	0.0016515176857681	0.0016515176857681
ESCO2	chr8:27927667-27928168	12	0.0063515468451461575	0.106213878950079	3	0.09986233210493284	0.11200406513547613	0.00118800087117233	unsupported	True	0.0009325428895235	-0.0009325428895235
ESCO2	chr8:27895029-27895530	13	-0.009488911615567142	0.003612514527174314	5	0.013101426142741455	0.0184618065354581	8.73780544938751e-07	unsupported	True	0.0004831390890385	0.0004831390890385
ESCO2	chr8:27654830-27655331	14	-0.0023579445398516806	0.02986994341084755	5	0.03222788795069923	0.03658883636697632	3.5222067312164105e-05	unsupported	True	0.0004775970721153	-0.0004775970721153
ESCO2	chr8:27664997-27665498	15	0.015203295732572555	0.036112485012924155	1	0.020909189280351598	0.031720996339713155	2.3951978243910517e-05	unsupported	True	0.0004572688660068	0.0004572688660068
ESCO2	chr8:27946002-27946503	16	0.026387791973485748	0.08740592725679858	2	0.06101813528331283	0.08740592725679858	0.0004661661131639482	unsupported	True	0.0003968760917841	-0.0003968760917841
ESCO2	chr8:27854141-27854642	17	0.001129246093479148	0.037923306304415455	5	0.03679406021093631	0.037923306304415455	5.2916377057980514e-05	unsupported	True	0.0003057425332972	-0.0003057425332972
ESCO2	chr8:27664164-27664665	18	0.02164754993151866	0.0918514310268091	3	0.07020388109529044	0.08547958646914595	0.0005512003204403888	unsupported	True	0.0003000093402992	-0.0003000093402992
ESCO2	chr8:27939832-27940333	19	0.025580417421409495	0.11560993135567425	3	0.09002951393426475	0.07954938387952534	0.0008279743236369516	unsupported	True	0.0002976714512311	-0.0002976714512311
CLUL1	chr18:596485-596986	0	0.04379133089061872	0.12269508972936052	5	0.0789037588387418	0.08701638681421078	0.0008424146705000285	unsupported	True	0.0112446657966546	0.0112446657966546
CLUL1	chr18:597138-597639	1	0.04415364906920857	0.09106601347402886	5	0.046912364404820286	0.04892578681409782	0.0002090169306555581	unsupported	True	0.009360709170852	0.009360709170852
CLUL1	chr18:744755-745256	2	0.03171331684227649	0.06115282038630993	2	0.029439503544033442	0.01466720714475353	2.640550022391311e-05	unsupported	True	0.006148430390679	0.006148430390679
CLUL1	chr18:712411-712912	3	-0.006863094847790799	0.050210980649300956	2	0.05707407549709175	0.0591378749708351	0.00016947408727101986	unsupported	True	0.0041369442153935	-0.0041369442153935
CLUL1	chr18:676779-677280	4	0.056772587721451835	0.2033863826360912	5	0.14661379491463938	0.16377127076039763	0.004883536366088073	unsupported	True	0.0035717939812358	0.0035717939812358
CLUL1	chr18:456818-457319	5	0.027790714600773314	0.1534398581652514	5	0.1256491435644781	0.14241371289662436	0.0027456775346180193	unsupported	True	0.0034802776958365	0.0034802776958365
CLUL1	chr18:779083-779584	6	-0.00840894728334108	0.034134241419964	2	0.042543188703305077	0.04441543686926226	6.449918574911737e-05	unsupported	True	0.0033539472664799	-0.0033539472664799
CLUL1	chr18:616327-616828	7	0.01810977213153745	0.06378319079737918	5	0.04567341866584173	0.04637652549669535	0.000135103926060941	unsupported	True	0.0025443978782107	0.0025443978782107
CLUL1	chr18:703303-703804	8	0.027398136657762345	0.18938546588033095	5	0.16198732922256862	0.19261813911412365	0.005909148095874109	unsupported	True	0.0023542441547982	0.0023542441547982
CLUL1	chr18:711797-712298	9	0.01091389736544833	0.07147667477010625	2	0.060562777404657916	0.07423938622771868	0.000321369381148923	unsupported	True	0.0020479118176408	-0.0020479118176408
CLUL1	chr18:658133-658634	10	0.01690973262220764	0.08487061498358298	2	0.06796088236137533	0.061445875574431666	0.0003544125523779207	unsupported	True	0.0017924978288213	-0.0017924978288213
CLUL1	chr18:677786-678287	11	0.003838928098374678	0.0603455621194081	2	0.056506634021033425	0.056436535111113795	0.00019244432904589841	unsupported	True	0.0016520506156298	0.0016520506156298
CLUL1	chr18:572034-572535	12	0.037209871152124964	0.2035109991536379	5	0.16630112800151295	0.20527916856640877	0.006947490498905546	regional_candidate	True	0.0014364835664152	0.0014364835664152
CLUL1	chr18:577680-578181	13	0.02533809686720431	0.07183684550494962	2	0.04649874863774531	0.05464002365340406	0.00018251535079155264	unsupported	True	0.0010984810242988	0.0010984810242988
CLUL1	chr18:543895-544396	14	0.02385451515163054	0.1218612810135309	5	0.09800676586190035	0.08899796112742775	0.0010629231224731242	unsupported	True	0.0008888458922316	0.0008888458922316
CLUL1	chr18:500506-501007	15	-0.013610766078641296	0.035343731041471184	2	0.04895449712011248	0.04102278373596306	7.09790389666461e-05	unsupported	True	0.0008720323169614	-0.0008720323169614
CLUL1	chr18:686209-686710	16	-0.005838749898048776	0.09039846822148179	2	0.09623721811953057	0.10596233488265658	0.0009218402179013619	unsupported	True	0.0008106260984259	-0.0008106260984259
CLUL1	chr18:556462-556963	17	0.022054938120574078	0.07606957562425067	5	0.05401463750367659	0.06396351164666686	0.0002628177894332382	unsupported	True	0.0007917430639482	0.0007917430639482
CLUL1	chr18:657264-657765	18	0.015388306882004533	0.11465129327541493	2	0.0992629863934104	0.10121166134818656	0.0011518524456419676	unsupported	True	0.0007743163665427	-0.0007743163665427
CLUL1	chr18:493959-494460	19	2.379989700773262e-05	0.06331150933980911	5	0.06328770944280138	0.0616914388484267	0.00024718774997364536	unsupported	True	0.0007226807362666	0.0007226807362666
KDM6A	chrX:44827948-44828449	0	-0.013666923653428028	0.047016876096409206	0	0.06068379974983723	0.06206412676490648	0.00017707905111495061	unsupported	True	0.0315391570564298	0.0315391570564298
KDM6A	chrX:45200651-45201152	1	-0.007550011208436096	0.017868005470084727	3	0.025418016678520824	0.020282287080121614	9.21159133559324e-06	unsupported	True	0.0079761380657343	0.0079761380657343
KDM6A	chrX:44783442-44783943	2	0.0017733656895067105	0.08688871440047678	3	0.08511534871097007	0.10586339282027811	0.000782919414841258	unsupported	True	0.0047662145469451	0.0047662145469451
KDM6A	chrX:45059956-45060457	3	-0.0007961644826487991	0.025699859559686265	5	0.026496024042335063	0.017685638009782515	1.2042930800515466e-05	unsupported	True	0.0046666282688549	0.0046666282688549
KDM6A	chrX:44725572-44726073	4	0.00385994631495008	0.09651354982400494	3	0.09265360350905485	0.09821794287119685	0.0008782970781856253	unsupported	True	0.0031625407458946	-0.0031625407458946
KDM6A	chrX:45031920-45032421	5	0.020569958597646935	0.08697186750911527	5	0.06640190891146834	0.0947113139218987	0.0005469671218997967	unsupported	True	0.0017278246746727	0.0017278246746727
KDM6A	chrX:44873332-44873833	6	-0.0016607062561721383	0.06618206192133995	3	0.06784276817751209	0.09321922918389479	0.00041855194185093326	unsupported	True	0.0015885280374513	-0.0015885280374513
KDM6A	chrX:45105673-45106174	7	-0.01306810692325035	0.008837662484233075	1	0.021905769407483427	0.035611850031204	6.8943044709449175e-06	unsupported	True	0.0010881464754426	-0.0010881464754426
KDM6A	chrX:45186868-45187369	8	-0.0013947011314347807	0.05729028938989902	3	0.058684990521333795	0.07554550439954966	0.0002539900362164321	unsupported	True	0.000550172288262	0.000550172288262
KDM6A	chrX:45134513-45135014	9	-0.012934859080156682	0.04120098634428478	5	0.05413584542444146	0.06392085336780524	0.0001425722819725687	unsupported	True	0.0004484231887831	0.0004484231887831
KDM6A	chrX:44872783-44873284	10	0.0028167883472898377	0.0631276651091232	3	0.06031087676183336	0.06430795874741493	0.000244838715829653	unsupported	True	0.0003986415988531	0.0003986415988531
KDM6A	chrX:44954466-44954967	11	-0.004811755311154153	0.02586964813504485	4	0.030681403446199	0.051049602835278464	4.0518943302705134e-05	unsupported	True	0.000300237296526	0.000300237296526
KDM6A	chrX:44905951-44906452	12	0.0018509926012623768	0.03992961692451877	3	0.03807862432325639	0.033043051763176345	5.0240799807957744e-05	unsupported	True	0.0002333232894312	-0.0002333232894312
KDM6A	chrX:45066742-45067243	13	-0.016383644775853676	0.01697844970076136	4	0.033362094476615034	0.04721376903393469	2.6743608834168805e-05	unsupported	True	0.0001568718780439	-0.0001568718780439
KDM6A	chrX:44756437-44756938	14	0.010516613366947345	0.12256012372342036	3	0.11204351035647302	0.12292829602834687	0.001688059534772107	unsupported	True	0.0001502182155825	-0.0001502182155825
KDM6A	chrX:45237035-45237536	15	0.016158214697099875	0.08746160443924708	0	0.0713033897421472	0.09681580550997763	0.0006037732665423877	unsupported	True	0.000132346436885	-0.000132346436885
KDM6A	chrX:44761724-44762225	16	0.005901601805549191	0.05615825950972331	3	0.05025665770417412	0.040767815500324926	0.0001150600829941251	unsupported	True	0.0001289336157561	-0.0001289336157561
KDM6A	chrX:44950182-44950683	17	0.014025280107259544	0.06583887598371833	0	0.05181359587645879	0.06421170214599574	0.00021904852032922348	unsupported	True	4.7994858235938414e-05	4.7994858235938414e-05
MYO5B	chr18:50012775-50013276	0	0.008616443145848933	0.08992838945890215	5	0.08131194631305322	0.07985142578566946	0.0005838937779044209	unsupported	True	0.0076760432967966	0.0076760432967966
MYO5B	chr18:49980800-49981301	1	0.0015443945424448526	0.02953774186799921	5	0.027993347325554356	0.049400162327313306	4.084703142778512e-05	unsupported	True	0.0076346710587723	0.0076346710587723
MYO5B	chr18:49878625-49879126	2	0.01191637287590555	0.032142443585820406	1	0.020226070709914855	0.05271662217868596	3.427188458034856e-05	unsupported	True	0.0053620236914372	0.0053620236914372
MYO5B	chr18:50266325-50266826	3	0.016342695895097573	0.089476859182671	5	0.07313416328757343	0.07967850723223709	0.0005214014291239764	unsupported	True	0.0049390566711766	0.0049390566711766
MYO5B	chr18:50194953-50195454	4	0.004948565800254414	0.07394150297921778	5	0.06899293717896336	0.07427654418288898	0.0003789174427401515	unsupported	True	0.0048684067294541	0.0048684067294541
MYO5B	chr18:50167896-50168397	5	0.008211083766209838	0.038622021479179126	5	0.030410937712969287	0.0612962221369118	7.199436760888321e-05	unsupported	True	0.0039827392301105	0.0039827392301105
MYO5B	chr18:50126478-50126979	6	0.004241878322297423	0.0687851365982286	5	0.06454325827593117	0.0785401782321614	0.0003486882976608518	unsupported	True	0.0036549979910873	0.0036549979910873
MYO5B	chr18:50044240-50044741	7	-0.00047999253026586073	0.09167675424903586	5	0.09215674677930172	0.12321046901123926	0.0010409598406085703	unsupported	True	0.0034327494107279	0.0034327494107279
MYO5B	chr18:50075850-50076351	8	0.002445030239813394	0.054412174810023396	5	0.051967144570210004	0.07347366454212649	0.00020775746623768305	unsupported	True	0.0020225873331266	0.0020225873331266
MYO5B	chr18:49977087-49977588	9	0.014219395485027273	0.10031639791032476	5	0.08609700242529748	0.07942492878451744	0.0006859884360870002	unsupported	True	0.0017927370691867	0.0017927370691867
MYO5B	chr18:50203905-50204406	10	0.014973746697340147	0.1014695679718242	5	0.08649582127448405	0.13211626255069173	0.0011595439581103286	unsupported	True	0.0017576236565627	0.0017576236565627
MYO5B	chr18:49949252-49949753	11	-0.0022283952562704417	0.05583410310113742	0	0.058062498357407864	0.07960595501490637	0.00025807195992933547	unsupported	True	0.001678522604134	-0.001678522604134
MYO5B	chr18:50053067-50053568	12	0.0027624329714344784	0.02835091751493975	5	0.02558848454350527	0.04404060274586011	3.194956419030732e-05	unsupported	True	0.0014701190483324	0.0014701190483324
MYO5B	chr18:49861712-49862213	13	0.001277755138291908	0.058755148112796265	0	0.057477392974504354	0.05940563042900713	0.00020061832307975946	unsupported	True	0.0014189532636094	0.0014189532636094
MYO5B	chr18:49875794-49876295	14	-0.0022334745011881566	0.05325753547007313	5	0.05549100997126129	0.08273619498197841	0.00024451147106366994	unsupported	True	0.0013547132903462	0.0013547132903462
MYO5B	chr18:49949804-49950305	15	-0.009681195116257733	0.0442088049122623	5	0.05389000002852003	0.0658135457711081	0.00015679501398164122	unsupported	True	0.0013427087470355	-0.0013427087470355
MYO5B	chr18:50162934-50163435	16	0.007406464494009905	0.053453959489809875	5	0.04604749499579997	0.05235122703127376	0.0001288584060365622	unsupported	True	0.0011971129322205	0.0011971129322205
MYO5B	chr18:50297856-50298357	17	0.018373295772321278	0.07186243349908601	5	0.05348913772676474	0.054230900948480945	0.00020845596938002365	unsupported	True	0.0011832277094915	0.0011832277094915
MYO5B	chr18:49892300-49892801	18	0.022211136098600266	0.062277998444301076	5	0.04006686234570081	0.08128728050044934	0.00020283484969116993	unsupported	True	0.0011703452937916	0.0011703452937916
MYO5B	chr18:50009815-50010316	19	0.010354561983082365	0.1583340214644155	5	0.14797945948133312	0.16608584479751046	0.0038914217230003293	unsupported	True	0.0011146028477445	-0.0011146028477445
DCAF10	chr9:37921472-37921973	0	0.001356572309430638	0.053046515652093104	5	0.05168994334266246	0.07314265357893784	0.000200555063398438	unsupported	True	0.010282069887191	0.010282069887191
DCAF10	chr9:37923228-37923729	1	0.006784441737426796	0.034817177508741165	5	0.02803273577131437	0.030845678095341233	3.010602148038734e-05	unsupported	True	0.0101177773942353	0.0101177773942353
DCAF10	chr9:37904097-37904598	2	0.009050010101193754	0.02935379898175316	5	0.020303788880559406	0.03338503922957457	1.9897260948592276e-05	unsupported	True	0.007649461303324	0.007649461303324
DCAF10	chr9:37941758-37942259	3	-0.00688356210725597	0.0320183620388355	5	0.03890192414609147	0.059707621245911766	7.437037355178683e-05	unsupported	True	0.0045074744389373	0.0045074744389373
DCAF10	chr9:37784815-37785316	4	0.008919222769321094	0.024089120276614775	0	0.015169897507293681	0.017139400683989014	6.263242376078542e-06	unsupported	True	0.004002753792245	0.004002753792245
DCAF10	chr9:37977783-37978284	5	-0.010127602738033703	0.018393732668683195	0	0.028521335406716898	0.03382752400666496	1.7746386550530845e-05	unsupported	True	0.0028596507555875	0.0028596507555875
DCAF10	chr9:37962129-37962630	6	-0.0032503404829475127	0.02753447283629865	5	0.030784813319246162	0.04073873099639829	3.45319248501041e-05	unsupported	True	0.0026869792074171	0.0026869792074171
DCAF10	chr9:37937244-37937745	7	0.0044419371451720644	0.038107346738119184	2	0.03366540959294712	0.05662712981719627	7.264691292965277e-05	unsupported	True	0.0025564107136051	0.0025564107136051
DCAF10	chr9:37905099-37905600	8	0.0130000543826669	0.04497331556338686	4	0.031973261180719956	0.03149545370140771	4.528868496633597e-05	unsupported	True	0.0020436658502358	-0.0020436658502358
DCAF10	chr9:37994945-37995446	9	-0.00857569668860596	0.029108048359971897	0	0.037683745048577855	0.04225326559834934	4.63476185809084e-05	unsupported	True	0.0019215028154601	0.0019215028154601
DCAF10	chr9:37732106-37732607	10	0.019831925459485825	0.0926315627920541	0	0.07279963733256828	0.10499063028962156	0.0007080089535092483	unsupported	True	0.0019156249796743	0.0019156249796743
DCAF10	chr9:37913607-37914108	11	0.0027044012580479788	0.027017647171506252	0	0.024313245913458275	0.02690026219452171	1.767042445359046e-05	unsupported	True	0.001446138071114	0.001446138071114
DCAF10	chr9:37650630-37651131	12	-0.006777239643005491	0.030662176297538913	0	0.0374394159405444	0.039567323154523805	4.542225712492087e-05	unsupported	True	0.0012783296212245	0.0012783296212245
DCAF10	chr9:37753537-37754038	13	0.009529984004432335	0.023296269647774176	5	0.013766285643341841	0.018724095531148094	6.004875526390295e-06	unsupported	True	0.0011291118734502	0.0011291118734502
DCAF10	chr9:37942562-37943063	14	0.003619805117275503	0.05652474567218472	0	0.05290494055490921	0.08465280898131565	0.00025314900299875856	unsupported	True	0.0011013595317892	0.0011013595317892
DCAF10	chr9:37963877-37964378	15	-0.009193659710652774	0.026382426610094916	1	0.03557608632074769	0.030884697978826633	2.8987867506351858e-05	unsupported	True	0.0010183861772832	-0.0010183861772832
DCAF10	chr9:37676379-37676880	16	0.003810957926471439	0.04643870341262367	3	0.04262774548615223	0.05321392074105382	0.0001053410658063201	unsupported	True	0.0009373592991217	-0.0009373592991217
DCAF10	chr9:37999380-37999881	17	-0.007597909949392852	0.03598047025222755	3	0.0435783802016204	0.051254160575985065	8.036501755071467e-05	unsupported	True	0.0005427629680783	-0.0005427629680783
DCAF10	chr9:37985294-37985795	18	0.0021946879703619764	0.021307228657361527	5	0.019112540686999552	0.01913215957844269	7.791290260403026e-06	unsupported	True	0.0005263418980504	0.0005263418980504
DCAF10	chr9:37992997-37993498	19	-0.004326604851261967	0.020721433486749086	5	0.02504803833801105	0.012444656438397685	6.4591657163997865e-06	unsupported	True	0.0005240032488246	0.0005240032488246
USP30	chr12:109052289-109052790	0	-0.018578285663692014	-0.0007321957884593575	1	0.017846089875232656	0.018398653223694796	0.0	unsupported	True	0.01581428600793	0.01581428600793
USP30	chr12:108955205-108955706	1	-0.02959160099819298	-0.013411591527490102	4	0.016180009470702875	0.02149441834560044	0.0	unsupported	True	0.0140627835964225	0.0140627835964225
USP30	chr12:109069178-109069679	2	-0.01302995649603649	0.051862017839995694	1	0.06489197433603218	0.07762242711916109	0.000261232746372548	unsupported	True	0.0075945156022893	0.0075945156022893
USP30	chr12:109020812-109021313	3	-0.01873497715486793	0.03426283555439351	1	0.05299781270926144	0.06353485203088603	0.00011537010043804818	unsupported	True	0.0038715574600493	0.0038715574600493
USP30	chr12:109097285-109097786	4	-0.013099076522163744	0.0026890165230709934	5	0.015788093045234736	0.033040739001821785	1.4027261728252343e-06	unsupported	True	0.0035464700251937	0.0035464700251937
USP30	chr12:109110872-109111373	5	-0.010079677092620493	-0.008846777216891729	3	0.0012328998757287647	0.01324210105269401	0.0	unsupported	True	0.0031094736080266	0.0031094736080266
USP30	chr12:109111815-109112316	6	-0.010773083901434624	0.03042822597237067	1	0.0412013098738053	0.0541293362160777	6.786101601395316e-05	unsupported	True	0.0015861213222875	0.0015861213222875
USP30	chr12:109097804-109098305	7	-0.01007515283499095	0.04522795896094613	1	0.055303111795937075	0.06869617361313342	0.0001718260892802368	unsupported	True	0.001570684742212	-0.001570684742212
USP30	chr12:108908504-108909005	8	-0.007210210909348039	0.03588364174894768	0	0.04309385265829572	0.059085717816847995	9.136804882984083e-05	unsupported	True	0.0012902105872901	0.0012902105872901
USP30	chr12:108953473-108953974	9	-0.0015890094637104285	0.06522021030101333	5	0.06680921976472376	0.07868702727013073	0.00034286387805284967	unsupported	True	0.0010583320376644	-0.0010583320376644
USP30	chr12:109154371-109154872	10	-0.010401548237915243	-0.0020228469431765954	5	0.008378701294738647	0.01397030277370147	0.0	unsupported	True	0.0008976662099648	-0.0008976662099648
USP30	chr12:109093279-109093780	11	-0.01029777126805529	0.0511414067862656	1	0.06143917805432089	0.08365473525566713	0.0002628503722705503	unsupported	True	0.0008669578199809	0.0008669578199809
USP30	chr12:108964427-108964928	12	0.007526466011015388	0.03417659408776564	0	0.02665012807675025	0.024935786646245798	2.2711779037769925e-05	unsupported	True	0.0006668273122908	-0.0006668273122908
USP30	chr12:108931641-108932142	13	-0.006982125815362604	0.07141938070638901	1	0.07840150652175161	0.09357720324895304	0.0005239749793204435	unsupported	True	0.0005588459193064	-0.0005588459193064
USP30	chr12:109225249-109225750	14	-0.01685578851018207	0.042823116395271005	1	0.05967890490545308	0.08052596261855964	0.00020579510465482467	unsupported	True	0.0005438202584637	0.0005438202584637
USP30	chr12:109115692-109116193	15	-0.008262584159222496	0.015154942790687515	1	0.023417526949910013	0.043112310683749724	1.5300183175137807e-05	unsupported	True	0.0004896974351505	0.0004896974351505
USP30	chr12:108907915-108908416	16	-0.00800461704943556	0.04053499628280525	0	0.04853961333224081	0.06439265595406904	0.00012669596636189097	unsupported	True	0.0004449950654276	0.0004449950654276
USP30	chr12:109060229-109060730	17	-0.0073101434498923186	0.05291696794762146	5	0.06022711139751378	0.06433328360045809	0.00020503249877160086	unsupported	True	0.000433225602269	-0.000433225602269
USP30	chr12:108974884-108975385	18	-0.005715199582219722	0.04192757230441088	1	0.0476427718866306	0.05526971029379313	0.00011040377562287915	unsupported	True	0.0003808673963208	0.0003808673963208
USP30	chr12:108951075-108951576	19	-0.009832641225253229	0.021666907476846575	5	0.031499548702099804	0.037185232264360706	2.5378839484026e-05	unsupported	True	0.0002539136472744	-0.0002539136472744
SGTB	chr5:65571818-65572319	0	0.013384424236798425	0.06987706248054688	1	0.05649263824374846	0.06482459525440273	0.0002558976576147856	unsupported	True	0.0112196273369782	0.0112196273369782
SGTB	chr5:65776466-65776967	1	0.021867702416708157	0.08966473493538367	4	0.06779703251867551	0.08646388108043752	0.0005256141881730842	unsupported	True	0.0109215602355777	0.0109215602355777
SGTB	chr5:65722817-65723318	2	0.003603716425813209	0.03883292800721496	4	0.03522921158140175	0.032837605574299746	4.4923599171776346e-05	unsupported	True	0.0076686386299034	0.0076686386299034
SGTB	chr5:65792260-65792761	3	-0.002452035423739578	0.024575320313288112	4	0.027027355737027692	0.025668045121706697	1.7048867639109298e-05	unsupported	True	0.0032157866448808	-0.0032157866448808
SGTB	chr5:65721915-65722416	4	0.0023580294606511277	0.05064864282995049	1	0.048290613369299365	0.03552931375338568	8.689951517643227e-05	unsupported	True	0.0031764124850373	0.0031764124850373
SGTB	chr5:65774253-65774754	5	-0.0038193314095132523	0.03005610591491332	5	0.03387543732442657	0.032160353055438795	3.274450509376826e-05	unsupported	True	0.0030343423506177	0.0030343423506177
SGTB	chr5:65741374-65741875	6	-0.021926883941842	0.062476749303299994	5	0.084403633245142	0.06466611218440874	0.00034100152243552416	unsupported	True	0.0029838063138775	-0.0029838063138775
SGTB	chr5:65742451-65742952	7	-0.002297017086868546	0.06948619853286517	5	0.07178321561973372	0.08198598646494192	0.0004089414085832819	unsupported	True	0.0028200196603385	-0.0028200196603385
SGTB	chr5:65810143-65810644	8	0.003801221416239331	0.041205572954856516	4	0.03740435153861719	0.03385327169410064	5.217695542535891e-05	unsupported	True	0.0027522372939827	-0.0027522372939827
SGTB	chr5:65624759-65625260	9	0.0052217873765252575	0.04464398717037783	5	0.03942219979385257	0.0438002556387169	7.708688107891262e-05	unsupported	True	0.001752395522206	0.001752395522206
SGTB	chr5:65831245-65831746	10	0.005771163489200509	0.03751854906030769	1	0.03174738557110718	0.02565907280550045	3.0562928137531007e-05	unsupported	True	0.0016964827697639	0.0016964827697639
SGTB	chr5:65817860-65818361	11	0.002772602420944261	0.10099118096732555	4	0.09821857854638129	0.11579755434099875	0.0011486202868245287	unsupported	True	0.001641350703183	-0.001641350703183
SGTB	chr5:65562962-65563463	12	0.00022746840863253545	0.04581435756643038	1	0.04558688915779785	0.034927647294461406	7.294758031916115e-05	unsupported	True	0.0015961412135947	0.0015961412135947
SGTB	chr5:65834163-65834664	13	-0.00805174711208232	0.09274666611985939	1	0.10079841323194172	0.10629121070508113	0.000993686424812419	unsupported	True	0.0015612640968906	0.0015612640968906
SGTB	chr5:65624129-65624630	14	0.0009690892628310547	0.04943592226519013	1	0.04846683300235907	0.042970527868665225	0.00010295749601304276	unsupported	True	0.0010359713235525	0.0010359713235525
SGTB	chr5:65855775-65856276	15	-0.008123867646903093	0.03729236023896001	1	0.0454162278858631	0.059059726184860564	0.00010002817847493665	unsupported	True	0.000971046139109	-0.000971046139109
SGTB	chr5:65760769-65761270	16	0.003318954754707363	0.10946821778978179	4	0.10614926303507442	0.12328187410877159	0.0014325317580995197	unsupported	True	0.0004316722352937	-0.0004316722352937
SGTB	chr5:65801178-65801679	17	0.023570441887948768	0.07408145092494642	5	0.05051100903699765	0.05348511812621193	0.00020013750587451854	unsupported	True	0.0002327373765599	0.0002327373765599
SGTB	chr5:65611309-65611810	18	0.009176887957339145	0.10009692579941122	4	0.09092003784207207	0.10340003828416466	0.0009410247519301997	unsupported	True	0.0001695716498152	0.0001695716498152
SGTB	chr5:65631498-65631999	19	-0.00467100958970401	0.039899573662482875	1	0.044570583252186886	0.03259877436412572	5.797194138439426e-05	unsupported	True	0.0001170145134656	-0.0001170145134656
TMTC4	chr13:100751765-100752266	0	-0.02190794557668738	0.013563323662051608	3	0.03547126923873899	0.03255350828185437	1.5661763203942957e-05	unsupported	True	0.0096354623027901	0.0096354623027901
TMTC4	chr13:100521859-100522360	1	-0.02584688289957825	0.004737829365927494	2	0.030584712265505742	0.02693533227612073	3.903068307744437e-06	unsupported	True	0.0059458396368669	0.0059458396368669
TMTC4	chr13:100695326-100695827	2	-0.011269877275822874	0.0351168141594425	4	0.04638669143526537	0.05698171137171937	9.282051957574688e-05	unsupported	True	0.0056247960615535	0.0056247960615535
TMTC4	chr13:100717402-100717903	3	-0.014171778428348773	0.03220953742110873	1	0.0463813158494575	0.06433383732553752	9.610965312414061e-05	unsupported	True	0.0044506717748858	0.0044506717748858
TMTC4	chr13:100523198-100523699	4	-0.01804228676642631	0.022944367858022584	2	0.04098665462444889	0.05844516549261768	5.496258645986091e-05	unsupported	True	0.0041111733097692	0.0041111733097692
TMTC4	chr13:100801716-100802217	5	0.0037884457651558086	0.028196255572469218	1	0.02440780980731341	0.027983392306701608	1.9258418050759806e-05	unsupported	True	0.0039425765400725	0.0039425765400725
TMTC4	chr13:100774251-100774752	6	-0.023557418726774384	0.01085847904430535	4	0.034415897771079736	0.04358281293933575	1.6287084808030558e-05	unsupported	True	0.0030793140790625	0.0030793140790625
TMTC4	chr13:100529879-100530380	7	-0.017662356494329016	0.033723203325375706	2	0.05138555981970472	0.07194670923906911	0.00012467542229215866	unsupported	True	0.0027924277901176	0.0027924277901176
TMTC4	chr13:100674694-100675195	8	-0.01755258049424173	0.016427992816258678	2	0.0339805733105004	0.03062844344358725	1.709779605353153e-05	unsupported	True	0.0022805456106472	0.0022805456106472
TMTC4	chr13:100811949-100812450	9	-0.006074486577747929	0.04015296598544192	1	0.04622745256318985	0.07788995915468239	0.00014457695332617876	unsupported	True	0.0022415381048072	0.0022415381048072
TMTC4	chr13:100728022-100728523	10	-0.014292900569337765	0.023219117805318566	3	0.03751201837465633	0.05253720628911761	4.57596951502319e-05	unsupported	True	0.0021591195734559	0.0021591195734559
TMTC4	chr13:100708015-100708516	11	-0.013103162519633189	0.054675373290727115	4	0.06777853581036031	0.09407143301648041	0.0003486114918425826	unsupported	True	0.0020667800100576	0.0020667800100576
TMTC4	chr13:100640849-100641350	12	-0.020684598052640682	0.01531299782520268	3	0.03599759587784336	0.04832556745300093	2.663855606236496e-05	unsupported	True	0.0018622627072381	0.0018622627072381
TMTC4	chr13:100789353-100789854	13	-0.009924778197482852	0.006745668818385859	1	0.01667044701586871	0.024798666028584944	2.7886921931555432e-06	unsupported	True	0.0014282405909476	-0.0014282405909476
TMTC4	chr13:100657639-100658140	14	-0.021303573927841424	0.03124067865528866	2	0.052544252583130086	0.06943357949028459	0.00011397647818458418	unsupported	True	0.0013653461777846	0.0013653461777846
TMTC4	chr13:100662274-100662775	15	-0.011649035867352718	0.03171133077356116	1	0.04336036664091388	0.03957742859895993	5.4419555175512294e-05	unsupported	True	0.0012906979189187	0.0012906979189187
TMTC4	chr13:100646216-100646717	16	-0.009225657188606993	0.03270450366138727	1	0.041930160849994264	0.05190606063888092	7.117904562523885e-05	unsupported	True	0.0012436846921503	0.0012436846921503
TMTC4	chr13:100747334-100747835	17	-0.0123925669984116	0.012794929555142416	2	0.02518749655355402	0.051621829371497646	1.663628279471204e-05	unsupported	True	0.0011833127008698	0.0011833127008698
TMTC4	chr13:100491367-100491868	18	-0.012266917801332154	0.026372696419127303	3	0.03863961422045946	0.0505754499334833	5.1537941994466335e-05	unsupported	True	0.0011480892370792	0.0011480892370792
TMTC4	chr13:100514765-100515266	19	-0.022588550862770382	0.00804666621025328	2	0.030635217073023663	0.03393277955177037	8.364815841698706e-06	unsupported	True	0.0011242022546593	0.0011242022546593
MGME1	chr20:18137584-18138085	0	-0.01355006280757525	0.014895873310340051	4	0.0284459361179153	0.03429396967739654	1.4531282967931425e-05	unsupported	True	0.0092806661243628	-0.0092806661243628
MGME1	chr20:18001455-18001956	1	0.024725774598424025	0.08019137854195856	4	0.05546560394353453	0.057585698586312656	0.00025613331200086614	unsupported	True	0.007929555704013	0.007929555704013
MGME1	chr20:17875213-17875714	2	0.02652798113012958	0.08464339182324118	2	0.0581154106931116	0.07131863575016491	0.00035082246544835194	unsupported	True	0.0067285558432969	0.0067285558432969
MGME1	chr20:17875992-17876493	3	0.015558680200617552	0.0551356032443799	1	0.03957692304376234	0.062244040370677475	0.00013582256653684225	unsupported	True	0.0057337952826222	0.0057337952826222
MGME1	chr20:17898399-17898900	4	0.005912244471902297	0.04785999846001588	1	0.04194775398811358	0.02557123037434982	5.133729923679594e-05	unsupported	True	0.0049458051885403	0.0049458051885403
MGME1	chr20:17968683-17969184	5	-0.0025050113264364193	0.048095437291427665	4	0.050600448617864086	0.06140765643176873	0.00014944478627046105	unsupported	True	0.0044482028926047	-0.0044482028926047
MGME1	chr20:17873902-17874403	6	0.013732816268528415	0.07755038042872087	2	0.06381756416019245	0.07402940330215575	0.0003663771712087883	unsupported	True	0.0043617073162758	0.0043617073162758
MGME1	chr20:17971374-17971875	7	0.022844460505716754	0.08197268738447716	0	0.059128226878760404	0.07700500241352175	0.0003732355198262775	unsupported	True	0.0042557726979661	0.0042557726979661
MGME1	chr20:18007368-18007869	8	0.015832080160571218	0.08374829322002547	1	0.06791621305945425	0.09405973125816029	0.0005349992344632285	unsupported	True	0.0019481303421109	0.0019481303421109
MGME1	chr20:17895477-17895978	9	-0.00875358557801477	0.02681395094173981	3	0.03556753651975458	0.035515223182102554	3.3871087810093684e-05	unsupported	True	0.0018547882607062	0.0018547882607062
MGME1	chr20:17867065-17867566	10	-0.014552128168140586	0.010643245121872447	1	0.025195373290013034	0.030363481476670666	8.142287402713801e-06	unsupported	True	0.0014178445198712	-0.0014178445198712
MGME1	chr20:17936682-17937183	11	0.0014875980999284452	0.06688442528550088	1	0.06539682718557244	0.07075097239675786	0.00030946681931932256	unsupported	True	0.0012576479309562	0.0012576479309562
MGME1	chr20:17957657-17958158	12	-0.0019205947723978363	0.04705375835286397	4	0.048974353125261806	0.05572902115251471	0.00012842348206200497	unsupported	True	0.0012288786410471	0.0012288786410471
MGME1	chr20:18006018-18006519	13	-0.0116675132074748	0.043550492143200434	3	0.05521800535067523	0.06418722664314713	0.00015435560098358653	unsupported	True	0.0006618707765844	0.0006618707765844
MGME1	chr20:17916319-17916820	14	-0.0399506831259915	0.010241536690040973	4	0.050192219816032474	0.05150884461908388	2.6477887767518235e-05	unsupported	True	0.0005775116222856	-0.0005775116222856
MGME1	chr20:18027285-18027786	15	0.029406104040451925	0.105252163991887	1	0.07584605995143508	0.08714840612346716	0.0006957024092281068	unsupported	True	0.0005515609228207	0.0005515609228207
MGME1	chr20:17859578-17860079	16	-0.021671872495797155	-0.007739739708960627	3	0.013932132786836528	0.01738511516746019	0.0	unsupported	True	0.0004973740027453	-0.0004973740027453
MGME1	chr20:17834740-17835241	17	0.020128222569864802	0.09607110074224129	0	0.0759428781723765	0.11710429305765992	0.0008543830736254284	unsupported	True	0.0004622274942104	-0.0004622274942104
MGME1	chr20:17826670-17827171	18	-0.003673901894005564	0.030222871548130515	0	0.033896773442136076	0.023528042631960823	2.4103487490363286e-05	unsupported	True	0.0004354223896077	0.0004354223896077
MGME1	chr20:17958214-17958715	19	0.01259052258374204	0.09150371949472914	0	0.07891319691098711	0.1245976160225367	0.000899700824561949	unsupported	True	0.0003932420871171	0.0003932420871171
LHX9	chr1:197909271-197909772	0	0.005262660611818171	0.02610285336486244	5	0.02084019275304427	0.02610285336486244	1.4199651930944302e-05	unsupported	True	0.0215930503666451	0.0215930503666451
LHX9	chr1:197973089-197973590	1	-0.016472922046113555	0.0	0	0.016472922046113555	0.012235684175503676	0.0	unsupported	True	0.0084578121731624	0.0084578121731624
LHX9	chr1:197924469-197924970	2	0.000526679992796307	0.010143195687473112	2	0.009616515694676805	0.011537075381075644	1.125351720267116e-06	unsupported	True	0.0071415600921442	0.0071415600921442
LHX9	chr1:198024770-198025271	3	-0.007874852861295835	0.016421751156103243	2	0.024296604017399078	0.02898841037217236	1.1566166590365711e-05	unsupported	True	0.0050517727196279	0.0050517727196279
LHX9	chr1:197775782-197776283	4	0.0004867247239289987	0.01483848785161484	2	0.014351763127685841	0.01483848785161484	3.1599815634445364e-06	unsupported	True	0.0045719176631462	0.0045719176631462
LHX9	chr1:197902626-197903127	5	0.00028491597585441936	0.017291165113183925	5	0.017006249137329506	0.017291165113183925	5.084603041032169e-06	unsupported	True	0.0034890903774504	0.0034890903774504
LHX9	chr1:197774981-197775482	6	-0.006261722560693603	0.01847587288034847	2	0.024737595441042072	0.02037691119986461	9.313240136812745e-06	unsupported	True	0.0026497067599076	0.0026497067599076
LHX9	chr1:197928782-197929283	7	0.009184183349686601	0.029602495348722564	2	0.020418311999035963	0.029602495348722564	1.78927246560942e-05	unsupported	True	0.0023302235747255	0.0023302235747255
LHX9	chr1:197860283-197860784	8	-0.011515510283984178	0.0	0	0.011515510283984178	0.01830128794970913	0.0	unsupported	True	0.0011069937863381	0.0011069937863381
LHX9	chr1:197890888-197891389	9	-0.018623017208440007	0.0	0	0.018623017208440007	0.012201136959150372	0.0	unsupported	True	0.0005712520313302	-0.0005712520313302
LHX9	chr1:197897094-197897595	10	0.004657329409281028	0.01124099034309264	5	0.006583660933811612	0.01124099034309264	8.319104995174015e-07	unsupported	True	0.0005041641367838	0.0005041641367838
LHX9	chr1:197915241-197915742	11	-0.012098922147749318	0.003184343348517138	4	0.015283265496266456	0.003600934312118789	1.7524726369785187e-07	unsupported	True	0.0004617851217714	-0.0004617851217714
LHX9	chr1:197917724-197918225	12	-0.013587048457822931	0.0	0	0.013587048457822931	0.016450303781384956	0.0	unsupported	True	0.0003859152485296	0.0003859152485296
LHX9	chr1:197991557-197992058	13	-0.011511525812418362	0.0019421072547749693	5	0.01345363306719333	0.011027904199073627	2.881414742415933e-07	unsupported	True	0.0003432461881657	0.0003432461881657
LHX9	chr1:197868842-197869343	14	-0.012914266797083457	0.00146061977989558	5	0.014374886576979037	0.006201338238271321	1.3020480871899511e-07	unsupported	True	6.465643486320019e-05	-6.465643486320019e-05
LHX9	chr1:197926369-197926870	15	-0.010394387821539265	0.0	0	0.010394387821539265	0.01143833126528835	0.0	unsupported	True	6.453775251719164e-05	-6.453775251719164e-05
LHX9	chr1:197999432-197999933	16	0.011141744778739403	0.08558781617005642	5	0.07444607139131702	0.08558781617005642	0.0005453378917686063	unsupported	True	6.220880877547115e-05	6.220880877547115e-05
LHX9	chr1:198015233-198015734	17	-0.006679486015277447	0.03293835386500247	2	0.03961783988027991	0.052355812674149294	6.832153080451702e-05	unsupported	True	5.700324516039682e-05	5.700324516039682e-05
LHX9	chr1:197919708-197920209	18	-0.01357477350767581	0.0	0	0.01357477350767581	0.016810593404509012	0.0	unsupported	True	5.6561126301338375e-05	-5.6561126301338375e-05
LHX9	chr1:198030589-198031090	19	0.01946631675331743	0.044893703929090964	5	0.025427387175773534	0.044893703929090964	5.1247491509770187e-05	unsupported	True	4.624083559195057e-06	4.624083559195057e-06
DSP	chr6:7542830-7543331	0	-0.020735835994054926	0.008655425867394756	2	0.029391261861449684	0.031567340310097496	8.03053844133307e-06	unsupported	True	0.0206111728366758	0.0206111728366758
DSP	chr6:7541248-7541749	1	-0.005593469994068327	0.02196243207249822	5	0.027555902066566548	0.014369866563668378	8.696566039829698e-06	unsupported	True	0.0126763000539586	0.0126763000539586
DSP	chr6:7618272-7618773	2	-0.01323463377789354	0.00555540535971774	3	0.01879003913761128	0.015957704964533886	1.6657655245606292e-06	unsupported	True	0.0084390326205772	0.0084390326205772
DSP	chr6:7424960-7425461	3	-0.005073010731773292	0.02044001013627492	1	0.025513020868048214	0.02309869178482985	1.2045653742536424e-05	unsupported	True	0.0035758118663948	0.0035758118663948
DSP	chr6:7727017-7727518	4	-0.0030884335649778816	0.027447261309632837	5	0.03053569487461072	0.03605819542372686	3.0221137891972106e-05	unsupported	True	0.0030778472355019	0.0030778472355019
DSP	chr6:7721560-7722061	5	0.01936122256178968	0.08365122613735837	1	0.06429000357556869	0.07277453912366927	0.0003913769322750759	unsupported	True	0.0022130722573091	0.0022130722573091
DSP	chr6:7473913-7474414	6	-0.025105026322737117	0.009678525390245541	2	0.034783551712982655	0.031714613845182246	1.0676835384779368e-05	unsupported	True	0.0020723864656181	0.0020723864656181
DSP	chr6:7589926-7590427	7	0.02542099007316734	0.08778972913106273	5	0.06236873905789539	0.07144335318390833	0.00039117627135365544	unsupported	True	0.0015877892206572	-0.0015877892206572
DSP	chr6:7726303-7726804	8	0.0347593944016343	0.07243600436589098	1	0.03767660996425668	0.03906778777912823	0.0001066215828192301	unsupported	True	0.0013583131839701	-0.0013583131839701
DSP	chr6:7728168-7728669	9	0.013891463085930457	0.07348798175561187	5	0.059596518669681416	0.0702549079847067	0.00030769035348450084	unsupported	True	0.0011572664868491	-0.0011572664868491
DSP	chr6:7505096-7505597	10	0.03735681179581008	0.19244392994823062	5	0.15508711815242054	0.18313445740160703	0.005465753092189275	unsupported	True	0.0011378330151207	0.0011378330151207
DSP	chr6:7467436-7467937	11	0.014630155551492016	0.037578844476192565	2	0.022948688924700547	0.03000572513784157	2.587649363522676e-05	unsupported	True	0.0004019755489557	-0.0004019755489557
DSP	chr6:7576485-7576986	12	0.011563243133939947	0.049655699146464456	3	0.038092456012524506	0.06397563182225978	0.00012101038968068004	unsupported	True	0.0001714346425968	-0.0001714346425968
DSP	chr6:7615387-7615888	13	0.0018875696406706903	0.03692740254251118	5	0.03503983290184049	0.03083463681850443	3.989786206840135e-05	unsupported	True	0.0001589999647741	0.0001589999647741
DSP	chr6:7513900-7514401	14	0.003786343820503924	0.08957779605362139	3	0.08579145223311746	0.08893357976312591	0.0006834553796719226	unsupported	True	0.0001081149741119	-0.0001081149741119
DSP	chr6:7697804-7698305	15	-0.010785561654967283	0.02366529716517554	1	0.03445085882014282	0.037405946014327854	3.0496686677775633e-05	unsupported	True	7.601706934627377e-05	-7.601706934627377e-05
DSP	chr6:7681303-7681804	16	0.011538926635177933	0.160420398224965	1	0.14888147158978707	0.17338832271671079	0.004141141672339836	unsupported	True	5.148720327611501e-05	5.148720327611501e-05
DSP	chr6:7725790-7726291	17	0.023691960784061442	0.093899127572696	5	0.07020716678863456	0.08799475128452794	0.0005800958689623413	unsupported	True	4.598527211235663e-05	4.598527211235663e-05
DSP	chr6:7611599-7612100	18	-0.004321539281784844	0.04376714575900162	5	0.048088685040786464	0.06813906837212602	0.00014341260297952825	unsupported	True	3.192007601442243e-05	3.192007601442243e-05
DSP	chr6:7612172-7612673	19	0.06581320405151954	0.1993398930540959	5	0.13352668900257636	0.17343657860188894	0.0046163953898505986	unsupported	True	7.75275208589894e-06	7.75275208589894e-06
ARIH2	chr3:48846970-48847471	0	-0.01538404512955278	0.019761500039600075	4	0.03514554516915286	0.01971282717316274	1.369112407716602e-05	unsupported	True	0.006769190285008	0.006769190285008
ARIH2	chr3:48989583-48990084	1	-0.010524056578797259	0.03495786124691362	4	0.04548191782571088	0.03680917121610515	5.852476285178377e-05	unsupported	True	0.0063205631369229	0.0063205631369229
ARIH2	chr3:49007028-49007529	2	-0.01568621389953199	0.03447823851492105	4	0.05016445241445304	0.03925712605933104	6.78984168497813e-05	unsupported	True	0.0062388114476478	0.0062388114476478
ARIH2	chr3:48898127-48898628	3	-0.020471777149197443	0.020679353026491314	3	0.041151130175688756	0.059337040919498096	5.049456081200245e-05	unsupported	True	0.0061926882542205	0.0061926882542205
ARIH2	chr3:48785873-48786374	4	-0.026520135831390724	0.03768602701513075	4	0.06420616284652148	0.06120980318522301	0.00014810784200344312	unsupported	True	0.0054839930522416	0.0054839930522416
ARIH2	chr3:48990115-48990616	5	-0.020961544066419435	0.023056782064122067	4	0.044018326130541505	0.049174011591016115	4.990773467823399e-05	unsupported	True	0.0051047501532742	0.0051047501532742
ARIH2	chr3:49132826-49133327	6	-0.01697545519319403	0.03923370675887208	4	0.056209161952066114	0.07086522478889604	0.0001562786392460742	unsupported	True	0.0023455245953789	0.0023455245953789
ARIH2	chr3:49018333-49018834	7	-0.010987606389040606	0.03607585144347288	4	0.04706345783251349	0.04023717654821564	6.83168637526498e-05	unsupported	True	0.0022167032763602	0.0022167032763602
ARIH2	chr3:49093884-49094385	8	-0.0072628025573242844	0.03804685170155149	4	0.04530965425887577	0.03619216555200215	6.239130127956464e-05	unsupported	True	0.0021318172785487	-0.0021318172785487
ARIH2	chr3:48990714-48991215	9	-0.012685594366700742	0.038380628529407684	4	0.051066222896108425	0.04269603256485477	8.368224834041573e-05	unsupported	True	0.0019871967783273	0.0019871967783273
ARIH2	chr3:48853893-48854394	10	-0.008838011630673335	0.03474112474638054	4	0.04357913637705387	0.025418795063368124	3.8483756120060834e-05	unsupported	True	0.0019515667207927	0.0019515667207927
ARIH2	chr3:49094396-49094897	11	-0.00935444713450627	0.05781672839972421	4	0.06717117553423048	0.0810612640682714	0.000314810952798908	unsupported	True	0.0016638297069803	-0.0016638297069803
ARIH2	chr3:49133471-49133972	12	-0.0063069462127408995	0.042732069619251335	4	0.04903901583199224	0.04004648012423897	8.391894643995976e-05	unsupported	True	0.0016590577479244	-0.0016590577479244
ARIH2	chr3:49057979-49058480	13	-0.012146895800742874	0.014162835410134824	3	0.0263097312108777	0.013849953740992143	5.160775203570311e-06	unsupported	True	0.0016056673488851	0.0016056673488851
ARIH2	chr3:48998224-48998725	14	0.009669361155175672	0.06612052574622822	4	0.056451164591052545	0.06460962462405241	0.00024116063672667987	unsupported	True	0.0015280417578828	-0.0015280417578828
ARIH2	chr3:49017831-49018332	15	-0.00205757082730038	0.06342329523835157	4	0.06548086606565194	0.05373134381671314	0.000223146931817104	unsupported	True	0.0014680416026057	0.0014680416026057
ARIH2	chr3:49029229-49029730	16	-0.01209839119780384	0.03475972771748316	4	0.046858118915287	0.04363818345132174	7.107680209970298e-05	unsupported	True	0.001405786904234	-0.001405786904234
ARIH2	chr3:49007688-49008189	17	-0.023581986046267576	0.01896694852005785	4	0.04254893456632543	0.06684376357569204	5.3944484792292414e-05	unsupported	True	0.0009657646240053	0.0009657646240053
ARIH2	chr3:48834185-48834686	18	-0.004020215835903249	0.03574495839391805	3	0.0397651742298213	0.036525019535189066	5.191682707043797e-05	unsupported	True	0.000956183846583	0.000956183846583
ARIH2	chr3:48847634-48848135	19	-0.006957729101311063	0.03264978187909463	4	0.0396075109804057	0.026069315316235013	3.3712228395966905e-05	unsupported	True	0.0009495161595362	0.0009495161595362
SLC35E3	chr12:68745854-68746355	0	0.01230863830497211	0.06885707414896049	3	0.05654843584398837	0.061638306954096	0.0002400047642183507	unsupported	True	0.0097139960733574	0.0097139960733574
SLC35E3	chr12:68876347-68876848	1	0.0026945229986438967	0.04388833409917979	3	0.041193811100535896	0.05059057007780332	9.146409524861342e-05	unsupported	True	0.0072190781896518	0.0072190781896518
SLC35E3	chr12:68866754-68867255	2	0.025565630734731563	0.05044940296835258	3	0.02488377223362102	0.02355797855178082	2.9574013759265827e-05	unsupported	True	0.0060398884300017	0.0060398884300017
SLC35E3	chr12:68807887-68808388	3	0.00835623646116528	0.0687382040364533	3	0.06038196757528801	0.061162336452193045	0.00025385721368423596	unsupported	True	0.0056588127846848	-0.0056588127846848
SLC35E3	chr12:68610574-68611075	4	0.011001213352225484	0.06382940127737347	3	0.052828187925147985	0.05252505714005972	0.00017711405177206274	unsupported	True	0.0053148929822516	-0.0053148929822516
SLC35E3	chr12:68863730-68864231	5	0.020029353360652667	0.05609843090021671	3	0.036069077539564044	0.04057774882176843	8.21057739027974e-05	unsupported	True	0.0050825601904897	0.0050825601904897
SLC35E3	chr12:68746438-68746939	6	0.010471174036288543	0.05819716858277368	3	0.047725994546485136	0.06746687441212901	0.00018739044124385326	unsupported	True	0.0039595918881208	0.0039595918881208
SLC35E3	chr12:68830146-68830647	7	0.021285983485073174	0.059307678179878906	3	0.038021694694805735	0.04462899977926531	0.00010063743198026599	unsupported	True	0.0036841019475721	0.0036841019475721
SLC35E3	chr12:68844612-68845113	8	0.022482852507221946	0.06330668004461446	5	0.04082382753739251	0.02496856297060627	6.452927818408686e-05	unsupported	True	0.0035731811342082	0.0035731811342082
SLC35E3	chr12:68808441-68808942	9	0.0006989046422296301	0.04747221036530915	3	0.04677330572307952	0.030745904012837513	6.826919555776141e-05	unsupported	True	0.0028743961477209	-0.0028743961477209
SLC35E3	chr12:68896759-68897260	10	-0.008596786376944957	0.015223569019414301	3	0.02382035539635926	0.038368057811184735	1.391344043636399e-05	unsupported	True	0.0021671271601706	0.0021671271601706
SLC35E3	chr12:68780827-68781328	11	0.012961903555570321	0.05317823723082865	3	0.04021633367525833	0.039109650158299814	8.364121710408491e-05	unsupported	True	0.0010398651880144	0.0010398651880144
SLC35E3	chr12:68899298-68899799	12	0.025703891226128598	0.08841959196264522	5	0.06271570073651662	0.06598206571952267	0.0003658901292333073	unsupported	True	0.0007613111217803	-0.0007613111217803
SLC35E3	chr12:68778456-68778957	13	0.0010075615444630247	0.03557824258104126	3	0.03457068103657823	0.029531813280554785	3.6323069437505534e-05	unsupported	True	0.0005119502851784	0.0005119502851784
SLC35E3	chr12:68664092-68664593	14	0.004497919956468916	0.041036705895969444	3	0.03653878593950053	0.032944668454910564	4.939827075223375e-05	unsupported	True	0.0005057193912681	-0.0005057193912681
SLC35E3	chr12:68817506-68818007	15	-0.012427372214124242	0.04221541875349458	3	0.054642790967618815	0.059808732262704126	0.0001379648877997659	unsupported	True	0.0003056229841343	0.0003056229841343
SLC35E3	chr12:68634127-68634628	16	-0.0020490779603166043	0.019726422413934425	4	0.02177550037425103	0.0231050074954318	9.924818784259167e-06	unsupported	True	0.0001518178610556	0.0001518178610556
SLC35E3	chr12:68686673-68687174	17	0.014362558227896364	0.0652338998377948	3	0.05087134160989844	0.05099855442368779	0.0001692405389658748	unsupported	True	0.0001284878621116	0.0001284878621116
SLC35E3	chr12:68604156-68604657	18	0.0092515605841616	0.06043272466329711	0	0.05118116407913551	0.07072119654510685	0.000218741877088146	unsupported	True	0.000126072826551	0.000126072826551
SLC35E3	chr12:68856597-68857098	19	0.04005989178070474	0.11338468857486192	5	0.07332479679415718	0.09610737447225731	0.0007990279895528134	unsupported	True	0.0001203742155906	0.0001203742155906
RNF111	chr15:59161144-59161645	0	0.002025212251544752	0.0555850749914024	2	0.053559862739857654	0.07230085439975084	0.00021524896941288484	unsupported	True	0.0152628731021254	0.0152628731021254
RNF111	chr15:59174752-59175253	1	-0.002020621472325169	0.05896717582566052	2	0.060987797297985695	0.08373010255031496	0.0003011167396796719	unsupported	True	0.0133932710670456	0.0133932710670456
RNF111	chr15:58781318-58781819	2	-0.01779457641957361	0.04370671600801024	0	0.06150129242758385	0.08647327106533124	0.00023244184077711805	unsupported	True	0.0052553595806598	0.0052553595806598
RNF111	chr15:58749103-58749604	3	-0.007110302716742163	0.01668717307420448	0	0.02379747579094664	0.03551944038170966	1.4105217222943786e-05	unsupported	True	0.0046585171560047	-0.0046585171560047
RNF111	chr15:58904130-58904631	4	-0.012908762455181471	0.0050194682984767225	2	0.017928230753658195	0.011842678100248841	1.0657248039819252e-06	unsupported	True	0.0030223259250218	-0.0030223259250218
RNF111	chr15:59177103-59177604	5	0.02024557372421722	0.10585678371022411	2	0.0856112099860069	0.10504947416259629	0.0009520137315103136	unsupported	True	0.0019152141677322	0.0019152141677322
RNF111	chr15:59157761-59158262	6	-0.0016543302730880679	0.0916658968807324	1	0.09332022715382046	0.11845491397184607	0.001013296776208004	unsupported	True	0.0018550504351736	0.0018550504351736
RNF111	chr15:59144554-59145055	7	-0.01746361799431392	0.032428799091830884	0	0.04989241708614481	0.0646107828532876	0.00010453709170514182	unsupported	True	0.0017441589867419	0.0017441589867419
RNF111	chr15:58749669-58750170	8	0.00010273411163780434	0.04003374863063202	2	0.039931014518994216	0.06111767752813138	9.770199797461085e-05	unsupported	True	0.0015910862544325	-0.0015910862544325
RNF111	chr15:59170202-59170703	9	-0.011085375611453528	0.018306164807680905	5	0.029391540419134433	0.020238257697679937	1.0889121349712055e-05	unsupported	True	0.0015433645095182	-0.0015433645095182
RNF111	chr15:58735904-58736405	10	0.003696368088868369	0.03259044115662298	0	0.028894073067754614	0.04688550901367225	4.415070484579538e-05	unsupported	True	0.0013864715039741	-0.0013864715039741
RNF111	chr15:58901887-58902388	11	0.037036957644947854	0.09221673396068257	2	0.055179776315734716	0.10194796892566438	0.0005187621126999953	unsupported	True	0.001344626645439	0.001344626645439
RNF111	chr15:58917905-58918406	12	0.03813812011058579	0.0947383051966041	2	0.056600185086018315	0.09424846127999391	0.0005053796277023362	unsupported	True	0.0011292822576164	0.0011292822576164
RNF111	chr15:58987874-58988375	13	-0.0010538203062958962	0.039260063587625287	2	0.04031388389392118	0.05619820332519848	8.894633761355492e-05	unsupported	True	0.0009168419172199	0.0009168419172199
RNF111	chr15:58980296-58980797	14	0.0017278327723109937	0.03741376700508227	0	0.03568593423277128	0.07047356967910795	9.409245030959017e-05	unsupported	True	0.0007336422564929	0.0007336422564929
RNF111	chr15:59069994-59070495	15	0.017898318313743812	0.05068280211949901	0	0.032784483805755195	0.05267477988567844	8.752491494852456e-05	unsupported	True	0.0007074547287481	0.0007074547287481
RNF111	chr15:59104823-59105324	16	-0.0017966735991284016	0.027659465983037732	0	0.029456139582166134	0.04374574047644881	3.564145231208419e-05	unsupported	True	0.0006815486090632	-0.0006815486090632
RNF111	chr15:59025118-59025619	17	0.021948432177704213	0.10403039157082558	2	0.08208195939312136	0.14020488022586308	0.001197212048733023	unsupported	True	0.0006394924806445	0.0006394924806445
RNF111	chr15:58842560-58843061	18	0.03509818818592092	0.09121750186685618	2	0.05611931368093526	0.10268885710077896	0.0005256707905571689	unsupported	True	0.0005967328455203	0.0005967328455203
RNF111	chr15:59245549-59246050	19	-0.010828495815345979	0.02542308994429265	0	0.03625158575963863	0.04469854685492104	4.1195402186744237e-05	unsupported	True	0.0005584131690519	0.0005584131690519
SMIM8	chr6:87274475-87274976	0	-0.010044073661232857	0.05792334381604506	4	0.06796741747727791	0.08340921893393263	0.00032837376159664493	unsupported	True	0.015494350245986	0.015494350245986
SMIM8	chr6:87472698-87473199	1	-0.022241672424506642	0.021075943023024648	2	0.043317615447531294	0.03728898294891341	3.40433347734429e-05	unsupported	True	0.011267089316137	0.011267089316137
SMIM8	chr6:87343451-87343952	2	0.0006331891347574192	0.04176403963524475	0	0.04113085050048733	0.050918436283360576	8.746720462203312e-05	unsupported	True	0.008464184369426	-0.008464184369426
SMIM8	chr6:87473278-87473779	3	-0.004505907433476923	0.05236619183321929	2	0.056872099266696216	0.04964328386441712	0.0001478463998379932	unsupported	True	0.0084284995118215	0.0084284995118215
SMIM8	chr6:87344561-87345062	4	-0.013101661597262806	0.043291989079682305	0	0.056393650676945115	0.06575449794276148	0.00016053259133184787	unsupported	True	0.0031041570620279	0.0031041570620279
SMIM8	chr6:87549649-87550150	5	-0.002623372880794694	0.0438307112157747	0	0.04645408409656939	0.06005784203528712	0.00012228470575699542	unsupported	True	0.0028400512229657	0.0028400512229657
SMIM8	chr6:87277063-87277564	6	0.006611736481476212	0.11451099259991288	4	0.10789925611843666	0.1253882643853547	0.00154925362407399	unsupported	True	0.0026390595649431	0.0026390595649431
SMIM8	chr6:87407500-87408001	7	-0.01050707080192149	0.023083043651493943	2	0.033590114453415434	0.021732477381950003	1.6850538827017818e-05	unsupported	True	0.00130162501843	-0.00130162501843
SMIM8	chr6:87392973-87393474	8	-0.017336063660340108	0.04470961960273309	4	0.0620456832630732	0.06601577102506412	0.0001831303166180904	unsupported	True	0.0012063408209878	-0.0012063408209878
SMIM8	chr6:87322300-87322801	9	-0.015315317436156469	0.03203435656082455	2	0.04734967399698102	0.03818958768829298	5.792659061804624e-05	unsupported	True	0.0009675685683074	0.0009675685683074
SMIM8	chr6:87223415-87223916	10	-0.02079268435944602	0.009764451183228625	0	0.030557135542674647	0.02637940872490175	7.870920685191474e-06	unsupported	True	0.0006872440402755	-0.0006872440402755
SMIM8	chr6:87248356-87248857	11	0.009089769913013114	0.06207601656194096	4	0.05298624664892784	0.06876292895085628	0.00022617331539525072	unsupported	True	0.0006027734475614	0.0006027734475614
SMIM8	chr6:87408189-87408690	12	-0.013371757520125723	0.027109426831514967	4	0.04048118435164069	0.026330282495352894	2.8895423515339745e-05	unsupported	True	0.0005877614910266	-0.0005877614910266
SMIM8	chr6:87202432-87202933	13	0.00117075760167017	0.02854921235288453	1	0.02737845475121436	0.03345939296635268	2.615297636217199e-05	unsupported	True	0.0005051809268509	-0.0005051809268509
SMIM8	chr6:87543855-87544356	14	-0.021563507798315198	0.0456480290159482	4	0.0672115368142634	0.07915565472131503	0.00024285542066549595	unsupported	True	0.0002247219448541	-0.0002247219448541
SMIM8	chr6:87525149-87525650	15	-0.003569315515604238	0.04728828286132513	0	0.05085759837692937	0.07125113820046015	0.00017135674279708402	unsupported	True	0.0002049998923137	-0.0002049998923137
SMIM8	chr6:87533438-87533939	16	-0.003248074984681182	0.04531792559648092	0	0.0485660005811621	0.06256770196935632	0.00013770590602199932	unsupported	True	0.0001832728466668	-0.0001832728466668
SMIM8	chr6:87215561-87216062	17	-0.016915967047089624	0.0221949848293276	5	0.03911095187641722	0.04619284404116342	4.009848278876133e-05	unsupported	True	0.0001279386652734	0.0001279386652734
SMIM8	chr6:87508598-87509099	18	0.0029401980197720622	0.0549580188687615	4	0.052017820848989434	0.06406073571616341	0.00018313659934824777	unsupported	True	9.28349170671499e-05	9.28349170671499e-05
TEP1	chr14:20454912-20455413	0	0.016707331234842287	0.06962820915173439	5	0.052920877916892095	0.06962820915173439	0.0002565650472300613	unsupported	True	0.0107982753037536	-0.0107982753037536
TEP1	chr14:20461391-20461892	1	0.018359280672025524	0.0668678751441973	5	0.048508594472171776	0.0668678751441973	0.00021689709579834551	unsupported	True	0.010108220242573	-0.010108220242573
TEP1	chr14:20343271-20343772	2	0.017827820709194545	0.06068615652058122	5	0.04285833581138668	0.06068615652058122	0.000157839090276497	unsupported	True	0.0079250554730646	-0.0079250554730646
TEP1	chr14:20434540-20435041	3	0.006246774779858194	0.039436706977423665	4	0.03318993219756547	0.04625298428591456	6.054060655546259e-05	unsupported	True	0.0077552306919666	0.0077552306919666
TEP1	chr14:20469133-20469634	4	0.015992809282346157	0.057183582943798474	5	0.041190773661452317	0.057183582943798474	0.00013469227114364901	unsupported	True	0.0045045814763323	0.0045045814763323
TEP1	chr14:20427689-20428190	5	0.00026734086308434593	0.03011102227483436	3	0.029843681411750016	0.03011102227483436	2.705847992615176e-05	unsupported	True	0.0032705013302235	0.0032705013302235
TEP1	chr14:20413255-20413756	6	0.011918103797312946	0.042445300405969624	5	0.03052719660865668	0.03945429265671618	5.112234855740179e-05	unsupported	True	0.0031222447403311	0.0031222447403311
TEP1	chr14:20412722-20413223	7	0.011866167234815485	0.04102129207214907	5	0.02915512483733359	0.04102129207214907	4.906068145686897e-05	unsupported	True	0.002994435306082	0.002994435306082
TEP1	chr14:20430126-20430627	8	0.010371306722163836	0.05442686452704515	5	0.04405555780488131	0.05442686452704515	0.00013050505559205982	unsupported	True	0.0019643963370827	0.0019643963370827
TEP1	chr14:20333083-20333584	9	0.009429812662397234	0.040842332181725415	5	0.03141251951932818	0.040842332181725415	5.239910123987217e-05	unsupported	True	0.0016535882662516	-0.0016535882662516
TEP1	chr14:20342663-20343164	10	0.016991714724457475	0.06587868639341371	5	0.04888697166895624	0.06587868639341371	0.00021216952161913437	unsupported	True	0.0015908285919901	-0.0015908285919901
TEP1	chr14:20327205-20327706	11	0.007602266882736288	0.06522551429540119	5	0.0576232474126649	0.06522551429540119	0.0002451504834316372	unsupported	True	0.0015329775918922	-0.0015329775918922
TEP1	chr14:20305746-20306247	12	0.014586330931420265	0.052972652180801466	5	0.0383863212493812	0.052972652180801466	0.000107715928188403	unsupported	True	0.0006022362970585	0.0006022362970585
TEP1	chr14:20454371-20454872	13	0.01671827686193654	0.058897439803687474	5	0.04217916294175093	0.058897439803687474	0.0001463156532843904	unsupported	True	0.0005097300037006	0.0005097300037006
TEP1	chr14:20279351-20279852	14	0.009562866472163607	0.06505474937184902	5	0.055491882899685416	0.06505474937184902	0.0002348483305328333	unsupported	True	0.0004899692527283	-0.0004899692527283
TEP1	chr14:20372281-20372782	15	-0.004282777329296041	0.05467559138034749	5	0.058958368709643535	0.07105140550256625	0.000229040150936374	unsupported	True	3.746419613848672e-05	-3.746419613848672e-05
TEP1	chr14:20499737-20500238	16	0.0010926110865243054	0.03429806034109443	5	0.03320544925457013	0.03533163662352062	4.023858272413564e-05	unsupported	True	3.7039015073266856e-05	3.7039015073266856e-05
TEP1	chr14:20495753-20496254	17	0.01567881758982523	0.07178947128502929	4	0.05611065369520406	0.07178947128502929	0.00028917905756151787	unsupported	True	7.598469894396589e-06	-7.598469894396589e-06
TEP1	chr14:20312230-20312731	18	0.020442082050753044	0.08221899730751366	4	0.061776915256760614	0.07114975738444394	0.00036138641117320985	unsupported	True	5.423928273693573e-06	-5.423928273693573e-06
TSPAN9	chr12:3106954-3107455	0	0.011029347471948397	0.14032638729983685	1	0.12929703982788845	0.1545131012497282	0.002803452718613643	unsupported	True	0.0074956110610703	0.0074956110610703
TSPAN9	chr12:3164920-3165421	1	-0.008784713420638909	0.022694644144497976	0	0.03147935756513688	0.045424851560694576	3.2452096203357394e-05	unsupported	True	0.0052254498549442	0.0052254498549442
TSPAN9	chr12:3171791-3172292	2	-0.0008990622295700771	0.08151870036912309	1	0.08241776259869317	0.09534318573081454	0.0006405716688055159	unsupported	True	0.0051937574792803	0.0051937574792803
TSPAN9	chr12:3342017-3342518	3	0.003681092455757591	0.06857044461729862	1	0.06488935216154103	0.08161553595551004	0.0003631476521629979	unsupported	True	0.0040777906446689	0.0040777906446689
TSPAN9	chr12:3371020-3371521	4	-0.007040389756234139	0.0023632466125493874	1	0.009403636368783526	0.013342133494138651	2.9650372421303514e-07	unsupported	True	0.00381470430214	0.00381470430214
TSPAN9	chr12:2959015-2959516	5	-0.012883602746984028	0.04524712559754715	1	0.058130728344531174	0.0709124769294858	0.00018651742660696514	unsupported	True	0.0037566812999598	0.0037566812999598
TSPAN9	chr12:3165549-3166050	6	0.00212050114985248	0.060807609727412434	1	0.05868710857755995	0.07887986371028881	0.00028149247965684923	unsupported	True	0.0033499330417261	0.0033499330417261
TSPAN9	chr12:3097015-3097516	7	0.0003948806930458464	0.008386013727477477	4	0.00799113303443163	0.015062127359574719	1.0093696572976454e-06	unsupported	True	0.0029274010947513	0.0029274010947513
TSPAN9	chr12:3365333-3365834	8	-0.008845983978969383	0.048284049944371944	1	0.05713003392334133	0.04742583453365241	0.00013082271386542508	unsupported	True	0.0026222211729587	0.0026222211729587
TSPAN9	chr12:3036184-3036685	9	-0.0038513836402728906	0.021306527035419964	1	0.025157910675692854	0.02745833369283982	1.4718427564114258e-05	unsupported	True	0.0025145355260338	0.0025145355260338
TSPAN9	chr12:3200023-3200524	10	-0.0068179556497261545	0.02755417138819046	1	0.03437212703791662	0.05293275658847241	5.0132374476032886e-05	unsupported	True	0.002201437121676	0.002201437121676
TSPAN9	chr12:3091296-3091797	11	0.005919250271185584	0.09438708224898429	1	0.0884678319777987	0.1105554277307108	0.000923162202702292	unsupported	True	0.0021535317863812	0.0021535317863812
TSPAN9	chr12:3233754-3234255	12	0.0016715097550446662	0.0712425875726227	1	0.06957107781757803	0.09785312600976223	0.00048500154347415456	unsupported	True	0.0020270650064823	0.0020270650064823
TSPAN9	chr12:3155652-3156153	13	-0.020928171156431585	0.024098174115618654	0	0.04502634527205024	0.06662617828876083	7.229291518629306e-05	unsupported	True	0.0019925830787384	0.0019925830787384
TSPAN9	chr12:3205150-3205651	14	-0.009908703095416731	0.030289109221117463	1	0.040197812316534194	0.04604544712259333	5.6062907087962976e-05	unsupported	True	0.0018438526780462	0.0018438526780462
TSPAN9	chr12:3262412-3262913	15	0.004446113434152566	0.10804998776194624	1	0.10360387432779368	0.13028622658818606	0.00145847579007829	unsupported	True	0.0016508342746839	0.0016508342746839
TSPAN9	chr12:3176759-3177260	16	0.00440001299415902	0.03433269740799342	0	0.0299326844138344	0.03111775517931552	3.197877713543775e-05	unsupported	True	0.0015909910685359	0.0015909910685359
TSPAN9	chr12:3032842-3033343	17	-0.028332146731101442	-0.014294479331972419	0	0.014037667399129023	0.02263956065779943	0.0	unsupported	True	0.0015871342314027	0.0015871342314027
TSPAN9	chr12:3218424-3218925	18	-0.02006833932564288	0.002499161341570874	5	0.022567500667213757	0.0388679905206763	2.19214787292732e-06	unsupported	True	0.0014417353242846	0.0014417353242846
TSPAN9	chr12:3038853-3039354	19	-0.018556257999812472	-0.006445005035566012	5	0.01211125296424646	0.013456187135845482	0.0	unsupported	True	0.0014384909109309	0.0014384909109309
EFHD1	chr2:232653410-232653911	0	0.13090944366477997	0.17943802287579355	4	0.048528579211013584	0.15364632585927507	0.0013379325859601472	unsupported	True	0.0084167700405228	0.0084167700405228
EFHD1	chr2:232624241-232624742	1	0.10997482441757299	0.15524998591460332	4	0.04527516149703033	0.14385085663770888	0.0010111230946476275	unsupported	True	0.0081753185055212	0.0081753185055212
EFHD1	chr2:232633311-232633812	2	0.10849600078991746	0.14899799797686697	4	0.04050199718694951	0.13841425224408724	0.0008352907711494351	unsupported	True	0.0048601869779931	0.0048601869779931
EFHD1	chr2:232667770-232668271	3	0.09932562506902239	0.14406185211019712	4	0.044736227041174734	0.12122092269178987	0.0007812426295691476	unsupported	True	0.0038384865518992	0.0038384865518992
EFHD1	chr2:232696971-232697472	4	0.01644488579310153	0.09100018908223984	4	0.0745553032891383	0.08279733893213634	0.0005617424123223495	unsupported	True	0.0037287656805735	-0.0037287656805735
EFHD1	chr2:232652425-232652926	5	0.09721135230127059	0.1820482556050175	4	0.08483690330374691	0.17675669951161915	0.0027299029829976505	unsupported	True	0.0034866821286485	0.0034866821286485
EFHD1	chr2:232669025-232669526	6	0.1063402753045756	0.1697773415246194	4	0.0634370662200438	0.14564199561995073	0.0015685899923707045	unsupported	True	0.0031373429496934	0.0031373429496934
EFHD1	chr2:232502891-232503392	7	-0.020781423817509755	0.05225910935546759	5	0.07304053317297735	0.06177870501786707	0.00023581136875292207	unsupported	True	0.0030934572191823	-0.0030934572191823
EFHD1	chr2:232689518-232690019	8	0.11490036027206399	0.1614029927714044	4	0.04650263249934042	0.13665735880347382	0.0010257042261152347	unsupported	True	0.0030188220816675	0.0030188220816675
EFHD1	chr2:232504473-232504974	9	-0.020601723150387337	0.054817890542294204	5	0.07541961369268155	0.056619548111283065	0.00023408469627224975	unsupported	True	0.0026239269342869	-0.0026239269342869
EFHD1	chr2:232522027-232522528	10	-0.0010736674876395107	0.06740289581397639	5	0.0684765633016159	0.07686070145006062	0.0003547520019108608	unsupported	True	0.002041851043546	-0.002041851043546
EFHD1	chr2:232519890-232520391	11	0.03909378339354431	0.06881907527132572	5	0.02972529187778141	0.06860795051811258	0.00014034902711838727	unsupported	True	0.0017098550904759	0.0017098550904759
EFHD1	chr2:232487609-232488110	12	-0.024274759210307053	0.08815826283022954	5	0.1124330220405366	0.11214347555214674	0.0011115549049909225	unsupported	True	0.0015933725128889	-0.0015933725128889
EFHD1	chr2:232473326-232473827	13	0.07726360530378362	0.1137450084861607	4	0.03648140318237708	0.10832194459436481	0.00044949030562289785	unsupported	True	0.001491131937489	0.001491131937489
EFHD1	chr2:232697728-232698229	14	0.07188197085290825	0.14578960503990843	4	0.07390763418700018	0.13425708312683218	0.0014466153445142724	unsupported	True	0.0014811122057077	0.0014811122057077
EFHD1	chr2:232501996-232502497	15	-0.023597108122655287	0.08548514659467812	5	0.1090822547173334	0.10353176084483703	0.0009654246145129444	unsupported	True	0.0014680097948376	-0.0014680097948376
EFHD1	chr2:232485650-232486151	16	-0.027060283720816068	0.056465456937595665	5	0.08352574065841173	0.07320609225077893	0.00034526329202121955	unsupported	True	0.0012794602722827	-0.0012794602722827
EFHD1	chr2:232550374-232550875	17	0.035571212881935176	0.1002379109504214	4	0.06466669806848621	0.09869549547952423	0.0006397496025572678	unsupported	True	0.0011857402286185	-0.0011857402286185
EFHD1	chr2:232512529-232513030	18	-0.018891238203219512	0.07452145864360342	2	0.09341269684682293	0.09065532243687616	0.0006310744018293412	unsupported	True	0.0011400251698453	-0.0011400251698453
EFHD1	chr2:232525731-232526232	19	0.015024541767989355	0.13584589329847796	5	0.1208213515304886	0.15797567499932746	0.002592868091364053	unsupported	True	0.0011309131650631	0.0011309131650631
CD276	chr15:73683581-73684082	0	-0.01092823631492251	0.016699461314639417	1	0.02762769762956193	0.030206809903900612	1.3936445436358636e-05	unsupported	True	0.0083464896259238	0.0083464896259238
CD276	chr15:73716417-73716918	1	-0.011450203567826443	0.018036525011475155	2	0.029486728579301597	0.025083018515924604	1.3340105349408052e-05	unsupported	True	0.0077155277389893	0.0077155277389893
CD276	chr15:73654498-73654999	2	-0.010031978637674351	0.026719121230359827	1	0.03675109986803418	0.029305120739138907	2.8776371162903276e-05	unsupported	True	0.0072614674727325	0.0072614674727325
CD276	chr15:73564155-73564656	3	-0.014956426005548666	0.02817475409567722	2	0.04313118010122589	0.039874198178357384	4.845554004719158e-05	unsupported	True	0.0050457649257998	0.0050457649257998
CD276	chr15:73774835-73775336	4	0.0014691075237615934	0.03309385626491567	1	0.03162474874115408	0.02900384173019587	3.035498248513254e-05	unsupported	True	0.0049381353362815	0.0049381353362815
CD276	chr15:73836745-73837246	5	-0.012349873764860604	0.04869304812227605	2	0.061042921887136656	0.06738006646828035	0.0002002782141318863	unsupported	True	0.0032774990583932	0.0032774990583932
CD276	chr15:73704710-73705211	6	-0.012207458615960572	0.015610567849466553	2	0.027818026465427123	0.041885911712720054	1.818917453140462e-05	unsupported	True	0.0028465496997534	0.0028465496997534
CD276	chr15:73636333-73636834	7	-0.005594375422844561	0.03153452943473588	2	0.03712890485758044	0.05466903345550291	6.400883016045472e-05	unsupported	True	0.0025362288891253	-0.0025362288891253
CD276	chr15:73784157-73784658	8	0.0013153370291284698	0.03906886089053149	1	0.03775352386140302	0.0602022858167366	8.879759929684839e-05	unsupported	True	0.0025023293498973	-0.0025023293498973
CD276	chr15:73840967-73841468	9	-0.008620719334797583	0.029898919712053322	2	0.038519639046850906	0.03350586390987783	3.8588555878345765e-05	unsupported	True	0.0024407497628489	0.0024407497628489
CD276	chr15:73752700-73753201	10	-0.004923548100061274	0.03842043117904641	2	0.04334397927910768	0.06089426102202932	0.0001014068702230444	unsupported	True	0.0016740634822799	-0.0016740634822799
CD276	chr15:73717640-73718141	11	-0.004542538303625295	0.019905556691293014	1	0.024448094994918308	0.037017110792548616	1.801448583138732e-05	unsupported	True	0.0015313694790944	0.0015313694790944
CD276	chr15:73697026-73697527	12	0.0010916913995081658	0.020913456890807862	3	0.019821765491299697	0.033077307822509436	1.3711921368747131e-05	unsupported	True	0.0014898913436479	-0.0014898913436479
CD276	chr15:73791169-73791670	13	0.018029326252612287	0.04738387201232702	2	0.029354545759714735	0.05168260603982977	7.188699261316478e-05	unsupported	True	0.0014582361598384	-0.0014582361598384
CD276	chr15:73821976-73822477	14	0.0046343242264251655	0.039440406461390465	0	0.0348060822349653	0.033869343065103315	4.649468364107248e-05	unsupported	True	0.0011625416850787	0.0011625416850787
CD276	chr15:73593680-73594181	15	-0.0010822600248174034	0.01933387979799626	1	0.020416139822813664	0.03009445482070769	1.1878979306650725e-05	unsupported	True	0.0011173236340549	-0.0011173236340549
CD276	chr15:73647620-73648121	16	-0.010799987249473427	0.04084830897861362	1	0.051648296228087046	0.05229129144233475	0.00011032132008015367	unsupported	True	0.0009721812649798	0.0009721812649798
CD276	chr15:73684203-73684704	17	-0.0010172514757857951	0.0342450542455507	2	0.0352623057213365	0.05405700803490649	6.527705749976602e-05	unsupported	True	0.0008933341539827	-0.0008933341539827
CD276	chr15:73756906-73757407	18	-0.012151636437294507	0.020061184462027214	2	0.03221282089932172	0.026579133233207985	1.7176162624711823e-05	unsupported	True	0.0008654250441078	0.0008654250441078
CD276	chr15:73633194-73633695	19	-0.007766037698691759	0.03404343504715975	2	0.04180947274585151	0.06457892907413082	9.19176482567936e-05	unsupported	True	0.0008174261290726	-0.0008174261290726
ADAM29	chr4:174829079-174829580	0	0.013011029075277151	0.04285783485606119	3	0.02984680578078404	0.04285783485606119	5.4822434032482126e-05	unsupported	True	0.0211774835917531	0.0211774835917531
ADAM29	chr4:174751824-174752325	1	0.01667040092902386	0.08518161368943863	3	0.06851121276041477	0.08518161368943863	0.0004971110095357351	unsupported	True	0.007547676284871	0.007547676284871
ADAM29	chr4:174812661-174813162	2	0.007781681387383333	0.049652793415707525	3	0.04187111202832419	0.05368732602622724	0.00011161689976574718	unsupported	True	0.0069498887688794	0.0069498887688794
ADAM29	chr4:175125455-175125956	3	0.003792214942080721	0.043388321965046855	5	0.039596107022966134	0.043388321965046855	7.454151201430239e-05	unsupported	True	0.0058636752153147	0.0058636752153147
ADAM29	chr4:174764070-174764571	4	0.02494282470572953	0.05962599171776673	3	0.034683167012037205	0.05962599171776673	0.00012330763779488157	unsupported	True	0.0055524014453718	0.0055524014453718
ADAM29	chr4:174719487-174719988	5	-0.011606608605590962	0.007911763836831244	2	0.019518372442422206	0.008517744141119074	1.3153505371857914e-06	unsupported	True	0.002194336739364	0.002194336739364
ADAM29	chr4:174716713-174717214	6	0.0054758840318636535	0.0324438923462974	5	0.026968008314433748	0.0324438923462974	2.838669142061525e-05	unsupported	True	0.0020056782689554	0.0020056782689554
ADAM29	chr4:174734123-174734624	7	0.018091300443919607	0.030466013110119546	3	0.012374712666199938	0.030466013110119546	1.148593549407256e-05	unsupported	True	0.0017385297059666	0.0017385297059666
ADAM29	chr4:174717320-174717821	8	0.003756019699094402	0.02115848894631147	5	0.017402469247217067	0.02115848894631147	7.790766224826097e-06	unsupported	True	0.0017169096294549	0.0017169096294549
ADAM29	chr4:174772935-174773436	9	0.020863391291892335	0.05692170333591736	3	0.03605831204402503	0.05692170333591736	0.00011683182688955865	unsupported	True	0.0016422929778848	0.0016422929778848
ADAM29	chr4:175065221-175065722	10	-0.00813794147685886	0.013149822064102127	5	0.021287763540960986	0.013149822064102127	3.6810336709383223e-06	unsupported	True	0.0005809051374333	0.0005809051374333
ADAM29	chr4:175106360-175106861	11	0.010797903191540024	0.08501039583394222	5	0.0742124926424022	0.08501039583394222	0.000536316422489241	unsupported	True	0.0005808305595015	0.0005808305595015
ADAM29	chr4:174766808-174767309	12	0.00531259680178055	0.07034031916305673	3	0.06502772236127619	0.08622424562899361	0.0003943957994704873	unsupported	True	0.0004963313647358	-0.0004963313647358
ADAM29	chr4:174898010-174898511	13	0.0049351524124308065	0.10214492905809294	3	0.09720977664566213	0.10991978691911664	0.0010914469566719333	unsupported	True	0.0003276659070731	0.0003276659070731
ADAM29	chr4:174865554-174866055	14	-0.010151140813619298	0.0	1	0.010151140813619298	0.009468228327587582	0.0	unsupported	True	0.0001831640038913	-0.0001831640038913
ADAM29	chr4:175067686-175068187	15	-0.006249212236379897	0.020782659410567984	3	0.027031871646947883	0.020782659410567984	1.16755771364595e-05	unsupported	True	0.0001668952324672	-0.0001668952324672
ADAM29	chr4:174787135-174787636	16	-0.0013662709801258298	0.015067433100415504	3	0.016433704080541334	0.01918977413122631	4.75165168147183e-06	unsupported	True	0.0001040858569356	0.0001040858569356
ADAM29	chr4:175048848-175049349	17	0.004634274032154955	0.012744700227605127	0	0.008110426195450172	0.012744700227605127	1.3173553091722103e-06	unsupported	True	5.324817127874814e-05	5.324817127874814e-05
RPS11	chr19:49478678-49479179	0	-0.04474613516708731	-0.005994895566875307	2	0.038751239600212	0.030317025733403277	0.0	unsupported	True	0.016510704388098	0.016510704388098
RPS11	chr19:49427731-49428232	1	-0.005741272601999744	0.00787624818560464	3	0.013617520787604384	0.03283996124697108	3.5222491698630684e-06	unsupported	True	0.0071487653206559	0.0071487653206559
RPS11	chr19:49387862-49388363	2	-0.00955181031937199	0.013368820058012518	0	0.02292063037738451	0.043123154530059195	1.3213873905354628e-05	unsupported	True	0.0035651849946961	0.0035651849946961
RPS11	chr19:49437121-49437622	3	0.014718368485482271	0.04037972042903391	0	0.025661351943551642	0.02065750291194908	2.140526769147209e-05	unsupported	True	0.0032969255505278	-0.0032969255505278
RPS11	chr19:49476219-49476720	4	-0.03747212781535283	0.008378115012275285	0	0.04585024282762811	0.04653926088540695	1.7877526882263034e-05	unsupported	True	0.0031023063199486	-0.0031023063199486
RPS11	chr19:49362200-49362701	5	-0.017771707702619776	0.03530606339623105	0	0.053077771098850826	0.04282589366507894	8.025431795542327e-05	unsupported	True	0.0030866299550546	-0.0030866299550546
RPS11	chr19:49585011-49585512	6	0.01820169225960372	0.017469309756455807	0	-0.0007323825031479124	0.02402536303329227	0.0	unsupported	True	0.002832468600661	0.002832468600661
RPS11	chr19:49347732-49348233	7	-0.004704365827206403	0.013336706077204316	4	0.01804107190441072	0.025896305159440195	6.230870448700806e-06	unsupported	True	0.002596059799025	0.002596059799025
RPS11	chr19:49422252-49422753	8	-0.03462447979535633	0.019225637189682582	2	0.053850116985038915	0.06417427113373142	6.643980334844818e-05	unsupported	True	0.0025694335928395	0.0025694335928395
RPS11	chr19:49363314-49363815	9	-0.02012263236313077	0.008426037956522733	2	0.028548670319653503	0.03135380154318166	7.54222530377252e-06	unsupported	True	0.0018456114944934	-0.0018456114944934
RPS11	chr19:49442784-49443285	10	-0.02932418523803859	-0.004148555329205204	0	0.02517562990883339	0.03282702981243275	0.0	unsupported	True	0.0015492385510391	-0.0015492385510391
RPS11	chr19:49589956-49590457	11	-0.012305239357399914	-0.011299255323947278	0	0.0010059840334526362	0.02065000468427415	0.0	unsupported	True	0.0015030866639826	0.0015030866639826
RPS11	chr19:49533914-49534415	12	-0.013767070375814766	0.004645260935027815	0	0.01841233131084258	0.028032219973455546	2.397598111124846e-06	unsupported	True	0.0014243593202259	0.0014243593202259
RPS11	chr19:49361345-49361846	13	-0.01038224895443179	0.03710711449904816	0	0.047489363453479955	0.04733860909467861	8.341977727636208e-05	unsupported	True	0.0014107268062983	-0.0014107268062983
RPS11	chr19:49429025-49429526	14	-0.016195284650825377	0.02230107195512608	2	0.03849635660595146	0.04196960967806637	3.603133038868879e-05	unsupported	True	0.0013866287234422	0.0013866287234422
RPS11	chr19:49436250-49436751	15	-0.010126300078469094	0.007047825026320999	4	0.01717412510479009	0.0325860323798241	3.944220812289113e-06	unsupported	True	0.0012106278825587	0.0012106278825587
RPS11	chr19:49391828-49392329	16	-0.012369467196266306	-0.0011577268820090764	0	0.01121174031425723	0.02438151816183772	0.0	unsupported	True	0.0011274415400697	0.0011274415400697
RPS11	chr19:49520624-49521125	17	0.015180918136036666	0.04023961136491046	0	0.02505869322887379	0.08264697892567088	8.333725284444985e-05	unsupported	True	0.0011200405642441	0.0011200405642441
RPS11	chr19:49555868-49556369	18	-0.008444003355634725	0.01634241023715235	2	0.024786413592787077	0.033002731968998195	1.3368408032924553e-05	unsupported	True	0.0008606194143837	-0.0008606194143837
RPS11	chr19:49512901-49513402	19	-0.020590743364777273	0.04305845112992569	2	0.06364919449470297	0.07475103060036706	0.00020486534536323534	unsupported	True	0.0007271339487143	-0.0007271339487143
FAM193A	chr4:2401992-2402493	0	0.006140828159453352	0.12098961086062618	0	0.11484878270117282	0.13342091188122038	0.001853951552124046	unsupported	True	0.0173654230838251	0.0173654230838251
FAM193A	chr4:2698455-2698956	1	0.007431528699980034	0.0370028158226055	1	0.029571287122625467	0.03544818248017287	3.878814181905779e-05	unsupported	True	0.0113993636976917	0.0113993636976917
FAM193A	chr4:2756179-2756680	2	0.013377870215659062	0.09621636639759841	0	0.08283849618193935	0.10849060013022815	0.0008647155514991559	unsupported	True	0.0046331443880882	-0.0046331443880882
FAM193A	chr4:2462613-2463114	3	0.011059981744975021	0.09822892251113907	0	0.08716894076616405	0.11272465398868516	0.0009652061041665233	unsupported	True	0.0041784181065812	0.0041784181065812
FAM193A	chr4:2830723-2831224	4	0.007402416469943989	0.08827946960462822	0	0.08087705313468423	0.1031840366547753	0.0007367116672975465	unsupported	True	0.0026156726695788	0.0026156726695788
FAM193A	chr4:2788374-2788875	5	0.008316440998433148	0.06725965856600385	3	0.058943217567570705	0.049093895854791667	0.00019463278391140508	unsupported	True	0.0019562901150793	0.0019562901150793
FAM193A	chr4:2536191-2536692	6	0.008630283216669692	0.08873904121307166	0	0.08010875799640196	0.10045988358613622	0.0007141466463907683	unsupported	True	0.0019297760277673	-0.0019297760277673
FAM193A	chr4:2521067-2521568	7	0.009312036484069806	0.05750601651729734	0	0.04819398003322753	0.04286300024665341	0.0001187923967898445	unsupported	True	0.0019177618948963	0.0019177618948963
FAM193A	chr4:2616932-2617433	8	0.005896761717470951	0.06964593890290201	0	0.06374917718543105	0.07175745123668437	0.000318593848261468	unsupported	True	0.0017738025146903	0.0017738025146903
FAM193A	chr4:2734505-2735006	9	-0.016020713631597634	0.04453757700053531	1	0.060558290632132944	0.06473994946931809	0.00017461138221759012	unsupported	True	0.0016590437603741	-0.0016590437603741
FAM193A	chr4:2806875-2807376	10	-0.0008353836835476127	0.0822582720687895	0	0.08309365575233711	0.09522914817296385	0.0006509046114634434	unsupported	True	0.0013176415388611	0.0013176415388611
FAM193A	chr4:2468761-2469262	11	0.01432757907316833	0.10474936829014632	0	0.090421789216978	0.11685547032910863	0.0011068112292293194	unsupported	True	0.0012800894716949	-0.0012800894716949
FAM193A	chr4:2536837-2537338	12	0.006592147579287689	0.08900719163265085	0	0.08241504405336315	0.10598670901534539	0.0007774688552257442	unsupported	True	0.0011152048603401	-0.0011152048603401
FAM193A	chr4:2606155-2606656	13	0.007051734763950819	0.060838194176235184	0	0.05378645941228437	0.0701021562951158	0.00022939325741265818	unsupported	True	0.0010749306970651	0.0010749306970651
FAM193A	chr4:2390746-2391247	14	-0.004123318898744696	0.07477231435033464	0	0.07889563324907933	0.09859939614147237	0.0005816584540029356	unsupported	True	0.0010638131973843	0.0010638131973843
FAM193A	chr4:2792757-2793258	15	0.01008739317923642	0.06827841048442465	0	0.05819101730518823	0.04332952942594134	0.00017215646021558653	unsupported	True	0.0007607919296272	-0.0007607919296272
FAM193A	chr4:2453357-2453858	16	0.017940233098855687	0.10178891459924747	0	0.08384868150039178	0.10966202720205612	0.0009359507382184183	unsupported	True	0.0007436762589003	0.0007436762589003
FAM193A	chr4:2837978-2838479	17	0.003942104897303265	0.06286596661233843	0	0.058923861715035164	0.06941795981297938	0.00025714533194778883	unsupported	True	0.0007314789508391	0.0007314789508391
FAM193A	chr4:2450599-2451100	18	0.012825966815655817	0.07391702168897958	0	0.061091054873323766	0.06081921655470611	0.00027463944034397555	unsupported	True	0.0007006458150542	0.0007006458150542
FAM193A	chr4:2412942-2413443	19	0.006210272121582436	0.0488699260104602	0	0.04265965388887777	0.02936544239613594	6.122031459942785e-05	unsupported	True	0.0006466453576065	0.0006466453576065
PPARG	chr3:12288311-12288812	0	0.021039453848456242	0.028354065666539988	4	0.007314611818083745	0.028354065666539988	5.880604406269731e-06	unsupported	True	0.0102180787001349	0.0102180787001349
PPARG	chr3:12175782-12176283	1	0.03708920578415047	0.07707908934376709	4	0.03998988355961662	0.07707908934376709	0.00023758733690845932	unsupported	True	0.0058971352490558	0.0058971352490558
PPARG	chr3:12553755-12554256	2	-0.008432918212156972	0.0	1	0.008432918212156972	0.01008106719347778	0.0	unsupported	True	0.0044812875502709	-0.0044812875502709
PPARG	chr3:12159143-12159644	3	0.006061754729445598	0.0	1	-0.006061754729445598	0.005722275127239538	0.0	unsupported	True	0.0044407484755591	-0.0044407484755591
PPARG	chr3:12279870-12280371	4	-0.015332592965334195	0.0	1	0.015332592965334195	0.010892920134000495	0.0	unsupported	True	0.0039277446238714	0.0039277446238714
PPARG	chr3:12405726-12406227	5	-0.007095570585325864	0.0	1	0.007095570585325864	0.00858137271325194	0.0	unsupported	True	0.003752908731185	0.003752908731185
PPARG	chr3:12545274-12545775	6	0.0033371022521648725	0.014179541581605318	4	0.010842439329440446	0.014179541581605318	2.179974340307293e-06	unsupported	True	0.0037460560408731	0.0037460560408731
PPARG	chr3:12139201-12139702	7	-0.010314077945356229	0.0	1	0.010314077945356229	0.008890080073602747	0.0	unsupported	True	0.0036539698942778	-0.0036539698942778
PPARG	chr3:12556774-12557275	8	0.0021535572237455715	0.010579928793424107	4	0.008426371569678535	0.010579928793424107	9.432050023383983e-07	unsupported	True	0.0028893207031398	-0.0028893207031398
PPARG	chr3:12287760-12288261	9	-0.025231664930484	0.0	1	0.025231664930484	0.005630646346433779	0.0	unsupported	True	0.0028496694154779	0.0028496694154779
PPARG	chr3:12479781-12480282	10	-0.014578023239694307	0.0	1	0.014578023239694307	0.006613285431525888	0.0	unsupported	True	0.0022830676311728	0.0022830676311728
PPARG	chr3:12148035-12148536	11	0.01474158088509749	0.05719175645202847	4	0.042450175566930974	0.05719175645202847	0.00013885015216894142	unsupported	True	0.0018659301917767	-0.0018659301917767
PPARG	chr3:12440842-12441343	12	0.045415167731164906	0.06966291639927949	4	0.024247748668114584	0.06966291639927949	0.00011767243105252658	unsupported	True	0.001849745078135	-0.001849745078135
PPARG	chr3:12158145-12158646	13	0.007809808455306639	0.009889163416792926	5	0.0020793549614862867	0.009889163416792926	2.0335166851658482e-07	unsupported	True	0.001645219855184	-0.001645219855184
PPARG	chr3:12484106-12484607	14	-0.00360005162203406	0.014031340056967786	4	0.017631391679001848	0.014031340056967786	3.471242013572604e-06	unsupported	True	0.0015427161473527	0.0015427161473527
PPARG	chr3:12436304-12436805	15	0.04104424065534766	0.07033413358414034	4	0.02928989292879268	0.07033413358414034	0.0001448938885950365	unsupported	True	0.0012416806851651	-0.0012416806851651
PPARG	chr3:12491323-12491824	16	-0.00519702995654009	0.018625477415703418	4	0.023822507372243507	0.018625477415703418	8.264228130011427e-06	unsupported	True	0.0010280338065366	0.0010280338065366
PPARG	chr3:12370709-12371210	17	0.05161897501989264	0.07456958213708856	4	0.022950607117195918	0.07456958213708856	0.0001276196641628833	unsupported	True	0.0008331458014938	0.0008331458014938
PPARG	chr3:12307608-12308109	18	-0.007654582320211797	0.0009751926092380471	4	0.008629774929449845	0.0009751926092380471	8.206921352487073e-09	unsupported	True	0.0003523132120201	0.0003523132120201
PPARG	chr3:12235511-12236012	19	-0.0007117563903703315	0.01954324328134627	4	0.0202549996717166	0.01954324328134627	7.736161314971943e-06	unsupported	True	0.0003220402068044	0.0003220402068044
KLHL7	chr7:23230520-23231021	0	-0.019132411475481677	0.024984966051889452	4	0.04411737752737113	0.03887580907947798	4.2851683940483865e-05	unsupported	True	0.0108007823536434	-0.0108007823536434
KLHL7	chr7:23299011-23299512	1	0.010562284960171378	0.048854467733662206	2	0.03829218277349083	0.03519598916553726	6.584269286777747e-05	unsupported	True	0.0087392695668655	0.0087392695668655
KLHL7	chr7:23055511-23056012	2	0.003156826591708745	0.03884141268139932	1	0.03568458608969057	0.04037374458928021	5.595961423834573e-05	unsupported	True	0.0064206945660215	0.0064206945660215
KLHL7	chr7:23086026-23086527	3	-0.02236858288340085	0.028480171334691263	5	0.05084875421809211	0.03736290673435076	5.4108260316371416e-05	unsupported	True	0.0056865022938612	-0.0056865022938612
KLHL7	chr7:23181665-23182166	4	0.004535688909737936	0.05668395243995993	2	0.052148263530222	0.045161716831194326	0.0001334966660911487	unsupported	True	0.004497392996129	0.004497392996129
KLHL7	chr7:23105500-23106001	5	0.004635872454209188	0.05108172977243861	2	0.04644585731822942	0.04279242805849004	0.00010152652186015728	unsupported	True	0.003160622191242	-0.003160622191242
KLHL7	chr7:23261787-23262288	6	-0.021127777012585298	0.026168040359455587	5	0.04729581737204089	0.030889011531736368	3.822944095148166e-05	unsupported	True	0.0026559369772849	-0.0026559369772849
KLHL7	chr7:23190883-23191384	7	-0.015426728504717154	0.019394124258723083	4	0.03482085276344024	0.021491241341481792	1.4513463926919192e-05	unsupported	True	0.002552212153666	-0.002552212153666
KLHL7	chr7:23272998-23273499	8	-0.0026938818636344244	0.04766830444623665	5	0.050362186309871076	0.05748508919982519	0.00013800330564162403	unsupported	True	0.0018174805857716	0.0018174805857716
KLHL7	chr7:23123096-23123597	9	0.0025164136024204715	0.02574432177367491	2	0.02322790817125444	0.03734147949404552	2.232970966747031e-05	unsupported	True	0.0017464721516394	0.0017464721516394
KLHL7	chr7:23146041-23146542	10	0.005601095717213748	0.04660664199529706	1	0.04100554627808331	0.04629703480918691	8.847968987641927e-05	unsupported	True	0.0016272570147681	0.0016272570147681
KLHL7	chr7:23072842-23073343	11	-0.02282252814281944	0.0291226786734669	5	0.05194520681628634	0.03768203831152021	5.700476831884028e-05	unsupported	True	0.0015925781523323	0.0015925781523323
KLHL7	chr7:23013972-23014473	12	0.007946791348673148	0.05359347355921837	2	0.04564668221054522	0.03120257194690912	7.633285670983434e-05	unsupported	True	0.0014772740156351	0.0014772740156351
KLHL7	chr7:23277328-23277829	13	-0.013542940093766396	0.03921211807493398	5	0.052755058168700374	0.041488169617290266	8.582398637924484e-05	unsupported	True	0.0013791995710198	-0.0013791995710198
KLHL7	chr7:23030229-23030730	14	0.020587289481750575	0.049232832641764986	2	0.02864554316001441	0.030512416695726432	4.303169886733253e-05	unsupported	True	0.001205433998756	0.001205433998756
KLHL7	chr7:23184900-23185401	15	-0.016166467184985024	0.014464076152561536	5	0.03063054333754656	0.015856391603775666	7.025055558332293e-06	unsupported	True	0.0011766293067267	-0.0011766293067267
KLHL7	chr7:23058342-23058843	16	-0.0023818430349299485	0.03343886701023417	4	0.03582071004516412	0.05400558868385169	6.468810795591518e-05	unsupported	True	0.0009477498096319	0.0009477498096319
KLHL7	chr7:23247760-23248261	17	-0.015439742377034904	0.0020345563097672647	5	0.01747429868680217	0.022711073299204444	8.074341764572807e-07	unsupported	True	0.0004801831658748	0.0004801831658748
KLHL7	chr7:23106354-23106855	18	0.006525956639679112	0.04903582648044462	2	0.042509869840765505	0.03272560629240184	6.821674234537503e-05	unsupported	True	0.0004562518316035	0.0004562518316035
KLHL7	chr7:23205988-23206489	19	-0.010634005865163948	0.02682537952645305	4	0.037459385391617	0.015120516032918233	1.5194035458950841e-05	unsupported	True	0.0003894392684272	0.0003894392684272
GATA3	chr10:7952186-7952687	0	0.015806617180064514	0.05751792434478591	0	0.0417113071647214	0.07763933391988678	0.00018626823792997971	unsupported	True	0.0188167660665587	0.0188167660665587
GATA3	chr10:8053264-8053765	1	0.003957489149680063	0.08411778467014207	4	0.080160295520462	0.09354759236486651	0.0006307826665289107	unsupported	True	0.0178974677038958	0.0178974677038958
GATA3	chr10:8180378-8180879	2	0.012285621289116581	0.06021992601789367	5	0.04793430472877709	0.06021992601789367	0.00017383085557498543	unsupported	True	0.0046123515945115	0.0046123515945115
GATA3	chr10:8035266-8035767	3	0.003713001694117682	0.04807210850247251	4	0.04435910680835483	0.04807210850247251	0.00010251068493890891	unsupported	True	0.0044107677779602	0.0044107677779602
GATA3	chr10:8054262-8054763	4	0.008095731633657696	0.09824391795608022	4	0.09014818632242252	0.09824391795608022	0.0008700983421192839	unsupported	True	0.0040631072671311	0.0040631072671311
GATA3	chr10:8033701-8034202	5	0.006134598596295263	0.11567663224669003	4	0.10954203365039476	0.1236689021676281	0.0015670647484234753	unsupported	True	0.0020309255349127	0.0020309255349127
GATA3	chr10:8225169-8225670	6	-0.0006366985409466167	0.11582305058939381	5	0.11645974913034042	0.12314298170654836	0.0016610416207566954	unsupported	True	0.0018030936121845	0.0018030936121845
GATA3	chr10:8056784-8057285	7	0.010204936130193952	0.09837337473928813	4	0.08816843860909418	0.09837337473928813	0.0008532342699334959	unsupported	True	0.0012177925013062	-0.0012177925013062
GATA3	chr10:7915733-7916234	8	0.01577738358533648	0.10211865884550471	4	0.08634127526016823	0.10211865884550471	0.0009003858553177005	unsupported	True	0.0010391506879276	0.0010391506879276
GATA3	chr10:8141762-8142263	9	0.03429708484786087	0.06638497068998347	0	0.032087885842122604	0.04906402294818226	0.00010451389339376947	unsupported	True	0.0010368743657392	0.0010368743657392
GATA3	chr10:7997432-7997933	10	-0.01767947347927436	0.0033488130592043332	0	0.021028286538478692	0.024751296888464266	1.7429813908025348e-06	unsupported	True	0.0005271044481279	-0.0005271044481279
GATA3	chr10:8219755-8220256	11	-0.006261309553968483	0.03504902916933623	5	0.04131033872330471	0.04574214070101651	6.622946308212818e-05	unsupported	True	0.0003830164975907	-0.0003830164975907
GATA3	chr10:7944035-7944536	12	-0.010606036171531346	0.027697573840863854	4	0.0383036100123952	0.04938560633037724	5.2394032604729335e-05	unsupported	True	0.0002856327620974	-0.0002856327620974
GATA3	chr10:8200039-8200540	13	0.008684384076112371	0.10869174928135046	5	0.10000736520523809	0.11331378010722676	0.0012317180096319247	unsupported	True	0.0002486099856681	-0.0002486099856681
GATA3	chr10:8146350-8146851	14	-0.008176756379512385	0.015747810946993842	0	0.023924567326506226	0.028207561645801987	1.0627468605919557e-05	unsupported	True	0.0001694421482189	-0.0001694421482189
GATA3	chr10:8223844-8224345	15	-0.011166374798552961	0.023653642140592485	4	0.034820016939145444	0.030908435629299402	2.5456812553104047e-05	unsupported	True	7.621084921499367e-05	-7.621084921499367e-05
GATA3	chr10:7959725-7960226	16	0.006317388029338959	0.05694658898261537	4	0.05062920095327641	0.05694658898261537	0.0001641861444158981	unsupported	True	6.568883032384307e-05	-6.568883032384307e-05
GATA3	chr10:8072158-8072659	17	-0.001959211647207892	0.011260527429525555	0	0.013219739076733447	0.011260527429525555	1.6762560141083131e-06	unsupported	True	6.054926925134244e-05	-6.054926925134244e-05
GATA3	chr10:7991703-7992204	18	0.009354428200731454	0.1292831305158184	5	0.11992870231508695	0.13520279950872122	0.0020962866973094534	unsupported	True	5.077665461415595e-05	-5.077665461415595e-05
KLF2	chr19:16436189-16436690	0	0.051162272433873675	0.1266816454992627	4	0.07551937306538903	0.13440519744201684	0.0012858435627801947	unsupported	True	0.0066751856205989	0.0066751856205989
KLF2	chr19:16373447-16373948	1	0.05933486414638871	0.1467280920762467	4	0.087393227929858	0.138742660418262	0.0017791029054794881	unsupported	True	0.0060468286035281	0.0060468286035281
KLF2	chr19:16349476-16349977	2	0.011875359628328216	0.08004330386449873	4	0.06816794423617052	0.07972834487377087	0.00043502874231703034	unsupported	True	0.0047679852034938	0.0047679852034938
KLF2	chr19:16258545-16259046	3	0.057224862625333814	0.13164982079918627	4	0.07442495817385246	0.12564744005703532	0.0012310976894819728	unsupported	True	0.0044514554675722	0.0044514554675722
KLF2	chr19:16316472-16316973	4	0.006876070247288602	0.040755687529050386	2	0.03387961728176178	0.05788453645646162	7.992622097035628e-05	unsupported	True	0.0039191802168423	0.0039191802168423
KLF2	chr19:16283381-16283882	5	0.012746221773387512	0.016870981014047694	3	0.004124759240660181	0.013547460679173362	9.427506489135567e-07	unsupported	True	0.0038746671559319	0.0038746671559319
KLF2	chr19:16417642-16418143	6	0.012433315626694908	0.05464087938425661	2	0.0422075637575617	0.06065603345863492	0.00013988848669772223	unsupported	True	0.0033129032490568	0.0033129032490568
KLF2	chr19:16350398-16350899	7	0.006983246459180976	0.039341347688457665	4	0.03235810122927669	0.06049416170080622	7.700975209454598e-05	unsupported	True	0.0029527618653763	0.0029527618653763
KLF2	chr19:16236693-16237194	8	-0.022977318660967156	0.01680743797034785	4	0.039784756631315005	0.04364250281085091	2.918286132743712e-05	unsupported	True	0.0029256424214355	0.0029256424214355
KLF2	chr19:16252562-16253063	9	0.044548359583232625	0.11356613743853397	4	0.06901777785530135	0.09101647077579222	0.0007133946018497824	unsupported	True	0.0027237933184165	0.0027237933184165
KLF2	chr19:16383171-16383672	10	0.011692442961703095	0.028621841150756906	4	0.016929398189053813	0.03870065333421422	1.8752422693781936e-05	unsupported	True	0.0026113845627484	0.0026113845627484
KLF2	chr19:16324350-16324851	11	0.026879682841822933	0.07195367468277945	4	0.04507399184095652	0.08217322385998198	0.00026650743277571866	unsupported	True	0.0020968031512196	0.0020968031512196
KLF2	chr19:16338643-16339144	12	0.005874880924062632	0.031025788408404677	4	0.025150907484342046	0.036790100552502716	2.8708299003566075e-05	unsupported	True	0.0018168779293892	0.0018168779293892
KLF2	chr19:16203104-16203605	13	-0.0012059630566861883	0.01779175357992873	5	0.01899771663661492	0.025415262187062075	8.590427062018858e-06	unsupported	True	0.0018098336440853	0.0018098336440853
KLF2	chr19:16357151-16357652	14	-0.027394252009828722	-0.004639659382360853	2	0.02275459262746787	0.02910340888037435	0.0	unsupported	True	0.0017627830392949	-0.0017627830392949
KLF2	chr19:16325738-16326239	15	0.01341489418434357	0.04775006492571308	4	0.034335170741369506	0.04801657831078318	7.872349859299885e-05	unsupported	True	0.0017102284858122	0.0017102284858122
KLF2	chr19:16356500-16357001	16	-0.007458294871884208	0.032057620327138776	0	0.039515915199022984	0.04537632973929901	5.748210860761175e-05	unsupported	True	0.0016859720206732	0.0016859720206732
KLF2	chr19:16286193-16286694	17	0.010621894056874782	0.01368603887193664	5	0.003064144815061858	0.015977007738664836	6.700118771834546e-07	unsupported	True	0.0014380903611899	0.0014380903611899
KLF2	chr19:16343370-16343871	18	-0.019005338896757915	0.0072579170245172285	2	0.026263255921275142	0.01463237688448495	2.7891729405922624e-06	unsupported	True	0.0011377056836791	0.0011377056836791
KLF2	chr19:16272865-16273366	19	-0.008474485737452154	0.007849269944382542	3	0.016323755681834695	0.029907942476146573	3.832091655113292e-06	unsupported	True	0.001066766098272	0.001066766098272
RNF216	chr7:5607414-5607915	0	0.0021125892620162934	0.06107272727932115	3	0.058960138017304854	0.07634499788343806	0.0002749073764873672	unsupported	True	0.0194890143154766	0.0194890143154766
RNF216	chr7:5529658-5530159	1	0.004569385773000544	0.06488087896125383	4	0.06031149318825328	0.091574777148153	0.0003583378437595046	unsupported	True	0.0076221686575406	-0.0076221686575406
RNF216	chr7:5491233-5491734	2	0.00597873744239263	0.05253591720545515	4	0.04655717976306252	0.07143446959152433	0.00017472329369856644	unsupported	True	0.0044354952544891	0.0044354952544891
RNF216	chr7:5530430-5530931	3	-0.00038867578202277396	0.04388509545932739	4	0.04427377124135016	0.06923361657171545	0.00013451805607687305	unsupported	True	0.0035570277100295	-0.0035570277100295
RNF216	chr7:5562584-5563085	4	0.00016520690680966045	0.061891219404196805	4	0.06172601249738714	0.09718941269496836	0.0003712925366692475	unsupported	True	0.0028965747952191	0.0028965747952191
RNF216	chr7:5470665-5471166	5	0.03296304321156295	0.11226800024075656	4	0.0793049570291936	0.09976563571934721	0.0008882542524542967	unsupported	True	0.0027379723155026	0.0027379723155026
RNF216	chr7:5692275-5692776	6	0.01138870884867315	0.05917132344182571	4	0.04778261459315256	0.0740985555105681	0.0002095033321429516	unsupported	True	0.0024083143405424	0.0024083143405424
RNF216	chr7:5470100-5470601	7	0.01917456362529225	0.07627744769281317	4	0.05710288406752091	0.06164470499549713	0.0002685035146196447	unsupported	True	0.0020235629464489	0.0020235629464489
RNF216	chr7:5837601-5838102	8	-0.008946743265641856	0.05305336311653777	3	0.06200010638217963	0.07058374014808474	0.00023217209573423879	unsupported	True	0.0018439400550086	0.0018439400550086
RNF216	chr7:5780904-5781405	9	0.021616445146527948	0.08949480711672897	4	0.06787836197020103	0.0918316213349231	0.0005578551437638732	unsupported	True	0.0015952058180246	0.0015952058180246
RNF216	chr7:5609402-5609903	10	-0.006381788169404058	0.012461551375681171	2	0.018843339545085228	0.027061369842955756	6.354476280800255e-06	unsupported	True	0.0015871974214034	0.0015871974214034
RNF216	chr7:5822851-5823352	11	-0.0025659874318267	0.0359765151035995	3	0.038542502535426196	0.06297450963725618	8.732202467724822e-05	unsupported	True	0.0011809999268423	-0.0011809999268423
RNF216	chr7:5477986-5478487	12	0.01071022092146003	0.06106675543716853	4	0.0503565345157085	0.06856608212393679	0.00021084825700038384	unsupported	True	0.0011458086414243	0.0011458086414243
RNF216	chr7:5810190-5810691	13	-0.004212774175661592	0.07240228142382103	3	0.07661505559948262	0.08701186758523222	0.00048266394980214854	unsupported	True	0.0010698358516073	0.0010698358516073
RNF216	chr7:5554922-5555423	14	0.016311696541623972	0.07132220999195003	4	0.055010513450326065	0.09991281908131258	0.00039200508736651036	unsupported	True	0.0010101841068112	0.0010101841068112
RNF216	chr7:5691122-5691623	15	0.008637684127081822	0.04367524708920547	4	0.035037562962123646	0.03987430851571206	6.1018626352922766e-05	unsupported	True	0.0009683793836615	0.0009683793836615
RNF216	chr7:5513563-5514064	16	7.0789009705116e-05	0.04270962231847458	3	0.04263883330876947	0.06844063174039336	0.00012463644511731997	unsupported	True	0.0009236334817945	-0.0009236334817945
RNF216	chr7:5558813-5559314	17	0.010779274058494813	0.06711781229456279	4	0.05633853823606798	0.07361435842338776	0.0002783594041482963	unsupported	True	0.0007880630022575	-0.0007880630022575
RNF216	chr7:5569994-5570495	18	0.0007464931277371014	0.0445340835008662	4	0.0437875903731291	0.07141234730908184	0.00013925694845602128	unsupported	True	0.0007530381940997	-0.0007530381940997
RNF216	chr7:5699931-5700432	19	-0.005070106891389056	0.04149543946657847	3	0.04656554635796753	0.05105875474712449	9.86586776353982e-05	unsupported	True	0.000742083150289	0.000742083150289
N4BP2L2	chr13:32436004-32436505	0	0.002024047051654003	0.0674270867432821	1	0.0654030396916281	0.07424079966038888	0.0003273972070563838	unsupported	True	0.0142938208220412	0.0142938208220412
N4BP2L2	chr13:32537309-32537810	1	0.012617321716958244	0.062479505538628244	1	0.04986218382167	0.05323878707140043	0.0001658582320703203	unsupported	True	0.0058096651169737	0.0058096651169737
N4BP2L2	chr13:32586091-32586592	2	-0.018952209928027975	0.018958545718667622	0	0.0379107556466956	0.0553798640168955	3.9803324404904386e-05	unsupported	True	0.0056144396325024	-0.0056144396325024
N4BP2L2	chr13:32356424-32356925	3	0.0016356352071594804	0.014644636438491787	0	0.013009001231332307	0.03155034401015992	6.010722086782515e-06	unsupported	True	0.0052525746604438	-0.0052525746604438
N4BP2L2	chr13:32475398-32475899	4	-0.029468010398719508	0.015168182427096043	0	0.04463619282581555	0.04887506467379663	3.309085841395172e-05	unsupported	True	0.004501609149537	0.004501609149537
N4BP2L2	chr13:32471480-32471981	5	-0.02541859780093208	0.02351908697233173	3	0.04893768477326381	0.05046516847471445	5.8083878023582076e-05	unsupported	True	0.0037707720064285	0.0037707720064285
N4BP2L2	chr13:32315207-32315708	6	-0.015813964608468824	0.01733177627971516	0	0.033145740888183985	0.04608618922451563	2.647534353949454e-05	unsupported	True	0.0030662519118327	-0.0030662519118327
N4BP2L2	chr13:32550678-32551179	7	0.005365979264584818	0.06252007269614307	1	0.05715409343155825	0.06702386157850938	0.00023949489516230437	unsupported	True	0.0028648180595573	0.0028648180595573
N4BP2L2	chr13:32427953-32428454	8	-0.011219660336458912	0.02408227242043053	0	0.03530193275688944	0.04856676312680584	4.1289070661629946e-05	unsupported	True	0.0024920717753994	0.0024920717753994
N4BP2L2	chr13:32595893-32596394	9	0.0026244359248260136	0.049538615564101426	3	0.04691417963927541	0.08376652719395392	0.00019467872918201327	unsupported	True	0.0024600740257936	0.0024600740257936
N4BP2L2	chr13:32427025-32427526	10	-0.01664625558292783	0.02237590435335345	0	0.039022159936281275	0.05279682769544291	4.609987313414847e-05	unsupported	True	0.0024164799184878	0.0024164799184878
N4BP2L2	chr13:32628700-32629201	11	-0.028666115955599657	0.00853134235733999	0	0.03719745831293965	0.04525357016301455	1.4360960359708585e-05	unsupported	True	0.0019051846052811	0.0019051846052811
N4BP2L2	chr13:32586841-32587342	12	-0.0024688038793033557	0.03356482365897596	0	0.036033627538279316	0.03812958735084296	4.61163004788056e-05	unsupported	True	0.0009904015191551	0.0009904015191551
N4BP2L2	chr13:32476970-32477471	13	-0.0042585772195166205	0.007829221094957452	2	0.012087798314474072	0.018442635882130475	1.7453750147723497e-06	unsupported	True	0.0009421461705563	-0.0009421461705563
N4BP2L2	chr13:32315871-32316372	14	-0.011758880993327666	0.021790098451759405	0	0.03354897944508707	0.049021847695790224	3.583671413079786e-05	unsupported	True	0.0006053838981729	-0.0006053838981729
N4BP2L2	chr13:32409944-32410445	15	-0.010208945243746301	0.01298349332254127	0	0.02319243856628757	0.020943520063331143	6.3064891216572115e-06	unsupported	True	0.0004443697186028	0.0004443697186028
N4BP2L2	chr13:32538641-32539142	16	-0.017269377650225706	0.025052438627425545	0	0.04232181627765125	0.06320800763070254	6.701721955769651e-05	unsupported	True	0.0003861579684955	-0.0003861579684955
N4BP2L2	chr13:32409404-32409905	17	-0.013439148323172254	0.008214549415306025	0	0.021653697738478278	0.022013936965067434	3.915737184949659e-06	unsupported	True	0.0003819612154321	-0.0003819612154321
N4BP2L2	chr13:32310017-32310518	18	-0.0003205286781147661	0.03775101469046659	0	0.03807154336858136	0.04264821666782396	6.129569703602737e-05	unsupported	True	0.0002846929239318	-0.0002846929239318
N4BP2L2	chr13:32625620-32626121	19	-0.0020865762110464565	0.05199053309075753	1	0.05407710930180399	0.05697981766583522	0.0001601986286277488	unsupported	True	0.0002713303058618	-0.0002713303058618
EIF4E	chr4:98785242-98785743	0	0.025450414836688078	0.10587210693503407	5	0.08042169209834599	0.11164493650424989	0.0009505912088079991	unsupported	True	0.0338965798403958	0.0338965798403958
EIF4E	chr4:98798636-98799137	1	0.03286998314839042	0.07962318581191163	5	0.04675320266352121	0.07543065288882767	0.00028080108593831984	unsupported	True	0.0065371714781424	0.0065371714781424
EIF4E	chr4:98996009-98996510	2	-0.021843589064985982	0.03107591414572603	5	0.05291950321071201	0.05817676667566275	9.567296910391975e-05	unsupported	True	0.005903700236197	-0.005903700236197
EIF4E	chr4:98928948-98929449	3	-0.012039120132527937	0.04827658703658758	5	0.06031570716911552	0.06688817257780041	0.00019476742144896192	unsupported	True	0.0033382671620149	-0.0033382671620149
EIF4E	chr4:98771765-98772266	4	0.011962935326113864	0.05094337054786607	1	0.0389804352217522	0.05157347236284814	0.00010241433094719559	unsupported	True	0.0030025996203744	0.0030025996203744
EIF4E	chr4:98802888-98803389	5	0.0007860288038461229	0.03441238411460254	5	0.03362635531075642	0.038008033445997555	4.3981492109373824e-05	unsupported	True	0.0011795135428127	0.0011795135428127
EIF4E	chr4:98796202-98796703	6	-0.014752807051154802	0.054185766197708804	5	0.0689385732488636	0.0709594825981082	0.00026506839593095347	unsupported	True	0.0008488576589064	0.0008488576589064
EIF4E	chr4:98776081-98776582	7	0.0030590621133350336	0.03838761080856532	5	0.03532854869523029	0.03957663141117375	5.3672979699102094e-05	unsupported	True	0.0007115611576892	0.0007115611576892
EIF4E	chr4:98928021-98928522	8	-0.01306833179523858	0.04781464482569574	5	0.060882976620934316	0.0676588658798105	0.00019696158258620934	unsupported	True	0.0005082261894143	-0.0005082261894143
EIF4E	chr4:98747695-98748196	9	-0.029790837629346586	0.03914578226495367	0	0.06893661989430025	0.06890750261312839	0.00018595226455485404	unsupported	True	0.000473814311964	-0.000473814311964
EIF4E	chr4:98963998-98964499	10	0.00590117970166174	0.03961768868891811	1	0.033716508987256366	0.04264177963602276	5.6959616667836723e-05	unsupported	True	0.0004665107964764	-0.0004665107964764
EIF4E	chr4:98776611-98777112	11	0.017010636043261248	0.0642072655367346	0	0.04719662949347335	0.07252165744247804	0.0002197672028573031	unsupported	True	0.0003445312920768	0.0003445312920768
EIF4E	chr4:98939762-98940263	12	-0.034653376100705575	0.015826359374807798	0	0.050479735475513376	0.06527736132553452	5.215076511792021e-05	unsupported	True	0.0002757965067184	-0.0002757965067184
EIF4E	chr4:98749131-98749632	13	0.005143191212320348	0.11935403828130024	1	0.1142108470689799	0.13009881741649207	0.0017734453878811044	unsupported	True	0.000252821675696	-0.000252821675696
EIF4E	chr4:98874660-98875161	14	-0.01114092605948762	0.027502890435032012	5	0.03864381649451963	0.05187679998939078	5.513552683140951e-05	unsupported	True	0.000250142624822	-0.000250142624822
EIF4E	chr4:98744205-98744706	15	-0.0035873670928767243	0.0816386477266984	1	0.08522601481957513	0.10846784986110122	0.0007546907290109721	unsupported	True	0.0002206095839537	-0.0002206095839537
EIF4E	chr4:99055994-99056495	16	0.011036589622287884	0.06642282165520141	5	0.05538623203291353	0.08225422970737298	0.00030260589278809444	unsupported	True	0.0002106471338774	-0.0002106471338774
EIF4E	chr4:98929824-98930325	17	-0.0017437554885814204	0.041116656225240376	5	0.042860411713821794	0.05238366970490204	9.231452655891786e-05	unsupported	True	0.0001442602655939	-0.0001442602655939
EIF4E	chr4:98790419-98790920	18	0.00035632000508093413	0.02982278069386738	5	0.029466460688786448	0.02128478103319762	1.8704465233578684e-05	unsupported	True	0.000106861961612	0.000106861961612
EIF4E	chr4:98801613-98802114	19	0.0023546453156812726	0.058536951693706936	5	0.05618230637802566	0.07976213576306446	0.0002623170025017037	unsupported	True	7.178555742617098e-05	-7.178555742617098e-05
CRHBP	chr5:76930733-76931234	0	-0.011239556379282041	0.027734178335514732	0	0.03897373471479677	0.042853898905617756	4.63209725545074e-05	unsupported	True	0.0134387974281027	0.0134387974281027
CRHBP	chr5:77077100-77077601	1	-0.014080328519730408	0.03682998829061328	0	0.050910316810343685	0.04929278863057706	9.242527863157483e-05	unsupported	True	0.0075553055715798	0.0075553055715798
CRHBP	chr5:76971400-76971901	2	-0.020683753847273327	0.011206307412921576	1	0.031890061260194905	0.04460103639536651	1.5939064789915418e-05	unsupported	True	0.0068581841043273	0.0068581841043273
CRHBP	chr5:76953816-76954317	3	-0.016755403334960003	0.058268219557273924	0	0.07502362289223392	0.09181129099336544	0.00040135240953289024	unsupported	True	0.0059132371219502	0.0059132371219502
CRHBP	chr5:77064015-77064516	4	-0.007868999386526397	0.10935946746370204	4	0.11722846685022843	0.12420137021968948	0.001592266870400778	unsupported	True	0.0053978108500816	0.0053978108500816
CRHBP	chr5:76952633-76953134	5	-0.01250260679857897	0.032783118841096276	1	0.04528572563967524	0.05750606584103573	8.537392660545503e-05	unsupported	True	0.0040802910239692	0.0040802910239692
CRHBP	chr5:76818647-76819148	6	-0.004703820274007529	0.08620963232670137	0	0.0909134526007089	0.07672338168577802	0.0006013283518759108	unsupported	True	0.0032032184168979	0.0032032184168979
CRHBP	chr5:76814089-76814590	7	-0.014154125501126368	0.033204404344338606	4	0.04735852984546497	0.05970908011755395	9.38932315080563e-05	unsupported	True	0.0021424699395924	0.0021424699395924
CRHBP	chr5:76944598-76945099	8	-0.012098384658948698	0.01958144529515961	0	0.03167982995410831	0.041153077683619296	2.552877087462438e-05	unsupported	True	0.0019276570373267	0.0019276570373267
CRHBP	chr5:77016129-77016630	9	-0.013686067031204441	0.03798392672482943	0	0.05166999375603387	0.06714357916045688	0.00013177795285997148	unsupported	True	0.0018145869476956	0.0018145869476956
CRHBP	chr5:76868049-76868550	10	-0.012358371920559169	0.08604493522787693	4	0.09840330714843609	0.11602700267808799	0.0009824129525591232	unsupported	True	0.0018093649367232	0.0018093649367232
CRHBP	chr5:77087036-77087537	11	-0.0068001629439175554	0.06477488958337609	0	0.07157505252729364	0.05914962615494765	0.00027423340801191253	unsupported	True	0.0016936443453766	-0.0016936443453766
CRHBP	chr5:77077751-77078252	12	-0.00677929768151279	0.056989769653421424	0	0.06376906733493422	0.04391567362220232	0.0001595976585593544	unsupported	True	0.0009288712833176	-0.0009288712833176
CRHBP	chr5:77086455-77086956	13	-0.011589041818169716	0.06011135964039705	0	0.07170040145856676	0.0684998792760334	0.00029523507004158134	unsupported	True	0.0008546783925028	-0.0008546783925028
CRHBP	chr5:76845878-76846379	14	-0.01713851539837122	0.01683929115567129	4	0.03397780655404251	0.03892191290330833	2.2269646435119795e-05	unsupported	True	0.0003348360817411	0.0003348360817411
CRHBP	chr5:76806113-76806614	15	-0.008991532475270968	0.08629454425317046	0	0.09528607672844143	0.11342536386546825	0.0009326591739249967	unsupported	True	0.0002378992461204	0.0002378992461204
CRHBP	chr5:76838356-76838857	16	-0.0014039722725671042	0.035528381445266474	0	0.03693235371783358	0.03589370298901234	4.7097805742551516e-05	unsupported	True	0.0001645073775397	-0.0001645073775397
CRHBP	chr5:76807985-76808486	17	0.0028692433047064736	0.07930425492925779	0	0.07643501162455131	0.06661843319380288	0.00040381573676303987	unsupported	True	0.00014864719796	-0.00014864719796
CRHBP	chr5:76819294-76819795	18	0.0004804539926930763	0.08514595507274275	0	0.08466550108004968	0.07145309658827699	0.000515100010833816	unsupported	True	0.000128516197536	-0.000128516197536
CRHBP	chr5:77030102-77030603	19	-0.022341582802330236	0.03505275597366385	0	0.057394338775994085	0.0680996960480268	0.00013700499456967632	unsupported	True	0.0001025318175845	0.0001025318175845
SCFD2	chr4:53196227-53196728	0	-0.005719856951946223	0.05460955475451938	5	0.06032941170646561	0.06919340288900663	0.00022796197738969248	unsupported	True	0.0145339880822031	0.0145339880822031
SCFD2	chr4:53490938-53491439	1	0.0006702980132029673	0.014081126719528941	5	0.013410828706325973	0.018477265370486978	3.489239003058991e-06	unsupported	True	0.0069611658789326	0.0069611658789326
SCFD2	chr4:53132564-53133065	2	0.0050147533935414185	0.06290927847646482	0	0.057894525082923406	0.08015836943449445	0.00029194502181726273	unsupported	True	0.0059235206892403	0.0059235206892403
SCFD2	chr4:53015558-53016059	3	0.007077784532254725	0.046151471009787226	0	0.0390736864775325	0.0376505926720766	6.789561906341941e-05	unsupported	True	0.0041519425681853	0.0041519425681853
SCFD2	chr4:53314151-53314652	4	0.00018209068218566038	0.08277741152117898	5	0.08259532083899332	0.09664580794964231	0.0006607699851299861	unsupported	True	0.0034156168338398	0.0034156168338398
SCFD2	chr4:53068838-53069339	5	0.000929062428799476	0.08583178550763192	5	0.08490272307883244	0.10077036073654375	0.0007343491217294727	unsupported	True	0.0033274471021953	0.0033274471021953
SCFD2	chr4:53055965-53056466	6	-0.0004323985097862476	0.0672307543748227	5	0.06766315288460895	0.0827739086563501	0.0003765422197265053	unsupported	True	0.0025893803391361	0.0025893803391361
SCFD2	chr4:53512427-53512928	7	-0.006511925115272425	0.04601780332069028	2	0.05252972843596271	0.05415669982477732	0.00013091313734074194	unsupported	True	0.0025827791751391	0.0025827791751391
SCFD2	chr4:53128904-53129405	8	-0.001074017335992544	0.05605891625210198	4	0.05713293358809452	0.06989149831626232	0.00022384921343313133	unsupported	True	0.0024717980965748	-0.0024717980965748
SCFD2	chr4:52861986-52862487	9	-0.000351755723962027	0.03372972956071506	0	0.03408148528467708	0.04701793649094175	5.4049905298586296e-05	unsupported	True	0.0023162800019688	-0.0023162800019688
SCFD2	chr4:52847406-52847907	10	-0.011226100684191824	0.04297961971803643	0	0.05420572040222826	0.05316133188192772	0.00012385214775996407	unsupported	True	0.0022443471412433	0.0022443471412433
SCFD2	chr4:52751450-52751951	11	0.002013529616386149	0.04713522291538281	0	0.04512169329899666	0.05011118573004378	0.00010657752575194634	unsupported	True	0.0020467655695686	0.0020467655695686
SCFD2	chr4:53365863-53366364	12	0.0014647271606352764	0.033526574946035344	4	0.03206184778540007	0.03596061833994417	3.865492964738462e-05	unsupported	True	0.0012929989742357	-0.0012929989742357
SCFD2	chr4:53313475-53313976	13	0.0036038823356758605	0.0661631639675485	0	0.06255928163187263	0.071173702129314	0.00029459649454834417	unsupported	True	0.0010308807292343	0.0010308807292343
SCFD2	chr4:53044078-53044579	14	-0.004294447744456197	0.03768157821951146	0	0.041976025963967656	0.054585178523525055	8.633862718268301e-05	unsupported	True	0.0008690921128231	0.0008690921128231
SCFD2	chr4:53511058-53511559	15	0.007456998513012896	0.05469330310902937	0	0.04723630459601647	0.059359857837873266	0.0001533567581280004	unsupported	True	0.000735805956569	0.000735805956569
SCFD2	chr4:53127287-53127788	16	0.02084562372134589	0.05201457914444959	0	0.0311689554231037	0.057455249988770246	9.314875516290563e-05	unsupported	True	0.0006342703166181	-0.0006342703166181
SCFD2	chr4:52983489-52983990	17	0.0007678489207902744	0.035215213219705825	0	0.03444736429891555	0.04106240846832535	4.981162834484053e-05	unsupported	True	0.000624018423197	0.000624018423197
SCFD2	chr4:53377328-53377829	18	0.007577452336338329	0.06282280146900798	0	0.05524534913266965	0.07201248159799281	0.0002499313867243951	unsupported	True	0.000576026117589	-0.000576026117589
SCFD2	chr4:53132036-53132537	19	-0.01380110812247215	0.012189902497149617	4	0.025991010619621766	0.020879365026833914	6.615165066930887e-06	unsupported	True	0.0004014536959146	0.0004014536959146
NAP1L4	chr11:2812284-2812785	0	-0.015766403349963938	0.010387200075476123	5	0.026153603425440063	0.03196854891757	8.684662680858765e-06	unsupported	True	0.0123073789879615	0.0123073789879615
NAP1L4	chr11:2836442-2836943	1	-0.008003682187618075	0.01702655004777883	5	0.025030232235396906	0.03593881213601842	1.531634911488255e-05	unsupported	True	0.0093605886400619	0.0093605886400619
NAP1L4	chr11:2928910-2929411	2	-0.02847015319450935	0.018698034372705938	1	0.04716818756721529	0.041974848034756665	3.701981764614068e-05	unsupported	True	0.003967836915311	0.003967836915311
NAP1L4	chr11:2825845-2826346	3	-0.007883692354161259	0.03543515774224905	4	0.04331885009641031	0.05872316001250345	9.014065466788097e-05	unsupported	True	0.0033570559593705	0.0033570559593705
NAP1L4	chr11:2930713-2931214	4	-0.01884838636759191	0.015476768942628677	1	0.03432515531022059	0.043725520141999576	2.3228854531549178e-05	unsupported	True	0.003149130486696	0.003149130486696
NAP1L4	chr11:2857915-2858416	5	-0.004522775419836078	0.05032070313444871	0	0.054843478554284786	0.0659625655223759	0.00018204100834665407	unsupported	True	0.0028792826277792	0.0028792826277792
NAP1L4	chr11:3084991-3085492	6	-0.014531743345259331	0.006771738767535086	0	0.021303482112794418	0.02855667712259602	4.1196323809202645e-06	unsupported	True	0.0026957135351003	0.0026957135351003
NAP1L4	chr11:2909123-2909624	7	-0.007942156781474904	0.06787125214231947	1	0.07581340892379437	0.0930649822984467	0.0004788706120640019	unsupported	True	0.0026339588810046	0.0026339588810046
NAP1L4	chr11:3091689-3092190	8	-0.024990126776965223	0.002116463510064657	1	0.02710659028702988	0.03208496727645593	1.8407180771235055e-06	unsupported	True	0.0022917800301262	0.0022917800301262
NAP1L4	chr11:2813420-2813921	9	-0.0020497573416243513	0.022838830053087473	5	0.024888587394711822	0.027649356174575323	1.5716618954068388e-05	unsupported	True	0.0020570523236333	0.0020570523236333
NAP1L4	chr11:2921827-2922328	10	-0.014767034001516867	0.033320177729113484	1	0.04808721173063035	0.057475248736511	9.20911220614417e-05	unsupported	True	0.0018174731644265	0.0018174731644265
NAP1L4	chr11:3037203-3037704	11	-0.01875240282999635	0.024964815909769733	1	0.043717218739766084	0.05008225117012608	5.4659384191485774e-05	unsupported	True	0.0017289042932863	0.0017289042932863
NAP1L4	chr11:2843509-2844010	12	-0.023078981520924045	0.056680750317769805	1	0.07975973183869385	0.08481289571188083	0.00038342565406930003	unsupported	True	0.0017026450031188	-0.0017026450031188
NAP1L4	chr11:2806881-2807382	13	-0.009371626967898098	0.06834734810340425	1	0.07771897507130235	0.09166359774270905	0.00048690656720810064	unsupported	True	0.0015663591195469	0.0015663591195469
NAP1L4	chr11:3123249-3123750	14	-0.012703845783597517	0.02492776233364887	4	0.03763160811724639	0.06257558899721341	5.870039436665297e-05	unsupported	True	0.0014869721103519	0.0014869721103519
NAP1L4	chr11:3073025-3073526	15	-0.0190249095699572	0.0013100189465926246	5	0.020334928516549822	0.01846409665759947	4.91867686010956e-07	unsupported	True	0.0014211364020345	0.0014211364020345
NAP1L4	chr11:2992119-2992620	16	-0.02527707142970815	0.005877728694181773	1	0.031154800123889922	0.04139309314165593	7.579880973508423e-06	unsupported	True	0.0013114682835147	-0.0013114682835147
NAP1L4	chr11:3051679-3052180	17	-0.018992173500585005	0.009473554593770047	1	0.028465728094355054	0.029851637163684615	8.05013962682362e-06	unsupported	True	0.0011495281435389	0.0011495281435389
NAP1L4	chr11:2885685-2886186	18	-0.024876659968984447	0.021128480476975183	1	0.04600514044595963	0.056804646824855906	5.5215179628278275e-05	unsupported	True	0.0009771774881432	-0.0009771774881432
NAP1L4	chr11:2869699-2870200	19	-0.011737873843459729	0.05667436528088479	0	0.06841223912434452	0.07954222697694087	0.0003084027315596381	unsupported	True	0.0008373487747888	0.0008373487747888
XRN2	chr20:21490013-21490514	0	0.02390330919693111	0.09194114514292923	2	0.06803783594599812	0.07698983454556682	0.0004816081045821541	unsupported	True	0.0123409653062238	0.0123409653062238
XRN2	chr20:21216036-21216537	1	0.02071379720509681	0.10648192448114013	2	0.08576812727604333	0.09832496770726798	0.0008979778651817715	unsupported	True	0.006949839909828	0.006949839909828
XRN2	chr20:21161963-21162464	2	0.00645749897749751	0.05213714899715802	0	0.045679650019660505	0.04841770316820669	0.0001153119271942651	unsupported	True	0.0065277376211387	0.0065277376211387
XRN2	chr20:21191738-21192239	3	0.0020389454920470363	0.10199733860218961	2	0.09995839311014257	0.1084222931506652	0.0011054184129875569	unsupported	True	0.005955605577547	-0.005955605577547
XRN2	chr20:21189557-21190058	4	0.04372814997881428	0.16263603063593163	1	0.11890788065711735	0.12610993217710106	0.0024388028669192555	unsupported	True	0.0055531528951709	-0.0055531528951709
XRN2	chr20:21506237-21506738	5	0.021082151507573206	0.07077845042244799	2	0.04969629891487478	0.04181301858699088	0.00014707424173885107	unsupported	True	0.0046325822284098	0.0046325822284098
XRN2	chr20:21498547-21499048	6	-0.01112001022465438	0.07162146399313492	2	0.0827414742177893	0.08307071625919302	0.0004922825070486032	unsupported	True	0.0022341095988442	-0.0022341095988442
XRN2	chr20:21235564-21236065	7	0.011991427899268665	0.09066157146361617	2	0.07867014356434751	0.07899760462256837	0.0005634392638907444	unsupported	True	0.0020066468107995	-0.0020066468107995
XRN2	chr20:21521666-21522167	8	-0.00645047220945231	0.057685668084212084	2	0.06413614029366439	0.07583004367079112	0.000280551150123093	unsupported	True	0.0017829186192121	-0.0017829186192121
XRN2	chr20:21234834-21235335	9	0.02844851527173352	0.09379536586843062	2	0.0653468505966971	0.08326535730669167	0.0005103526725174914	unsupported	True	0.0015276729423975	-0.0015276729423975
XRN2	chr20:21344072-21344573	10	0.059688434520704964	0.12438627460032109	1	0.06469784007961613	0.09509598726364268	0.0007652871734490031	unsupported	True	0.0015095056385447	-0.0015095056385447
XRN2	chr20:21522491-21522992	11	0.005159428640043096	0.08191878585587	2	0.0767593572158269	0.0744914108414371	0.00046840447537625833	unsupported	True	0.0014151375249571	-0.0014151375249571
XRN2	chr20:21521142-21521643	12	-0.009213399061225295	0.07404962160456448	2	0.08326302066578978	0.08285751910459517	0.0005108659199171568	unsupported	True	0.0013528169321168	-0.0013528169321168
XRN2	chr20:21515686-21516187	13	-0.00684893668277832	0.10730493668822494	2	0.11415387337100326	0.09468266953396721	0.0011597939768290561	unsupported	True	0.0010469263787212	-0.0010469263787212
XRN2	chr20:21303035-21303536	14	0.04631648299435499	0.08684542782472114	2	0.04052894483036615	0.05970128756267383	0.00021013381902203283	unsupported	True	0.0008835219930032	0.0008835219930032
XRN2	chr20:21513848-21514349	15	-0.0018249335523167116	0.07713380720623333	2	0.07895874075855004	0.0775076077956097	0.0004720514266653347	unsupported	True	0.0006969254792217	-0.0006969254792217
XRN2	chr20:21381022-21381523	16	0.009273112232075331	0.06017148432014125	5	0.05089837208806592	0.07296622619778868	0.0002234685969752337	unsupported	True	0.0006665732153121	0.0006665732153121
XRN2	chr20:21303536-21304037	17	0.039895765210657866	0.09052808741411031	2	0.05063232220345244	0.061051769079555326	0.000279839775916457	unsupported	True	0.0005721302704201	0.0005721302704201
XRN2	chr20:21396850-21397351	18	0.044256903944689986	0.10271034940752015	2	0.05845344546283016	0.07493632737914993	0.00044990075955373483	unsupported	True	0.000516611197245	0.000516611197245
XRN2	chr20:21508318-21508819	19	-0.00781830116986166	0.045590840468084724	2	0.053409141637946383	0.04470957319933158	0.00010886636465183347	unsupported	True	0.0004996690331353	-0.0004996690331353
GRIN2D	chr19:48362995-48363496	0	-0.01275047478768555	0.018038872577712795	5	0.030789347365398345	0.04133143051229988	2.2955687870315358e-05	unsupported	True	0.0098821882736604	0.0098821882736604
GRIN2D	chr19:48584214-48584715	1	-0.013147247321903312	0.01142829395297369	1	0.024575541274877002	0.013328883594324938	3.7435037250692654e-06	unsupported	True	0.0073404135914969	0.0073404135914969
GRIN2D	chr19:48414726-48415227	2	-0.004213017302942691	0.03229699527202295	0	0.03651001257496564	0.04311752634636844	5.084262205299645e-05	unsupported	True	0.0058802766676622	0.0058802766676622
GRIN2D	chr19:48393990-48394491	3	-0.023668030186047302	0.01276386842592896	5	0.036431898611976266	0.04232722972408558	1.9682668071876986e-05	unsupported	True	0.0046277646072971	0.0046277646072971
GRIN2D	chr19:48513728-48514229	4	-0.002452078865053861	0.027305857635891842	1	0.029757936500945704	0.0471154390025547	3.828440275470625e-05	unsupported	True	0.0041986073126559	0.0041986073126559
GRIN2D	chr19:48321173-48321674	5	-0.0155868013078062	0.019444585935482726	5	0.03503138724328893	0.03879331673996085	2.6424875362303554e-05	unsupported	True	0.003626780053298	0.003626780053298
GRIN2D	chr19:48271089-48271590	6	-0.009021677222287555	0.019753052853246786	5	0.02877473007553434	0.03762117110065201	2.138345094288227e-05	unsupported	True	0.0033846795736333	0.0033846795736333
GRIN2D	chr19:48489716-48490217	7	-0.030876383208482943	0.003679808809413652	1	0.03455619201789659	0.031014749470313192	3.9438411193217014e-06	unsupported	True	0.0031040361621293	-0.0031040361621293
GRIN2D	chr19:48329981-48330482	8	-0.015168075711673758	0.01014718530366435	1	0.025315261015338108	0.038230440595777654	9.820583760152906e-06	unsupported	True	0.0029819854940901	0.0029819854940901
GRIN2D	chr19:48511689-48512190	9	0.00046296472783633244	0.026796264686464524	1	0.02633329995862819	0.03915791120458938	2.7631156481521676e-05	unsupported	True	0.0020295190944205	0.0020295190944205
GRIN2D	chr19:48462247-48462748	10	-0.012212642267161384	0.005572097558641629	3	0.017784739825803014	0.021947028586949843	2.1749133407515078e-06	unsupported	True	0.0016930182402894	0.0016930182402894
GRIN2D	chr19:48434490-48434991	11	0.004991154170473542	0.031746092922987135	1	0.026754938752513592	0.02512555244790107	2.134075912091183e-05	unsupported	True	0.0016284395201687	0.0016284395201687
GRIN2D	chr19:48445684-48446185	12	-0.015056023583537916	0.0208518394501473	1	0.03590786303368521	0.04823244975319883	3.611380534815269e-05	unsupported	True	0.0014204160861855	0.0014204160861855
GRIN2D	chr19:48319946-48320447	13	-0.03556548529173627	-0.006926864551713643	5	0.028638620740022623	0.019581682755392918	0.0	unsupported	True	0.0013848118102597	-0.0013848118102597
GRIN2D	chr19:48393393-48393894	14	-0.010586496489034047	0.024940866773678017	5	0.03552736326271207	0.041301761018604784	3.659679797141693e-05	unsupported	True	0.001249585919412	0.001249585919412
GRIN2D	chr19:48568380-48568881	15	-0.01771989376134378	0.037545864570921406	3	0.055265758332265186	0.05236286931318139	0.00010865298931391696	unsupported	True	0.0011693942201037	0.0011693942201037
GRIN2D	chr19:48480705-48481206	16	-0.025891737613022478	0.004212194732977228	5	0.030103932345999708	0.03315482206605554	4.204151633148443e-06	unsupported	True	0.0008620244639625	-0.0008620244639625
GRIN2D	chr19:48332737-48333238	17	-0.003485376551933294	0.03754954574006887	1	0.04103492229200217	0.05339872890052867	8.227904116410334e-05	unsupported	True	0.0007898031472781	0.0007898031472781
GRIN2D	chr19:48348120-48348621	18	-0.008113045473237828	0.01806052433327651	2	0.026173569806514335	0.03064754532578176	1.4487351942615998e-05	unsupported	True	0.0007270905047459	0.0007270905047459
GRIN2D	chr19:48443493-48443994	19	-0.031962729832011066	0.0008163907408722463	3	0.03277912057288331	0.02156928511999276	5.772063757274139e-07	unsupported	True	0.000669652827414	-0.000669652827414
ACBD7	chr10:15088609-15089110	0	0.028789026370320398	0.054421453344702095	1	0.025632426974381697	0.030829814893933754	4.3006171407318746e-05	unsupported	True	0.0097577594194827	0.0097577594194827
ACBD7	chr10:15168567-15169068	1	-0.0014045906111175611	0.03834609051110723	4	0.039750681122224796	0.03559621566187827	5.425871409331603e-05	unsupported	True	0.0067588562274512	-0.0067588562274512
ACBD7	chr10:15141050-15141551	2	0.05047811298330257	0.07365537680721093	0	0.02317726382390836	0.027650735165608037	4.7203402296912704e-05	unsupported	True	0.0058408733133412	0.0058408733133412
ACBD7	chr10:15140539-15141040	3	0.027286726690383255	0.07760371154755855	0	0.05031698485717529	0.07696107402195977	0.0003005164304009795	unsupported	True	0.0055551196782254	0.0055551196782254
ACBD7	chr10:14959074-14959575	4	-0.014021425006705173	0.03745704334005761	4	0.051478468346762785	0.05121426426199881	9.875294325647281e-05	unsupported	True	0.0051645414219646	-0.0051645414219646
ACBD7	chr10:14953879-14954380	5	0.011065782139533695	0.037930025244657335	1	0.026864243105123642	0.03037805417927022	3.095406519770557e-05	unsupported	True	0.0047426665315161	0.0047426665315161
ACBD7	chr10:14959707-14960208	6	-0.009015043163886776	0.0200273817166037	4	0.029042424880490476	0.03042823091328545	1.7698389697022135e-05	unsupported	True	0.0045474725065805	-0.0045474725065805
ACBD7	chr10:15106338-15106839	7	-0.01495430453606666	0.04558799453806328	4	0.06054229907412994	0.06356696616855484	0.00017544495372820115	unsupported	True	0.0036807035282124	-0.0036807035282124
ACBD7	chr10:15096838-15097339	8	0.0009782728400147087	0.03711766057014252	4	0.036139387730127814	0.03787372201706776	5.080417153587391e-05	unsupported	True	0.0032530819781856	-0.0032530819781856
ACBD7	chr10:15223159-15223660	9	-0.018286773873774427	0.01700174978083582	0	0.03528852365461024	0.03937219640467539	2.36220047529194e-05	unsupported	True	0.0029635573971865	-0.0029635573971865
ACBD7	chr10:15168028-15168529	10	0.006334041340108426	0.03231568213223854	4	0.025981640792130112	0.026972723725848947	2.2646688464250862e-05	unsupported	True	0.0018700485968454	0.0018700485968454
ACBD7	chr10:15127695-15128196	11	0.01611912549086918	0.053070048900725246	4	0.03695092340985606	0.06763260795987555	0.00013262668610626534	unsupported	True	0.0012794820301527	0.0012794820301527
ACBD7	chr10:15097351-15097852	12	0.001770572812636792	0.042708376793158635	4	0.040937803980521846	0.05221087676758773	9.128482642146127e-05	unsupported	True	0.0009911162094736	-0.0009911162094736
ACBD7	chr10:15209759-15210260	13	-0.012359423446682845	0.029070424771020228	4	0.04142984821770307	0.03518780431677901	4.237960338620949e-05	unsupported	True	0.0005151832115675	-0.0005151832115675
ACBD7	chr10:15018112-15018613	14	-0.013497904794472815	0.030375791040227817	0	0.04387369583470063	0.0566527804991374	7.55010595500799e-05	unsupported	True	0.0004442221268698	-0.0004442221268698
ACBD7	chr10:15238519-15239020	15	0.012712562965145894	0.06462672267644662	4	0.05191415971130073	0.06933493980514896	0.00023262163529699816	unsupported	True	0.0004128202668816	0.0004128202668816
ACBD7	chr10:15222435-15222936	16	-0.014280354035789852	0.04766071888752208	4	0.061941072923311934	0.07207648128263831	0.00021278102130397995	unsupported	True	0.0003631542636981	-0.0003631542636981
ACBD7	chr10:15141688-15142189	17	-0.006430803716858518	0.020190301271967175	5	0.026621104988825695	0.03486620963456874	1.87401738137805e-05	unsupported	True	0.0003414391349101	0.0003414391349101
ACBD7	chr10:14927767-14928268	18	-0.02170978229613598	-0.006302472773789553	5	0.015407309522346428	0.015021191783459915	0.0	unsupported	True	7.391527092230938e-05	-7.391527092230938e-05
ACBD7	chr10:15135521-15136022	19	-0.014196624725745696	0.009399605632822793	4	0.02359623035856849	0.020558056877203593	4.5596795658936545e-06	unsupported	True	7.253363256354034e-05	-7.253363256354034e-05
HPCAL4	chr1:39689570-39690071	0	0.018060472088963275	0.019772284966730874	2	0.0017118128777675982	0.01684640256929757	5.701909564219519e-07	unsupported	True	0.0143169329776167	0.0143169329776167
HPCAL4	chr1:39691248-39691749	1	0.01348848115441634	0.03125667330793848	4	0.01776819215352214	0.02266625221445049	1.2588260245189445e-05	unsupported	True	0.0086576685659487	0.0086576685659487
HPCAL4	chr1:39692332-39692833	2	0.0019565057892058785	0.037812749160834665	4	0.035856243371628786	0.04462134844457516	6.049865660125376e-05	unsupported	True	0.0071011209499638	0.0071011209499638
HPCAL4	chr1:39691823-39692324	3	0.012588674743326698	0.042850546899256006	4	0.030261872155929306	0.03182448334570858	4.1268009631213773e-05	unsupported	True	0.0050547271376265	0.0050547271376265
HPCAL4	chr1:39738586-39739087	4	0.016613855548662525	0.03928860625047961	4	0.022674750701817088	0.026817205814683248	2.389035859858156e-05	unsupported	True	0.0034194350018544	0.0034194350018544
HPCAL4	chr1:39672109-39672610	5	0.016507644685212212	0.04293807456663594	4	0.026430429881423727	0.03453687138966381	3.91949203323662e-05	unsupported	True	0.0031659497905337	0.0031659497905337
HPCAL4	chr1:39733101-39733602	6	-0.019571724434985827	0.04510572913487453	3	0.06467745356986036	0.06046976326953445	0.00017640987363180675	unsupported	True	0.0019173754942165	-0.0019173754942165
HPCAL4	chr1:39615243-39615744	7	0.012576284161855784	0.051433565589295266	4	0.03885728142743948	0.05037383363899273	0.00010067555879343346	unsupported	True	0.0018910694850804	0.0018910694850804
HPCAL4	chr1:39653470-39653971	8	0.0008857879597018649	0.021666974385140796	4	0.02078118642543893	0.03455021664538416	1.555676829168888e-05	unsupported	True	0.0017125502875155	0.0017125502875155
HPCAL4	chr1:39559418-39559919	9	0.009926412691647927	0.03526364433305814	4	0.02533723164141021	0.033583705172054	3.000647384576877e-05	unsupported	True	0.0015311038199236	0.0015311038199236
HPCAL4	chr1:39632825-39633326	10	-0.02925849687880825	0.02723723575875221	3	0.056495732637560456	0.04384324897773734	6.746544739770312e-05	unsupported	True	0.0013886554949031	-0.0013886554949031
HPCAL4	chr1:39662798-39663299	11	0.017676030464604142	0.03612766267780261	1	0.01845163221319847	0.03166226536448724	2.1106520269854424e-05	unsupported	True	0.0013821104671718	0.0013821104671718
HPCAL4	chr1:39785672-39786173	12	-0.019773618328239647	0.037355657408028806	3	0.057129275736268456	0.05805312397519824	0.00012389126780087688	unsupported	True	0.0012073434069345	-0.0012073434069345
HPCAL4	chr1:39733858-39734359	13	0.018726098418480847	0.027146716850694533	0	0.008420618432213686	0.0150200237725345	3.4334594414060413e-06	unsupported	True	0.0011457302382017	0.0011457302382017
HPCAL4	chr1:39720551-39721052	14	-0.010552772217223012	0.014887520360220313	3	0.025440292577443326	0.030574881460720755	1.158001846797928e-05	unsupported	True	0.0010270606877528	0.0010270606877528
HPCAL4	chr1:39777143-39777644	15	-0.0035131281685272303	0.042761592039462414	4	0.046274720207989645	0.053350814017504224	0.00010556956149521774	unsupported	True	0.0009997588393155	0.0009997588393155
HPCAL4	chr1:39625384-39625885	16	-0.024400346694090816	0.03616915935383253	4	0.06056950604792335	0.05702666950034524	0.00012493106878276713	unsupported	True	0.0009833755779244	-0.0009833755779244
HPCAL4	chr1:39688597-39689098	17	-0.014992370532891484	0.03164580647602078	5	0.04663817700891226	0.059378266470027044	8.763654523060566e-05	unsupported	True	0.0007566534709053	0.0007566534709053
HPCAL4	chr1:39719941-39720442	18	0.014782662391373163	0.0181494610391534	3	0.003366798647780238	0.012260348301218329	7.491757047929963e-07	unsupported	True	0.0004990113908789	0.0004990113908789
HPCAL4	chr1:39646146-39646647	19	0.00022472373341552232	0.034591889095581196	3	0.03436716536216568	0.028893993888780507	3.434990727590676e-05	unsupported	True	0.0004632800778586	-0.0004632800778586
STOM	chr9:121369528-121370029	0	0.014692985028191363	0.07929441747159412	1	0.06460143244340276	0.08856186174546014	0.0004536610552082457	unsupported	True	0.0070378454349457	0.0070378454349457
STOM	chr9:121370098-121370599	1	0.0015020290745548213	0.04633056136092984	1	0.04482853228637502	0.04709082997699998	9.780440769421162e-05	unsupported	True	0.0060321314100413	0.0060321314100413
STOM	chr9:121201205-121201706	2	0.0020236090346575663	0.05709808555076824	1	0.05507447651611068	0.056687632647196215	0.00017826260367894683	unsupported	True	0.0053616142009395	0.0053616142009395
STOM	chr9:121267849-121268350	3	0.02993236414314745	0.10887151950750112	1	0.07893915536435367	0.10537670325501279	0.0009056311811119654	unsupported	True	0.0044690805660499	0.0044690805660499
STOM	chr9:121307467-121307968	4	0.021640258046501288	0.06800724797507636	1	0.046366989928575075	0.06168222700741367	0.00019450203484075662	unsupported	True	0.0042664355362605	0.0042664355362605
STOM	chr9:121206638-121207139	5	0.043929731469633124	0.141215203099045	2	0.09728547162941188	0.13238567527215578	0.001818739247039812	unsupported	True	0.0031344054475506	0.0031344054475506
STOM	chr9:121499878-121500379	6	0.0031448529474797943	0.04578117193925107	1	0.042636318991771276	0.04046497207095325	7.898522391145763e-05	unsupported	True	0.003036812228141	0.003036812228141
STOM	chr9:121350970-121351471	7	0.017168083559559094	0.08414607819359114	1	0.06697799463403205	0.09241980519712739	0.0005208720678272423	unsupported	True	0.0025082762715437	0.0025082762715437
STOM	chr9:121201729-121202230	8	-0.014743465193190787	0.013272933182313155	1	0.028016398375503942	0.019017504785162356	7.071845214918745e-06	unsupported	True	0.002453438813227	-0.002453438813227
STOM	chr9:121320035-121320536	9	0.023560538068237002	0.09312846821046696	1	0.06956793014222995	0.08886914753131533	0.0005757614135382085	unsupported	True	0.0024023369414442	0.0024023369414442
STOM	chr9:121222360-121222861	10	0.021455830204151607	0.09465949275146623	1	0.07320366254731463	0.11398095668820292	0.0007898220991923052	unsupported	True	0.0022190901847703	0.0022190901847703
STOM	chr9:121326348-121326849	11	0.006422073318750918	0.05682880894032373	1	0.050406735621572815	0.07539169716879945	0.0002159636440804235	unsupported	True	0.00198088960911	0.00198088960911
STOM	chr9:121288750-121289251	12	0.03788835484411672	0.09867913430456358	1	0.060790779460446864	0.0686593393969992	0.0004118723743491561	unsupported	True	0.0019799719021413	0.0019799719021413
STOM	chr9:121344226-121344727	13	0.015716222723562757	0.06919654836940226	2	0.0534803256458395	0.07079116833721133	0.0002619736160500523	unsupported	True	0.0019723770837707	0.0019723770837707
STOM	chr9:121213148-121213649	14	0.015578170434838558	0.06276414594627852	1	0.047185975511439965	0.06036292635186803	0.0001787700853473321	unsupported	True	0.0019242777578543	0.0019242777578543
STOM	chr9:121511094-121511595	15	0.040078413601333976	0.11968209775210076	1	0.07960368415076678	0.10593408914389928	0.0010092484645598174	unsupported	True	0.0017843374996291	0.0017843374996291
STOM	chr9:121240646-121241147	16	-0.0242546405388228	-0.009464269167516763	0	0.014790371371306036	0.0044261164906746805	0.0	unsupported	True	0.0016999146867453	0.0016999146867453
STOM	chr9:121484736-121485237	17	-0.006824357266105289	0.051882447446669346	2	0.05870680471277463	0.060778061243195645	0.00018512102256269	unsupported	True	0.0015244413023561	0.0015244413023561
STOM	chr9:121282792-121283293	18	0.03464658952103877	0.131526408524295	2	0.09687981900325623	0.13749292801060986	0.0017519699015578248	unsupported	True	0.0014256225250576	0.0014256225250576
STOM	chr9:121220845-121221346	19	0.032860075231300384	0.089437011433249	1	0.05657693620194862	0.08069595954082276	0.00040832737264440323	unsupported	True	0.0013567188407708	0.0013567188407708
GALC	chr14:87813584-87814085	0	-0.024574179241600595	0.018263285136153957	1	0.042837464377754556	0.052884802593299	4.13745747846296e-05	unsupported	True	0.0096213033502798	0.0096213033502798
GALC	chr14:88121724-88122225	1	-0.00043621985459171847	0.02864084614557275	0	0.029077066000164468	0.01864103680462422	1.552410210367095e-05	unsupported	True	0.0060772900554634	0.0060772900554634
GALC	chr14:88081450-88081951	2	-0.010971290648344307	0.06188172093567945	2	0.07285301158402376	0.08229026104584504	0.0003709866931250533	unsupported	True	0.0048536981341985	0.0048536981341985
GALC	chr14:87896330-87896831	3	-0.003954675940889015	0.0313095470367785	1	0.035264222977667514	0.030176904350604102	3.331852674599091e-05	unsupported	True	0.0046989602453641	0.0046989602453641
GALC	chr14:87992382-87992883	4	0.014983386254319688	0.0476273462587034	4	0.032643960004383715	0.033547767492767416	5.215823002331139e-05	unsupported	True	0.004517629134997	0.004517629134997
GALC	chr14:87784265-87784766	5	-0.0321171794815681	-0.003949422085906503	1	0.0281677573956616	0.02454280547311114	0.0	unsupported	True	0.0042806536629881	0.0042806536629881
GALC	chr14:87720905-87721406	6	-0.004834591703924609	0.018148305194742517	0	0.022982896898667126	0.03479118949932125	1.4511426960376824e-05	unsupported	True	0.0040168651270483	0.0040168651270483
GALC	chr14:88025310-88025811	7	-0.0021650917371641046	0.07884379168732898	5	0.08100888342449308	0.10282116684563575	0.0006567236796862338	unsupported	True	0.0031848428892034	0.0031848428892034
GALC	chr14:87712650-87713151	8	0.015815435735198786	0.08274900146396741	2	0.06693356572876863	0.07385861318785857	0.0004090796467888013	unsupported	True	0.0029041078550661	0.0029041078550661
GALC	chr14:87765687-87766188	9	-0.012136553498927132	0.05896136904654742	2	0.07109792254547455	0.07898997039887798	0.00033112839272476577	unsupported	True	0.0025796138892384	0.0025796138892384
GALC	chr14:88013681-88014182	10	0.003144761020249299	0.0383610127592564	2	0.0352162517390071	0.03874835497909248	5.234635712898793e-05	unsupported	True	0.0024568246158985	0.0024568246158985
GALC	chr14:87717538-87718039	11	-0.01432395289276164	0.038606625602156906	0	0.05293057849491854	0.05027176249812279	0.00010272889013404562	unsupported	True	0.001384420634855	0.001384420634855
GALC	chr14:87862356-87862857	12	-0.014527994012138971	0.03644966120633413	1	0.050977655218473104	0.04982283430178967	9.257671827112245e-05	unsupported	True	0.001309312164266	0.001309312164266
GALC	chr14:87784910-87785411	13	-0.020245782873910826	0.018043910817308016	5	0.038289693691218846	0.035805703347116934	2.4738010709745668e-05	unsupported	True	0.001225525894691	0.001225525894691
GALC	chr14:88049256-88049757	14	-0.011344985984192004	0.06532349228593702	2	0.07666847827012903	0.08215655717001343	0.0004114608032830433	unsupported	True	0.0012210527818709	0.0012210527818709
GALC	chr14:87908528-87909029	15	0.0360568655992521	0.08786477660667685	4	0.05180791100742475	0.06373368815788925	0.0002901215181223283	unsupported	True	0.0010258860320828	0.0010258860320828
GALC	chr14:87992951-87993452	16	0.011954934290182968	0.044195518615742516	2	0.03224058432555955	0.02580900614945542	3.677497786075742e-05	unsupported	True	0.000947481381569	0.000947481381569
GALC	chr14:87711040-87711541	17	0.015239646559782619	0.046612246248542856	4	0.03137259968876024	0.0419442131490843	6.133700861711348e-05	unsupported	True	0.0007728071062429	0.0007728071062429
GALC	chr14:87748910-87749411	18	-0.007779364348807745	0.03496383602315159	1	0.04274320037195933	0.05252747302450803	7.850053557565239e-05	unsupported	True	0.0007696152701931	0.0007696152701931
GALC	chr14:87687498-87687999	19	0.01867632053625846	0.10916995662953372	2	0.09049363609327525	0.09767444080262869	0.0009649440001285839	unsupported	True	0.0007072059766168	0.0007072059766168
FBXO25	chr8:333087-333588	0	0.026102067292380817	0.19982682933445578	1	0.17372476204207496	0.1970028078079829	0.00683892654270743	unsupported	True	0.0100801910397988	0.0100801910397988
FBXO25	chr8:591889-592390	1	0.0313668647149887	0.09719128165609286	1	0.06582441694110416	0.09982926245589799	0.0006386636410889063	unsupported	True	0.0087525222923967	0.0087525222923967
FBXO25	chr8:379440-379941	2	0.03888881558406553	0.13238865959695978	1	0.09349984401289424	0.12759028155681224	0.0015793532091394362	unsupported	True	0.0065823879480766	0.0065823879480766
FBXO25	chr8:353583-354084	3	0.018568275774264995	0.1295987601292671	1	0.11103048435500211	0.14458322085420944	0.002080467693495258	unsupported	True	0.0045759259585985	0.0045759259585985
FBXO25	chr8:265696-266197	4	0.01656189978007409	0.12535230052298504	1	0.10879040074291095	0.12384927000341418	0.00168894822487738	unsupported	True	0.0041974477153145	0.0041974477153145
FBXO25	chr8:406629-407130	5	0.014926657849939866	0.09829335966833229	1	0.08336670181839242	0.08940787847809833	0.0007326433119814928	unsupported	True	0.0039968461431974	0.0039968461431974
FBXO25	chr8:346707-347208	6	0.004930602232957171	0.055127565116011024	1	0.05019696288305385	0.07629228835998471	0.00021111879280857445	unsupported	True	0.0039890840759874	0.0039890840759874
FBXO25	chr8:354555-355056	7	0.006156058550475059	0.14094905785802017	1	0.13479299930754512	0.13898816638406727	0.002640628703664333	unsupported	True	0.0028439693494243	0.0028439693494243
FBXO25	chr8:545280-545781	8	0.004065084611459264	0.04101677387421034	1	0.03695168926275108	0.03808602019039495	5.772466070736227e-05	unsupported	True	0.0024022416391365	-0.0024022416391365
FBXO25	chr8:544665-545166	9	0.010325463793660374	0.04883389327536694	1	0.03850842948170657	0.035562459640677155	6.687579339775917e-05	unsupported	True	0.0023111361017487	-0.0023111361017487
FBXO25	chr8:610521-611022	10	0.01342902991414629	0.11195378444318428	1	0.09852475452903799	0.13088528142143366	0.0014436933350828972	unsupported	True	0.0020870191894491	0.0020870191894491
FBXO25	chr8:609495-609996	11	-0.007358472524120469	0.02806410363390026	4	0.035422576158020726	0.06249521886357153	6.212667507605958e-05	unsupported	True	0.0011099449571487	0.0011099449571487
FBXO25	chr8:384925-385426	12	0.019521268689461115	0.12785691554221199	1	0.10833564685275088	0.14436563215100934	0.001999675017297945	unsupported	True	0.0009572616847642	0.0009572616847642
FBXO25	chr8:286931-287432	13	0.024286337184078716	0.16209585558756748	1	0.13780951840348876	0.17579520415547978	0.003926975114074663	unsupported	True	0.0009021493201623	0.0009021493201623
FBXO25	chr8:466411-466912	14	0.020389054248929724	0.11016061457962276	1	0.08977156033069303	0.12646307780253685	0.0012506300832841356	unsupported	True	0.0007450988912984	0.0007450988912984
FBXO25	chr8:274133-274634	15	0.021556759168255713	0.0809301951903989	1	0.05937343602214319	0.08163722596020571	0.0003922753419395637	unsupported	True	0.0006708700629659	0.0006708700629659
FBXO25	chr8:477459-477960	16	0.01671109241581689	0.0367678044084299	5	0.02005671199261301	0.016681852131878474	1.2301886115664555e-05	unsupported	True	0.000640973374932	0.000640973374932
FBXO25	chr8:464200-464701	17	-0.001349988342383879	0.05327717446709085	5	0.05462716280947473	0.07135462347275091	0.0002076691321146071	unsupported	True	0.000588630071794	0.000588630071794
FBXO25	chr8:590788-591289	18	0.017489322072625255	0.13555470366125638	1	0.11806538158863113	0.1437718390339828	0.002300970204588741	unsupported	True	0.000565699401269	0.000565699401269
FBXO25	chr8:479820-480321	19	0.0031053998606273446	0.08293149454207999	1	0.07982609468145264	0.10326774778085768	0.000683642541915829	unsupported	True	0.0005479788470123	0.0005479788470123
CCDC8	chr19:46495685-46496186	0	0.00030318393477862446	0.043899364593994336	1	0.043596180659215715	0.03518220751605315	6.733327891434227e-05	unsupported	True	0.0087046134806193	-0.0087046134806193
CCDC8	chr19:46297968-46298469	1	0.021166972467685365	0.04349124912429435	4	0.022324276656608983	0.04323559144222662	4.197789738327394e-05	unsupported	True	0.0061432689704634	0.0061432689704634
CCDC8	chr19:46413387-46413888	2	0.03090878494138725	0.061671761933853826	4	0.030762976992466575	0.06969238550045333	0.00013222088116209306	unsupported	True	0.0047928450516879	0.0047928450516879
CCDC8	chr19:46265154-46265655	3	-0.0008566429497392235	0.06049089783100062	1	0.06134754078073984	0.05482357064816614	0.00020344850653786575	unsupported	True	0.0042808716638846	-0.0042808716638846
CCDC8	chr19:46300756-46301257	4	0.015353509370383706	0.034161987638227254	4	0.01880847826784355	0.050884910836639534	3.269533629025761e-05	unsupported	True	0.0040888289159712	0.0040888289159712
CCDC8	chr19:46416329-46416830	5	0.02229277175383745	0.047023914879822555	4	0.024731143125985105	0.05594817892108507	6.506522388567424e-05	unsupported	True	0.0037109720895024	0.0037109720895024
CCDC8	chr19:46542341-46542842	6	-0.005522839980276031	0.03715727668608706	0	0.04268011666636309	0.04927125372963844	7.813814331930829e-05	unsupported	True	0.0033853485764885	-0.0033853485764885
CCDC8	chr19:46478283-46478784	7	-0.0026758898726425826	0.06230543693579797	0	0.06498132680844056	0.07480805321042278	0.00030287461392036947	unsupported	True	0.003136647789162	-0.003136647789162
CCDC8	chr19:46373812-46374313	8	0.003435622956408923	0.033624047117661524	1	0.0301884241612526	0.050651153913602864	5.1413808156035125e-05	unsupported	True	0.0027539854978314	0.0027539854978314
CCDC8	chr19:46298947-46299448	9	0.02052202109805761	0.04346202917150031	4	0.022940008073442705	0.05130393868918318	5.1151017043360774e-05	unsupported	True	0.0026849355429699	0.0026849355429699
CCDC8	chr19:46431465-46431966	10	0.017278610850542813	0.05208205707049047	0	0.03480344621994766	0.04694648974656501	8.509685383491911e-05	unsupported	True	0.0018393215100611	0.0018393215100611
CCDC8	chr19:46503964-46504465	11	-0.013674004348167533	0.04364456796181507	0	0.0573185723099826	0.06123531265040487	0.00015318897236049744	unsupported	True	0.0017966086363167	-0.0017966086363167
CCDC8	chr19:46529497-46529998	12	-0.005102925704657532	0.0342990062816844	1	0.03940193198634193	0.03960945685526781	5.353008610306471e-05	unsupported	True	0.0017650249720479	-0.0017650249720479
CCDC8	chr19:46487777-46488278	13	-0.005100723286851007	0.04299996362425944	1	0.04810068691111045	0.05731465471443706	0.0001185454929756712	unsupported	True	0.00172267593814	-0.00172267593814
CCDC8	chr19:46532949-46533450	14	-0.003417652590015451	0.04134774207609798	0	0.044765394666113435	0.04998006127852886	9.251049409297773e-05	unsupported	True	0.0017135702118138	-0.0017135702118138
CCDC8	chr19:46405029-46405530	15	0.005799929529010678	0.02754128816573793	4	0.021741358636727253	0.04232601644466779	2.53441847442339e-05	unsupported	True	0.0016015385236006	0.0016015385236006
CCDC8	chr19:46504498-46504999	16	-0.011629786982536434	0.03901218365218325	3	0.05064197063471969	0.053948504147913634	0.00010658357040225611	unsupported	True	0.0012728150662016	-0.0012728150662016
CCDC8	chr19:46395471-46395972	17	-0.00961968840395782	0.03179430963378445	0	0.04141399803774227	0.056650867338622776	7.459386691019665e-05	unsupported	True	0.0011187586781779	-0.0011187586781779
CCDC8	chr19:46392173-46392674	18	0.00534113382786461	0.05706454946841404	3	0.051723415640549435	0.05841698726769337	0.0001724220263405764	unsupported	True	0.0010354611346145	-0.0010354611346145
CCDC8	chr19:46282399-46282900	19	0.00755978809547804	0.03818981829307263	4	0.03063003019759459	0.05247393365394313	6.138166135063958e-05	unsupported	True	0.0009842619292596	0.0009842619292596
AHCTF1	chr1:246798991-246799492	0	-0.0072732430109846485	0.02732938010301958	4	0.03460262311400423	0.04583853633962797	4.33480479681605e-05	unsupported	True	0.0109211379357335	0.0109211379357335
AHCTF1	chr1:246810536-246811037	1	0.018767664012011954	0.04799220192518187	4	0.029224537913169913	0.04336826783489092	6.0826160786151615e-05	unsupported	True	0.0080885529587333	0.0080885529587333
AHCTF1	chr1:246724074-246724575	2	0.009952590350921215	0.04939336729547006	4	0.039440776944548846	0.04688086512481192	9.132921258277726e-05	unsupported	True	0.0066427717142376	0.0066427717142376
AHCTF1	chr1:246817717-246818218	3	0.011268263024811697	0.09925674610782138	4	0.08798848308300969	0.10687849214979495	0.0009334180234604813	unsupported	True	0.0061807633613227	0.0061807633613227
AHCTF1	chr1:246699115-246699616	4	-0.0006546624318151819	0.04538386690268441	4	0.04603852933449959	0.05308637615643694	0.00011091901875039283	unsupported	True	0.0054912473331671	0.0054912473331671
AHCTF1	chr1:246691518-246692019	5	0.003711074439794851	0.004116798131457822	5	0.0004057236916629706	0.003740373242575986	6.247480104172572e-09	unsupported	True	0.0049067126754711	0.0049067126754711
AHCTF1	chr1:246995595-246996096	6	0.021150553321325854	0.040659287378619555	4	0.0195087340572937	0.026200407864533384	2.078245760275439e-05	unsupported	True	0.0048462072754392	0.0048462072754392
AHCTF1	chr1:246760533-246761034	7	0.015150315213977935	0.050215028547085074	3	0.035064713333107136	0.053233639803682536	9.373249305499636e-05	unsupported	True	0.0024898107195271	-0.0024898107195271
AHCTF1	chr1:246931306-246931807	8	0.004377838849736114	0.039514496783350735	4	0.03513665793361462	0.0491537512200502	6.824542981292934e-05	unsupported	True	0.0014870949780794	-0.0014870949780794
AHCTF1	chr1:246931816-246932317	9	0.013284451248951548	0.06544255208793856	4	0.05215810083898701	0.0663432417689372	0.0002264533167040357	unsupported	True	0.0013773230587083	-0.0013773230587083
AHCTF1	chr1:246753844-246754345	10	0.01767940330938811	0.030753596004687776	3	0.013074192695299667	0.014285070089820478	5.743718700415323e-06	unsupported	True	0.0012455308123039	-0.0012455308123039
AHCTF1	chr1:246862741-246863242	11	0.018600479548429923	0.10714682365981786	4	0.08854634411138793	0.08787311866817187	0.0008336926561044124	unsupported	True	0.0010839833211641	-0.0010839833211641
AHCTF1	chr1:246788945-246789446	12	0.0073010595239909135	0.061767065152998776	4	0.054466005629007865	0.06903592958949258	0.00023225104147948198	unsupported	True	0.0009862640154809	0.0009862640154809
AHCTF1	chr1:247078576-247079077	13	0.012292241711785392	0.07001178703312172	4	0.05771954532133633	0.07013752724443885	0.0002834291502948896	unsupported	True	0.0009229284003698	-0.0009229284003698
AHCTF1	chr1:246909728-246910229	14	-0.0039667065931847205	0.04220893530597485	1	0.04617564189915957	0.056614946704711455	0.00011034392847684713	unsupported	True	0.0004706389178115	0.0004706389178115
AHCTF1	chr1:246943948-246944449	15	-0.001011805409733078	0.024146806209910165	2	0.025158611619643244	0.0418543623841523	2.5426530141176042e-05	unsupported	True	0.0004679158134592	-0.0004679158134592
AHCTF1	chr1:247007871-247008372	16	0.008049489504702115	0.058254107384666944	4	0.05020461787996483	0.0591587448183813	0.00017301715596634843	unsupported	True	0.0002957913393922	-0.0002957913393922
AHCTF1	chr1:246925867-246926368	17	-0.0003769268969377785	0.0223884209492291	4	0.022765347846166878	0.02305760771794978	1.175200589728576e-05	unsupported	True	0.000263366670552	0.000263366670552
AHCTF1	chr1:246726797-246727298	18	-0.012253378292135462	0.0038458420686117547	1	0.016099220360747218	0.018639507575276115	1.1540662100465617e-06	unsupported	True	0.0002529788643946	-0.0002529788643946
AHCTF1	chr1:246957429-246957930	19	0.0034625554311932846	0.04004269313401308	3	0.0365801377028198	0.03879908924594619	5.6831634436065924e-05	unsupported	True	0.0001092046976847	-0.0001092046976847
SLC27A4	chr9:128300407-128300908	0	0.03680945148837118	0.060895325123815784	5	0.024085873635444607	0.0845849661154369	0.00012406221670530532	unsupported	True	0.0114472825567091	0.0114472825567091
SLC27A4	chr9:128203959-128204460	1	0.02678258420783072	0.06566759399103338	3	0.038885009783202654	0.05855780516936635	0.00014952647916958162	unsupported	True	0.009243079037529	0.009243079037529
SLC27A4	chr9:128314170-128314671	2	0.04027517745891708	0.06512476705377254	3	0.024849589594855462	0.06291241742276352	0.00010181265826264464	unsupported	True	0.0075977353796122	0.0075977353796122
SLC27A4	chr9:128255151-128255652	3	0.04662031550125573	0.06720564822413448	3	0.020585332722878755	0.020304536847072847	2.8090324283815353e-05	unsupported	True	0.0066022009056017	0.0066022009056017
SLC27A4	chr9:128192755-128193256	4	0.036845524217405994	0.061716174179363974	3	0.02487064996195798	0.02623324592362123	4.026596964162779e-05	unsupported	True	0.0064729313301892	0.0064729313301892
SLC27A4	chr9:128438570-128439071	5	0.03330981344255963	0.05553220343209127	3	0.02222238998953164	0.020988790198885138	2.590139036666333e-05	unsupported	True	0.0019874197834289	-0.0019874197834289
SLC27A4	chr9:128455802-128456303	6	0.028972785588632997	0.07104970899000983	3	0.04207692340137683	0.03395456537062217	0.00010150897829737379	unsupported	True	0.0018953337987672	-0.0018953337987672
SLC27A4	chr9:128404494-128404995	7	0.03510657348709989	0.05615549829244756	2	0.021048924805347667	0.021102784314204703	2.4943762461551098e-05	unsupported	True	0.0017304446877061	-0.0017304446877061
SLC27A4	chr9:128382864-128383365	8	0.03498120754509999	0.08353596274719367	1	0.04855475520209368	0.07342205805387925	0.000297804876448646	unsupported	True	0.0016110411462382	-0.0016110411462382
SLC27A4	chr9:128377741-128378242	9	0.035774826240953246	0.07754710767031003	3	0.04177228142935679	0.06887864871714727	0.00022311995719922678	unsupported	True	0.0014351509896633	0.0014351509896633
SLC27A4	chr9:128275874-128276375	10	0.028155252159480147	0.06576394988073567	3	0.037608697721255524	0.03104748021525109	7.678962452340246e-05	unsupported	True	0.0013764966654758	-0.0013764966654758
SLC27A4	chr9:128233398-128233899	11	0.025998104739817878	0.051814275538334564	3	0.025816170798516686	0.04552617801727219	6.089791843799675e-05	unsupported	True	0.0011379463925111	0.0011379463925111
SLC27A4	chr9:128215858-128216359	12	0.03263729354571333	0.06091565815674243	1	0.028278364611029096	0.03425186654987157	5.9002100631627274e-05	unsupported	True	0.001034711806332	-0.001034711806332
SLC27A4	chr9:128420135-128420636	13	0.032645297455339596	0.07453099246664584	3	0.04188569501130624	0.04114661440218274	0.0001284507774564208	unsupported	True	0.0008888895485361	0.0008888895485361
SLC27A4	chr9:128382144-128382645	14	0.03912937940190857	0.061707487221451605	1	0.022578107819543038	0.03272952305522359	4.560002505338299e-05	unsupported	True	0.0007637405212323	-0.0007637405212323
SLC27A4	chr9:128405014-128405515	15	0.022517418549380157	0.04573336416008732	5	0.02321594561070716	0.01899836008622975	2.0171381436319942e-05	unsupported	True	0.0006843094548445	-0.0006843094548445
SLC27A4	chr9:128362060-128362561	16	0.02639445052604014	0.06822073813840189	3	0.04182628761236175	0.030191724582255337	8.61496772337572e-05	unsupported	True	0.0006799656085816	0.0006799656085816
SLC27A4	chr9:128286373-128286874	17	0.030368342050266513	0.05044692875487276	3	0.020078586704606244	0.0235023021683855	2.380555314850657e-05	unsupported	True	0.0006586972536799	-0.0006586972536799
SLC27A4	chr9:128203090-128203591	18	0.030337105068300983	0.0628956713484487	3	0.03255856628014772	0.027233297977911304	5.576815381608309e-05	unsupported	True	0.0006361500824216	0.0006361500824216
SLC27A4	chr9:128218633-128219134	19	0.027877565814444637	0.06464349382534379	1	0.03676592801089915	0.05067288061721358	0.00012043312260449211	unsupported	True	0.0006016491553535	-0.0006016491553535
TPD52L1	chr6:125227588-125228089	0	0.009150561796462321	0.08028858341704581	4	0.0711380216205835	0.09997879217453116	0.0005710359683002221	unsupported	True	0.0139178020985346	0.0139178020985346
TPD52L1	chr6:125153464-125153965	1	-0.01289660761414885	0.023346791685278437	4	0.036243399299427284	0.047132866188207945	3.988228038656287e-05	unsupported	True	0.0100264612415565	0.0100264612415565
TPD52L1	chr6:125050545-125051046	2	0.0003010017869167463	0.03118588965055699	4	0.030884887863640246	0.06069047650261489	5.845541040773298e-05	unsupported	True	0.0095369959040886	0.0095369959040886
TPD52L1	chr6:125099374-125099875	3	-0.022654374569925896	0.0010972027441648311	4	0.02375157731409073	0.030045182334354863	7.829863392164553e-07	unsupported	True	0.0041917028675602	0.0041917028675602
TPD52L1	chr6:124983622-124984123	4	0.0028758353567075504	0.027477552195029502	4	0.024601716838321953	0.05258691660967579	3.554849051184902e-05	unsupported	True	0.0033606046491113	0.0033606046491113
TPD52L1	chr6:125154328-125154829	5	-0.012625711471474819	0.014548593370656516	0	0.027174304842131333	0.02543383778789601	1.0055214645239121e-05	unsupported	True	0.0030893722246134	0.0030893722246134
TPD52L1	chr6:125233158-125233659	6	-0.0016886475122514255	0.018526684772387732	4	0.02021533228463916	0.037236745813749576	1.3946021059271069e-05	unsupported	True	0.0025533121693628	0.0025533121693628
TPD52L1	chr6:125362946-125363447	7	-0.025781193456644848	-0.002035127507465142	0	0.023746065949179707	0.02160299850189647	0.0	unsupported	True	0.0024559378291739	0.0024559378291739
TPD52L1	chr6:125013614-125014115	8	-0.0018710564604000634	0.022872027350169244	4	0.02474308381056931	0.03436608408093507	1.9448608594527175e-05	unsupported	True	0.0022286974418304	0.0022286974418304
TPD52L1	chr6:124977437-124977938	9	-0.0002721370643680312	0.015654604404648706	4	0.015926741469016736	0.03227512949874605	8.047055956611983e-06	unsupported	True	0.0014670148265121	0.0014670148265121
TPD52L1	chr6:125340983-125341484	10	-0.030854499816833088	-0.0005493921729187427	4	0.030305107643914347	0.025516671021114646	0.0	unsupported	True	0.0009839951127715	-0.0009839951127715
TPD52L1	chr6:125310994-125311495	11	-0.004550048315552539	0.10567226865758035	4	0.1102223169731329	0.13095232386249736	0.0015252596350929784	unsupported	True	0.0008651548662474	0.0008651548662474
TPD52L1	chr6:125357424-125357925	12	-0.02257597839602081	0.025987679631778365	5	0.048563658027799175	0.06226861333984342	7.858652605608217e-05	unsupported	True	0.000727615324695	-0.000727615324695
TPD52L1	chr6:125326807-125327308	13	-0.023281648881529032	0.018399296974463446	5	0.04168094585599248	0.05244744988802853	4.022195461532173e-05	unsupported	True	0.0006857531712801	-0.0006857531712801
TPD52L1	chr6:125363452-125363953	14	-0.0270910603374789	0.003546878318238478	5	0.030637938655717376	0.04131275086847816	4.48941699041385e-06	unsupported	True	0.0006504266621582	0.0006504266621582
TPD52L1	chr6:125338719-125339220	15	-0.007616252250531035	-0.0032960835786845152	0	0.0043201686718465195	0.014211187525473006	0.0	unsupported	True	0.0004557910491456	0.0004557910491456
TPD52L1	chr6:125314062-125314563	16	-0.024350081351354705	-0.010955580120630302	2	0.013394501230724403	0.005346311332417595	0.0	unsupported	True	0.0003902068816012	-0.0003902068816012
TPD52L1	chr6:125228921-125229422	17	-0.005098400172924629	0.06927168822145535	4	0.07437008839437997	0.0940488546124734	0.00048451539450648226	unsupported	True	0.000365053195791	0.000365053195791
TPD52L1	chr6:125310011-125310512	18	-0.006102742944376982	0.027534618320651807	4	0.03363736126502879	0.034414561438660285	3.187448817547177e-05	unsupported	True	0.0002782023951949	-0.0002782023951949
TPD52L1	chr6:125277900-125278401	19	-0.016393252217983066	-0.007889260718717785	1	0.00850399149926528	0.01739538020754467	0.0	unsupported	True	0.0002472006092476	0.0002472006092476
RNF145	chr5:159310519-159311020	0	0.04436376220883273	0.06640275219200194	4	0.022038989983169208	0.012141207732049415	1.776804548260384e-05	unsupported	True	0.0112590195302305	0.0112590195302305
RNF145	chr5:159209376-159209877	1	0.014469490412197283	0.04729588695616441	5	0.03282639654396712	0.03409216755815087	5.292991543282914e-05	unsupported	True	0.007978086302803	0.007978086302803
RNF145	chr5:159309625-159310126	2	0.012783325597488451	0.047901423370813594	4	0.03511809777332514	0.03600424652184727	6.0566590827258865e-05	unsupported	True	0.0069124920376145	0.0069124920376145
RNF145	chr5:159331303-159331804	3	-0.015979760088915183	0.0199459827367112	4	0.03592574282562638	0.027570596983191715	1.975637975061027e-05	unsupported	True	0.0044890489578326	0.0044890489578326
RNF145	chr5:159341845-159342346	4	-0.0036073986677393685	0.047225412768560904	5	0.05083281143630027	0.06766780456550092	0.000162443365627159	unsupported	True	0.0041959024095524	0.0041959024095524
RNF145	chr5:159099025-159099526	5	-0.002874787877953154	0.04660802861042993	5	0.04948281648838308	0.06371946525658101	0.0001469559813990315	unsupported	True	0.0041772314857818	0.0041772314857818
RNF145	chr5:159263014-159263515	6	0.01355148574514181	0.05183339936392084	4	0.03828191361877903	0.04071162688804819	8.078333690398366e-05	unsupported	True	0.0026808509150644	0.0026808509150644
RNF145	chr5:159031468-159031969	7	0.0019987947609973813	0.051463918558388534	4	0.04946512379739115	0.04940861528166648	0.00012577798532427197	unsupported	True	0.0025371867528353	0.0025371867528353
RNF145	chr5:159094744-159095245	8	0.019858193931430623	0.04418872575901072	2	0.024330531827580097	0.034783186571678656	3.739662819919797e-05	unsupported	True	0.0019694155408822	0.0019694155408822
RNF145	chr5:159156697-159157198	9	0.013342866256342081	0.060261556177850464	5	0.04691868992150838	0.05123108336170362	0.0001448504202346446	unsupported	True	0.0016411500914551	0.0016411500914551
RNF145	chr5:159034291-159034792	10	0.044539606098757324	0.1472352352376204	5	0.10269562913886307	0.13256561632750283	0.002004447148733118	unsupported	True	0.0015040769630259	0.0015040769630259
RNF145	chr5:159133063-159133564	11	0.025667964607641237	0.08129992541879578	5	0.05563196081115455	0.07038656735364658	0.000318349594074815	unsupported	True	0.0014481929724445	0.0014481929724445
RNF145	chr5:159106702-159107203	12	0.019370326976223484	0.04839606626054708	4	0.029025739284323594	0.02697604958349833	3.7894109338035255e-05	unsupported	True	0.0012836721392001	0.0012836721392001
RNF145	chr5:159100150-159100651	13	0.010162381755760945	0.040237572888249674	4	0.03007519113248873	0.026971416753215162	3.2639532680544284e-05	unsupported	True	0.0011498425898254	-0.0011498425898254
RNF145	chr5:159099649-159100150	14	0.007955164188415765	0.04117984777443823	2	0.033224683586022465	0.026012564604983503	3.5590063457463855e-05	unsupported	True	0.001072020523645	-0.001072020523645
RNF145	chr5:159208799-159209300	15	-0.01296999370173808	0.03969136346909326	5	0.05266135717083134	0.04523555992229825	9.455141567216743e-05	unsupported	True	0.0010107389293319	0.0010107389293319
RNF145	chr5:159051342-159051843	16	-0.029235620909845446	0.012856434069772254	5	0.042092054979617696	0.023676419419020017	1.2812582674702438e-05	unsupported	True	0.0009973733651755	-0.0009973733651755
RNF145	chr5:159207883-159208384	17	-0.005439008251413364	0.03521700632665983	4	0.0406560145780732	0.027182019738113072	3.891875709955771e-05	unsupported	True	0.0007615109009729	0.0007615109009729
RNF145	chr5:159091001-159091502	18	0.002277679037101741	0.044225884179805955	4	0.04194820514270421	0.06112419355302074	0.00011339738763390171	unsupported	True	0.0007137194771188	-0.0007137194771188
RNF145	chr5:159041763-159042264	19	0.006598120503186771	0.07364347137231504	4	0.06704535086912827	0.08139867186563002	0.00040190206591832314	unsupported	True	0.0006910749167477	0.0006910749167477
ZZEF1	chr17:3913771-3914272	0	-0.005807811365917833	0.07024194236453879	4	0.07604975373045662	0.09421153201638971	0.0005032669264862527	unsupported	True	0.0130529691325658	0.0130529691325658
ZZEF1	chr17:4004551-4005052	1	-0.003300156522326035	0.06423922200350897	4	0.067539378525835	0.0778055641968321	0.00033757322205313936	unsupported	True	0.0101572280698605	0.0101572280698605
ZZEF1	chr17:4043092-4043593	2	-0.01677829036698563	0.019397396215528554	5	0.03617568658251419	0.03433351696246347	2.4092313848157968e-05	unsupported	True	0.0089665248590797	0.0089665248590797
ZZEF1	chr17:4257683-4258184	3	-0.0027507145383198397	0.048370695924843006	5	0.05112141046316285	0.07351161634068794	0.000181777922390087	unsupported	True	0.005274036535724	0.005274036535724
ZZEF1	chr17:3863603-3864104	4	-0.004494373069546412	0.053003035910315396	3	0.05749740897986181	0.08033975440900949	0.0002448383928442782	unsupported	True	0.0043399938988506	0.0043399938988506
ZZEF1	chr17:4180658-4181159	5	0.0012451160680792834	0.07055387951759541	4	0.06930876344951613	0.08534560353376822	0.00041734018442587576	unsupported	True	0.0041257055909371	0.0041257055909371
ZZEF1	chr17:4162826-4163327	6	0.008995572474355128	0.06162911166826418	4	0.05263353919390905	0.07174908581762662	0.00023273669008962316	unsupported	True	0.0020874393358815	0.0020874393358815
ZZEF1	chr17:3892181-3892682	7	0.00296097719425882	0.08104318703586051	4	0.07808220984160169	0.0871713242563648	0.0005516228540925536	unsupported	True	0.0018889625073665	0.0018889625073665
ZZEF1	chr17:4003592-4004093	8	-0.010566220330866192	0.062873249817827	5	0.0734394701486932	0.10057637580868262	0.0004643991603817776	unsupported	True	0.0018038401913131	0.0018038401913131
ZZEF1	chr17:4142881-4143382	9	-0.005874671976671519	0.05469504946322796	4	0.06056972143989948	0.08541714679389885	0.0002829753829197191	unsupported	True	0.0009216709695895	-0.0009216709695895
ZZEF1	chr17:4143426-4143927	10	-0.007709709551738675	0.06690559414068217	5	0.07461530369242085	0.10167442827993817	0.0005075771719754873	unsupported	True	0.0008836276324019	-0.0008836276324019
ZZEF1	chr17:3930469-3930970	11	-0.0038242098465046024	0.07694734464465038	5	0.08077155449115497	0.09652987702744134	0.000599948306253816	unsupported	True	0.0008415282752014	0.0008415282752014
ZZEF1	chr17:3960102-3960603	12	-0.008083121080590417	0.051292989582622815	5	0.05937611066321323	0.09731852035961983	0.00029639116656507284	unsupported	True	0.0007350043967678	0.0007350043967678
ZZEF1	chr17:4074780-4075281	13	-0.026629652348830777	0.04415280167525076	4	0.07078245402408154	0.07905963368213981	0.00024708061850112195	unsupported	True	0.0007165158965043	0.0007165158965043
ZZEF1	chr17:4173884-4174385	14	-0.007624187028878419	0.0324418763389598	4	0.04006606336783822	0.04840357294410333	6.291584859938192e-05	unsupported	True	0.0005691175293113	0.0005691175293113
ZZEF1	chr17:4215392-4215893	15	0.0058999413430686504	0.04293360690846003	5	0.03703366556539138	0.045421425003021924	7.221955884097718e-05	unsupported	True	0.0004848943083984	-0.0004848943083984
ZZEF1	chr17:3892890-3893391	16	-0.0024341929120679034	0.07000952212210018	5	0.07244371503416809	0.08872443184890602	0.000449988125721395	unsupported	True	0.0004839889549881	0.0004839889549881
ZZEF1	chr17:4143940-4144441	17	-0.010901234859132978	0.07061324356348017	4	0.08151447842261315	0.10172176459000648	0.0005855106518200598	unsupported	True	0.0004073775224307	0.0004073775224307
ZZEF1	chr17:4199761-4200262	18	0.018564660152874633	0.06682557693154437	4	0.048260916778669734	0.06515044170353902	0.0002101143185167463	unsupported	True	0.0003799990115989	0.0003799990115989
ZZEF1	chr17:4247341-4247842	19	0.026846760713694684	0.06557193736456769	5	0.03872517665087301	0.06087152196778853	0.00015457013400300239	unsupported	True	0.0003454763616145	0.0003454763616145
ELP2	chr18:36196474-36196975	0	-0.0234262321512114	0.012122582472095059	0	0.03554881462330646	0.04438074058771901	1.9125588887973508e-05	unsupported	True	0.016118634052567	0.016118634052567
ELP2	chr18:36296539-36297040	1	-0.024179595951617287	0.009229357018607397	4	0.033408952970224684	0.04968344953030189	1.5319551558592866e-05	unsupported	True	0.0122490422842267	0.0122490422842267
ELP2	chr18:36284625-36285126	2	-0.0328855948377297	0.02374251706869735	4	0.05662811190642705	0.06376765424014078	8.573522300445291e-05	unsupported	True	0.0099432612463656	0.0099432612463656
ELP2	chr18:36264845-36265346	3	-0.0028273914645306686	0.05377232639788579	0	0.05659971786241646	0.06562848626673853	0.00019974019970212513	unsupported	True	0.0068510249453281	0.0068510249453281
ELP2	chr18:36297405-36297906	4	-0.012979071576210543	0.026832176895753797	1	0.039811248471964336	0.04617733047938319	4.932766162744067e-05	unsupported	True	0.002957250520436	-0.002957250520436
ELP2	chr18:35990316-35990817	5	0.011856226064389666	0.07005280461760918	0	0.05819657855321952	0.06266612880803078	0.0002554793761727971	unsupported	True	0.0020069533145706	-0.0020069533145706
ELP2	chr18:36298383-36298884	6	-0.010523816007045933	0.024412526498972877	1	0.03493634250601881	0.04472493013568858	3.8145194631580046e-05	unsupported	True	0.0019826597378782	0.0019826597378782
ELP2	chr18:36129590-36130091	7	-0.024379973907003492	0.004374423204243106	1	0.028754397111246596	0.03840472108214371	4.830695670915839e-06	unsupported	True	0.0019579621560347	0.0019579621560347
ELP2	chr18:36026195-36026696	8	-0.0398300525423157	-0.014771717041438691	5	0.025058335500877008	0.03140950178332012	0.0	unsupported	True	0.0017621406155131	-0.0017621406155131
ELP2	chr18:36187227-36187728	9	-0.01732356154928652	0.008112861036968124	1	0.025436422586254642	0.029356926396489624	6.058158792631042e-06	unsupported	True	0.0008579467877409	-0.0008579467877409
ELP2	chr18:36017547-36018048	10	-0.033003022158132965	-0.016077309733081264	4	0.0169257124250517	0.022466955965707098	0.0	unsupported	True	0.0005150023646487	0.0005150023646487
ELP2	chr18:36110988-36111489	11	-0.0029856992082601015	0.06725938971023981	4	0.07024508891849991	0.08226727922672442	0.0003886834270953268	unsupported	True	0.0004932865175515	-0.0004932865175515
ELP2	chr18:36095876-36096377	12	0.0013502998676489168	0.025741526308127302	2	0.024391226440478385	0.01706651291852511	1.071550704381432e-05	unsupported	True	0.000278014685654	0.000278014685654
ELP2	chr18:36023212-36023713	13	-0.038355304383657564	-0.01874587970885539	1	0.019609424674802173	0.015212206332398302	0.0	unsupported	True	0.0002643815565457	0.0002643815565457
ELP2	chr18:36120166-36120667	14	-0.023681651475528833	-0.006154754154786125	5	0.01752689732074271	0.013786766409033762	0.0	unsupported	True	0.000215021480172	0.000215021480172
ELP2	chr18:36067364-36067865	15	-0.027226079251089105	0.0049764797338210254	1	0.03220255898491013	0.0428450698128846	6.8661530367748385e-06	unsupported	True	6.726875445282429e-06	-6.726875445282429e-06
LGI3	chr8:22156616-22157117	0	0.00240122593841261	0.025965384453588813	5	0.023564158515176202	0.043196134199295314	2.642965989984924e-05	unsupported	True	0.0075168417262199	0.0075168417262199
LGI3	chr8:22025156-22025657	1	0.009726794156975265	0.11458399949601727	1	0.10485720533904201	0.14189138869656667	0.0017048190706034684	unsupported	True	0.0073102246097664	0.0073102246097664
LGI3	chr8:22231882-22232383	2	-0.000297160215526538	0.03367982532494888	1	0.033976985540475416	0.041043381757949214	4.6967539895755835e-05	unsupported	True	0.0067741485896005	0.0067741485896005
LGI3	chr8:22024585-22025086	3	-0.0005373381659221013	0.08161229129988586	1	0.08214962946580796	0.11611597485129461	0.0007784902049097658	unsupported	True	0.0052820623138842	0.0052820623138842
LGI3	chr8:22055670-22056171	4	-0.0009349734061370987	0.05287932692070769	4	0.05381430032684479	0.07823419589102368	0.00022262823325075334	unsupported	True	0.0043608833595377	0.0043608833595377
LGI3	chr8:22056456-22056957	5	0.003627535048995144	0.052414605231160497	1	0.048787070182165354	0.06764443140563009	0.00017297729761338844	unsupported	True	0.003630002668753	0.003630002668753
LGI3	chr8:22023874-22024375	6	0.006519913008388946	0.06048941939877298	4	0.05396950639038404	0.08069482236901108	0.00026343503460633355	unsupported	True	0.0035980300791279	0.0035980300791279
LGI3	chr8:22054641-22055142	7	-0.007279032525658192	0.048155193996603306	4	0.0554342265222615	0.07404159970675975	0.00019765004715309724	unsupported	True	0.0029885158632214	0.0029885158632214
LGI3	chr8:22109807-22110308	8	0.0021593673244143328	0.023786179924409716	4	0.021626812599995382	0.019821596594101855	1.0196610966624052e-05	unsupported	True	0.0028299459323007	0.0028299459323007
LGI3	chr8:22141689-22142190	9	-0.018374800448875458	0.05091487798519072	1	0.06928967843406618	0.07255471767022116	0.00025596401255446405	unsupported	True	0.0026960222527973	-0.0026960222527973
LGI3	chr8:22082061-22082562	10	-0.0030575070923798704	0.12662713448024843	1	0.1296846415726283	0.1470775753721445	0.0024152483099289844	unsupported	True	0.002083129019884	0.002083129019884
LGI3	chr8:22296210-22296711	11	0.018682081852076718	0.15422032942609512	1	0.1355382475740184	0.18355962412449606	0.003836901518852141	unsupported	True	0.0016695213523363	0.0016695213523363
LGI3	chr8:22044274-22044775	12	-0.0014071397630520206	0.06759922259488033	1	0.06900636235793235	0.0789769336260437	0.0003684097400322437	unsupported	True	0.0014651095044479	0.0014651095044479
LGI3	chr8:22048719-22049220	13	-0.010695766289169932	0.046595806959827436	1	0.05729157324899737	0.06201379204004179	0.0001655487379275006	unsupported	True	0.0011802311079251	0.0011802311079251
LGI3	chr8:22159591-22160092	14	-0.004334542725438063	0.06624603507956042	1	0.07058057780499849	0.05942811140109056	0.00027786703594477445	unsupported	True	0.0010083879110954	0.0010083879110954
LGI3	chr8:22212161-22212662	15	-0.0010950561301581543	0.02114598450974038	1	0.022241040639898537	0.02477484890240718	1.1651827001090782e-05	unsupported	True	0.0009393209133809	0.0009393209133809
LGI3	chr8:22109218-22109719	16	-0.005926451651914018	0.04654142847099793	1	0.052467880122911946	0.04695285410600111	0.00011465558724180906	unsupported	True	0.000911996769188	0.000911996769188
LGI3	chr8:22088902-22089403	17	-0.01228091061051437	0.06440372928386578	1	0.07668463989438015	0.08479838608473572	0.0004188003008541707	unsupported	True	0.0007818588257954	0.0007818588257954
LGI3	chr8:22066701-22067202	18	-0.004231795494305723	0.017138432455945492	1	0.021370227950251217	0.01747905438058674	6.401742265772749e-06	unsupported	True	0.0007309088610956	0.0007309088610956
LGI3	chr8:22244833-22245334	19	-0.013301238313364957	0.0600526503271762	1	0.07335388864054115	0.07574549760147174	0.000333666144923523	unsupported	True	0.000697650788137	0.000697650788137
ASAP2	chr2:9311431-9311932	0	-0.00017731325799670626	0.03405673435396805	0	0.03423404761196475	0.02776614026721389	3.2372539199716236e-05	unsupported	True	0.0112077223558172	0.0112077223558172
ASAP2	chr2:9341400-9341901	1	-0.013381008041434217	0.026988819011561686	3	0.0403698270529959	0.021485181603594264	2.340883490496363e-05	unsupported	True	0.0100268928294349	0.0100268928294349
ASAP2	chr2:9230172-9230673	2	-0.013339481655053956	0.016507271119174362	0	0.029846752774228318	0.03424726023512253	1.6873229221953463e-05	unsupported	True	0.0050666647207403	0.0050666647207403
ASAP2	chr2:9235245-9235746	3	-0.010700799200091668	0.027175585883907342	0	0.03787638508399901	0.03517879562064997	3.620999010255495e-05	unsupported	True	0.004820089501547	0.004820089501547
ASAP2	chr2:9183882-9184383	4	-0.01364883054495507	0.02035378424298242	0	0.03400261478793749	0.026485346449394646	1.833002849798323e-05	unsupported	True	0.0043433531175199	0.0043433531175199
ASAP2	chr2:9262806-9263307	5	-0.010269271297347497	0.02800465895063495	0	0.03827393024798245	0.040722318939077226	4.364815090443259e-05	unsupported	True	0.0032435767952184	0.0032435767952184
ASAP2	chr2:9139624-9140125	6	-0.007844128612141723	0.017968828204334986	0	0.02581295681647671	0.021851618278419933	1.0135405218406002e-05	unsupported	True	0.0023174759895462	-0.0023174759895462
ASAP2	chr2:9423320-9423821	7	-0.010986054555691432	0.018309412911741072	0	0.029295467467432505	0.026630185543201845	1.4283973760571548e-05	unsupported	True	0.0022770416565431	-0.0022770416565431
ASAP2	chr2:9247085-9247586	8	0.00713147499163221	0.045010001736922496	0	0.037878526745290284	0.0339298635703734	5.784745037691271e-05	unsupported	True	0.0021700169897578	0.0021700169897578
ASAP2	chr2:9508898-9509399	9	-0.011577116414606767	0.014296697216483592	1	0.02587381363109036	0.022162226118993815	8.19803082157203e-06	unsupported	True	0.0018750069692195	-0.0018750069692195
ASAP2	chr2:9525074-9525575	10	0.0006660277020489072	0.08222577407939108	1	0.08155974637734217	0.08306048535879812	0.0005570296359713781	unsupported	True	0.0017366448116828	-0.0017366448116828
ASAP2	chr2:9106184-9106685	11	0.005689056438535828	0.0319738912898941	4	0.026284834851358272	0.04015246825266146	3.374527674198617e-05	unsupported	True	0.0014763232343821	0.0014763232343821
ASAP2	chr2:9259066-9259567	12	-0.013155637531391262	0.019513123047149576	1	0.03266876057854084	0.0319613299227492	2.0374374442393075e-05	unsupported	True	0.0013336456987802	0.0013336456987802
ASAP2	chr2:9371341-9371842	13	-0.00781735480691155	0.044304842512686314	0	0.052122197319597864	0.05031787006305813	0.00011619733363055236	unsupported	True	0.0012492727132071	0.0012492727132071
ASAP2	chr2:9263487-9263988	14	-0.009553282327785479	0.035246042836275145	0	0.04479932516406063	0.041769064733078606	6.595330867804692e-05	unsupported	True	0.0012042880759151	0.0012042880759151
ASAP2	chr2:9112040-9112541	15	-0.0016811492803968065	0.024917481292784007	0	0.026598630573180813	0.026200213797709763	1.736473874758391e-05	unsupported	True	0.0009883345431071	0.0009883345431071
ASAP2	chr2:9547270-9547771	16	-0.01623102017941495	0.0017702263945334304	3	0.01800124657394838	0.018335795073636973	5.842936132049276e-07	unsupported	True	0.0009808146624745	-0.0009808146624745
ASAP2	chr2:9474286-9474787	17	-0.012102039553593388	0.021381717774027392	0	0.03348375732762078	0.040101682771062706	2.8710408756181658e-05	unsupported	True	0.0007717289643883	0.0007717289643883
ASAP2	chr2:9124285-9124786	18	-0.004004699427020859	0.021174037357060128	0	0.025178736784080988	0.01716164829847508	9.14948417416184e-06	unsupported	True	0.0006905653296733	0.0006905653296733
ASAP2	chr2:9555637-9556138	19	-0.012562261491163967	0.00935488058507758	0	0.02191714207624155	0.02225293474448277	4.562569210544921e-06	unsupported	True	0.0006668261406947	-0.0006668261406947
KDM2A	chr11:67022896-67023397	0	-0.003247904031551057	0.04662473284561736	4	0.04987263687716842	0.05416028304232228	0.00012593881791520453	unsupported	True	0.0098790147381771	0.0098790147381771
KDM2A	chr11:67023419-67023920	1	-0.01740043214435175	0.02556185405597295	2	0.042962286200324704	0.03913887135358301	4.298213982271849e-05	unsupported	True	0.0074353432583447	0.0074353432583447
KDM2A	chr11:67006459-67006960	2	-0.010138837129065797	0.019881349271944175	4	0.030020186401009973	0.04083684021398828	2.4373133670767938e-05	unsupported	True	0.0061614100182902	0.0061614100182902
KDM2A	chr11:67262614-67263115	3	0.0008740306549297465	0.059013975801803675	0	0.05813994514687393	0.06938814411644095	0.00023807553217320356	unsupported	True	0.0051937976342527	0.0051937976342527
KDM2A	chr11:67118827-67119328	4	0.003182720804496014	0.048276889854784684	4	0.04509416905028867	0.042722809535983446	9.3007822622647e-05	unsupported	True	0.0049797537198443	-0.0049797537198443
KDM2A	chr11:67053797-67054298	5	-0.0032681407211419427	0.030160428000921863	0	0.0334285687220638	0.028972103396608013	2.9210252351553245e-05	unsupported	True	0.0040195157181144	0.0040195157181144
KDM2A	chr11:67401681-67402182	6	0.003540394185247863	0.047504214288991015	0	0.043963820103743154	0.04054106348143868	8.466866232727081e-05	unsupported	True	0.003607116860529	-0.003607116860529
KDM2A	chr11:67252724-67253225	7	0.0007635422905201185	0.029257832952344166	4	0.02849429066182405	0.02430586319497482	2.0263341104984904e-05	unsupported	True	0.002529425478026	0.002529425478026
KDM2A	chr11:67022318-67022819	8	0.0028478470424437618	0.045003240301267906	2	0.04215539325882414	0.0388845032014637	7.376893006030087e-05	unsupported	True	0.0016753122669072	0.0016753122669072
KDM2A	chr11:66975846-66976347	9	0.0023135884280658706	0.04400171988620983	4	0.04168813145814396	0.03862009506843197	7.084275142221771e-05	unsupported	True	0.0015164676498305	0.0015164676498305
KDM2A	chr11:67351103-67351604	10	-0.006485413712920678	0.038418398271413925	0	0.0449038119843346	0.05132302219087231	8.853901525892561e-05	unsupported	True	0.001387928340354	0.001387928340354
KDM2A	chr11:67365595-67366096	11	-0.005565001948841802	0.017108226670569486	4	0.02267322861941129	0.012786477187014877	4.959858320509187e-06	unsupported	True	0.001378568653229	0.001378568653229
KDM2A	chr11:67372846-67373347	12	-0.0033690445361050326	0.03148578061384616	0	0.03485482514995119	0.027174183654355238	2.9821801813969e-05	unsupported	True	0.0011982901660153	0.0011982901660153
KDM2A	chr11:67391672-67392173	13	0.0025873905628775056	0.046045732491010745	0	0.04345834192813324	0.0344451534846056	6.892720416727762e-05	unsupported	True	0.0011775915002013	-0.0011775915002013
KDM2A	chr11:67317529-67318030	14	0.004345961711787883	0.04778917638370039	0	0.043443214671912506	0.03842434415914281	7.977337451231023e-05	unsupported	True	0.0011746622319077	-0.0011746622319077
KDM2A	chr11:67289005-67289506	15	0.006177318469717098	0.04667142896516203	0	0.04049411049544493	0.03613688074600008	6.829574143976457e-05	unsupported	True	0.001167564575139	-0.001167564575139
KDM2A	chr11:67373427-67373928	16	-0.003903930859046145	0.062332518206057674	0	0.06623644906510381	0.0749252833042165	0.00030934286836787033	unsupported	True	0.001080571925296	0.001080571925296
KDM2A	chr11:67288303-67288804	17	-0.0011105856110540072	0.0398112240338392	0	0.04092180964489321	0.03516802025004801	5.729388634953149e-05	unsupported	True	0.0009909154766077	-0.0009909154766077
KDM2A	chr11:67302146-67302647	18	0.024072669797174394	0.06650803277229085	3	0.04243536297511646	0.047104647535947154	0.00013294309399534152	unsupported	True	0.0009563200965997	-0.0009563200965997
KDM2A	chr11:67303744-67304245	19	0.005010673002485821	0.036799139859697495	3	0.03178846685721168	0.020673150472607583	2.4183208261206304e-05	unsupported	True	0.0009189021423782	0.0009189021423782
NDUFA4	chr7:10801397-10801898	0	0.009594250643532084	0.07972904177201125	3	0.07013479112847916	0.09355556378979134	0.0005231421016316211	unsupported	True	0.0128211822978129	0.0128211822978129
NDUFA4	chr7:10939670-10940171	1	-0.0067475099183749365	0.04930066784399416	3	0.056048177762369096	0.05881190307480402	0.00016250979131949265	unsupported	True	0.012206592914975	0.012206592914975
NDUFA4	chr7:10940216-10940717	2	-0.01635442609722957	0.052357761421568	3	0.06871218751879757	0.09108234790522263	0.00032767934136637315	unsupported	True	0.0115156597219571	0.0115156597219571
NDUFA4	chr7:10838158-10838659	3	0.0744932093748224	0.08631869121322806	2	0.011825481838405663	0.06084492809378964	6.210807581381906e-05	unsupported	True	0.0047603189316316	0.0047603189316316
NDUFA4	chr7:10803713-10804214	4	0.08066185168510683	0.09490269135608678	2	0.014240839670979957	0.0501744206640968	6.781042908041293e-05	unsupported	True	0.0032062803649442	0.0032062803649442
NDUFA4	chr7:10889231-10889732	5	0.005271122964240407	0.05604358238542543	2	0.05077245942118502	0.051940460041403444	0.0001477950474525554	unsupported	True	0.0026967821265597	0.0026967821265597
NDUFA4	chr7:11016621-11017122	6	-0.0036112227461113262	0.03806961263587924	5	0.041680835381990564	0.024615773821780713	3.905965160894043e-05	unsupported	True	0.0019140602184185	-0.0019140602184185
NDUFA4	chr7:10870694-10871195	7	0.03340132169580749	0.06684750513311774	3	0.03344618343731025	0.06896954243675132	0.00015420168357690759	unsupported	True	0.0017708971979818	0.0017708971979818
NDUFA4	chr7:10797562-10798063	8	0.041857455427646816	0.0720963010218709	2	0.03023884559422408	0.03361386487673871	7.328188646908251e-05	unsupported	True	0.0015233512667083	0.0015233512667083
NDUFA4	chr7:11052522-11053023	9	-0.050946053105073476	0.035060907783718336	5	0.08600696088879181	0.0614936810463772	0.00018543309596381267	unsupported	True	0.0010681951059038	-0.0010681951059038
NDUFA4	chr7:10919484-10919985	10	-0.031703499781079184	0.03195955183542039	3	0.06366305161649957	0.05646436161972946	0.00011488479542820164	unsupported	True	0.0009958558821502	0.0009958558821502
NDUFA4	chr7:11037024-11037525	11	-0.006875852357148035	0.08590142018200318	5	0.09277727253915122	0.10375231814464828	0.0008268747951077362	unsupported	True	0.0006843196926808	0.0006843196926808
NDUFA4	chr7:11021330-11021831	12	-0.04249563912334351	0.007757375688218292	2	0.0502530148115618	0.03723035148004346	1.4513564334809184e-05	unsupported	True	0.0006349429673999	0.0006349429673999
NDUFA4	chr7:10859409-10859910	13	0.0019109796993799142	0.062474878242348625	3	0.06056389854296871	0.07048354383106147	0.0002666901486369202	unsupported	True	0.0005908749488211	0.0005908749488211
NDUFA4	chr7:10973528-10974029	14	-0.01035942849248921	0.03613288559322614	3	0.046492314085715344	0.020587746522497823	3.458538556114652e-05	unsupported	True	0.0005356033551744	0.0005356033551744
NDUFA4	chr7:10913455-10913956	15	-0.11220173511731074	0.014026187909587599	2	0.12622792302689834	0.07468838222187475	0.00013223552437927763	unsupported	True	0.0004004503102661	-0.0004004503102661
NDUFA4	chr7:11034327-11034828	16	-0.02675524223335739	0.06898120172883918	5	0.09573644396219656	0.11586647473135106	0.0007651839317650645	unsupported	True	0.0003469192930868	-0.0003469192930868
NDUFA4	chr7:11026620-11027121	17	0.023609031844301027	0.14199628046773285	4	0.11838724862343183	0.19649606060011734	0.003303206647034935	unsupported	True	0.0003076231945772	0.0003076231945772
NDUFA4	chr7:10974104-10974605	18	-0.020016427167097416	0.04068240570908627	3	0.06069883287618368	0.05067816229822532	0.00012514336397355556	unsupported	True	0.0002711489171494	0.0002711489171494
NDUFA4	chr7:11045144-11045645	19	-0.03916760912293434	0.06997482227306003	3	0.10914243139599436	0.09480945628723066	0.0007240808880607765	unsupported	True	0.000172652975728	-0.000172652975728
YTHDF3	chr8:63362557-63363058	0	-0.007444950440746013	0.09101646389212258	4	0.09846141433286859	0.11751593821915819	0.0010531319791817987	unsupported	True	0.011411753314916	0.011411753314916
YTHDF3	chr8:63168289-63168790	1	0.006246890650375288	0.05942154871503945	4	0.05317465806466416	0.08476026650208598	0.00026781875458438637	unsupported	True	0.0112812389654002	-0.0112812389654002
YTHDF3	chr8:63038610-63039111	2	0.0033685591251756126	0.06758485562998068	4	0.06421629650480506	0.10153687039797399	0.0004406750058680719	unsupported	True	0.0102225761494686	0.0102225761494686
YTHDF3	chr8:63261886-63262387	3	-0.005629112959446157	0.03247265932260163	2	0.03810177228204779	0.040162682930650215	4.969191687396321e-05	unsupported	True	0.0042705523888696	0.0042705523888696
YTHDF3	chr8:63039214-63039715	4	0.007481662849942663	0.05839092190007873	2	0.05090925905013607	0.08159671772755328	0.0002425575502360198	unsupported	True	0.0036330239399724	-0.0036330239399724
YTHDF3	chr8:63085821-63086322	5	0.01605658835865903	0.0644618288704904	4	0.04840524051183137	0.09458353482080964	0.00029512808910777934	unsupported	True	0.0035301461518231	0.0035301461518231
YTHDF3	chr8:63090941-63091442	6	0.02037785442467062	0.05476361784476174	2	0.03438576342009112	0.055900840178391954	0.00010526624645514457	unsupported	True	0.0029035899727112	0.0029035899727112
YTHDF3	chr8:63259158-63259659	7	-0.020218548608112084	0.026690910447234498	2	0.04690945905534658	0.05232881595180121	6.551861692177417e-05	unsupported	True	0.002375838974438	0.002375838974438
YTHDF3	chr8:63222254-63222755	8	0.003138000425239797	0.07198127859087747	2	0.06884327816563766	0.09646868731817565	0.0004780435556136387	unsupported	True	0.0019776266880654	0.0019776266880654
YTHDF3	chr8:63263321-63263822	9	-0.01629349738952908	0.025944476461072223	4	0.0422379738506013	0.05012755890402165	5.493189033611046e-05	unsupported	True	0.001438099504637	0.001438099504637
YTHDF3	chr8:63031432-63031933	10	0.015206873090527899	0.05362017222101703	4	0.03841329913048913	0.048811867386604355	0.0001005391560748615	unsupported	True	0.0009578631641183	-0.0009578631641183
YTHDF3	chr8:63204847-63205348	11	0.03658760728859236	0.09199906177630644	4	0.05541145448771408	0.1159480680833351	0.0005910802730259777	unsupported	True	0.0008712363645881	-0.0008712363645881
YTHDF3	chr8:63274736-63275237	12	-0.03244467163706435	0.04034262503542278	2	0.07278729667248712	0.07392680734039997	0.0002170809404914274	unsupported	True	0.0008393986979659	0.0008393986979659
YTHDF3	chr8:63285930-63286431	13	0.011800069705789656	0.08382764432540063	2	0.07202757461961097	0.0856327786968359	0.0005170423177811196	unsupported	True	0.0007324983027871	0.0007324983027871
YTHDF3	chr8:63146780-63147281	14	0.0021226366042441233	0.042791854780052756	2	0.04066921817580863	0.05243119872613536	9.124660647250698e-05	unsupported	True	0.0004807903017218	0.0004807903017218
YTHDF3	chr8:63237714-63238215	15	-0.023391686204457987	-0.003621275346443491	2	0.019770410858014495	0.016188131704433353	0.0	unsupported	True	0.0004675960927107	-0.0004675960927107
YTHDF3	chr8:63299213-63299714	16	-0.006172464536869374	0.041178873789214226	2	0.0473513383260836	0.05154304031017486	0.000100502474626564	unsupported	True	0.0003680342395974	0.0003680342395974
YTHDF3	chr8:63357251-63357752	17	0.03076963236712995	0.0762689989685626	4	0.045499366601432646	0.09590402237056497	0.0003328052891421867	unsupported	True	0.0002993328906128	-0.0002993328906128
YTHDF3	chr8:63286796-63287297	18	0.013978812292705724	0.06253448571031982	4	0.04855567341761409	0.09220618304662696	0.0002799752290659774	unsupported	True	0.0002085207978609	0.0002085207978609
YTHDF3	chr8:63273261-63273762	19	0.012913658604083863	0.024798123830275368	4	0.011884465226191505	0.04324534427326654	1.2744940943931805e-05	unsupported	True	0.0001336313333946	-0.0001336313333946
MAT2A	chr2:85602499-85603000	0	0.023739084828906427	0.0955980382590261	1	0.07185895343011968	0.09193279903736881	0.0006315392560410125	unsupported	True	0.0162215191200383	0.0162215191200383
MAT2A	chr2:85524557-85525058	1	0.02219047959596078	0.09735757010733521	1	0.07516709051137443	0.09099169315506922	0.0006658849706648786	unsupported	True	0.0122443254496599	0.0122443254496599
MAT2A	chr2:85456883-85457384	2	0.012759561654067128	0.10327570211540651	1	0.09051614046133939	0.09200609745400697	0.0008600838519400918	unsupported	True	0.0042697983385325	0.0042697983385325
MAT2A	chr2:85584173-85584674	3	0.026339244527747985	0.08594276783920558	1	0.0596035233114576	0.0791940035624569	0.00040567063119339606	unsupported	True	0.0039529581233765	0.0039529581233765
MAT2A	chr2:85578178-85578679	4	0.016351130399100657	0.05939171299277981	3	0.043040582593679155	0.04430762456101444	0.00011326153934419597	unsupported	True	0.0031345267552687	0.0031345267552687
MAT2A	chr2:85637420-85637921	5	0.01182547484559315	0.034717630035867496	1	0.022892155190274346	0.02625080261014024	2.0863123967303067e-05	unsupported	True	0.0026387067140429	0.0026387067140429
MAT2A	chr2:85523746-85524247	6	0.018656830984324354	0.07484141708232256	1	0.0561845860979982	0.09404714935842622	0.00039546205986754025	unsupported	True	0.0022310867198455	0.0022310867198455
MAT2A	chr2:85430741-85431242	7	0.020886841796418434	0.07468960465384628	1	0.05380276285742784	0.0809510765171092	0.00032530247469285775	unsupported	True	0.0020283946807335	0.0020283946807335
MAT2A	chr2:85551997-85552498	8	0.027525216182412784	0.0917421539186895	1	0.06421693773627672	0.08527453276559431	0.0005023863981952962	unsupported	True	0.0016557005168505	0.0016557005168505
MAT2A	chr2:85470897-85471398	9	0.021232745392726366	0.08371250032335899	1	0.062479754930632625	0.09446417615189995	0.0004940794289263492	unsupported	True	0.0015221440535105	0.0015221440535105
MAT2A	chr2:85611853-85612354	10	0.02013212054779296	0.06968229853465965	1	0.04955017798686669	0.06766190483715609	0.00023362101511986713	unsupported	True	0.0012367747754415	-0.0012367747754415
MAT2A	chr2:85418466-85418967	11	0.016139528066819796	0.07760032744836765	1	0.061460799381547845	0.08149993809244066	0.0003887040245550321	unsupported	True	0.001132805298595	-0.001132805298595
MAT2A	chr2:85605689-85606190	12	0.01590741613836733	0.08868190464090894	1	0.07277448850254162	0.1081781224438374	0.00069815783007478	unsupported	True	0.0010967747645992	0.0010967747645992
MAT2A	chr2:85504860-85505361	13	0.01259830027042557	0.07302117729354825	1	0.06042287702312268	0.07732184858822132	0.0003411555645330928	unsupported	True	0.0010383602486094	0.0010383602486094
MAT2A	chr2:85437786-85438287	14	0.02010854370692905	0.055401448205650516	1	0.03529290449872147	0.0622422793459508	0.0001217009607579851	unsupported	True	0.000998682641502	-0.000998682641502
MAT2A	chr2:85539453-85539954	15	0.019700624659732612	0.07493988290467049	1	0.055239258244937875	0.07849738350462672	0.0003249496169465435	unsupported	True	0.0009434900714336	-0.0009434900714336
MAT2A	chr2:85595387-85595888	16	0.023294302552712462	0.08372309565918083	1	0.06042879310646837	0.08187785749587634	0.00041424346750196456	unsupported	True	0.0008658349704391	-0.0008658349704391
MAT2A	chr2:85679100-85679601	17	0.024659580075396884	0.09619254213950187	1	0.07153296206410499	0.08999564924238412	0.0006192544348032407	unsupported	True	0.0005612870981037	0.0005612870981037
MAT2A	chr2:85561278-85561779	18	0.018913209173179287	0.08056180033286375	1	0.06164859115968446	0.08081846321167327	0.00040138663447573817	unsupported	True	0.0003221726452164	-0.0003221726452164
MAT2A	chr2:85639171-85639672	19	0.0077251680225473105	0.04499778518278293	1	0.037272617160235624	0.05457455916609448	9.153164403101568e-05	unsupported	True	0.0003013162970867	0.0003013162970867
ARL13B	chr3:93973488-93973989	0	0.055506200719607136	0.1248171285380165	4	0.06931092781840936	0.14410155040935868	0.0012466500340564694	unsupported	True	0.0120696953067323	0.0120696953067323
ARL13B	chr3:94004258-94004759	1	0.006794658745957051	0.05173303996569918	4	0.044938381219742134	0.06324776468626297	0.000147038344625597	unsupported	True	0.0104904110135436	0.0104904110135436
ARL13B	chr3:94002303-94002804	2	-0.016894804839464064	0.005124737369277435	1	0.0220195422087415	0.022957818641585373	2.5906605998146716e-06	unsupported	True	0.0068944991604358	0.0068944991604358
ARL13B	chr3:94062661-94063162	3	0.04479819197783377	0.09360292269924846	4	0.04880473072141468	0.07158236935850654	0.0003270072638443457	unsupported	True	0.0047869956202862	-0.0047869956202862
ARL13B	chr3:94131792-94132293	4	-0.00917648657119566	0.031974388856056815	2	0.04115087542725247	0.055964464058635824	7.363659191896901e-05	unsupported	True	0.0045034810214578	-0.0045034810214578
ARL13B	chr3:93979796-93980297	5	0.0374038538892138	0.07508485383495205	4	0.037680999945738244	0.06022631952802755	0.0001703966619850178	unsupported	True	0.0037787212724104	-0.0037787212724104
ARL13B	chr3:94001191-94001692	6	0.05772584696686318	0.12182687876494358	2	0.06410103179808041	0.10512686561203294	0.000820959728674712	unsupported	True	0.0033326272286355	0.0033326272286355
ARL13B	chr3:94103717-94104218	7	0.003978145151399406	0.039042385521590256	2	0.03506424037019085	0.044407087175643255	6.0792928904485066e-05	unsupported	True	0.0029526732494823	-0.0029526732494823
ARL13B	chr3:94146407-94146908	8	0.03875799130319345	0.06055049549852451	4	0.02179250419533106	0.07458817132557295	9.842259227670751e-05	unsupported	True	0.0017645236267377	0.0017645236267377
ARL13B	chr3:94115438-94115939	9	0.041427446648128516	0.09326672907114449	3	0.05183928242301597	0.06837920250685639	0.00033060525974483776	unsupported	True	0.0014473434538416	0.0014473434538416
ARL13B	chr3:94179026-94179527	10	-0.029892938298939516	-0.01374301598871707	5	0.016149922310222446	0.011718907116099894	0.0	unsupported	True	0.0014406094671431	-0.0014406094671431
ARL13B	chr3:94177000-94177501	11	-0.028160205650706406	-0.0032367073700654073	5	0.024923498280641	0.024340500981889588	0.0	unsupported	True	0.0013488439632938	-0.0013488439632938
ARL13B	chr3:94173963-94174464	12	-0.016428048064566072	0.03974992104069835	1	0.056177969105264416	0.052514584803787276	0.00011726873528385891	unsupported	True	0.0008101429577694	-0.0008101429577694
ARL13B	chr3:94159431-94159932	13	-0.023308852106739844	-0.007759230449264448	5	0.015549621657475397	0.011690963795059028	0.0	unsupported	True	0.0007758109230821	0.0007758109230821
ARL13B	chr3:94167746-94168247	14	0.05943539785454144	0.12595305815227623	4	0.06651766029773479	0.1487156294905828	0.001245954822266576	unsupported	True	0.0006507373797622	0.0006507373797622
ARL13B	chr3:94020348-94020849	15	-0.010130485338274374	-0.0015389517941307212	3	0.008591533544143652	0.007802829119602584	0.0	unsupported	True	0.0005783303998155	0.0005783303998155
ARL13B	chr3:94183911-94184412	16	-0.012523129054181749	0.0199525131668655	5	0.03247564222104725	0.030162887656265097	1.9544666795769473e-05	unsupported	True	0.0002995378230209	-0.0002995378230209
ARL13B	chr3:94010217-94010718	17	0.008923061129832342	0.06033123993259051	2	0.051408178802758164	0.07169367521945168	0.00022235930804989385	unsupported	True	0.0002159246201392	-0.0002159246201392
ARL13B	chr3:94082423-94082924	18	-0.02127357970686578	0.029043110205943214	4	0.05031668991280899	0.05950138889697404	8.695254330398727e-05	unsupported	True	0.0001273438069039	-0.0001273438069039
ARL13B	chr3:94127073-94127574	19	0.07468773883780601	0.16398847400769734	2	0.08930073516989133	0.1615807072221515	0.0023662349431268262	unsupported	True	8.991043803512596e-05	8.991043803512596e-05
APOOL	chrX:85003562-85004063	0	-0.008939007156773444	0.03121429553096539	0	0.04015330268773883	0.04999955852933916	6.266729951160129e-05	unsupported	True	0.0340035023420917	0.0340035023420917
APOOL	chrX:85124537-85125038	1	0.005785151324808614	0.047465599466917016	0	0.0416804481421084	0.0682972076821673	0.00013511833903437275	unsupported	True	0.0121467625318274	0.0121467625318274
APOOL	chrX:84930936-84931437	2	0.03338262290692483	0.10146150175622709	0	0.06807887884930226	0.1046686531628158	0.0007229867147549919	unsupported	True	0.0048064621391388	0.0048064621391388
APOOL	chrX:85084732-85085233	3	-0.0065325669102578	0.027797791307486514	5	0.034330358217744314	0.038418575423063414	3.6663158994035403e-05	unsupported	True	0.0036502397044553	0.0036502397044553
APOOL	chrX:84942506-84943007	4	0.02147901541743743	0.04751305235842301	2	0.026034036940985578	0.046487499293847545	5.750301722245135e-05	unsupported	True	0.0028550537997757	-0.0028550537997757
APOOL	chrX:85171102-85171603	5	0.021575019515853142	0.14366462093333301	0	0.12208960141747988	0.14092767378790555	0.002471865240763672	unsupported	True	0.0007426047724275	0.0007426047724275
APOOL	chrX:84911762-84912263	6	0.023065050388047827	0.0650197917629497	2	0.04195474137490187	0.06438275823697932	0.00017562898886171007	unsupported	True	0.0001486450079147	-0.0001486450079147
AKAIN1	chr18:5342211-5342712	0	-0.008218946142135227	0.0	4	0.008218946142135227	0.012174519407003688	0.0	unsupported	True	0.0131368332811215	0.0131368332811215
AKAIN1	chr18:5180470-5180971	1	-0.007230656358553248	0.0	4	0.007230656358553248	0.011850469589543696	0.0	unsupported	True	0.0074216249838045	0.0074216249838045
AKAIN1	chr18:5201095-5201596	2	-0.006688667909540064	0.0	4	0.006688667909540064	0.011986433899323468	0.0	unsupported	True	0.0067366788963857	0.0067366788963857
AKAIN1	chr18:5296890-5297391	3	-0.016927816497812415	0.0	4	0.016927816497812415	0.02565375907399152	0.0	unsupported	True	0.0059583032159385	0.0059583032159385
AKAIN1	chr18:5313335-5313836	4	-0.006397870449380319	0.0	4	0.006397870449380319	0.010692193321542079	0.0	unsupported	True	0.0056075215258861	0.0056075215258861
AKAIN1	chr18:5043815-5044316	5	-0.007714860346858784	0.0	4	0.007714860346858784	0.014423155388899378	0.0	unsupported	True	0.0043263929083461	0.0043263929083461
AKAIN1	chr18:5196159-5196660	6	-0.019492081349195788	0.0	4	0.019492081349195788	0.027686099210259732	0.0	unsupported	True	0.0040611608869495	0.0040611608869495
AKAIN1	chr18:5073207-5073708	7	-0.022612684612774766	0.0	4	0.022612684612774766	0.024436250527406347	0.0	unsupported	True	0.0027282693268801	0.0027282693268801
AKAIN1	chr18:5023223-5023724	8	-0.01192981553446293	0.0021282135037632237	0	0.014058029038226155	0.024151093688442437	7.225641882397841e-07	unsupported	True	0.0021401549224601	0.0021401549224601
AKAIN1	chr18:5196951-5197452	9	-0.024669665498632753	0.0	4	0.024669665498632753	0.028465557541940363	0.0	unsupported	True	0.0015739259974363	0.0015739259974363
AKAIN1	chr18:5295051-5295552	10	-0.025800765574794653	0.0	4	0.025800765574794653	0.034276422596157326	0.0	unsupported	True	0.0011896849390753	-0.0011896849390753
AKAIN1	chr18:5296016-5296517	11	-0.027654602201162486	0.0	4	0.027654602201162486	0.03779117544873527	0.0	unsupported	True	0.0008790576796893	-0.0008790576796893
AKAIN1	chr18:5237823-5238324	12	-0.02912970436033537	0.0	4	0.02912970436033537	0.03804206068312395	0.0	unsupported	True	0.0007264792669841	-0.0007264792669841
AKAIN1	chr18:5068883-5069384	13	-0.010708411171029044	0.0	4	0.010708411171029044	0.010680435875491872	0.0	unsupported	True	0.0005060597959686	0.0005060597959686
AKAIN1	chr18:5311411-5311912	14	-0.01126527057381	0.0	4	0.01126527057381	0.01915423383478289	0.0	unsupported	True	0.0003114907506429	-0.0003114907506429
AKAIN1	chr18:5237283-5237784	15	-0.025538658933395943	0.0	4	0.025538658933395943	0.030197927076378497	0.0	unsupported	True	0.0002896034427428	-0.0002896034427428
AKAIN1	chr18:5220251-5220752	16	-0.008799946758441512	2.607456564191574e-05	0	0.008826021324083428	0.012812013244345456	2.9484884704101096e-09	unsupported	True	0.0002894223867293	0.0002894223867293
AKAIN1	chr18:5336755-5337256	17	-0.015781469098780438	0.0	4	0.015781469098780438	0.022966842941124735	0.0	unsupported	True	0.0002316828536664	0.0002316828536664
AKAIN1	chr18:5304564-5305065	18	-0.012303775076747878	0.0	4	0.012303775076747878	0.018279966838520022	0.0	unsupported	True	0.000117478149765	0.000117478149765
AKAIN1	chr18:5029343-5029844	19	-0.013312667710915615	0.0	4	0.013312667710915615	0.01813341583362868	0.0	unsupported	True	0.0001062682840411	-0.0001062682840411
TAF3	chr10:8053264-8053765	0	0.010253246014975268	0.06151963181316351	5	0.051266385798188235	0.06452253304009448	0.0002034969187372178	unsupported	True	0.0112778138729348	0.0112778138729348
TAF3	chr10:7952186-7952687	1	-0.0192739460306589	0.0034728131302670267	0	0.022746759160925927	0.03644702864450912	2.879141916659689e-06	unsupported	True	0.0108104653735416	0.0108104653735416
TAF3	chr10:8054262-8054763	2	0.008982697325118014	0.06959799898321431	5	0.060615301658096296	0.08238431417248013	0.00034755501128234966	unsupported	True	0.0075887868292493	0.0075887868292493
TAF3	chr10:7787839-7788340	3	-0.01957125088179789	0.01863810992126898	5	0.038209360803066875	0.04719089528758054	3.360700866339872e-05	unsupported	True	0.0054854741377521	-0.0054854741377521
TAF3	chr10:8033701-8034202	4	-0.0005402503472590979	0.04563967956648555	5	0.046179929913744644	0.05894310115468302	0.0001242306728930622	unsupported	True	0.0040153356335687	0.0040153356335687
TAF3	chr10:7668659-7669160	5	-0.020603751693050128	0.0008265564977022623	1	0.02143030819075239	0.019152668966817034	3.3925812961751076e-07	unsupported	True	0.0033596092826159	-0.0033596092826159
TAF3	chr10:8072158-8072659	6	-0.014225351703525908	0.00507373367193907	1	0.01929908537546498	0.028898993199921338	2.8297437337036094e-06	unsupported	True	0.0026576062038987	0.0026576062038987
TAF3	chr10:7915733-7916234	7	0.008897645174155975	0.04761300190970436	5	0.038715356735548385	0.054232908115486464	9.997046731477265e-05	unsupported	True	0.0021380407570861	0.0021380407570861
TAF3	chr10:8035266-8035767	8	-0.02249636573370259	-0.003392841281755124	5	0.019103524451947466	0.020627874880620695	0.0	unsupported	True	0.0020405624669355	0.0020405624669355
TAF3	chr10:7818195-7818696	9	-0.026639041899697652	0.0017634353505935612	5	0.028402477250291214	0.03559782390700626	1.782950202775668e-06	unsupported	True	0.0015719625524308	-0.0015719625524308
TAF3	chr10:7781564-7782065	10	-0.003003401758398034	0.03584345190178944	5	0.038846853660187475	0.05195922402674172	7.23483005141192e-05	unsupported	True	0.0013586048194138	0.0013586048194138
TAF3	chr10:7959725-7960226	11	-0.02290032291047568	-0.007185868148767905	4	0.015714454761707776	0.0183570755725729	0.0	unsupported	True	0.0011250723475384	0.0011250723475384
TAF3	chr10:8141762-8142263	12	-0.021341652973125978	0.0014354927939889278	5	0.022777145767114905	0.032347461817047306	1.0576464762205105e-06	unsupported	True	0.0010081414785302	0.0010081414785302
TAF3	chr10:7857202-7857703	13	0.007360963232484965	0.07513538918958335	5	0.06777442595709839	0.0849115853516499	0.00043239168887890413	unsupported	True	0.0009404046650259	0.0009404046650259
TAF3	chr10:7872058-7872559	14	-0.022944586548985707	0.00424772787825887	1	0.027192314427244575	0.03632534011814068	4.195778464366934e-06	unsupported	True	0.0008846696103034	-0.0008846696103034
TAF3	chr10:7687205-7687706	15	-0.021967429191648742	0.0025662974017852933	4	0.024533726593434037	0.028417197158258297	1.7891705697938105e-06	unsupported	True	0.0007845503945717	-0.0007845503945717
TAF3	chr10:8056784-8057285	16	-0.01997999454193519	0.028695644322254243	4	0.048675638864189436	0.054840305353669225	7.659977700062709e-05	unsupported	True	0.0003927433427447	-0.0003927433427447
TAF3	chr10:7819034-7819535	17	-0.025288052420586987	0.0012335357618476822	4	0.02652158818243467	0.037999820511252294	1.2431765723599805e-06	unsupported	True	0.000327570688593	0.000327570688593
TAF3	chr10:7997432-7997933	18	-0.0014376745202872383	0.03621911999522856	5	0.0376567945155158	0.05017793526459034	6.84374831480293e-05	unsupported	True	0.0003207738194949	-0.0003207738194949
TAF3	chr10:8146350-8146851	19	-0.008767772616863657	0.026849663163349087	1	0.035617435780212744	0.04360888136386547	4.1703877681753674e-05	unsupported	True	0.0002409519275195	-0.0002409519275195
COL9A3	chr20:62937221-62937722	0	0.020753255916495586	0.05278703816913235	5	0.03203378225263676	0.038575919975598096	6.52306650153871e-05	unsupported	True	0.0062528873391996	0.0062528873391996
COL9A3	chr20:62818467-62818968	1	0.024753910950475105	0.05391197611141554	2	0.02915806516094043	0.05751834512002243	9.041705042204352e-05	unsupported	True	0.0059694531229255	0.0059694531229255
COL9A3	chr20:62851527-62852028	2	0.04235723892394417	0.0897670044025704	4	0.047409765478626235	0.0822551220097291	0.00035006403194119234	unsupported	True	0.0049572346899907	0.0049572346899907
COL9A3	chr20:62817100-62817601	3	0.028541502689553785	0.04270013491359371	2	0.014158632224039923	0.04317926929127571	2.6105128587325465e-05	unsupported	True	0.0040725989104396	0.0040725989104396
COL9A3	chr20:62850219-62850720	4	0.03544984377980565	0.07501858629810203	4	0.039568742518296375	0.07664056004837988	0.00022749915828687383	unsupported	True	0.0038201785315354	0.0038201785315354
COL9A3	chr20:62667016-62667517	5	0.03710952476779934	0.0834896149120195	4	0.04638009014422016	0.08317124191685203	0.0003220603293722209	unsupported	True	0.0035911807232213	0.0035911807232213
COL9A3	chr20:62875457-62875958	6	0.03466002478454251	0.08636941193218352	4	0.051709387147641006	0.08477292498301425	0.00037860515368317904	unsupported	True	0.0033261787888259	0.0033261787888259
COL9A3	chr20:62861121-62861622	7	0.024337868435140415	0.0680358430817439	5	0.04369797464660349	0.04925636773750002	0.00014644058735814345	unsupported	True	0.0031046685910185	0.0031046685910185
COL9A3	chr20:62805163-62805664	8	0.02141523609964107	0.04042685964399115	5	0.019011623544350077	0.029150593801155093	2.2404570281650375e-05	unsupported	True	0.0030233167499622	0.0030233167499622
COL9A3	chr20:62692110-62692611	9	0.024040458447783773	0.0779613261602477	4	0.05392086771246393	0.08214391633936682	0.00034531186028645926	unsupported	True	0.0027778743042253	0.0027778743042253
COL9A3	chr20:62819120-62819621	10	0.011820844908284537	0.04968006303063441	2	0.03785921812234987	0.060063864531085434	0.00011297102005397622	unsupported	True	0.0021149016908852	0.0021149016908852
COL9A3	chr20:62704454-62704955	11	0.026765549860775558	0.04618124053324252	2	0.01941569067246696	0.040418011429967905	3.624043329582825e-05	unsupported	True	0.0020238576341722	0.0020238576341722
COL9A3	chr20:62686100-62686601	12	0.035485813368601585	0.09434243784308703	4	0.05885662447448545	0.09005195375353175	0.0005000294516873837	unsupported	True	0.0019258209572091	0.0019258209572091
COL9A3	chr20:62739436-62739937	13	0.012585702191357396	0.05873313864230865	4	0.04614743645095125	0.0613151275476675	0.00016618752736150542	unsupported	True	0.0018043575411272	0.0018043575411272
COL9A3	chr20:62876882-62877383	14	0.019862963028203416	0.05258831511538646	5	0.032725352087183045	0.03543842785288129	6.098851115023833e-05	unsupported	True	0.0017917847650162	0.0017917847650162
COL9A3	chr20:62980919-62981420	15	0.008241507523676698	0.03626936918462645	5	0.02802786166094975	0.033892580254669916	3.445359945969067e-05	unsupported	True	0.0016308864264062	0.0016308864264062
COL9A3	chr20:62794146-62794647	16	0.0227948104993497	0.06605998338545586	5	0.043265172886106165	0.0531089150615972	0.0001517904096747879	unsupported	True	0.001619330590344	0.001619330590344
COL9A3	chr20:62791366-62791867	17	0.010485547728501469	0.06139630008384955	5	0.05091075235534809	0.06523531158998311	0.00020390808981829477	unsupported	True	0.0015305529672961	0.0015305529672961
COL9A3	chr20:62861674-62862175	18	0.01051575061491279	0.06270191438810281	5	0.05218616377319002	0.0486197790086893	0.00015909229766089498	unsupported	True	0.0015227815042676	-0.0015227815042676
COL9A3	chr20:62808200-62808701	19	0.028179859375014986	0.06108456440787804	5	0.03290470503286305	0.05052297592022019	0.00010154964438263365	unsupported	True	0.0014610418473686	0.0014610418473686
CCNA1	chr13:36499103-36499604	0	0.005157607212198218	0.06762005332741149	4	0.06246244611521327	0.09113248331733656	0.0003849175399255776	unsupported	True	0.0152830275762347	0.0152830275762347
CCNA1	chr13:36442002-36442503	1	0.015390035067529177	0.02124070549454442	0	0.005850670427015245	0.036754029296933444	4.567510235374992e-06	unsupported	True	0.0099806710290437	0.0099806710290437
CCNA1	chr13:36498287-36498788	2	0.02444688100516793	0.02936209525438104	0	0.0049152142492131096	0.03210916246166762	4.634026081822243e-06	unsupported	True	0.0062973775767994	0.0062973775767994
CCNA1	chr13:36431977-36432478	3	0.013759804475882355	0.11673116962587762	4	0.10297136514999528	0.13956239530437983	0.0016775355104798064	unsupported	True	0.0050984901359863	0.0050984901359863
CCNA1	chr13:36530066-36530567	4	-0.009521342349336236	0.07762657868433494	4	0.08714792103367117	0.10518925364993385	0.0007116047696620691	unsupported	True	0.0050898689342324	-0.0050898689342324
CCNA1	chr13:36464921-36465422	5	0.03186203288171361	0.0619886128570316	4	0.030126579975317987	0.05811931325713996	0.00010853810245486794	unsupported	True	0.0034954047489017	0.0034954047489017
CCNA1	chr13:36297653-36298154	6	-0.012476933941136293	0.0968615132518283	4	0.1093384471929646	0.12325280256371737	0.0013053319095003505	unsupported	True	0.0030513170277839	-0.0030513170277839
CCNA1	chr13:36297053-36297554	7	-0.03267528040656014	0.017465439437653205	5	0.050140719844213345	0.056163597733836126	4.9184130920090655e-05	unsupported	True	0.0026016018697885	-0.0026016018697885
CCNA1	chr13:36549701-36550202	8	-0.02450925786488309	0.06234848485892355	4	0.08685774272380664	0.08529037993484079	0.0004618856734813016	unsupported	True	0.0015637757160131	-0.0015637757160131
CCNA1	chr13:36298280-36298781	9	0.0025427624913484416	0.07632553442449963	4	0.07378277193315119	0.0855078226476651	0.00048153811548928626	unsupported	True	0.0012004754318047	-0.0012004754318047
CCNA1	chr13:36447426-36447927	10	-0.000794774405267446	0.09711090535437873	4	0.09790567975964617	0.1197752033343419	0.001138787802769028	unsupported	True	0.0008096905628776	-0.0008096905628776
CCNA1	chr13:36389853-36390354	11	0.04129946193915256	0.1394468482885305	4	0.09814738634937793	0.13083050403143293	0.0017905912438566651	unsupported	True	0.0007684487412938	0.0007684487412938
CCNA1	chr13:36543684-36544185	12	0.026977270353677182	0.05452849472316445	0	0.027551224369487266	0.05649676084341583	8.487659751290732e-05	unsupported	True	0.0005618212960527	0.0005618212960527
CCNA1	chr13:36394245-36394746	13	-0.0018294157016567356	0.0713047366952036	1	0.07313415239686033	0.09283288310705679	0.0004841059845560704	unsupported	True	0.000476587963075	-0.000476587963075
CCNA1	chr13:36346223-36346724	14	-0.009981551689068377	0.07196558598828222	4	0.0819471376773506	0.10253176957923071	0.0006046681698424826	unsupported	True	0.0004321806880249	0.0004321806880249
CCNA1	chr13:36282772-36283273	15	-0.010193531039347517	0.037292920843717	4	0.047486451883064516	0.06464367293377696	0.0001144780293023392	unsupported	True	0.0003904746787777	0.0003904746787777
CCNA1	chr13:36420315-36420816	16	0.011496334015516637	0.057936664959404534	4	0.0464403309438879	0.07724908988157232	0.00020784623858739203	unsupported	True	0.0003737921700009	0.0003737921700009
CCNA1	chr13:36510073-36510574	17	-0.007502705437711437	0.07332602553617308	4	0.08082873097388452	0.10807390283828391	0.000640537766883222	unsupported	True	0.0003188353146895	0.0003188353146895
CCNA1	chr13:36370027-36370528	18	-0.015192380125856168	0.012323260382602699	0	0.027515640508458866	0.028893877176846543	9.797405292971616e-06	unsupported	True	0.0003038287680519	-0.0003038287680519
CCNA1	chr13:36453468-36453969	19	0.0029142664454012072	0.11860305321840087	4	0.11568878677299967	0.14395024767957493	0.0019751475864105447	unsupported	True	0.000195123578186	0.000195123578186
MAOB	chrX:43933859-43934360	0	0.00405100205530735	0.04261302546619487	3	0.038562023410887526	0.05540503394756098	9.104401651081345e-05	unsupported	True	0.0140267398195683	0.0140267398195683
MAOB	chrX:43850618-43851119	1	0.05320287606483509	0.10002174938027025	3	0.04681887331543516	0.08231171602830618	0.00038545799700651675	unsupported	True	0.0115525578448845	0.0115525578448845
MAOB	chrX:43968696-43969197	2	-0.009566793430967169	0.05705338478081565	2	0.06662017821178282	0.07300096109233911	0.0002774698393251592	unsupported	True	0.0043904275064614	-0.0043904275064614
MAOB	chrX:43969511-43970012	3	-0.009574673827195254	0.06101827551342384	0	0.07059294934061909	0.07796024820024411	0.0003358106532206879	unsupported	True	0.0039833472182342	-0.0039833472182342
MAOB	chrX:43849106-43849607	4	0.05126157682917658	0.11954181713516947	4	0.06828024030599289	0.10229876578013897	0.0008349977171347551	unsupported	True	0.0029680783784873	0.0029680783784873
MAOB	chrX:43836432-43836933	5	0.021057528335056277	0.04874808492898073	2	0.027690556593924453	0.02780385813229779	3.753136055173842e-05	unsupported	True	0.0024657222939521	0.0024657222939521
MAOB	chrX:43863736-43864237	6	0.01866654637465437	0.07903004971355973	2	0.06036350333890536	0.04385738891734494	0.00020922301892571264	unsupported	True	0.002463273597357	0.002463273597357
MAOB	chrX:43707504-43708005	7	0.02332110130688744	0.08047701255466413	2	0.05715591124777669	0.04884741075658061	0.00022468524197918535	unsupported	True	0.0020155275940243	0.0020155275940243
MAOB	chrX:43686080-43686581	8	-0.021510339984749098	0.01468004604846495	3	0.03619038603321405	0.04409659862790982	2.3427488057264207e-05	unsupported	True	0.001929826803777	-0.001929826803777
MAOB	chrX:43655898-43656399	9	0.003018294281194639	0.05432773479745675	5	0.05130944051626211	0.030650452798335816	8.543892418622137e-05	unsupported	True	0.0017247693155784	0.0017247693155784
MAOB	chrX:43677141-43677642	10	-0.0054699968809867	0.0689948251870416	5	0.0744648220680283	0.09072014055465823	0.00046609172134543403	unsupported	True	0.0017047491894181	-0.0017047491894181
MAOB	chrX:43779572-43780073	11	0.01595457008325903	0.06780551537154277	2	0.05185094528828374	0.04918659786610456	0.00017292926037925307	unsupported	True	0.0015979592078992	0.0015979592078992
MAOB	chrX:43694720-43695221	12	-0.017528510172426365	0.027467879610440817	0	0.044996389782867185	0.050547320125405436	6.247423414709314e-05	unsupported	True	0.0013185501056812	-0.0013185501056812
MAOB	chrX:43868874-43869375	13	-0.001735357411923458	0.029878035589885017	2	0.031613393001808474	0.03990404811328693	3.769121227042124e-05	unsupported	True	0.0012377403095242	0.0012377403095242
MAOB	chrX:43973369-43973870	14	0.010187727679754904	0.02757568513785373	0	0.017387957458098825	0.013723866960803922	6.580386154636189e-06	unsupported	True	0.0010745998655198	-0.0010745998655198
MAOB	chrX:43958419-43958920	15	0.022031084954180522	0.09106793280986132	3	0.0690368478556808	0.11092863041518891	0.0006974130717835948	unsupported	True	0.0010741361497848	0.0010741361497848
MAOB	chrX:43949568-43950069	16	-0.020727605864774352	0.026558274661223038	0	0.04728588052599739	0.04019888019559036	5.048301609926769e-05	unsupported	True	0.0009176316701946	0.0009176316701946
MAOB	chrX:43654652-43655153	17	0.023872511356778255	0.07515026631587104	3	0.051277754959092786	0.05134182602252789	0.00019784762320933957	unsupported	True	0.0007199405561509	0.0007199405561509
MAOB	chrX:43699455-43699956	18	-0.014956391463005075	0.05343880769931008	5	0.06839519916231515	0.05890668035242248	0.00021530143645714022	unsupported	True	0.0005890057734185	-0.0005890057734185
MAOB	chrX:43750301-43750802	19	2.791218974472735e-05	0.05674431685692116	3	0.05671640466717644	0.06135180061109775	0.0001974505636229576	unsupported	True	0.0005312315064759	0.0005312315064759
CHRM5	chr15:33960137-33960638	0	0.022142858280764743	0.0432839622804591	0	0.02114110399969436	0.039058280010576485	3.574108950838823e-05	unsupported	True	0.0171543043637855	0.0171543043637855
CHRM5	chr15:34061854-34062355	1	0.022379937420731577	0.06198539947880092	2	0.03960546205806934	0.04368568236247217	0.00010724661968819165	unsupported	True	0.0080422166800821	0.0080422166800821
CHRM5	chr15:33944830-33945331	2	0.021133623128904586	0.0450262658415209	5	0.023892642712616312	0.04856218107008718	5.224302357455866e-05	unsupported	True	0.007163452494146	0.007163452494146
CHRM5	chr15:34022428-34022929	3	0.0057371502407823705	0.03968270462120361	2	0.03394555438042124	0.03233354185234069	4.355494306751647e-05	unsupported	True	0.0064140216334804	0.0064140216334804
CHRM5	chr15:33964054-33964555	4	0.023415124833589634	0.05657330796514348	2	0.033158183131553845	0.039478774707870444	7.405697433316432e-05	unsupported	True	0.0036817185882439	0.0036817185882439
CHRM5	chr15:34101695-34102196	5	0.014540181751117931	0.04108053730975868	2	0.026540355558640746	0.023687627812223208	2.582643268358049e-05	unsupported	True	0.003126644414259	-0.003126644414259
CHRM5	chr15:34011614-34012115	6	0.021113011358198413	0.08724950498687496	2	0.06613649362867655	0.07014819391258559	0.00040478147779240785	unsupported	True	0.0023243472433683	0.0023243472433683
CHRM5	chr15:34168666-34169167	7	-0.003866144501015186	0.002309845344818992	2	0.0061759898458341785	0.008321742665366056	1.1871449734143516e-07	unsupported	True	0.0017963617034167	0.0017963617034167
CHRM5	chr15:33871925-33872426	8	0.023603167092306535	0.08628017203645179	3	0.06267700494414526	0.08795945601142903	0.0004756656306165213	unsupported	True	0.0017195023568699	0.0017195023568699
CHRM5	chr15:34038409-34038910	9	0.007460153672056033	0.03140572098040098	2	0.023945567308344948	0.028513718428861558	2.1443109099646927e-05	unsupported	True	0.0014220241234751	0.0014220241234751
CHRM5	chr15:34209889-34210390	10	0.0014673612396762137	0.03175137149063771	3	0.030284010250961498	0.04392132032159704	4.223293468515353e-05	unsupported	True	0.0012515094116173	0.0012515094116173
CHRM5	chr15:33913222-33913723	11	0.017922457131387827	0.044422552469119705	3	0.02650009533773188	0.0431333859747346	5.077670286944721e-05	unsupported	True	0.00117033625548	0.00117033625548
CHRM5	chr15:33835293-33835794	12	0.022531153108184647	0.042417813660826365	0	0.019886660552641718	0.03687709342216	3.110762280210241e-05	unsupported	True	0.0006477059409987	0.0006477059409987
CHRM5	chr15:34038936-34039437	13	0.005016549428570991	0.04557974590414268	2	0.04056319647557169	0.04846365045828078	8.960251391764227e-05	unsupported	True	0.0005054790040917	-0.0005054790040917
CHRM5	chr15:33893610-33894111	14	-0.014540561142508271	0.04657993904887267	2	0.06112050019138094	0.05714573252820711	0.00016269328182245456	unsupported	True	0.000404902993074	0.000404902993074
CHRM5	chr15:33831550-33832051	15	0.030735572011073402	0.09939585509351852	3	0.06866028308244512	0.09345857827915026	0.0006378125112291836	unsupported	True	0.000387851274018	0.000387851274018
CHRM5	chr15:33826139-33826640	16	0.012282071151701731	0.027616352280150726	5	0.015334281128448994	0.021765145300742698	9.217036469086567e-06	unsupported	True	0.0003253326746109	0.0003253326746109
CHRM5	chr15:33865865-33866366	17	0.021885580769523478	0.06939183002636472	3	0.04750624925684124	0.07887433139494436	0.00026001282803230733	unsupported	True	0.0002842093234629	0.0002842093234629
CHRM5	chr15:34006262-34006763	18	0.004450080254973358	0.029705271699909105	2	0.025255191444935748	0.027372278152991546	2.053502039825639e-05	unsupported	True	0.0002567286760203	-0.0002567286760203
CHRM5	chr15:33992617-33993118	19	0.03485963467493834	0.1267104673666903	2	0.09185083269175197	0.11374816318388942	0.00132385366777765	unsupported	True	0.0002006304665631	-0.0002006304665631
TMEM196	chr7:19864397-19864898	0	-0.007950612256405231	0.05476150027487674	2	0.06271211253128196	0.06416819066082444	0.00022036700147062295	unsupported	True	0.0124393490323049	0.0124393490323049
TMEM196	chr7:19708849-19709350	1	-3.286831506893111e-05	0.059431193186327946	2	0.059464061501396874	0.06718927290338958	0.00023744824274114865	unsupported	True	0.0120134766062372	0.0120134766062372
TMEM196	chr7:19728633-19729134	2	-0.016859278828630146	0.06430102061308818	4	0.08116029944171832	0.09637952728837423	0.0005029748836848922	unsupported	True	0.0103741151892218	0.0103741151892218
TMEM196	chr7:19747663-19748164	3	-0.0011432508685915964	0.03423766876913111	4	0.035380919637722705	0.02210438955879796	2.6776377918264946e-05	unsupported	True	0.0057292269841999	-0.0057292269841999
TMEM196	chr7:19772803-19773304	4	-0.009457218014923037	0.05433917725975103	2	0.06379639527467407	0.064047931849693	0.00022203135504875177	unsupported	True	0.0048316464364507	-0.0048316464364507
TMEM196	chr7:19732821-19733322	5	-0.003909754787141658	0.03809009030534615	3	0.04199984509248781	0.043534042561102944	6.964479885533094e-05	unsupported	True	0.0027883182311825	0.0027883182311825
TMEM196	chr7:19772280-19772781	6	-0.004808495471473322	0.04097603887203322	2	0.045784534343506544	0.05552793837799418	0.00010417423599528505	unsupported	True	0.0018848399783762	0.0018848399783762
TMEM196	chr7:19810826-19811327	7	-0.011543520675745048	0.0483944462932934	3	0.05993796696903844	0.06648625492134723	0.00019285433424215097	unsupported	True	0.0014211432009181	0.0014211432009181
TMEM196	chr7:19911929-19912430	8	-0.0014606288006390824	0.04237704619911219	2	0.04383767499975127	0.03672082670736005	6.82166902663276e-05	unsupported	True	0.0013910768505021	-0.0013910768505021
TMEM196	chr7:19919683-19920184	9	-0.01622291130939306	0.035915688006753155	4	0.052138599316146214	0.05665358246018747	0.00010608913967953033	unsupported	True	0.0010166002351569	0.0010166002351569
TMEM196	chr7:19568835-19569336	10	-0.008176163074585728	0.013834620973571816	2	0.022010784048157546	0.02968624272446804	9.03978314300107e-06	unsupported	True	0.0008689462796357	0.0008689462796357
TMEM196	chr7:19612703-19613204	11	-0.0001621605970899879	0.0564021102704597	2	0.05656427086754969	0.06324923373046104	0.00020178682869599824	unsupported	True	0.0008308528356664	0.0008308528356664
TMEM196	chr7:19665367-19665868	12	-0.006300489553671386	0.013607838935897282	3	0.019908328489568666	0.02531432859179396	6.857887736663248e-06	unsupported	True	0.0007923388520625	-0.0007923388520625
TMEM196	chr7:19773376-19773877	13	-0.005455971036390424	0.08664543718746529	2	0.09210140822385571	0.09953080118650931	0.0007942723933285514	unsupported	True	0.000756925200221	0.000756925200221
TMEM196	chr7:19919152-19919653	14	-0.011939562909878776	0.020901163886967132	5	0.03284072679684591	0.029511852658534943	2.0257213458352535e-05	unsupported	True	0.0007514218159449	0.0007514218159449
TMEM196	chr7:19835663-19836164	15	-0.016976609097616405	0.0036356575319857615	4	0.020612266629602166	0.02825968661724662	2.117756680245179e-06	unsupported	True	0.0003847990387126	0.0003847990387126
HOXC9	chr12:54133605-54134106	0	-0.019449505750487223	0.03936436225939249	2	0.05881386800987971	0.05699219101833462	0.00013194663403111464	unsupported	True	0.0109691223406687	0.0109691223406687
HOXC9	chr12:54051997-54052498	1	-0.01680945642103622	0.029685997936522362	4	0.046495454357558585	0.04648265540168225	6.415833411440577e-05	unsupported	True	0.0077524557545221	0.0077524557545221
HOXC9	chr12:53990254-53990755	2	-0.020438651510218935	0.04832573602984533	2	0.06876438754006427	0.07401685424639261	0.00024596464156970566	unsupported	True	0.0064602111986686	0.0064602111986686
HOXC9	chr12:54054256-54054757	3	-0.01836586145123164	0.02843161172854119	2	0.04679747317977283	0.03843396011097276	5.113744421776409e-05	unsupported	True	0.0047593168587018	0.0047593168587018
HOXC9	chr12:54052630-54053131	4	-0.02090925802475409	0.001957575752112661	1	0.02286683377686675	0.027959490246100976	1.2515663004451139e-06	unsupported	True	0.0030954640391289	0.0030954640391289
HOXC9	chr12:54040090-54040591	5	-0.018653209196474504	0.027342713788382406	2	0.04599592298485691	0.05702669318714497	7.171981216006118e-05	unsupported	True	0.0027914838489244	0.0027914838489244
HOXC9	chr12:54046906-54047407	6	-0.021832338183955836	0.031238989418913607	4	0.05307132760286944	0.051689784115115635	8.569621610131687e-05	unsupported	True	0.0023339708518344	0.0023339708518344
HOXC9	chr12:54082436-54082937	7	-0.030895613977819935	0.013348940975845217	2	0.04424455495366515	0.03590425040305036	2.1205694861933923e-05	unsupported	True	0.0022563603349593	0.0022563603349593
HOXC9	chr12:54053751-54054252	8	-0.03707096298563065	0.034068272525747595	2	0.07113923551137824	0.08452056148024041	0.0002048432605116691	unsupported	True	0.0021890326576195	0.0021890326576195
HOXC9	chr12:54148944-54149445	9	-0.03552880686752473	0.028734752202494548	2	0.06426355907001928	0.06884810712634994	0.00012713473874891284	unsupported	True	0.0018488230495778	0.0018488230495778
HOXC9	chr12:54134836-54135337	10	-0.02342190678152318	0.006621439992808972	2	0.030043346774332153	0.038107806930388434	7.580794334424717e-06	unsupported	True	0.0018341571726618	0.0018341571726618
HOXC9	chr12:54017792-54018293	11	-0.017967317416214382	0.020672386257975416	2	0.0386397036741898	0.06185584314502615	4.940889363886263e-05	unsupported	True	0.0015380782497551	-0.0015380782497551
HOXC9	chr12:54033819-54034320	12	-0.028869452352993236	-0.007877640588727081	1	0.020991811764266156	0.010627874410158283	0.0	unsupported	True	0.0014932474184096	0.0014932474184096
HOXC9	chr12:54033311-54033812	13	-0.024104732038974928	0.005595180903023204	2	0.02969991294199813	0.03575781666558672	5.942104734529618e-06	unsupported	True	0.0014871219534455	0.0014871219534455
HOXC9	chr12:53985446-53985947	14	-0.03717938492549417	0.01616377353529728	2	0.05334315846079145	0.06154242715095663	5.306352590434976e-05	unsupported	True	0.0014309225096791	0.0014309225096791
HOXC9	chr12:53984765-53985266	15	-0.022920632452054272	0.03317036832068917	2	0.05609100077274344	0.07643623588228704	0.00014221413845278075	unsupported	True	0.0014138858299133	0.0014138858299133
HOXC9	chr12:53991000-53991501	16	-0.02344409205956276	0.019976683698673343	2	0.04342077575823611	0.052077945606047095	4.5172571630783676e-05	unsupported	True	0.0012169482232152	0.0012169482232152
HOXC9	chr12:53935341-53935842	17	-0.012794108644623808	0.053412367951476476	1	0.06620647659610028	0.09718743889503961	0.00034367856460305093	unsupported	True	0.0012080501679438	0.0012080501679438
HOXC9	chr12:54079439-54079940	18	-0.041468202516656956	0.0070321482867585425	2	0.0485003508034155	0.03990208704532713	1.3609071997637401e-05	unsupported	True	0.0011701550810181	0.0011701550810181
HOXC9	chr12:53989024-53989525	19	-0.02172344147851104	0.04383785794535752	2	0.06556129942386857	0.07362725713082223	0.00021160966492937198	unsupported	True	0.0009944504510171	0.0009944504510171
OSBPL1A	chr18:24271898-24272399	0	0.02749537310071742	0.06348081810876942	2	0.035985445008051994	0.05922502587483126	0.000135292789701178	unsupported	True	0.0081592831527519	0.0081592831527519
OSBPL1A	chr18:24333119-24333620	1	0.00996371271460027	0.07965330143201532	1	0.06968958871741505	0.07472624235292195	0.000414805805967289	unsupported	True	0.006528855228239	0.006528855228239
OSBPL1A	chr18:24103609-24104110	2	0.00988891880658586	0.04180708296560677	1	0.031918164159020906	0.02911597518644972	3.8852512683845633e-05	unsupported	True	0.005916982453096	0.005916982453096
OSBPL1A	chr18:24271272-24271773	3	0.03114945313138339	0.0685864417863123	2	0.037436988654928914	0.06223243343482214	0.0001597923425893453	unsupported	True	0.0053347712033564	0.0053347712033564
OSBPL1A	chr18:24232103-24232604	4	0.026008336678754133	0.08964853961064666	4	0.06364020293189253	0.09605341914448978	0.0005480088899645127	unsupported	True	0.0041765209202591	0.0041765209202591
OSBPL1A	chr18:24215463-24215964	5	0.0034159556559182113	0.01807925733621335	2	0.01466330168029514	0.027369169923815502	7.255610859995795e-06	unsupported	True	0.003926619198941	0.003926619198941
OSBPL1A	chr18:24088873-24089374	6	0.007691712958352523	0.0560918834543825	1	0.04840017049602997	0.0437840084551268	0.000118867309698333	unsupported	True	0.0037229734334958	0.0037229734334958
OSBPL1A	chr18:24539694-24540195	7	-0.003087952795622504	0.04859359277971857	1	0.051681545575341076	0.06373241195511598	0.00016005706824469103	unsupported	True	0.002638120813552	0.002638120813552
OSBPL1A	chr18:24014502-24015003	8	0.023623367659606757	0.07437743265096655	2	0.050754064991359794	0.06112924897150989	0.00023076028940640769	unsupported	True	0.0025823003713284	-0.0025823003713284
OSBPL1A	chr18:24530579-24531080	9	0.002309980552653141	0.07465623559956798	1	0.07234625504691485	0.07200095205962888	0.0003888842745984495	unsupported	True	0.0023900742434364	0.0023900742434364
OSBPL1A	chr18:24426395-24426896	10	0.017999285644357304	0.05807095068049533	2	0.04007166503613803	0.048329423183720924	0.00011246255247636774	unsupported	True	0.0019966918832942	-0.0019966918832942
OSBPL1A	chr18:24239260-24239761	11	0.0032144160403616796	0.05088168400485448	1	0.047667267964492804	0.051467878602094216	0.00012482972265103634	unsupported	True	0.0016553379181951	-0.0016553379181951
OSBPL1A	chr18:24396963-24397464	12	0.02962699381211611	0.07615102286167978	4	0.04652402904956367	0.07294924881749354	0.00025844842123453254	unsupported	True	0.001545350307654	0.001545350307654
OSBPL1A	chr18:24426974-24427475	13	0.0180757489976106	0.06998967722060596	1	0.05191392822299536	0.05977187523844281	0.00021717746735120706	unsupported	True	0.0015244227756626	0.0015244227756626
OSBPL1A	chr18:24015202-24015703	14	0.014231825123976478	0.07075596945284568	1	0.0565241443288692	0.061828015177043005	0.00024727623937897405	unsupported	True	0.0012347229124765	-0.0012347229124765
OSBPL1A	chr18:24397662-24398163	15	0.022360864089714428	0.07170394656661006	4	0.04934308247689563	0.07247872915486023	0.0002564365385840164	unsupported	True	0.0011873675261703	-0.0011873675261703
OSBPL1A	chr18:24359678-24360179	16	0.012123317015287913	0.03849335961739944	2	0.02637004260211153	0.028035330495187624	2.845786590417032e-05	unsupported	True	0.0011383549519052	0.0011383549519052
OSBPL1A	chr18:24447150-24447651	17	-0.004066755692242571	0.03192421166797019	3	0.03599096736021276	0.04635454306669096	5.3260594015179643e-05	unsupported	True	0.0009641460397047	0.0009641460397047
OSBPL1A	chr18:24138764-24139265	18	0.010342784568093365	0.07421730969671615	1	0.0638745251286228	0.08714353399692897	0.0004131122375560258	unsupported	True	0.0008739858172997	0.0008739858172997
OSBPL1A	chr18:24544027-24544528	19	0.015553674717940346	0.057463452801303	1	0.04190977808336266	0.056416101294214475	0.00013586579972484452	unsupported	True	0.0007379727736078	0.0007379727736078
PTPN1	chr20:50561547-50562048	0	0.011453724088593492	0.07251765073918011	2	0.06106392665058662	0.08893151108848414	0.00039380762954483345	unsupported	True	0.0133576647763476	0.0133576647763476
PTPN1	chr20:50527121-50527622	1	0.011406615919762204	0.06372853017994777	3	0.052321914260185565	0.07274722033885388	0.00024256823634471932	unsupported	True	0.011916361319553	0.011916361319553
PTPN1	chr20:50379130-50379631	2	0.009414358024100353	0.09866314811296122	2	0.08924879008886086	0.12134611164395195	0.0010685212671784996	unsupported	True	0.0071657334668191	0.0071657334668191
PTPN1	chr20:50709095-50709596	3	0.0039524128381398325	0.06106510010086977	3	0.05711268726272994	0.07236926128561848	0.0002523944541530439	unsupported	True	0.006382236737263	0.006382236737263
PTPN1	chr20:50499310-50499811	4	0.015772663422934825	0.08554573217018899	2	0.06977306874725417	0.09497672792715565	0.0005668959778407679	unsupported	True	0.0026060170827441	0.0026060170827441
PTPN1	chr20:50579897-50580398	5	-0.007612017870111203	0.04290032347201057	4	0.05051234134212177	0.06179062146915871	0.00013390001614678538	unsupported	True	0.0021854687701183	0.0021854687701183
PTPN1	chr20:50663194-50663695	6	-0.006559939066911662	0.019484087096917777	3	0.026044026163829437	0.025181960458139165	1.2778436609470234e-05	unsupported	True	0.0019178820025508	0.0019178820025508
PTPN1	chr20:50731001-50731502	7	-0.006239990492591379	0.026646409048834956	3	0.03288639954142634	0.02411823089645281	2.1134913164982698e-05	unsupported	True	0.0015002373796571	-0.0015002373796571
PTPN1	chr20:50575807-50576308	8	-0.00417741887650429	0.045287065781969144	4	0.04946448465847343	0.05655925654051174	0.0001266984680964885	unsupported	True	0.0012524983298446	-0.0012524983298446
PTPN1	chr20:50668423-50668924	9	-0.01801627239101249	0.017397862191294137	2	0.035414134582306626	0.05582874459888863	3.439777742266308e-05	unsupported	True	0.001196292990893	-0.001196292990893
PTPN1	chr20:50680032-50680533	10	0.0026255231390138077	0.027350890471289302	5	0.024725367332275493	0.03567778406276716	2.412748728370669e-05	unsupported	True	0.0010077396921805	-0.0010077396921805
PTPN1	chr20:50628319-50628820	11	0.00411879465321539	0.07226250946622936	4	0.06814371481301397	0.07742021079328815	0.00038123537647623236	unsupported	True	0.0009496338766601	0.0009496338766601
PTPN1	chr20:50692109-50692610	12	-0.020131062438996577	0.022873417516327394	2	0.04300447995532397	0.05127812341353082	5.044020939668152e-05	unsupported	True	0.0009247854543577	-0.0009247854543577
PTPN1	chr20:50689895-50690396	13	-0.006333382995434141	0.00970851588768648	2	0.01604189888312062	0.011099248485675525	1.7286305918292317e-06	unsupported	True	0.0009142731125727	-0.0009142731125727
PTPN1	chr20:50655162-50655663	14	-0.018660593091187266	0.020410659644958425	4	0.03907125273614569	0.04705099362815606	3.7521757841243985e-05	unsupported	True	0.0008963316425642	-0.0008963316425642
PTPN1	chr20:50433654-50434155	15	-0.01799300378858945	0.010533266530242788	4	0.028526270318832238	0.030335576293291464	9.115076473884716e-06	unsupported	True	0.0008631790308925	-0.0008631790308925
PTPN1	chr20:50572991-50573492	16	-0.015696702209646498	0.011066712589755487	4	0.026763414799401985	0.025878833876208172	7.66487115873372e-06	unsupported	True	0.0008263114347475	-0.0008263114347475
PTPN1	chr20:50510007-50510508	17	-0.008741410482033578	0.02622314236081134	3	0.034964552842844915	0.03195976873484773	2.930328703659372e-05	unsupported	True	0.000791818624992	-0.000791818624992
PTPN1	chr20:50571098-50571599	18	-0.008189021619759554	0.02027363673052526	4	0.028462658350284813	0.0272346151009665	1.571550575828109e-05	unsupported	True	0.0007906182310424	-0.0007906182310424
PTPN1	chr20:50464160-50464661	19	-0.008254919334502427	0.04634399567464753	2	0.054598915009149956	0.054299089637740196	0.00013739471762098075	unsupported	True	0.000781450615318	0.000781450615318
TRAPPC11	chr4:183589325-183589826	0	-0.013834535564844982	0.027985858282359423	4	0.0418203938472044	0.04940290723783709	5.782015557860573e-05	unsupported	True	0.0085238753346401	0.0085238753346401
TRAPPC11	chr4:183589867-183590368	1	-0.00276924224602555	0.027884645884245444	2	0.030653888130270993	0.06008080229682959	5.1355436536031795e-05	unsupported	True	0.0077563000792524	0.0077563000792524
TRAPPC11	chr4:183571250-183571751	2	0.0003377510705722412	0.06114350909495553	0	0.06080575802438329	0.07584316965154757	0.0002819756078169132	unsupported	True	0.0073722813665629	0.0073722813665629
TRAPPC11	chr4:183840191-183840692	3	0.012929542627311694	0.059225248711019335	0	0.046295706083707644	0.051183732616621715	0.00014033938187442863	unsupported	True	0.006610130740999	0.006610130740999
TRAPPC11	chr4:183812492-183812993	4	-0.009391451592850347	0.041706983288233856	4	0.051098434881084204	0.06285250469514363	0.00013394884256192566	unsupported	True	0.0038252574863081	0.0038252574863081
TRAPPC11	chr4:183723178-183723679	5	0.0016352160521332735	0.04831115254916525	5	0.04667593649703198	0.05038695867077665	0.00011362099395571809	unsupported	True	0.0033824823264154	0.0033824823264154
TRAPPC11	chr4:183658995-183659496	6	-6.598091470918076e-05	0.04758620280775432	2	0.047652183722463506	0.06962459481692199	0.0001578797898022285	unsupported	True	0.0032631989004981	-0.0032631989004981
TRAPPC11	chr4:183839232-183839733	7	0.010094300866941663	0.04936817964186875	0	0.039273878774927086	0.05992777426295615	0.00011619275712561027	unsupported	True	0.0025866897949592	0.0025866897949592
TRAPPC11	chr4:183588037-183588538	8	-0.01594128908483824	0.009931311373451214	5	0.025872600458289458	0.027461120564596556	7.056103381522737e-06	unsupported	True	0.0025628579023472	0.0025628579023472
TRAPPC11	chr4:183618457-183618958	9	-0.004852464269295813	0.10200503575904052	5	0.10685750002833633	0.12765411699788365	0.001391430272474264	unsupported	True	0.0019735789782406	-0.0019735789782406
TRAPPC11	chr4:183821013-183821514	10	0.012117371240218876	0.043725915670398005	0	0.03160854443017913	0.05554492632436737	7.676933966275475e-05	unsupported	True	0.0017277738426431	0.0017277738426431
TRAPPC11	chr4:183601226-183601727	11	0.008401258441834683	0.05872286548263997	0	0.05032160704080529	0.08355837025882136	0.00024691740405943	unsupported	True	0.0016730694914256	-0.0016730694914256
TRAPPC11	chr4:183637168-183637669	12	-0.003455824210971025	0.0076076835031149	0	0.011063507714085926	0.021307531720250596	1.793405194428518e-06	unsupported	True	0.0012505473082388	0.0012505473082388
TRAPPC11	chr4:183597000-183597501	13	0.01004949826648464	0.050018101298151416	0	0.03996860303166677	0.06197349775302326	0.00012389454331799356	unsupported	True	0.0012329087524524	0.0012329087524524
TRAPPC11	chr4:183747870-183748371	14	0.007781707030349999	0.058203802092101325	0	0.050422095061751326	0.05780752374435271	0.00016965107207633827	unsupported	True	0.0010288890347343	0.0010288890347343
TRAPPC11	chr4:183722666-183723167	15	0.004592775964554795	0.062266397549305	2	0.0576736215847502	0.0840447280885239	0.0003018154308953003	unsupported	True	0.0010262900681534	0.0010262900681534
TRAPPC11	chr4:183823782-183824283	16	-0.0029388727042751906	0.03507344653104672	0	0.03801231923532191	0.052901889343242955	7.053001806105213e-05	unsupported	True	0.0007222892424463	0.0007222892424463
TRAPPC11	chr4:183619127-183619628	17	0.0015657061693610023	0.10045934462716012	5	0.09889363845779912	0.12035513128761983	0.0011957029676749242	unsupported	True	0.0006700915886193	-0.0006700915886193
TRAPPC11	chr4:183721245-183721746	18	-0.004692352170079105	0.030491647117356708	2	0.03518399928743581	0.03621221976733712	3.884912446174393e-05	unsupported	True	0.000528901259181	0.000528901259181
TRAPPC11	chr4:183635316-183635817	19	0.005194709600708407	0.08808319521342306	0	0.08288848561271465	0.09413511362220492	0.0006872882456860548	unsupported	True	0.000478773870487	-0.000478773870487
GPR26	chr10:123665671-123666172	0	-0.025284921174878454	-0.01612256388773376	2	0.009162357287144693	0.03005496035842946	0.0	unsupported	True	0.0096624983209698	0.0096624983209698
GPR26	chr10:123666541-123667042	1	-0.03456921226439148	-0.01864586887484724	4	0.015923343389544244	0.02583561015207716	0.0	unsupported	True	0.0095378605858868	0.0095378605858868
GPR26	chr10:123706292-123706793	2	-0.023093317268569846	0.014660150787256045	2	0.03775346805582589	0.06261250784399816	3.46542407915706e-05	unsupported	True	0.005913867125113	0.005913867125113
GPR26	chr10:123759254-123759755	3	-0.028770265296962957	-0.009008435368731303	3	0.019761829928231653	0.032573645732181356	0.0	unsupported	True	0.0049490932732145	0.0049490932732145
GPR26	chr10:123835179-123835680	4	-0.018554697292650416	-0.017166072314033567	2	0.0013886249786168488	0.015852942459764006	0.0	unsupported	True	0.0038760366185706	0.0038760366185706
GPR26	chr10:123837322-123837823	5	-0.008717638267922765	0.009208061834588948	0	0.017925700102511714	0.03245663121850024	5.35732254410699e-06	unsupported	True	0.0038412005310611	0.0038412005310611
GPR26	chr10:123751719-123752220	6	-0.015184044251624455	-0.010337164535270983	3	0.0048468797163534715	0.011025004455549242	0.0	unsupported	True	0.0030342936270882	0.0030342936270882
GPR26	chr10:123665108-123665609	7	-0.029585455135951667	-0.020548545442716528	4	0.009036909693235139	0.024381919126625993	0.0	unsupported	True	0.0022210418787195	0.0022210418787195
GPR26	chr10:123759769-123760270	8	-0.02564951783019062	-0.014543121495956289	0	0.011106396334234332	0.0239942905159335	0.0	unsupported	True	0.0021717438233422	0.0021717438233422
GPR26	chr10:123583616-123584117	9	-0.03776934621519334	-0.021243764309830052	2	0.016525581905363285	0.018918162504458488	0.0	unsupported	True	0.0017824426239871	0.0017824426239871
GPR26	chr10:123705652-123706153	10	-0.02097685030477632	0.002222257867714481	2	0.023199108172490802	0.046730646684855943	2.4091704823049086e-06	unsupported	True	0.0017495204457823	0.0017495204457823
GPR26	chr10:123613478-123613979	11	-0.03042306333277029	-0.006425080921942409	3	0.02399798241082788	0.03456374940018132	0.0	unsupported	True	0.0015578413951243	0.0015578413951243
GPR26	chr10:123659575-123660076	12	-0.01758304836566875	0.034090552703579975	2	0.051673601069248724	0.07789088776878367	0.00013721115630843206	unsupported	True	0.0015056181533024	0.0015056181533024
GPR26	chr10:123796121-123796622	13	-0.024766032522231828	0.00021647371285145857	2	0.024982506235083288	0.042596636795686905	2.3036499213557544e-07	unsupported	True	0.0013509327703167	0.0013509327703167
GPR26	chr10:123779083-123779584	14	-0.03022590991584384	-0.012407460404951255	2	0.017818449510892585	0.030189994744280635	0.0	unsupported	True	0.0010810003089838	0.0010810003089838
GPR26	chr10:123606155-123606656	15	-0.03176927952785177	0.01277825289851806	3	0.04454753242636983	0.053272684735954805	3.032492363316182e-05	unsupported	True	0.0010345554442372	0.0010345554442372
GPR26	chr10:123823723-123824224	16	-0.014007314880991798	0.02087698648865466	3	0.03488430136964646	0.044081263268287	3.210346222679695e-05	unsupported	True	0.0008572106262552	0.0008572106262552
GPR26	chr10:123726738-123727239	17	-0.005905653114233626	0.02350245956095722	3	0.029408112675190848	0.03779228993898276	2.612063169416154e-05	unsupported	True	0.000724145607488	-0.000724145607488
GPR26	chr10:123554445-123554946	18	-0.022165830642212028	0.041630302116056304	2	0.06379613275826833	0.07369738701052317	0.0001957293733634133	unsupported	True	0.000672158021958	0.000672158021958
GPR26	chr10:123642215-123642716	19	-0.040009267715976043	-0.00125635566003544	2	0.03875291205594061	0.03859582741819557	0.0	unsupported	True	0.0006717562640232	-0.0006717562640232
PABPC1L	chr20:44885342-44885843	0	0.0011341004688308017	0.03624962351656764	0	0.03511552304773684	0.034745051231057256	4.422782662067364e-05	unsupported	True	0.0098159628715043	-0.0098159628715043
PABPC1L	chr20:44805856-44806357	1	0.002460294103311203	0.04266818380707244	1	0.04020788970376124	0.06155627869650767	0.00010560580574329326	unsupported	True	0.0053097519594224	0.0053097519594224
PABPC1L	chr20:44909766-44910267	2	0.0246755464321237	0.07357900980722651	1	0.048903463375102804	0.07901292449947832	0.000284309710309643	unsupported	True	0.0048017868126994	0.0048017868126994
PABPC1L	chr20:45095735-45096236	3	0.01762853242679246	0.06559418239182352	1	0.047965649965031054	0.06530022226662305	0.0002054519730906372	unsupported	True	0.0039905895271216	0.0039905895271216
PABPC1L	chr20:45049907-45050408	4	0.017208410236113563	0.06920189641763272	1	0.05199348618151915	0.07583873065430695	0.0002728713814077525	unsupported	True	0.0039278329064156	0.0039278329064156
PABPC1L	chr20:44966202-44966703	5	0.008368742576517214	0.04102056211767475	0	0.032651819541157534	0.04152444536789754	5.5617675685119746e-05	unsupported	True	0.0035761365208484	-0.0035761365208484
PABPC1L	chr20:45051303-45051804	6	0.01886315229640283	0.050658646358094465	1	0.03179549406169163	0.04799907664119499	7.73129138242646e-05	unsupported	True	0.0035270700134736	0.0035270700134736
PABPC1L	chr20:45098299-45098800	7	0.004045508563303365	0.049358716512214844	1	0.04531320794891148	0.05424228640635893	0.00012131839462114836	unsupported	True	0.0034371926647241	0.0034371926647241
PABPC1L	chr20:45044004-45044505	8	0.01571431489278513	0.046824684017868975	1	0.031110369125083845	0.03573564425068585	5.2057299544923445e-05	unsupported	True	0.0026480799729951	0.0026480799729951
PABPC1L	chr20:44960221-44960722	9	0.003470069219289668	0.044366535399770396	0	0.04089646618048073	0.046308409240894875	8.402357603928044e-05	unsupported	True	0.0024860454347765	-0.0024860454347765
PABPC1L	chr20:45097715-45098216	10	0.009341053600340656	0.05767126764268674	1	0.04833021404234609	0.06739644602757157	0.00018785173554249838	unsupported	True	0.0018571165675687	0.0018571165675687
PABPC1L	chr20:45072965-45073466	11	0.011862001197001908	0.05657477118503015	1	0.04471276998802824	0.0666856842935597	0.00016868908934391163	unsupported	True	0.0018133016096901	0.0018133016096901
PABPC1L	chr20:45011043-45011544	12	0.0005120051285201896	0.037494020634140396	1	0.036982015505620205	0.05332822295412788	7.39451513899639e-05	unsupported	True	0.001701729059388	0.001701729059388
PABPC1L	chr20:44785726-44786227	13	0.032683149055394906	0.07095690941981772	1	0.038273760364422815	0.05342902271721073	0.00014510188524743934	unsupported	True	0.0016279907505563	0.0016279907505563
PABPC1L	chr20:44810320-44810821	14	-0.006808400073452478	0.026352418853847374	0	0.03316081892729985	0.04103765096119017	3.586148134850381e-05	unsupported	True	0.0016026578925941	-0.0016026578925941
PABPC1L	chr20:44900627-44901128	15	-0.003358122383241188	0.07625213692204742	1	0.07961025930528862	0.10080888669276296	0.0006119555474543623	unsupported	True	0.0014493484843286	0.0014493484843286
PABPC1L	chr20:45053033-45053534	16	0.010183678446419087	0.051955460529244546	1	0.04177178208282546	0.057450071906926706	0.00012468229252516567	unsupported	True	0.0013196322748282	0.0013196322748282
PABPC1L	chr20:44803350-44803851	17	0.007248906196956543	0.06014190380950355	1	0.05289299761254701	0.07260358619514595	0.00023095822071034003	unsupported	True	0.0011777582989924	0.0011777582989924
PABPC1L	chr20:45020420-45020921	18	0.03564304980032257	0.07847976719502006	1	0.04283671739469749	0.07489740254749869	0.0002517912569228896	unsupported	True	0.0011168562133347	0.0011168562133347
PABPC1L	chr20:44979288-44979789	19	-0.0027264068245859124	0.012292712763424307	1	0.01501911958801022	0.021561470717941067	3.980802121427554e-06	unsupported	True	0.0009977018624143	0.0009977018624143
CYFIP1	chr15:22888107-22888608	0	0.035553156023402956	0.11460944693948394	4	0.07905629091608099	0.10438781402763014	0.0009458159959312176	unsupported	True	0.008165391647257	0.008165391647257
CYFIP1	chr15:23086568-23087069	1	0.00579276233326837	0.07049283111234472	0	0.06470006877907636	0.08100948470811858	0.0003694754314535406	unsupported	True	0.0068421234255805	0.0068421234255805
CYFIP1	chr15:22979449-22979950	2	0.003503120578301883	0.0664296800961416	0	0.06292655951783972	0.060343964983712695	0.0002522493125035801	unsupported	True	0.0058715433912034	0.0058715433912034
CYFIP1	chr15:22980158-22980659	3	0.04317491158732403	0.09006810221477468	0	0.04689319062745065	0.05614892712345956	0.000237149524172524	unsupported	True	0.0056830013082559	0.0056830013082559
CYFIP1	chr15:22786316-22786817	4	0.022087836960279564	0.09691829654812628	0	0.07483045958784672	0.07964336276678008	0.0005776087634776306	unsupported	True	0.0045176214250724	-0.0045176214250724
CYFIP1	chr15:22938699-22939200	5	0.04205076170948166	0.10386721867028285	0	0.061816456960801194	0.08566270695569883	0.000550014838306919	unsupported	True	0.0039083191074729	0.0039083191074729
CYFIP1	chr15:22838318-22838819	6	0.016130680798033138	0.10804006780513135	0	0.09190938700709822	0.09703235330358907	0.0009635212161579425	unsupported	True	0.0032065359989152	-0.0032065359989152
CYFIP1	chr15:22787051-22787552	7	0.027978345180652203	0.12560576768806672	0	0.09762742250741452	0.11278630691698206	0.0013830496848909212	unsupported	True	0.0027283873715715	0.0027283873715715
CYFIP1	chr15:22757589-22758090	8	-0.0030619760146474314	0.07879673618126644	0	0.08185871219591387	0.09021769503679151	0.0005819221177981697	unsupported	True	0.0026884770926521	0.0026884770926521
CYFIP1	chr15:22991934-22992435	9	0.021048423681238083	0.13201167956204346	0	0.11096325588080538	0.147088515261193	0.0021546181404433484	unsupported	True	0.0024351823816996	0.0024351823816996
CYFIP1	chr15:23039395-23039896	10	0.026594975032697803	0.11264978171531892	0	0.08605480668262111	0.0803427347600446	0.0007788469047469374	unsupported	True	0.0023937977737071	0.0023937977737071
CYFIP1	chr15:22966661-22967162	11	0.027869599051935798	0.11382293371130658	4	0.08595333465937079	0.0861765581323916	0.0008431049708869898	unsupported	True	0.0021591827606322	0.0021591827606322
CYFIP1	chr15:22876144-22876645	12	0.0210779889908591	0.09325175738846438	5	0.07217376839760528	0.08272209832116686	0.0005567470812433842	unsupported	True	0.001241419972868	0.001241419972868
CYFIP1	chr15:23073775-23074276	13	-0.002392271817764138	0.05620224528810421	2	0.05859451710586835	0.08258165247419083	0.0002719532256994144	unsupported	True	0.0012017657478394	0.0012017657478394
CYFIP1	chr15:22815739-22816240	14	0.01155374744516521	0.0828293224983668	0	0.07127557505320159	0.06011670246475577	0.00035491143276751417	unsupported	True	0.001200465230916	0.001200465230916
CYFIP1	chr15:22964516-22965017	15	0.013742752907039921	0.09311241992938014	5	0.07936966702234022	0.07356863558026554	0.0005436944174097908	unsupported	True	0.0011426249266886	0.0011426249266886
CYFIP1	chr15:22961795-22962296	16	0.07365261576213754	0.20988165538275505	4	0.1362290396206175	0.18481861104791625	0.005284329355526408	regional_candidate	True	0.0008967757324847	0.0008967757324847
CYFIP1	chr15:22874770-22875271	17	0.009749922922827923	0.06364005666094265	0	0.05389013373811473	0.06189228556294899	0.0002122639978753658	unsupported	True	0.0007883231697235	0.0007883231697235
CYFIP1	chr15:22926226-22926727	18	0.0127775349192834	0.04885252635273605	0	0.03607499143345265	0.045049032856179075	7.939236440873451e-05	unsupported	True	0.000578106763968	0.000578106763968
CYFIP1	chr15:22919942-22920443	19	0.01642495624214436	0.10684387147818043	0	0.09041891523603607	0.09876048191883718	0.000954096074915459	unsupported	True	0.000514179922472	0.000514179922472
SPECC1L	chr22:24407171-24407672	0	-0.0111726813472442	0.016085011184762715	5	0.027257692532006918	0.033542686666845636	1.4706465244372014e-05	unsupported	True	0.0087294056445789	0.0087294056445789
SPECC1L	chr22:24408529-24409030	1	-0.0010044539673514502	0.031127324921697806	5	0.03213177888904926	0.035580305913024454	3.5586579496308234e-05	unsupported	True	0.0086178247535617	0.0086178247535617
SPECC1L	chr22:24324998-24325499	2	0.0005730593703672678	0.05319613121593548	4	0.05262307184556821	0.06006705928643111	0.00016814835209298933	unsupported	True	0.0081274968680506	0.0081274968680506
SPECC1L	chr22:24367091-24367592	3	0.005265090420661089	0.025572594024359598	4	0.02030750360369851	0.02535402405030468	1.3166738825375309e-05	unsupported	True	0.0059372827348112	0.0059372827348112
SPECC1L	chr22:24390496-24390997	4	-0.0018204338534967216	0.033084033293720144	4	0.034904467147216865	0.03739597120490462	4.318414031537937e-05	unsupported	True	0.0050191112254402	0.0050191112254402
SPECC1L	chr22:24189616-24190117	5	-0.003488401163299089	0.014481447017118525	4	0.017969848180417615	0.02567038919934605	6.6801900902748786e-06	unsupported	True	0.0037591525687813	0.0037591525687813
SPECC1L	chr22:24270513-24271014	6	0.0006017087819820447	0.034323679372760235	4	0.03372197059077819	0.045288524721399895	5.2419751218671356e-05	unsupported	True	0.0031556319849401	-0.0031556319849401
SPECC1L	chr22:24555057-24555558	7	0.001959120043998189	0.03626492979898132	4	0.03430580975498313	0.04457985672350797	5.5461700892175315e-05	unsupported	True	0.001832624777948	-0.001832624777948
SPECC1L	chr22:24428835-24429336	8	-0.0008625551735320898	0.016881653561894396	4	0.017744208735426484	0.02328714690317487	6.975701755691854e-06	unsupported	True	0.0016770254276535	0.0016770254276535
SPECC1L	chr22:24271140-24271641	9	-0.006002540527087099	0.04037871621806329	4	0.04638125674515039	0.05189424051545464	9.718834339245498e-05	unsupported	True	0.0015620216747019	0.0015620216747019
SPECC1L	chr22:24402401-24402902	10	0.005337565895036776	0.021256129660386907	2	0.01591856376535013	0.01868272370935929	6.321618208451548e-06	unsupported	True	0.0014227927838631	0.0014227927838631
SPECC1L	chr22:24259423-24259924	11	0.004423809553256282	0.02768596561832696	4	0.023262156065070677	0.026717056388690163	1.7206726171392035e-05	unsupported	True	0.0014015599366537	0.0014015599366537
SPECC1L	chr22:24301926-24302427	12	0.013122914997124736	0.06286054883977996	2	0.04973763384265522	0.06975611902375359	0.00021809494489525202	unsupported	True	0.0010817385825654	0.0010817385825654
SPECC1L	chr22:24525349-24525850	13	-0.00813790993156285	0.005200393471614034	2	0.013338303403176884	0.01671056605925177	1.1591188218372648e-06	unsupported	True	0.0009993141478247	0.0009993141478247
SPECC1L	chr22:24545009-24545510	14	0.0056731259541183176	0.04977526358738176	0	0.04410213763326344	0.04014125341178513	8.811789987601411e-05	unsupported	True	0.0009116722666873	-0.0009116722666873
SPECC1L	chr22:24555656-24556157	15	-0.0004860577502633164	0.04197816953157739	4	0.042464227281840704	0.05516116844630309	9.832867337559613e-05	unsupported	True	0.0008903226250973	-0.0008903226250973
SPECC1L	chr22:24134054-24134555	16	-0.009877572301523729	0.04565764012418346	4	0.05553521242570719	0.06530834677544105	0.00016559628446798414	unsupported	True	0.0008519559100564	-0.0008519559100564
SPECC1L	chr22:24156828-24157329	17	-0.010883699840543	0.00865143907630519	5	0.019535138916848188	0.02210037241240705	3.7351190588441635e-06	unsupported	True	0.0008139453521466	0.0008139453521466
SPECC1L	chr22:24415966-24416467	18	-0.0012900830674614449	0.042612272406300236	5	0.04390235547376168	0.04680549830087751	8.756274942452034e-05	unsupported	True	0.0006944464932304	-0.0006944464932304
SPECC1L	chr22:24367708-24368209	19	-0.009259638266121037	0.011751094921809813	4	0.021010733187930848	0.017757959221169198	4.384424505913566e-06	unsupported	True	0.0006627383340786	0.0006627383340786
ST13	chr22:40683048-40683549	0	0.004519302252072686	0.03596150711124139	2	0.0314422048591687	0.045549550106187234	5.1503289605108264e-05	unsupported	True	0.0167687186894174	0.0167687186894174
ST13	chr22:40989340-40989841	1	-0.004911190919904151	0.04501653013947977	5	0.049927721059383916	0.039461962868842806	8.86936327948268e-05	unsupported	True	0.0074827769827497	0.0074827769827497
ST13	chr22:40818511-40819012	2	-0.009866713994411669	0.02424092964657794	4	0.03410764364098961	0.050330133213823805	4.1613003963581304e-05	unsupported	True	0.0043902318803345	0.0043902318803345
ST13	chr22:40951007-40951508	3	-0.01414239560440343	0.014964614429901787	4	0.029107010034305218	0.03327695984919681	1.449461785505503e-05	unsupported	True	0.003981637993426	-0.003981637993426
ST13	chr22:40733902-40734403	4	-0.0012256434666972759	0.05377190266732859	5	0.05499754613402587	0.07971139738988284	0.00023573232476335661	unsupported	True	0.0035210982885368	0.0035210982885368
ST13	chr22:40679919-40680420	5	-0.011654862680656396	0.01732172474491045	4	0.028976587425566844	0.03231348297488191	1.621892786231076e-05	unsupported	True	0.0030276671242517	0.0030276671242517
ST13	chr22:40856459-40856960	6	-0.013592027715461207	0.022313147465331796	4	0.035905175180793	0.04266493205084769	3.418132895889268e-05	unsupported	True	0.0030005139164765	-0.0030005139164765
ST13	chr22:40734408-40734909	7	-0.0008210092132300189	0.03562258366808063	2	0.03644359288131065	0.061792170288515566	8.02195184322431e-05	unsupported	True	0.0026979974920239	0.0026979974920239
ST13	chr22:40742476-40742977	8	-0.007936369801382064	0.051748955767068165	5	0.05968532556845023	0.0732126453756471	0.00022612847674872492	unsupported	True	0.0020568076414779	0.0020568076414779
ST13	chr22:40711518-40712019	9	-0.00843801862053421	-0.0071432583855479135	4	0.0012947602349862959	0.006438136923040227	0.0	unsupported	True	0.0018387788491024	0.0018387788491024
ST13	chr22:40721282-40721783	10	-0.01615553946240047	-0.0011784514423129866	5	0.014977088020087482	0.017001117350538063	0.0	unsupported	True	0.0016101602117296	0.0016101602117296
ST13	chr22:40714364-40714865	11	0.007453196374713223	0.03953836098051248	2	0.03208516460579926	0.06352702819141992	8.059005891289407e-05	unsupported	True	0.0016024819716704	0.0016024819716704
ST13	chr22:40679234-40679735	12	0.011067514375885091	0.06513301659332175	4	0.05406550221743667	0.07400582166627293	0.000260607745428387	unsupported	True	0.0013522805959229	0.0013522805959229
ST13	chr22:40727485-40727986	13	-0.004933339202379905	0.06350423152824299	2	0.06843757073062288	0.09492813888797638	0.00041256484319960956	unsupported	True	0.0011252277138447	0.0011252277138447
ST13	chr22:40972220-40972721	14	0.00023372261617301738	0.038075283446554586	5	0.03784156083038157	0.04649855132557554	6.699642190157422e-05	unsupported	True	0.0008687294211938	0.0008687294211938
ST13	chr22:40819181-40819682	15	-0.011121282918994186	0.02350228090673721	4	0.034623563825731396	0.04946751063938401	4.025333213383849e-05	unsupported	True	0.0007663662000039	-0.0007663662000039
ST13	chr22:41001331-41001832	16	-0.005903926574624382	0.037537912298636573	5	0.04344183887326095	0.0599989598689985	9.784126010475678e-05	unsupported	True	0.0007592735567641	0.0007592735567641
ST13	chr22:40726519-40727020	17	0.008008947056797718	0.12421905845048177	4	0.11621011139368405	0.14484700165137626	0.0020909404305772482	unsupported	True	0.0005224972310504	-0.0005224972310504
ST13	chr22:40922697-40923198	18	-0.016506288646815838	0.0297535589988388	5	0.046259847645654634	0.05393406504390945	7.423458318403238e-05	unsupported	True	0.0003774621113072	0.0003774621113072
ST13	chr22:40807938-40808439	19	-4.549481467453604e-06	0.08467932607731157	4	0.08468387555877903	0.09561605272568935	0.0006856601814114429	unsupported	True	0.0003566075775187	-0.0003566075775187
NSD2	chr4:1992842-1993343	0	-0.01826001106061921	0.0020280206544598537	5	0.020288031715079063	0.0195291299896054	8.035172136888939e-07	unsupported	True	0.0127938834443051	0.0127938834443051
NSD2	chr4:2058408-2058909	1	-0.016717097446109653	0.020036372721103753	5	0.036753470167213406	0.04960403160795304	3.6528717763588765e-05	unsupported	True	0.0065519914912896	0.0065519914912896
NSD2	chr4:1912979-1913480	2	-0.01934976493967736	0.01851764214945363	5	0.037867407089130986	0.05197567074435065	3.64461248261415e-05	unsupported	True	0.0060750245886243	0.0060750245886243
NSD2	chr4:1767159-1767660	3	-0.029032188002320422	0.005538257494591343	2	0.03457044549691177	0.03109096433558918	5.9526769291211836e-06	unsupported	True	0.0041702747347663	-0.0041702747347663
NSD2	chr4:2042228-2042729	4	-0.02109418313720298	0.018336225624999657	5	0.039430408762202634	0.0604901393766696	4.373466545005311e-05	unsupported	True	0.0038667698020641	0.0038667698020641
NSD2	chr4:1799390-1799891	5	-0.016376017533241857	0.04783817738844548	2	0.06421419492168734	0.0626748263325008	0.00019253017524084695	unsupported	True	0.0033493991729193	0.0033493991729193
NSD2	chr4:1870964-1871465	6	-0.010901213812238889	0.02604580231676393	5	0.03694701612900282	0.05709830612242346	5.494653808712077e-05	unsupported	True	0.0032420052857942	-0.0032420052857942
NSD2	chr4:2008354-2008855	7	-0.017709785123448087	0.007417639467153615	5	0.025127424590601702	0.025464906411585858	4.746306537195969e-06	unsupported	True	0.0022847325928366	0.0022847325928366
NSD2	chr4:2009043-2009544	8	-0.010026976011347732	0.03008052161253751	5	0.04010749762388524	0.06216415813687004	7.49982251587876e-05	unsupported	True	0.0020113097622001	-0.0020113097622001
NSD2	chr4:1797735-1798236	9	-0.029224748526868936	0.020719033547982768	3	0.0499437820748517	0.054654926226150854	5.6556201478266124e-05	unsupported	True	0.0017672443783213	0.0017672443783213
NSD2	chr4:2071876-2072377	10	-0.02448628517862453	0.020166386516195473	3	0.04465267169482	0.035475061771618466	3.19446913398226e-05	unsupported	True	0.0013618954200131	0.0013618954200131
NSD2	chr4:1921543-1922044	11	-0.01958697052431775	0.027193354708284188	2	0.046780325232601935	0.051316301679742854	6.528018463625312e-05	unsupported	True	0.0013601774376261	0.0013601774376261
NSD2	chr4:1899132-1899633	12	-0.021489854791749304	0.021390983059757885	0	0.04288083785150719	0.043185321039773725	3.9612309055069554e-05	unsupported	True	0.001343610121647	0.001343610121647
NSD2	chr4:1803711-1804212	13	-0.02783512220761226	0.011382420025016663	3	0.039217542232628924	0.041032968133230485	1.831672872239605e-05	unsupported	True	0.0012721690935058	0.0012721690935058
NSD2	chr4:1945451-1945952	14	-0.025758568901667382	0.020506574576417684	2	0.046265143478085066	0.044226880987572256	4.19597940417738e-05	unsupported	True	0.0011997646545378	0.0011997646545378
NSD2	chr4:1763311-1763812	15	-0.03207651985875895	0.00936212978016168	0	0.04143864963892063	0.0346752066825646	1.345238568238269e-05	unsupported	True	0.0011244579685907	0.0011244579685907
NSD2	chr4:2069064-2069565	16	-0.020449173703010647	0.006635939885393775	0	0.027085113588404423	0.0188093829888308	3.3807079417988474e-06	unsupported	True	0.0011209188436658	0.0011209188436658
NSD2	chr4:1911305-1911806	17	-0.008602126198201322	0.05103950684868618	5	0.05964163304688751	0.09824513915715463	0.0002990660178519635	unsupported	True	0.0011167156266074	0.0011167156266074
NSD2	chr4:2091907-2092408	18	-0.03304147723376169	0.011064918535664542	2	0.04410639576942623	0.03828641012918213	1.868505747965256e-05	unsupported	True	0.0010910727917633	0.0010910727917633
NSD2	chr4:1721129-1721630	19	-0.010932651113526135	0.036751963357504476	5	0.04768461447103061	0.07295494411540787	0.0001278537732920955	unsupported	True	0.0010036653994785	-0.0010036653994785
IGF2R	chr6:159969399-159969900	0	-0.011862117075821459	0.021916174615589198	4	0.03377829169141065	0.04346770847981075	3.217875072344866e-05	unsupported	True	0.00810572867506	0.00810572867506
IGF2R	chr6:160010030-160010531	1	-0.009062494771048656	0.010601089928810146	1	0.0196635846998588	0.030109279281901324	6.276442751448239e-06	unsupported	True	0.0071303259881177	0.0071303259881177
IGF2R	chr6:160095404-160095905	2	-0.00854893384485495	0.008403070711151718	0	0.016952004556006667	0.022923782651930853	3.2654674616791594e-06	unsupported	True	0.0058687232939691	0.0058687232939691
IGF2R	chr6:160030136-160030637	3	-0.006420085875177893	0.039933210758733705	4	0.0463532966339116	0.058057507230138146	0.00010746653385412419	unsupported	True	0.0057578942040177	0.0057578942040177
IGF2R	chr6:160077017-160077518	4	-0.01298552688202575	-0.0033668412645839634	1	0.009618685617441787	0.010794234564133288	0.0	unsupported	True	0.005613552475356	0.005613552475356
IGF2R	chr6:160259636-160260137	5	-0.008042360084479309	0.025094526965857105	4	0.03313688705033641	0.048674374061117645	4.04753950601783e-05	unsupported	True	0.004528202734271	0.004528202734271
IGF2R	chr6:159874425-159874926	6	-0.003054816579883764	0.029154808096615064	4	0.03220962467649883	0.05786969721439599	5.4343431884912325e-05	unsupported	True	0.0035592473311215	0.0035592473311215
IGF2R	chr6:160160567-160161068	7	-0.007227250282049648	0.01987655733304859	3	0.027103807615098237	0.03741113736907678	2.015451647574449e-05	unsupported	True	0.0031101457533065	0.0031101457533065
IGF2R	chr6:160041479-160041980	8	-0.01883445762126579	0.002842505727088634	4	0.021676963348354426	0.027960936612505385	1.7228660244339412e-06	unsupported	True	0.0019924907720369	0.0019924907720369
IGF2R	chr6:160141281-160141782	9	-0.013994555483698223	-0.001231102975779318	4	0.012763452507918905	0.017050248959750824	0.0	unsupported	True	0.0018807504975874	0.0018807504975874
IGF2R	chr6:159941630-159942131	10	-0.020986210586365406	0.008106828960160538	4	0.029093039546525944	0.030488193799929602	7.190710494425458e-06	unsupported	True	0.0017114464887573	-0.0017114464887573
IGF2R	chr6:159977360-159977861	11	-0.011341655539007007	0.0329580229982146	4	0.0442996785372216	0.06467263253975743	9.442397230743665e-05	unsupported	True	0.0013784563324786	0.0013784563324786
IGF2R	chr6:159863226-159863727	12	-0.008912594166258465	0.0030442043341818307	1	0.011956798500440294	0.01315225468587488	4.787281004773847e-07	unsupported	True	0.0012999435871507	0.0012999435871507
IGF2R	chr6:160260336-160260837	13	-0.012122949780202556	0.0189575223297243	4	0.031080472109926857	0.04906643903914607	2.891037492088391e-05	unsupported	True	0.0012550412734632	0.0012550412734632
IGF2R	chr6:160111696-160112197	14	-0.00873545708031206	0.002092676919083883	4	0.010828133999395943	0.021047705138790167	4.769364962836767e-07	unsupported	True	0.0011219225760218	0.0011219225760218
IGF2R	chr6:159953288-159953789	15	-0.02786754568478287	0.012921280145504666	4	0.040788825830287534	0.05007892954919491	2.6393791601087275e-05	unsupported	True	0.0010162199646321	0.0010162199646321
IGF2R	chr6:160167968-160168469	16	-0.01679849188795887	0.031798342274989504	4	0.04859683416294837	0.0485857205640176	7.507945404223914e-05	unsupported	True	0.0009577899531927	-0.0009577899531927
IGF2R	chr6:159900062-159900563	17	-0.0030797405500790727	0.04690710447522916	5	0.04998684502530823	0.06364399067940035	0.00014922849372727638	unsupported	True	0.0006870799410034	-0.0006870799410034
IGF2R	chr6:159983468-159983969	18	-0.02313826885920996	0.000138114158805029	3	0.02327638301801499	0.027429528328237262	8.818039447160502e-08	unsupported	True	0.0005831402417531	0.0005831402417531
IGF2R	chr6:160198548-160199049	19	-0.018425871877713496	0.03920682336595721	5	0.057632695243670706	0.07081601710967816	0.00016001551127798483	unsupported	True	0.0005393590765188	0.0005393590765188
TMCO3	chr13:113364043-113364544	0	0.0005651602683650845	0.012897167377945459	5	0.012332007109580375	0.006173491443065737	9.818812188516922e-07	unsupported	True	0.0168861293893763	-0.0168861293893763
TMCO3	chr13:113538906-113539407	1	0.0056708664390738885	0.06523402614428978	0	0.05956315970521589	0.04780183176083218	0.0001857361548825707	unsupported	True	0.0079801178555805	0.0079801178555805
TMCO3	chr13:113542838-113543339	2	0.00956846844253692	0.039659004433937106	2	0.030090535991400186	0.04946307880383362	5.9027294360459845e-05	unsupported	True	0.0071967360008921	0.0071967360008921
TMCO3	chr13:113533424-113533925	3	0.011608556617650643	0.06363468834971811	3	0.052026131732067465	0.061425648863626274	0.00020335984891718258	unsupported	True	0.0036300270763432	0.0036300270763432
TMCO3	chr13:113647421-113647922	4	0.014062701470200157	0.05414962655820676	3	0.0400869250880066	0.061732349826644446	0.00013400191935334694	unsupported	True	0.0032441804714297	-0.0032441804714297
TMCO3	chr13:113444282-113444783	5	0.02438552389097546	0.09866710072863669	3	0.07428157683766123	0.0927908736517767	0.0006800780297234366	unsupported	True	0.003030842329701	0.003030842329701
TMCO3	chr13:113548051-113548552	6	0.020026301097260512	0.0427108485484721	2	0.022684547451211585	0.020131036064894872	1.950448314545327e-05	unsupported	True	0.0029443467114133	0.0029443467114133
TMCO3	chr13:113450801-113451302	7	-0.018624323123241984	0.00586161741657199	5	0.024485940539813976	0.03039629944487677	4.36269622171857e-06	unsupported	True	0.0018785666501807	0.0018785666501807
TMCO3	chr13:113562343-113562844	8	4.679631348319023e-05	0.04377668982219555	3	0.043729893508712356	0.058880892221487915	0.00011271863508732462	unsupported	True	0.0018608904491713	-0.0018608904491713
TMCO3	chr13:113490630-113491131	9	0.00046433117329934385	0.015496891902246162	0	0.015032560728946818	0.00953668879688125	2.221647649582127e-06	unsupported	True	0.0016948201691128	0.0016948201691128
TMCO3	chr13:113483780-113484281	10	-0.006841451226448133	0.02253605633619028	1	0.029377507562638412	0.026217405391739466	1.7357316229447037e-05	unsupported	True	0.0016920181912901	0.0016920181912901
TMCO3	chr13:113584372-113584873	11	-0.018575459759170028	0.013654167969187916	2	0.03222962772835794	0.03308244301409852	1.455854936359305e-05	unsupported	True	0.0015509275204943	0.0015509275204943
TMCO3	chr13:113664026-113664527	12	0.012604279462704822	0.04128799066444081	5	0.02868371120173599	0.02685694676114675	3.180648868777119e-05	unsupported	True	0.0009439198072986	-0.0009439198072986
TMCO3	chr13:113617751-113618252	13	0.009959136413833199	0.05046753182994176	0	0.04050839541610856	0.05557395030936203	0.00011361309075575243	unsupported	True	0.0007641489254607	0.0007641489254607
TMCO3	chr13:113458564-113459065	14	0.014958383154066108	0.07573555920011675	3	0.060777176046050645	0.07477321625257595	0.0003441806219879714	unsupported	True	0.0005173058733805	-0.0005173058733805
TMCO3	chr13:113457396-113457897	15	0.0026904968658723566	0.07523778737547103	3	0.07254729050959867	0.07381667410982823	0.00040291337646440335	unsupported	True	0.0005108697737238	-0.0005108697737238
TMCO3	chr13:113489532-113490033	16	0.004651812479685742	0.018207311357415396	3	0.013555498877729655	0.01462131537521886	3.6086749850740193e-06	unsupported	True	0.0005049426496106	-0.0005049426496106
TMCO3	chr13:113626155-113626656	17	0.02161583878642302	0.08444507377304673	3	0.06282923498662371	0.07289609330204623	0.00038675892560837143	unsupported	True	0.0004460043704743	0.0004460043704743
TMCO3	chr13:113627046-113627547	18	-0.008192533018778566	0.007446724001149866	3	0.01563925701992843	0.015016896605715271	1.7488862586515287e-06	unsupported	True	0.0004290058379861	0.0004290058379861
TMCO3	chr13:113544251-113544752	19	-0.008729452045380715	0.009153432623975047	2	0.01788288466935576	0.014664339432459057	2.4004024947125553e-06	unsupported	True	0.0003806430853977	-0.0003806430853977
IFT43	chr14:76134212-76134713	0	-0.004717797838026373	0.023192011827182064	2	0.027909809665208438	0.03508547011078348	2.2710285744281543e-05	unsupported	True	0.0106540827528272	0.0106540827528272
IFT43	chr14:76058071-76058572	1	-0.0033547792911811183	0.0476396380566153	5	0.05099441734779642	0.06649867308920868	0.0001615489228880987	unsupported	True	0.0078684901723656	0.0078684901723656
IFT43	chr14:76035061-76035562	2	0.006237281118884099	0.06075660367671827	2	0.05451932255783417	0.06711895932848394	0.00022232543645099657	unsupported	True	0.0075331265391357	0.0075331265391357
IFT43	chr14:76125419-76125920	3	-0.003220920897501858	0.04202843462257127	5	0.04524935552007313	0.06372218829259221	0.0001211842820560368	unsupported	True	0.0065059847683854	0.0065059847683854
IFT43	chr14:76050749-76051250	4	0.006979999553823364	0.038898746093787975	2	0.03191874653996461	0.03419597159059182	4.245769156135182e-05	unsupported	True	0.0033502958843482	0.0033502958843482
IFT43	chr14:76105848-76106349	5	-0.013680687088984856	0.015121534832423896	4	0.02880222192140875	0.0201691647578999	8.784353010894317e-06	unsupported	True	0.0029864544130276	0.0029864544130276
IFT43	chr14:75803905-75804406	6	0.022636109171282313	0.09572921134198491	1	0.0730931021707026	0.10774912755160226	0.0007539362718324711	unsupported	True	0.0025641718636315	0.0025641718636315
IFT43	chr14:75849335-75849836	7	-0.01709854674340337	0.02042214754207937	5	0.03752069428548274	0.04461344998766329	3.418519678971652e-05	unsupported	True	0.0025017448991125	0.0025017448991125
IFT43	chr14:75810817-75811318	8	-0.0022460142301402317	0.07311406481966161	4	0.07536007904980184	0.08029427264204024	0.00044241194380346396	unsupported	True	0.0023409706851394	-0.0023409706851394
IFT43	chr14:76151608-76152109	9	0.011130487869259855	0.03924778876454612	1	0.028117300895286267	0.026779902561741255	2.9552744184362565e-05	unsupported	True	0.0023310794861914	-0.0023310794861914
IFT43	chr14:76084389-76084890	10	0.02083427719632209	0.05525231058591925	1	0.03441803338959716	0.03940164018593238	7.492914840359422e-05	unsupported	True	0.0014042507384416	-0.0014042507384416
IFT43	chr14:75773150-75773651	11	0.011123735250544617	0.0631660941642875	2	0.05204235891374289	0.0721509062559616	0.00023718257917289533	unsupported	True	0.0013721478711262	0.0013721478711262
IFT43	chr14:75985505-75986006	12	0.010641480694350322	0.028107975800323853	1	0.01746649510597353	0.01688956847311709	8.291896852261782e-06	unsupported	True	0.001337413607637	0.001337413607637
IFT43	chr14:75981760-75982261	13	0.024404997470247363	0.07919516915934377	1	0.054790171689096404	0.07697357746361413	0.0003339973519948617	unsupported	True	0.0011123340771347	0.0011123340771347
IFT43	chr14:75906621-75907122	14	0.03367332487755128	0.0593566024311468	1	0.02568327755359552	0.03262170716925404	4.973088226679522e-05	unsupported	True	0.0009061281240312	-0.0009061281240312
IFT43	chr14:76117745-76118246	15	0.01755814416743946	0.04330161793743795	3	0.025743473769998488	0.02907398154216876	3.2409757646835956e-05	unsupported	True	0.0008719462616583	-0.0008719462616583
IFT43	chr14:76178109-76178610	16	0.010137144451187427	0.08107977465045903	5	0.0709426301992716	0.09182448692229127	0.0005281755937978663	unsupported	True	0.0007762036933338	0.0007762036933338
IFT43	chr14:75911863-75912364	17	0.020817213719956727	0.06283169166030339	3	0.04201447794034666	0.045108109179670675	0.00011907822355978978	unsupported	True	0.0005948364425792	0.0005948364425792
IFT43	chr14:76043615-76044116	18	-0.009492999557435348	0.03629761218361232	5	0.04579061174104767	0.05153418272424725	8.565444289087109e-05	unsupported	True	0.0005448611319863	0.0005448611319863
IFT43	chr14:75904319-75904820	19	0.000845847367478677	0.0882410938615012	1	0.08739524649402251	0.1101075061426672	0.0008491328078594391	unsupported	True	0.0005256231639471	0.0005256231639471
STK24	chr13:98506265-98506766	0	0.029037511934092316	0.0789401933812198	1	0.04990268144712748	0.06048372294986615	0.00023826518245415683	unsupported	True	0.0069533771785909	0.0069533771785909
STK24	chr13:98366038-98366539	1	-0.0020518921015896642	0.04887705773031058	2	0.050928949831900244	0.0574657733407077	0.00014304709125318135	unsupported	True	0.0047887866868082	-0.0047887866868082
STK24	chr13:98576899-98577400	2	0.034978928067837624	0.0733948070500995	2	0.038415878982261877	0.02407291786468463	6.787421843072078e-05	unsupported	True	0.0046114276709152	0.0046114276709152
STK24	chr13:98576037-98576538	3	0.03445030308605654	0.07838709051219497	2	0.043936787426138435	0.029725482069862023	0.00010237684711280865	unsupported	True	0.0044333103463101	0.0044333103463101
STK24	chr13:98307783-98308284	4	0.026103697671414638	0.11986368107225369	0	0.09375998340083905	0.09758302719511115	0.0010966787271206038	unsupported	True	0.0043400073131695	0.0043400073131695
STK24	chr13:98581985-98582486	5	0.019680519792629945	0.0880673082853025	1	0.06838678849267256	0.09657729896245895	0.0005816503409887167	unsupported	True	0.0041297495596389	0.0041297495596389
STK24	chr13:98349873-98350374	6	0.03523480495028318	0.09078242831696583	2	0.05554762336668265	0.08246269992673122	0.0004158386263832878	unsupported	True	0.0038196629076136	0.0038196629076136
STK24	chr13:98537083-98537584	7	0.031056553512598582	0.11333261930278819	2	0.08227606579018962	0.08163083049283004	0.0007611717434647234	unsupported	True	0.0027491055717226	0.0027491055717226
STK24	chr13:98327875-98328376	8	0.025113086426564415	0.07506787962502742	1	0.04995479319846301	0.06873632284537645	0.00025776123833758736	unsupported	True	0.0027191569554874	0.0027191569554874
STK24	chr13:98299297-98299798	9	-0.007771529201975941	0.08153320702069228	1	0.08930473622266821	0.08522345751570526	0.0006205376929961985	unsupported	True	0.0023699160057385	0.0023699160057385
STK24	chr13:98339732-98340233	10	0.03157530063865254	0.09763257868816175	5	0.0660572780495092	0.07605605888856232	0.00049051156514592	unsupported	True	0.0022920283416308	0.0022920283416308
STK24	chr13:98518994-98519495	11	0.018669856860083694	0.058253408063151366	5	0.03958355120306767	0.055072799412133215	0.0001269910883177915	unsupported	True	0.0021361280565555	0.0021361280565555
STK24	chr13:98454314-98454815	12	0.04261887614786538	0.09598443678733558	2	0.0533655606394702	0.031128079692311045	0.00015944621964149015	unsupported	True	0.001968168185155	0.001968168185155
STK24	chr13:98543571-98544072	13	0.02100677244363084	0.0630564744779569	1	0.04204970203432606	0.062334986930162595	0.00016528158955715454	unsupported	True	0.0018853761422442	0.0018853761422442
STK24	chr13:98450470-98450971	14	0.01643102959544072	0.06797780009228953	1	0.051546770496848804	0.06207047975093857	0.00021749719932355612	unsupported	True	0.0016864588416531	0.0016864588416531
STK24	chr13:98542780-98543281	15	0.020317027420630605	0.05691985415967704	1	0.03660282673904644	0.027777083249214032	5.787154077278394e-05	unsupported	True	0.0016144768533792	0.0016144768533792
STK24	chr13:98390333-98390834	16	0.028384501851197667	0.07783461409455157	1	0.049450112243353904	0.041139723930363956	0.00015834393422280166	unsupported	True	0.0014562409513739	0.0014562409513739
STK24	chr13:98468370-98468871	17	0.026852064009723994	0.11778199878887571	1	0.09092993477915172	0.12275369512704265	0.0013146809616768553	unsupported	True	0.0014199953279882	0.0014199953279882
STK24	chr13:98482965-98483466	18	0.02200708764002889	0.06472784132752214	5	0.04272075368749326	0.049925825988613115	0.0001380560006833772	unsupported	True	0.0013571154513654	0.0013571154513654
STK24	chr13:98451735-98452236	19	0.02033736738298647	0.0678018122521526	1	0.04746444486916612	0.05483492124847794	0.00017646839350809643	unsupported	True	0.0013368037417477	0.0013368037417477
NIM1K	chr5:43191866-43192367	0	-0.0027289391556251457	0.04900985117480009	4	0.051738790330425236	0.07190873248333755	0.00018233972181973333	unsupported	True	0.0152691141066171	0.0152691141066171
NIM1K	chr5:43313343-43313844	1	-0.014917739019833313	0.028662699084582605	4	0.04358043810441592	0.05193587806818717	6.487481831479561e-05	unsupported	True	0.0054992515658238	-0.0054992515658238
NIM1K	chr5:43121245-43121746	2	-0.012765751802085255	0.050771658040617416	4	0.06353740984270267	0.07865464056910314	0.0002537319771146623	unsupported	True	0.0052023617729509	-0.0052023617729509
NIM1K	chr5:43156197-43156698	3	-0.0194069396860213	0.012943111606413458	4	0.03235005129243476	0.04242027039309457	1.7761805175357515e-05	unsupported	True	0.004539561701978	0.004539561701978
NIM1K	chr5:43192501-43193002	4	-0.0068429640847996	0.04985162856579976	4	0.05669459265059936	0.07465161116948259	0.00021098917554389395	unsupported	True	0.0035397013024817	0.0035397013024817
NIM1K	chr5:43120641-43121142	5	-0.012432514216907177	0.025888135402716467	4	0.03832064961962364	0.04464959606299092	4.42946391893768e-05	unsupported	True	0.0033803624748527	0.0033803624748527
NIM1K	chr5:43193583-43194084	6	-0.006348014796353783	0.05587389913917349	4	0.06222191393552727	0.08757181539452852	0.00030445050458656497	unsupported	True	0.0026910888507668	0.0026910888507668
NIM1K	chr5:43409779-43410280	7	-0.014372640675327227	0.007348079555365771	4	0.021720720230693	0.023068619582820814	3.6818804141973936e-06	unsupported	True	0.0025278913306499	0.0025278913306499
NIM1K	chr5:43066200-43066701	8	-0.011899189784503952	0.04729493726513245	4	0.059194127049636405	0.07444562118778539	0.00020841666016070277	unsupported	True	0.0023525799205089	0.0023525799205089
NIM1K	chr5:43232884-43233385	9	-0.003611503669566878	0.05523218983758031	3	0.05884369350714719	0.07652484605802023	0.0002487108041952937	unsupported	True	0.001969766377419	0.001969766377419
NIM1K	chr5:43275283-43275784	10	-0.010120332609852288	0.015220967012023223	3	0.02534129962187551	0.026843386525867485	1.0354006504798923e-05	unsupported	True	0.0016187670825415	0.0016187670825415
NIM1K	chr5:43105622-43106123	11	-0.0062677877078864885	0.050864007628237146	4	0.057131795336123635	0.07148412735877067	0.00020772944814139363	unsupported	True	0.0014115720620684	0.0014115720620684
NIM1K	chr5:43064774-43065275	12	-0.013558335306791973	0.05402800627179397	4	0.06758634157858595	0.08204790794340378	0.0002996024720130378	unsupported	True	0.0013477443900646	-0.0013477443900646
NIM1K	chr5:43177811-43178312	13	0.006747532702826658	0.07988987808040307	4	0.07314234537757641	0.10222177688024452	0.0005973158877574974	unsupported	True	0.0012267386882501	0.0012267386882501
NIM1K	chr5:43089595-43090096	14	-3.117615974346606e-05	0.0062014932229956425	0	0.006232669382739108	0.014763866156677293	5.706508425430517e-07	unsupported	True	0.0012128756657869	0.0012128756657869
NIM1K	chr5:43389646-43390147	15	-0.006314367530231084	0.02474362279530639	4	0.031057990325537473	0.03620088975158514	2.7819920308414595e-05	unsupported	True	0.0011807235195654	0.0011807235195654
NIM1K	chr5:43212703-43213204	16	-0.016889881313884192	0.013897485336049122	5	0.030787366649933312	0.03807935269728898	1.6292897507684968e-05	unsupported	True	0.0009318643663004	0.0009318643663004
NIM1K	chr5:43274516-43275017	17	0.004791352441842097	0.01776998199170542	5	0.012978629549863323	0.022595885753791917	5.211289433686757e-06	unsupported	True	0.0007964212641997	0.0007964212641997
NIM1K	chr5:43042734-43043235	18	-0.013800730293376322	0.037583280520169196	3	0.051384010813545516	0.0739356903463819	0.00014278310375950067	unsupported	True	0.0006892998869685	0.0006892998869685
NIM1K	chr5:43396640-43397141	19	-0.02044547204996738	-0.0008002921087721875	5	0.019645179941195193	0.01887672057113869	0.0	unsupported	True	0.0006792594107776	0.0006792594107776
USP9X	chrX:41276204-41276705	0	-0.0033391418559981867	0.020542215504427367	3	0.023881357360425553	0.03850168962471999	1.8888004482608803e-05	unsupported	True	0.0096106450104359	0.0096106450104359
USP9X	chrX:40996878-40997379	1	0.008884025371869567	0.08447297504126322	4	0.07558894966939365	0.10609775138033505	0.0006774578510415543	unsupported	True	0.007068441168867	0.007068441168867
USP9X	chrX:41180112-41180613	2	0.0025309105662236937	0.07739528523771642	4	0.07486437467149273	0.07647970713833294	0.00044313486695906685	unsupported	True	0.0067535982699272	0.0067535982699272
USP9X	chrX:41334595-41335096	3	-0.002207736529264001	0.04623752600683116	4	0.048445262536095164	0.04481196843205974	0.00010037832022883216	unsupported	True	0.0061379032770372	-0.0061379032770372
USP9X	chrX:41085010-41085511	4	-0.0006693617093406871	0.048601927428353085	4	0.04927128913769377	0.0477198927998651	0.00011427385470734628	unsupported	True	0.0053338480850259	-0.0053338480850259
USP9X	chrX:41253622-41254123	5	0.002532125371635448	0.046094877573410444	5	0.043562752201774996	0.055376370642351146	0.00011119684479803621	unsupported	True	0.0052420432579929	0.0052420432579929
USP9X	chrX:41275592-41276093	6	-0.004770944778763355	0.005888071246213963	3	0.01065901602497732	0.023030598244614005	1.4454244305315537e-06	unsupported	True	0.0049846930369069	0.0049846930369069
USP9X	chrX:41335472-41335973	7	-0.0021134921181997822	0.07555267925501953	2	0.07766617137321931	0.11811357552043725	0.0006930771538556025	unsupported	True	0.0037687147562594	-0.0037687147562594
USP9X	chrX:41333881-41334382	8	0.0013939511796359485	0.05372600077843176	4	0.05233204959879581	0.04905279688730057	0.00013791643842870886	unsupported	True	0.0024429401405739	-0.0024429401405739
USP9X	chrX:41010432-41010933	9	-0.001680071453375716	0.03172507979926114	4	0.03340515125263686	0.03846246585746143	4.076179395959569e-05	unsupported	True	0.0013658742807678	0.0013658742807678
USP9X	chrX:41333034-41333535	10	0.001743528977754297	0.058279649962223415	4	0.05653612098446912	0.05816922509571045	0.0001916620904611338	unsupported	True	0.0009548440418811	0.0009548440418811
USP9X	chrX:41119914-41120415	11	-0.007469714850849441	0.024523894953110248	0	0.03199360980395969	0.0268057922640061	2.103203707313192e-05	unsupported	True	0.00089409296391	0.00089409296391
USP9X	chrX:41109039-41109540	12	0.008590128551137678	0.0858800876429455	2	0.07728995909180782	0.11638990978708334	0.0007725576333402496	unsupported	True	0.0007928730470372	0.0007928730470372
USP9X	chrX:41353818-41354319	13	0.007470264105105626	0.06635298263477092	5	0.0588827185296653	0.06042452292002727	0.00023608126973281108	unsupported	True	0.0005755800471416	0.0005755800471416
USP9X	chrX:41265563-41266064	14	-0.01186537828475663	0.03213479163774787	0	0.0440001699225045	0.05314227747790232	7.513979479132405e-05	unsupported	True	0.000528160733327	0.000528160733327
USP9X	chrX:41318593-41319094	15	-0.01743552864797258	0.09477320138245	3	0.11220873003042259	0.12454334963353608	0.0013244413772217625	unsupported	True	0.0004315916454194	-0.0004315916454194
USP9X	chrX:41115032-41115533	16	0.012929966336686366	0.06533248843385284	4	0.05240252209716647	0.06569395899105662	0.00022490899507062722	unsupported	True	0.000350805150046	0.000350805150046
USP9X	chrX:41027254-41027755	17	-0.0011320620972049278	0.10076686274473183	4	0.10189892484193676	0.10922914330059479	0.001121568663523191	unsupported	True	0.0002899856024104	-0.0002899856024104
USP9X	chrX:41084362-41084863	18	0.00017410042925421928	0.04563810560331524	4	0.045464005174061024	0.05219221927657602	0.00010829316966305201	unsupported	True	0.0002664696430141	0.0002664696430141
USP9X	chrX:41156822-41157323	19	0.012697241017924956	0.08991850920673336	5	0.07722126818880841	0.09345875852550982	0.0006489422277329429	unsupported	True	0.0002370401369687	-0.0002370401369687
GPBP1	chr5:57325950-57326451	0	-0.005463583829075367	0.04493566988501026	0	0.05039925371408562	0.0623018663461319	0.0001410965461230214	unsupported	True	0.019786474329674	0.019786474329674
GPBP1	chr5:57173538-57174039	1	-0.007935801369014141	0.019890983082172718	2	0.02782678445118686	0.03529387148756506	1.9535231941373854e-05	unsupported	True	0.0131084821860995	-0.0131084821860995
GPBP1	chr5:57298155-57298656	2	0.0057340932785951695	0.051331398057613074	4	0.045597304779017904	0.03940101689359865	9.222097215157283e-05	unsupported	True	0.004675988876052	0.004675988876052
GPBP1	chr5:57324049-57324550	3	-0.01697574512453949	0.031221032808734343	0	0.04819677793327383	0.0631872940528462	9.508128198576785e-05	unsupported	True	0.003429044933883	0.003429044933883
GPBP1	chr5:57028615-57029116	4	0.022295342678858136	0.06436073666925367	2	0.042065393990395536	0.05824567680219338	0.00015769200072390923	unsupported	True	0.0023728743537854	-0.0023728743537854
GPBP1	chr5:57193417-57193918	5	-0.0225435528985279	0.005108275552570288	3	0.027651828451098186	0.034391670194485205	4.8579320672200745e-06	unsupported	True	0.0022489420556847	0.0022489420556847
GPBP1	chr5:57312159-57312660	6	-0.01034228720450654	0.050382889308506464	3	0.060725176513013006	0.05925286558938039	0.00018128472570373336	unsupported	True	0.0022481711426722	-0.0022481711426722
GPBP1	chr5:57174093-57174594	7	0.004131312478052685	0.05035329670221949	2	0.046221984224166804	0.054780938719834124	0.00012749876108041893	unsupported	True	0.0017381040676359	-0.0017381040676359
GPBP1	chr5:57191940-57192441	8	0.0016926389673081585	0.10946135017802056	3	0.1077687112107124	0.11695043114798409	0.001379606771029276	unsupported	True	0.001291305570183	-0.001291305570183
GPBP1	chr5:57402225-57402726	9	-0.0022836784315489046	0.03694683526259222	4	0.03923051369414113	0.0363791925212386	5.272957783152787e-05	unsupported	True	0.0010919855298372	0.0010919855298372
GPBP1	chr5:57220890-57221391	10	-0.012971181990531643	0.019536476922297832	3	0.032507658912829474	0.039376332278230466	2.5007323030934863e-05	unsupported	True	0.0010118277402787	0.0010118277402787
GPBP1	chr5:57298875-57299376	11	-0.007110158196344062	0.019074109261604345	4	0.026184267457948406	0.02538649734199088	1.2679072303241617e-05	unsupported	True	0.0009778111349622	-0.0009778111349622
GPBP1	chr5:57374982-57375483	12	-0.010490386471692273	0.009543736378789433	5	0.020034122850481707	0.007523940114469236	1.438580262142497e-06	unsupported	True	0.0008703642171043	0.0008703642171043
GPBP1	chr5:57349013-57349514	13	0.0013293473781647977	0.0638458748224977	2	0.0625165274443329	0.08277962697427713	0.00033040845617245276	unsupported	True	0.000841601263853	0.000841601263853
GPBP1	chr5:57205525-57206026	14	-0.008532208973361323	0.013112508900166315	0	0.02164471787352764	0.02946338179180717	8.362195541140165e-06	unsupported	True	0.0005816427042783	0.0005816427042783
GPBP1	chr5:57348302-57348803	15	0.013890264588271303	0.07370572933098896	4	0.05981546474271765	0.08231806061641997	0.00036291912858159173	unsupported	True	0.0005523354187974	-0.0005523354187974
GPBP1	chr5:57360796-57361297	16	0.017101552540453716	0.06721011467247	4	0.05010856213201628	0.06703673883917999	0.00022576647701035363	unsupported	True	0.0005132643613681	-0.0005132643613681
GPBP1	chr5:57349523-57350024	17	0.005073924072035869	0.11273639319647018	3	0.1076624691244343	0.11763438296737397	0.0014277847884472982	unsupported	True	0.0002967615216559	-0.0002967615216559
GPBP1	chr5:57414133-57414634	18	-0.019327410047190036	0.020518913771651475	4	0.03984632381884151	0.033859118038743426	2.7683326052931466e-05	unsupported	True	0.0002062023459216	0.0002062023459216
GPBP1	chr5:57214487-57214988	19	-0.024301052811676566	0.01821242447585404	3	0.042513477287530604	0.052310069565723885	4.050230034999523e-05	unsupported	True	0.0001685389682082	-0.0001685389682082
ZNF124	chr1:247125832-247126333	0	0.01775220235101504	0.05580004560264312	1	0.03804784325162808	0.05548814741964008	0.00011780529818878775	unsupported	True	0.0193014098995921	0.0193014098995921
ZNF124	chr1:247272968-247273469	1	0.02076519259330402	0.08436245624389753	4	0.06359726365059351	0.10454099857248192	0.0005608855997865773	unsupported	True	0.0105798508897656	-0.0105798508897656
ZNF124	chr1:247007871-247008372	2	0.01816591151727962	0.027787661587623087	2	0.009621750070343469	0.02066866781069679	5.526097691009142e-06	unsupported	True	0.008403760060008	0.008403760060008
ZNF124	chr1:247111143-247111644	3	0.010790282433089606	0.023112903036110324	2	0.012322620603020718	0.01595062546707501	4.542922125854689e-06	unsupported	True	0.004537566613387	-0.004537566613387
ZNF124	chr1:247210665-247211166	4	0.011960858424208971	0.03298023123808414	4	0.02101937281387517	0.027263098228010468	1.8899427895838807e-05	unsupported	True	0.0040469791716891	0.0040469791716891
ZNF124	chr1:247292921-247293422	5	-0.0007156033552510425	0.03468841364302273	1	0.035404016998273766	0.04295157623544155	5.274922533912376e-05	unsupported	True	0.0027123214766384	0.0027123214766384
ZNF124	chr1:247078576-247079077	6	0.018562520666127957	0.047269976256156546	4	0.02870745559002859	0.033535877645531884	4.5508210919547085e-05	unsupported	True	0.0020258825465634	0.0020258825465634
ZNF124	chr1:247112267-247112768	7	0.026021890232332846	0.07165736397920276	1	0.045635473746869916	0.06760612884299419	0.00022108000211693238	unsupported	True	0.001334732842525	0.001334732842525
ZNF124	chr1:247317675-247318176	8	0.01421098440341192	0.08208003346378126	4	0.06786904906036934	0.08998563380105234	0.0005012824139270451	unsupported	True	0.0011192048396442	0.0011192048396442
ZNF124	chr1:247185627-247186128	9	0.010349025252231386	0.059864546102006276	4	0.04951552084977489	0.0710203697231622	0.0002105202972539614	unsupported	True	0.0009939429582919	0.0009939429582919
ZNF124	chr1:246995595-246996096	10	0.029142864349436925	0.11928003446852564	4	0.09013717011908871	0.12587010926359418	0.0013533006309322103	unsupported	True	0.0007597848529762	0.0007597848529762
ZNF124	chr1:247279797-247280298	11	0.054105964795418	0.1345564268890032	1	0.08045046209358521	0.13975016989755784	0.0015128132984058558	unsupported	True	0.0005923452556382	-0.0005923452556382
ZNF124	chr1:246982265-246982766	12	-0.011566900440050808	0.052642756331933396	2	0.0642096567719842	0.06879771065902279	0.00023254818574431786	unsupported	True	0.0005105290979987	-0.0005105290979987
ZNF124	chr1:247104189-247104690	13	0.023841745399909537	0.07439537456853401	4	0.05055362916862448	0.07053418554204799	0.000265275980860357	unsupported	True	0.0003951102056595	0.0003951102056595
ZNF124	chr1:247274590-247275091	14	-0.002599937597792677	0.012139647842103486	1	0.014739585439896162	0.019816105174150188	3.5457626094540056e-06	unsupported	True	0.0003377024192701	-0.0003377024192701
ZNF124	chr1:247111658-247112159	15	0.019380176766315888	0.06413912944597693	4	0.04475895267966104	0.0492455634157533	0.0001413741762473084	unsupported	True	0.0001575560299661	0.0001575560299661
ZNF124	chr1:247172133-247172634	16	-0.010697103128531895	0.028771402152755553	2	0.039468505281287446	0.045481987722150216	5.1647718722063705e-05	unsupported	True	0.0001219731169957	-0.0001219731169957
ZNF124	chr1:247280615-247281116	17	0.021616651679862996	0.11676702160607408	4	0.09515036992621108	0.14115681534395327	0.0015683122526060193	unsupported	True	6.674783743307611e-05	6.674783743307611e-05
BEX3	chrX:103276577-103277078	0	-0.011399061875584472	0.06750024753704406	4	0.07889930941262853	0.08880744740964859	0.00047296385776808715	unsupported	True	0.02654992862514	0.02654992862514
BEX3	chrX:103254203-103254704	1	-0.0400379379184621	0.031009976961552915	0	0.07104791488001502	0.07249820227524807	0.0001597276190239307	unsupported	True	0.0045936053197483	0.0045936053197483
BEX3	chrX:103356196-103356697	2	-0.027773899804372216	0.023824111167403295	0	0.05159801097177551	0.06129742201017122	7.535149567578276e-05	unsupported	True	0.0041804509597673	-0.0041804509597673
BEX3	chrX:103276065-103276566	3	-0.007269449639241687	0.07357095611061225	4	0.08084040574985393	0.08638995995696126	0.0005138048002929567	unsupported	True	0.0039139016166972	0.0039139016166972
BEX3	chrX:103343087-103343588	4	0.005190494380977229	0.03717660341322395	2	0.03198610903224672	0.04511428683872145	5.364697252749603e-05	unsupported	True	0.0033774830264429	0.0033774830264429
BEX3	chrX:103356747-103357248	5	-0.03048707858068749	0.03836083533643776	0	0.06884791391712525	0.059515482281229735	0.00015718416728509175	unsupported	True	0.0025561135169667	-0.0025561135169667
BEX3	chrX:103254948-103255449	6	-0.02312712006410319	0.029220799647991257	0	0.052347919712094446	0.06285947136808874	9.615286930433304e-05	unsupported	True	0.0021898835062882	0.0021898835062882
BEX3	chrX:103424245-103424746	7	-0.0746478079592253	0.018223726500734398	0	0.0928715344599597	0.07375488008957544	0.00012482758585597895	unsupported	True	0.0017460797101477	-0.0017460797101477
BEX3	chrX:103376929-103377430	8	-0.033871067883972414	0.037552193633782587	0	0.071423261517755	0.08152041678531727	0.00021864592180027866	unsupported	True	0.0014202537659425	-0.0014202537659425
BEX3	chrX:103310789-103311290	9	-0.007845357056303966	0.09584348565120826	4	0.10368884270751222	0.13508019210786504	0.001342413455768189	unsupported	True	0.0012209211375043	0.0012209211375043
BEX3	chrX:103329921-103330422	10	-0.010850289943320855	0.06015550313664072	4	0.07100579307996158	0.09132119220580255	0.0003900683548807258	unsupported	True	0.0009829358623115	-0.0009829358623115
BEX3	chrX:103413972-103414473	11	0.024271209200916105	0.09539785662304567	4	0.07112664742212957	0.07208225147662763	0.0004891018427137927	unsupported	True	0.0007303190969086	-0.0007303190969086
BEX3	chrX:103520296-103520797	12	0.0005401667951211372	0.06802509954874165	4	0.06748493275362052	0.07228220504707383	0.00033182369737661953	unsupported	True	0.0007285664069217	0.0007285664069217
BEX3	chrX:103376219-103376720	13	-0.0035980581069536837	0.09512355619830745	4	0.09872161430526114	0.12859240081001383	0.0012075792198879803	unsupported	True	0.0006316668766413	-0.0006316668766413
BEX3	chrX:103464669-103465170	14	0.004609061093846559	0.08856237610602802	4	0.08395331501218146	0.10666621991856724	0.0007930745513896563	unsupported	True	0.0006212294635835	0.0006212294635835
BEX3	chrX:103232140-103232641	15	0.021165432427638648	0.13143527187171009	4	0.11026983944407144	0.10873222743968802	0.0015758938291440103	unsupported	True	0.0005595619398762	0.0005595619398762
BEX3	chrX:103404469-103404970	16	-0.018736013043011198	0.06017144917440375	4	0.07890746221741494	0.08978342608416452	0.000426289583875762	unsupported	True	0.00055346049915	0.00055346049915
BEX3	chrX:103330923-103331424	17	0.007062041584193934	0.10361133905324353	4	0.0965492974690496	0.10586058903235668	0.0010589871996802256	unsupported	True	0.0005331354888379	0.0005331354888379
BEX3	chrX:103309997-103310498	18	-0.025606328215011152	0.0025485684137341513	4	0.028154896628745305	0.038143184123972294	2.7369519801499482e-06	unsupported	True	0.0005218811518439	-0.0005218811518439
BEX3	chrX:103394551-103395052	19	-0.06513139243628556	0.013034390932315908	1	0.07816578336860147	0.07195765247668641	7.331357771920801e-05	unsupported	True	0.0003775166135712	-0.0003775166135712
CMIP	chr16:81601889-81602390	0	0.012257155708468557	0.04665243762951816	4	0.0343952819210496	0.04444313890807781	7.131451597518935e-05	unsupported	True	0.0101026071578593	0.0101026071578593
CMIP	chr16:81538863-81539364	1	0.007727384285925286	0.03479058191914159	1	0.027063197633216303	0.028554661239375015	2.688548121970785e-05	unsupported	True	0.0081492247571709	0.0081492247571709
CMIP	chr16:81521976-81522477	2	0.011606191726440741	0.029576809921928925	1	0.017970618195488182	0.025496298056113392	1.3551628109592825e-05	unsupported	True	0.0049032810985884	0.0049032810985884
CMIP	chr16:81521045-81521546	3	0.011576382951732758	0.031082585096200172	4	0.019506202144467414	0.028225286804486407	1.711308137344229e-05	unsupported	True	0.0047888639390279	0.0047888639390279
CMIP	chr16:81641340-81641841	4	0.004141028228681472	0.05211654237459834	4	0.047975514145916866	0.04122070628617897	0.00010306487043457296	unsupported	True	0.0031115970645259	0.0031115970645259
CMIP	chr16:81730300-81730801	5	0.0010492463706604422	0.032048896776457274	2	0.03099965040579683	0.035498951273650194	3.526837124218994e-05	unsupported	True	0.0027002577689419	-0.0027002577689419
CMIP	chr16:81515196-81515697	6	0.020751261415344335	0.05171407478976201	4	0.030962813374417676	0.04159437996182061	6.660147217673796e-05	unsupported	True	0.002609454148004	0.002609454148004
CMIP	chr16:81645285-81645786	7	-0.008380920942410632	0.031808273260716884	4	0.04018919420312751	0.033408731921316645	4.2708014744552474e-05	unsupported	True	0.002585569540374	0.002585569540374
CMIP	chr16:81314618-81315119	8	-0.0019111879057506734	0.04284656056752429	1	0.04475774847327496	0.04881736268323822	9.361781703248913e-05	unsupported	True	0.0022093828344847	-0.0022093828344847
CMIP	chr16:81818498-81818999	9	0.010824334314545651	0.0430204286318605	0	0.03219609431731485	0.038471167265888014	5.328602052011906e-05	unsupported	True	0.0021858962234623	0.0021858962234623
CMIP	chr16:81651040-81651541	10	-0.01558061321421866	0.043120281309191565	4	0.05870089452341022	0.06031503572841218	0.00015266936324452154	unsupported	True	0.0019789915208572	-0.0019789915208572
CMIP	chr16:81493572-81494073	11	0.019926587164603417	0.08110967481082113	1	0.06118308764621771	0.08487194887187748	0.0004211804702578055	unsupported	True	0.0019001851060375	0.0019001851060375
CMIP	chr16:81390807-81391308	12	-0.0027868305477752255	0.04617475221341188	0	0.0489615827611871	0.05818691814543356	0.00013154834169262753	unsupported	True	0.001728064830012	0.001728064830012
CMIP	chr16:81530652-81531153	13	-0.0032794443891764422	0.05683562314014627	4	0.06011506752932271	0.0730994449208615	0.0002497572157953042	unsupported	True	0.0016841171978429	0.0016841171978429
CMIP	chr16:81414956-81415457	14	-0.015066398923382447	0.037928488222674535	4	0.05299488714605698	0.06368604567516697	0.00012800996778937422	unsupported	True	0.0016634296476039	0.0016634296476039
CMIP	chr16:81694828-81695329	15	-0.020555341799743457	0.03513547245875112	4	0.05569081425849458	0.05741694227595711	0.00011234905559379873	unsupported	True	0.0015368944114724	-0.0015368944114724
CMIP	chr16:81602410-81602911	16	-0.001593075150001783	0.017547607001143543	1	0.019140682151145325	0.017770806639034905	5.968737125937919e-06	unsupported	True	0.0011307174538115	0.0011307174538115
CMIP	chr16:81616694-81617195	17	-0.018650458492071927	0.044640371008794165	4	0.06329082950086609	0.06141712428814689	0.000173523404875325	unsupported	True	0.0011273294377302	-0.0011273294377302
CMIP	chr16:81737900-81738401	18	0.00688285118745695	0.04184648185843964	1	0.03496363067098269	0.02978689781769788	4.3581357242431954e-05	unsupported	True	0.0009627426496789	0.0009627426496789
CMIP	chr16:81752170-81752671	19	0.024588853527753928	0.10405876996701231	5	0.07946991643925838	0.1121052605872202	0.0009270591332747269	unsupported	True	0.0009088983821695	0.0009088983821695
GSTO2	chr10:104353434-104353935	0	0.019147190738312014	0.06001440588635662	4	0.0408672151480446	0.06686091622812172	0.0001639845298334558	unsupported	True	0.0193060434347661	0.0193060434347661
GSTO2	chr10:104350105-104350606	1	-0.0009144619506803657	0.039592956299990135	2	0.0405074182506705	0.040561216612669704	6.505242156538701e-05	unsupported	True	0.0066683493344844	-0.0066683493344844
GSTO2	chr10:104254667-104255168	2	0.01230966238527697	0.032246648031074195	5	0.019936985645797226	0.03879767962474416	2.494306543464231e-05	unsupported	True	0.0038700816445192	0.0038700816445192
GSTO2	chr10:104274643-104275144	3	0.015949751603230932	0.03982437893011517	5	0.02387462732688424	0.05586909648374869	5.311990146402094e-05	unsupported	True	0.0037567091368751	0.0037567091368751
GSTO2	chr10:104232164-104232665	4	0.010842909355801823	0.04740296993841614	2	0.036560060582614316	0.039691491042856755	6.8787554979376e-05	unsupported	True	0.0030897749746852	-0.0030897749746852
GSTO2	chr10:104328326-104328827	5	-0.012550546825166278	0.01532136867940246	2	0.027871915504568738	0.024137814509257824	1.0307713179982894e-05	unsupported	True	0.0029560168702878	-0.0029560168702878
GSTO2	chr10:104121748-104122249	6	0.00832923295392817	0.06095173615665263	2	0.052622503202724456	0.05321626713299643	0.00017068760767338924	unsupported	True	0.0020903466052939	-0.0020903466052939
GSTO2	chr10:104306801-104307302	7	0.019751720597428704	0.05302262709840671	4	0.033270906500978005	0.06115627569735142	0.00010788645064246601	unsupported	True	0.0019008503894193	0.0019008503894193
GSTO2	chr10:104366433-104366934	8	0.012581104067688495	0.13985572711717628	2	0.12727462304948778	0.16044874080128482	0.00285600121640757	unsupported	True	0.0018134090546726	-0.0018134090546726
GSTO2	chr10:104146844-104147345	9	-0.015692979302761666	0.011508210394306126	4	0.027201189697067793	0.03018212268856859	9.448121562891502e-06	unsupported	True	0.0017919115508376	-0.0017919115508376
GSTO2	chr10:104398881-104399382	10	0.011132469041663436	0.0365261146744313	5	0.025393645632767865	0.04744001737259535	4.400209682913803e-05	unsupported	True	0.0017127138849423	0.0017127138849423
GSTO2	chr10:104268853-104269354	11	0.006167538006275407	0.04043682609315373	2	0.034269288086878326	0.03526602085866173	4.886957956995236e-05	unsupported	True	0.0014164361749114	-0.0014164361749114
GSTO2	chr10:104262051-104262552	12	-0.015410444079975107	0.029160839113226804	4	0.04457128319320191	0.04843312853650121	6.295028163624739e-05	unsupported	True	0.001216740338553	-0.001216740338553
GSTO2	chr10:104300711-104301212	13	-0.014287579225201526	0.0027253716972752	5	0.017012950922476726	0.028040196928179204	1.3001290135653064e-06	unsupported	True	0.0011833183965382	-0.0011833183965382
GSTO2	chr10:104441541-104442042	14	-0.00032274335618955204	0.035318093983845285	4	0.035640837340034835	0.0632618405303891	7.96318819718412e-05	unsupported	True	0.001150257644232	-0.001150257644232
GSTO2	chr10:104423569-104424070	15	-0.006477991695088273	0.10623037379125651	4	0.11270836548634477	0.12259440848099051	0.0014678292025222433	unsupported	True	0.0010075349845401	-0.0010075349845401
GSTO2	chr10:104406646-104407147	16	0.015546125236995695	0.07855832071209955	4	0.06301219547510385	0.08945934437784157	0.00044283558664431747	unsupported	True	0.000836155570494	0.000836155570494
GSTO2	chr10:104338522-104339023	17	-0.0029885566149105845	0.03309345983450704	2	0.03608201644941762	0.029202617894679497	3.487022582624952e-05	unsupported	True	0.0008042133091454	-0.0008042133091454
GSTO2	chr10:104367856-104368357	18	-0.010444718314897967	0.07388800654902311	4	0.08433272486392107	0.0922021143660168	0.0005745276876620452	unsupported	True	0.0007903263104478	-0.0007903263104478
GSTO2	chr10:104209510-104210011	19	-0.0025812003670804945	0.05961318391431596	4	0.06219438428139646	0.07836686607347573	0.00029055340553804415	unsupported	True	0.0005717359590218	0.0005717359590218
APPBP2	chr17:60358764-60359265	0	0.02400987797931133	0.10913789280268373	5	0.0851280148233724	0.11495982122379103	0.0010680563093333519	unsupported	True	0.012811130581348	0.012811130581348
APPBP2	chr17:60599884-60600385	1	-0.002864334375549463	0.10509590096185123	5	0.10796023533740069	0.14251525216153837	0.0016170034473621223	unsupported	True	0.008560253961092	-0.008560253961092
APPBP2	chr17:60435845-60436346	2	-0.009776548337438809	0.08319333434610555	5	0.09296988268354436	0.09782762549162995	0.0007566452781072757	unsupported	True	0.0072981988906526	0.0072981988906526
APPBP2	chr17:60391614-60392115	3	-0.003668498424391518	0.10147634088725026	5	0.10514483931164177	0.13355227890649657	0.001424964560753229	unsupported	True	0.005059550979282	-0.005059550979282
APPBP2	chr17:60392132-60392633	4	0.00020536139434874234	0.1071613294412461	5	0.10695596804689735	0.13233692810341666	0.0015167854882310473	unsupported	True	0.0045612730833486	-0.0045612730833486
APPBP2	chr17:60469743-60470244	5	0.0020650891278414323	0.057114023480252296	5	0.055048934352410865	0.07106104186376294	0.000223420614827137	unsupported	True	0.0036576115903443	0.0036576115903443
APPBP2	chr17:60525410-60525911	6	-0.014838855292779882	0.0895889939397264	5	0.10442784923250628	0.13229533769787374	0.0012377004028852486	unsupported	True	0.0033624445895678	0.0033624445895678
APPBP2	chr17:60599379-60599880	7	-0.0005164194016551335	0.08796114513537318	5	0.0884775645370283	0.11059865115630939	0.0008607437237439484	unsupported	True	0.0033370945293909	-0.0033370945293909
APPBP2	chr17:60638620-60639121	8	0.005990448850871365	0.13089902123874853	5	0.12490857238787716	0.16027298413534305	0.0026205289816852383	unsupported	True	0.0023001481092213	-0.0023001481092213
APPBP2	chr17:60525986-60526487	9	-0.0040202243840602074	0.10378009196330355	5	0.10780031634736376	0.13318032309213357	0.001489958426394791	unsupported	True	0.0013410910253902	-0.0013410910253902
APPBP2	chr17:60641717-60642218	10	-0.0014803144805652136	0.11150025122748398	5	0.1129805657080492	0.14899851505576509	0.0018769881512010656	unsupported	True	0.0010785081444469	0.0010785081444469
APPBP2	chr17:60421418-60421919	11	-0.024754286470623853	0.0661447454519685	5	0.09089903192259235	0.10285303595498649	0.0006184031924799225	unsupported	True	0.0010390898455726	0.0010390898455726
APPBP2	chr17:60361857-60362358	12	0.007218986284799909	0.03422044465456682	2	0.02700145836976691	0.04783544323654027	4.420004099926378e-05	unsupported	True	0.0009646862869316	0.0009646862869316
APPBP2	chr17:60327070-60327571	13	0.030299030921666224	0.13828775534348398	5	0.10798872442181776	0.14844682850264998	0.00221683343042198	unsupported	True	0.0005746984290834	0.0005746984290834
APPBP2	chr17:60427930-60428431	14	0.024423332989519833	0.12569341261916595	5	0.10127007962964611	0.13295657452397608	0.001692401831248513	unsupported	True	0.0005358754452837	0.0005358754452837
APPBP2	chr17:60615058-60615559	15	0.008147539955242117	0.0848214089779897	5	0.07667386902274759	0.07728975616693523	0.0005026605454128119	unsupported	True	0.0003836200233763	-0.0003836200233763
APPBP2	chr17:60594674-60595175	16	-0.008127728314745989	0.055278064815462824	5	0.06340579313020882	0.09220021895912967	0.0003231571152432978	unsupported	True	0.0003488924675361	-0.0003488924675361
APPBP2	chr17:60577373-60577874	17	-0.0011893802284642008	0.028397411416298063	3	0.029586791644762262	0.05822332384121029	4.8918555177167186e-05	unsupported	True	0.0002583155377461	-0.0002583155377461
APPBP2	chr17:60569735-60570236	18	-0.002124566713892554	0.10843745632731604	5	0.11056202304120859	0.12998703291926925	0.0015584229276809584	unsupported	True	0.0002352894303157	0.0002352894303157
APPBP2	chr17:60416465-60416966	19	-0.02304637191417065	0.0195395913276584	5	0.04258596324182905	0.05625227738138007	4.6808212926850484e-05	unsupported	True	0.0002251343140243	-0.0002251343140243
SLC12A6	chr15:34366210-34366711	0	0.009671512029735537	0.04645629246997294	3	0.036784780440237405	0.03712668694754378	6.344522055065326e-05	unsupported	True	0.0277810818908253	0.0277810818908253
SLC12A6	chr15:34101695-34102196	1	0.0021226600794842444	0.03801545542386025	0	0.035892795344376005	0.03413533166114476	4.657701016447708e-05	unsupported	True	0.0043078508726068	-0.0043078508726068
SLC12A6	chr15:34322758-34323259	2	0.003960062674469631	0.028664269879935506	1	0.024704207205465876	0.021460376661356514	1.5196694945883723e-05	unsupported	True	0.003672674222389	0.003672674222389
SLC12A6	chr15:34209889-34210390	3	0.0007828468324552879	0.023503379538414065	3	0.022720532705958776	0.020496516982284996	1.0945330757949452e-05	unsupported	True	0.0034794066901011	0.0034794066901011
SLC12A6	chr15:34241281-34241782	4	0.033633301599300745	0.0783697121441502	4	0.044736410544849455	0.03921969594012805	0.00013750345454170712	unsupported	True	0.0034240074359036	0.0034240074359036
SLC12A6	chr15:34224729-34225230	5	0.005216285423332417	0.03611466755983371	0	0.03089838213650129	0.03340748052266928	3.727889968801658e-05	unsupported	True	0.0025229617215512	0.0025229617215512
SLC12A6	chr15:34366995-34367496	6	0.00649673022794564	0.03757455199261376	3	0.03107782176466812	0.017949098843510883	2.095979506118119e-05	unsupported	True	0.0023048819585063	0.0023048819585063
SLC12A6	chr15:34342919-34343420	7	0.006369979341285144	0.03352410442241039	0	0.027154125081125247	0.02445337470520553	2.2260340423339827e-05	unsupported	True	0.0019311478453065	0.0019311478453065
SLC12A6	chr15:34258138-34258639	8	0.007504357692856647	0.05010232001588925	3	0.042597962323032604	0.07448059189318915	0.00015896070527205808	unsupported	True	0.0018540986903826	0.0018540986903826
SLC12A6	chr15:34265481-34265982	9	-0.0022492674182425384	0.037695578005014704	3	0.03994484542325724	0.036716895413911606	5.5286246310151236e-05	unsupported	True	0.0015720057117395	0.0015720057117395
SLC12A6	chr15:34182940-34183441	10	0.012775694764587736	0.06496441271864521	4	0.052188717954057474	0.05617878629598835	0.0001904690858364955	unsupported	True	0.0012251822874668	-0.0012251822874668
SLC12A6	chr15:34337820-34338321	11	0.0022282644800833773	0.02648950979287724	0	0.024261245312793864	0.014637104291650856	9.406805790673943e-06	unsupported	True	0.0009887331978001	-0.0009887331978001
SLC12A6	chr15:34437564-34438065	12	-0.006758295463326043	0.022501844241215704	3	0.02926013970454175	0.028285510612688813	1.862338118728218e-05	unsupported	True	0.000916961791613	0.000916961791613
SLC12A6	chr15:34168666-34169167	13	0.023608943012212037	0.133656075792486	5	0.11004713278027398	0.13950664138196472	0.002051928959341407	unsupported	True	0.000812550713419	0.000812550713419
SLC12A6	chr15:34286263-34286764	14	0.013532766032121016	0.06410145514979923	5	0.050568689117678214	0.08130321143163809	0.00026354651906252086	unsupported	True	0.0004888325944593	0.0004888325944593
SLC12A6	chr15:34436824-34437325	15	0.012365760888374275	0.03834018692831712	4	0.02597442603994285	0.021070817736214838	2.098367620309503e-05	unsupported	True	0.0004502744467512	0.0004502744467512
SLC12A6	chr15:34261682-34262183	16	0.014162493640318343	0.0832041217375657	5	0.06904162809724736	0.09956766605909446	0.0005719712398281413	unsupported	True	0.0001106320755081	-0.0001106320755081
SLC12A6	chr15:34336787-34337288	17	0.014303894071359683	0.0686535347046417	4	0.054349640633282015	0.059421169295137674	0.00022171790828428667	unsupported	True	8.351960108658003e-05	8.351960108658003e-05
FAM135A	chr6:70270256-70270757	0	0.004084384591514999	0.08396701629386487	0	0.07988263170234987	0.08111429983499845	0.0005440746721138151	unsupported	True	0.0100036586591507	0.0100036586591507
FAM135A	chr6:70365492-70365993	1	-0.01062156510729867	0.05903269351168334	1	0.069654258618982	0.08599110904401777	0.00035358499254130354	unsupported	True	0.0090756404931508	0.0090756404931508
FAM135A	chr6:70413841-70414342	2	-0.004946541014113954	0.019779184639570336	1	0.02472572565368429	0.01849668758997178	9.045891871784666e-06	unsupported	True	0.0085213582411088	-0.0085213582411088
FAM135A	chr6:70274939-70275440	3	-0.009895910743830297	0.04163088428188354	1	0.051526795025713834	0.059678228693919116	0.0001280161288953725	unsupported	True	0.0056796772000571	-0.0056796772000571
FAM135A	chr6:70667529-70668030	4	-0.0017790862490372188	0.025649678362059395	1	0.027428764611096612	0.03649258645382952	2.5673957421443023e-05	unsupported	True	0.0035332014055187	-0.0035332014055187
FAM135A	chr6:70280548-70281049	5	-0.015991817641730566	0.005958179658893349	1	0.021949997300623914	0.022078642863383895	2.8874896765617037e-06	unsupported	True	0.0034843209470852	0.0034843209470852
FAM135A	chr6:70282110-70282611	6	-0.010168713028827481	0.03173090885928356	1	0.04189962188811104	0.05604087892034458	7.450708172815743e-05	unsupported	True	0.0024622159859478	-0.0024622159859478
FAM135A	chr6:70308828-70309329	7	0.009337829857570914	0.11811433091643192	0	0.10877650105886101	0.1387665983023107	0.0017828820863716479	unsupported	True	0.0020245255848754	-0.0020245255848754
FAM135A	chr6:70413116-70413617	8	-0.004593266147418557	0.025371505160145177	1	0.029964771307563733	0.035850591817704634	2.7255460822418194e-05	unsupported	True	0.0019826251676915	-0.0019826251676915
FAM135A	chr6:70686503-70687004	9	-0.012099619402366788	0.02947858543206193	1	0.041578204834428714	0.04951321167605496	6.0686692945419315e-05	unsupported	True	0.001977736418101	0.001977736418101
FAM135A	chr6:70446589-70447090	10	0.0008073148589194375	0.07069280368003847	1	0.06988548882111903	0.08352256439981086	0.000412634972486372	unsupported	True	0.0017440612407926	-0.0017440612407926
FAM135A	chr6:70566645-70567146	11	0.0001570903389318195	0.02697307021420779	4	0.02681597987527597	0.034745436723762554	2.5131697794163716e-05	unsupported	True	0.0012400034412167	-0.0012400034412167
FAM135A	chr6:70315330-70315831	12	-0.016686814428542467	0.016038669514102034	2	0.032725483942644504	0.03799406384806568	1.9942066695324925e-05	unsupported	True	0.0011611167058648	-0.0011611167058648
FAM135A	chr6:70290067-70290568	13	-0.016531180755398073	0.005928309499468926	5	0.022459490254867	0.018936059012404395	2.5212758407017663e-06	unsupported	True	0.0010990657309124	0.0010990657309124
FAM135A	chr6:70650044-70650545	14	0.012617116662600025	0.0959095385927598	0	0.08329242193015977	0.11218349227789409	0.0008961820636164674	unsupported	True	0.0007435150070375	-0.0007435150070375
FAM135A	chr6:70369265-70369766	15	0.001498324061933213	0.0451429270860848	5	0.04364460302415159	0.042579134196540906	8.38913318763777e-05	unsupported	True	0.0006925664452357	-0.0006925664452357
FAM135A	chr6:70474742-70475243	16	0.007258173367185959	0.056433020599915694	5	0.04917484723272973	0.07797912205885	0.00021639870495202248	unsupported	True	0.0006765102824895	0.0006765102824895
FAM135A	chr6:70371434-70371935	17	0.006434462985820209	0.04924770323638052	5	0.04281324025056031	0.0486381239847285	0.00010255123493032917	unsupported	True	0.0006501909190522	-0.0006501909190522
FAM135A	chr6:70337645-70338146	18	-0.005275434483391683	0.014837180013256195	0	0.020112614496647876	0.039708799253554694	1.1849680753102392e-05	unsupported	True	0.0006042187779758	-0.0006042187779758
FAM135A	chr6:70547270-70547771	19	0.015089212226446408	0.031090505622007426	0	0.016001293395561018	0.026474492249710033	1.3170750202876537e-05	unsupported	True	0.0005326962378847	0.0005326962378847
CCKBR	chr11:6259651-6260152	0	0.013243699274719736	0.09961744140578274	4	0.08637374213106301	0.09288402683571209	0.0007992049296884091	unsupported	True	0.0126186671226535	0.0126186671226535
CCKBR	chr11:6338197-6338698	1	0.008990036167282446	0.11501560919713212	4	0.10602557302984968	0.12764002040923045	0.0015565184660486235	unsupported	True	0.0067473040111936	0.0067473040111936
CCKBR	chr11:6259115-6259616	2	0.006060766803922629	0.09269732195706433	4	0.0866365551531417	0.09780165364428135	0.0007854427963849586	unsupported	True	0.0064380313408704	0.0064380313408704
CCKBR	chr11:6258577-6259078	3	0.01972032424052144	0.09285327612655123	4	0.07313295188602978	0.09153916393785907	0.0006216089750261027	unsupported	True	0.0054610944056996	0.0054610944056996
CCKBR	chr11:6319678-6320179	4	-0.008648097428500081	0.029483184197867357	4	0.03813128162636744	0.045758901911638186	5.1443603505373885e-05	unsupported	True	0.004309306632944	0.004309306632944
CCKBR	chr11:6418900-6419401	5	0.002344979820663344	0.05830659204203657	4	0.055961612221373226	0.05145603187872157	0.0001678974760897602	unsupported	True	0.003879209935654	0.003879209935654
CCKBR	chr11:6362982-6363483	6	0.007345305206668056	0.06279750173117642	4	0.05545219652450836	0.06943844612439579	0.00024180268224117656	unsupported	True	0.0038577555411347	0.0038577555411347
CCKBR	chr11:6353365-6353866	7	-0.00011827418661325224	0.08246470954621235	4	0.0825829837328256	0.09002692004397445	0.0006130996894214751	unsupported	True	0.0037223180888065	0.0037223180888065
CCKBR	chr11:6307860-6308361	8	0.018118963614979187	0.04093997306681431	4	0.02282100945183512	0.05235109010960155	4.8911179149872224e-05	unsupported	True	0.0031725794275019	0.0031725794275019
CCKBR	chr11:6404625-6405126	9	0.0004679299873626456	0.027913358267305424	1	0.027445428279942778	0.029566902630738235	2.265102884397656e-05	unsupported	True	0.0013556212819015	-0.0013556212819015
CCKBR	chr11:6112398-6112899	10	-0.006980710760983751	0.010201390919908699	0	0.017182101680892452	0.013437071796608649	2.3552678974103854e-06	unsupported	True	0.0012652974740876	0.0012652974740876
CCKBR	chr11:6251092-6251593	11	0.0004650956204491135	0.03483083123087166	4	0.03436573561042255	0.0359597887524738	4.304340459211135e-05	unsupported	True	0.0012638120840751	0.0012638120840751
CCKBR	chr11:6301748-6302249	12	0.007013360175252797	0.07761959943193558	4	0.07060623925668279	0.07820918296815427	0.00042861979686050524	unsupported	True	0.0007828238759145	0.0007828238759145
CCKBR	chr11:6315750-6316251	13	0.010965880688558288	0.04275897240002784	4	0.03179309171146956	0.028866942390545033	3.924287417164936e-05	unsupported	True	0.0007335093636154	0.0007335093636154
CCKBR	chr11:6303643-6304144	14	0.021301754947166414	0.08586644222793943	4	0.06456468728077303	0.07665948662155092	0.00042499559352164313	unsupported	True	0.0005980120681078	0.0005980120681078
CCKBR	chr11:6222601-6223102	15	-0.007108543917342044	0.019857181144820477	0	0.02696572506216252	0.031716972815505146	1.698327452575139e-05	unsupported	True	0.0004845874666162	-0.0004845874666162
CCKBR	chr11:6390118-6390619	16	-0.0032817571441875336	0.05650397742344202	4	0.059785734567629555	0.057171906286691686	0.00019313423447948357	unsupported	True	0.000343532804647	0.000343532804647
CCKBR	chr11:6320729-6321230	17	-0.0004394618487459623	0.02946389021648749	0	0.02990335206523345	0.02848542504474159	2.5097627304662978e-05	unsupported	True	0.0003005162195928	-0.0003005162195928
CCKBR	chr11:6338905-6339406	18	0.00026644676859342116	0.023233183067682135	5	0.022966736299088714	0.022646109282243844	1.2083746259072906e-05	unsupported	True	0.0002834020996829	-0.0002834020996829
CCKBR	chr11:6234653-6235154	19	0.0005378261898511779	0.061264973734404815	4	0.06072714754455364	0.05712250249459194	0.00021252124870975653	unsupported	True	0.0002456063504727	0.0002456063504727
CTTNBP2NL	chr1:112448785-112449286	0	-0.0018799053073676674	0.044923796481807395	1	0.04680370178917506	0.03643951911010218	7.661773192516897e-05	unsupported	True	0.0098730949086369	0.0098730949086369
CTTNBP2NL	chr1:112357202-112357703	1	-0.0049853287274184204	0.03975848697765063	0	0.04474381570506905	0.05321973418541191	9.467505528532116e-05	unsupported	True	0.0089298382016042	0.0089298382016042
CTTNBP2NL	chr1:112317196-112317697	2	-0.004486597938251799	0.04040534077806485	0	0.044891938716316644	0.05085864355346287	9.225117538835936e-05	unsupported	True	0.0066902569110194	0.0066902569110194
CTTNBP2NL	chr1:112466036-112466537	3	-0.0029409076819264454	0.024389464028455564	0	0.02733037171038201	0.03677579579225835	2.4513756857684118e-05	unsupported	True	0.0055707021724907	0.0055707021724907
CTTNBP2NL	chr1:112342540-112343041	4	-0.01950306746623788	0.0060466274414678715	5	0.025549694907705752	0.025569127120894666	3.950161315326547e-06	unsupported	True	0.0041174136101215	0.0041174136101215
CTTNBP2NL	chr1:112390771-112391272	5	-0.010051187038134785	0.0041418024727117465	5	0.014192989510846531	0.008699526296561962	5.113978172976795e-07	unsupported	True	0.0028448916152847	-0.0028448916152847
CTTNBP2NL	chr1:112395857-112396358	6	-0.004207199998279738	0.03148436797626819	4	0.03569156797454793	0.032630320780684424	3.666755485173308e-05	unsupported	True	0.0019264106052742	0.0019264106052742
CTTNBP2NL	chr1:112369597-112370098	7	-0.0013664651832979709	0.027731241073973106	4	0.029097706257271077	0.04031527587917559	3.253102127266623e-05	unsupported	True	0.0019125383265839	0.0019125383265839
CTTNBP2NL	chr1:112306570-112307071	8	0.0010598786919770945	0.0477297955824315	0	0.0466699168904544	0.0563528856265022	0.00012552862203186427	unsupported	True	0.0017487727075055	0.0017487727075055
CTTNBP2NL	chr1:112325461-112325962	9	-0.015917751334018557	0.011678361580358648	4	0.027596112914377205	0.01825417452125216	5.882907626875708e-06	unsupported	True	0.0016683910532973	0.0016683910532973
CTTNBP2NL	chr1:112501769-112502270	10	0.0011528360596166796	0.03329961241419298	0	0.0321467763545763	0.03889103809791619	4.163189151279235e-05	unsupported	True	0.0016415132400769	0.0016415132400769
CTTNBP2NL	chr1:112256163-112256664	11	0.0008482523415172524	0.051661921962663296	4	0.05081366962114604	0.06228735518203953	0.00016351251898167094	unsupported	True	0.001481960423911	0.001481960423911
CTTNBP2NL	chr1:112508516-112509017	12	-0.002906429081504436	0.015476731795921687	3	0.018383160877426124	0.015352763731615905	4.368034007317469e-06	unsupported	True	0.0013495024167775	0.0013495024167775
CTTNBP2NL	chr1:112262937-112263438	13	-0.00376317027705049	0.06439556789760949	4	0.06815873817465998	0.06836683012509509	0.0003000702660098451	unsupported	True	0.0012728756514121	0.0012728756514121
CTTNBP2NL	chr1:112406787-112407288	14	-0.005880523280761203	0.015458200285788986	2	0.02133872356655019	0.03008762449709962	9.924651546430842e-06	unsupported	True	0.0012284804876822	0.0012284804876822
CTTNBP2NL	chr1:112380788-112381289	15	-0.01340015754500047	0.009924642713340431	1	0.0233248002583409	0.03296711010274956	7.631566502019128e-06	unsupported	True	0.0012140849222859	0.0012140849222859
CTTNBP2NL	chr1:112274611-112275112	16	-0.005713887631339067	0.015754963665372806	5	0.021468851296711874	0.026732383040551436	9.041987226639786e-06	unsupported	True	0.0011763460007417	0.0011763460007417
CTTNBP2NL	chr1:112332351-112332852	17	-0.02210613373220405	0.0028308567312700064	5	0.024936990463474057	0.026157985637980982	1.846571917706151e-06	unsupported	True	0.0011419834300034	0.0011419834300034
CTTNBP2NL	chr1:112358702-112359203	18	-0.005363670989723494	0.012425704440826982	4	0.017789375430550477	0.006819186817712372	1.507350704874189e-06	unsupported	True	0.0010793109585762	-0.0010793109585762
CTTNBP2NL	chr1:112465144-112465645	19	-0.0003333044719139637	0.049394919753016533	0	0.0497282242249305	0.06598898485294626	0.0001620901718291985	unsupported	True	0.0009903084288853	-0.0009903084288853
ZNF366	chr5:72392367-72392868	0	-0.0060646612621558715	0.0221495013874977	1	0.02821416264965357	0.032020998257405134	2.0010870745509496e-05	unsupported	True	0.0112947001094609	0.0112947001094609
ZNF366	chr5:72509350-72509851	1	-0.0005184513595519429	0.05297366994047611	1	0.05349212130002805	0.05297366994047611	0.00015011011003815433	unsupported	True	0.0081359040880106	0.0081359040880106
ZNF366	chr5:72451829-72452330	2	-0.0034784372826135983	0.016845966204291504	2	0.020324403486905104	0.016845966204291504	5.767792902353824e-06	unsupported	True	0.0072982141332184	0.0072982141332184
ZNF366	chr5:72501373-72501874	3	0.002106971573377341	0.08089642358883278	2	0.07878945201545544	0.08089642358883278	0.0005156164018866221	unsupported	True	0.0072910023219032	0.0072910023219032
ZNF366	chr5:72602538-72603039	4	-0.012372707016011028	0.007936633591243011	1	0.02030934060725404	0.024848202863448136	4.005227026278382e-06	unsupported	True	0.0040643493495226	0.0040643493495226
ZNF366	chr5:72556768-72557269	5	-0.007363694073344392	0.027150044651177565	2	0.03451373872452196	0.027150044651177565	2.5440937053629088e-05	unsupported	True	0.0032476331304862	0.0032476331304862
ZNF366	chr5:72388973-72389474	6	0.008056010343575512	0.08765946676162177	2	0.07960345641804625	0.1125009548817843	0.0007850312741354313	unsupported	True	0.0032036770954408	0.0032036770954408
ZNF366	chr5:72566431-72566932	7	1.1746657053648822e-05	0.06942096459602703	2	0.06940921793897338	0.06942096459602703	0.0003345017843254892	unsupported	True	0.0030938371004186	0.0030938371004186
ZNF366	chr5:72466155-72466656	8	-0.017188822878346388	0.0	0	0.017188822878346388	0.018096299414877975	0.0	unsupported	True	0.0013173276402028	0.0013173276402028
ZNF366	chr5:72320058-72320559	9	-0.012592488871793482	0.03727950636689444	2	0.049871995238687926	0.03727950636689444	6.93101836467227e-05	unsupported	True	0.0012605424080634	-0.0012605424080634
ZNF366	chr5:72611197-72611698	10	0.012234335521165218	0.08483808733859552	2	0.0726037518174303	0.08483808733859552	0.0005225655809034301	unsupported	True	0.0012090815696969	-0.0012090815696969
ZNF366	chr5:72541632-72542133	11	-0.003270852898503154	0.08688458932449357	2	0.09015544222299672	0.11501205121148193	0.0009009030344535006	unsupported	True	0.0012087949238896	0.0012087949238896
ZNF366	chr5:72308212-72308713	12	-0.0074212075209793196	0.061365392210299775	2	0.0687865997312791	0.061365392210299775	0.00025903048010116135	unsupported	True	0.0009958264895422	-0.0009958264895422
ZNF366	chr5:72642180-72642681	13	-0.00907628513423862	0.048818691325613235	2	0.05789497645985185	0.06844516314012355	0.00019345046493720233	unsupported	True	0.0009495635947046	0.0009495635947046
ZNF366	chr5:72610656-72611157	14	-0.01997565158108041	0.0	0	0.01997565158108041	0.024023444516419617	0.0	unsupported	True	0.0007996486589937	-0.0007996486589937
ZNF366	chr5:72296231-72296732	15	0.03921576886013497	0.1435173755129992	2	0.10430160665286423	0.1435173755129992	0.0021483249194426614	unsupported	True	0.00074489770143	0.00074489770143
ZNF366	chr5:72608228-72608729	16	0.014807959745689955	0.09681769390045905	2	0.0820097341547691	0.09681769390045905	0.0007687318445948041	unsupported	True	0.0006999725550524	-0.0006999725550524
ZNF366	chr5:72364981-72365482	17	-0.008707694428434148	0.02120705329401391	2	0.029914747722448058	0.02120705329401391	1.3453831999072566e-05	unsupported	True	0.0003635229422658	0.0003635229422658
ZNF366	chr5:72418829-72419330	18	0.021718210297327085	0.13753195371551077	2	0.11581374341818369	0.13753195371551077	0.002190621391588084	unsupported	True	0.0003635167946828	0.0003635167946828
ZNF366	chr5:72647819-72648320	19	-0.018327694137710827	0.004391109977489529	2	0.02271880411520036	0.0206831852496415	2.0633704333366946e-06	unsupported	True	0.0002979603450498	-0.0002979603450498
SH3BGRL	chrX:81201787-81202288	0	0.01702407118527794	0.07482995525436999	5	0.057805884069092046	0.09002796534073652	0.0003894260218552481	unsupported	True	0.0216784878079239	0.0216784878079239
SH3BGRL	chrX:81278452-81278953	1	-0.0032036448320664976	0.018777580354740198	5	0.021981225186806695	0.03456105476169627	1.426522127798916e-05	unsupported	True	0.0199864373204432	-0.0199864373204432
SH3BGRL	chrX:81121517-81122018	2	0.01498334895759412	0.0529809974974937	0	0.03799764853989958	0.05834442375601125	0.00011745627051643747	unsupported	True	0.0095734256325615	0.0095734256325615
SH3BGRL	chrX:81372131-81372632	3	-0.014381777827598176	5.093440534148686e-05	4	0.014432712232939663	0.022689815981164912	1.6679774169251826e-08	unsupported	True	0.0025178945616992	-0.0025178945616992
SH3BGRL	chrX:81120761-81121262	4	0.01224654060159423	0.04475422730708979	1	0.03250768670549556	0.05282097887850814	7.684693917806094e-05	unsupported	True	0.0017225992053677	0.0017225992053677
SH3BGRL	chrX:81167730-81168231	5	0.0191613647745202	0.07104308057820123	1	0.05188171580368103	0.08588809837129993	0.00031656952365429196	unsupported	True	0.0011428328597003	0.0011428328597003
SH3BGRL	chrX:81174283-81174784	6	0.02534678943955713	0.05486706323863249	1	0.02952027379907536	0.042058655117882475	6.812201378359928e-05	unsupported	True	0.0007895783620636	0.0007895783620636
SH3BGRL	chrX:81250769-81251270	7	-0.004361075122219835	0.034416001072021064	1	0.0387770761942409	0.03719913741506907	4.964417936204023e-05	unsupported	True	0.0003590650717092	-0.0003590650717092
SH3BGRL	chrX:81297072-81297573	8	0.01017372727242201	0.04588630377462777	5	0.03571257650220576	0.03873045098446452	6.346829236449136e-05	unsupported	True	5.68104803644853e-05	-5.68104803644853e-05
TMEM229B	chr14:67515207-67515708	0	-0.0006392136794147946	0.023824932558162357	2	0.02446414623757715	0.024735960540346803	1.4417518704332104e-05	unsupported	True	0.0186326741875676	0.0186326741875676
TMEM229B	chr14:67619588-67620089	1	0.010773248986177453	0.03750541445559283	3	0.026732165469415377	0.023276414713877987	2.3336955393604373e-05	unsupported	True	0.0151629302208873	0.0151629302208873
TMEM229B	chr14:67650758-67651259	2	0.020386744958843475	0.0432909394731754	2	0.022904194514331927	0.032764215836832984	3.248716485177387e-05	unsupported	True	0.0085091306378134	0.0085091306378134
TMEM229B	chr14:67446658-67447159	3	-0.016853381355215073	0.015774081997538346	3	0.03262746335275342	0.031225872599769756	1.607096621417999e-05	unsupported	True	0.0031405762682016	-0.0031405762682016
TMEM229B	chr14:67360374-67360875	4	0.003053412141709853	0.026558081571830254	1	0.0235046694301204	0.01834022899771079	1.1448684889613247e-05	unsupported	True	0.0019300043537346	0.0019300043537346
TMEM229B	chr14:67526509-67527010	5	-0.025245819860936665	0.051476851861802606	3	0.07672267172273928	0.08144132018076602	0.00032164773842756556	unsupported	True	0.0015879145751967	0.0015879145751967
TMEM229B	chr14:67571225-67571726	6	0.004250301562345757	0.030413197873735184	3	0.026162896311389426	0.036782606917740324	2.9267822573502195e-05	unsupported	True	0.0013084917289824	0.0013084917289824
TMEM229B	chr14:67427059-67427560	7	0.009181187849853322	0.06888040649738417	3	0.05969921864753085	0.07634602250438578	0.0003139429714208229	unsupported	True	0.0011662781066207	0.0011662781066207
TMEM229B	chr14:67533504-67534005	8	0.0010109802985710866	0.02117291356687122	2	0.020161933268300136	0.0294624725215911	1.257714268989382e-05	unsupported	True	0.0010005048986729	0.0010005048986729
TMEM229B	chr14:67600035-67600536	9	0.006031009474944735	0.052990030595865344	3	0.04695902112092061	0.049515915673394986	0.00012321342223900597	unsupported	True	0.0007670727098135	0.0007670727098135
TMEM229B	chr14:67313303-67313804	10	-0.0031549501351198854	0.04498762808722803	3	0.048142578222347916	0.04916785885913384	0.0001064887519492787	unsupported	True	0.000697502236949	-0.000697502236949
TMEM229B	chr14:67584909-67585410	11	-0.029305916979848523	0.0030222121868095065	0	0.03232812916665803	0.026775137517495246	2.6159969614550404e-06	unsupported	True	0.0006600461748122	-0.0006600461748122
TMEM229B	chr14:67309455-67309956	12	-0.001667686196946485	0.09553523423204634	3	0.09720292042899283	0.09520929534405297	0.0008841424384089436	unsupported	True	0.0006532923998873	-0.0006532923998873
TMEM229B	chr14:67492092-67492593	13	0.0032342119123343433	0.03938863489957767	1	0.03615442298724333	0.036609724570439144	5.213493373577736e-05	unsupported	True	0.0006384324883744	0.0006384324883744
TMEM229B	chr14:67674662-67675163	14	-0.002749149840766886	0.054203963025288904	3	0.05695311286605579	0.0644443788127	0.00019894523804490184	unsupported	True	0.0005265228964527	-0.0005265228964527
TMEM229B	chr14:67485407-67485908	15	-0.02198057755865716	0.046554340071240416	3	0.06853491762989758	0.06975045985177654	0.00022254566808334008	unsupported	True	0.0004861629853097	0.0004861629853097
TMEM229B	chr14:67667138-67667639	16	0.0021666069183568	0.03715881995178025	2	0.034992213033423446	0.04375814277673505	5.6897371595232436e-05	unsupported	True	0.0002865033678572	0.0002865033678572
TMEM229B	chr14:67522229-67522730	17	-0.008825418984728137	0.03604385637454069	5	0.04486927535926882	0.03319597451055122	5.3686578723773135e-05	unsupported	True	0.0002416142733043	-0.0002416142733043
TMEM229B	chr14:67432063-67432564	18	0.01650672309462677	0.07806998218473925	4	0.06156325909011248	0.08296020514278524	0.0003987268671175294	unsupported	True	0.0002241844856345	0.0002241844856345
TMEM229B	chr14:67674028-67674529	19	-0.0061348064075250385	0.01155388636800572	3	0.01768869277553076	0.0130748429313086	2.672146787603477e-06	unsupported	True	0.0002059908970608	-0.0002059908970608
JADE1	chr4:128809574-128810075	0	0.0004437877265140628	0.03598617247485796	2	0.0355423847483439	0.030152262587218474	3.8565780716665837e-05	unsupported	True	0.0163517027463651	0.0163517027463651
JADE1	chr4:128812031-128812532	1	-0.003284647626287672	0.06266626200435235	2	0.06595090963064003	0.07880757609331901	0.0003257035934215334	unsupported	True	0.0100974704255727	0.0100974704255727
JADE1	chr4:128831488-128831989	2	0.006892881033871521	0.04144082825444991	0	0.03454794722057839	0.04186822471222633	5.994255089434386e-05	unsupported	True	0.0090551529640301	0.0090551529640301
JADE1	chr4:128793869-128794370	3	-0.010432588441643473	0.014260768360246225	3	0.0246933568018897	0.015254711982597764	5.3718894881383494e-06	unsupported	True	0.0042898294446846	0.0042898294446846
JADE1	chr4:128869738-128870239	4	-0.007738391851422943	0.03925008782486237	0	0.04698847967628531	0.03315026453107399	6.113909765196595e-05	unsupported	True	0.0036954221090438	0.0036954221090438
JADE1	chr4:128859422-128859923	5	-0.01769727578861609	0.002718154938813891	3	0.020415430727429983	0.01622610823726168	9.004241287637504e-07	unsupported	True	0.0036254356930429	0.0036254356930429
JADE1	chr4:128890826-128891327	6	0.007276113137786146	0.07590481134591967	0	0.06862869820813353	0.09065657532212656	0.00047225261907636585	unsupported	True	0.0033024205386362	0.0033024205386362
JADE1	chr4:128811018-128811519	7	0.005874540509736603	0.04995157974749228	2	0.044077039237755675	0.05270133914728349	0.00011603347334963503	unsupported	True	0.0020846422538596	0.0020846422538596
JADE1	chr4:128863395-128863896	8	0.018230393933962676	0.05972541189177977	2	0.04149501795781709	0.06075857218150288	0.00015057839711624406	unsupported	True	0.0012246666616567	-0.0012246666616567
JADE1	chr4:128889688-128890189	9	-0.012676464110690814	0.017595976374631752	4	0.030272440485322565	0.037364723870263364	1.990318507251226e-05	unsupported	True	0.0006637339252318	0.0006637339252318
JADE1	chr4:128674984-128675485	10	0.010808349291389937	0.045677082349771844	2	0.03486873305838191	0.03861963388469357	6.150956779297019e-05	unsupported	True	0.0005281695284434	0.0005281695284434
JADE1	chr4:128951239-128951740	11	-0.0069352143293629044	0.03548620445893018	3	0.042421418788293086	0.057579337701315556	8.667850358542762e-05	unsupported	True	0.0004257209215399	0.0004257209215399
JADE1	chr4:128721932-128722433	12	-0.009377574850464272	0.042098023709679536	0	0.051475598560143804	0.06827307475093002	0.0001479491845798074	unsupported	True	0.0004143039677924	-0.0004143039677924
JADE1	chr4:128775864-128776365	13	0.011607107054217728	0.04744234896119279	2	0.03583524190697506	0.0355591852628744	6.045445717586356e-05	unsupported	True	0.0003569914497261	0.0003569914497261
JADE1	chr4:128974108-128974609	14	0.007288558330183151	0.03668893121553382	2	0.02940037288535067	0.039365360193879165	4.246216452562285e-05	unsupported	True	0.0003369202873161	0.0003369202873161
JADE1	chr4:128753683-128754184	15	0.0035383982599334913	0.06353542667106757	0	0.05999702841113408	0.07552544169534871	0.00028789821046659747	unsupported	True	0.0003209538943889	-0.0003209538943889
JADE1	chr4:128689817-128690318	16	0.02454554508079768	0.0453174004372771	1	0.020771855356479418	0.040533444752353605	3.815520515534057e-05	unsupported	True	0.000294212555154	0.000294212555154
JADE1	chr4:128661337-128661838	17	0.008917988744886031	0.04711560853901613	0	0.0381976197941301	0.04099107928615307	7.377181350974149e-05	unsupported	True	0.0002621246585735	0.0002621246585735
JADE1	chr4:128872368-128872869	18	-0.0187698279606283	0.016246440056711612	3	0.03501626801733991	0.03645562787156387	2.0739231179595614e-05	unsupported	True	0.0002564361347735	-0.0002564361347735
JADE1	chr4:128767554-128768055	19	0.0029045697504235042	0.03682979192099866	2	0.033925222170575156	0.05266970333364507	6.58086281904076e-05	unsupported	True	0.0002377101395097	0.0002377101395097
TSPAN3	chr15:77083739-77084240	0	0.023254998584927043	0.07122305700642961	4	0.04796805842150257	0.062320248266905916	0.00021291287543539404	unsupported	True	0.0187855532371344	0.0187855532371344
TSPAN3	chr15:77024215-77024716	1	0.028417824836105988	0.09573543058283897	4	0.06731760574673298	0.06713754763968374	0.000432680008640603	unsupported	True	0.0056349328190221	0.0056349328190221
TSPAN3	chr15:76988900-76989401	2	0.029818368154847803	0.06268577663452571	0	0.03286740847967791	0.03858176132716018	7.949073693872407e-05	unsupported	True	0.0050779880703602	0.0050779880703602
TSPAN3	chr15:77070877-77071378	3	0.008986302827384591	0.06811420401396234	4	0.05912790118657775	0.06320304545341075	0.00025454710062939434	unsupported	True	0.0042384194329649	-0.0042384194329649
TSPAN3	chr15:76905159-76905660	4	0.011255105001332734	0.05880907466540531	4	0.047553969664072576	0.05375649713772245	0.0001503356861303663	unsupported	True	0.0036374859576926	-0.0036374859576926
TSPAN3	chr15:76931380-76931881	5	0.019331517025437794	0.05935539145449929	4	0.040023874429061496	0.049541437398163295	0.00011769226038550153	unsupported	True	0.0028379944861037	-0.0028379944861037
TSPAN3	chr15:77028027-77028528	6	0.021864551978221552	0.09761582535663764	4	0.07575127337841608	0.0772818296194245	0.0005714622722174698	unsupported	True	0.0027722505433973	0.0027722505433973
TSPAN3	chr15:77070343-77070844	7	0.034160776764397376	0.04677923903829246	4	0.012618462273895084	0.014767380737327702	8.716919966828016e-06	unsupported	True	0.0026960666330519	0.0026960666330519
TSPAN3	chr15:77107602-77108103	8	-0.004231738702529713	0.04508441302486198	0	0.04931615172739169	0.05740962535666907	0.0001276439727573452	unsupported	True	0.0025405906280267	0.0025405906280267
TSPAN3	chr15:77031312-77031813	9	0.019601272593704845	0.09583106016988466	4	0.07622978757617982	0.09182894067623444	0.0006708270657320202	unsupported	True	0.0020370816665023	0.0020370816665023
TSPAN3	chr15:77097065-77097566	10	-0.014453682089146923	0.05646503408220485	0	0.07091871617135177	0.08287016939411994	0.0003318476039537438	unsupported	True	0.0014980151034756	0.0014980151034756
TSPAN3	chr15:76904606-76905107	11	0.0037226881648616183	0.05837334571722872	2	0.0546506575523671	0.06589235323691744	0.0002102059455498775	unsupported	True	0.0012950811249547	0.0012950811249547
TSPAN3	chr15:77036307-77036808	12	0.026716837522371115	0.06071005038743485	4	0.03399321286506374	0.05866270426596801	0.00012106396307376745	unsupported	True	0.0009220313519372	0.0009220313519372
TSPAN3	chr15:76966341-76966842	13	0.007633077058740159	0.0766920181106585	4	0.06905894105191834	0.07787696907562065	0.000412457420573351	unsupported	True	0.0008094982959421	0.0008094982959421
TSPAN3	chr15:77118768-77119269	14	-0.014655085992386921	0.0535148264466111	2	0.06816991243899802	0.08366421112772805	0.0003052154950446837	unsupported	True	0.0005998857539338	-0.0005998857539338
TSPAN3	chr15:77224402-77224903	15	0.008080940301282322	0.056572568800921166	0	0.048491628499638846	0.06316172059089564	0.0001732712947909993	unsupported	True	0.0005640832279544	-0.0005640832279544
TSPAN3	chr15:77221174-77221675	16	-0.004493544043148532	0.027717888742843776	4	0.03221143278599231	0.0359566534658365	3.21032835553054e-05	unsupported	True	0.0005612058073843	-0.0005612058073843
TSPAN3	chr15:76987342-76987843	17	0.003575565414571581	0.04761009528404131	0	0.04403452986946973	0.05345558814121386	0.00011206900777749146	unsupported	True	0.0004651720823883	0.0004651720823883
TSPAN3	chr15:76995263-76995764	18	0.029811959572101882	0.047217652457496	4	0.017405692885394116	0.041040530007024456	3.372940408295077e-05	unsupported	True	0.0004574013069937	0.0004574013069937
TSPAN3	chr15:77044200-77044701	19	0.06650660065784014	0.11925073107910938	4	0.05274413042126924	0.12807270464765397	0.0008055486384032446	unsupported	True	0.0003804246885751	0.0003804246885751
PVR	chr19:44757212-44757713	0	-0.008283427610998968	0.045544742197957094	2	0.053828169808956064	0.05546217651661861	0.00013597052381194433	unsupported	True	0.0174205847388109	0.0174205847388109
PVR	chr19:44758082-44758583	1	-0.002496699796538479	0.06637832772213484	2	0.06887502751867332	0.07671210353645994	0.00035071309674909273	unsupported	True	0.0086432654526781	0.0086432654526781
PVR	chr19:44500334-44500835	2	-0.012151524512585889	0.04228709403134912	2	0.05443861854393501	0.06406109934761653	0.0001474719166166017	unsupported	True	0.0043281177905077	0.0043281177905077
PVR	chr19:44813479-44813980	3	0.0033038536468570096	0.08436956863945316	2	0.08106571499259616	0.10037135291001739	0.0006864878011176086	unsupported	True	0.0036993126995808	0.0036993126995808
PVR	chr19:44748773-44749274	4	-0.009223795365005658	0.05423546696888317	2	0.06345926233388882	0.0653641271608712	0.00022496650920898853	unsupported	True	0.0031962594683557	0.0031962594683557
PVR	chr19:44689098-44689599	5	-0.008183476553216095	0.035850491523632205	2	0.0440339680768483	0.04966996015856599	7.841095606752359e-05	unsupported	True	0.0028287645641365	0.0028287645641365
PVR	chr19:44661627-44662128	6	0.003064342280834863	0.026660287549034038	4	0.023595945268199175	0.02444005246230447	1.5374618324672963e-05	unsupported	True	0.0027371983873182	0.0027371983873182
PVR	chr19:44643588-44644089	7	-0.017101613696068316	0.05681698506836483	2	0.07391859876443314	0.08043617696697856	0.00033781842373153677	unsupported	True	0.0023067430731976	0.0023067430731976
PVR	chr19:44644308-44644809	8	-0.010582837884434556	0.028392352952907606	2	0.03897519083734216	0.03701470037966378	4.096037026399017e-05	unsupported	True	0.0021557604469333	0.0021557604469333
PVR	chr19:44570812-44571313	9	-0.017036677119458683	0.023474963614974045	2	0.040511640734432725	0.038655338926608676	3.676158651326169e-05	unsupported	True	0.0014975426441991	0.0014975426441991
PVR	chr19:44772850-44773351	10	-0.007379316867879504	0.02302398314669667	2	0.030403300014576175	0.03668954722733238	2.5682868970189024e-05	unsupported	True	0.0013078360337709	0.0013078360337709
PVR	chr19:44808773-44809274	11	-0.020557262816517055	0.11087885910028093	2	0.131436121916798	0.12681069785213758	0.00184807408738601	unsupported	True	0.0012953204367882	-0.0012953204367882
PVR	chr19:44662592-44663093	12	0.006132728841020196	0.031705432124859455	2	0.02557270328383926	0.034139244362312235	2.7679881118250553e-05	unsupported	True	0.0011749773237452	-0.0011749773237452
PVR	chr19:44672418-44672919	13	-0.008033024679907673	0.0071578216035634796	5	0.015190846283471154	0.01616670607189962	1.7578603958822604e-06	unsupported	True	0.000945844542969	0.000945844542969
PVR	chr19:44723813-44724314	14	-0.01161616604385837	0.06306548955599338	2	0.07468165559985175	0.06648809981887227	0.0003131479909969538	unsupported	True	0.0008860348608338	0.0008860348608338
PVR	chr19:44741803-44742304	15	-0.017780010659768274	0.0829696915460861	2	0.10074970220585439	0.08986484936825681	0.0007511957070459959	unsupported	True	0.0008436780188974	-0.0008436780188974
PVR	chr19:44770540-44771041	16	-0.0203407241016484	0.10274522267914736	2	0.12308594678079576	0.13809228988962552	0.0017463831789160872	unsupported	True	0.0007090157927536	0.0007090157927536
PVR	chr19:44603125-44603626	17	-0.0165623544172456	0.027952605338742453	2	0.04451495975598806	0.04285988754751941	5.3330948174465706e-05	unsupported	True	0.0006839261884679	0.0006839261884679
PVR	chr19:44663676-44664177	18	-0.007662741522112835	0.011204112290830629	1	0.018866853812943465	0.013925398698173915	2.9436391849277615e-06	unsupported	True	0.0005650311924605	-0.0005650311924605
PVR	chr19:44654399-44654900	19	-0.010602747603544719	0.08232970608831627	2	0.092932453691861	0.09507545921218576	0.0007274319979580903	unsupported	True	0.000559469404786	-0.000559469404786
EDA	chrX:69614869-69615370	0	-0.004146745298592223	0.029518390182268067	0	0.03366513548086029	0.04760536689658564	4.730738608501463e-05	unsupported	True	0.0118440397816091	0.0118440397816091
EDA	chrX:70141346-70141847	1	-0.0032117115201340156	0.02940173797976539	0	0.03261344949989941	0.04773756714677678	4.577517585809329e-05	unsupported	True	0.0084125129140303	0.0084125129140303
EDA	chrX:69493126-69493627	2	0.00044028084567095365	0.06437024323827069	0	0.06392996239259974	0.07732711729818992	0.00031821556559377115	unsupported	True	0.0070551508376058	0.0070551508376058
EDA	chrX:69615731-69616232	3	-0.006871824168209128	0.042676690688768594	0	0.04954851485697772	0.07753485128935478	0.0001639526101784523	unsupported	True	0.0043590357821027	0.0043590357821027
EDA	chrX:70133081-70133582	4	-0.0077287131413950666	0.045380470121681296	0	0.053109183263076364	0.07706795440644046	0.00018574299548173708	unsupported	True	0.0036579610274854	-0.0036579610274854
EDA	chrX:70168637-70169138	5	-0.0036866476117419	0.049240930407850304	4	0.052927578019592206	0.07454239112433109	0.00019427261723423752	unsupported	True	0.0031085369472467	0.0031085369472467
EDA	chrX:69968973-69969474	6	-0.02032722869315807	-0.0006552784729146867	0	0.019671950220243383	0.02594893594600617	0.0	unsupported	True	0.0029319574766172	0.0029319574766172
EDA	chrX:69501352-69501853	7	0.005654619160280008	0.09879908460870632	0	0.0931444654484263	0.12307945243298592	0.0011326494824888537	unsupported	True	0.0028725086000703	0.0028725086000703
EDA	chrX:69503438-69503939	8	0.002367138141640808	0.07063380496698896	0	0.06826666682534815	0.09746318181476527	0.0004699610720780415	unsupported	True	0.0026566987450979	-0.0026566987450979
EDA	chrX:70105101-70105602	9	-0.002136011670290411	-0.004937926016744698	4	-0.002801914346454287	0.011026849451787526	0.0	unsupported	True	0.0025777457150797	0.0025777457150797
EDA	chrX:70133606-70134107	10	-0.00682135122463271	0.05844669393251185	0	0.06526804515714456	0.08977094022597737	0.0003424493366444359	unsupported	True	0.0021008820084638	0.0021008820084638
EDA	chrX:69504741-69505242	11	-0.009908850910222557	0.044775925008283105	0	0.054684775918505665	0.07199571217274756	0.00017628592363635776	unsupported	True	0.0012104090230164	0.0012104090230164
EDA	chrX:69504079-69504580	12	-0.010714676518417782	0.03775158769899177	0	0.04846626421740955	0.07389157363556573	0.00013519781799980408	unsupported	True	0.0012020188968765	0.0012020188968765
EDA	chrX:69951547-69952048	13	-0.012060685086227528	0.013704597327554396	4	0.025765282413781926	0.03138301361329049	1.1081430623006813e-05	unsupported	True	0.0006798195582062	-0.0006798195582062
EDA	chrX:70032759-70033260	14	-0.009682972434996969	0.042909631714833654	0	0.05259260414983062	0.0687120355538769	0.000155064462178812	unsupported	True	0.0006745966771668	0.0006745966771668
EDA	chrX:70097294-70097795	15	-0.005385282990181318	0.026193755993726753	0	0.03157903898390807	0.04979473797267836	4.118889474440931e-05	unsupported	True	0.0006187711800544	-0.0006187711800544
EDA	chrX:69987772-69988273	16	-0.006190215454935888	0.008415651774640223	1	0.014605867229576111	0.02317303820144285	2.8483810178653413e-06	unsupported	True	0.0005984029068785	-0.0005984029068785
EDA	chrX:70033609-70034110	17	-0.0059855915374064286	0.032648161022339514	0	0.038633752559745944	0.055211379866558934	6.963927145500038e-05	unsupported	True	0.0005174518264607	0.0005174518264607
EDA	chrX:70013297-70013798	18	0.001224902028993343	0.006551987467403864	0	0.005327085438410521	0.020605376407814756	7.191893915692521e-07	unsupported	True	0.0004317324048031	0.0004317324048031
EDA	chrX:70030483-70030984	19	-0.014601998523487852	-0.012852044304400068	0	0.0017499542190877841	0.013274085196728045	0.0	unsupported	True	0.0002713464596691	0.0002713464596691
GPR83	chr11:94401183-94401684	0	0.011577615240990045	0.048595959210496587	3	0.03701834396950654	0.048595959210496587	8.742130882641595e-05	unsupported	True	0.0137869354393493	0.0137869354393493
GPR83	chr11:94412733-94413234	1	0.00870705053696834	0.04793247540861309	3	0.03922542487164475	0.04793247540861309	9.01212843998595e-05	unsupported	True	0.0114371014054126	0.0114371014054126
GPR83	chr11:94343425-94343926	2	0.004055620104461892	0.04020982101897738	1	0.03615420091451549	0.04020982101897738	5.8455186048954355e-05	unsupported	True	0.0078935540607502	0.0078935540607502
GPR83	chr11:94512222-94512723	3	-0.0036692388856034456	0.08064785306449061	3	0.08431709195009406	0.10987019293703094	0.0007471164816186344	unsupported	True	0.0051310829771052	0.0051310829771052
GPR83	chr11:94420303-94420804	4	-0.003546479929682683	0.024520290337517674	3	0.028066770267200357	0.02812314846578713	1.9354501395780314e-05	unsupported	True	0.0047876669142657	0.0047876669142657
GPR83	chr11:94493668-94494169	5	-0.0015140887370546298	0.06979343043125188	3	0.07130751916830652	0.08622954531294497	0.000429146888815779	unsupported	True	0.0024828431487182	0.0024828431487182
GPR83	chr11:94543655-94544156	6	-0.0034623258467577694	0.07466076190111608	3	0.07812308774787384	0.07466076190111608	0.00043547601001609826	unsupported	True	0.0024616078235195	0.0024616078235195
GPR83	chr11:94399808-94400309	7	-0.003260283499360062	0.032702971721343024	3	0.03596325522070309	0.04335498327522656	5.099002641304307e-05	unsupported	True	0.0020059936255937	0.0020059936255937
GPR83	chr11:94329244-94329745	8	0.013065003276010963	0.06464176962280821	3	0.05157676634679725	0.08181000037454011	0.0002727556414360709	unsupported	True	0.0015498067812012	0.0015498067812012
GPR83	chr11:94417355-94417856	9	0.0006738460291789125	0.032657924100205536	3	0.03198407807102662	0.032657924100205536	3.411229883488182e-05	unsupported	True	0.0014011583321462	0.0014011583321462
GPR83	chr11:94302764-94303265	10	0.012597554076723519	0.049863496189449526	0	0.037265942112726005	0.049863496189449526	9.265685535871847e-05	unsupported	True	0.0012032323407749	0.0012032323407749
GPR83	chr11:94544186-94544687	11	-0.0033742692891843254	0.06011317087066591	3	0.06348744015985024	0.06685934629295529	0.0002551641044620696	unsupported	True	0.0007786825315443	-0.0007786825315443
GPR83	chr11:94519445-94519946	12	0.006420934204226749	0.06331972704940254	3	0.056898792845175794	0.07193536811405557	0.00025916989753770145	unsupported	True	0.0007094966803366	0.0007094966803366
GPR83	chr11:94442656-94443157	13	-0.004947446077403268	0.012932862691843437	3	0.017880308769246706	0.014686776565179796	3.3962227651624225e-06	unsupported	True	0.0006144860421076	0.0006144860421076
GPR83	chr11:94525935-94526436	14	-0.006379650371290224	0.04998431156305864	3	0.05636396193434886	0.06438454192616065	0.00018139146068073513	unsupported	True	0.0004447125416327	0.0004447125416327
GPR83	chr11:94436934-94437435	15	0.022124077086697534	0.03939780787412875	3	0.017273730787431215	0.03939780787412875	2.681206495224259e-05	unsupported	True	0.0004295399715253	0.0004295399715253
GPR83	chr11:94327819-94328320	16	0.021350111134732577	0.04527310500215294	5	0.02392299386742036	0.05188672139583571	5.6196858637510073e-05	unsupported	True	0.000265667550413	0.000265667550413
GPR83	chr11:94299481-94299982	17	0.005401007403296587	0.0909249346832232	3	0.08552392727992661	0.0909249346832232	0.0007070557054292761	unsupported	True	0.0001923838222021	-0.0001923838222021
GPR83	chr11:94504675-94505176	18	0.00027481159621826933	0.08720926424648093	3	0.08693445265026266	0.10200479938386754	0.0007733483311157279	unsupported	True	8.965783836825775e-05	-8.965783836825775e-05
GPR83	chr11:94310110-94310611	19	0.008421000132462404	0.07825285315401269	3	0.06983185302155029	0.08401066314224787	0.00045907977534320233	unsupported	True	8.306366998682551e-05	-8.306366998682551e-05
TWIST1	chr7:19117327-19117828	0	-0.00805317079560652	0.02321022538651073	5	0.03126339618211725	0.03647149783706338	2.646483018038014e-05	unsupported	True	0.0306893593457488	0.0306893593457488
TWIST1	chr7:19106955-19107456	1	-0.0028278358621368713	0.03614040900218094	5	0.03896824486431781	0.03614040900218094	5.089756104216732e-05	unsupported	True	0.0070163638486393	0.0070163638486393
TWIST1	chr7:18978730-18979231	2	-0.002352839721437726	0.02159772230727333	0	0.023950562028711056	0.0224428359761032	1.160917605709236e-05	unsupported	True	0.0048912902741015	0.0048912902741015
TWIST1	chr7:18900085-18900586	3	-0.009847556090693063	0.0	1	0.009847556090693063	0.009219690280851848	0.0	unsupported	True	0.0040378277478295	0.0040378277478295
TWIST1	chr7:18995909-18996410	4	-0.01994184389953466	0.0	1	0.01994184389953466	0.018287233781999326	0.0	unsupported	True	0.0037322615085358	0.0037322615085358
TWIST1	chr7:19145720-19146221	5	-0.013091286586946886	0.007290649069592654	0	0.020381935656539542	0.013275145004766507	1.9726538939161234e-06	unsupported	True	0.002893506388219	0.002893506388219
TWIST1	chr7:19220550-19221051	6	0.007016859799574578	0.021841722077306495	5	0.014824862277731918	0.0302471756186668	9.794051245413925e-06	unsupported	True	0.0010567411617904	0.0010567411617904
TWIST1	chr7:19121957-19122458	7	-0.002059983528482198	0.026510244669263883	5	0.02857022819774608	0.03795017725282547	2.8743606176564076e-05	unsupported	True	0.0009567477300048	-0.0009567477300048
TWIST1	chr7:19144381-19144882	8	-0.009059641611294208	0.019189166092263555	5	0.02824880770355776	0.044488055549927685	2.4115687559726457e-05	unsupported	True	0.0009012134106086	0.0009012134106086
TWIST1	chr7:19224938-19225439	9	-0.016920458796061764	0.0062787228455264445	2	0.02319918164158821	0.019663309242745786	2.864181844983741e-06	unsupported	True	0.0008831843478077	0.0008831843478077
TWIST1	chr7:18977018-18977519	10	0.004590199818009182	0.03877520799143601	2	0.034185008173426824	0.03877520799143601	5.13977325510085e-05	unsupported	True	0.0003174570798159	-0.0003174570798159
TWIST1	chr7:18926912-18927413	11	0.017827037711543512	0.044556342434530424	5	0.026729304722986912	0.044556342434530424	5.306482400409337e-05	unsupported	True	0.0001667129472701	0.0001667129472701
TWIST1	chr7:18975265-18975766	12	-0.0046689313412145005	0.016546181563710405	5	0.021215112904924907	0.02645107740938835	9.285098162074579e-06	unsupported	True	5.593770717878381e-05	-5.593770717878381e-05
TWIST1	chr7:18953564-18954065	13	-0.005663899823860676	0.017066987772398227	5	0.0227308875962589	0.03302828901320375	1.2813251421706092e-05	unsupported	True	4.631540205976459e-05	4.631540205976459e-05
TWIST1	chr7:18871778-18872279	14	0.003386410991916214	0.030737145825439113	5	0.027350734833522898	0.04625083844887533	3.888231790191066e-05	unsupported	True	3.596720403538684e-05	-3.596720403538684e-05
TWIST1	chr7:19116541-19117042	15	0.0028601502053357594	0.057887195876175086	5	0.055027045670839325	0.07224386652222292	0.00023012282172855416	unsupported	True	1.7990114831409486e-05	1.7990114831409486e-05
TWIST1	chr7:19256142-19256643	16	0.0034872943801973603	0.03604589175048056	5	0.0325585973702832	0.03604589175048056	4.230359107591997e-05	unsupported	True	1.651722646676716e-05	-1.651722646676716e-05
PPIG	chr2:169525350-169525851	0	2.317001696285013e-05	0.045113050743989636	1	0.045089880727026785	0.06383447714353478	0.0001298483959387559	unsupported	True	0.0115634797146203	0.0115634797146203
PPIG	chr2:169479208-169479709	1	-0.0023428015490321997	0.06441250158743714	1	0.06675530313646934	0.09297220761733205	0.00039976897063889277	unsupported	True	0.0098700757806402	0.0098700757806402
PPIG	chr2:169573682-169574183	2	-0.007018095272713367	0.06843722052242933	1	0.0754553157951427	0.0959253816904302	0.0004953540749441195	unsupported	True	0.0058995266598784	0.0058995266598784
PPIG	chr2:169743485-169743986	3	0.003129245386013415	0.03362035763429986	5	0.030491112248286444	0.028744614796436876	2.946673983940318e-05	unsupported	True	0.0057592412842176	-0.0057592412842176
PPIG	chr2:169461103-169461604	4	-0.00021425469595834376	0.043012851484355075	3	0.04322710618031342	0.05713435888681235	0.0001062311189122245	unsupported	True	0.0029806616422661	-0.0029806616422661
PPIG	chr2:169789774-169790275	5	-0.004970522236892919	0.030482053658681323	4	0.03545257589557424	0.04728959226205944	5.110431697096674e-05	unsupported	True	0.0025456848639631	-0.0025456848639631
PPIG	chr2:169452045-169452546	6	-0.002741533637392514	0.0967339380034081	1	0.09947547164080062	0.12019653473582742	0.00115660967857011	unsupported	True	0.0025212188554942	0.0025212188554942
PPIG	chr2:169584087-169584588	7	-0.0028569860136090286	0.06804429694926416	1	0.07090128296287318	0.09451915458407469	0.00045600085137572114	unsupported	True	0.0024766586469764	0.0024766586469764
PPIG	chr2:169744957-169745458	8	0.008238585089738602	0.07097873798454911	1	0.06274015289481051	0.07387897985013697	0.0003289991196605214	unsupported	True	0.0019624380767773	-0.0019624380767773
PPIG	chr2:169715869-169716370	9	0.000587298308467663	0.060097091586063106	1	0.059509793277595445	0.06404374335371378	0.0002290438340207049	unsupported	True	0.0019167205411168	-0.0019167205411168
PPIG	chr2:169694204-169694705	10	-0.0012364664442490218	0.0760666484014427	1	0.07730311484569172	0.09845870608543206	0.0005789557864280854	unsupported	True	0.0018820241788156	0.0018820241788156
PPIG	chr2:169733565-169734066	11	0.0006461196273974171	0.0435504063495825	1	0.04290428672218508	0.08111642378496797	0.00015156596653196613	unsupported	True	0.0017570050717459	-0.0017570050717459
PPIG	chr2:169767209-169767710	12	-0.006771997937921956	0.053657855257965736	1	0.060429853195887694	0.07056076895911145	0.00022879585583798388	unsupported	True	0.0013533799578689	0.0013533799578689
PPIG	chr2:169734151-169734652	13	0.0008688830488809725	0.0581859150379465	1	0.05731703198906553	0.07100017429458994	0.00023678870198167332	unsupported	True	0.0011256878072448	-0.0011256878072448
PPIG	chr2:169468420-169468921	14	0.0035730585998370408	0.029122379647690353	1	0.02554932104785331	0.03302905478987529	2.457550032136156e-05	unsupported	True	0.0010520897215069	-0.0010520897215069
PPIG	chr2:169678807-169679308	15	0.018522435850290626	0.0942888162242758	4	0.07576638037398517	0.0887226378980591	0.0006338276327310448	unsupported	True	0.0009289877586247	-0.0009289877586247
PPIG	chr2:169644001-169644502	16	-0.00016934364560806044	0.06744473546081121	1	0.06761407910641927	0.0543167113762336	0.00024769581020309475	unsupported	True	0.0006185356809164	-0.0006185356809164
PPIG	chr2:169579066-169579567	17	0.0018027391147496616	0.146278966054279	1	0.14447622693952936	0.16508960559668606	0.0034889761705875675	unsupported	True	0.0005664129380802	-0.0005664129380802
PPIG	chr2:169746234-169746735	18	-0.002376690715765869	0.05572433753396395	1	0.05810102824972982	0.06424566988849072	0.00020800443477195083	unsupported	True	0.000533203288691	-0.000533203288691
PPIG	chr2:169713988-169714489	19	-0.008063001165468214	0.02001489797794608	1	0.02807789914341429	0.02867528268843652	1.6114828887915362e-05	unsupported	True	0.0003994557663869	0.0003994557663869
REEP2	chr5:138585124-138585625	0	0.002205481286227983	0.03791532830922791	5	0.03570984702299993	0.055574197641729516	7.52447167826793e-05	unsupported	True	0.0126299892855098	0.0126299892855098
REEP2	chr5:138438735-138439236	1	-0.0009703741159113134	0.055217543114867804	5	0.056187917230779115	0.07627366511828006	0.00023664352651427476	unsupported	True	0.0052209789041692	0.0052209789041692
REEP2	chr5:138448924-138449425	2	-0.010151074942069526	0.07254052563630622	5	0.08269160057837575	0.0960464171487461	0.0005761336813830191	unsupported	True	0.0052149601111936	0.0052149601111936
REEP2	chr5:138491931-138492432	3	-0.01742426236896532	0.052046582442078305	1	0.06947084481104362	0.08151055645614594	0.0002947193534101356	unsupported	True	0.0045877247308198	-0.0045877247308198
REEP2	chr5:138595341-138595842	4	0.016787469992062494	0.09359787965759321	5	0.07681040966553071	0.0973724661707711	0.0007000390414597373	unsupported	True	0.0043232895620163	0.0043232895620163
REEP2	chr5:138463970-138464471	5	-0.015386523789254695	0.04284435237378832	1	0.05823087616304302	0.07100958134978516	0.00017715926075918286	unsupported	True	0.0039527600337023	0.0039527600337023
REEP2	chr5:138588401-138588902	6	0.0022302447124641803	0.049224698285505755	5	0.04699445357304158	0.05617354657786836	0.00012994557988161667	unsupported	True	0.0029264067557381	0.0029264067557381
REEP2	chr5:138579195-138579696	7	0.005000030856194355	0.052243138900752974	5	0.04724310804455862	0.07155244260572709	0.00017660060535776994	unsupported	True	0.0027915246524456	0.0027915246524456
REEP2	chr5:138449887-138450388	8	-0.006327943227842305	0.04212037782631725	1	0.048448321054159554	0.06921508990625053	0.00014124457527140268	unsupported	True	0.0024307374032252	0.0024307374032252
REEP2	chr5:138337264-138337765	9	-0.008678436976954418	0.04501589084830194	5	0.053694327825256356	0.07322362384348069	0.0001769886747854453	unsupported	True	0.0023437151043786	0.0023437151043786
REEP2	chr5:138391821-138392322	10	-0.02012629039323279	0.04170363283982515	1	0.06182992323305794	0.06420996827456055	0.0001655674846921669	unsupported	True	0.002226311367944	-0.002226311367944
REEP2	chr5:138337991-138338492	11	-0.011847423635501082	0.04449403695046221	1	0.05634146058596329	0.06900061770527904	0.0001729748215117415	unsupported	True	0.0019717718755169	0.0019717718755169
REEP2	chr5:138596590-138597091	12	-0.0009690648185214486	0.05428019177979468	5	0.05524925659831613	0.0634415620103629	0.0001902574534454358	unsupported	True	0.001771286798855	0.001771286798855
REEP2	chr5:138504687-138505188	13	-0.02191599804111697	0.0428050012383052	1	0.06472099927942217	0.057932428393550034	0.00016049498315648305	unsupported	True	0.0017458162699771	-0.0017458162699771
REEP2	chr5:138331720-138332221	14	-0.005260280801387646	0.04455818127712296	5	0.04981846207851061	0.06478499871759759	0.00014381104001519928	unsupported	True	0.0013007191161943	-0.0013007191161943
REEP2	chr5:138410939-138411440	15	-0.017317909696287707	0.061591480735289764	1	0.07890939043157746	0.09111240061612817	0.000442819587682017	unsupported	True	0.0006795656800344	0.0006795656800344
REEP2	chr5:138575565-138576066	16	-0.005055179216763482	0.04717055929752381	5	0.052225738514287294	0.07415402248369943	0.00018267971691542296	unsupported	True	0.0004886812173144	0.0004886812173144
REEP2	chr5:138543105-138543606	17	-0.006127498600407299	0.04245790921733752	5	0.04858540781774481	0.06777521240356427	0.0001398090690558212	unsupported	True	0.0003729779751333	0.0003729779751333
REEP2	chr5:138352346-138352847	18	-0.0062160944867380346	0.04329929408622537	5	0.049515388572963406	0.06031988917776761	0.00012932471873498274	unsupported	True	0.0003649338201738	-0.0003649338201738
REEP2	chr5:138551621-138552122	19	0.023636344093782433	0.07669143177363252	5	0.053055087679850094	0.0820843818734765	0.00033399073116483906	unsupported	True	0.0003648712805112	0.0003648712805112
ZNF33A	chr10:38142105-38142606	0	-0.011203805201363356	0.023264991651702663	5	0.03446879685306602	0.03334013082368151	2.673599338580624e-05	unsupported	True	0.0294055404052078	0.0294055404052078
ZNF33A	chr10:38062694-38063195	1	-0.004362523464439798	0.0359503925211018	4	0.0403129159855416	0.045336597967964375	6.570475160642821e-05	unsupported	True	0.0069129858128047	0.0069129858128047
ZNF33A	chr10:38010772-38011273	2	-0.007610728901749697	0.007688199169078605	1	0.015298928070828301	0.020633576307238922	2.426946131041091e-06	unsupported	True	0.0064052928897192	0.0064052928897192
ZNF33A	chr10:37976467-37976968	3	-0.013039642817235398	0.010377952738970747	1	0.023417595556206143	0.03001505189727345	7.294459011201405e-06	unsupported	True	0.0059058753039783	0.0059058753039783
ZNF33A	chr10:38094582-38095083	4	-0.013296137434040345	0.013495487858745603	4	0.026791625292785948	0.027887173300697513	1.0083055203499654e-05	unsupported	True	0.0043084512257858	-0.0043084512257858
ZNF33A	chr10:37963107-37963608	5	-0.0043535425033520625	0.02861997076074169	2	0.03297351326409375	0.037752819398174105	3.562737287135816e-05	unsupported	True	0.0019994609519834	-0.0019994609519834
ZNF33A	chr10:38094052-38094553	6	-0.010625184214203503	0.00602861657476297	4	0.016653800788966472	0.02147519934059511	2.156096687772347e-06	unsupported	True	0.0015077360996808	0.0015077360996808
ZNF33A	chr10:38125449-38125950	7	-0.013187676566852297	0.02544685981263229	5	0.03863453637948459	0.03169495193427154	3.11601830153391e-05	unsupported	True	0.0012541588636867	0.0012541588636867
KIF13B	chr8:29012928-29013429	0	-0.002388266377279895	0.03953045839125877	1	0.04191872476853867	0.03622281682912082	6.0023612872051006e-05	unsupported	True	0.0101794945533035	0.0101794945533035
KIF13B	chr8:28979970-28980471	1	0.004133538918397581	0.041277678617449215	1	0.037144139699051636	0.04616466592954165	7.07807673391483e-05	unsupported	True	0.0058082053305459	0.0058082053305459
KIF13B	chr8:29085710-29086211	2	-0.009597744323382677	0.04885087925822903	1	0.05844862358161171	0.06305660642970237	0.0001800434256149814	unsupported	True	0.0054444850362698	0.0054444850362698
KIF13B	chr8:29237853-29238354	3	-0.012020632505874759	0.0257375134941072	5	0.03775814599998196	0.024788758573168233	2.408973521873731e-05	unsupported	True	0.0046795803624303	-0.0046795803624303
KIF13B	chr8:29391475-29391976	4	-0.005857436215641236	0.03755729094347215	3	0.04341472715911338	0.03486430980292388	5.684763563871275e-05	unsupported	True	0.0040209129295022	0.0040209129295022
KIF13B	chr8:28984310-28984811	5	-0.01046759185711726	0.012794268609368756	3	0.023261860466486015	0.024151178123337228	7.187837192849384e-06	unsupported	True	0.0038735251017345	0.0038735251017345
KIF13B	chr8:29373142-29373643	6	0.008838204862793495	0.025036462064094038	1	0.016198257201300543	0.029281099679803232	1.187486365226038e-05	unsupported	True	0.0031375044775175	0.0031375044775175
KIF13B	chr8:29035410-29035911	7	-0.007534016234506694	0.028737163403095598	5	0.03627117963760229	0.032126397803970225	3.348633444036354e-05	unsupported	True	0.0025907635238682	0.0025907635238682
KIF13B	chr8:29314647-29315148	8	0.002891558624901734	0.0335643521623683	1	0.030672793537466565	0.022502980717722294	2.3167098678128135e-05	unsupported	True	0.0025066700443546	0.0025066700443546
KIF13B	chr8:29262906-29263407	9	0.022164114608467827	0.03448340044133642	4	0.012319285832868596	0.017253629397017325	7.329529254866958e-06	unsupported	True	0.0021898482247174	0.0021898482247174
KIF13B	chr8:29402614-29403115	10	-0.006236911188039829	0.06138560169842271	1	0.06762251288646254	0.07335553005416225	0.0003045023734068068	unsupported	True	0.0021847606270668	0.0021847606270668
KIF13B	chr8:29350609-29351110	11	0.00929594027794918	0.03161464971465163	0	0.02231870943670245	0.015706734508846725	1.1082643297705342e-05	unsupported	True	0.0017562982472311	-0.0017562982472311
KIF13B	chr8:29079067-29079568	12	0.00676087782270378	0.05925871081187001	1	0.05249783298916623	0.05918006697437172	0.0001841064603547232	unsupported	True	0.0015418234797744	0.0015418234797744
KIF13B	chr8:29274896-29275397	13	-0.006467227903913804	0.04987974917053489	1	0.0563469770744487	0.05680922965490902	0.00015966649173356303	unsupported	True	0.0014816133861685	0.0014816133861685
KIF13B	chr8:29169628-29170129	14	0.026116219052856653	0.0415315945209932	1	0.015415375468136545	0.03398632694803917	2.175890036189349e-05	unsupported	True	0.0014734949879116	0.0014734949879116
KIF13B	chr8:29004263-29004764	15	-0.005412722772700573	0.04004146668050305	1	0.04545418945320362	0.05708071730830188	0.00010388989724304807	unsupported	True	0.0012924714795837	-0.0012924714795837
KIF13B	chr8:29275976-29276477	16	-0.005288315434011481	0.00566619481172071	1	0.010954510245732192	0.016352075185162514	1.0149796696512356e-06	unsupported	True	0.0012615654169518	0.0012615654169518
KIF13B	chr8:29127059-29127560	17	0.0059694300274982254	0.016770772072110373	1	0.010801342044612148	0.008818426269150881	1.5974301009582912e-06	unsupported	True	0.0008994250042747	0.0008994250042747
KIF13B	chr8:28988044-28988545	18	-0.008655421211241455	0.03310485589607326	1	0.04176027710731471	0.046932355408305836	6.488247744303225e-05	unsupported	True	0.0006843722857622	0.0006843722857622
KIF13B	chr8:29212086-29212587	19	-0.006451093472903058	0.030164010537975634	0	0.03661510401087869	0.03339692913525613	3.688551835767936e-05	unsupported	True	0.0006801029700808	-0.0006801029700808
CAP2	chr6:17393987-17394488	0	0.0014289433822326765	0.04195978809795499	0	0.04053084471572231	0.04990554311917907	8.487264321198438e-05	unsupported	True	0.0082741456124831	0.0082741456124831
CAP2	chr6:17393374-17393875	1	-0.011007881910737264	0.02404066376788954	0	0.03504854567862681	0.034475585766762504	2.904879423019989e-05	unsupported	True	0.006379108307431	0.006379108307431
CAP2	chr6:17423012-17423513	2	-0.011441196799434636	0.07490706636476321	5	0.08634826316419784	0.0947994597655892	0.0006131719192322489	unsupported	True	0.00477945756927	-0.00477945756927
CAP2	chr6:17281150-17281651	3	0.0031332672027954583	0.06064031542586656	5	0.0575070482230711	0.06607304133538952	0.00023041291893952364	unsupported	True	0.0037526775090012	0.0037526775090012
CAP2	chr6:17372863-17373364	4	0.031512157036132867	0.05827920490381327	0	0.026767047867680402	0.05945522122540436	9.274790170862069e-05	unsupported	True	0.0037179851806367	0.0037179851806367
CAP2	chr6:17295681-17296182	5	0.02804797162498289	0.06857376640018438	5	0.04052579477520149	0.051227038699374054	0.00014236026758391793	unsupported	True	0.0036846175393634	0.0036846175393634
CAP2	chr6:17584062-17584563	6	-0.0043890280142903255	0.056719104887202554	5	0.061108132901492876	0.07381662777962977	0.0002558483285040751	unsupported	True	0.003469910518352	0.003469910518352
CAP2	chr6:17280592-17281093	7	-0.007495631085101386	0.02685182689970541	5	0.034347457984806797	0.05282679814149682	4.872173311357202e-05	unsupported	True	0.0033800812567111	0.0033800812567111
CAP2	chr6:17706724-17707225	8	-0.012677321631627415	0.015706252862737614	5	0.02838357449436503	0.023537141963327766	1.0492848429012181e-05	unsupported	True	0.0029684653607604	-0.0029684653607604
CAP2	chr6:17505173-17505674	9	0.0006040110072119325	0.051856273712249705	5	0.05125226270503777	0.07439617419939813	0.00019772653339565475	unsupported	True	0.0026416556352234	0.0026416556352234
CAP2	chr6:17659883-17660384	10	0.027956038243144878	0.07509552087135213	0	0.04713948262820725	0.05494354612767192	0.0001944981754106296	unsupported	True	0.0025133448093788	0.0025133448093788
CAP2	chr6:17431482-17431983	11	0.024535073118153245	0.05426561762426829	5	0.029730544506115047	0.05257010449121355	8.481378672204594e-05	unsupported	True	0.002234558557665	0.002234558557665
CAP2	chr6:17457586-17458087	12	-0.018120910607461953	0.07343569697635483	5	0.09155660758381678	0.10471430462573483	0.0007040490660214415	unsupported	True	0.0019215030141061	0.0019215030141061
CAP2	chr6:17600045-17600546	13	-0.006868418351628328	0.034581385575058694	5	0.041449803926687026	0.04173599139247747	5.982402163319936e-05	unsupported	True	0.0013860540350542	-0.0013860540350542
CAP2	chr6:17497542-17498043	14	-0.01921683842428492	0.0731839509758117	5	0.09240078940009663	0.1064144036862896	0.0007196013165417769	unsupported	True	0.0013676125139787	0.0013676125139787
CAP2	chr6:17311485-17311986	15	-0.004856732945014	0.014245972880238057	1	0.01910270582525206	0.03750933617630539	1.020766430776266e-05	unsupported	True	0.0013666949758447	0.0013666949758447
CAP2	chr6:17484118-17484619	16	0.01510127894618896	0.054505338577848714	5	0.03940405963165976	0.056268524291612144	0.00012084968835722851	unsupported	True	0.0011370058098172	0.0011370058098172
CAP2	chr6:17305705-17306206	17	-0.01704983557375629	0.04934962264527926	5	0.06639945821903555	0.07573390011689614	0.00024816395077016147	unsupported	True	0.001005941362521	-0.001005941362521
CAP2	chr6:17450315-17450816	18	0.008996159254583799	0.09406120962267528	5	0.08506505036809148	0.11713840365893333	0.0009372620316823089	unsupported	True	0.0008828754062173	0.0008828754062173
CAP2	chr6:17457046-17457547	19	-0.025395537996428064	0.015913956551848123	5	0.04130949454827619	0.039372570079702254	2.5883429194883033e-05	unsupported	True	0.000815884455362	0.000815884455362
DAG1	chr3:49658643-49659144	0	0.03875345567106505	0.05504977880577111	4	0.01629632313470606	0.057034083413826125	5.116578861978336e-05	unsupported	True	0.0090981786626229	0.0090981786626229
DAG1	chr3:49340474-49340975	1	0.03327480607651323	0.06120519240651488	4	0.027930386330001652	0.08302589734195814	0.00014193149866228516	unsupported	True	0.0074643611076449	0.0074643611076449
DAG1	chr3:49616420-49616921	2	0.06478431363517898	0.09547131561216006	4	0.030687001976981085	0.1014690966903233	0.00029727689946434916	unsupported	True	0.00599135254561	0.00599135254561
DAG1	chr3:49469903-49470404	3	0.00027717992044094597	0.041063895608215696	4	0.04078671568777475	0.04880772410555735	8.174617484451154e-05	unsupported	True	0.0050627303609976	-0.0050627303609976
DAG1	chr3:49411976-49412477	4	-0.0050596410564005476	0.036963881181672625	3	0.04202352223807317	0.046226362513898285	7.180583498378826e-05	unsupported	True	0.0048033707286812	-0.0048033707286812
DAG1	chr3:49422240-49422741	5	0.051540248608227646	0.07576813709617859	4	0.024227888487950947	0.09882961358983577	0.00018142171700418521	unsupported	True	0.0042102619533642	0.0042102619533642
DAG1	chr3:49535109-49535610	6	0.02041162711439813	0.055342752619407014	4	0.03493112550500888	0.08139784732506404	0.00015735706797773505	unsupported	True	0.0038692863008525	0.0038692863008525
DAG1	chr3:49539621-49540122	7	0.02053043476407772	0.06108001538828443	4	0.0405495806242067	0.07227056210605552	0.0001789974884522387	unsupported	True	0.0033353316432803	0.0033353316432803
DAG1	chr3:49554169-49554670	8	-0.00018288938130501463	0.03859067496928354	3	0.038773564350588555	0.04469547590642352	6.687775206840365e-05	unsupported	True	0.0020060406941128	-0.0020060406941128
DAG1	chr3:49592164-49592665	9	0.007644116237450536	0.04654223753308148	4	0.038898121295630944	0.05225015870812147	9.459397997476226e-05	unsupported	True	0.001645207337224	0.001645207337224
DAG1	chr3:49482661-49483162	10	-0.028122430127448885	0.07664822967425802	4	0.10477065980170691	0.10286826492248821	0.0008260821197048986	unsupported	True	0.0016161918357931	-0.0016161918357931
DAG1	chr3:49540135-49540636	11	-0.0016229395479505548	0.01952951244910194	4	0.021152451997052492	0.037251214303361826	1.538836765422013e-05	unsupported	True	0.0014613964734242	0.0014613964734242
DAG1	chr3:49607052-49607553	12	0.04611373920302061	0.05116567950460277	4	0.00505194030158216	0.058598216946170116	1.5146816264764345e-05	unsupported	True	0.0014277486074534	0.0014277486074534
DAG1	chr3:49358152-49358653	13	0.0022115897997005527	0.03253525244457859	3	0.030323662644878038	0.04781779230511043	4.7176460992593284e-05	unsupported	True	0.0013407051676866	0.0013407051676866
DAG1	chr3:49397434-49397935	14	-0.01948699061512174	0.031263411900321	3	0.050750402515442744	0.03055449669760114	4.847870364292549e-05	unsupported	True	0.0012343370003204	-0.0012343370003204
DAG1	chr3:49495260-49495761	15	0.03690631786184063	0.10574113630773126	4	0.06883481844589062	0.10904579721841053	0.0007937085822081881	unsupported	True	0.0008449551731877	-0.0008449551731877
DAG1	chr3:49459346-49459847	16	0.0497365135096932	0.08441038348968194	4	0.03467386997998874	0.09232644688471572	0.000270224244969079	unsupported	True	0.0007280549999809	0.0007280549999809
DAG1	chr3:49378826-49379327	17	-0.03092716414794131	0.023260661973594474	3	0.05418782612153578	0.04656027167285469	5.86866479631099e-05	unsupported	True	0.000531686065913	-0.000531686065913
DAG1	chr3:49449035-49449536	18	-0.008670378758583987	0.04816605524475975	3	0.05683643400334374	0.06347573326601195	0.00017377033078649944	unsupported	True	0.0005080059038908	-0.0005080059038908
DAG1	chr3:49519303-49519804	19	0.005469489761201699	0.0055487361976496435	3	7.924643644794446e-05	0.02925132951218043	1.2862323545629323e-08	unsupported	True	0.0004950799126276	0.0004950799126276
NEK6	chr9:124257675-124258176	0	0.029514200227953414	0.0386825143322258	3	0.009168314104272383	0.03186498825846214	1.1301027756895827e-05	unsupported	True	0.0057185888669725	0.0057185888669725
NEK6	chr9:124350168-124350669	1	0.01864273399767189	0.02885490792955407	5	0.01021217393188218	0.011444715434836966	3.372429616679526e-06	unsupported	True	0.0049877211844327	0.0049877211844327
NEK6	chr9:124126728-124127229	2	0.031218311215028684	0.06474829964382518	3	0.033529988428796495	0.060485246095655226	0.00013131405826941956	unsupported	True	0.004463273319623	0.004463273319623
NEK6	chr9:124342874-124343375	3	0.04334300332497107	0.05858844207158132	3	0.015245438746610253	0.040743554986768876	3.63924083453689e-05	unsupported	True	0.0044051369626443	0.0044051369626443
NEK6	chr9:124419522-124420023	4	0.03782758764766336	0.028292387764159113	4	-0.00953519988350425	0.012939033376803225	0.0	unsupported	True	0.0043526770823604	0.0043526770823604
NEK6	chr9:124268400-124268901	5	0.02489637031747684	0.035698391673156624	3	0.010802021355679783	0.02831783186982894	1.0919774767562543e-05	unsupported	True	0.0042638217842372	0.0042638217842372
NEK6	chr9:124267104-124267605	6	0.04537098761668742	0.04574459997846479	3	0.0003736123617773743	0.02982881279624625	5.097967237290326e-07	unsupported	True	0.003881696073343	0.003881696073343
NEK6	chr9:124280035-124280536	7	0.04644393806882508	0.053983865119408295	3	0.007539927050583213	0.04161104936474051	1.693712871581044e-05	unsupported	True	0.003639823814915	0.003639823814915
NEK6	chr9:124290272-124290773	8	-0.0107784602983073	0.03701298123623921	3	0.04779144153454651	0.04504021651555128	7.967180693901153e-05	unsupported	True	0.0035225060021168	0.0035225060021168
NEK6	chr9:124447992-124448493	9	0.05575614673993929	0.04859162473824655	3	-0.007164522001692743	0.017818917216457106	0.0	unsupported	True	0.0023462195653598	0.0023462195653598
NEK6	chr9:124297509-124298010	10	0.047981428466843765	0.05693838203621986	3	0.008956953569376098	0.034412559774378904	1.7550214296109208e-05	unsupported	True	0.0023010959640075	0.0023010959640075
NEK6	chr9:124291577-124292078	11	0.03585672358382359	0.0433769523349191	3	0.007520228751095516	0.032826700370190046	1.0708220797640574e-05	unsupported	True	0.0020449526257876	0.0020449526257876
NEK6	chr9:124320226-124320727	12	0.05388091738672337	0.054467262282102975	3	0.0005863448953796063	0.03234334720443141	1.0329365812838e-06	unsupported	True	0.0020227350764973	0.0020227350764973
NEK6	chr9:124415251-124415752	13	0.006672275421072461	0.0307213577430566	3	0.02404908232198414	0.01667118860193193	1.2317015255064014e-05	unsupported	True	0.0018040102862031	-0.0018040102862031
NEK6	chr9:124420954-124421455	14	0.002269627328133242	0.030722775931793175	3	0.028453148603659932	0.021588518502540704	1.8871813054172873e-05	unsupported	True	0.0014781655284173	-0.0014781655284173
NEK6	chr9:124399650-124400151	15	0.040231426134525204	0.040874103599992107	3	0.0006426774654669024	0.012469735621033852	3.2756580541633405e-07	unsupported	True	0.0013625068522226	0.0013625068522226
NEK6	chr9:124256366-124256867	16	0.0006139517257049371	0.026350299282286452	3	0.025736347556581513	0.024577154235436154	1.6667254235283858e-05	unsupported	True	0.0013492160376961	0.0013492160376961
NEK6	chr9:124263787-124264288	17	-0.0009398520811280615	0.03824907786516415	3	0.03918892994629221	0.03899431071355355	5.8450148984270224e-05	unsupported	True	0.001287309613583	0.001287309613583
NEK6	chr9:124450115-124450616	18	0.054324362769830783	0.05009665061545464	3	-0.004227712154376145	0.024095090521036748	0.0	unsupported	True	0.0012591019939782	0.0012591019939782
NEK6	chr9:124220988-124221489	19	0.003525080787505491	0.03235553203691923	3	0.02883045124941374	0.045444959854316194	4.239217600000746e-05	unsupported	True	0.0011486997375442	0.0011486997375442
CLDN18	chr3:138113282-138113783	0	-0.005018396739866241	0.0	0	0.005018396739866241	0.0	0.0	unsupported	True	0.0141445146982911	0.0141445146982911
CLDN18	chr3:138115578-138116079	1	-0.004090703636579611	0.0	0	0.004090703636579611	0.0	0.0	unsupported	True	0.0121908441789413	0.0121908441789413
CLDN18	chr3:138114878-138115379	2	-0.005236415206412606	0.0	0	0.005236415206412606	0.0	0.0	unsupported	True	0.0094025218396127	0.0094025218396127
CLDN18	chr3:137854466-137854967	3	-0.01251405546589292	0.0	0	0.01251405546589292	0.0	0.0	unsupported	True	0.0044223319135471	0.0044223319135471
CLDN18	chr3:137854976-137855477	4	-0.007389671108031197	0.0020798041529380648	5	0.009469475260969262	0.0020798041529380648	4.0961023125612295e-08	unsupported	True	0.0039981344486739	0.0039981344486739
CLDN18	chr3:138118836-138119337	5	-0.005495993017165844	0.0	0	0.005495993017165844	0.0	0.0	unsupported	True	0.0037525676986878	0.0037525676986878
CLDN18	chr3:138174657-138175158	6	0.015497379062765843	0.08738701529731929	4	0.07188963623455345	0.08738701529731929	0.0005489845200252829	unsupported	True	0.0031512192584543	-0.0031512192584543
CLDN18	chr3:137852152-137852653	7	-0.0015009274501284896	0.02146979866651318	4	0.02297072611664167	0.02146979866651318	1.0588407997413848e-05	unsupported	True	0.0015174470932043	-0.0015174470932043
CLDN18	chr3:138068509-138069010	8	0.00671943155082039	0.0352426824477698	4	0.028523250896949407	0.0352426824477698	3.542720868329891e-05	unsupported	True	0.0012706392798857	-0.0012706392798857
CLDN18	chr3:137962477-137962978	9	0.02390417058157782	0.2075436758355312	4	0.1836395052539534	0.2075436758355312	0.007910157351061153	regional_candidate	True	0.0010398344197636	-0.0010398344197636
CLDN18	chr3:137946346-137946847	10	0.01870245190450219	0.050767267830695725	4	0.032064815926193535	0.050767267830695725	8.264114654591815e-05	unsupported	True	0.0008982738958908	0.0008982738958908
CLDN18	chr3:138052129-138052630	11	0.0005469503943309179	0.0	0	-0.0005469503943309179	0.0	0.0	unsupported	True	0.0005243647741756	0.0005243647741756
CLDN18	chr3:137961948-137962449	12	0.0033293288608116775	0.0482190958070162	5	0.04488976694620452	0.0482190958070162	0.00010437235321903168	unsupported	True	0.0004468247187195	-0.0004468247187195
CLDN18	chr3:137934204-137934705	13	-0.008480692936039917	0.0	0	0.008480692936039917	0.0	0.0	unsupported	True	0.0001878756854152	0.0001878756854152
CLDN18	chr3:137971129-137971630	14	0.01208919487700794	0.05954520126206052	4	0.04745600638505258	0.05954520126206052	0.00016826148705894985	unsupported	True	0.0001708599038897	-0.0001708599038897
CLDN18	chr3:138128069-138128570	15	-0.003991692400750888	0.001930523433746928	4	0.005922215834497816	0.001930523433746928	2.207162895073677e-08	unsupported	True	0.000161888328473	0.000161888328473
CLDN18	chr3:138148474-138148975	16	-0.005427668397271427	0.0	0	0.005427668397271427	0.0	0.0	unsupported	True	0.000128919897187	0.000128919897187
CLDN18	chr3:138180588-138181089	17	-0.0075909117937210105	0.0	0	0.0075909117937210105	0.0	0.0	unsupported	True	0.0001165279433191	-0.0001165279433191
CLDN18	chr3:138010033-138010534	18	-0.007141618113566334	0.0	0	0.007141618113566334	0.0	0.0	unsupported	True	6.651927864388682e-05	6.651927864388682e-05
CLDN18	chr3:137973482-137973983	19	0.005980584843641496	0.11630325396535707	5	0.11032266912171557	0.11630325396535707	0.0014922737238579852	unsupported	True	4.08878846138347e-05	-4.08878846138347e-05
ACTA2	chr10:89032437-89032938	0	0.03690811297052786	0.10280254249323481	4	0.06589442952270695	0.0855446768198343	0.0005794894690974848	unsupported	True	0.0113488914423238	0.0113488914423238
ACTA2	chr10:88789447-88789948	1	-0.00390954950621246	0.03682403481648945	5	0.04073358432270191	0.03657536703985148	5.4862133516556824e-05	unsupported	True	0.0064924054610213	0.0064924054610213
ACTA2	chr10:88991517-88992018	2	0.020432743962595125	0.06328827123523476	1	0.04285552727263963	0.073722865184649	0.0001999550057909827	unsupported	True	0.0053343907747156	-0.0053343907747156
ACTA2	chr10:88880393-88880894	3	0.005473163660796836	0.08671023056908946	1	0.08123706690829262	0.09905589801838219	0.0006977581458168542	unsupported	True	0.0042853769944081	0.0042853769944081
ACTA2	chr10:88934753-88935254	4	0.017478699188815727	0.06306730843605796	3	0.04558860924724223	0.07044210259550736	0.0002025316733064463	unsupported	True	0.0041806160223846	-0.0041806160223846
ACTA2	chr10:88923484-88923985	5	0.0011200110313090434	0.055640270328906095	5	0.05452025929759705	0.0681196593700074	0.00020664248299630592	unsupported	True	0.0038112094959246	0.0038112094959246
ACTA2	chr10:88913052-88913553	6	0.003085005162881314	0.036463389078253174	3	0.03337838391537186	0.02247508513996239	2.735417888688792e-05	unsupported	True	0.0035820014907387	0.0035820014907387
ACTA2	chr10:89101734-89102235	7	0.04611678775298829	0.12740914546810742	1	0.08129235771511913	0.09897168126515547	0.0010250882849512676	unsupported	True	0.0033846702962573	0.0033846702962573
ACTA2	chr10:88792655-88793156	8	0.04309913203937881	0.10706226961593546	4	0.06396313757655664	0.11636955255183354	0.000796903197130996	unsupported	True	0.0032591141703815	0.0032591141703815
ACTA2	chr10:88800109-88800610	9	0.005552642875714125	0.034385390799474225	3	0.0288327479237601	0.04764431788883928	4.723578240309355e-05	unsupported	True	0.0022794616003412	0.0022794616003412
ACTA2	chr10:88820906-88821407	10	0.0138372487525531	0.05503777094660229	4	0.04120052219404919	0.0507053612714187	0.00011497871174033377	unsupported	True	0.0022547081031643	0.0022547081031643
ACTA2	chr10:89086779-89087280	11	-0.005504124228598823	0.06967501615807335	4	0.07517914038667217	0.08880835103106159	0.00046518771812291936	unsupported	True	0.001604187316502	0.001604187316502
ACTA2	chr10:88935321-88935822	12	0.01899962912819542	0.09106184452834092	1	0.0720622154001455	0.0849232807572737	0.000557276610943334	unsupported	True	0.0011336817644452	-0.0011336817644452
ACTA2	chr10:88990511-88991012	13	0.011662724728940433	0.04235821161599808	1	0.030695486887057644	0.04485796134358902	5.8324587311569955e-05	unsupported	True	0.0010484605782354	0.0010484605782354
ACTA2	chr10:88932574-88933075	14	-0.005139244940896257	0.03983080512696353	1	0.044970050067859785	0.04365026415373099	7.818606073043189e-05	unsupported	True	0.0008571304079116	0.0008571304079116
ACTA2	chr10:89001689-89002190	15	0.034500388284880355	0.05239546378542251	4	0.017895075500542153	0.038946261385341664	3.651682399090667e-05	unsupported	True	0.0008551903430783	-0.0008551903430783
ACTA2	chr10:88951500-88952001	16	0.0013155063353236047	0.05778748475611083	3	0.056471978420787224	0.08263103283983866	0.000269655930460672	unsupported	True	0.0006376630564647	-0.0006376630564647
ACTA2	chr10:89029754-89030255	17	0.020219307132619335	0.05435154338024844	3	0.03413223624762911	0.05612174090074219	0.00010411367064876566	unsupported	True	0.0005768737889365	-0.0005768737889365
ACTA2	chr10:89079924-89080425	18	0.060269730317238986	0.13582629665262533	4	0.07555656633538635	0.11622408197154724	0.0011927576134058643	unsupported	True	0.0004714624777705	0.0004714624777705
ACTA2	chr10:88958995-88959496	19	-0.0037611204975690512	0.09079991906283737	3	0.09456103956040642	0.11353006366683623	0.0009747844235233241	unsupported	True	0.0002153673197186	-0.0002153673197186
NTNG2	chr9:132162457-132162958	0	-0.011836789095492975	0.004277878052774303	5	0.01611466714826728	0.027020240101775166	1.8626829682899426e-06	unsupported	True	0.0087138480495314	0.0087138480495314
NTNG2	chr9:132156282-132156783	1	0.00576191284330844	0.09689020876171349	0	0.09112829591840504	0.11823953128125247	0.001043988801628623	unsupported	True	0.0074170638628189	0.0074170638628189
NTNG2	chr9:132240934-132241435	2	-0.002014391159493717	0.047332333226165604	0	0.04934672438565932	0.06646985148089705	0.00015525333978559547	unsupported	True	0.0048375372647337	0.0048375372647337
NTNG2	chr9:132182151-132182652	3	-0.016437278284415085	-0.006981425155286548	2	0.009455853129128538	0.019667714948566787	0.0	unsupported	True	0.0037153425313694	0.0037153425313694
NTNG2	chr9:132184851-132185352	4	-0.01765756559036502	-0.011003638855850989	2	0.006653926734514032	0.013405310827169324	0.0	unsupported	True	0.0035787175573866	0.0035787175573866
NTNG2	chr9:132018885-132019386	5	-0.004187386775849642	0.022452738487194767	0	0.02664012526304441	0.04133748865648981	2.4725761133593792e-05	unsupported	True	0.0033389569661194	0.0033389569661194
NTNG2	chr9:132161837-132162338	6	-0.017939945468315944	0.002839264607444059	5	0.020779210075760002	0.027780041521174553	1.6389578816752774e-06	unsupported	True	0.0031745115328685	0.0031745115328685
NTNG2	chr9:132241774-132242275	7	-0.00044963247207938654	0.04515149383973968	5	0.04560112631181907	0.06252529575754258	0.0001287370187865708	unsupported	True	0.0030539045472852	0.0030539045472852
NTNG2	chr9:132192670-132193171	8	-0.00924868414866233	0.010055487649686267	1	0.019304171798348597	0.025155699539146065	4.88304481065939e-06	unsupported	True	0.0023565961862556	0.0023565961862556
NTNG2	chr9:132078324-132078825	9	-0.009413721967788842	0.03192333131054897	0	0.04133705327833781	0.05598275350892194	7.387576229026357e-05	unsupported	True	0.0021661930651365	0.0021661930651365
NTNG2	chr9:132236300-132236801	10	0.00877281831316544	0.06066146666428368	5	0.05188864835111824	0.06613927997358761	0.00020818274323228575	unsupported	True	0.0020762822244458	-0.0020762822244458
NTNG2	chr9:132214056-132214557	11	-0.016479887897419908	0.006194225277845024	5	0.02267411317526493	0.03349196814092178	4.703898863846974e-06	unsupported	True	0.0019832747912417	0.0019832747912417
NTNG2	chr9:132194021-132194522	12	-0.014596754518004434	0.003792878403090378	1	0.01838963292109481	0.023991215153520075	1.6733786572393062e-06	unsupported	True	0.0018083523189948	0.0018083523189948
NTNG2	chr9:132114038-132114539	13	-0.018521570286015566	-0.013890224852263816	5	0.00463134543375175	0.014666843032523956	0.0	unsupported	True	0.0015642231320967	0.0015642231320967
NTNG2	chr9:132354854-132355355	14	0.00730561517428906	0.06516509974470838	0	0.057859484570419326	0.08093044066796654	0.00030514167790699783	unsupported	True	0.0015334783145776	-0.0015334783145776
NTNG2	chr9:132141453-132141954	15	-0.0025526185651671817	0.053687441434498655	0	0.05624005999966584	0.06996144411689839	0.00021124052987302888	unsupported	True	0.0015258455137041	0.0015258455137041
NTNG2	chr9:132168327-132168828	16	-0.01674746305448772	-0.001193296320676659	5	0.015554166733811062	0.02185662293496312	0.0	unsupported	True	0.0013480821923181	0.0013480821923181
NTNG2	chr9:132223607-132224108	17	-0.015192474974943951	0.016794810301453588	5	0.03198728527639754	0.042722908516125105	2.2951617501294646e-05	unsupported	True	0.0012707639233246	0.0012707639233246
NTNG2	chr9:132079649-132080150	18	0.00880848649858293	0.05726547826348537	0	0.04845699176490244	0.0673917460816567	0.00018700621939772154	unsupported	True	0.0011705242449254	-0.0011705242449254
NTNG2	chr9:132137491-132137992	19	-0.01768433203163085	-0.006124301089469005	2	0.011560030942161847	0.021697331839699626	0.0	unsupported	True	0.000955919685415	0.000955919685415
GBE1	chr3:81419170-81419671	0	-0.01447173594161559	0.006559540310562262	2	0.021031276252177853	0.03249217654220643	4.4824746025930305e-06	unsupported	True	0.0119366671229591	0.0119366671229591
GBE1	chr3:81580314-81580815	1	-0.004759737239702724	0.049457647429101755	1	0.05421738466880448	0.06711517005122838	0.0001799669321772844	unsupported	True	0.0092352731359336	0.0092352731359336
GBE1	chr3:81490447-81490948	2	0.005625210676122037	0.056929421012365686	1	0.05130421033624365	0.06170959628325105	0.00018023638972595912	unsupported	True	0.0073250472926123	0.0073250472926123
GBE1	chr3:81462879-81463380	3	-0.006789704235275512	0.026522677611733648	2	0.03331238184700916	0.03137569132650161	2.772147638716865e-05	unsupported	True	0.0069827147806501	0.0069827147806501
GBE1	chr3:81761021-81761522	4	0.013570898457291175	0.06129582449149128	1	0.0477249260342001	0.07623359277100657	0.00022300907841543588	unsupported	True	0.0037357228901979	0.0037357228901979
GBE1	chr3:81393164-81393665	5	0.001837088982685512	0.03994145985671259	4	0.03810437087402708	0.039796073133854665	6.056740267413097e-05	unsupported	True	0.0037204860242206	-0.0037204860242206
GBE1	chr3:81518319-81518820	6	-0.013134359148404467	0.054301894995867746	0	0.0674362541442722	0.07178075154609806	0.0002628551106777532	unsupported	True	0.0022999857344255	0.0022999857344255
GBE1	chr3:81406193-81406694	7	-3.5066796391103244e-05	0.047824951843846567	2	0.04786001864023767	0.055632833440348216	0.00012733816418431258	unsupported	True	0.0015006738831958	0.0015006738831958
GBE1	chr3:81890988-81891489	8	0.002904264890009743	0.05771732321732378	0	0.054813058327314035	0.08564199797573363	0.00027094242058512265	unsupported	True	0.0014582908373691	-0.0014582908373691
GBE1	chr3:81590250-81590751	9	-0.0038761543109050306	0.03372897483602756	4	0.03760512914693259	0.052999892156209996	6.722413331205908e-05	unsupported	True	0.0014470083724166	-0.0014470083724166
GBE1	chr3:81554785-81555286	10	-0.0016693331868050608	0.06512852911778537	2	0.06679786230459044	0.06936034270219675	0.00030174846154243216	unsupported	True	0.0011787300342619	0.0011787300342619
GBE1	chr3:81394605-81395106	11	0.023115879801466607	0.07635410886429225	2	0.053238229062825645	0.062293823711927626	0.00025322174824404456	unsupported	True	0.0011084292659098	-0.0011084292659098
GBE1	chr3:81476645-81477146	12	-0.006258637179698962	0.040259087086289086	2	0.04651772426598805	0.05930644417326653	0.00011106680235532183	unsupported	True	0.0010790032598126	0.0010790032598126
GBE1	chr3:81462259-81462760	13	0.013857027775591267	0.05390788679143348	1	0.04005085901584222	0.06179899043104874	0.00013342755361916075	unsupported	True	0.0009246774258841	0.0009246774258841
GBE1	chr3:81830642-81831143	14	0.009161224500411326	0.06588494378494514	1	0.05672371928453381	0.06801879655681964	0.0002542025030570182	unsupported	True	0.0009225709706156	0.0009225709706156
GBE1	chr3:81349892-81350393	15	0.02394864543402456	0.0677643292030512	1	0.04381568376902664	0.0843172719398732	0.00025034982015176266	unsupported	True	0.0006158034132139	0.0006158034132139
GBE1	chr3:81816597-81817098	16	0.01629135120640078	0.050955986213138224	1	0.03466463500673744	0.060597498658988794	0.0001070376439119174	unsupported	True	0.0006052277190259	0.0006052277190259
GBE1	chr3:81724080-81724581	17	-0.0034680747288661695	0.017380717269090646	4	0.020848791997956816	0.024432124011590096	8.853394482887626e-06	unsupported	True	0.0005378199016447	-0.0005378199016447
GBE1	chr3:81393920-81394421	18	0.021808445811731563	0.06569807135688426	2	0.04388962554515269	0.05926143378326083	0.0001708781961399412	unsupported	True	0.0005094594147001	-0.0005094594147001
GBE1	chr3:81909687-81910188	19	0.02165770197454339	0.04465244972036807	5	0.02299474774582468	0.05416877000278559	5.561896643036969e-05	unsupported	True	0.000454591349653	0.000454591349653
EIF1AX	chrX:20046268-20046769	0	0.016474291003636402	0.07443030382757776	5	0.05795601282394136	0.08479418935133419	0.0003657753076365508	unsupported	True	0.0126060823831826	0.0126060823831826
EIF1AX	chrX:20116105-20116606	1	0.009292347680759637	0.05469416764962548	5	0.045401819968865845	0.03897613776995194	9.678612032434102e-05	unsupported	True	0.0106261565110401	0.0106261565110401
EIF1AX	chrX:20116723-20117224	2	0.015980023060695427	0.04979613372156162	1	0.03381611066086619	0.05015636869535804	8.445888947563176e-05	unsupported	True	0.0086633702516349	0.0086633702516349
EIF1AX	chrX:20067109-20067610	3	0.019469670710021012	0.08100676494345	0	0.061537094233428985	0.07869907298668027	0.0003923086559352958	unsupported	True	0.004772392667324	0.004772392667324
EIF1AX	chrX:20177875-20178376	4	0.00960976555248039	0.05843049508205972	3	0.04882072952957933	0.05363276919932004	0.00015299387771567705	unsupported	True	0.0038247756972999	-0.0038247756972999
EIF1AX	chrX:20141691-20142192	5	-0.00393901496395087	0.051867689735530055	0	0.05580670469948092	0.06601333189778015	0.00019107986978061665	unsupported	True	0.0032587997735471	-0.0032587997735471
EIF1AX	chrX:19990915-19991416	6	0.0014480279936658473	0.06159201944723001	0	0.06014399145356416	0.06333835120581749	0.00023462994793476324	unsupported	True	0.0031370130220908	0.0031370130220908
EIF1AX	chrX:20255953-20256454	7	-0.0011962603724508818	0.08913630686563408	0	0.09033256723808496	0.11507084781805002	0.0009265402751850444	unsupported	True	0.0024164120057983	-0.0024164120057983
EIF1AX	chrX:20061403-20061904	8	-0.0017670608552057127	0.045434526695722725	4	0.04720158755092844	0.07094094539562187	0.00015213865963693867	unsupported	True	0.0023218630480821	-0.0023218630480821
EIF1AX	chrX:20016287-20016788	9	0.013442643049613043	0.08941677568353873	5	0.07597413263392569	0.10391703747633187	0.000705946050996155	unsupported	True	0.0014863238585328	0.0014863238585328
EIF1AX	chrX:20266837-20267338	10	-0.0051337091120662705	0.05099188044699761	0	0.05612558955906388	0.061326964912329605	0.0001755146675408299	unsupported	True	0.0010184733841248	-0.0010184733841248
EIF1AX	chrX:20001490-20001991	11	-0.03315408606495056	0.025246138094018444	0	0.058400224158969005	0.0560198736070574	8.259458818621638e-05	unsupported	True	0.0008996016220276	-0.0008996016220276
EIF1AX	chrX:20181555-20182056	12	-0.028019296223524295	-0.007876551788106433	1	0.020142744435417862	0.017422666426538516	0.0	unsupported	True	0.0007741864872339	-0.0007741864872339
EIF1AX	chrX:20122972-20123473	13	-0.017933878442672666	0.01912394681736423	0	0.0370578252600369	0.030781486290585355	2.1814589371235296e-05	unsupported	True	0.0007474060229218	0.0007474060229218
EIF1AX	chrX:20067659-20068160	14	0.0054272661084729945	0.04127821469844287	5	0.03585094858996987	0.027138705432245253	4.0161570190375754e-05	unsupported	True	0.0006938299683291	0.0006938299683291
EIF1AX	chrX:20113590-20114091	15	-0.03102624842316678	-0.0014972538142037303	0	0.02952899460896305	0.01816238630763242	0.0	unsupported	True	0.0001760343058387	-0.0001760343058387
EIF1AX	chrX:20012175-20012676	16	-0.006610042921919584	0.03941083876924858	5	0.046020881691168164	0.052309542717591216	9.487494481119299e-05	unsupported	True	9.556300490175234e-05	-9.556300490175234e-05
EIF1AX	chrX:20231607-20232108	17	-0.02248049647162801	-0.007237352707523069	4	0.015243143764104941	0.0198616961481752	0.0	unsupported	True	2.442847651284644e-05	2.442847651284644e-05
NCAPG2	chr7:158500454-158500955	0	0.014236506520004374	0.05212107195760363	5	0.03788456543759926	0.04294117823412501	8.47909704067593e-05	unsupported	True	0.0104393395564866	0.0104393395564866
NCAPG2	chr7:158587632-158588133	1	-0.0030346389331430182	0.0319928289607088	4	0.03502746789385182	0.034529890595107735	3.869515496080293e-05	unsupported	True	0.0094992108893506	-0.0094992108893506
NCAPG2	chr7:158852873-158853374	2	-0.004855816932451116	0.020624505241591515	1	0.02548032217404263	0.04983691956505758	2.619025003847309e-05	unsupported	True	0.0064497569540391	0.0064497569540391
NCAPG2	chr7:158829352-158829853	3	-0.007673323477708162	0.02284089979411994	3	0.030514223271828102	0.03061799031121743	2.1339891619920813e-05	unsupported	True	0.0060559892094158	-0.0060559892094158
NCAPG2	chr7:158704654-158705155	4	-0.006357375981317742	0.023419173911307593	3	0.029776549892625334	0.025291166628503923	1.763659778776109e-05	unsupported	True	0.0056864603245666	-0.0056864603245666
NCAPG2	chr7:158487533-158488034	5	-0.004813717272236279	0.05259509613901276	3	0.05740881341124904	0.0830374980041195	0.0002507252533299435	unsupported	True	0.0054315496957892	-0.0054315496957892
NCAPG2	chr7:158501226-158501727	6	0.010527338165279431	0.08881594921804484	3	0.07828861105276541	0.10334851131080612	0.0007186108580596896	unsupported	True	0.002209800242955	0.002209800242955
NCAPG2	chr7:158494006-158494507	7	-0.015971334193473675	0.04146611465691932	3	0.057437448850392994	0.07770009890614857	0.00018505893470490415	unsupported	True	0.0017611957901967	-0.0017611957901967
NCAPG2	chr7:158488111-158488612	8	-0.014135859280972215	0.02766916513230083	3	0.041805024413273044	0.05663265403367222	6.550756426128395e-05	unsupported	True	0.0015927680454697	-0.0015927680454697
NCAPG2	chr7:158730613-158731114	9	0.0007309765353929813	0.0584825212688546	5	0.05775154473346162	0.0768036011549406	0.0002594007791786782	unsupported	True	0.0015272894544614	0.0015272894544614
NCAPG2	chr7:158688813-158689314	10	-0.017375638988960926	0.0326043692001042	4	0.049980008189065124	0.059887668185670255	9.759094620003084e-05	unsupported	True	0.0012752951470658	-0.0012752951470658
NCAPG2	chr7:158689399-158689900	11	-0.0253227940775529	0.001054157902849381	3	0.026376951980402283	0.04135772784699705	1.1499711594823928e-06	unsupported	True	0.001049434003242	-0.001049434003242
NCAPG2	chr7:158488674-158489175	12	0.005093946811853633	0.07532957223500027	3	0.07023562542314664	0.10275545447515376	0.0005436605744741425	unsupported	True	0.0009895685778326	-0.0009895685778326
NCAPG2	chr7:158519670-158520171	13	-0.015571769880184327	0.023888243650279684	4	0.03946001353046401	0.04936587862756839	4.653377878881112e-05	unsupported	True	0.0008851813545802	-0.0008851813545802
NCAPG2	chr7:158586548-158587049	14	-0.0042220962045561704	0.054984122314957154	4	0.059206218519513326	0.08018201752338347	0.00026102469707317777	unsupported	True	0.0006173921901879	-0.0006173921901879
NCAPG2	chr7:158549323-158549824	15	-0.012388994368575261	-0.007655105719195864	0	0.004733888649379397	0.009142348956775164	0.0	unsupported	True	0.0006036529352192	0.0006036529352192
NCAPG2	chr7:158567225-158567726	16	-0.0013134896773300878	0.06849263027653775	3	0.06980611995386783	0.09219859332479613	0.00044082035373449246	unsupported	True	0.0004845733861373	-0.0004845733861373
NCAPG2	chr7:158541579-158542080	17	0.02937413472586696	0.11683246092993417	5	0.08745832620406721	0.1223352199635868	0.0012500177884937624	unsupported	True	0.0003491869482986	-0.0003491869482986
NCAPG2	chr7:158514874-158515375	18	-0.014225632294854906	0.010964112037859167	0	0.02518974433271407	0.031221152468067975	8.622757142826007e-06	unsupported	True	0.0003400983359682	-0.0003400983359682
NCAPG2	chr7:158518987-158519488	19	-0.023653032500075777	0.01074291998041398	4	0.03439595248048975	0.04716046495818951	1.742640324446005e-05	unsupported	True	0.0002932817936126	-0.0002932817936126
PTK2B	chr8:27258245-27258746	0	-0.027690119403862578	0.03991006669515556	1	0.06760018609901813	0.07873580847602235	0.00021242353723657727	unsupported	True	0.0061644688228444	-0.0061644688228444
PTK2B	chr8:27326985-27327486	1	0.0006085164209028841	0.02378502696656504	1	0.023176510545662155	0.04375951462765222	2.4122604339845874e-05	unsupported	True	0.0060578778928737	0.0060578778928737
PTK2B	chr8:27311145-27311646	2	-0.023146235605944636	0.03589159208621262	1	0.059037827692157256	0.07140550107858191	0.0001513055168981015	unsupported	True	0.0050325459297527	-0.0050325459297527
PTK2B	chr8:27340521-27341022	3	0.0006802721499420931	0.0244184724376407	1	0.02373820028769861	0.040126020600943196	2.3259071493393378e-05	unsupported	True	0.0048208452283609	0.0048208452283609
PTK2B	chr8:27465591-27466092	4	-0.010202386314120767	0.05896358684977298	1	0.06916597316389375	0.08407324789285035	0.00034287372968578764	unsupported	True	0.0045440313612987	0.0045440313612987
PTK2B	chr8:27280559-27281060	5	-0.02716558052013795	0.013221713129047073	1	0.04038729364918502	0.04953015029618169	2.6448565861921476e-05	unsupported	True	0.0033486871646138	-0.0033486871646138
PTK2B	chr8:27406438-27406939	6	-0.004571712263196406	0.009066990627276507	1	0.013638702890472913	0.019769220230470244	2.4447011396762432e-06	unsupported	True	0.0032981158678464	0.0032981158678464
PTK2B	chr8:27323695-27324196	7	-0.0152798574301332	0.019095868455074244	1	0.034375725885207445	0.039992319806425064	2.625233203926749e-05	unsupported	True	0.0032916275085509	0.0032916275085509
PTK2B	chr8:27458867-27459368	8	0.0040080890095467595	0.021330706699305802	1	0.017322617689759044	0.03540130522309214	1.3080912457769878e-05	unsupported	True	0.0026213656518287	0.0026213656518287
PTK2B	chr8:27426094-27426595	9	-0.012833563187691866	0.0211136335514715	1	0.03394719673916337	0.04812876740189549	3.4496230122731346e-05	unsupported	True	0.0023527875404468	0.0023527875404468
PTK2B	chr8:27334491-27334992	10	-0.00743214249894075	0.0	3	0.00743214249894075	0.021250160039554468	0.0	unsupported	True	0.0022812027227753	0.0022812027227753
PTK2B	chr8:27405101-27405602	11	-0.0018100182924158446	0.013432221154051497	1	0.015242239446467342	0.03012313022010129	6.167323261857396e-06	unsupported	True	0.0020804316456937	0.0020804316456937
PTK2B	chr8:27583541-27584042	12	-0.005772394841022064	0.0499089137005722	1	0.05568130854159426	0.07974676733568128	0.00022161575785977844	unsupported	True	0.0020739220975857	0.0020739220975857
PTK2B	chr8:27204863-27205364	13	-0.03073881778978368	0.01079643889768173	1	0.04153525668746541	0.045031165879368826	2.0193454546107233e-05	unsupported	True	0.0020738039030763	-0.0020738039030763
PTK2B	chr8:27608559-27609060	14	-0.003614265227704569	0.040434610643761436	1	0.044048875871466005	0.07431206029727247	0.00013235714707040958	unsupported	True	0.0020173581745822	0.0020173581745822
PTK2B	chr8:27165742-27166243	15	-0.009095881952944718	0.05140301301777881	1	0.06049889497072353	0.07636295104279903	0.0002374754513193142	unsupported	True	0.0014721650691037	0.0014721650691037
PTK2B	chr8:27241664-27242165	16	-0.023282207270453503	0.02836167347317753	1	0.051643880743631035	0.06180731310709799	9.052959689918367e-05	unsupported	True	0.0012111471430549	0.0012111471430549
PTK2B	chr8:27221238-27221739	17	-0.002163474077408495	0.08913417237370691	1	0.0912976464511154	0.11311692057287884	0.0009205161068788732	unsupported	True	0.0010257719856501	-0.0010257719856501
PTK2B	chr8:27515777-27516278	18	-0.012249419988457359	0.003611721316259946	1	0.015861141304717306	0.022077032098238258	1.264705349796062e-06	unsupported	True	0.0009972477363466	0.0009972477363466
PTK2B	chr8:27592166-27592667	19	-0.026411541587420664	0.030109167942905454	1	0.05652070953032612	0.06968399126181957	0.00011858762648927388	unsupported	True	0.000773306263546	0.000773306263546
TENT4A	chr5:6849320-6849821	0	-0.014389578211892684	-0.004004010210071249	5	0.010385568001821435	0.00899035047449806	0.0	unsupported	True	0.0136525329658436	0.0136525329658436
TENT4A	chr5:6827761-6828262	1	-0.022161448612902947	0.021568190897996588	1	0.04372963951089953	0.06261718927277243	5.9058605118636225e-05	unsupported	True	0.0065113340395712	0.0065113340395712
TENT4A	chr5:6820791-6821292	2	-0.017624793977513962	0.014137390101880176	3	0.031762184079394136	0.03468086006007651	1.557289873140158e-05	unsupported	True	0.0061855448792343	0.0061855448792343
TENT4A	chr5:6765622-6766123	3	-0.01919127573788456	0.021383845360311963	3	0.040575121098196526	0.04374201246292365	3.79528496295515e-05	unsupported	True	0.0049087981326211	0.0049087981326211
TENT4A	chr5:6574546-6575047	4	-0.010870019174752082	0.015829816656509305	1	0.026699835831261388	0.022791968466702898	9.633105380358737e-06	unsupported	True	0.0034923369920106	0.0034923369920106
TENT4A	chr5:6856586-6857087	5	-0.01704576168326708	0.012962251606840943	5	0.030008013290108024	0.027444172174069196	1.0674998579771301e-05	unsupported	True	0.0031589417260729	0.0031589417260729
TENT4A	chr5:6840407-6840908	6	-0.01638286037658488	0.022725679662439026	5	0.039108540039023906	0.059462808382416375	5.284865037778881e-05	unsupported	True	0.0029852394070203	0.0029852394070203
TENT4A	chr5:6712972-6713473	7	-0.01796104206299347	0.023224728792460198	3	0.04118577085545367	0.041137064290625615	3.934876856816282e-05	unsupported	True	0.0028530657495785	-0.0028530657495785
TENT4A	chr5:6819490-6819991	8	-0.014563672409960666	0.013574618137614678	3	0.028138290547575343	0.02295121769115919	8.766597422086194e-06	unsupported	True	0.0024272828512157	0.0024272828512157
TENT4A	chr5:6868173-6868674	9	-0.016568761300485176	0.035012362475928656	3	0.05158112377641383	0.060008955595880334	0.00010837479375473681	unsupported	True	0.0012999059412472	0.0012999059412472
TENT4A	chr5:6582938-6583439	10	-0.019386832895231083	0.013132892793408802	3	0.03251972568863989	0.03941600827001828	1.683371278399651e-05	unsupported	True	0.001273403722634	0.001273403722634
TENT4A	chr5:6809146-6809647	11	-0.023734509577473337	0.022460483455160128	5	0.04619499303263347	0.05639890213293361	5.851735074203377e-05	unsupported	True	0.0012722532142414	-0.0012722532142414
TENT4A	chr5:6810044-6810545	12	-0.007024637249878561	0.018573252224351664	5	0.025597889474230223	0.013118546981495572	6.237030258531935e-06	unsupported	True	0.0011670999119521	0.0011670999119521
TENT4A	chr5:6595369-6595870	13	0.007504892742392628	0.07344192602780744	4	0.06593703328541481	0.08299553738333959	0.0004019094354345368	unsupported	True	0.0011645499047701	0.0011645499047701
TENT4A	chr5:6745577-6746078	14	-0.013243869134043839	0.03157584780472876	3	0.0448197169387726	0.03788379901976558	5.3613931290566504e-05	unsupported	True	0.0010770423062069	0.0010770423062069
TENT4A	chr5:6804193-6804694	15	-0.014224748036855072	0.012622776045333114	2	0.026847524082188184	0.033657166676493135	1.1406086768958762e-05	unsupported	True	0.0010746398459001	0.0010746398459001
TENT4A	chr5:6773295-6773796	16	-0.022398406323868518	0.002529747441394718	5	0.024928153765263236	0.03899819556213217	2.459301603708086e-06	unsupported	True	0.0009009386503752	0.0009009386503752
TENT4A	chr5:6728138-6728639	17	-0.00982816512731307	0.034143923264602076	2	0.043972088391915146	0.046052132233707514	6.914173241734915e-05	unsupported	True	0.0007290850527952	-0.0007290850527952
TENT4A	chr5:6633093-6633594	18	-0.016424370975859807	0.02008557001200819	4	0.036509940987868	0.031149756575910563	2.2842832189128673e-05	unsupported	True	0.0007001145972907	-0.0007001145972907
TENT4A	chr5:6575826-6576327	19	0.002668027456679623	0.052060780699373504	3	0.04939275324269388	0.06645639426695638	0.0001708876532130168	unsupported	True	0.0006519761282413	-0.0006519761282413
ACADSB	chr10:123079533-123080034	0	-0.009098544476014278	-0.00495542220766133	0	0.004143122268352948	0.006107548373590371	0.0	unsupported	True	0.0118075544116055	0.0118075544116055
ACADSB	chr10:123147874-123148375	1	-0.012255034884483103	0.04285513017163797	2	0.055110165056121076	0.06561056879040778	0.00015495597717588393	unsupported	True	0.0117607737182575	0.0117607737182575
ACADSB	chr10:123092677-123093178	2	-0.015198720897214055	-0.0015275620494410692	5	0.013671158847772986	0.014448576969383588	0.0	unsupported	True	0.0093777916508815	0.0093777916508815
ACADSB	chr10:123043305-123043806	3	-0.005137740529852091	0.03921841672510037	5	0.044356157254952455	0.05567827399660244	9.68567149736914e-05	unsupported	True	0.0066153470042918	0.0066153470042918
ACADSB	chr10:123132949-123133450	4	0.001972889174785061	0.02972397563439391	1	0.02775108645960885	0.02575251419435929	2.124254379723202e-05	unsupported	True	0.0024955178212732	0.0024955178212732
ACADSB	chr10:123069115-123069616	5	0.02990183329568617	0.0871393618091788	1	0.05723752851349263	0.10392905768786487	0.0005183609026101045	unsupported	True	0.0023969579124112	-0.0023969579124112
ACADSB	chr10:123154016-123154517	6	-0.014293050705658552	0.025647564041426874	2	0.03994061474708543	0.05389751855840849	5.521151174201925e-05	unsupported	True	0.0023501886424666	-0.0023501886424666
ACADSB	chr10:123154549-123155050	7	-0.0013062855321353821	0.04246704623252323	1	0.04377333176465861	0.056949708727287246	0.0001058651862576195	unsupported	True	0.0023445152738176	-0.0023445152738176
ACADSB	chr10:123093794-123094295	8	0.014307952219944587	0.052576465942025426	1	0.03826851372208084	0.055740198556813864	0.0001121505731349551	unsupported	True	0.0020478532236069	0.0020478532236069
ACADSB	chr10:122879413-122879914	9	-0.007485045281173481	0.03208366625619879	2	0.03956871153737227	0.043394199598453774	5.508934148172332e-05	unsupported	True	0.0016713190752465	0.0016713190752465
ACADSB	chr10:123008623-123009124	10	-0.007170286248466221	0.0463774298888166	2	0.05354771613728282	0.07095531735762844	0.00017621082189365472	unsupported	True	0.0014250735978801	0.0014250735978801
ACADSB	chr10:122980428-122980929	11	-0.007691956212989312	0.026265404677367186	2	0.033957360890356496	0.027099426343581322	2.417008202633829e-05	unsupported	True	0.0014079734111674	-0.0014079734111674
ACADSB	chr10:123187661-123188162	12	0.011979108628335976	0.04623213849790812	2	0.03425302986957215	0.04986506185076921	7.896585423064064e-05	unsupported	True	0.0004059966186047	-0.0004059966186047
ACADSB	chr10:123205385-123205886	13	-0.008221599243363069	0.041783351937801	2	0.05000495118116407	0.06185421813941905	0.00012923662447953242	unsupported	True	0.0003658385557373	0.0003658385557373
ACADSB	chr10:123190667-123191168	14	0.005992156135161598	0.07112579129846691	1	0.06513363516330531	0.0703402426722186	0.000325863929758547	unsupported	True	0.0002781442707599	-0.0002781442707599
ACADSB	chr10:122954068-122954569	15	-0.012676883686056765	0.02238663995583844	2	0.0350635236418952	0.03827099424721316	3.004098836368638e-05	unsupported	True	0.0002095193770108	-0.0002095193770108
ACADSB	chr10:123087086-123087587	16	0.0018314369655377338	0.05550125374745882	5	0.053669816781921086	0.07307601251485686	0.0002176745964245264	unsupported	True	0.0001995042923897	0.0001995042923897
ACADSB	chr10:122911853-122912354	17	-0.002145021759772103	0.07362471476149635	2	0.07576973652126845	0.09944845464713452	0.0005547757142218364	unsupported	True	0.0001111020458144	-0.0001111020458144
ACADSB	chr10:122865464-122865965	18	-0.013406245645812297	0.04652629566175154	2	0.059932541307563834	0.06808969433185377	0.00018986396847651342	unsupported	True	0.0001059289113226	0.0001059289113226
ACADSB	chr10:123117948-123118449	19	0.0006128115665624164	0.059388310818239705	1	0.058775499251677285	0.08431186431458679	0.0002942971065130563	unsupported	True	0.0001013708791797	0.0001013708791797
ARHGAP35	chr19:47022954-47023455	0	0.023162427413135102	0.11210803622194442	5	0.0889456088088093	0.10140289779924228	0.0010111407734158132	unsupported	True	0.0087969643754185	-0.0087969643754185
ARHGAP35	chr19:47003916-47004417	1	0.016362014502646915	0.04458952652506524	4	0.028227512022418324	0.012659934063953514	1.593444368362542e-05	unsupported	True	0.0078812581268548	0.0078812581268548
ARHGAP35	chr19:47020478-47020979	2	0.013284833095607877	0.05523413537699706	3	0.041949302281389184	0.02377097769824236	5.5078150256391066e-05	unsupported	True	0.0068213409332836	0.0068213409332836
ARHGAP35	chr19:47141213-47141714	3	0.015591911886444888	0.035590458935792144	4	0.019998547049347254	0.0068457178709324	4.8724908152759944e-06	unsupported	True	0.0045231309952347	0.0045231309952347
ARHGAP35	chr19:46998801-46999302	4	-0.0009598728021504558	0.05475000728671682	3	0.05570988008886728	0.06553284586762997	0.00019988280404048423	unsupported	True	0.0035150020863028	0.0035150020863028
ARHGAP35	chr19:46788401-46788902	5	0.020971739945713812	0.0829587928749736	4	0.06198705292925978	0.06861727993987579	0.0003528555162865161	unsupported	True	0.0030091758592892	-0.0030091758592892
ARHGAP35	chr19:46976276-46976777	6	0.009606732249584426	0.08030785946944692	3	0.07070112721986249	0.07777975309191248	0.00044162225247991227	unsupported	True	0.0025907230879762	0.0025907230879762
ARHGAP35	chr19:47070859-47071360	7	-0.006115834413776878	0.04955973496728639	3	0.05567556938106327	0.06494699825881964	0.00017920607414718444	unsupported	True	0.0022509373363768	0.0022509373363768
ARHGAP35	chr19:46907816-46908317	8	0.00672851567237057	0.07610939392452433	3	0.06938087825215376	0.04949533254413738	0.0002613619147177882	unsupported	True	0.0022166155692882	0.0022166155692882
ARHGAP35	chr19:47125118-47125619	9	0.026313592216292554	0.08011188727250762	5	0.05379829505621507	0.054076083224214755	0.00023306158903656454	unsupported	True	0.001847632964262	0.001847632964262
ARHGAP35	chr19:46850110-46850611	10	0.020418219710860653	0.08176129895273401	5	0.06134307924187336	0.05520048620805191	0.00027685747777134325	unsupported	True	0.0017706546609046	0.0017706546609046
ARHGAP35	chr19:47087956-47088457	11	0.01964295628141729	0.05836967448678625	4	0.03872671820536896	0.0229868432278063	5.19609760831782e-05	unsupported	True	0.001715325653419	0.001715325653419
ARHGAP35	chr19:46979430-46979931	12	0.013824174871400589	0.057219709912866734	3	0.04339553504146615	0.03622975728646756	8.996138306312265e-05	unsupported	True	0.001624094178897	0.001624094178897
ARHGAP35	chr19:47019547-47020048	13	0.016718605532736748	0.051024502856715545	4	0.0343058973239788	0.033643413566834375	5.8890822464719526e-05	unsupported	True	0.001565909953177	0.001565909953177
ARHGAP35	chr19:47112975-47113476	14	0.032558834091487215	0.08678403452451912	5	0.0542252004330319	0.06066649754700261	0.0002854893585759455	unsupported	True	0.0015241407069958	-0.0015241407069958
ARHGAP35	chr19:46926107-46926608	15	0.001374136945783484	0.06247173144473808	3	0.0610975944989546	0.053890438346419864	0.00020569293297044455	unsupported	True	0.001389518448454	0.001389518448454
ARHGAP35	chr19:46859993-46860494	16	0.03384634779846631	0.09516575670484768	5	0.06131940890638137	0.0651030836624441	0.00037990956223416683	unsupported	True	0.0012452799701722	-0.0012452799701722
ARHGAP35	chr19:46958092-46958593	17	0.027172445892743487	0.11019077139620209	5	0.08301832550345861	0.07578960241748489	0.0006933121666455242	unsupported	True	0.0011376488081293	0.0011376488081293
ARHGAP35	chr19:46941605-46942106	18	0.03346685099808912	0.08904295936721784	4	0.05557610836912873	0.04998769540013471	0.00024737216666958714	unsupported	True	0.0010685557657816	0.0010685557657816
ARHGAP35	chr19:46904700-46905201	19	0.026705593657676285	0.072119790740244	3	0.045414197082567706	0.02955492011922073	9.680011831276464e-05	unsupported	True	0.0009827570195525	0.0009827570195525
SLC8A2	chr19:47419203-47419704	0	-0.0043387928177700515	0.07894677508610588	0	0.08328556790387594	0.11349103796248859	0.0007462179876503474	unsupported	True	0.0086222187149008	-0.0086222187149008
SLC8A2	chr19:47464577-47465078	1	-0.007020478862495726	-0.000545102399538699	0	0.006475376462957027	0.005321777602909758	0.0	unsupported	True	0.0079339960990994	0.0079339960990994
SLC8A2	chr19:47411033-47411534	2	-0.024441045996779834	0.06011032494554722	0	0.08455137094232705	0.09512614562994899	0.00048347011014309235	unsupported	True	0.0073811549965649	0.0073811549965649
SLC8A2	chr19:47573022-47573523	3	0.018353024699795353	0.07321632151939819	0	0.054863296819602836	0.08613491086079436	0.0003459943569649721	unsupported	True	0.0065879265540299	0.0065879265540299
SLC8A2	chr19:47471730-47472231	4	0.01387505202061284	0.08243041331091813	0	0.06855536129030529	0.09983566335601139	0.0005641760025233976	unsupported	True	0.0042276575073659	0.0042276575073659
SLC8A2	chr19:47420382-47420883	5	-0.015892580642101167	0.10171341141259556	0	0.11760599205469673	0.15866953539555056	0.0018980219052129408	unsupported	True	0.003427268434442	0.003427268434442
SLC8A2	chr19:47484031-47484532	6	-0.01062528671726638	0.07228801099771655	0	0.08291329771498293	0.10231516341082877	0.0006132399876609491	unsupported	True	0.0024846746120615	0.0024846746120615
SLC8A2	chr19:47491071-47491572	7	-0.009411372715092256	0.06734685232821946	0	0.07675822504331171	0.10943792822304316	0.0005657311453569164	unsupported	True	0.0023624942011166	0.0023624942011166
SLC8A2	chr19:47428116-47428617	8	0.015372960644575608	0.08997968937413767	0	0.07460672872956206	0.1077417090103946	0.0007232798191103295	unsupported	True	0.0017306682968559	0.0017306682968559
SLC8A2	chr19:47398944-47399445	9	0.015703933947207992	0.07082696164303236	0	0.05512302769582436	0.08562366432597328	0.00033429161642330787	unsupported	True	0.0017044664645177	0.0017044664645177
SLC8A2	chr19:47447490-47447991	10	0.009676797648231013	0.03356359336972833	0	0.023886795721497316	0.04461244038964825	3.576698454571453e-05	unsupported	True	0.0015086174999137	0.0015086174999137
SLC8A2	chr19:47288267-47288768	11	0.011245421827142546	0.027666214705113306	0	0.016420792877970762	0.045176512982696385	2.0523743219125718e-05	unsupported	True	0.0014328090535436	0.0014328090535436
SLC8A2	chr19:47379197-47379698	12	-0.0038660017525059985	0.01099922469651195	0	0.01486522644901795	0.016718879573949203	2.733636553124507e-06	unsupported	True	0.0013321780259907	-0.0013321780259907
SLC8A2	chr19:47284268-47284769	13	0.0010266131276991095	0.04675888561509712	0	0.04573227248739801	0.06955923643089076	0.00014874478241915735	unsupported	True	0.001223687676394	0.001223687676394
SLC8A2	chr19:47391414-47391915	14	-0.016512975149582863	0.059591727725739785	0	0.07610470287532264	0.10079484904713537	0.00045712588116865715	unsupported	True	0.0012068069094813	-0.0012068069094813
SLC8A2	chr19:47292479-47292980	15	0.038687241499553465	0.06705611814082657	0	0.028368876641273105	0.06038614255332495	0.00011487296619795783	unsupported	True	0.0011828950064678	-0.0011828950064678
SLC8A2	chr19:47296078-47296579	16	0.013272107577115921	0.11657577924691404	0	0.10330367166979812	0.151377831782476	0.0018229987267029575	unsupported	True	0.0008718648787166	0.0008718648787166
SLC8A2	chr19:47427230-47427731	17	-0.0074752910836395235	0.08812680285335957	0	0.09560209393699909	0.12096730130257097	0.001019162443034436	unsupported	True	0.0007671571371945	0.0007671571371945
SLC8A2	chr19:47313102-47313603	18	-0.02557742112798713	0.037760189168635015	5	0.06333761029662215	0.07254695641364231	0.0001735062134499987	unsupported	True	0.0007597596713993	0.0007597596713993
SLC8A2	chr19:47446950-47447451	19	0.016685639781322252	0.049151691341534014	0	0.03246605156021176	0.06677693751248934	0.00010656005564434176	unsupported	True	0.0007216294275944	0.0007216294275944
CALB1	chr8:90009900-90010401	0	0.0075601210304792514	0.02937818801803207	0	0.021818066987552818	0.04528738541152234	2.902809427970288e-05	unsupported	True	0.0197407067419464	0.0197407067419464
CALB1	chr8:90082658-90083159	1	-0.005604105638349479	0.061289098273121886	2	0.06689320391147137	0.09652945484105427	0.0003957537899828851	unsupported	True	0.012603107054177	0.012603107054177
CALB1	chr8:90237575-90238076	2	0.004776036976085051	0.01657344388777726	5	0.011797406911692211	0.02895595954178566	5.661575231051007e-06	unsupported	True	0.0104766591223286	0.0104766591223286
CALB1	chr8:90223148-90223649	3	0.005044434958793426	0.017961050336333634	5	0.012916615377540207	0.03170075451744131	7.354447578395072e-06	unsupported	True	0.0068325913358845	0.0068325913358845
CALB1	chr8:90228223-90228724	4	0.019419995491226725	0.03258993243106714	0	0.013169936939840417	0.02876566294835365	1.2346434108620141e-05	unsupported	True	0.0037132553574673	0.0037132553574673
CALB1	chr8:90001203-90001704	5	-0.024892399903263744	0.05968835158935317	2	0.08458075149261692	0.10367400128130581	0.0005233967059618015	unsupported	True	0.0013745191195416	-0.0013745191195416
CALB1	chr8:89984404-89984905	6	-0.007370801870956482	0.060025338238101585	2	0.06739614010905806	0.0757843955428745	0.0003065839613754949	unsupported	True	0.0007149735729298	-0.0007149735729298
CALB1	chr8:90168234-90168735	7	0.0012624457783577962	0.04185344049615842	5	0.04059099471780062	0.0641514889457914	0.00010898521850128057	unsupported	True	0.000390375878193	-0.000390375878193
CALB1	chr8:89993873-89994374	8	-0.014627472445162807	0.03775379719373956	5	0.05238126963890236	0.06797052858118123	0.000134417962050349	unsupported	True	0.0002831830635853	-0.0002831830635853
CALB1	chr8:90059075-90059576	9	0.010859885518847992	0.06567834266342355	2	0.05481845714457556	0.06732919485966438	0.00024241105101629505	unsupported	True	0.0002755791153477	-0.0002755791153477
CALB1	chr8:90227623-90228124	10	0.01405449373171177	0.03881854540994114	0	0.02476405167822937	0.04039192805768175	3.882894077587265e-05	unsupported	True	0.0002602590480776	-0.0002602590480776
CALB1	chr8:90174303-90174804	11	-0.007707734524365285	0.023369400218948195	2	0.03107713474331348	0.032093701938033584	2.330817939044494e-05	unsupported	True	0.0001951767170469	0.0001951767170469
CALB1	chr8:90044653-90045154	12	-0.02562415872954843	0.03532911007299918	0	0.06095326880254761	0.06531427260699761	0.00014064937069213396	unsupported	True	0.0001922142837631	-0.0001922142837631
CALB1	chr8:90000701-90001202	13	-0.0009755193008138583	0.054872295464766435	2	0.055847814765580296	0.07791305577623703	0.00023876438746269532	unsupported	True	0.0001545150035668	0.0001545150035668
CALB1	chr8:90200278-90200779	14	-0.0046796036338871225	0.038119674426447155	2	0.042799278060334275	0.049532045743257674	8.081126244999928e-05	unsupported	True	8.097886026691749e-05	-8.097886026691749e-05
CALB1	chr8:90164177-90164678	15	0.0066403226837070985	0.07481514553392242	5	0.06817482285021532	0.08938080923670447	0.0004558876481534344	unsupported	True	7.665507033730398e-05	-7.665507033730398e-05
CALB1	chr8:90115990-90116491	16	0.0017636541000187426	0.037760669132421994	0	0.035997015032403254	0.05366797990760422	7.294934880992656e-05	unsupported	True	4.5731109714877096e-05	4.5731109714877096e-05
CALB1	chr8:89949441-89949942	17	-0.014165792177658553	0.0036041671202901387	5	0.017769959297948692	0.012227809684721572	7.83141113343829e-07	unsupported	True	2.7757859614561853e-05	-2.7757859614561853e-05
CALB1	chr8:89962817-89963318	18	-0.0072642788272751805	0.017321051491404546	5	0.024585330318679727	0.024290675043378843	1.0344032694203032e-05	unsupported	True	2.16631275967e-05	-2.16631275967e-05
CALB1	chr8:90111848-90112349	19	0.016967913825833653	0.053643650598821285	0	0.03667573677298763	0.05474963275805276	0.0001077155448682188	unsupported	True	9.07264982618922e-06	-9.07264982618922e-06
FAM8A1	chr6:17584062-17584563	0	0.006016526874958273	0.06727559959638153	2	0.06125907272142326	0.07142845762204274	0.00029437387726532013	unsupported	True	0.0094512988941956	0.0094512988941956
FAM8A1	chr6:17505173-17505674	1	0.013603805325628224	0.15098058405680514	2	0.13737677873117693	0.1547442692722538	0.0032095859058515626	unsupported	True	0.0092587082441908	0.0092587082441908
FAM8A1	chr6:17450819-17451320	2	0.014820652632318744	0.09395995301495799	2	0.07913930038263925	0.08969299792593127	0.0006669504007221335	unsupported	True	0.0071016900280481	0.0071016900280481
FAM8A1	chr6:17450315-17450816	3	-0.007127213465362756	0.03136450740652083	2	0.038491720871883586	0.04988496977823165	6.0224820238441965e-05	unsupported	True	0.0060634647005824	0.0060634647005824
FAM8A1	chr6:17589736-17590237	4	-0.006357868198109181	0.01758561377805793	2	0.02394348197616711	0.026670648100672375	1.1229965133487e-05	unsupported	True	0.0054535953220087	0.0054535953220087
FAM8A1	chr6:17497542-17498043	5	0.0344904666244542	0.16729250458322678	2	0.13280203795877257	0.1758762823252144	0.003907405646674149	unsupported	True	0.0044373678953361	0.0044373678953361
FAM8A1	chr6:17457586-17458087	6	0.007929403154643066	0.04074062350327992	2	0.03281122034863686	0.04431691973695381	5.924062361955936e-05	unsupported	True	0.0041862666115981	0.0041862666115981
FAM8A1	chr6:17484118-17484619	7	0.009332836376859246	0.1058110889893285	2	0.09647825261246926	0.09937606562515434	0.0010144774825646692	unsupported	True	0.0023282700155141	0.0023282700155141
FAM8A1	chr6:17600045-17600546	8	0.0013353897009233096	0.042334291794258336	2	0.040998902093335024	0.04799586179918769	8.330447274675824e-05	unsupported	True	0.0022001498164014	0.0022001498164014
FAM8A1	chr6:17706116-17706617	9	-0.00589984565695982	0.03147961964550644	2	0.03737946530246626	0.028001035838025774	3.294857666931842e-05	unsupported	True	0.0010719089193248	-0.0010719089193248
FAM8A1	chr6:17724979-17725480	10	-0.009401424081635742	0.019226391609194454	0	0.028627815690830196	0.030924758120856065	1.7021283604764207e-05	unsupported	True	0.0010584923671437	-0.0010584923671437
FAM8A1	chr6:17600641-17601142	11	-0.008101301490372049	0.02556033347146675	3	0.0336616349618388	0.029874165548909214	2.5703810153828634e-05	unsupported	True	0.0007443361844616	-0.0007443361844616
FAM8A1	chr6:17672268-17672769	12	-0.008877694475564787	0.004354901250642314	3	0.013232595726207101	0.02566496069298737	1.4789856475066247e-06	unsupported	True	0.000723237216912	0.000723237216912
FAM8A1	chr6:17572312-17572813	13	0.013107588699973227	0.10660601120879473	2	0.09349842250882151	0.1027470648735889	0.0010241307401079166	unsupported	True	0.0005930347342726	0.0005930347342726
FAM8A1	chr6:17473529-17474030	14	7.348277931451353e-05	0.04142665357779551	2	0.04135317079848099	0.04609933682005062	7.897385636551353e-05	unsupported	True	0.000551892849915	0.000551892849915
FAM8A1	chr6:17666624-17667125	15	-0.020769266799589223	-0.0007892471259179788	0	0.019980019673671245	0.02147845397612915	0.0	unsupported	True	0.0005182623248461	-0.0005182623248461
FAM8A1	chr6:17659883-17660384	16	-0.01066828646644822	0.025484272594061736	0	0.03615255906050996	0.03677863576683241	3.388495412762929e-05	unsupported	True	0.0004590271766757	-0.0004590271766757
FAM8A1	chr6:17706724-17707225	17	0.0015306693787723732	0.041963796688196164	2	0.04043312730942379	0.049785856370753834	8.44730333020835e-05	unsupported	True	0.0004428965387199	-0.0004428965387199
FAM8A1	chr6:17580342-17580843	18	-0.0012836185599054005	0.06260634182461781	2	0.06388996038452321	0.067117728428305	0.0002684653227389719	unsupported	True	0.000414046574118	-0.000414046574118
FAM8A1	chr6:17457046-17457547	19	0.013001659978335238	0.08207211057259306	2	0.06907045059425782	0.07038726483461358	0.00039900834659002487	unsupported	True	0.0004104248788068	-0.0004104248788068
ANKRD13C	chr1:70437534-70438035	0	-0.0013020185302096104	0.03393285913535062	1	0.03523487766556023	0.04733581412487367	5.659565273356359e-05	unsupported	True	0.0133658029589639	0.0133658029589639
ANKRD13C	chr1:70400305-70400806	1	-0.003666033379876094	0.028985781723886883	3	0.03265181510376298	0.05919700849763637	5.602632114812687e-05	unsupported	True	0.0073904872275529	0.0073904872275529
ANKRD13C	chr1:70410325-70410826	2	0.014008162850071533	0.08636534845533564	2	0.07235718560526411	0.064322438365606	0.00040196079393139885	unsupported	True	0.0062021851444167	-0.0062021851444167
ANKRD13C	chr1:70458095-70458596	3	-0.0036896373328117156	0.04100297395066915	0	0.04469261128348087	0.038797536267698836	7.109764821496987e-05	unsupported	True	0.0049361542736486	-0.0049361542736486
ANKRD13C	chr1:70436535-70437036	4	0.012177031240592611	0.10925181541566466	4	0.09707478417507205	0.10073793200694267	0.0010683858492589527	unsupported	True	0.0048209153542358	0.0048209153542358
ANKRD13C	chr1:70221120-70221621	5	0.0025255934273952273	0.040961614843601786	0	0.038436021416206556	0.03392514039610402	5.3411792109551495e-05	unsupported	True	0.003325193940282	-0.003325193940282
ANKRD13C	chr1:70361988-70362489	6	0.008449800852962729	0.05267357536470494	3	0.04422377451174221	0.07126726070473036	0.0001660116902808612	unsupported	True	0.0029066239753359	0.0029066239753359
ANKRD13C	chr1:70239905-70240406	7	0.027587405120908057	0.10745459345383777	2	0.07986718833292972	0.130192257114837	0.001117322481904869	unsupported	True	0.0028881913225032	-0.0028881913225032
ANKRD13C	chr1:70410914-70411415	8	0.003730524846910979	0.04845300668521881	0	0.044722481838307834	0.03631241009590744	7.86867671443623e-05	unsupported	True	0.0025696746699098	0.0025696746699098
ANKRD13C	chr1:70245217-70245718	9	0.024083841217817373	0.23058969856456515	3	0.20650585734674778	0.2541594603850058	0.012102596547230735	regional_candidate	True	0.0018604704454566	-0.0018604704454566
ANKRD13C	chr1:70496984-70497485	10	0.004423007725828851	0.08370285702513035	3	0.0792798492993015	0.10866323475845126	0.0007210837808372859	unsupported	True	0.0014215744556575	-0.0014215744556575
ANKRD13C	chr1:70353669-70354170	11	0.004675371273935076	0.0529937096534883	0	0.048318338379553225	0.03152933734855025	8.073301211904554e-05	unsupported	True	0.0013552729921153	-0.0013552729921153
ANKRD13C	chr1:70285457-70285958	12	0.00997834792525303	0.09000375009097676	2	0.08002540216572374	0.11626389724753128	0.0008374007532036349	unsupported	True	0.0011246966535309	0.0011246966535309
ANKRD13C	chr1:70132906-70133407	13	-0.002523891928205569	0.040684125784145875	3	0.04320801771235144	0.03952667017455959	6.948315986382602e-05	unsupported	True	0.0008029085367533	-0.0008029085367533
ANKRD13C	chr1:70354514-70355015	14	-0.0020205662889450932	0.03421323824511609	0	0.03623380453406118	0.03527213304736258	4.3726009296449835e-05	unsupported	True	0.000792873528721	0.000792873528721
ANKRD13C	chr1:70205384-70205885	15	0.002790921487765712	0.04478602143387746	0	0.041995099946111746	0.04165434576421384	7.834322052343028e-05	unsupported	True	0.0006236031421355	-0.0006236031421355
ANKRD13C	chr1:70295706-70296207	16	0.003968633713774765	0.07143350321733984	4	0.06746486950356508	0.08503947109644105	0.0004098266388423176	unsupported	True	0.00035421911653	-0.00035421911653
ANKRD13C	chr1:70483154-70483655	17	-0.020560350217665967	0.03524834531957731	4	0.055808695537243276	0.07003440733610918	0.00013776917692808575	unsupported	True	0.0002426265311014	0.0002426265311014
ANKRD13C	chr1:70143042-70143543	18	0.0007389389888210074	0.04888082575079282	0	0.048141886761971814	0.058913510198519516	0.00013863616639585728	unsupported	True	0.0002291473544012	0.0002291473544012
ANKRD13C	chr1:70314074-70314575	19	0.007128524509804439	0.0953420491631724	4	0.08821352465336796	0.12588712873087177	0.0010587684346576483	unsupported	True	0.0002204233427562	-0.0002204233427562
TMEM170B	chr6:11507648-11508149	0	0.01552779419347963	0.03507150233237816	2	0.019543708138898528	0.03227555702800661	2.2122544862137914e-05	unsupported	True	0.0078192187941492	0.0078192187941492
TMEM170B	chr6:11681765-11682266	1	0.006673215124173823	0.0369377914791687	3	0.03026457635499488	0.04168933285764129	4.6604780793318634e-05	unsupported	True	0.0075400600431673	0.0075400600431673
TMEM170B	chr6:11686841-11687342	2	0.017334505987291086	0.05489059819200495	5	0.03755609220471387	0.0658372738082437	0.00013572198401489883	unsupported	True	0.0074517045008563	0.0074517045008563
TMEM170B	chr6:11711291-11711792	3	-0.0007631134678423725	0.07021246703369338	0	0.07097558050153575	0.09978113344153869	0.0004972463674420253	unsupported	True	0.0067519972261204	0.0067519972261204
TMEM170B	chr6:11496133-11496634	4	-0.00065456336484909	0.04571956343447468	3	0.046374126799323775	0.06538321206862685	0.00013862580215435636	unsupported	True	0.005457697174785	0.005457697174785
TMEM170B	chr6:11575465-11575966	5	-0.0008511419085647709	0.03679082432370754	0	0.03764196623227231	0.046809123675133485	6.482497083439436e-05	unsupported	True	0.0042734614396933	0.0042734614396933
TMEM170B	chr6:11710179-11710680	6	0.004869769790494869	0.04060225609892122	0	0.035732486308426355	0.03457437209249284	5.0161175311551933e-05	unsupported	True	0.0031260715376129	0.0031260715376129
TMEM170B	chr6:11430045-11430546	7	-0.011434626751835007	0.06376102215618432	3	0.07519564890801933	0.08840075947074742	0.00042384198827040507	unsupported	True	0.0024329095002986	0.0024329095002986
TMEM170B	chr6:11687770-11688271	8	0.022832892711671705	0.08715672649992805	3	0.06432383378825635	0.08953884606112245	0.0005019775845236331	unsupported	True	0.0018139990710538	0.0018139990710538
TMEM170B	chr6:11404377-11404878	9	0.011403854241192213	0.023393928375375028	2	0.011990074134182814	0.023808926380374646	6.678283269637655e-06	unsupported	True	0.0014619887957346	0.0014619887957346
TMEM170B	chr6:11650378-11650879	10	-0.01440496363213703	0.01944337333948396	4	0.03384833697162099	0.04612007034520653	3.0352810620672922e-05	unsupported	True	0.0014384392358071	-0.0014384392358071
TMEM170B	chr6:11450010-11450511	11	-0.010533916872505066	0.011766599602365835	0	0.0223005164748709	0.015384214802710055	4.036837168127519e-06	unsupported	True	0.0012386906482753	0.0012386906482753
TMEM170B	chr6:11656421-11656922	12	-0.0027250571032570226	0.035656674249131	0	0.038381731352388024	0.03103443382913358	4.2472636580090117e-05	unsupported	True	0.0010741509192503	-0.0010741509192503
TMEM170B	chr6:11497846-11498347	13	-0.017174512461481394	-0.01790250306200766	4	-0.0007279906005262654	0.011698941529129862	0.0	unsupported	True	0.0010163554962845	-0.0010163554962845
TMEM170B	chr6:11537862-11538363	14	-0.005666676136742483	0.04849997395325815	3	0.05416665009000063	0.057842261563075016	0.00015195631320370878	unsupported	True	0.0009552475908552	-0.0009552475908552
TMEM170B	chr6:11644928-11645429	15	0.0010516865196139903	0.05874790127545625	3	0.05769621475584226	0.060263534820654524	0.0002042651512900759	unsupported	True	0.0008326360384967	-0.0008326360384967
TMEM170B	chr6:11655551-11656052	16	-0.005676067644947297	0.04992587805178156	0	0.055601945696728855	0.06264208613024005	0.00017389292520037953	unsupported	True	0.0008063146592624	-0.0008063146592624
TMEM170B	chr6:11537298-11537799	17	-0.005045165961556591	0.029474040838713328	3	0.034519206800269917	0.04021468843684114	4.091524885715207e-05	unsupported	True	0.0008026368392773	-0.0008026368392773
TMEM170B	chr6:11415244-11415745	18	0.008814424177815893	0.0325367512881384	2	0.023722327110322503	0.03500223158365757	2.701638344292646e-05	unsupported	True	0.0006677088080344	0.0006677088080344
TMEM170B	chr6:11439110-11439611	19	-0.016283495876291545	0.00924003850694461	2	0.025523534383236155	0.03364948498741628	7.935842064218863e-06	unsupported	True	0.0004714244867429	-0.0004714244867429
NDRG1	chr8:133216782-133217283	0	0.024612909048272794	0.05134452820534318	3	0.026731619157070386	0.03941113636462363	5.409266643672544e-05	unsupported	True	0.0097076852864828	0.0097076852864828
NDRG1	chr8:133296335-133296836	1	0.02217267505414257	0.03671310280808736	3	0.014540427753944787	0.0118906288079496	6.347505636871843e-06	unsupported	True	0.0076327283922827	0.0076327283922827
NDRG1	chr8:133233017-133233518	2	0.016334458987780805	0.045271433361974533	1	0.02893697437419373	0.03680988291404415	4.822162049881304e-05	unsupported	True	0.0043646099137667	0.0043646099137667
NDRG1	chr8:133217796-133218297	3	0.00966599944023781	0.05014601606122979	3	0.040480016620991974	0.04884286747472362	9.914670148803879e-05	unsupported	True	0.0039346389845685	0.0039346389845685
NDRG1	chr8:133119482-133119983	4	0.001817242759397991	0.014316767196328531	3	0.01249952443693054	0.017020327700034598	3.045834982743251e-06	unsupported	True	0.0038608856291584	0.0038608856291584
NDRG1	chr8:133381855-133382356	5	0.024709223789959333	0.05288423068814889	3	0.028175006898189556	0.05234527615207453	7.799517150116032e-05	unsupported	True	0.0038097927363623	0.0038097927363623
NDRG1	chr8:133209210-133209711	6	0.015312174083356648	0.047030861118312124	4	0.03171868703495548	0.0343213200105921	5.11990750310639e-05	unsupported	True	0.0033556675822899	0.0033556675822899
NDRG1	chr8:133095366-133095867	7	0.019464375132777118	0.03506558393072145	1	0.01560120879794433	0.01900541794407429	1.0397208404240656e-05	unsupported	True	0.003282925376365	0.003282925376365
NDRG1	chr8:133297081-133297582	8	0.00864949959829647	0.036980297884274003	0	0.028330798285977534	0.02381463458076135	2.4950148743444373e-05	unsupported	True	0.002944164205813	0.002944164205813
NDRG1	chr8:133199310-133199811	9	0.012294953141778565	0.10106186056453872	4	0.08876690742276017	0.10285336401638452	0.0009226922646282554	unsupported	True	0.0020918572743252	0.0020918572743252
NDRG1	chr8:133358284-133358785	10	0.016625662128250503	0.07067229285827152	4	0.054046630730021014	0.07215945494060044	0.0002756202046586366	unsupported	True	0.0018528940926141	0.0018528940926141
NDRG1	chr8:133126704-133127205	11	0.007807071786654279	0.026997333684987926	5	0.019190261898333647	0.023486807635748414	1.2168183965374341e-05	unsupported	True	0.0017053863962502	0.0017053863962502
NDRG1	chr8:133273935-133274436	12	-0.0023671594323275424	0.0547477005392989	4	0.05711485997162644	0.06230917304062927	0.0001948350049266469	unsupported	True	0.0015123911994225	0.0015123911994225
NDRG1	chr8:133107258-133107759	13	0.007380076060786882	0.08847332253144699	4	0.0810932464706601	0.1017722956058648	0.0007301743874822689	unsupported	True	0.001335630881029	0.001335630881029
NDRG1	chr8:133232469-133232970	14	0.018447409865141484	0.05119095846857978	0	0.0327435486034383	0.035055709598327836	5.87594562435654e-05	unsupported	True	0.0013007169700819	0.0013007169700819
NDRG1	chr8:133116972-133117473	15	0.016148888833194062	0.03964901954263122	0	0.023500130709437156	0.02578169875215676	2.4022281938842906e-05	unsupported	True	0.0012242348340851	0.0012242348340851
NDRG1	chr8:133368716-133369217	16	-0.0196693059324115	0.03401061805122508	4	0.05367992398363658	0.06107846884140575	0.00011151019046359187	unsupported	True	0.0010309319919823	0.0010309319919823
NDRG1	chr8:133238772-133239273	17	0.0011826153734180343	0.04095845529129088	3	0.03977583991787284	0.0393617447154972	6.412646039837882e-05	unsupported	True	0.0008963838626441	0.0008963838626441
NDRG1	chr8:133417480-133417981	18	0.0023782768130755894	0.03628262382590606	1	0.03390434701283047	0.03227392720332557	3.9701405844572025e-05	unsupported	True	0.0008496058569131	0.0008496058569131
NDRG1	chr8:133272830-133273331	19	0.012954826237386138	0.06124943106917629	4	0.048294604831790156	0.04798815678462561	0.0001419497869103392	unsupported	True	0.000733531184095	0.000733531184095
ELFN1	chr7:1703289-1703790	0	-0.00838340684596556	0.10216358443719085	5	0.11054699128315641	0.13625954486276076	0.0015388985231642427	unsupported	True	0.0081099067579057	0.0081099067579057
ELFN1	chr7:1661206-1661707	1	-0.02666120512575684	0.016117159843013935	5	0.04277836496877077	0.03577524068914328	2.4665803010945013e-05	unsupported	True	0.0054367425846096	0.0054367425846096
ELFN1	chr7:1783776-1784277	2	-2.3251026516435892e-05	0.11200572815122536	1	0.1120289791777418	0.1442716203073767	0.0018103040447341086	unsupported	True	0.0043067919719113	0.0043067919719113
ELFN1	chr7:1642503-1643004	3	-0.02101288634059659	0.02903962623793454	1	0.05005251257853113	0.06332839451943939	9.204821771460415e-05	unsupported	True	0.0042651503258135	0.0042651503258135
ELFN1	chr7:1741906-1742407	4	-0.018668508355248466	0.0657599666946379	1	0.08442847504988638	0.10631050474149142	0.0005902373795610776	unsupported	True	0.0035683666130371	0.0035683666130371
ELFN1	chr7:1762576-1763077	5	-0.005399117937066065	0.08852836462781322	5	0.09392748256487927	0.10833348373830683	0.0009008196133710067	unsupported	True	0.0035542982974396	0.0035542982974396
ELFN1	chr7:1730876-1731377	6	0.0060037627064578785	0.05590199481688665	1	0.04989823211042877	0.07793780205820688	0.00021740053999394932	unsupported	True	0.0035535464840095	0.0035535464840095
ELFN1	chr7:1761892-1762393	7	0.00018018074232519057	0.04729989173289483	5	0.04711971099056964	0.06588108900419276	0.00014683295332895536	unsupported	True	0.0034673994699956	0.0034673994699956
ELFN1	chr7:1698139-1698640	8	-0.005987480263584475	0.05500811251002653	1	0.06099559277361101	0.078337608621088	0.0002628424516789743	unsupported	True	0.0022648755235302	0.0022648755235302
ELFN1	chr7:1812330-1812831	9	-0.02747580926469415	0.02567084713145621	1	0.05314665639615036	0.06456528242478954	8.808768622481249e-05	unsupported	True	0.0021156101136094	0.0021156101136094
ELFN1	chr7:1592489-1592990	10	-0.0011438278456289458	0.07620139088833895	1	0.0773452187339679	0.09668815702751786	0.0005698619406289272	unsupported	True	0.0021131064523643	0.0021131064523643
ELFN1	chr7:1742625-1743126	11	-0.02303378280748182	0.05220975317388303	1	0.07524353598136485	0.08938459969518835	0.00035114261259900617	unsupported	True	0.002054044722889	0.002054044722889
ELFN1	chr7:1669880-1670381	12	-0.03811847803266633	0.004938916509181659	1	0.04305739454184799	0.05638806962987386	1.1991310773173147e-05	unsupported	True	0.0018371126647508	0.0018371126647508
ELFN1	chr7:1853750-1854251	13	-0.02636588168902073	0.04993112630079215	1	0.07629700798981287	0.09561622896251928	0.0003642591596282869	unsupported	True	0.0018259064141701	0.0018259064141701
ELFN1	chr7:1665592-1666093	14	-0.03588305960742077	0.015800042388365458	1	0.051683101995786226	0.07214810811388264	5.891579894050354e-05	unsupported	True	0.0017838685251305	0.0017838685251305
ELFN1	chr7:1856298-1856799	15	-0.001866468338071785	0.03907935058055298	2	0.04094581891862476	0.0551058878178024	8.81769155886152e-05	unsupported	True	0.0016993646423536	0.0016993646423536
ELFN1	chr7:1693502-1694003	16	-0.020598893846092734	0.022025561477708268	2	0.042624455323801005	0.040304350415202354	3.783883500557938e-05	unsupported	True	0.0016123195396248	0.0016123195396248
ELFN1	chr7:1664615-1665116	17	-0.02990466207639903	0.045686299531701335	1	0.07559096160810036	0.08734105427558073	0.0003016298254679866	unsupported	True	0.001461445146242	0.001461445146242
ELFN1	chr7:1857886-1858387	18	-0.012326927862188348	0.035091478238347996	1	0.047418406100536346	0.03664381247768431	6.0974643120075324e-05	unsupported	True	0.0012410209983341	0.0012410209983341
ELFN1	chr7:1867628-1868129	19	0.0016346803382879045	0.08519519788489362	1	0.0835605175466057	0.1290318503964641	0.0009185719143130623	unsupported	True	0.0011500203567383	0.0011500203567383
IP6K2	chr3:48594280-48594781	0	-0.012889355845520731	0.010934072123574397	5	0.023823427969095128	0.03399491805353541	8.85523692653196e-06	unsupported	True	0.0110608339018473	0.0110608339018473
IP6K2	chr3:48663364-48663865	1	-0.012744282783166269	0.01100975289378294	5	0.023754035676949208	0.026262208927786274	6.868252107442314e-06	unsupported	True	0.0073839294858044	0.0073839294858044
IP6K2	chr3:48594836-48595337	2	-0.029454265367641144	0.02953467921792229	5	0.05898894458556343	0.06021139825044436	0.00010490147551027764	unsupported	True	0.005335534963337	0.005335534963337
IP6K2	chr3:48663883-48664384	3	-0.015765222860938566	0.011167311115241208	5	0.026932533976179774	0.028837390588114006	8.673248540094868e-06	unsupported	True	0.0048143038232423	0.0048143038232423
IP6K2	chr3:48662723-48663224	4	-0.0026571880051302023	0.025027601179244702	5	0.027684789184374906	0.04969510684902846	3.4432937577824065e-05	unsupported	True	0.0040011659845216	0.0040011659845216
IP6K2	chr3:48758490-48758991	5	0.030208521032297476	0.05540705785241648	2	0.025198536820119005	0.04747515384463087	6.628370777557535e-05	unsupported	True	0.003485257470219	0.003485257470219
IP6K2	chr3:48661589-48662090	6	-0.04170333380009675	0.0269582842972209	3	0.06866161809731765	0.06008824084752297	0.00011122329901615314	unsupported	True	0.0033513016224515	-0.0033513016224515
IP6K2	chr3:48785873-48786374	7	-0.022359474734717024	0.04572120756901697	4	0.068080682303734	0.05650756671677845	0.00017589285505222458	unsupported	True	0.0025306171458124	0.0025306171458124
IP6K2	chr3:48548638-48549139	8	-0.04982216322974644	0.041179257723026955	3	0.09100142095277339	0.0825523065657863	0.0003093541168485023	unsupported	True	0.0022693416151279	-0.0022693416151279
IP6K2	chr3:48851364-48851865	9	-0.0023568506894680913	0.026502177868302248	5	0.02885902855777034	0.043262850284765425	3.3088600664730586e-05	unsupported	True	0.0020906955755934	0.0020906955755934
IP6K2	chr3:48847634-48848135	10	-0.025648191184896155	0.014637220507435048	2	0.0402854116923312	0.05270272350432108	3.107702809407696e-05	unsupported	True	0.001677233302152	0.001677233302152
IP6K2	chr3:48598356-48598857	11	-0.03248800046967217	-0.012638967189946003	0	0.019849033279726168	0.02713719385725604	0.0	unsupported	True	0.0016087987489022	0.0016087987489022
IP6K2	chr3:48694919-48695420	12	-0.040393891750006565	0.02717361538131622	3	0.06756750713132278	0.0550968429116001	0.00010116074857040399	unsupported	True	0.0013507349558123	-0.0013507349558123
IP6K2	chr3:48694413-48694914	13	-0.03724610703687787	0.06342880166606624	3	0.1006749087029441	0.08175099305453672	0.0005220364021162387	unsupported	True	0.0011055575494328	-0.0011055575494328
IP6K2	chr3:48695611-48696112	14	-0.03529757628718763	0.03395997496101328	3	0.0692575512482009	0.08105954890519407	0.00019065081932054012	unsupported	True	0.0010014452537965	-0.0010014452537965
IP6K2	chr3:48717070-48717571	15	-0.018976323592433633	0.009284087937211563	5	0.028260411529645195	0.0349618588011964	9.173017914232638e-06	unsupported	True	0.0009629708997358	0.0009629708997358
IP6K2	chr3:48856469-48856970	16	-0.02151443586717346	0.03705001578388682	3	0.05856445165106028	0.05811255350329109	0.00012609342391790734	unsupported	True	0.0009580561213732	-0.0009580561213732
IP6K2	chr3:48739854-48740355	17	-0.04208048948119811	0.05401908487955116	3	0.09609957436074927	0.0884530012397656	0.0004591781987048254	unsupported	True	0.000895754985409	-0.000895754985409
IP6K2	chr3:48853893-48854394	18	-0.0017529090558516126	0.03671361590487976	4	0.03846652496073137	0.06609783831688362	9.334635638745474e-05	unsupported	True	0.0007808672117685	0.0007808672117685
IP6K2	chr3:48609443-48609944	19	-0.018305855655774417	0.0006575964108210134	5	0.01896345206659543	0.011685839640290862	1.457259028789195e-07	unsupported	True	0.0007500277319236	0.0007500277319236
UBXN4	chr2:135797417-135797918	0	0.006774810327860201	0.04416654069590818	1	0.03739173036804798	0.04557059434308584	7.525816780759355e-05	unsupported	True	0.0217941703735611	0.0217941703735611
UBXN4	chr2:135663072-135663573	1	0.01542760698050645	0.04629687472945271	5	0.030869267748946258	0.05104424713036757	7.294991753399276e-05	unsupported	True	0.0074375859585711	0.0074375859585711
UBXN4	chr2:135875715-135876216	2	0.004621883493863778	0.046902016471193235	4	0.04228013297732946	0.0356245846396339	7.064438827969581e-05	unsupported	True	0.0072012401537512	-0.0072012401537512
UBXN4	chr2:135666986-135667487	3	-0.0012596336591816652	0.03699691403643344	2	0.0382565476956151	0.0370397844081454	5.2425155462846244e-05	unsupported	True	0.0044294651620993	0.0044294651620993
UBXN4	chr2:135817773-135818274	4	0.021791796750884936	0.056128164130734695	5	0.034336367379849755	0.0552821205570323	0.00010654176276765646	unsupported	True	0.0038326972647678	0.0038326972647678
UBXN4	chr2:135650537-135651038	5	0.019463283997424797	0.054295804727231646	5	0.034832520729806846	0.054934585437753376	0.00010389556997542726	unsupported	True	0.0029546563574673	0.0029546563574673
UBXN4	chr2:135913669-135914170	6	-0.010161952628459684	0.012274450004507194	0	0.022436402632966878	0.010457860811141315	2.8800373742458786e-06	unsupported	True	0.0020082013562502	-0.0020082013562502
UBXN4	chr2:135883239-135883740	7	-0.004891360589850229	0.013853380129592459	1	0.01874474071944269	0.02695051994070247	6.99845761890199e-06	unsupported	True	0.0019129223132652	0.0019129223132652
UBXN4	chr2:135856398-135856899	8	-0.004045290654134675	0.010970311802715878	1	0.015015602456850553	0.02201801262812453	3.6269356441739603e-06	unsupported	True	0.0012165433140652	-0.0012165433140652
UBXN4	chr2:135876258-135876759	9	0.00033858351866176116	0.032253723566249885	5	0.03191514004758812	0.035760419134876646	3.681113551305004e-05	unsupported	True	0.0012090476682259	-0.0012090476682259
UBXN4	chr2:135920849-135921350	10	-0.017778661939106304	-0.009007702448391915	4	0.00877095949071439	0.012469156221288661	0.0	unsupported	True	0.0008410001361179	0.0008410001361179
UBXN4	chr2:135709816-135710317	11	0.002804185649910671	0.04481708149440877	4	0.042012895844498105	0.04434189913384832	8.349115688115701e-05	unsupported	True	0.0007806349394335	0.0007806349394335
UBXN4	chr2:135741434-135741935	12	-0.000635403048495052	0.033663268924507196	5	0.03429867197300225	0.03595283265238748	4.1511335386578714e-05	unsupported	True	0.0005962154572923	-0.0005962154572923
UBXN4	chr2:135742138-135742639	13	-0.0006159264047968559	0.06690486741606713	5	0.06752079382086398	0.06778073293885917	0.00030619741125433096	unsupported	True	0.0002839846199257	0.0002839846199257
UBXN4	chr2:135655645-135656146	14	-0.005343652184693447	0.033093026367135694	4	0.03843667855182914	0.05491753345153497	6.985433462644435e-05	unsupported	True	0.0002299756248884	0.0002299756248884
UBXN4	chr2:135924275-135924776	15	0.012775960448874309	0.0439103478523992	2	0.031134387403524894	0.050426862196767494	6.893966165971873e-05	unsupported	True	0.0001740775057056	0.0001740775057056
UBXN4	chr2:135916137-135916638	16	0.006329663872795842	0.033431507310820834	0	0.027101843438024992	0.025841312969440623	2.3413663149738655e-05	unsupported	True	0.0001606134118518	0.0001606134118518
UBXN4	chr2:135829293-135829794	17	0.0065995951459113565	0.05254774274151579	2	0.04594814759560443	0.04656140999278007	0.00011242119460124565	unsupported	True	0.0001266178941733	0.0001266178941733
UBXN4	chr2:135895008-135895509	18	-0.005345994716978461	0.020510654752052687	1	0.02585664946903115	0.019517459650689777	1.0350827296386657e-05	unsupported	True	0.000116292815234	0.000116292815234
UBXN4	chr2:135657349-135657850	19	-0.005423660502115303	0.022356073444209913	4	0.027779733946325214	0.03377373491288606	2.097503528461253e-05	unsupported	True	0.0001055194478473	0.0001055194478473
SIPA1L3	chr19:38055801-38056302	0	-0.0034441737120312317	0.05607186816701766	5	0.059516041879048895	0.05158683011168985	0.00017215431351910477	unsupported	True	0.0142076017684377	0.0142076017684377
SIPA1L3	chr19:38078503-38079004	1	-0.011989009266307353	0.01623117737410452	3	0.028220186640411874	0.03922913794009117	1.7968783253538466e-05	unsupported	True	0.0058942628868024	0.0058942628868024
SIPA1L3	chr19:38210511-38211012	2	-0.005897406966116299	0.02384268429241051	3	0.029740091258526807	0.020627257779752287	1.4626450342890873e-05	unsupported	True	0.0048946359031678	-0.0048946359031678
SIPA1L3	chr19:38213787-38214288	3	-0.004732908773672332	0.02997944964315667	4	0.034712358416829	0.025974106432929113	2.7030146097751237e-05	unsupported	True	0.0045415119287818	0.0045415119287818
SIPA1L3	chr19:38036173-38036674	4	-0.006026798862431465	0.03100653605977282	5	0.037033334922204286	0.03630179631265953	4.168446094054659e-05	unsupported	True	0.0037383723822634	0.0037383723822634
SIPA1L3	chr19:37927973-37928474	5	-0.016667733620991727	0.03252714331928144	3	0.04919487694027317	0.04554687703731784	7.288269215603888e-05	unsupported	True	0.0035220301579304	0.0035220301579304
SIPA1L3	chr19:37902542-37903043	6	-0.007298746303206886	0.02985783887953518	4	0.03715658518274206	0.013361434945011616	1.4823380808231393e-05	unsupported	True	0.0029317113365581	0.0029317113365581
SIPA1L3	chr19:37923154-37923655	7	-0.005199968553365653	0.04082170307061626	5	0.04602167162398191	0.043648527232142416	8.200174669049015e-05	unsupported	True	0.0025337338844317	0.0025337338844317
SIPA1L3	chr19:37817114-37817615	8	-0.006817937194311644	0.03322463678423922	4	0.04004257397855086	0.016455373742043977	2.18922288371368e-05	unsupported	True	0.0021619510738121	0.0021619510738121
SIPA1L3	chr19:38304191-38304692	9	-0.0018470719407475847	0.055367367425123076	3	0.05721443936587066	0.07289044358244447	0.00023090328647533938	unsupported	True	0.0016666248733658	-0.0016666248733658
SIPA1L3	chr19:38003452-38003953	10	0.00027882256600017335	0.04783275144770934	5	0.047553928881709166	0.049424138770551816	0.00011242188877034931	unsupported	True	0.0014167357547172	0.0014167357547172
SIPA1L3	chr19:38183553-38184054	11	0.0008768950098842128	0.04885296789641517	2	0.047976072886530954	0.0748246920716254	0.00017537213405376229	unsupported	True	0.0013887354710159	-0.0013887354710159
SIPA1L3	chr19:38335507-38336008	12	-0.009304289494283266	0.02806434317419586	3	0.037368632668479125	0.0253978551789243	2.6635394401521335e-05	unsupported	True	0.0013332381288479	-0.0013332381288479
SIPA1L3	chr19:37855046-37855547	13	-0.012374807172773184	0.022472401929477376	3	0.03484720910225056	0.03670271443198277	2.8741913621747085e-05	unsupported	True	0.0012937170624635	0.0012937170624635
SIPA1L3	chr19:38134526-38135027	14	0.0068761301975310335	0.05203405251188614	5	0.04515792231435511	0.052539705394053005	0.00012345515704202895	unsupported	True	0.0012565976626686	0.0012565976626686
SIPA1L3	chr19:38209540-38210041	15	-0.008785413682434346	0.023891413205232057	4	0.032676826887666405	0.013794196999186213	1.0769068535997423e-05	unsupported	True	0.00100735712317	-0.00100735712317
SIPA1L3	chr19:38304956-38305457	16	-0.01255102229324978	0.024489010528199774	2	0.037040032821449555	0.042778611626549265	3.8803355827423774e-05	unsupported	True	0.0009583680939508	0.0009583680939508
SIPA1L3	chr19:37983888-37984389	17	0.0021933182928109973	0.03757330473693344	4	0.03537998644412244	0.019769995130244526	2.6281104878677996e-05	unsupported	True	0.0009509187447525	0.0009509187447525
SIPA1L3	chr19:38228330-38228831	18	-0.007047098179069503	0.0322075481083826	5	0.0392546462874521	0.024480570165333455	3.0950684704648875e-05	unsupported	True	0.0008696868206813	0.0008696868206813
SIPA1L3	chr19:38173249-38173750	19	-0.01028439370994835	0.0007118556460995058	3	0.010996249356047856	0.012440509886735925	9.738110410577271e-08	unsupported	True	0.0008415010641721	0.0008415010641721
RPS20	chr8:55973406-55973907	0	-0.04009567861140065	0.021823061621617647	1	0.0619187402330183	0.03964676270214343	5.357294515653227e-05	unsupported	True	0.0228992023553255	0.0228992023553255
RPS20	chr8:56157114-56157615	1	-0.02488550232454702	-0.0006944369075494279	2	0.024191065416997594	0.021697052276516575	0.0	unsupported	True	0.0082785727881077	0.0082785727881077
RPS20	chr8:56113165-56113666	2	-0.009584980558283643	0.014508648200895683	0	0.024093628759179326	0.024448197909773	8.546258348352789e-06	unsupported	True	0.0064563539461372	0.0064563539461372
RPS20	chr8:56028767-56029268	3	-0.014157831253512198	0.02597327292227777	2	0.04013110417578997	0.04906128743539258	5.1138352057777046e-05	unsupported	True	0.0041336837017128	0.0041336837017128
RPS20	chr8:56189135-56189636	4	0.01898064757445696	0.05137830754313887	5	0.03239765996868191	0.06186403543571975	0.0001029749720885944	unsupported	True	0.0031278715040385	0.0031278715040385
RPS20	chr8:55926700-55927201	5	0.02216005092760012	0.028014792433754643	0	0.005854741506154525	0.038577004954132244	6.3273759737693225e-06	unsupported	True	0.0020908822141767	-0.0020908822141767
RPS20	chr8:56074327-56074828	6	0.003885502759312194	0.017638163847640456	0	0.013752661088328262	0.030671906911185702	7.440136283221753e-06	unsupported	True	0.0018918084928973	-0.0018918084928973
RPS20	chr8:55939376-55939877	7	-0.016446001420220877	0.02599495484553383	2	0.04244095626575471	0.07235966732324503	7.9830856645675e-05	unsupported	True	0.0013229814342011	0.0013229814342011
RPS20	chr8:56202176-56202677	8	0.0051075359366545715	0.07591962341551371	0	0.07081208747885914	0.09485841610949969	0.0005099614075726624	unsupported	True	0.0012397325612512	0.0012397325612512
RPS20	chr8:56190863-56191364	9	-0.0032831176484030113	0.02931557188727745	5	0.032598689535680465	0.04309875900561025	4.118729570743679e-05	unsupported	True	0.0010794541239133	0.0010794541239133
RPS20	chr8:56060198-56060699	10	0.017426705680531254	0.024293018361489276	0	0.006866312680958022	0.017203619381562903	2.869623237956802e-06	unsupported	True	0.0010480335916657	0.0010480335916657
RPS20	chr8:55984915-55985416	11	-0.003589140363059204	0.04013702985812778	2	0.04372617022118699	0.06211572080190336	0.00010901548765859467	unsupported	True	0.0010417379300931	0.0010417379300931
RPS20	chr8:55991019-55991520	12	0.004440391735072167	0.05290914190379589	5	0.04846875016872373	0.08276456018162864	0.00021224474710460946	unsupported	True	0.0008220574653524	0.0008220574653524
RPS20	chr8:56013943-56014444	13	0.006673418247156147	0.031046367676856458	4	0.02437294942970031	0.013114954769136863	9.923975444095707e-06	unsupported	True	0.0005145865049183	0.0005145865049183
RPS20	chr8:55988832-55989333	14	-0.018142667401537412	0.011096469429196518	2	0.029239136830733932	0.045036306151901	1.4612083033140188e-05	unsupported	True	0.0004837208229725	0.0004837208229725
RPS20	chr8:56211279-56211780	15	0.006464000919677715	0.01966234614275045	0	0.013198345223072736	0.025770319398330466	6.6876667272495686e-06	unsupported	True	0.0003288569891719	-0.0003288569891719
RPS20	chr8:56055317-56055818	16	-0.01676671450610266	-0.006155990640050571	1	0.010610723866052087	0.03438834648268019	0.0	unsupported	True	0.0002972258769371	-0.0002972258769371
RPS20	chr8:56041607-56042108	17	0.009911318692898501	0.049725797313782655	2	0.03981447862088415	0.06055319014372514	0.00011988361119299394	unsupported	True	0.0001921800359145	0.0001921800359145
RPS20	chr8:56166023-56166524	18	-0.010689662853393454	0.015320086196854604	4	0.026009749050248058	0.0301011647467782	1.1994459200500843e-05	unsupported	True	9.66177370303082e-05	9.66177370303082e-05
RPS20	chr8:55938625-55939126	19	-0.032985566836821675	0.034560154459890295	4	0.06754572129671196	0.05607217782686863	0.00013089436266043196	unsupported	True	5.859240696117685e-05	5.859240696117685e-05
TASP1	chr20:13638763-13639264	0	-0.006942814985710077	0.040704733913644396	1	0.04764754889935447	0.05526291098289207	0.00010718135478052645	unsupported	True	0.0126424857913736	0.0126424857913736
TASP1	chr20:13416510-13417011	1	0.0005274181754774476	0.0913814833788762	4	0.09085406520339874	0.10540148730749666	0.0008750831210658228	unsupported	True	0.0072611271033516	0.0072611271033516
TASP1	chr20:13788145-13788646	2	-0.023030129415435436	-0.003113836888121598	2	0.019916292527313837	0.0043864518895130765	0.0	unsupported	True	0.0072568191999861	0.0072568191999861
TASP1	chr20:13274256-13274757	3	0.027366491790530464	0.05443643140673633	1	0.02706993961620587	0.06803319721779169	0.00010025310107335351	unsupported	True	0.0051601093804484	-0.0051601093804484
TASP1	chr20:13344577-13345078	4	-0.013735115820695276	0.037260432820202596	1	0.05099554864089787	0.04600596063100673	8.74166717477464e-05	unsupported	True	0.0046641021811451	0.0046641021811451
TASP1	chr20:13491834-13492335	5	0.01688206844583488	0.10915337526187593	1	0.09227130681604105	0.11770182966004375	0.0011854604107562072	unsupported	True	0.0026153235863466	0.0026153235863466
TASP1	chr20:13570322-13570823	6	-0.013407513532904317	0.027018637805942453	4	0.04042615133884677	0.037749917282632696	4.1232707320613865e-05	unsupported	True	0.0024276023794246	0.0024276023794246
TASP1	chr20:13250252-13250753	7	0.02821403483497229	0.05936973609593756	4	0.03115570126096527	0.05911911245978281	0.00010935296294625143	unsupported	True	0.0023002968175111	-0.0023002968175111
TASP1	chr20:13385666-13386167	8	-0.018869599407103862	0.0025894235485058293	5	0.02145902295560969	0.03183576669915774	1.7690021102062023e-06	unsupported	True	0.0020098687556636	0.0020098687556636
TASP1	chr20:13284423-13284924	9	0.0184986168227994	0.11050076268778794	1	0.09200214586498853	0.12187667503834249	0.0012390357295569434	unsupported	True	0.0019591330225877	0.0019591330225877
TASP1	chr20:13771744-13772245	10	-0.013360741905635087	0.033268010998250566	4	0.046628752903885656	0.05598897874265447	8.685267172882766e-05	unsupported	True	0.0017019583544166	0.0017019583544166
TASP1	chr20:13302566-13303067	11	0.01469381898478391	0.03912019823506718	4	0.02442637925028327	0.052547762717286145	5.0212792289206985e-05	unsupported	True	0.0015053635385377	-0.0015053635385377
TASP1	chr20:13402107-13402608	12	-0.014386882035936948	0.008778621895039435	2	0.023165503930976383	0.03460281862052733	7.0368707186787955e-06	unsupported	True	0.0013781097965343	-0.0013781097965343
TASP1	chr20:13546447-13546948	13	0.0018478091493964106	0.04983351602735934	1	0.04798570687796293	0.06174555325178972	0.0001476519249362059	unsupported	True	0.0013623601501027	0.0013623601501027
TASP1	chr20:13263833-13264334	14	-0.016978981410267026	0.027578030842699424	1	0.044557012252966446	0.04653825307217817	5.718595677569544e-05	unsupported	True	0.0008183520645414	0.0008183520645414
TASP1	chr20:13425714-13426215	15	-0.01031526071336893	0.027844452830456376	4	0.0381597135438253	0.053530124794701324	5.687770308223975e-05	unsupported	True	0.000551112222224	0.000551112222224
TASP1	chr20:13649510-13650011	16	0.007440503943695367	0.04249887625367088	4	0.035058372309975515	0.041439921803594015	6.174305620430393e-05	unsupported	True	0.0004650194131129	-0.0004650194131129
TASP1	chr20:13616656-13617157	17	0.013456077975157004	0.07234640437424021	1	0.058890326399083204	0.0776921411142394	0.00033100762883766046	unsupported	True	0.0004505670580309	-0.0004505670580309
TASP1	chr20:13784717-13785218	18	-0.005744671564852449	0.03969112423414507	1	0.04543579579899752	0.05206004559637568	9.38849725155818e-05	unsupported	True	0.0004492438690425	-0.0004492438690425
TASP1	chr20:13262858-13263359	19	-0.006513251037414181	0.03315783509387793	1	0.03967108613129211	0.03159164883227777	4.1555886501938546e-05	unsupported	True	0.0004213529157737	0.0004213529157737
USP12	chr13:27052959-27053460	0	-0.015264462289422683	0.057334552456170654	2	0.07259901474559334	0.09161528704533589	0.00038134240424547857	unsupported	True	0.0107593085861309	0.0107593085861309
USP12	chr13:27036703-27037204	1	0.03147621062540455	0.09353330234512866	2	0.06205709171972411	0.10387124037585618	0.0006029107181675096	unsupported	True	0.0076489328492722	0.0076489328492722
USP12	chr13:27055509-27056010	2	-0.021761540780605142	0.05904257094664205	0	0.08080411172724719	0.10484886331221863	0.0005002216070620613	unsupported	True	0.0070174605543654	0.0070174605543654
USP12	chr13:27006403-27006904	3	-0.006130416711189796	0.04201967167690102	0	0.04815008838809082	0.05739240872464535	0.00011611924290841542	unsupported	True	0.0055814775404531	0.0055814775404531
USP12	chr13:27005494-27005995	4	-0.003985461756141232	0.03341444649807647	0	0.0373999082542177	0.034210479981583476	4.275274218604947e-05	unsupported	True	0.0040087933068284	0.0040087933068284
USP12	chr13:27007092-27007593	5	0.005504073926628022	0.04258382159655101	4	0.03707974766992299	0.04980508199469486	7.8642092965337e-05	unsupported	True	0.002914626626122	0.002914626626122
USP12	chr13:27022614-27023115	6	0.0021375757761561793	0.07043737090710032	2	0.06829979513094414	0.09390991882028754	0.0004517872844723282	unsupported	True	0.0027546466354791	0.0027546466354791
USP12	chr13:26980365-26980866	7	0.03113302083680066	0.0881008983928698	3	0.05696787755606914	0.09054384947760913	0.00045443244496877537	unsupported	True	0.0026523958096414	0.0026523958096414
USP12	chr13:26930190-26930691	8	0.004921013413463035	0.06444443312475262	0	0.059523419711289584	0.0798862928273339	0.00030644006790049735	unsupported	True	0.0025595283311759	0.0025595283311759
USP12	chr13:27069969-27070470	9	-0.02702136527814433	0.028935939360315653	0	0.05595730463845998	0.06272551843177529	0.00010156372765857261	unsupported	True	0.0023247348705494	0.0023247348705494
USP12	chr13:26989821-26990322	10	-0.023465167654583074	0.030774964127857917	1	0.05424013178244099	0.0768696943585744	0.00012831382331930598	unsupported	True	0.0019433544784251	0.0019433544784251
USP12	chr13:26919966-26920467	11	-0.024528967234808473	0.045437024133016174	0	0.06996599136782465	0.07356279288450905	0.00023385953470871058	unsupported	True	0.0016763391951557	0.0016763391951557
USP12	chr13:27251062-27251563	12	-0.002642922170889071	0.05056552170303113	0	0.0532084438739202	0.07528568552325823	0.00020255709479708546	unsupported	True	0.0011934879986518	-0.0011934879986518
USP12	chr13:27160869-27161370	13	0.045024522403826636	0.09308148874818375	2	0.04805696634435712	0.1091401473334841	0.0004882072319641865	unsupported	True	0.0009672840125957	0.0009672840125957
USP12	chr13:27054184-27054685	14	-0.032378288892349415	0.0068748639523446885	1	0.039253152844694106	0.036380913746755256	9.817756494553594e-06	unsupported	True	0.0008727682541404	0.0008727682541404
USP12	chr13:27288957-27289458	15	-0.007590478216793088	0.014432553945775686	2	0.022023032162568776	0.02292948726568289	7.28810542005778e-06	unsupported	True	0.0006484571568499	-0.0006484571568499
USP12	chr13:26946906-26947407	16	0.01422900969145725	0.048009197289924	0	0.03378018759846675	0.05552385854487974	9.004635567162122e-05	unsupported	True	0.0005064662349101	0.0005064662349101
USP12	chr13:26994536-26995037	17	-0.007937015885614762	0.037388459534321405	1	0.045325475419936166	0.0724868509581737	0.00012283982049204808	unsupported	True	0.0004971624098999	-0.0004971624098999
USP12	chr13:26949652-26950153	18	0.022104004476038865	0.0636845778150945	3	0.04158057333905563	0.04549990475976358	0.00012048562505745811	unsupported	True	0.0004510656122317	-0.0004510656122317
USP12	chr13:27264157-27264658	19	0.01920874470393491	0.0777192648002623	0	0.05851052009632739	0.08224719478352718	0.00037401044983232566	unsupported	True	0.0004030468140207	0.0004030468140207
TTC1	chr5:159987281-159987782	0	0.0027260809814759783	0.04172226849570439	5	0.03899618751422841	0.051428649387086925	8.36748962792223e-05	unsupported	True	0.0123392858034477	0.0123392858034477
TTC1	chr5:160213456-160213957	1	0.002403123802448978	0.026728817714016955	5	0.024325693911567976	0.01569185579783306	1.020279816564108e-05	unsupported	True	0.0097948764937486	0.0097948764937486
TTC1	chr5:159879066-159879567	2	-0.0014585979706837086	0.027111526999526164	5	0.028570124970209873	0.03601895169145349	2.789954931810406e-05	unsupported	True	0.0065985682035951	0.0065985682035951
TTC1	chr5:159918019-159918520	3	-0.0028067802315373765	0.032777193229068594	5	0.03558397346060597	0.046519522314390764	5.425770870022033e-05	unsupported	True	0.0036193396832956	0.0036193396832956
TTC1	chr5:159961529-159962030	4	0.0011741704847233578	0.05212147227894792	2	0.05094730179422456	0.05905373912104516	0.00015681415577296014	unsupported	True	0.0033519472497611	0.0033519472497611
TTC1	chr5:160197631-160198132	5	-0.008216258357729355	0.039453263870426004	5	0.04766952222815536	0.05264755995421811	9.901522624708952e-05	unsupported	True	0.0030516936163321	0.0030516936163321
TTC1	chr5:160199300-160199801	6	-0.008735395925712448	0.0228639657961126	5	0.03159936172182505	0.038691484345205196	2.7954083832660147e-05	unsupported	True	0.0027717656955725	-0.0027717656955725
TTC1	chr5:159916174-159916675	7	-0.0029503139925030086	0.03408219945539634	5	0.037032513447899346	0.039773932461317316	5.020064935353837e-05	unsupported	True	0.0024335847258702	0.0024335847258702
TTC1	chr5:160008798-160009299	8	-0.0028943675779319854	0.04108435069235134	5	0.043978718270283323	0.051637858885190055	9.330119839362432e-05	unsupported	True	0.0023080755916081	-0.0023080755916081
TTC1	chr5:159971846-159972347	9	0.0048971493822564625	0.03053017451315588	5	0.025633025130899417	0.0208748948378607	1.633629045229375e-05	unsupported	True	0.0014974112747378	0.0014974112747378
TTC1	chr5:160030922-160031423	10	-0.0019817444700720058	0.0403078467177383	5	0.0422895911878103	0.04236812751325272	7.222081012050484e-05	unsupported	True	0.0014455752681874	0.0014455752681874
TTC1	chr5:160059953-160060454	11	-0.002674152797023079	0.027882084618273174	3	0.030556237415296252	0.03717958472239142	3.167595018025919e-05	unsupported	True	0.0012605943537556	-0.0012605943537556
TTC1	chr5:160165066-160165567	12	-0.003833550054269653	0.05739826005424089	2	0.061231810108510545	0.06963525395442428	0.00024474001899559694	unsupported	True	0.0012162578447841	0.0012162578447841
TTC1	chr5:159965497-159965998	13	-0.0019639553595261062	0.03740082124717346	5	0.03936477660669957	0.06497449995705308	9.566033018958673e-05	unsupported	True	0.0010757423057689	0.0010757423057689
TTC1	chr5:160175586-160176087	14	0.008072620621908598	0.04514457856498059	2	0.03707195794307199	0.04440377345322898	7.431406279905633e-05	unsupported	True	0.0009623514579899	0.0009623514579899
TTC1	chr5:160051895-160052396	15	0.005263757400777119	0.03176385378248752	2	0.0265000963817104	0.0528053165304949	4.44486210212111e-05	unsupported	True	0.0009023491069665	-0.0009023491069665
TTC1	chr5:160061623-160062124	16	0.012235879351693315	0.04731267455292666	0	0.03507679520123334	0.04247799694184322	7.049550654876116e-05	unsupported	True	0.0008507882749186	-0.0008507882749186
TTC1	chr5:160119356-160119857	17	0.00033495944644234605	0.04472364697341083	5	0.044388687526968486	0.048499801441006754	9.628296935852845e-05	unsupported	True	0.0006606587932179	-0.0006606587932179
TTC1	chr5:160044472-160044973	18	0.0034290480500316156	0.025982070064706837	5	0.022553022014675222	0.025298256086691086	1.4824125325148189e-05	unsupported	True	0.0006514316771649	-0.0006514316771649
TTC1	chr5:159944337-159944838	19	-0.0007235102295876066	0.047805047214313584	3	0.048528557443901194	0.06297032915234814	0.0001460854950348601	unsupported	True	0.0005652577725081	0.0005652577725081
MS4A7	chr11:60498950-60499451	0	-0.004503487594963312	0.0216204715162292	3	0.026123959111192512	0.026722471482025202	1.5093180949678196e-05	unsupported	True	0.0309764632351518	0.0309764632351518
MS4A7	chr11:60265562-60266063	1	0.0046295952382044816	0.038204993861980056	2	0.03357539862377557	0.05188042309349189	6.654950368790107e-05	unsupported	True	0.0070850945645517	0.0070850945645517
MS4A7	chr11:60514220-60514721	2	0.00663079848475189	0.03411325641385302	5	0.02748245792910113	0.03946501533272787	3.699908861160714e-05	unsupported	True	0.0054202975659141	0.0054202975659141
MS4A7	chr11:60301449-60301950	3	-0.01603127157248675	0.0	4	0.01603127157248675	0.016305335998741302	0.0	unsupported	True	0.0053428852877026	0.0053428852877026
MS4A7	chr11:60267888-60268389	4	-0.015898367882305347	0.0	4	0.015898367882305347	0.01507891979046576	0.0	unsupported	True	0.0042633290804638	0.0042633290804638
MS4A7	chr11:60312136-60312637	5	-0.00036164906794824736	0.027929343648174534	5	0.02829099271612278	0.043976362689756424	3.474787274584176e-05	unsupported	True	0.0023364004495406	0.0023364004495406
MS4A7	chr11:60513459-60513960	6	0.001875579722991141	0.03687849876951045	3	0.03500291904651931	0.03687849876951045	4.760479847461188e-05	unsupported	True	0.0009586783523789	0.0009586783523789
MS4A7	chr11:60363430-60363931	7	0.006946011034772938	0.05054204084359292	2	0.043596029808819985	0.05722733563714298	0.00012609656088549521	unsupported	True	0.0007282570982129	0.0007282570982129
MS4A7	chr11:60483060-60483561	8	0.03415824235893554	0.10340290702258273	2	0.06924466466364719	0.10340290702258273	0.000740375115488684	unsupported	True	0.0001096003219891	0.0001096003219891
MS4A7	chr11:60403087-60403588	9	0.009835374478159903	0.03736389188278502	2	0.02752851740462512	0.045865543143303905	4.717603857630188e-05	unsupported	True	6.328266881565112e-05	-6.328266881565112e-05
MS4A7	chr11:60398736-60399237	10	-0.0036314743245006442	0.014506871658163133	2	0.018138345982663777	0.023625835612123957	6.216681652978889e-06	unsupported	True	4.875816428091765e-05	-4.875816428091765e-05
MS4A7	chr11:60478908-60479409	11	-0.005499268281115379	0.0029348141267318928	3	0.008434082407847272	0.00658461568027585	1.6298546387420871e-07	unsupported	True	1.0225878792708064e-05	-1.0225878792708064e-05
MS4A7	chr11:60396828-60397329	12	0.008920627142803991	0.05673427696432495	2	0.04781364982152096	0.05673427696432495	0.00015390153287908316	unsupported	True	3.714305181941422e-06	-3.714305181941422e-06
MS4A7	chr11:60315906-60316407	13	-0.006995743375454117	0.06249788092871125	3	0.06949362430416536	0.06984539034808246	0.0003033527966962507	unsupported	True	3.081137633865917e-06	-3.081137633865917e-06
MS4A7	chr11:60343236-60343737	14	0.0268421782880953	0.08025224919627014	2	0.05341007090817484	0.0700741233326017	0.00030035719564147655	unsupported	True	2.228816758076268e-06	-2.228816758076268e-06
BTBD3	chr20:11996127-11996628	0	0.01563675976550093	0.04338891803386995	1	0.027752158268369017	0.04990541806430653	6.009291649335953e-05	unsupported	True	0.0084760558240371	0.0084760558240371
BTBD3	chr20:11922558-11923059	1	0.04613747528872764	0.08613142363867718	1	0.039993948349949536	0.08047502160777278	0.0002772151805595453	unsupported	True	0.0079783395634006	0.0079783395634006
BTBD3	chr20:11766841-11767342	2	-0.011953494846026489	0.008030174702562438	0	0.019983669548588927	0.039257847068032536	6.299799276190766e-06	unsupported	True	0.0066197628883163	0.0066197628883163
BTBD3	chr20:11990165-11990666	3	0.054167840189730206	0.08456498662372983	0	0.03039714643399962	0.040706629817228654	0.00010463778743320984	unsupported	True	0.0049085393777032	0.0049085393777032
BTBD3	chr20:11919044-11919545	4	0.02931021530867981	0.03948178480216902	1	0.010171569493489206	0.04332372677263978	1.7398449857952608e-05	unsupported	True	0.0045024068274034	0.0045024068274034
BTBD3	chr20:11797047-11797548	5	0.041083810928237145	0.07923170638550624	3	0.03814789545726909	0.06590556202277094	0.0001992010672940114	unsupported	True	0.003849345665355	0.003849345665355
BTBD3	chr20:12067938-12068439	6	-0.0033041618022931455	0.07618336168537049	5	0.07948752348766364	0.09052055735841681	0.0005481587086853887	unsupported	True	0.0030000348418061	-0.0030000348418061
BTBD3	chr20:11891058-11891559	7	0.033432966831529076	0.0716313294978071	1	0.03819836266627802	0.041406415125135376	0.00011329621246259401	unsupported	True	0.0026676625845779	0.0026676625845779
BTBD3	chr20:11917593-11918094	8	0.02001427306710702	0.07290218554422707	5	0.052887912477120054	0.07920736508039192	0.0003053954342805757	unsupported	True	0.00242551273084	0.00242551273084
BTBD3	chr20:12019740-12020241	9	0.0381122953066039	0.08973094426096895	3	0.05161864895436505	0.09762272361577481	0.0004521679659647619	unsupported	True	0.0023601898867591	0.0023601898867591
BTBD3	chr20:11982781-11983282	10	0.036446672535457955	0.08841277679354403	3	0.05196610425808608	0.07426072112283633	0.00034118847541382135	unsupported	True	0.0017489836630141	0.0017489836630141
BTBD3	chr20:11765352-11765853	11	0.04899080368278458	0.0828064623122006	3	0.03381565862941602	0.051959461474808746	0.0001454945490601523	unsupported	True	0.0011993966059874	0.0011993966059874
BTBD3	chr20:11943680-11944181	12	-0.003964529982232133	0.07904726478530293	0	0.08301179476753506	0.11777103202527059	0.0007727964731891393	unsupported	True	0.0011353213111038	0.0011353213111038
BTBD3	chr20:11976340-11976841	13	0.03929142629474388	0.08183709867826229	3	0.04254567238351841	0.05482844775743535	0.00019090247833840763	unsupported	True	0.0011257759003881	0.0011257759003881
BTBD3	chr20:12055073-12055574	14	0.03146109526110229	0.07617777347370824	3	0.044716678212605956	0.0759902414760998	0.00025885444913507536	unsupported	True	0.0010976477012491	0.0010976477012491
BTBD3	chr20:11935330-11935831	15	0.029910902629300313	0.07972694929764167	1	0.04981604666834136	0.08745781290376467	0.0003473545711503085	unsupported	True	0.0009695554946228	0.0009695554946228
BTBD3	chr20:11979665-11980166	16	0.03227225427297021	0.08879538449600666	1	0.05652313022303645	0.09182332596472585	0.00046086063769801245	unsupported	True	0.0009384006964109	0.0009384006964109
BTBD3	chr20:11988917-11989418	17	0.0030981713085348546	0.034254932098655086	5	0.031156760790120232	0.02644171115622774	2.822051712676339e-05	unsupported	True	0.0008631879685003	-0.0008631879685003
BTBD3	chr20:12055845-12056346	18	-0.0017188862004548825	0.08110182338180241	0	0.08282070958225729	0.11612811549237906	0.0007800221653676859	unsupported	True	0.0007828213637123	0.0007828213637123
BTBD3	chr20:11810602-11811103	19	-0.009693147412263792	0.027576356212525206	1	0.037269503624788994	0.04029143583244439	4.140980956111573e-05	unsupported	True	0.0006949792052938	-0.0006949792052938
SARM1	chr17:28248123-28248624	0	0.0005781251270831216	0.035543947918861354	3	0.034965822791778234	0.046171492232264064	5.738301023202584e-05	unsupported	True	0.0090739934533599	0.0090739934533599
SARM1	chr17:28251544-28252045	1	0.00037690470417003246	0.025084059640713478	4	0.024707154936543445	0.03617422424444976	2.241918340423707e-05	unsupported	True	0.0062737832519618	0.0062737832519618
SARM1	chr17:28227292-28227793	2	0.0017186741787097858	0.03630432669871876	3	0.034585652520008975	0.05195764676148532	6.523847996490731e-05	unsupported	True	0.0053680664148702	0.0053680664148702
SARM1	chr17:28405920-28406421	3	-0.005899156012443864	0.03303458387024756	4	0.03893373988269142	0.048774116469458534	6.273131254327667e-05	unsupported	True	0.0052840064960079	0.0052840064960079
SARM1	chr17:28425440-28425941	4	0.0017224067702855054	0.02837364361059619	3	0.026651236840310684	0.038718600018607496	2.927872252910192e-05	unsupported	True	0.0052687573867582	0.0052687573867582
SARM1	chr17:28405269-28405770	5	-9.718922711158795e-05	0.04430856299144879	4	0.04440575221856038	0.05857581867214285	0.00011525114897021355	unsupported	True	0.004567837432303	0.004567837432303
SARM1	chr17:28381193-28381694	6	0.0028248185833546764	0.035073031825054175	4	0.0322482132416995	0.04517181288632292	5.1091245114989425e-05	unsupported	True	0.004294836369319	0.004294836369319
SARM1	chr17:28384260-28384761	7	0.0014100269068328397	0.037119744380760995	3	0.035709717473928156	0.05174786652531046	6.859363850339813e-05	unsupported	True	0.0041630118575207	0.0041630118575207
SARM1	chr17:28552428-28552929	8	-0.004350085642679443	0.048260861848275154	4	0.052610947490954595	0.07593799000426191	0.00019281032835202747	unsupported	True	0.0025902352204216	0.0025902352204216
SARM1	chr17:28336192-28336693	9	-0.010376926611540516	0.031666424130105245	4	0.04204335074164576	0.05906605913346303	7.863834066783249e-05	unsupported	True	0.0017630395954225	0.0017630395954225
SARM1	chr17:28371789-28372290	10	8.531487765994024e-05	0.029695382431504554	2	0.029610067553844613	0.04313538240339835	3.7928177381175835e-05	unsupported	True	0.0013945384006641	0.0013945384006641
SARM1	chr17:28540628-28541129	11	-0.009874645927387666	0.052779898155378355	4	0.06265454408276602	0.08780628104424998	0.000290366630795045	unsupported	True	0.0013289126510004	0.0013289126510004
SARM1	chr17:28233141-28233642	12	0.0009170162929456585	0.03685007345762957	4	0.03593305716468391	0.05612723785319962	7.432008477628252e-05	unsupported	True	0.0009128490950385	0.0009128490950385
SARM1	chr17:28551925-28552426	13	-0.005009932528794194	0.029052897435084726	3	0.034062829963878924	0.0443202382970126	4.386036730684223e-05	unsupported	True	0.0008894543396756	0.0008894543396756
SARM1	chr17:28493454-28493955	14	0.004861541190692912	0.023236846527333165	3	0.018375305336640252	0.03063055323355811	1.3078760736472679e-05	unsupported	True	0.0008490528581605	0.0008490528581605
SARM1	chr17:28427250-28427751	15	-0.009564668949012941	0.05092266127937397	4	0.06048733022838691	0.07439268971569671	0.00022914256471017212	unsupported	True	0.0007431220049045	0.0007431220049045
SARM1	chr17:28392836-28393337	16	7.17506400614641e-05	0.038277143909697	3	0.03820539326963553	0.05047089218669569	7.380829641136389e-05	unsupported	True	0.0007233307351211	0.0007233307351211
SARM1	chr17:28231403-28231904	17	-0.0061734441129108536	0.026362780490074476	4	0.03253622460298533	0.040704097993007	3.491375066483404e-05	unsupported	True	0.0006779247304124	0.0006779247304124
SARM1	chr17:28386325-28386826	18	0.000618095962348295	0.045523252463409054	2	0.04490515650106076	0.055045894696504456	0.00011252640195614186	unsupported	True	0.0006165996090796	0.0006165996090796
SARM1	chr17:28357316-28357817	19	-0.00841780827548144	0.040078042519256146	4	0.04849585079473759	0.062268206924395324	0.00012102565576239905	unsupported	True	0.0005512909476939	0.0005512909476939
TFDP2	chr3:141933792-141934293	0	0.01478335896435864	0.09177493958034423	2	0.07699158061598559	0.10316081185796669	0.0007289237390311926	unsupported	True	0.0058216068034	0.0058216068034
TFDP2	chr3:141955171-141955672	1	0.040377205559410254	0.12193160806913282	1	0.08155440250972257	0.12759647286611614	0.0012688269109141016	unsupported	True	0.0055132251851416	0.0055132251851416
TFDP2	chr3:141940332-141940833	2	0.028937205654697738	0.08778564531678144	1	0.05884843966208371	0.100459296164215	0.0005189775713082889	unsupported	True	0.0052501114120003	0.0052501114120003
TFDP2	chr3:141876325-141876826	3	0.019496099501607703	0.06793817836097645	1	0.04844207885936874	0.08059782815488994	0.0002652528197672885	unsupported	True	0.0049747170723841	-0.0049747170723841
TFDP2	chr3:141797362-141797863	4	0.014396553276360871	0.0440853069710653	0	0.02968875369470443	0.03447146489684783	4.511755697535967e-05	unsupported	True	0.0044906258770337	0.0044906258770337
TFDP2	chr3:142027678-142028179	5	0.038754136989405455	0.11601323235924146	1	0.07725909536983601	0.12759557744207412	0.0011436490343425918	unsupported	True	0.0038380069945651	0.0038380069945651
TFDP2	chr3:142120647-142121148	6	0.003877974699795317	0.04968243513150452	2	0.0458044604317092	0.07236216187347999	0.0001646729171518338	unsupported	True	0.0036129056603534	0.0036129056603534
TFDP2	chr3:141795206-141795707	7	0.017673065257005884	0.07866285568529223	1	0.060989790428286346	0.07606385099349203	0.00036492629579901544	unsupported	True	0.0035673982472986	0.0035673982472986
TFDP2	chr3:142022302-142022803	8	0.007991337072784014	0.05811467040018271	1	0.05012333332739869	0.07407234267507148	0.00021576540073058574	unsupported	True	0.0028501517237841	0.0028501517237841
TFDP2	chr3:141872792-141873293	9	-0.008669506021009861	0.0014206506243679652	0	0.010090156645377827	0.01109643822949985	1.5906286294400194e-07	unsupported	True	0.0027231289167775	-0.0027231289167775
TFDP2	chr3:142210164-142210665	10	0.04224508434707568	0.09866194832692593	1	0.05641686397985025	0.08479678168374216	0.00047199565276514945	unsupported	True	0.002409789636284	0.002409789636284
TFDP2	chr3:141998584-141999085	11	0.0018301567856514043	0.02465425387161527	4	0.022824097085963866	0.016169494124845796	9.098753565878712e-06	unsupported	True	0.0023374259346468	0.0023374259346468
TFDP2	chr3:141795975-141796476	12	-0.01372787154021737	0.03450992988113537	0	0.04823780142135274	0.03977376093308954	6.621070942548867e-05	unsupported	True	0.0022074853163274	0.0022074853163274
TFDP2	chr3:141811942-141812443	13	0.008425673499774737	0.03854747331405723	2	0.030121799814282493	0.0572406638451215	6.646323807645726e-05	unsupported	True	0.001495157286437	0.001495157286437
TFDP2	chr3:142285092-142285593	14	-0.0036795852412773865	0.01583250169143766	0	0.019512086932715045	0.030448595240190255	9.4063368325512e-06	unsupported	True	0.0013016686072237	-0.0013016686072237
TFDP2	chr3:142273511-142274012	15	0.01774622455996098	0.07900053040195393	2	0.06125430584199295	0.09562318722946853	0.0004627323312753758	unsupported	True	0.0011540363900346	0.0011540363900346
TFDP2	chr3:141863320-141863821	16	-0.01670349210404318	0.01352883293046936	3	0.030232325034512543	0.031168374197776308	1.2748116715665113e-05	unsupported	True	0.0010188996191122	-0.0010188996191122
TFDP2	chr3:142149322-142149823	17	0.02365255628770677	0.06060213076280211	1	0.03694957447509534	0.0618294814128134	0.0001384499933933151	unsupported	True	0.0010072827396907	0.0010072827396907
TFDP2	chr3:142127848-142128349	18	0.036388351151546885	0.08239373786950441	1	0.04600538671795752	0.10795270425739079	0.00040920074642282906	unsupported	True	0.0008943071727001	0.0008943071727001
TFDP2	chr3:141937343-141937844	19	0.025947042750479595	0.08526067362447767	1	0.059313630873998074	0.0767366080170408	0.00038806624460678996	unsupported	True	0.0008659370997191	0.0008659370997191
EEF1AKMT2	chr10:124708117-124708618	0	0.0013749471391271844	0.01904775027482536	0	0.017672803135698176	0.014062264241355052	4.733739804529505e-06	unsupported	True	0.0158349656242347	0.0158349656242347
EEF1AKMT2	chr10:124756423-124756924	1	-0.010923407070962145	0.013285756356934046	1	0.02420916342789619	0.014267641077151429	4.5890019424015005e-06	unsupported	True	0.008168018803578	0.008168018803578
EEF1AKMT2	chr10:124624919-124625420	2	-0.004248197992565423	0.031607114827697125	3	0.035855312820262546	0.03233955973753759	3.6649872938245324e-05	unsupported	True	0.0066711504035235	0.0066711504035235
EEF1AKMT2	chr10:124886137-124886638	3	-0.0017950721407442541	0.041452848007121734	3	0.043247920147865986	0.05370490862727777	9.627944596848582e-05	unsupported	True	0.0043344924161075	0.0043344924161075
EEF1AKMT2	chr10:124744116-124744617	4	0.0016556670680212178	0.040972010483514384	4	0.039316343415493164	0.03403182653366921	5.482083597282536e-05	unsupported	True	0.002592604170346	-0.002592604170346
EEF1AKMT2	chr10:124629291-124629792	5	0.014930609209726472	0.061302156333438114	5	0.046371547123711644	0.044787262609537346	0.00012731566896579137	unsupported	True	0.0024517107835193	-0.0024517107835193
EEF1AKMT2	chr10:124791663-124792164	6	-0.0007582546989114643	0.038442741461542806	4	0.03920099616045427	0.05265335249930789	7.93482736822455e-05	unsupported	True	0.0023221338589592	0.0023221338589592
EEF1AKMT2	chr10:124604901-124605402	7	0.020241104122012136	0.08354718525338561	5	0.06330608113137348	0.06326681578322518	0.0003346210285950605	unsupported	True	0.0019274561095507	-0.0019274561095507
EEF1AKMT2	chr10:124631926-124632427	8	0.010464718158819181	0.06304060001241434	4	0.05257588185359516	0.051181900583863314	0.00016963806609866463	unsupported	True	0.0017524564435589	-0.0017524564435589
EEF1AKMT2	chr10:124645448-124645949	9	0.009144048393933363	0.05854290478572635	0	0.04939885639179299	0.03816924898122333	0.00011038365678040541	unsupported	True	0.0017177279548832	-0.0017177279548832
EEF1AKMT2	chr10:124709009-124709510	10	0.0026069951628724013	0.04557601179540559	0	0.042969016632533184	0.03232352725146243	6.330098675055118e-05	unsupported	True	0.0015039759524696	0.0015039759524696
EEF1AKMT2	chr10:124917072-124917573	11	-0.0019571468280935498	0.04503551331612724	4	0.046992660144220794	0.059682198213835025	0.00012630773812290642	unsupported	True	0.0011412847015832	-0.0011412847015832
EEF1AKMT2	chr10:124643184-124643685	12	0.012644806186357901	0.05464281545236265	0	0.04199800926600475	0.043640587237211564	0.00010015032410171725	unsupported	True	0.0010569366438593	0.0010569366438593
EEF1AKMT2	chr10:124742397-124742898	13	-0.010346530478194485	0.03589593242727759	4	0.04624246290547207	0.06152533219873359	0.00010212690323932526	unsupported	True	0.0009860294211796	-0.0009860294211796
EEF1AKMT2	chr10:124677912-124678413	14	0.0004588357282994348	0.04095762419138179	4	0.04049878846308236	0.037610089077912995	6.238513944186034e-05	unsupported	True	0.000869694821362	0.000869694821362
EEF1AKMT2	chr10:124911201-124911702	15	0.0029984064564764503	0.05904865338521217	0	0.05605024692873572	0.02964626231736225	9.811998545360536e-05	unsupported	True	0.0008609842324552	-0.0008609842324552
EEF1AKMT2	chr10:124801522-124802023	16	-0.004858438848887979	0.029598893177810538	3	0.03445733202669852	0.05297746908797324	5.4031661909918353e-05	unsupported	True	0.000860212946812	0.000860212946812
EEF1AKMT2	chr10:124671643-124672144	17	0.008127200662453373	0.05457099502120635	0	0.04644379435875298	0.048414290311657886	0.00012270524758998662	unsupported	True	0.0008462107735221	-0.0008462107735221
EEF1AKMT2	chr10:124748121-124748622	18	0.00595595529440794	0.045343566042937565	4	0.039387610748529624	0.042273580175198514	7.549954590780596e-05	unsupported	True	0.0007531584019323	-0.0007531584019323
EEF1AKMT2	chr10:124741209-124741710	19	0.001564173088117884	0.050786902142887655	4	0.04922272905476977	0.03651232933848484	9.127607395788948e-05	unsupported	True	0.0006820827038074	-0.0006820827038074
CBFA2T3	chr16:88993400-88993901	0	-0.007478002858695463	0.028931758136094637	3	0.0364097609947901	0.04988419274100273	5.254792876350592e-05	unsupported	True	0.0069981139882157	0.0069981139882157
CBFA2T3	chr16:89082758-89083259	1	0.019400206212380446	0.17144471273706538	5	0.15204450652468493	0.18431674037049087	0.004804626264021401	unsupported	True	0.0056476377916233	0.0056476377916233
CBFA2T3	chr16:89038263-89038764	2	0.01413707180778089	0.04750654238450855	3	0.03336947057672766	0.0417646188242132	6.620812078328848e-05	unsupported	True	0.0053866268479787	0.0053866268479787
CBFA2T3	chr16:88994695-88995196	3	0.009646126965193864	0.06015494641540142	5	0.05050881945020756	0.050311145906702624	0.00015286313819989087	unsupported	True	0.004517907499599	0.004517907499599
CBFA2T3	chr16:89044340-89044841	4	0.015035317252730558	0.07497087044764271	5	0.05993555319491215	0.07224324184267286	0.0003246192706575522	unsupported	True	0.0037603048326273	0.0037603048326273
CBFA2T3	chr16:88969511-88970012	5	-0.008546552867057617	0.034073973142696765	2	0.042620526009754384	0.046156264953415724	6.703046617637466e-05	unsupported	True	0.0031839412934692	0.0031839412934692
CBFA2T3	chr16:88767947-88768448	6	-0.03820985063091587	0.012511757119516225	2	0.05072160775043209	0.04374558563859689	2.7761667687404278e-05	unsupported	True	0.0030877400411313	-0.0030877400411313
CBFA2T3	chr16:89034891-89035392	7	0.013002232772448661	0.07511228118054857	5	0.0621100484080999	0.07814431316767645	0.00036456099251993656	unsupported	True	0.0029917929998739	0.0029917929998739
CBFA2T3	chr16:88887195-88887696	8	-0.014528046404812405	0.01238488003541505	5	0.026912926440227455	0.031342802261645195	1.044697490177258e-05	unsupported	True	0.0029516973925309	0.0029516973925309
CBFA2T3	chr16:88971720-88972221	9	-0.004751627794748325	0.025894265186113815	5	0.03064589298086214	0.03788369147573693	3.0062712464680935e-05	unsupported	True	0.002638073379199	0.002638073379199
CBFA2T3	chr16:89017815-89018316	10	-0.002334945722664294	0.032528721065541694	3	0.03486366678820599	0.03886653054550925	4.4077385428788086e-05	unsupported	True	0.0020912712040875	0.0020912712040875
CBFA2T3	chr16:88941726-88942227	11	-0.0011588388981483855	0.05568425150472269	5	0.056843090402871076	0.05526646476405661	0.00017493300340248028	unsupported	True	0.0020896392957317	0.0020896392957317
CBFA2T3	chr16:89004031-89004532	12	0.024632770033088953	0.07630674084244418	5	0.05167397080935523	0.058577488049171816	0.00023097527046287675	unsupported	True	0.0019696927658794	0.0019696927658794
CBFA2T3	chr16:89122536-89123037	13	0.009070140887741732	0.10012197368452927	5	0.09105183279678754	0.09796425148029371	0.0008930704484620236	unsupported	True	0.0018774023943767	0.0018774023943767
CBFA2T3	chr16:89014246-89014747	14	0.005866220697776083	0.05509207232758557	3	0.04922585162980948	0.0498138375608807	0.00013509284491419664	unsupported	True	0.0018734261708756	0.0018734261708756
CBFA2T3	chr16:89024595-89025096	15	0.02011347225469911	0.12593085016522068	5	0.10581737791052157	0.11412647801542497	0.0015208120539226282	unsupported	True	0.0017320436830841	0.0017320436830841
CBFA2T3	chr16:89093577-89094078	16	-0.00656335639573833	0.055733813995711715	5	0.062297170391450045	0.06889654353810529	0.0002392128576568662	unsupported	True	0.0012872212734232	0.0012872212734232
CBFA2T3	chr16:88888967-88889468	17	-0.006052298279163101	0.038362717643631694	3	0.044415015922794794	0.058509626245682345	9.96934238009154e-05	unsupported	True	0.0011962039423193	0.0011962039423193
CBFA2T3	chr16:88921086-88921587	18	0.013561340779079398	0.05769529726136785	5	0.044133956482288454	0.0721690905136926	0.00018376572402754588	unsupported	True	0.0010288491488506	0.0010288491488506
CBFA2T3	chr16:89049699-89050200	19	-0.02538722740211158	0.013724324378910838	3	0.039111551781022415	0.0324119368943367	1.739806728646142e-05	unsupported	True	0.0010147193961556	0.0010147193961556
PPM1K	chr4:88341076-88341577	0	-0.02230433265421991	0.026662836767697033	0	0.048967169421916944	0.035377238931796305	4.618865210903784e-05	unsupported	True	0.0112317334268843	0.0112317334268843
PPM1K	chr4:88284521-88285022	1	-0.009484187550217547	0.03622735479784447	3	0.04571154234806202	0.03427684873459582	5.6762744734089545e-05	unsupported	True	0.0102539218786651	0.0102539218786651
PPM1K	chr4:88378746-88379247	2	-0.02233101103370675	0.014450146619238722	2	0.03678115765294547	0.02800123457965785	1.4882463556086463e-05	unsupported	True	0.009849469207282	0.009849469207282
PPM1K	chr4:88211870-88212371	3	0.008934311829502078	0.051074274407935875	3	0.0421399625784338	0.0627612542641022	0.00013507903996263888	unsupported	True	0.0085967504787407	0.0085967504787407
PPM1K	chr4:88290973-88291474	4	-0.009996261980545472	0.034278373011899975	3	0.044274634992445445	0.042252847031341294	6.412555948182316e-05	unsupported	True	0.0045259698704316	-0.0045259698704316
PPM1K	chr4:88219010-88219511	5	0.0054764291167266515	0.04542437322743507	3	0.039947944110708414	0.04639066806655419	8.418098516228016e-05	unsupported	True	0.0030473917492979	0.0030473917492979
PPM1K	chr4:88159060-88159561	6	0.004961909462643535	0.07218517484756984	3	0.0672232653849263	0.07600072936112942	0.0003687952998300742	unsupported	True	0.00284095464453	0.00284095464453
PPM1K	chr4:88158406-88158907	7	-0.0011166787486999192	0.05934491924663707	3	0.060461597995336985	0.078737105476633	0.0002825157145383302	unsupported	True	0.0024804913081075	0.0024804913081075
PPM1K	chr4:88283399-88283900	8	0.00036049318515897553	0.045966997210202	3	0.04560650402504302	0.043050109283433044	9.024999266460978e-05	unsupported	True	0.001347797526448	0.001347797526448
PPM1K	chr4:88245182-88245683	9	0.03596895051596925	0.07933953410248656	2	0.04337058358651731	0.078572722803591	0.0002703688881023211	unsupported	True	0.0012798660905612	-0.0012798660905612
PPM1K	chr4:88296703-88297204	10	0.014692425482882958	0.06095098325456864	1	0.04625855777168568	0.048439644283778754	0.00013657579891761934	unsupported	True	0.0005909975012274	0.0005909975012274
PPM1K	chr4:88262855-88263356	11	-0.0036398059946729025	0.02884692691052856	3	0.03248673290520146	0.044476346475506426	4.168067050973904e-05	unsupported	True	0.0005314333560511	-0.0005314333560511
PPM1K	chr4:88283947-88284448	12	-0.00716858581633811	0.03640142336367011	3	0.04357000918000822	0.04782792284938925	7.585558066389479e-05	unsupported	True	0.0004107108075169	-0.0004107108075169
PPM1K	chr4:88361958-88362459	13	-0.024489573083039336	0.0022063772971938405	4	0.026695950380233178	0.03232929743042278	1.9042389026011484e-06	unsupported	True	0.0001423810322032	-0.0001423810322032
PPM1K	chr4:88201774-88202275	14	0.01188293707147514	0.05061780091525993	0	0.038734863843784786	0.04957773296416029	9.720575348569837e-05	unsupported	True	0.0001290349690135	-0.0001290349690135
PPM1K	chr4:88263885-88264386	15	-0.008295170254821658	0.010362911923975263	4	0.01865808217879692	0.023920821621504502	4.625140192169142e-06	unsupported	True	3.414026065181826e-05	3.414026065181826e-05
PPM1K	chr4:88230987-88231488	16	-0.00886124760525602	0.0673895166729357	3	0.07625076427819172	0.08306320389660656	0.0004268204518625334	unsupported	True	1.4805211567724407e-05	-1.4805211567724407e-05
ADGRA2	chr8:37660387-37660888	0	0.0175609256408217	0.09460283503051742	1	0.07704190938969571	0.08611093687271593	0.0006276094922430378	unsupported	True	0.0087295746508699	0.0087295746508699
ADGRA2	chr8:37803288-37803789	1	0.015119518345479636	0.08145861941779928	1	0.06633910107231963	0.08549959737979386	0.00046203055495280533	unsupported	True	0.0084842113226049	0.0084842113226049
ADGRA2	chr8:37700186-37700687	2	-0.010391355791211476	0.008497644632448157	2	0.01888900042365963	0.02084869775756991	3.3464664467975545e-06	unsupported	True	0.0042301611841068	0.0042301611841068
ADGRA2	chr8:37637868-37638369	3	0.017347449965839326	0.06263771186769472	1	0.045290261901855394	0.056254280700798055	0.00015958655244494843	unsupported	True	0.0035520936255654	0.0035520936255654
ADGRA2	chr8:37965576-37966077	4	0.0060713461070584646	0.05488599858759195	1	0.04881465248053349	0.053628717723748325	0.00014368425646595293	unsupported	True	0.0034391370972045	0.0034391370972045
ADGRA2	chr8:37783901-37784402	5	-0.0023854835845298237	0.0327705375151775	2	0.03515602109970732	0.05197549430046825	5.988001626510077e-05	unsupported	True	0.0031439116368253	0.0031439116368253
ADGRA2	chr8:37694916-37695417	6	0.007422069388501496	0.03668008704104863	5	0.029258017652547135	0.03736129010811641	4.009563717840571e-05	unsupported	True	0.002911223090264	0.002911223090264
ADGRA2	chr8:37899360-37899861	7	0.00985224399832195	0.04123952206624006	4	0.03138727806791811	0.03203967825674378	4.147204247795979e-05	unsupported	True	0.0026417929590185	0.0026417929590185
ADGRA2	chr8:37797252-37797753	8	-0.01072595155486645	0.016874136315563525	2	0.027600087870429973	0.0418848592420064	1.9506936857911696e-05	unsupported	True	0.0025725186441693	0.0025725186441693
ADGRA2	chr8:37642202-37642703	9	-0.008064664692228673	0.014003661864244187	1	0.02206832655647286	0.017115309166813385	5.289270354260303e-06	unsupported	True	0.0025216771127983	0.0025216771127983
ADGRA2	chr8:37779746-37780247	10	-0.005312050511659568	0.022298942695823165	5	0.027610993207482733	0.0320199991061319	1.971458393862464e-05	unsupported	True	0.0022154839502552	0.0022154839502552
ADGRA2	chr8:37802139-37802640	11	0.00932150433201604	0.05909075063004582	5	0.04976924629802978	0.06582698906460123	0.000193590731827735	unsupported	True	0.0021539102919363	0.0021539102919363
ADGRA2	chr8:37649812-37650313	12	0.00834238054015705	0.03523921820952085	1	0.0268968376693638	0.036160224910706355	3.4273512084708075e-05	unsupported	True	0.0020306515498868	0.0020306515498868
ADGRA2	chr8:37820295-37820796	13	0.004197466481283309	0.045225819770348605	5	0.041028353289065296	0.05713748279429327	0.00010602093689496553	unsupported	True	0.001723662077837	0.001723662077837
ADGRA2	chr8:37655198-37655699	14	0.015079905172295046	0.05692249748783818	1	0.04184259231554314	0.043410444865965306	0.0001033943401725093	unsupported	True	0.0014971856652174	0.0014971856652174
ADGRA2	chr8:37696440-37696941	15	-0.0030143738711147536	0.06778641943775432	5	0.07080079330886907	0.0986731486919121	0.0004735652268733406	unsupported	True	0.0014552058441991	0.0014552058441991
ADGRA2	chr8:37796586-37797087	16	-0.008959595355124745	0.010770972981972373	2	0.019730568337097118	0.017002737138621285	3.6133778037569663e-06	unsupported	True	0.001428475403526	0.001428475403526
ADGRA2	chr8:37747812-37748313	17	0.002753005916935435	0.03203892840342697	1	0.029285922486491534	0.02599000682304882	2.4386152424356204e-05	unsupported	True	0.000923096802724	0.000923096802724
ADGRA2	chr8:37841140-37841641	18	-0.006600664775030776	0.0395044173205457	5	0.046105082095576476	0.06749265228709243	0.00012292803946060157	unsupported	True	0.0008387843731099	0.0008387843731099
ADGRA2	chr8:37826461-37826962	19	-0.0008892576153431152	0.062905223510239	5	0.06379448112558211	0.08551121967782069	0.0003431570456660081	unsupported	True	0.000807460102472	0.000807460102472
ACP6	chr1:147598916-147599417	0	-0.004748779834478656	0.04120785323163971	4	0.045956633066118364	0.05837177794663992	0.00011054296652362761	unsupported	True	0.0100183084013359	0.0100183084013359
ACP6	chr1:147640655-147641156	1	0.01851985199409673	0.08196726964816395	4	0.06344741765406722	0.10285776577311953	0.0005349232889380539	unsupported	True	0.0069557723117258	0.0069557723117258
ACP6	chr1:147670347-147670848	2	-0.0003305054797394512	0.0747590055424838	4	0.07508951102222325	0.10560040977654322	0.0005928002735537973	unsupported	True	0.0060316869111884	0.0060316869111884
ACP6	chr1:147504914-147505415	3	0.013932620758108022	0.07615043769350219	4	0.06221781693539417	0.09089403533326282	0.00043064812179157775	unsupported	True	0.0050781700803273	0.0050781700803273
ACP6	chr1:147669826-147670327	4	0.00761138188612553	0.06580557660065552	4	0.05819419471452999	0.09051947254423107	0.0003466445498465963	unsupported	True	0.0040383724940228	0.0040383724940228
ACP6	chr1:147574402-147574903	5	-0.023041959756982453	0.0	2	0.023041959756982453	0.0254212988229955	0.0	unsupported	True	0.0036923009926964	-0.0036923009926964
ACP6	chr1:147699843-147700344	6	0.012292194074949438	0.08390866931031286	4	0.07161647523536342	0.10969671571163092	0.0006591942361177228	unsupported	True	0.0030973918973874	0.0030973918973874
ACP6	chr1:147723888-147724389	7	-0.010943375340403868	0.06823371609162604	4	0.0791770914320299	0.10015892924797168	0.0005411133405334732	unsupported	True	0.002580878148957	0.002580878148957
ACP6	chr1:147541660-147542161	8	-0.003918254655492772	0.059381635973629256	4	0.06329989062912203	0.08413110732908627	0.0003162363021740005	unsupported	True	0.0024234565673864	-0.0024234565673864
ACP6	chr1:147726168-147726669	9	0.003924002168605552	0.053722714276294166	4	0.04979871210768862	0.07496558818928441	0.00020055708596801496	unsupported	True	0.0023109391093316	0.0023109391093316
ACP6	chr1:147567512-147568013	10	0.009991851975861795	0.06658417843991833	4	0.056592326464056535	0.0855291204443181	0.0003222868599949301	unsupported	True	0.0020286510330004	0.0020286510330004
ACP6	chr1:147504403-147504904	11	-0.010790192062240397	0.05068983335098805	4	0.061480025413228445	0.0868516930190382	0.00027066567941602817	unsupported	True	0.0016994783369586	0.0016994783369586
ACP6	chr1:147631759-147632260	12	0.020003987855586606	0.08774628327356741	4	0.06774229541798081	0.10073357092482366	0.0005987739086823801	unsupported	True	0.0016537135485957	0.0016537135485957
ACP6	chr1:147579483-147579984	13	-0.016027006146907892	0.007561066605421784	3	0.023588072752329676	0.027255383250521396	4.861024563044221e-06	unsupported	True	0.001442301398203	-0.001442301398203
ACP6	chr1:147599837-147600338	14	-0.0077206844357673695	0.05277734816182615	4	0.060498032597593523	0.08491437787394815	0.00027112530191895337	unsupported	True	0.0010176807949018	0.0010176807949018
ACP6	chr1:147586997-147587498	15	0.005685823570509626	0.07057072123407504	4	0.06488489766356541	0.08961198096531253	0.0004103309331973641	unsupported	True	0.0007957962131688	0.0007957962131688
ACP6	chr1:147666005-147666506	16	-0.013466839491195603	0.015840100349150517	3	0.02930693984034612	0.032726490091868045	1.5192450542922199e-05	unsupported	True	0.0007131487493458	-0.0007131487493458
ACP6	chr1:147783035-147783536	17	-0.007846158548251662	0.05276755269208407	4	0.06061371124033574	0.062219063157660834	0.00019900376626069788	unsupported	True	0.0005996489490499	-0.0005996489490499
ACP6	chr1:147754590-147755091	18	-0.008003304183863367	0.047431547059875914	3	0.05543485124373928	0.05726745849818981	0.00015057680794377637	unsupported	True	0.0005659533845091	-0.0005659533845091
ACP6	chr1:147496796-147497297	19	-0.009006325043447123	0.034671761775538205	3	0.04367808681898533	0.04006009130228869	6.06668508810663e-05	unsupported	True	0.0005467722938533	0.0005467722938533
RTTN	chr18:70289340-70289841	0	0.012382757833318271	0.03441856058253829	5	0.02203580274922002	0.022549910861560364	1.7102768192332835e-05	unsupported	True	0.0123159835118094	0.0123159835118094
RTTN	chr18:69948842-69949343	1	0.0018104644290492498	0.0465864273981699	5	0.04477596296912065	0.050214136390240145	0.00010474428566539998	unsupported	True	0.0101371506056148	0.0101371506056148
RTTN	chr18:70261008-70261509	2	0.009437595355493851	0.026419207692307118	2	0.016981612336813265	0.028944321030744815	1.2985601700867403e-05	unsupported	True	0.0078309272256794	-0.0078309272256794
RTTN	chr18:70276877-70277378	3	0.007612926259286	0.025328843826219936	2	0.017715917566933935	0.03046722691675908	1.3671367073900434e-05	unsupported	True	0.0065406595198373	0.0065406595198373
RTTN	chr18:69985906-69986407	4	0.017811379471953784	0.06204453129040939	2	0.04423315181845561	0.06778747027547428	0.00018603763977520241	unsupported	True	0.0033852980185777	0.0033852980185777
RTTN	chr18:69934562-69935063	5	0.028392448545133186	0.08469399481212693	1	0.05630154626699374	0.06157254962668729	0.000293602722196195	unsupported	True	0.0033151032141836	-0.0033151032141836
RTTN	chr18:70196850-70197351	6	0.044999139685765716	0.11586700867841082	1	0.0708678689926451	0.08570780244166677	0.0007037680206628395	unsupported	True	0.0026126969445105	-0.0026126969445105
RTTN	chr18:70205763-70206264	7	0.016895652934908478	0.04605404374018204	2	0.02915839080527356	0.03617039586178496	4.857184309403104e-05	unsupported	True	0.0025237603730593	-0.0025237603730593
RTTN	chr18:70288557-70289058	8	0.017081391902830163	0.06424150010497422	2	0.04716010820214406	0.08397786667632248	0.00025442237614922686	unsupported	True	0.0022128691362819	0.0022128691362819
RTTN	chr18:70171184-70171685	9	0.014626365320096058	0.24130006049460734	5	0.22667369517451127	0.2395985129162766	0.013105170437320712	regional_candidate	True	0.0016305891145718	0.0016305891145718
RTTN	chr18:70137056-70137557	10	0.010805337189292222	0.2717430681939296	5	0.2609377310046374	0.2800851948822088	0.019860286496993586	regional_candidate	True	0.0015400473703762	0.0015400473703762
RTTN	chr18:70319200-70319701	11	0.00922014781864013	0.05542761372658508	1	0.046207465907944945	0.05093775761241447	0.00013046023484397632	unsupported	True	0.001088870554997	0.001088870554997
RTTN	chr18:70242920-70243421	12	0.008546315068374109	0.10584075421815317	2	0.09729443914977906	0.12747872534572013	0.0013127398142924796	unsupported	True	0.0004915617530725	0.0004915617530725
RTTN	chr18:69918522-69919023	13	0.05221258398343228	0.14023523150609404	1	0.08802264752266176	0.13748248066197716	0.0016970667420116283	unsupported	True	0.0003657971703725	-0.0003657971703725
RTTN	chr18:69932311-69932812	14	0.04871431380226138	0.1653983222142468	1	0.11668400841198542	0.17070189631021226	0.003294433802486283	unsupported	True	0.0002501104975608	-0.0002501104975608
RTTN	chr18:70031186-70031687	15	0.0029199558175235607	0.06139354702393095	1	0.05847359120640739	0.05995677023093287	0.00021523887968470827	unsupported	True	0.0002427525530922	0.0002427525530922
RTTN	chr18:69996347-69996848	16	0.025898931354314262	0.10068452707509913	2	0.07478559572078487	0.11904213268220161	0.0008963577767863161	unsupported	True	0.0002401172060898	0.0002401172060898
RTTN	chr18:70225503-70226004	17	0.00476149312799778	0.04638182693074606	1	0.04162033380274828	0.05033183199310191	9.716193344046257e-05	unsupported	True	0.0002162598596754	0.0002162598596754
RTTN	chr18:70221295-70221796	18	0.022920234133156178	0.16698148018627307	3	0.14406124605311688	0.16748490234685454	0.004028943134821586	unsupported	True	0.0001725182069635	0.0001725182069635
RTTN	chr18:69969417-69969918	19	0.021088048146533745	0.12676603081055252	5	0.10567798266401877	0.12249935374709126	0.0016410476973335328	unsupported	True	0.0001712335733724	-0.0001712335733724
VPS54	chr2:63888766-63889267	0	0.004106164965784573	0.044230792374061745	3	0.04012462740827717	0.04455831305258704	7.907960159113474e-05	unsupported	True	0.0087644467573693	0.0087644467573693
VPS54	chr2:64144281-64144782	1	0.0039057921756220195	0.03229645584565223	0	0.028390663670030212	0.02804236832288558	2.5712547108213934e-05	unsupported	True	0.0078762909826336	-0.0078762909826336
VPS54	chr2:63872467-63872968	2	-0.004255384048716323	0.006538030834202161	5	0.010793414882918483	0.031082903665859127	2.1934483779426254e-06	unsupported	True	0.0070616854351688	0.0070616854351688
VPS54	chr2:63795793-63796294	3	-0.0013969488571648704	0.019330043559159498	5	0.020726992416324367	0.033648567161991036	1.3481421797777516e-05	unsupported	True	0.0063479267033505	0.0063479267033505
VPS54	chr2:63861171-63861672	4	0.0011171660452380869	0.03470830762567876	0	0.03359114158044067	0.03514631411124168	4.097679504580895e-05	unsupported	True	0.0048777349342188	0.0048777349342188
VPS54	chr2:64049644-64050145	5	0.0076403375225490636	0.046312443851883614	3	0.03867210632933455	0.0374247490840422	6.702771636603242e-05	unsupported	True	0.0044072095870674	0.0044072095870674
VPS54	chr2:64122266-64122767	6	-0.0029588022324781357	0.012134997974837412	4	0.015093800207315548	0.022579779081161343	4.135785380925151e-06	unsupported	True	0.0037201943591541	0.0037201943591541
VPS54	chr2:63782745-63783246	7	0.008152223373076849	0.05682284637215496	0	0.048670622999078116	0.06229348538829645	0.00017227907084605887	unsupported	True	0.00177047898806	0.00177047898806
VPS54	chr2:64019189-64019690	8	0.01372615327665779	0.04251338606446591	5	0.02878723278780812	0.040916544738290254	5.0075416274403854e-05	unsupported	True	0.0017295094078981	0.0017295094078981
VPS54	chr2:63849227-63849728	9	0.00024594481312739447	0.022220463141180934	4	0.02197451832805354	0.02222109846984961	1.0850206279807722e-05	unsupported	True	0.0015642989979842	0.0015642989979842
VPS54	chr2:64083025-64083526	10	0.0051412107563071	0.10710208752543675	3	0.10196087676912965	0.11906395792267743	0.0013002049417619442	unsupported	True	0.0013767133746938	0.0013767133746938
VPS54	chr2:63891598-63892099	11	0.0036437864539342613	0.031154667277303778	4	0.027510880823369516	0.040568815306662225	3.477122078369987e-05	unsupported	True	0.001355160597877	-0.001355160597877
VPS54	chr2:64029211-64029712	12	0.00997037421469985	0.08833324160790296	0	0.07836286739320311	0.09363657851144452	0.0006481567129650179	unsupported	True	0.0011558190835381	0.0011558190835381
VPS54	chr2:63921996-63922497	13	0.00398973389546864	0.06507933662544219	0	0.06108960272997355	0.08073958084472169	0.0003209939956139493	unsupported	True	0.0010499535589424	0.0010499535589424
VPS54	chr2:64108702-64109203	14	0.017368159000868015	0.04681996957291504	5	0.029451810572047023	0.03925803629020595	5.413419684263891e-05	unsupported	True	0.0009476841876036	-0.0009476841876036
VPS54	chr2:63925647-63926148	15	0.0011175648916325537	0.0576258017030344	0	0.056508236811401845	0.06638443359518897	0.0002161697852299399	unsupported	True	0.0007667535756749	-0.0007667535756749
VPS54	chr2:64064430-64064931	16	0.014454511071597054	0.030141294438047996	4	0.015686783366450942	0.03457696788469928	1.634868044195041e-05	unsupported	True	0.0006788165240457	-0.0006788165240457
VPS54	chr2:63755101-63755602	17	-0.012428560497492382	0.008271341167412101	3	0.020699901664904485	0.026482804173162518	4.53427844345371e-06	unsupported	True	0.0006330543908844	0.0006330543908844
VPS54	chr2:63755768-63756269	18	-0.0013562318333737138	0.04828060608107383	0	0.04963683791444755	0.0759423264933917	0.00018199552863921263	unsupported	True	0.0006003390363862	0.0006003390363862
VPS54	chr2:63948185-63948686	19	-0.0035142689722874655	0.014312155272190201	3	0.017826424244477668	0.00801830082885123	2.045745587644538e-06	unsupported	True	0.0005832427329117	0.0005832427329117
CDK13	chr7:40093641-40094142	0	0.014686100040120026	0.04407741498800519	5	0.02939131494788516	0.04582011132116536	5.935964199838132e-05	unsupported	True	0.0140679569927965	0.0140679569927965
CDK13	chr7:40232473-40232974	1	-0.016992007938014506	0.018229458572265406	3	0.03522146651027991	0.03811137257678868	2.4470102852039214e-05	unsupported	True	0.0089485293602248	0.0089485293602248
CDK13	chr7:40052373-40052874	2	-0.002256173081640345	0.006382819173788745	3	0.00863899225542909	0.011194348463651721	6.172689725193105e-07	unsupported	True	0.0046566791067663	0.0046566791067663
CDK13	chr7:40015811-40016312	3	-0.0008589930384021176	0.03170267200437222	1	0.032561665042774336	0.047708153132770735	4.9248734640796215e-05	unsupported	True	0.00455357163304	0.00455357163304
CDK13	chr7:39833202-39833703	4	-0.002741957968985281	0.03480630618727783	2	0.03754826415626311	0.045791324393621685	5.9845431867210905e-05	unsupported	True	0.004502848310619	0.004502848310619
CDK13	chr7:39949926-39950427	5	-0.002121875214164345	0.021667936558066814	2	0.02378981177223116	0.03311149729172769	1.7068186555590413e-05	unsupported	True	0.0041541587718605	-0.0041541587718605
CDK13	chr7:40134154-40134655	6	-0.004655019012560792	0.023169870334684636	2	0.02782488934724543	0.03461244902331149	2.2314613981394867e-05	unsupported	True	0.0030480090597089	-0.0030480090597089
CDK13	chr7:39896322-39896823	7	0.007092171031454018	0.03240313088527559	3	0.025310959853821573	0.027941738047444875	2.2916537865774586e-05	unsupported	True	0.0027772932540368	-0.0027772932540368
CDK13	chr7:39949354-39949855	8	-1.9269463692249604e-05	0.021297672493375983	2	0.021316941957068233	0.03057860963682289	1.3882726948290177e-05	unsupported	True	0.0021273500780095	-0.0021273500780095
CDK13	chr7:40117943-40118444	9	-0.009975558913792076	0.02322819082332239	4	0.033203749737114464	0.0453628179528293	3.498666464789022e-05	unsupported	True	0.0014116557464437	0.0014116557464437
CDK13	chr7:40199155-40199656	10	0.029184369511667172	0.051772358513142595	2	0.022587989001475423	0.037564565587798714	4.3929260084362276e-05	unsupported	True	0.0010845565766687	-0.0010845565766687
CDK13	chr7:39806843-39807344	11	0.025281191358870622	0.030342457021248267	2	0.005061265662377645	0.03594843852153058	5.520646130047313e-06	unsupported	True	0.0010697997296533	-0.0010697997296533
CDK13	chr7:40123167-40123668	12	-0.012115359636792698	0.024849119642200296	3	0.03696447927899299	0.045188852361876766	4.150753202561438e-05	unsupported	True	0.0010356546166895	0.0010356546166895
CDK13	chr7:40205828-40206329	13	0.020495407341932486	0.030223492499981314	0	0.009728085158048828	0.02768721388217641	8.140503501852079e-06	unsupported	True	0.0007022406884286	-0.0007022406884286
CDK13	chr7:40116424-40116925	14	-0.003223138612307714	0.06647139139193924	2	0.06969453000424695	0.08766100999460394	0.00040610649318197946	unsupported	True	0.0006015537770327	-0.0006015537770327
CDK13	chr7:40165181-40165682	15	0.010181166615273282	0.02769377945363941	4	0.017512612838366127	0.017148511850791706	8.316864266750309e-06	unsupported	True	0.0005453529256889	-0.0005453529256889
CDK13	chr7:40167594-40168095	16	0.012447223563588914	0.03848406325771931	3	0.026036839694130398	0.03489389235732977	3.496379828648345e-05	unsupported	True	0.0005430890582664	-0.0005430890582664
CDK13	chr7:39989329-39989830	17	0.011043366625272572	0.034971101079355506	4	0.023927734454082934	0.04382993940078376	3.6675982512925473e-05	unsupported	True	0.0005400308139399	0.0005400308139399
CDK13	chr7:40164455-40164956	18	-0.00834243785353331	0.01821068235125499	5	0.026553120204788297	0.022535910106068764	1.0897249190891687e-05	unsupported	True	0.0004816572253663	-0.0004816572253663
CDK13	chr7:39908905-39909406	19	0.009598307089054127	0.03993337545358257	3	0.030335068364528442	0.02930037369276761	3.5493935744807256e-05	unsupported	True	0.000397075501354	-0.000397075501354
PITRM1	chr10:3010792-3011293	0	0.0017524660336542403	0.02062742598843538	4	0.01887495995478114	0.024508292064875148	9.542103515589034e-06	unsupported	True	0.0114346611424911	0.0114346611424911
PITRM1	chr10:3067219-3067720	1	0.001416626682246956	0.020005099736878015	0	0.018588473054631058	0.023885062510545084	8.88200103377473e-06	unsupported	True	0.0099006160257251	0.0099006160257251
PITRM1	chr10:3239562-3240063	2	-0.011603973011766163	0.00632909455272291	5	0.017933067564489074	0.014912230434233252	1.6925393507834893e-06	unsupported	True	0.0042961846583725	0.0042961846583725
PITRM1	chr10:3248482-3248983	3	0.011767374302981708	0.019609852430976227	2	0.00784247812799452	0.005210588979945951	8.013356391910479e-07	unsupported	True	0.0033290596770352	0.0033290596770352
PITRM1	chr10:2994879-2995380	4	0.007518573390312771	0.0345511067129277	3	0.027032533322614932	0.017591793980867673	1.6430804952257346e-05	unsupported	True	0.0032364654591601	0.0032364654591601
PITRM1	chr10:3068873-3069374	5	-0.010628995308995881	0.026536203146618635	0	0.037165198455614515	0.054494366583860754	5.3743611657032434e-05	unsupported	True	0.0028050781891002	0.0028050781891002
PITRM1	chr10:3045750-3046251	6	-0.008222729652181645	0.02629714250762499	4	0.03451987215980663	0.04071678755040222	3.696164100126665e-05	unsupported	True	0.0024788406410816	-0.0024788406410816
PITRM1	chr10:3015965-3016466	7	0.0035323314911609245	0.04726877144263596	4	0.04373643995147503	0.047327116587799596	9.784255613285693e-05	unsupported	True	0.0023991162547008	0.0023991162547008
PITRM1	chr10:3126981-3127482	8	0.0044878553191837625	0.025172472601268096	0	0.020684617282084334	0.014921339149578444	7.769287062439486e-06	unsupported	True	0.0021697464757603	0.0021697464757603
PITRM1	chr10:3203205-3203706	9	-0.00613449080127563	0.05236356966939042	0	0.058498060470666045	0.06477229449184903	0.0001984083721650721	unsupported	True	0.0020685311937967	0.0020685311937967
PITRM1	chr10:3068354-3068855	10	-0.01650337271084586	0.025154384501433074	0	0.041657757212278934	0.04800582514834851	5.030411566321816e-05	unsupported	True	0.00168479650618	0.00168479650618
PITRM1	chr10:3292559-3293060	11	-0.009828576291821314	0.019727578448894407	4	0.02955615474071572	0.032441110050154515	1.8915482198868773e-05	unsupported	True	0.0015675618775453	0.0015675618775453
PITRM1	chr10:3309946-3310447	12	-0.0029622568849540154	0.040230755583668655	2	0.04319301246862267	0.05167169880363481	8.978926653826787e-05	unsupported	True	0.0015574970294725	0.0015574970294725
PITRM1	chr10:3186000-3186501	13	-0.007670386707063045	0.025063326644087794	5	0.03273371335115084	0.024792862023474783	2.034045449148264e-05	unsupported	True	0.0014767742509007	0.0014767742509007
PITRM1	chr10:3257134-3257635	14	-0.008179274110094581	0.013578623595870476	5	0.021757897705965056	0.020072860833447916	5.9303722361810225e-06	unsupported	True	0.0013326479345937	0.0013326479345937
PITRM1	chr10:3282495-3282996	15	0.01446718078779378	0.039415520522192084	3	0.024948339734398306	0.02572483859834632	2.5296566257965715e-05	unsupported	True	0.0011481014427324	0.0011481014427324
PITRM1	chr10:3287550-3288051	16	0.004503046083806866	0.039271625738660144	3	0.03476857965485328	0.05819895506391295	7.946593851918625e-05	unsupported	True	0.0011147499557773	0.0011147499557773
PITRM1	chr10:3281990-3282491	17	-0.01215755468816702	0.019345491260260562	5	0.03150304594842758	0.03197215689076081	1.9485172044742064e-05	unsupported	True	0.0011091424007066	0.0011091424007066
PITRM1	chr10:3229722-3230223	18	0.004872472743042141	0.04123972822661056	3	0.03636725548356842	0.0533925466849063	8.007684581386583e-05	unsupported	True	0.001072941475394	0.001072941475394
PITRM1	chr10:3192810-3193311	19	-0.011956368109428633	0.0012646680833139387	5	0.013221036192742572	0.020653573852118755	3.4533235025445657e-07	unsupported	True	0.0010486123201474	0.0010486123201474
GPR27	chr3:71753394-71753895	0	0.00449630826012724	0.0475362959312305	4	0.04303998767110326	0.045728332457937476	9.355841182073383e-05	unsupported	True	0.0116833624487997	0.0116833624487997
GPR27	chr3:71754089-71754590	1	0.003894038930484903	0.046022438599802	4	0.0421283996693171	0.05321475657732492	0.00010317552056798034	unsupported	True	0.0075030352125882	0.0075030352125882
GPR27	chr3:71635523-71636024	2	-0.01583345546562767	0.01128809893313909	3	0.027121554398766762	0.04564009241755711	1.397275031616396e-05	unsupported	True	0.0060666429319968	0.0060666429319968
GPR27	chr3:71728916-71729417	3	0.019501863837268485	0.06542200824616246	4	0.04592014440889397	0.06480269612645331	0.00019467948635961533	unsupported	True	0.003927336370369	0.003927336370369
GPR27	chr3:71729825-71730326	4	-0.0035974218843226125	0.05083044804218097	3	0.05442786992650358	0.06750169343377452	0.00018674971351038722	unsupported	True	0.003792818887928	0.003792818887928
GPR27	chr3:71677455-71677956	5	0.0009012014371794859	0.12246778553743638	4	0.12156658410025689	0.14963143563546624	0.0022277113698137754	unsupported	True	0.0037603993196619	0.0037603993196619
GPR27	chr3:71725194-71725695	6	-0.02758776211825455	0.024243103923114632	2	0.05183086604136918	0.06569106731552422	8.254352413666683e-05	unsupported	True	0.003238043433473	-0.003238043433473
GPR27	chr3:71785126-71785627	7	-0.033917191524091624	0.04319006691006889	3	0.07710725843416051	0.09036450497555357	0.00030093798772082606	unsupported	True	0.0023928121438788	-0.0023928121438788
GPR27	chr3:71658074-71658575	8	-0.04674184418363073	0.018009993577799494	3	0.06475183776143023	0.042951252945920664	5.008889998765553e-05	unsupported	True	0.0022754990693916	-0.0022754990693916
GPR27	chr3:71734893-71735394	9	0.0015079143566654105	0.049334923932822794	3	0.04782700957615738	0.06939412761689033	0.00016373835029468437	unsupported	True	0.0017829257556445	0.0017829257556445
GPR27	chr3:71858328-71858829	10	0.0015155557420140702	0.04947204414962331	0	0.04795648840760924	0.053507411012791585	0.00012694662754797042	unsupported	True	0.0016005775084897	0.0016005775084897
GPR27	chr3:71652730-71653231	11	-0.016594101394681832	0.013686935504322754	3	0.030281036899004587	0.04756744188568765	1.9714545054124154e-05	unsupported	True	0.0015089918786912	0.0015089918786912
GPR27	chr3:71875331-71875832	12	-0.014163005345045396	0.027372206593599326	3	0.04153521193864472	0.060194100374199117	6.84352988600882e-05	unsupported	True	0.0014864209671729	0.0014864209671729
GPR27	chr3:71796254-71796755	13	0.003020198019461912	0.0668060891014921	4	0.0637858910820302	0.08500179687557637	0.00036221696045935436	unsupported	True	0.0013128298172855	0.0013128298172855
GPR27	chr3:71690668-71691169	14	-0.01935071592233501	0.035390201050698504	0	0.054740916973033515	0.05700628576016302	0.00011043782462362766	unsupported	True	0.0010658301047356	-0.0010658301047356
GPR27	chr3:71851729-71852230	15	-0.010874502319506174	0.02932407048304984	3	0.04019857280255602	0.055773128188588525	6.574457053641982e-05	unsupported	True	0.0008891148629669	0.0008891148629669
GPR27	chr3:71893129-71893630	16	-0.001410751521573623	0.021912631824822976	4	0.0233233833463966	0.038325732112613455	1.9587389159959795e-05	unsupported	True	0.0008549768353404	0.0008549768353404
GPR27	chr3:71684779-71685280	17	-0.03135004863857931	0.014503815551776853	3	0.04585386419035617	0.037389156063752635	2.486588214714707e-05	unsupported	True	0.0007193603150792	-0.0007193603150792
GPR27	chr3:71692124-71692625	18	-0.017864660913658088	0.0232994524179053	3	0.04116411333156339	0.06259308713460683	6.0033111235181215e-05	unsupported	True	0.0007049881378712	0.0007049881378712
GPR27	chr3:71681072-71681573	19	-0.004607044013145445	0.05989504053531626	3	0.06450208454846171	0.07114453584857251	0.00027485659606234783	unsupported	True	0.0006598222111695	0.0006598222111695
SREK1	chr5:66144660-66145161	0	0.009374138262246428	0.03440713104796886	1	0.02503299278572243	0.02712655459182002	2.3364466682909858e-05	unsupported	True	0.0110832639828496	-0.0110832639828496
SREK1	chr5:66207891-66208392	1	0.009434431623848962	0.042118966873151094	1	0.032684535249302135	0.030220945597840082	4.160332801825557e-05	unsupported	True	0.0071592516665391	0.0071592516665391
SREK1	chr5:66144018-66144519	2	0.005558800548915691	0.03797207464342606	3	0.032413274094510364	0.03186301814551597	3.921697926175453e-05	unsupported	True	0.0067082613344717	-0.0067082613344717
SREK1	chr5:66322936-66323437	3	0.007832509066756765	0.028738716422735195	1	0.02090620735597843	0.022636930733672646	1.3600665595198025e-05	unsupported	True	0.0061223729983401	0.0061223729983401
SREK1	chr5:66209973-66210474	4	0.018359977799293138	0.06422892552378998	3	0.04586894772449684	0.05066692387985372	0.00014927049462657298	unsupported	True	0.0056097295070605	0.0056097295070605
SREK1	chr5:66232646-66233147	5	0.009475408655204146	0.05560601287355635	3	0.0461306042183522	0.06352315858816397	0.00016294572972098132	unsupported	True	0.004614907550902	0.004614907550902
SREK1	chr5:66307610-66308111	6	0.0002910274256477831	0.06491017048898141	3	0.06461914306333363	0.07236425873027451	0.00030352751194307956	unsupported	True	0.0030423289124364	0.0030423289124364
SREK1	chr5:66326944-66327445	7	0.010518399696835138	0.09764736532629764	3	0.0871289656294625	0.10760979976334524	0.0009155349151990544	unsupported	True	0.0020422062761615	-0.0020422062761615
SREK1	chr5:66174314-66174815	8	0.0009827407754387876	0.017089381719994533	3	0.016106640944555745	0.015593644004448497	4.292190047233053e-06	unsupported	True	0.001968152660775	0.001968152660775
SREK1	chr5:66242432-66242933	9	-0.004192141222911213	0.024724258744049883	3	0.028916399966961097	0.04200852504820751	3.003343016723681e-05	unsupported	True	0.0017100970749107	0.0017100970749107
SREK1	chr5:66276936-66277437	10	-0.0025324780094174745	0.05774097653297954	3	0.06027345454239701	0.05400840720602027	0.00018796265787486698	unsupported	True	0.0012230628007909	-0.0012230628007909
SREK1	chr5:66156220-66156721	11	-0.009063370260142154	0.06697438209175706	3	0.07603775235189922	0.07922012945254718	0.0004034349640468607	unsupported	True	0.0011361036606453	0.0011361036606453
SREK1	chr5:66129122-66129623	12	0.0067307936567416946	0.05372398972909189	1	0.046993196072350196	0.04662061016165421	0.00011770128210536598	unsupported	True	0.0011137663654437	-0.0011137663654437
SREK1	chr5:66306320-66306821	13	0.009648587987369332	0.03613666433172331	1	0.026488076344353975	0.023589207692645556	2.257937078162949e-05	unsupported	True	0.0010697281063166	-0.0010697281063166
SREK1	chr5:66027594-66028095	14	-0.005071442652602514	0.03234612162151806	5	0.037417564274120574	0.04242925613855607	5.135268388247183e-05	unsupported	True	0.000542783560657	-0.000542783560657
SREK1	chr5:66273292-66273793	15	0.0008097453905183757	0.03455877482060674	2	0.03374902943008837	0.024839301794146507	2.897070135983537e-05	unsupported	True	0.0005193126491921	0.0005193126491921
SREK1	chr5:66247188-66247689	16	0.017933973527872096	0.07086752481330921	3	0.052933551285437114	0.0745168691911235	0.0002795328779452315	unsupported	True	0.0004504391371993	0.0004504391371993
SREK1	chr5:66118267-66118768	17	0.004212281919238714	0.04249352008651222	1	0.03828123816727351	0.03872717586346597	6.299767368911043e-05	unsupported	True	0.000431951809895	0.000431951809895
SREK1	chr5:66298475-66298976	18	-0.003976009911700581	0.016013210052274875	5	0.019989219963975458	0.020031106286321765	6.41178842156176e-06	unsupported	True	0.0003454654275674	0.0003454654275674
SREK1	chr5:66154402-66154903	19	-0.009900151972512596	0.06155345019214168	3	0.07145360216465428	0.07266553267442144	0.0003195986897015464	unsupported	True	0.0003263610009981	0.0003263610009981
SHANK3	chr22:50720316-50720817	0	0.01619866604568927	0.06717682510265686	5	0.05097815905696759	0.0598643648283899	0.00020500856295589852	unsupported	True	0.0131478563521367	0.0131478563521367
SHANK3	chr22:50705188-50705689	1	0.02213383351344144	0.09824468331785016	0	0.07611084980440871	0.0940680119113894	0.000703392273730245	unsupported	True	0.0057692263441178	0.0057692263441178
SHANK3	chr22:50600442-50600943	2	0.022141467842604283	0.06546882180581803	0	0.04332735396321375	0.053246302455305344	0.0001510379725272294	unsupported	True	0.0052069585271082	0.0052069585271082
SHANK3	chr22:50673483-50673984	3	0.02411607499701272	0.1345007231566004	0	0.11038464815958766	0.1240978550236411	0.0018424578957866775	unsupported	True	0.0036770705528386	0.0036770705528386
SHANK3	chr22:50544133-50544634	4	0.02215556899448191	0.09256778898963783	5	0.07041221999515591	0.07508744960200925	0.0004894127522792701	unsupported	True	0.0034565308906364	0.0034565308906364
SHANK3	chr22:50675147-50675648	5	0.019905262165898743	0.05355011142702034	0	0.0336448492611216	0.02962604089950027	5.337680614473203e-05	unsupported	True	0.003039960163039	0.003039960163039
SHANK3	chr22:50539528-50540029	6	0.03391344770737253	0.2773728267060136	5	0.24345937899864106	0.28928142957495284	0.019534890327042274	regional_candidate	True	0.0024575201076045	0.0024575201076045
SHANK3	chr22:50620319-50620820	7	0.01092951816430836	0.06840270886097281	5	0.057473190696664456	0.06273772717968168	0.0002466422027334112	unsupported	True	0.0023848540476061	0.0023848540476061
SHANK3	chr22:50641764-50642265	8	-0.002255852338460823	0.0764922041487523	0	0.07874805648721311	0.09561708207157592	0.0005759602424743206	unsupported	True	0.0021777998316709	0.0021777998316709
SHANK3	chr22:50733525-50734026	9	0.015803073782732484	0.0495762346549756	2	0.033773160872243115	0.04075082874341411	6.8230993152378e-05	unsupported	True	0.0021476640300988	0.0021476640300988
SHANK3	chr22:50613153-50613654	10	0.009294512159306245	0.039146120300983724	0	0.029851608141677477	0.04188497876275692	4.89457241253558e-05	unsupported	True	0.0021353265771363	0.0021353265771363
SHANK3	chr22:50674098-50674599	11	0.011772789455847796	0.06682263095209888	0	0.055049841496251084	0.046416404086119495	0.0001707462349066557	unsupported	True	0.001861245270624	0.001861245270624
SHANK3	chr22:50582234-50582735	12	0.0232273026762052	0.10966652931524357	5	0.08643922663903836	0.09850313356786926	0.0009337594678716379	unsupported	True	0.0016984690685155	0.0016984690685155
SHANK3	chr22:50783381-50783882	13	0.018262248324911776	0.11488056244937254	5	0.09661831412446077	0.09975277204850483	0.0011072125039215206	unsupported	True	0.0016019890443175	0.0016019890443175
SHANK3	chr22:50672418-50672919	14	0.02407871499663773	0.2571554547018726	5	0.2330767397052349	0.2628364072507044	0.015753613908314233	regional_candidate	True	0.0012739767238191	0.0012739767238191
SHANK3	chr22:50775012-50775513	15	-0.011030302388393512	0.08991324503079304	5	0.10094354741918656	0.10929618848370067	0.0009919899031932344	unsupported	True	0.0011862243121184	-0.0011862243121184
SHANK3	chr22:50731206-50731707	16	0.006020819981878967	0.07674189429417519	0	0.07072107431229623	0.07776976538192677	0.0004220774530675191	unsupported	True	0.0011199035764694	0.0011199035764694
SHANK3	chr22:50612591-50613092	17	0.022820129976770263	0.06310615054219024	1	0.040286020565419974	0.02315258341293111	5.8860712757897525e-05	unsupported	True	0.0011095856860004	0.0011095856860004
SHANK3	chr22:50525419-50525920	18	0.027223617430151	0.0976563421020403	0	0.0704327246718893	0.09234892655159319	0.0006351945949220435	unsupported	True	0.0009132515783308	0.0009132515783308
SHANK3	chr22:50627987-50628488	19	0.023220486964502556	0.0851950971517372	5	0.061974610187234644	0.07488760062331005	0.0003954015090172339	unsupported	True	0.0008317687662883	-0.0008317687662883
PRKAA1	chr5:40798018-40798519	0	-0.003280646807323037	0.028906011571995797	1	0.03218665837931883	0.03066855847133766	2.853365631255704e-05	unsupported	True	0.0103466576997733	-0.0103466576997733
PRKAA1	chr5:40679556-40680057	1	0.00915253521689622	0.044265381582504176	3	0.03511284636560796	0.04605480792003588	7.158223001791618e-05	unsupported	True	0.0090847238491735	0.0090847238491735
PRKAA1	chr5:40755751-40756252	2	-0.0005310754563576378	0.027991911446566056	3	0.028522986902923694	0.027463800827705723	2.192745351141801e-05	unsupported	True	0.0085529290908185	-0.0085529290908185
PRKAA1	chr5:40887402-40887903	3	0.0016859182153823931	0.00806014490314278	5	0.006374226687760386	0.009836604137723257	5.05377087104524e-07	unsupported	True	0.0077040941290735	0.0077040941290735
PRKAA1	chr5:40681328-40681829	4	0.008604258701784754	0.03632322250943614	4	0.02771896380765139	0.03465940671271267	3.489654949681954e-05	unsupported	True	0.0051277466734275	0.0051277466734275
PRKAA1	chr5:40904622-40905123	5	0.016679801730532455	0.1308837434585515	1	0.11420394172801904	0.13516545378426476	0.0020203774309121626	unsupported	True	0.0050245200850478	0.0050245200850478
PRKAA1	chr5:40688059-40688560	6	0.004781769213275637	0.016390628386610498	2	0.011608859173334861	0.012407907904104887	2.360933247401901e-06	unsupported	True	0.0045164403326266	0.0045164403326266
PRKAA1	chr5:40835050-40835551	7	-0.005451052995663617	0.023620344994608487	1	0.029071397990272106	0.03205240536161534	2.2009631927860732e-05	unsupported	True	0.0026595660164037	-0.0026595660164037
PRKAA1	chr5:40754944-40755445	8	0.0023730841437213396	0.04198226362801489	1	0.03960917948429355	0.03805666536670859	6.328378245341063e-05	unsupported	True	0.0012230412737844	-0.0012230412737844
PRKAA1	chr5:40916252-40916753	9	0.03299762859321714	0.11916772730550287	3	0.08617009871228573	0.07299500086122254	0.0007495633876115821	unsupported	True	0.0009642485396243	0.0009642485396243
PRKAA1	chr5:40736220-40736721	10	-0.0071427028109040435	0.04009507085345143	1	0.04723777366435548	0.049977225254786414	9.465695869128442e-05	unsupported	True	0.0005763967594539	-0.0005763967594539
PRKAA1	chr5:40869340-40869841	11	0.042953363788810955	0.18564633733721225	3	0.1426929735484013	0.18555770544781816	0.004915503018014583	unsupported	True	0.0004668291652531	-0.0004668291652531
PRKAA1	chr5:40937061-40937562	12	0.014629138205147807	0.08499386173098511	1	0.07036472352583731	0.06293240599587525	0.0003763716330269223	unsupported	True	0.0004625965120729	0.0004625965120729
PRKAA1	chr5:40673811-40674312	13	-0.008682964331233804	0.03374430171884057	1	0.04242726605007437	0.050195276109072616	7.186349593538161e-05	unsupported	True	0.0001436748255356	-0.0001436748255356
PRKAA1	chr5:40871142-40871643	14	0.0059791304593302085	0.09860977335897754	1	0.09263064289964733	0.10854825547878318	0.0009915108865918892	unsupported	True	8.840194461667248e-05	8.840194461667248e-05
PRKAA1	chr5:40725834-40726335	15	-0.008672312668237226	0.03095430640326724	4	0.039626619071504464	0.05327285148765146	6.534525254204933e-05	unsupported	True	7.98564766433934e-05	-7.98564766433934e-05
PRKAA1	chr5:40754413-40754914	16	-0.013988097766440798	0.006740437064903041	3	0.020728534831343837	0.023082787210203678	3.2251128210537807e-06	unsupported	True	6.006118770409948e-05	6.006118770409948e-05
PRKAA1	chr5:40797435-40797936	17	-0.0015866570318812216	0.02737597321474102	1	0.028962630246622243	0.03614162437382824	2.865597799536897e-05	unsupported	True	5.777502038398104e-05	5.777502038398104e-05
PRKAA1	chr5:40782343-40782844	18	0.010323289189307402	0.13548004585033932	1	0.12515675666103193	0.14943003195451676	0.002533771952881388	unsupported	True	4.518710096587726e-05	-4.518710096587726e-05
HCLS1	chr3:121792739-121793240	0	-0.0097465906368256	0.016983880870591855	0	0.026730471507417454	0.016983880870591855	7.710463565325494e-06	unsupported	True	0.0298173381424112	0.0298173381424112
HCLS1	chr3:121496649-121497150	1	-0.009843635375565473	0.0	1	0.009843635375565473	0.0	0.0	unsupported	True	0.0083066164197011	0.0083066164197011
HCLS1	chr3:121659397-121659898	2	-0.008264618891527992	0.0	1	0.008264618891527992	0.0	0.0	unsupported	True	0.0050442355132756	0.0050442355132756
HCLS1	chr3:121545803-121546304	3	-0.009546887665152024	0.0	1	0.009546887665152024	0.0	0.0	unsupported	True	0.0046167426551142	-0.0046167426551142
HCLS1	chr3:121757046-121757547	4	-0.0032974903839204568	0.0	1	0.0032974903839204568	0.0	0.0	unsupported	True	0.0041440119068023	0.0041440119068023
HCLS1	chr3:121749613-121750114	5	-0.011123916130606554	0.0023384989721624825	0	0.013462415102769036	0.0023384989721624825	7.362025955667993e-08	unsupported	True	0.0037095431958796	0.0037095431958796
HCLS1	chr3:121546644-121547145	6	-0.005870050764180351	0.0	1	0.005870050764180351	0.0	0.0	unsupported	True	0.0014050490125486	-0.0014050490125486
HCLS1	chr3:121529242-121529743	7	-0.005655487652575182	0.01956489706633205	0	0.02522038471890723	0.01956489706633205	9.653989938494544e-06	unsupported	True	6.105545369955995e-05	-6.105545369955995e-05
HCLS1	chr3:121527424-121527925	8	-0.00638040363027977	0.0	1	0.00638040363027977	0.0	0.0	unsupported	True	2.6846621027426384e-05	-2.6846621027426384e-05
HCLS1	chr3:121498382-121498883	9	-0.0003271564106692039	0.00043026150769605987	0	0.0007574179183652637	0.00043026150769605987	1.402169656314435e-10	unsupported	True	1.2787286168771568e-05	-1.2787286168771568e-05
HCLS1	chr3:121568294-121568795	10	-0.005240873853584367	0.0171358732538654	0	0.022376747107449767	0.0171358732538654	6.570666672263769e-06	unsupported	True	1.0958423892099e-05	-1.0958423892099e-05
HCLS1	chr3:121640274-121640775	11	-0.006543264937432627	0.0	1	0.006543264937432627	0.0	0.0	unsupported	True	3.6226382410638912e-06	-3.6226382410638912e-06
HCLS1	chr3:121676682-121677183	12	-0.007086980529325865	0.0	1	0.007086980529325865	0.0	0.0	unsupported	True	3.1296560215124595e-06	-3.1296560215124595e-06
HCLS1	chr3:121727493-121727994	13	-0.011469830441060565	0.0	1	0.011469830441060565	0.0	0.0	unsupported	True	3.234881082551138e-08	-3.234881082551138e-08
ARMCX3	chrX:101659652-101660153	0	0.001361798568987186	0.06829090606402155	1	0.06692910749503436	0.06868743670437799	0.00031394619087218617	unsupported	True	0.017329946075703	0.017329946075703
ARMCX3	chrX:101617732-101618233	1	-0.016807172114064028	0.04834943437658416	1	0.0651566064906482	0.06303590646387265	0.00019858107498943678	unsupported	True	0.0075073146586398	-0.0075073146586398
ARMCX3	chrX:101550235-101550736	2	-0.020576620980721848	0.04945775208836719	1	0.07003437306908904	0.0695921847532151	0.00024104941919600524	unsupported	True	0.0071993200531985	0.0071993200531985
ARMCX3	chrX:101485137-101485638	3	-0.0052558867723156676	0.06972747315247878	1	0.07498335992479445	0.08506447281816577	0.000444751108059721	unsupported	True	0.005951940653704	0.005951940653704
ARMCX3	chrX:101596069-101596570	4	0.005582696971578733	0.06264411765526952	1	0.057061420683690786	0.05690331360695112	0.00020340444246006394	unsupported	True	0.0054184003668902	0.0054184003668902
ARMCX3	chrX:101617172-101617673	5	-0.01919750115682334	0.031054118656474117	2	0.050251619813297455	0.050094936010165896	7.817413773832182e-05	unsupported	True	0.0033300722841056	-0.0033300722841056
ARMCX3	chrX:101622869-101623370	6	-0.02097769707722396	0.060430637436808245	1	0.0814083345140322	0.08388956849351066	0.0004126995598263431	unsupported	True	0.0024806896074663	-0.0024806896074663
ARMCX3	chrX:101708101-101708602	7	0.02321238992044893	0.055890248186447736	2	0.03267785826599881	0.04290079553991524	7.835288076583118e-05	unsupported	True	0.0020333686901393	0.0020333686901393
ARMCX3	chrX:101485715-101486216	8	0.0002109241795059143	0.06642384095986206	1	0.06621291678035615	0.08283008900958318	0.0003642963607690419	unsupported	True	0.0019377551031706	0.0019377551031706
ARMCX3	chrX:101658532-101659033	9	-0.0006035119882155482	0.07035008120255203	1	0.07095359319076758	0.07974466976234629	0.00039805277927949437	unsupported	True	0.0016555453144601	-0.0016555453144601
ARMCX3	chrX:101709136-101709637	10	0.030268151795034955	0.10945521809941974	2	0.0791870663043848	0.10540684727254841	0.0009136072727177956	unsupported	True	0.0007787008071941	0.0007787008071941
ARMCX3	chrX:101740527-101741028	11	-0.007495557932750949	0.01648078679784925	1	0.0239763447306002	0.020018729353037522	7.91038139953987e-06	unsupported	True	0.000754924136173	-0.000754924136173
ARMCX3	chrX:101758940-101759441	12	-0.008201956832630102	0.040898900564529356	2	0.049100857397159456	0.0522842599417903	0.00010499573898015079	unsupported	True	0.0003337815567121	-0.0003337815567121
ARMCX3	chrX:101623390-101623891	13	-0.02738766594336281	0.027943592239234875	1	0.05533125818259768	0.05804278904421799	8.974309722769253e-05	unsupported	True	0.0003157933737512	-0.0003157933737512
ARMCX3	chrX:101551032-101551533	14	-0.008555981179134144	0.04881827802105875	1	0.057374259200192894	0.06612720335124454	0.00018521651289579702	unsupported	True	9.288657881786368e-05	-9.288657881786368e-05
ARMCX3	chrX:101673903-101674404	15	-0.013684819716694769	0.049686041673906514	2	0.06337086139060129	0.07047059247643168	0.0002218870379090105	unsupported	True	3.0169957524066484e-05	-3.0169957524066484e-05
IGLON5	chr19:51181855-51182356	0	-0.00015671101012280597	0.016860593812469175	3	0.01701730482259198	0.05133133868174988	1.4728083396545925e-05	unsupported	True	0.0128932438060897	0.0128932438060897
IGLON5	chr19:51367456-51367957	1	-0.01903022180581013	0.027255320506844146	2	0.046285542312654276	0.036739826128578255	4.6348293311795734e-05	unsupported	True	0.0072637515644722	0.0072637515644722
IGLON5	chr19:51339673-51340174	2	-0.012796169579983144	0.017969097322665883	5	0.030765266902649028	0.019805864836525175	1.094915891043137e-05	unsupported	True	0.0053367290889419	0.0053367290889419
IGLON5	chr19:51296311-51296812	3	0.0010279562965634448	0.01772881182340106	2	0.016700855526837616	0.0349226275099758	1.0340112436157338e-05	unsupported	True	0.0044981011151282	0.0044981011151282
IGLON5	chr19:51272069-51272570	4	0.005946449833456848	0.022834012566449197	2	0.01688756273299235	0.028294937137153742	1.0910833901738275e-05	unsupported	True	0.0043538030761487	0.0043538030761487
IGLON5	chr19:51259287-51259788	5	0.009998129694452705	0.06964278731387347	2	0.05964465761942076	0.09985021924498438	0.0004147598581733085	unsupported	True	0.0042524788460437	0.0042524788460437
IGLON5	chr19:51338718-51339219	6	-0.021421241963142833	0.014677512650992314	5	0.03609875461413515	0.01993147919922315	1.0560493494562537e-05	unsupported	True	0.0039185430872912	0.0039185430872912
IGLON5	chr19:51366212-51366713	7	-0.01995896329864053	0.024831967418202885	3	0.04479093071684341	0.02452890082068627	2.7282194687841268e-05	unsupported	True	0.0030786466026065	0.0030786466026065
IGLON5	chr19:51319621-51320122	8	0.0008527728857832842	0.02671694400662601	2	0.025864171120842726	0.05664303126205103	3.9140992319055175e-05	unsupported	True	0.0030752309801712	0.0030752309801712
IGLON5	chr19:51258360-51258861	9	0.0030097527712899387	0.061342726238663575	2	0.058332973467373636	0.08197092666262541	0.0002933168637834649	unsupported	True	0.0014230672856202	0.0014230672856202
IGLON5	chr19:51320232-51320733	10	-0.0037054595919254847	0.0251406218471761	2	0.028846081439101584	0.03163990755456481	2.2945527532173084e-05	unsupported	True	0.0011981917143961	0.0011981917143961
IGLON5	chr19:51354119-51354620	11	-0.02457680097264833	0.027548083224489036	3	0.052124884197137365	0.0577589274718001	8.293839173757503e-05	unsupported	True	0.0009099002725783	0.0009099002725783
IGLON5	chr19:51472846-51473347	12	-0.04111880461583604	0.05822442812239582	3	0.09934323273823185	0.08841991630200532	0.0005114387375308995	unsupported	True	0.0008973937226508	-0.0008973937226508
IGLON5	chr19:51311355-51311856	13	-0.01671540058492345	0.024807573633304554	3	0.041522974218228	0.037603331149695	3.8734598803561124e-05	unsupported	True	0.0008128394452448	0.0008128394452448
IGLON5	chr19:51169247-51169748	14	0.00880181596414899	0.04837737049479223	2	0.03957555453064324	0.06797405604616956	0.00013014049466743264	unsupported	True	0.0007133295180633	0.0007133295180633
IGLON5	chr19:51421899-51422400	15	-0.022302515180953445	0.037092229821866295	0	0.05939474500281974	0.03287220914624829	7.242022262581706e-05	unsupported	True	0.0005910135366005	-0.0005910135366005
IGLON5	chr19:51209274-51209775	16	0.01332738109168128	0.05424495820320946	2	0.04091757711152818	0.05493073436165544	0.00012192273422107549	unsupported	True	0.0005740601609822	0.0005740601609822
IGLON5	chr19:51460422-51460923	17	-0.008692934143299311	0.02499369958220498	5	0.03368663372550429	0.027694458753828727	2.331744933842698e-05	unsupported	True	0.0004613141411777	0.0004613141411777
IGLON5	chr19:51394142-51394643	18	-0.023879202960299942	0.02232863259871639	3	0.046207835559016336	0.0384390979721374	3.9659838518827555e-05	unsupported	True	0.0004573220813765	0.0004573220813765
IGLON5	chr19:51271020-51271521	19	-0.007522995759635777	0.05237853205336875	2	0.05990152781300453	0.0730529759780326	0.0002292076639025345	unsupported	True	0.0004306799944322	0.0004306799944322
NBN	chr8:90009900-90010401	0	0.01880065432544628	0.043817496906581335	1	0.025016842581135054	0.027948751876363725	3.063673489394211e-05	unsupported	True	0.0163107728178375	0.0163107728178375
NBN	chr8:90082658-90083159	1	0.029051862870459577	0.09125509569599051	2	0.06220323282553093	0.07743441453819422	0.0004395457653964779	unsupported	True	0.0156449164614854	0.0156449164614854
NBN	chr8:89984404-89984905	2	0.0077510977298594266	0.024935027644545527	1	0.017183929914686098	0.016850855958604485	7.220284544434754e-06	unsupported	True	0.0040847126843897	-0.0040847126843897
NBN	chr8:90000701-90001202	3	0.012776277933471069	0.038535939095621856	2	0.02575966116215079	0.03536541639638119	3.5106284571520454e-05	unsupported	True	0.0033948841875019	-0.0033948841875019
NBN	chr8:89825317-89825818	4	-0.004298872339147596	0.009671991228328753	2	0.013970863567476349	0.023410175420648424	3.163324999718895e-06	unsupported	True	0.0027970651457395	-0.0027970651457395
NBN	chr8:89826061-89826562	5	-0.004460505340031134	0.018585140051348936	3	0.02304564539138007	0.033846209150219055	1.449655297600937e-05	unsupported	True	0.0026391241236972	-0.0026391241236972
NBN	chr8:89949441-89949942	6	-0.0003535565746985597	0.015302156004612974	3	0.015655712579311535	0.015620151125054531	3.742059565104775e-06	unsupported	True	0.0023215413000188	0.0023215413000188
NBN	chr8:89902767-89903268	7	0.013412242118213666	0.03680991165932254	2	0.023397669541108876	0.032327843027619346	2.784287686477416e-05	unsupported	True	0.0018601799474373	0.0018601799474373
NBN	chr8:89836301-89836802	8	0.004245304025001043	0.036304306883538764	2	0.03205900285853772	0.04717953407576208	5.4911310371583126e-05	unsupported	True	0.0015987779172198	0.0015987779172198
NBN	chr8:89816710-89817211	9	0.018717098999560425	0.04948293003821481	2	0.030765831038654382	0.03719338421953467	5.662259313775422e-05	unsupported	True	0.0013362856534451	0.0013362856534451
NBN	chr8:89902256-89902757	10	0.003583353362149767	0.016613857516832243	1	0.013030504154682477	0.014364492754188447	3.1097250723645384e-06	unsupported	True	0.0012158778619447	0.0012158778619447
NBN	chr8:89857806-89858307	11	0.017202492164811123	0.05838667047417171	2	0.04118417830936059	0.047151556854862976	0.00011338096592314431	unsupported	True	0.0010111163404595	0.0010111163404595
NBN	chr8:89832293-89832794	12	0.004999329898891907	0.03887618777518422	2	0.03387685787629231	0.04937047303032688	6.502106543853952e-05	unsupported	True	0.0006842701305142	0.0006842701305142
NBN	chr8:90059075-90059576	13	0.022394761309892066	0.10405337002999338	2	0.0816586087201013	0.10194949568523122	0.0008662499220271518	unsupported	True	0.0005974536501639	-0.0005974536501639
NBN	chr8:89848264-89848765	14	0.02587941842575443	0.05887037441916954	2	0.032990955993415116	0.04492770496248105	8.725813623605434e-05	unsupported	True	0.0003787837666833	0.0003787837666833
NBN	chr8:89993873-89994374	15	0.008170189413614722	0.0746875239733132	1	0.06651733455969848	0.09622404724986308	0.00047804251198097674	unsupported	True	0.000321281665583	0.000321281665583
NBN	chr8:90001203-90001704	16	0.015038987765502769	0.041408083048078394	2	0.026369095282575625	0.039457459319294626	4.3083350750143205e-05	unsupported	True	0.0002720136516947	-0.0002720136516947
NBN	chr8:89962817-89963318	17	-0.006385435097518055	0.0987345005826848	3	0.10511993568020286	0.10811902690349942	0.0011221635258604193	unsupported	True	0.0002447030078953	-0.0002447030078953
NBN	chr8:89842536-89843037	18	0.015690522900135746	0.04068697966629084	2	0.024996456766155094	0.03588772659214376	3.6498906353422105e-05	unsupported	True	0.0002160771411428	0.0002160771411428
NBN	chr8:90115990-90116491	19	0.009729572039964707	0.040967227196679105	5	0.031237655156714398	0.03550433066090441	4.543560614820499e-05	unsupported	True	0.0002082958145096	-0.0002082958145096
TGFB2	chr1:218345033-218345534	0	-0.004545395109692548	0.027639501182169186	1	0.032184896291861734	0.04031256249158935	3.5861026779920154e-05	unsupported	True	0.0095465277252322	0.0095465277252322
TGFB2	chr1:218347219-218347720	1	0.013288689734884866	0.04846196449812715	3	0.03517327476324228	0.04209283524699537	7.175001550504997e-05	unsupported	True	0.0077999266798053	0.0077999266798053
TGFB2	chr1:218374490-218374991	2	-0.0032445009400435135	0.03320249761387507	5	0.036446998553918586	0.036713452373407264	4.442810087769111e-05	unsupported	True	0.0043416706431413	0.0043416706431413
TGFB2	chr1:218480129-218480630	3	0.00038791553944729767	0.03724667958626063	5	0.03685876404681333	0.028397342977978905	3.89857629761614e-05	unsupported	True	0.0041304583154768	0.0041304583154768
TGFB2	chr1:218401857-218402358	4	0.017204864231650685	0.05546689677705447	5	0.038262032545403786	0.04053028836518948	8.601646676875815e-05	unsupported	True	0.0035720926643495	0.0035720926643495
TGFB2	chr1:218585707-218586208	5	-0.0013801474161456388	0.03890228841332323	2	0.04028243582946887	0.01488289078701438	2.3322664668482764e-05	unsupported	True	0.0031764273249023	0.0031764273249023
TGFB2	chr1:218304570-218305071	6	-0.004009828766581249	0.019605390615197057	5	0.023615219381778307	0.017184152423444125	7.956015127878086e-06	unsupported	True	0.0029715722675921	0.0029715722675921
TGFB2	chr1:218360214-218360715	7	-0.007673224255039033	0.012681798791308202	0	0.020355023046347235	0.029786864025761174	7.689130640506844e-06	unsupported	True	0.0027697032694673	-0.0027697032694673
TGFB2	chr1:218565425-218565926	8	-0.0008051822903042634	0.03793579446275514	5	0.0387409767530594	0.03086618467850796	4.53630973455104e-05	unsupported	True	0.0025498419490217	0.0025498419490217
TGFB2	chr1:218284990-218285491	9	0.0040832042211139145	0.03190937702715651	1	0.027826172806042593	0.027784377154058737	2.4670188559918824e-05	unsupported	True	0.0020967529777139	-0.0020967529777139
TGFB2	chr1:218439502-218440003	10	0.005079163943453969	0.04560020525230395	5	0.04052104130884998	0.04751575686938675	8.77980855701237e-05	unsupported	True	0.0019439360127347	0.0019439360127347
TGFB2	chr1:218460364-218460865	11	0.012848220971834523	0.06129392854202752	5	0.048445707570192995	0.05413245269203144	0.0001607424065483577	unsupported	True	0.0019057662685302	0.0019057662685302
TGFB2	chr1:218346586-218347087	12	0.006978973009083238	0.047028998132431235	5	0.040050025123347995	0.041386040078460244	7.795112616110084e-05	unsupported	True	0.0017599921689715	0.0017599921689715
TGFB2	chr1:218355227-218355728	13	0.010588443231370643	0.040551448215373265	5	0.029963004984002624	0.037769776760596875	4.589191211758313e-05	unsupported	True	0.0014894408407335	0.0014894408407335
TGFB2	chr1:218571679-218572180	14	-0.00027747085420335056	0.03679670885233706	1	0.03707417970654041	0.04095183018870086	5.5866806028497334e-05	unsupported	True	0.0013154566156365	0.0013154566156365
TGFB2	chr1:218339204-218339705	15	-0.003943214126493977	0.023443561251479752	3	0.02738677537797373	0.03567627628100149	2.2905722933458003e-05	unsupported	True	0.0012797436394718	-0.0012797436394718
TGFB2	chr1:218200824-218201325	16	-0.011040968034514464	0.01780775128412739	0	0.02884871931864185	0.0422350375947348	2.1697440432582446e-05	unsupported	True	0.0011975994525218	0.0011975994525218
TGFB2	chr1:218402480-218402981	17	0.011656555717492386	0.04050962793702468	5	0.028853072219532296	0.03363504897126669	3.9313560798898165e-05	unsupported	True	0.001168771241785	0.001168771241785
TGFB2	chr1:218459842-218460343	18	0.010634631589646129	0.05259366091019557	5	0.04195902932054944	0.04138713766611321	9.133226462472505e-05	unsupported	True	0.0011372411969378	0.0011372411969378
TGFB2	chr1:218247875-218248376	19	0.004895652054756648	0.03203794042734632	3	0.02714228837258967	0.038684089496502046	3.3639027290740815e-05	unsupported	True	0.0009841475388549	0.0009841475388549
SIM1	chr6:100257870-100258371	0	-0.005828663839202433	0.02394189453680558	4	0.029770558376008012	0.0329245349802547	2.3467409058222727e-05	unsupported	True	0.0290693327860791	0.0290693327860791
SIM1	chr6:100389131-100389632	1	-0.00797989532882012	0.01419064290009271	1	0.02217053822891283	0.026044138733561727	8.193855635590538e-06	unsupported	True	0.0061504517829	0.0061504517829
SIM1	chr6:100404011-100404512	2	-0.00530112783765826	0.01651959563798108	4	0.02182072347563934	0.023765996145783348	8.566917421337745e-06	unsupported	True	0.0043668094587361	0.0043668094587361
SIM1	chr6:100281419-100281920	3	-0.015951355626945787	0.0	0	0.015951355626945787	0.019545313448995322	0.0	unsupported	True	0.0040122819787287	0.0040122819787287
SIM1	chr6:100560221-100560722	4	-0.01689750623082215	0.0	0	0.01689750623082215	0.013646540415766285	0.0	unsupported	True	0.003140359120108	0.003140359120108
SIM1	chr6:100514645-100515146	5	-0.015241898177303257	0.0	0	0.015241898177303257	0.014974788988971524	0.0	unsupported	True	0.0027722737350279	0.0027722737350279
SIM1	chr6:100461207-100461708	6	-0.019908171894738955	0.0	0	0.019908171894738955	0.020471565041538423	0.0	unsupported	True	0.0019058968045857	-0.0019058968045857
SIM1	chr6:100336749-100337250	7	-0.008936071288578061	0.0	0	0.008936071288578061	0.013559021369220383	0.0	unsupported	True	0.0009430320188002	0.0009430320188002
SIM1	chr6:100526033-100526534	8	-0.004555773999187876	0.009449242609559151	1	0.014005016608747027	0.009449242609559151	1.250482526414679e-06	unsupported	True	0.0009004046165453	0.0009004046165453
SIM1	chr6:100592833-100593334	9	0.0041609672226680956	0.026014274331839546	5	0.021853307109171452	0.026014274331839546	1.478906100914268e-05	unsupported	True	0.0007724614900321	0.0007724614900321
SIM1	chr6:100554270-100554771	10	0.009496740918561626	0.03154171512920492	1	0.022044974210643296	0.03154171512920492	2.1932099385810392e-05	unsupported	True	0.0007474261379633	-0.0007474261379633
SIM1	chr6:100446278-100446779	11	0.0015789082483111784	0.03726490585516515	4	0.03568599760685397	0.038848210583565086	5.166172337512513e-05	unsupported	True	0.000715203822532	-0.000715203822532
SIM1	chr6:100457829-100458330	12	-0.005079748610455696	0.03980632653715664	4	0.044886075147612337	0.04536536030348625	8.105654682951199e-05	unsupported	True	0.0004643894759376	0.0004643894759376
SIM1	chr6:100350094-100350595	13	-0.006408004547937657	0.015943016223053226	1	0.02235102077099088	0.01803836912804996	6.427840919744451e-06	unsupported	True	0.0004214766986791	0.0004214766986791
SIM1	chr6:100447562-100448063	14	-0.01160560069668077	0.0009721750285028732	4	0.012577775725183642	0.011710260529358606	1.4319071754285336e-07	unsupported	True	0.0002129434469838	0.0002129434469838
SIM1	chr6:100553112-100553613	15	0.0057321727855991515	0.0528004937356433	2	0.04706832095004415	0.0528004937356433	0.00013122140195974074	unsupported	True	0.0002125475639912	-0.0002125475639912
SIM1	chr6:100500799-100501300	16	-0.007518194106371784	0.0	0	0.007518194106371784	0.0064449662200275985	0.0	unsupported	True	0.0001113303311785	0.0001113303311785
SIM1	chr6:100491714-100492215	17	0.009198206389090077	0.05067223492913789	2	0.04147402854004781	0.05067223492913789	0.00010649184251898819	unsupported	True	0.0001032560781461	-0.0001032560781461
SIM1	chr6:100267759-100268260	18	0.01140751297995907	0.06356836587511844	2	0.05216085289515937	0.06356836587511844	0.0002107787277198433	unsupported	True	6.170191829694184e-05	-6.170191829694184e-05
SIM1	chr6:100464769-100465270	19	-0.004908739703979508	0.021692020399399072	4	0.02660076010337858	0.04047415675501561	2.3354569168922822e-05	unsupported	True	5.092832058443116e-05	-5.092832058443116e-05
PLAG1	chr8:56190863-56191364	0	-0.011883246950824908	-0.001350857894375289	1	0.010532389056449619	0.023953989560125427	0.0	unsupported	True	0.0119837874238628	0.0119837874238628
PLAG1	chr8:56074327-56074828	1	-0.009703099790152174	0.015963261924326552	3	0.025666361714478725	0.037380773846221474	1.5315607847801855e-05	unsupported	True	0.0099147102696966	-0.0099147102696966
PLAG1	chr8:56211279-56211780	2	-0.007549115755204154	0.03378052708687128	3	0.04132964284207543	0.05437217474690677	7.591101143304556e-05	unsupported	True	0.0082765899816323	-0.0082765899816323
PLAG1	chr8:56013943-56014444	3	-0.00360322084061936	0.024389125110092866	3	0.027992345950712226	0.0428918747826595	2.92826615428721e-05	unsupported	True	0.0041346116986085	0.0041346116986085
PLAG1	chr8:56189135-56189636	4	-0.005970229424655956	0.015353064824073717	2	0.021323294248729672	0.03389022503928815	1.1094911343179355e-05	unsupported	True	0.0038655627166873	0.0038655627166873
PLAG1	chr8:56060198-56060699	5	-0.015210925246389144	-0.014144507410819449	2	0.001066417835569695	0.007186070505571372	0.0	unsupported	True	0.0038579068525211	0.0038579068525211
PLAG1	chr8:56028767-56029268	6	-0.0070300709904575895	0.03955730091170039	3	0.04658737190215798	0.052807772016346365	9.731789520132034e-05	unsupported	True	0.0034566341760151	-0.0034566341760151
PLAG1	chr8:56241828-56242329	7	-0.01009167503195466	0.02424355089435041	2	0.03433522592630507	0.052469040277876335	4.367563823960802e-05	unsupported	True	0.0028115996463373	0.0028115996463373
PLAG1	chr8:56157114-56157615	8	-0.01386771591128786	0.022181236953027806	3	0.03604895286431567	0.04761485933554413	3.8073335071379144e-05	unsupported	True	0.0020757563877916	0.0020757563877916
PLAG1	chr8:56055317-56055818	9	-0.0008958819361850852	0.12074065896618001	3	0.1216365409023651	0.13188321279272253	0.0019368996530564045	unsupported	True	0.0019755165105079	-0.0019755165105079
PLAG1	chr8:56202176-56202677	10	-0.011697351499437467	0.06379481455611394	3	0.07549216605555141	0.08942624021830564	0.00043067755393596244	unsupported	True	0.0014628984803629	0.0014628984803629
PLAG1	chr8:56304045-56304546	11	0.020524684008625855	0.07799103681875783	2	0.057466352810131974	0.08115152096357027	0.0003637097912783643	unsupported	True	0.0010100811083953	-0.0010100811083953
PLAG1	chr8:56319740-56320241	12	-0.0224120711142717	-0.00481771875538321	2	0.01759435235888849	0.019202117952862176	0.0	unsupported	True	0.000702028959771	0.000702028959771
PLAG1	chr8:56041607-56042108	13	-0.007198887421045977	0.00221204290597724	5	0.009410930327023217	0.016858333155963728	3.5094635560306185e-07	unsupported	True	0.0006184452600663	-0.0006184452600663
PLAG1	chr8:56166023-56166524	14	-0.002835782436784705	0.06993822965579716	3	0.07277401209258186	0.08060093529645079	0.0004102334173636527	unsupported	True	0.0005126021518076	-0.0005126021518076
PLAG1	chr8:56113165-56113666	15	0.0008271125123834102	0.08206903717926382	3	0.08124192466688042	0.1025419095669759	0.0006836926997372776	unsupported	True	0.0004404699002024	-0.0004404699002024
PLAG1	chr8:56227758-56228259	16	-0.0056567305926718955	0.05514842710798428	3	0.06080515770065618	0.06773214439488409	0.0002271267963328957	unsupported	True	1.9751946182580648e-05	1.9751946182580648e-05
SLC7A8	chr14:23174182-23174683	0	-0.0006261853356615166	0.027698609489114453	3	0.02832479482477597	0.050165189373495185	3.935747208598809e-05	unsupported	True	0.0066393375215358	0.0066393375215358
SLC7A8	chr14:23237625-23238126	1	0.014172805114251773	0.12120456959477849	1	0.10703176448052672	0.11821388289620746	0.0015335578427038607	unsupported	True	0.0057196943095185	0.0057196943095185
SLC7A8	chr14:23174857-23175358	2	0.015623157444525426	0.12170433540911392	1	0.10608117796458849	0.12285929185843296	0.0015861797114359215	unsupported	True	0.0056086709181175	0.0056086709181175
SLC7A8	chr14:23009948-23010449	3	-0.006187981231462994	0.03138970664538471	1	0.037577687876847704	0.03528973586168012	4.162609964894224e-05	unsupported	True	0.0051536079214125	-0.0051536079214125
SLC7A8	chr14:23183441-23183942	4	0.013800544180387073	0.08804413963940257	1	0.07424359545901549	0.09753964377505996	0.0006375887048767426	unsupported	True	0.0040112961549625	0.0040112961549625
SLC7A8	chr14:23306495-23306996	5	-0.012830617686556075	0.011353289747093214	2	0.024183907433649288	0.014472155236037272	3.973574919757079e-06	unsupported	True	0.0038781952133399	-0.0038781952133399
SLC7A8	chr14:23120730-23121231	6	0.00791568053641777	0.06576819573927578	1	0.057852515202858015	0.05614447973185381	0.00021362163496549662	unsupported	True	0.0032022853825224	0.0032022853825224
SLC7A8	chr14:22996855-22997356	7	0.014064195653310647	0.11525065203563409	1	0.10118645638232344	0.12382208561084794	0.0014439890264031437	unsupported	True	0.0024325360463149	0.0024325360463149
SLC7A8	chr14:23285966-23286467	8	-0.0024477166971953743	0.034675715620630126	1	0.0371234323178255	0.03314184267863017	4.266288367091274e-05	unsupported	True	0.0023987750388753	-0.0023987750388753
SLC7A8	chr14:23160860-23161361	9	0.008804833707482527	0.05059321835966471	1	0.04178838465218218	0.03961097738416916	8.374587971935389e-05	unsupported	True	0.0022220187741748	0.0022220187741748
SLC7A8	chr14:23327960-23328461	10	-0.004835756848614548	0.0263687243526724	1	0.031204481201286948	0.041002766225678375	3.3737993010310494e-05	unsupported	True	0.0021841251201373	-0.0021841251201373
SLC7A8	chr14:23182539-23183040	11	0.024136332709016852	0.09976175560137991	1	0.07562542289236306	0.07908317260223773	0.0005966449692844997	unsupported	True	0.0019887034212166	0.0019887034212166
SLC7A8	chr14:23104636-23105137	12	-0.006635630245232159	0.030855408574714888	3	0.037491038819947045	0.05261387714918411	6.086380257226949e-05	unsupported	True	0.0019068864338485	0.0019068864338485
SLC7A8	chr14:23021348-23021849	13	0.02370579495937791	0.13293856993093317	1	0.10923277497155526	0.137059568169929	0.0019902761027416373	unsupported	True	0.0016281178474791	0.0016281178474791
SLC7A8	chr14:23102859-23103360	14	-0.0044072565795820395	0.04894950146799453	1	0.05335675804757657	0.06461670977178638	0.00016876506359179044	unsupported	True	0.0015958789554012	0.0015958789554012
SLC7A8	chr14:22983210-22983711	15	-0.001565152166662154	0.04212618499556751	2	0.043691337162229664	0.043494729028499435	8.005419532881155e-05	unsupported	True	0.0014164386402628	-0.0014164386402628
SLC7A8	chr14:23155223-23155724	16	0.03357035284015418	0.19877086169175986	1	0.1652005088516057	0.18638706558883655	0.006120400925446089	unsupported	True	0.0014096683231294	0.0014096683231294
SLC7A8	chr14:23187000-23187501	17	0.010616348013224747	0.07789998268073431	2	0.06728363466750956	0.09173452608412219	0.000480816792343938	unsupported	True	0.001381510352803	0.001381510352803
SLC7A8	chr14:23121317-23121818	18	0.028859151579614106	0.1172721322004621	1	0.088412980620848	0.09095695816418904	0.0009430761923402008	unsupported	True	0.0012264094882798	0.0012264094882798
SLC7A8	chr14:23008823-23009324	19	-0.008922584949296658	0.05461182137524688	1	0.06353440632454353	0.08255948440217521	0.00028645909086761484	unsupported	True	0.0011007779499143	0.0011007779499143
CMSS1	chr3:99789307-99789808	0	0.0034599776923630618	0.03812444900854154	0	0.03466447131617848	0.022108077379925452	2.9217236280613996e-05	unsupported	True	0.0115805383618052	0.0115805383618052
CMSS1	chr3:100316517-100317018	1	0.005229050554673269	0.026637830481842	5	0.021408779927168733	0.028915284608365226	1.648990827931261e-05	unsupported	True	0.0065788465512823	0.0065788465512823
CMSS1	chr3:99705097-99705598	2	-0.003452313800020111	0.04536655962453152	4	0.04881887342455163	0.05379202221040162	0.00011913557629823994	unsupported	True	0.0043654272562244	0.0043654272562244
CMSS1	chr3:100195375-100195876	3	0.00989168291040012	0.046990478855849296	0	0.037098795945449174	0.040392241558528295	7.041539831778493e-05	unsupported	True	0.0040938353927781	0.0040938353927781
CMSS1	chr3:99753280-99753781	4	0.0010387586237055792	0.04912846718458772	4	0.04808970856088214	0.05922220885542884	0.00013991683125887504	unsupported	True	0.0038988705218072	0.0038988705218072
CMSS1	chr3:100001594-100002095	5	0.001440312709592889	0.03269434545492747	5	0.03125403274533458	0.03160942597229134	3.229946427518293e-05	unsupported	True	0.0028115315434308	0.0028115315434308
CMSS1	chr3:100248889-100249390	6	0.012232773337923815	0.037212233126462504	5	0.024979459788538688	0.015408794760073435	1.4323113902076554e-05	unsupported	True	0.002668468994168	0.002668468994168
CMSS1	chr3:99747955-99748456	7	0.009520405876651605	0.0740608204775321	0	0.06454041460088049	0.08299539982717673	0.0003967110444820545	unsupported	True	0.002474165409727	0.002474165409727
CMSS1	chr3:100066074-100066575	8	0.034100787538908335	0.06408341982534506	5	0.029982632286436724	0.025646698015737546	4.9277299156737396e-05	unsupported	True	0.0022601672297565	-0.0022601672297565
CMSS1	chr3:99777471-99777972	9	-0.006258151925547134	0.03844865605015703	4	0.044706807975704164	0.03266665106778087	5.6151251496785e-05	unsupported	True	0.0021888275555515	0.0021888275555515
CMSS1	chr3:100042153-100042654	10	0.007632422415645858	0.05111901335235044	0	0.04348659093670458	0.04122343926620603	9.163936014937326e-05	unsupported	True	0.0018932176162024	0.0018932176162024
CMSS1	chr3:99937456-99937957	11	0.012482731203600803	0.04699984110751942	4	0.03451710990391861	0.041093417875727165	6.6665797616545e-05	unsupported	True	0.0018724802417779	0.0018724802417779
CMSS1	chr3:100002764-100003265	12	0.010927473015388075	0.03127640653427125	5	0.02034893351888318	0.03505013718922961	2.2307362493425944e-05	unsupported	True	0.00182925990849	0.00182925990849
CMSS1	chr3:99875965-99876466	13	-0.006113504036260584	0.020403084120711536	0	0.02651658815697212	0.02495940318915948	1.3503540775166074e-05	unsupported	True	0.0017370529682578	-0.0017370529682578
CMSS1	chr3:100129918-100130419	14	0.006746165197909909	0.04623710692359991	0	0.03949094172569	0.047829010585707196	8.733323337393008e-05	unsupported	True	0.0014203861914153	0.0014203861914153
CMSS1	chr3:99688993-99689494	15	0.012077662459124448	0.06277927230293134	0	0.050701609843806894	0.08180001733779876	0.00026037028713994317	unsupported	True	0.0012808026193416	0.0012808026193416
CMSS1	chr3:100112531-100113032	16	0.026447282985566496	0.06485106824208413	2	0.038403785256517636	0.055793906144403466	0.0001389562017032614	unsupported	True	0.0011833180911401	-0.0011833180911401
CMSS1	chr3:100107332-100107833	17	0.026199132746762402	0.05293864125007188	5	0.02673950850330948	0.051934660650882244	7.351627756086056e-05	unsupported	True	0.0011248543303738	-0.0011248543303738
CMSS1	chr3:99817589-99818090	18	0.005953654022809042	0.03628995250263909	5	0.03033629847983005	0.037251915142982615	4.101073883880579e-05	unsupported	True	0.0009248444120174	0.0009248444120174
CMSS1	chr3:99920486-99920987	19	-0.0014352465434590753	0.011493877887439899	5	0.012929124430898975	0.00944883673368655	1.4041517283377053e-06	unsupported	True	0.0009164111559234	-0.0009164111559234
DENND3	chr8:141016128-141016629	0	0.028716308991019606	0.04558455084722039	3	0.016868241856200786	0.02730493170269018	2.0995614680912088e-05	unsupported	True	0.0117613448887526	0.0117613448887526
DENND3	chr8:141073256-141073757	1	0.03602928994139825	0.062002161626459495	3	0.025972871685061245	0.04090478523429855	6.587201031192534e-05	unsupported	True	0.0085940076832223	0.0085940076832223
DENND3	chr8:141117974-141118475	2	0.036395765709374535	0.09745726926419566	3	0.06106150355482113	0.0981427553354779	0.0005840364855009139	unsupported	True	0.0074303655793169	0.0074303655793169
DENND3	chr8:141128260-141128761	3	0.005100744091700775	0.03966030442445247	3	0.03455956033275169	0.04186411291512634	5.738074007135684e-05	unsupported	True	0.0051693123266064	0.0051693123266064
DENND3	chr8:141018313-141018814	4	0.05681839946684406	0.09980016769871103	3	0.04298176823186697	0.08503371673077176	0.0003647595834626786	unsupported	True	0.0033215062932116	0.0033215062932116
DENND3	chr8:141305729-141306230	5	0.00553992238908338	0.040824788252151814	1	0.035284865863068435	0.04136077589871854	5.95800809357448e-05	unsupported	True	0.0024759950722772	0.0024759950722772
DENND3	chr8:141041649-141042150	6	0.001592642402232976	0.008833705907992312	3	0.007241063505759336	0.01890178220709516	1.2090605410365235e-06	unsupported	True	0.0020995983839098	0.0020995983839098
DENND3	chr8:140999982-141000483	7	-0.01743508692217798	-0.000573328870729692	1	0.016861758051448288	0.01541633616675224	0.0	unsupported	True	0.0019099922083259	-0.0019099922083259
DENND3	chr8:141196188-141196689	8	0.014719497113221746	0.028155202473828404	4	0.013435705360606658	0.013538102051310104	5.121260999551842e-06	unsupported	True	0.0018050503919938	0.0018050503919938
DENND3	chr8:141084222-141084723	9	7.867172245749286e-05	0.019191304740440424	3	0.01911263301798293	0.027424094959080103	1.0059058334541343e-05	unsupported	True	0.0017572194703609	0.0017572194703609
DENND3	chr8:141294876-141295377	10	-0.003585675253639012	0.004582131885185365	3	0.008167807138824376	0.011426136368298173	4.276342314838762e-07	unsupported	True	0.0017318210491944	0.0017318210491944
DENND3	chr8:141239736-141240237	11	-0.010332953450918237	0.012773189144839903	1	0.02310614259575814	0.029244152656222745	8.631093766206416e-06	unsupported	True	0.0016302279937011	-0.0016302279937011
DENND3	chr8:141000527-141001028	12	-0.0021091404778787073	0.025712244714288172	1	0.02782138519216688	0.023432410018291425	1.676238070097676e-05	unsupported	True	0.0014363832208631	-0.0014363832208631
DENND3	chr8:141164566-141165067	13	-0.012761837109353188	0.001774965598472221	1	0.014536802707825409	0.017516317535841555	4.5196171292632296e-07	unsupported	True	0.0013921837020074	-0.0013921837020074
DENND3	chr8:141158079-141158580	14	0.0015176602882747616	0.029358497499678362	4	0.0278408372114036	0.036448730011070206	2.9791921660413323e-05	unsupported	True	0.0009800463136727	0.0009800463136727
DENND3	chr8:141099048-141099549	15	0.007875867220422673	0.030786118566321654	3	0.022910251345898983	0.04551520142583505	3.210267783644234e-05	unsupported	True	0.0008011951874568	0.0008011951874568
DENND3	chr8:141328673-141329174	16	0.017825512782548448	0.04512375542657875	3	0.027298242644030305	0.03549907053407742	4.3727727559481456e-05	unsupported	True	0.000763748840618	0.000763748840618
DENND3	chr8:141308206-141308707	17	0.0002895031296602796	0.026498295294299982	1	0.026208792164639703	0.025123357381913815	1.7447878112334298e-05	unsupported	True	0.000705836270047	-0.000705836270047
DENND3	chr8:141226976-141227477	18	-0.0013375790025544248	0.03306469939273578	3	0.034402278395290205	0.04916106630084059	5.592076176194457e-05	unsupported	True	0.0006728239489981	0.0006728239489981
DENND3	chr8:141174808-141175309	19	0.0017077753745344288	0.028595840069031923	1	0.026888064694497494	0.03150312399310399	2.4222336126797453e-05	unsupported	True	0.0006571468661965	0.0006571468661965
FAM114A1	chr4:38867451-38867952	0	-0.013094963764455085	0.05198646703579526	2	0.06508143080025035	0.08134415851794555	0.000275216056192366	unsupported	True	0.0102182281720032	0.0102182281720032
FAM114A1	chr4:38857777-38858278	1	-0.015273766822684024	0.011625676753920636	2	0.026899443576604662	0.024740717576592117	7.737021999310469e-06	unsupported	True	0.0097245999789195	0.0097245999789195
FAM114A1	chr4:39037412-39037913	2	-0.01602457061467213	0.017714303150210022	2	0.03373887376488215	0.046120788588064426	2.7564579924202043e-05	unsupported	True	0.0085486610111101	0.0085486610111101
FAM114A1	chr4:39045037-39045538	3	-0.020163996301501914	0.04224476820216798	2	0.06240876450366989	0.08321698262366156	0.00021939689708076429	unsupported	True	0.0055960447394416	0.0055960447394416
FAM114A1	chr4:38804992-38805493	4	-0.02759363621662292	-0.011675795572900535	0	0.015917840643722383	0.018359579539944635	0.0	unsupported	True	0.0036383808207714	0.0036383808207714
FAM114A1	chr4:38759393-38759894	5	-0.020284123621142135	0.015275682499420797	2	0.035559806120562934	0.04511699046086694	2.4507563116121096e-05	unsupported	True	0.0030637536459437	0.0030637536459437
FAM114A1	chr4:38984345-38984846	6	0.006693316132330629	0.1477439753560876	1	0.14105065922375698	0.17512362802923573	0.003649468728167975	unsupported	True	0.0018577964209801	-0.0018577964209801
FAM114A1	chr4:38752944-38753445	7	-0.015650300764630747	0.01629906882236981	2	0.03194936958700056	0.04616194955407922	2.4038603207857693e-05	unsupported	True	0.0017973126299366	0.0017973126299366
FAM114A1	chr4:38914796-38915297	8	0.006954189871745959	0.14931362514965646	1	0.1423594352779105	0.17982910476543393	0.0038224840201500476	unsupported	True	0.0017130110487268	-0.0017130110487268
FAM114A1	chr4:38925457-38925958	9	-0.004219449488601208	0.06849001778274866	1	0.07270946727134986	0.10032376885361688	0.0004995995983161989	unsupported	True	0.0016267232135205	-0.0016267232135205
FAM114A1	chr4:38870379-38870880	10	-0.01373686516841438	0.012885245925740293	2	0.026622111094154674	0.02211300229157758	7.585477319999525e-06	unsupported	True	0.0015252370020826	0.0015252370020826
FAM114A1	chr4:38983705-38984206	11	0.008593557926662481	0.11072579469214805	1	0.10213223676548557	0.13527072469965096	0.001529732402861487	unsupported	True	0.0013095231745348	-0.0013095231745348
FAM114A1	chr4:38951912-38952413	12	-0.004376101979710893	0.101004398482697	1	0.10538050046240789	0.13153679477356067	0.0014000637086947361	unsupported	True	0.0012403746636664	-0.0012403746636664
FAM114A1	chr4:38908014-38908515	13	-0.0015297785698618134	0.06889425745164095	1	0.07042403602150277	0.08492832825116542	0.00041205625399087526	unsupported	True	0.0010467502189181	-0.0010467502189181
FAM114A1	chr4:38922787-38923288	14	-0.019738812123263356	0.042225640087379265	2	0.06196445221064262	0.0734145558708217	0.00019208835271365392	unsupported	True	0.0007639754112322	0.0007639754112322
FAM114A1	chr4:38902630-38903131	15	-0.015847184268697797	0.018123727219413768	0	0.033970911488111565	0.0549688756591052	3.384321170662265e-05	unsupported	True	0.0007385359119857	-0.0007385359119857
FAM114A1	chr4:39044450-39044951	16	-0.01983524434060168	0.030130862559687954	2	0.04996610690028963	0.06880210847029243	0.00010358308104448486	unsupported	True	0.0006941960796371	0.0006941960796371
FAM114A1	chr4:38782777-38783278	17	-0.02424731593215385	0.0466042205006842	1	0.07085153643283805	0.08655618269914038	0.00028580683839611197	unsupported	True	0.0006873284189077	0.0006873284189077
FAM114A1	chr4:38948595-38949096	18	-0.02312664083054692	0.0032460002296938236	0	0.026372641060240745	0.030112556040319233	2.5778033954209765e-06	unsupported	True	0.0006719181461335	-0.0006719181461335
FAM114A1	chr4:38765294-38765795	19	-0.011808939472505858	0.036812642124337845	2	0.0486215815968437	0.05975071555820949	0.00010694714151960711	unsupported	True	0.0006245888517027	0.0006245888517027
LBR	chr1:225378894-225379395	0	0.00045621347237925227	0.01895996535619276	5	0.01850375188381351	0.019663258549459627	6.898470723862589e-06	unsupported	True	0.0161454271160734	0.0161454271160734
LBR	chr1:225473227-225473728	1	-0.011265947523992641	0.015806391624677202	2	0.02707233914866984	0.0292934817642289	1.25351493897085e-05	unsupported	True	0.0098120750013645	0.0098120750013645
LBR	chr1:225375000-225375501	2	-0.006499019615824427	0.05780696716029842	1	0.06430598677612284	0.07484311041259005	0.00027821684392549895	unsupported	True	0.0079960725286943	0.0079960725286943
LBR	chr1:225394685-225395186	3	-0.00994759835864814	0.014148748181392015	2	0.024096346540040156	0.013754910754350968	4.689504904087684e-06	unsupported	True	0.0043357859852565	0.0043357859852565
LBR	chr1:225318901-225319402	4	-0.018006341566829724	0.004318804074886029	5	0.022325145641715755	0.03154995177405919	3.041981040703891e-06	unsupported	True	0.003218070889833	0.003218070889833
LBR	chr1:225433597-225434098	5	-0.006389859115351341	0.07837945724867779	2	0.08476931636402912	0.0971648312057714	0.000645579948819799	unsupported	True	0.0026872468426592	0.0026872468426592
LBR	chr1:225537721-225538222	6	0.02487398585484498	0.06775949424347763	2	0.04288550838863265	0.0688727301971183	0.00020013729139052661	unsupported	True	0.0018970640402795	0.0018970640402795
LBR	chr1:225518796-225519297	7	0.0046478421687696485	0.04592871642107549	1	0.04128087425230584	0.04810940443018037	9.121435156848373e-05	unsupported	True	0.0015966061966447	0.0015966061966447
LBR	chr1:225474885-225475386	8	0.0041533632557900204	0.019558710362178707	2	0.015405347106388686	0.024559687533189496	7.400048065375356e-06	unsupported	True	0.0013845089662788	0.0013845089662788
LBR	chr1:225545549-225546050	9	0.015483991377797185	0.04153723449262422	2	0.026053243114827034	0.053404352616272285	5.77931046136141e-05	unsupported	True	0.0013036604682591	-0.0013036604682591
LBR	chr1:225447534-225448035	10	-0.00016095554014097476	0.009302225859323575	4	0.00946318139946455	0.028314895748050194	2.4925220681360088e-06	unsupported	True	0.0012277918543927	-0.0012277918543927
LBR	chr1:225561445-225561946	11	-0.0011879513282469487	0.05967222144441008	2	0.06086017277265703	0.0781351721275551	0.00028376051257260695	unsupported	True	0.0007692874901502	0.0007692874901502
LBR	chr1:225526790-225527291	12	0.0108416997100757	0.03371677395233664	4	0.02287507424226094	0.04837597816447972	3.731112002653121e-05	unsupported	True	0.0006707076292095	-0.0006707076292095
LBR	chr1:225555291-225555792	13	0.010441501546318566	0.027667385481960526	2	0.01722588393564196	0.02175133327608613	1.0366580404693867e-05	unsupported	True	0.0006475819441293	-0.0006475819441293
LBR	chr1:225361138-225361639	14	-0.0044294938868518615	0.03169962737399713	1	0.036129121260848995	0.04717565368984256	5.402931762391229e-05	unsupported	True	0.000640688315949	0.000640688315949
LBR	chr1:225533863-225534364	15	0.016622763077630616	0.07674094260924452	2	0.060118179531613906	0.07898113483264775	0.0003643815005157749	unsupported	True	0.0006262670749841	-0.0006262670749841
LBR	chr1:225351630-225352131	16	-0.0033083176371992377	0.018898843310105877	4	0.022207160947305113	0.028176142013953957	1.182523532403772e-05	unsupported	True	0.0005795346212219	0.0005795346212219
LBR	chr1:225427883-225428384	17	0.0038785379782077206	0.039773312413000375	2	0.03589477443479266	0.038083125745763384	5.436952975828085e-05	unsupported	True	0.0005591745870793	-0.0005591745870793
LBR	chr1:225398498-225398999	18	-0.0009615808159171315	0.015819741032739084	0	0.016781321848656217	0.016484024589716335	4.376115645571283e-06	unsupported	True	0.0005204576248924	0.0005204576248924
LBR	chr1:225442840-225443341	19	0.012717691745912677	0.031958691005328436	4	0.01924099925941576	0.04609131364258833	2.8342339223262772e-05	unsupported	True	0.0004470772882116	-0.0004470772882116
KLHL42	chr12:27703597-27704098	0	0.024097965578489512	0.11992030580518118	2	0.09582234022669167	0.13114674651953287	0.0015070130796899664	unsupported	True	0.0260128245059228	0.0260128245059228
KLHL42	chr12:27779639-27780140	1	0.0050332548576637786	0.04856040121592607	2	0.04352714635826229	0.06535129981259075	0.00013813276081130253	unsupported	True	0.0057480848451006	0.0057480848451006
KLHL42	chr12:27780182-27780683	2	0.009110950217542407	0.056442807783020923	2	0.047331857565478516	0.05756482284389967	0.00015378689597932258	unsupported	True	0.0053768964419596	0.0053768964419596
KLHL42	chr12:27914858-27915359	3	0.00014211342512868592	0.035855771412646516	1	0.03571365798751783	0.027511048406325556	3.5229018755122595e-05	unsupported	True	0.0037567918414701	-0.0037567918414701
KLHL42	chr12:27673046-27673547	4	-0.0059544984056132694	0.02128711176394804	1	0.02724161016956131	0.033497890937433425	1.9425266175103888e-05	unsupported	True	0.0034609777138557	0.0034609777138557
KLHL42	chr12:27951880-27952381	5	-0.004488748709550627	0.024062004449534952	1	0.02855075315908558	0.04192600702339614	2.8802678368287148e-05	unsupported	True	0.0025501359833502	-0.0025501359833502
KLHL42	chr12:27940708-27941209	6	-0.006124362307313107	0.03049074802791811	1	0.03661511033523122	0.039852538072369104	4.4492254374443825e-05	unsupported	True	0.0014327357909851	-0.0014327357909851
KLHL42	chr12:27732972-27733473	7	-0.009674941237534717	0.021621685459319914	2	0.03129662669685463	0.04195355614512758	2.8389376473897164e-05	unsupported	True	0.0013524285423428	0.0013524285423428
KLHL42	chr12:27919718-27920219	8	0.020683020540082312	0.05592123175928398	4	0.03523821121920166	0.04777439329776255	9.414250798045724e-05	unsupported	True	0.001137038158963	0.001137038158963
KLHL42	chr12:27652110-27652611	9	0.00846108496911344	0.0361329308475719	2	0.027671845878458463	0.029278424355006473	2.927446865105976e-05	unsupported	True	0.0010250834620741	0.0010250834620741
KLHL42	chr12:27785765-27786266	10	-0.00666334923592962	0.0367252518476453	0	0.043388601083574924	0.05571913068272112	8.878605565367603e-05	unsupported	True	0.0008538226536831	0.0008538226536831
KLHL42	chr12:27635314-27635815	11	0.01292107757592312	0.07440452286292985	2	0.061483445287006736	0.0822606027151834	0.00037631317094059374	unsupported	True	0.0007708216896685	0.0007708216896685
KLHL42	chr12:27818267-27818768	12	0.004439229364289174	0.025030147467026243	4	0.02059091810273707	0.01157348845513555	5.964903228838131e-06	unsupported	True	0.0006731088883548	0.0006731088883548
KLHL42	chr12:27952448-27952949	13	-0.004252327990408568	0.028200085325563496	1	0.03245241331597207	0.034874500530900285	3.1915776660960806e-05	unsupported	True	0.0006711590541024	-0.0006711590541024
KLHL42	chr12:27808901-27809402	14	-0.00905623405774858	0.038149407463519504	1	0.047205641521268084	0.06793404465211825	0.00012234019637591637	unsupported	True	0.0005798631835354	0.0005798631835354
KLHL42	chr12:27929738-27930239	15	0.01557805109855272	0.11545047241801286	2	0.09987242131946014	0.13880735821681964	0.0016004930119147972	unsupported	True	0.0005242423466566	0.0005242423466566
KLHL42	chr12:27866719-27867220	16	0.018135665777740718	0.04659554553373838	4	0.028459879755997664	0.0459809908454293	6.0975558551796765e-05	unsupported	True	0.0003310997173678	0.0003310997173678
KLHL42	chr12:27644350-27644851	17	0.0196298843891319	0.03447534383120125	4	0.014845459442069352	0.022477856745686288	1.1504219199544563e-05	unsupported	True	0.0003175519249048	0.0003175519249048
KLHL42	chr12:27810703-27811204	18	-0.011578858281680753	0.04679757265701274	1	0.05837643093869349	0.07425171534425935	0.00020284642477862044	unsupported	True	0.0002534852840765	-0.0002534852840765
KLHL42	chr12:27710549-27711050	19	0.008417862365382688	0.05675471400141147	2	0.048336851636028785	0.06855902132457724	0.00018808099284559047	unsupported	True	0.0002275679543383	0.0002275679543383
ACVR1B	chr12:52023579-52024080	0	-0.010567311493162864	0.012382345283120698	0	0.022949656776283564	0.02070321819423808	5.8832454047991635e-06	unsupported	True	0.0079117654341511	0.0079117654341511
ACVR1B	chr12:51932526-51933027	1	-0.005311694199777945	0.030510574310009787	2	0.03582226850978773	0.0443425036916545	4.8464493498919805e-05	unsupported	True	0.0055857300290596	0.0055857300290596
ACVR1B	chr12:52032829-52033330	2	-0.02226057886880983	-0.0069424325171941	5	0.015318146351615729	0.004469594701146459	0.0	unsupported	True	0.005268504124934	-0.005268504124934
ACVR1B	chr12:51980249-51980750	3	-0.02610499945536194	0.022453185956296483	1	0.04855818541165842	0.04436555499481937	4.837114201785104e-05	unsupported	True	0.0043996859259487	0.0043996859259487
ACVR1B	chr12:52010154-52010655	4	-0.013511332414233973	0.01776703420996299	4	0.03127836662419696	0.009003592451472744	5.00351069941396e-06	unsupported	True	0.0041549651536277	-0.0041549651536277
ACVR1B	chr12:52061759-52062260	5	0.0005435825167669317	0.05220377334770774	5	0.05166019083094081	0.06675775498939954	0.00018003611172023987	unsupported	True	0.0041202223008428	-0.0041202223008428
ACVR1B	chr12:52022825-52023326	6	-0.007092095849014487	0.011717917565746392	0	0.01881001341476088	0.02035982752201477	4.487594822677924e-06	unsupported	True	0.0035733856673801	0.0035733856673801
ACVR1B	chr12:52051095-52051596	7	-0.018846282288909125	0.026574554325013183	5	0.04542083661392231	0.057235028799158115	6.908488274166301e-05	unsupported	True	0.0029947708071227	-0.0029947708071227
ACVR1B	chr12:51839531-51840032	8	-0.01623077297227059	0.047681440192578105	5	0.0639122131648487	0.06232149988884622	0.0001899201821539841	unsupported	True	0.002637848503313	-0.002637848503313
ACVR1B	chr12:51951270-51951771	9	-0.012445979208762309	0.01943548075769499	1	0.031881459966457304	0.02894855179619553	1.7937434621670418e-05	unsupported	True	0.0025248529788957	0.0025248529788957
ACVR1B	chr12:52006627-52007128	10	-0.020958740263377323	0.009362853779100726	5	0.03032159404247805	0.021274671524717827	6.039808004842247e-06	unsupported	True	0.0024669412456818	-0.0024669412456818
ACVR1B	chr12:51951815-51952316	11	-0.0159967903612004	0.010709559003255707	4	0.02670634936445611	0.022949226569803978	6.563782285966545e-06	unsupported	True	0.0015662952192358	-0.0015662952192358
ACVR1B	chr12:51823843-51824344	12	-0.015562797844507453	0.00751660791465603	0	0.023079405759163483	0.032364928834909136	5.6146304402567966e-06	unsupported	True	0.0015219137563675	0.0015219137563675
ACVR1B	chr12:51864103-51864604	13	-0.022594317594039848	0.005006955875783622	4	0.02760127346982347	0.027189555929772315	3.7575519945442762e-06	unsupported	True	0.0013981706589426	0.0013981706589426
ACVR1B	chr12:51848682-51849183	14	-0.017718736119933933	0.011384236901779915	5	0.02910297302171385	0.019389574083114113	6.424059440744138e-06	unsupported	True	0.0013037605384747	-0.0013037605384747
ACVR1B	chr12:51993025-51993526	15	-0.008905226541070212	0.02306041612106802	1	0.031965642662138236	0.030857782897336636	2.2746537602041414e-05	unsupported	True	0.0012383771538331	0.0012383771538331
ACVR1B	chr12:51814174-51814675	16	-0.015843886523382936	0.004677706954182935	4	0.02052159347756587	0.028477189823343324	2.7336393747365e-06	unsupported	True	0.0011703989419255	0.0011703989419255
ACVR1B	chr12:51923346-51923847	17	-0.02131551905395775	0.012295804911212205	5	0.033611323965169956	0.027296927607923155	1.1281227353413557e-05	unsupported	True	0.0011695292564931	-0.0011695292564931
ACVR1B	chr12:52003597-52004098	18	-0.00876537670542731	0.01635254837150515	5	0.02511792507693246	0.03565018727368725	1.464303224474609e-05	unsupported	True	0.0010374141273797	0.0010374141273797
ACVR1B	chr12:52036834-52037335	19	-0.018156281049455797	-0.0014165749034777645	2	0.016739706145978032	0.0076457419284507765	0.0	unsupported	True	0.0009939179623766	-0.0009939179623766
RPSA	chr3:39501975-39502476	0	-0.027286053647882152	0.024306152946196685	2	0.051592206594078836	0.049152292434844536	6.163737109249348e-05	unsupported	True	0.0125060532614884	0.0125060532614884
RPSA	chr3:39260830-39261331	1	-0.031183998470522837	0.006454554637574923	2	0.03763855310809776	0.03090585892188557	7.508272380282623e-06	unsupported	True	0.0124132662503874	0.0124132662503874
RPSA	chr3:39550281-39550782	2	-0.0025155699319173784	0.03520289738564457	4	0.03771846731756195	0.022202527693393564	2.9480501496036913e-05	unsupported	True	0.0103161391756063	0.0103161391756063
RPSA	chr3:39447809-39448310	3	-0.017534371314954073	0.01927483586100582	4	0.036809207175959896	0.04551667826812378	3.229369299355503e-05	unsupported	True	0.005339766640443	0.005339766640443
RPSA	chr3:39541964-39542465	4	-0.014534194945170066	0.043553432351964474	4	0.05808762729713454	0.05810248827375112	0.00014699438834341147	unsupported	True	0.004777134948553	0.004777134948553
RPSA	chr3:39417322-39417823	5	-0.022490937000523167	-0.00019955344544144368	0	0.022291383555081725	0.016274893310973933	0.0	unsupported	True	0.003425527196585	0.003425527196585
RPSA	chr3:39331120-39331621	6	-0.013207671674342983	0.04517457327077591	3	0.05838224494511889	0.05121807811725486	0.00013508220080160282	unsupported	True	0.0016332282931448	0.0016332282931448
RPSA	chr3:39288269-39288770	7	0.0014357654717157481	0.021091602443618095	0	0.019655836971902346	0.03718455567742662	1.5415716486142294e-05	unsupported	True	0.0015158049276597	0.0015158049276597
RPSA	chr3:39498500-39499001	8	-0.02708674755128722	0.02104581408936091	2	0.04813256164064813	0.05433027725416823	5.503597017932961e-05	unsupported	True	0.0009796051445482	0.0009796051445482
RPSA	chr3:39450265-39450766	9	-0.023842462117468172	0.00951285143419948	2	0.033355313551667654	0.017112691331802987	5.42992784647758e-06	unsupported	True	0.0008061831124157	-0.0008061831124157
RPSA	chr3:39442368-39442869	10	-0.011832802591902296	0.10582471608374927	4	0.11765751867565157	0.12658396187715346	0.0015761062143889993	unsupported	True	0.000592277145822	0.000592277145822
RPSA	chr3:39519170-39519671	11	0.00038665432528184465	0.09703709385508252	4	0.09665043952980068	0.11180860099056965	0.0010486168408049969	unsupported	True	0.0004586445194105	0.0004586445194105
RPSA	chr3:39549779-39550280	12	0.013225489120808634	0.12802691226693463	4	0.114801423146126	0.12515247050343042	0.0018394499275638525	unsupported	True	0.0004128116764514	0.0004128116764514
RPSA	chr3:39554718-39555219	13	0.0004540017380239357	0.13754169553053508	4	0.13708769379251115	0.15198400301454779	0.002865699996228779	unsupported	True	0.0003864246060624	-0.0003864246060624
RPSA	chr3:39473970-39474471	14	-0.020583862199522115	0.03954741066353741	5	0.060131272863059526	0.06327318765111703	0.00015046592703091331	unsupported	True	0.0003660611550519	0.0003660611550519
RPSA	chr3:39282034-39282535	15	-0.021395813185175513	0.002304335944492364	2	0.023700149129667877	0.039639848779556494	2.1648552445643286e-06	unsupported	True	0.0003088843541176	-0.0003088843541176
RPSA	chr3:39406386-39406887	16	-0.014588397449632744	0.055253649798766576	4	0.06984204724839932	0.08350590722977216	0.0003222516358261898	unsupported	True	0.0002422248739711	0.0002422248739711
RPSA	chr3:39513685-39514186	17	-3.930298646510481e-05	0.0673016624490461	4	0.06734096543551121	0.06841247533221961	0.00031005621064004026	unsupported	True	0.0002366525494132	-0.0002366525494132
RPSA	chr3:39573270-39573771	18	0.020310665421810904	0.12660690352646425	4	0.10629623810465336	0.11456155864017754	0.001541750847136955	unsupported	True	0.0001674947531213	0.0001674947531213
RPSA	chr3:39569033-39569534	19	0.0012706938634175038	0.14049011229216576	4	0.13921941842874827	0.1539567075016508	0.003011231810273538	unsupported	True	0.0001483219456601	-0.0001483219456601
POSTN	chr13:37666031-37666532	0	0.009600782800947935	0.04390903071898187	4	0.034308247918033934	0.029693682091922836	4.473180721737571e-05	unsupported	True	0.016714514784112	0.016714514784112
POSTN	chr13:37734685-37735186	1	0.037059022051024196	0.10300821635615297	4	0.06594919430512877	0.06435508464669801	0.00043718396771375343	unsupported	True	0.0081123753491698	0.0081123753491698
POSTN	chr13:37602711-37603212	2	0.005313055665260707	0.04430714025086374	0	0.03899408458560304	0.04930274001199218	8.518115123572176e-05	unsupported	True	0.0074005067191688	0.0074005067191688
POSTN	chr13:37640420-37640921	3	0.007070304565369872	0.05599115401980472	0	0.04892084945443485	0.04361118669063174	0.00011945691985680801	unsupported	True	0.0068040659960338	0.0068040659960338
POSTN	chr13:37598507-37599008	4	-0.034168814047625014	0.024030283040821648	5	0.05819909708844666	0.05493638307319222	7.683077180039083e-05	unsupported	True	0.0046213062573923	0.0046213062573923
POSTN	chr13:37617227-37617728	5	-0.0296144865944137	0.010050089434676003	0	0.0396645760290897	0.032260852917123	1.2860225627388615e-05	unsupported	True	0.0030911754269845	0.0030911754269845
POSTN	chr13:37646928-37647429	6	-0.01616294956863027	0.051606664455191166	5	0.06776961402382144	0.07179599606397415	0.0002510967126784564	unsupported	True	0.0025989183960105	0.0025989183960105
POSTN	chr13:37493100-37493601	7	-0.026756631675363546	0.017004267436266714	2	0.04376089911163026	0.03839131264633257	2.8567821567771357e-05	unsupported	True	0.0015009395181512	0.0015009395181512
POSTN	chr13:37736011-37736512	8	0.017465742936120292	0.07393299255370153	0	0.05646724961758124	0.06911340021695826	0.00028853412184291614	unsupported	True	0.0013999120162444	-0.0013999120162444
POSTN	chr13:37710579-37711080	9	-0.005563217717663933	0.09027703425997012	1	0.09584025197763406	0.11554987532634112	0.0009997575936389837	unsupported	True	0.0010360797875422	0.0010360797875422
POSTN	chr13:37476786-37477287	10	0.011021641659618563	0.06313276075937206	0	0.052111119099753495	0.08062714813630134	0.00026525677165565795	unsupported	True	0.0009704551968304	-0.0009704551968304
POSTN	chr13:37583809-37584310	11	-0.02042547710646167	0.004779528614584093	2	0.025205005721045764	0.022414475841597222	2.7002281084211667e-06	unsupported	True	0.0006311051837073	-0.0006311051837073
POSTN	chr13:37576552-37577053	12	0.016983464048427176	0.08168877086664733	1	0.06470530681822015	0.0869216746044292	0.0004594416331730599	unsupported	True	0.0006008715490314	-0.0006008715490314
POSTN	chr13:37526988-37527489	13	0.009308508401070307	0.056560154489225654	4	0.047251646088155345	0.06778750917241601	0.000181166212806187	unsupported	True	0.0005367051679176	-0.0005367051679176
POSTN	chr13:37430279-37430780	14	-0.03390901350465815	0.023215716478538616	2	0.057124729983196766	0.0575515670442855	7.632440105179764e-05	unsupported	True	0.0003884341893694	0.0003884341893694
POSTN	chr13:37585552-37586053	15	0.002119538259934565	0.07040872933593835	1	0.06828919107600379	0.09561820197328869	0.0004597471522634655	unsupported	True	0.0002126483443364	0.0002126483443364
POSTN	chr13:37529094-37529595	16	0.0010396889241789822	0.035059627913545104	0	0.03401993898936612	0.03842356370523135	4.5828798913546106e-05	unsupported	True	0.0001856981982259	-0.0001856981982259
POSTN	chr13:37482820-37483321	17	-0.002913895613086969	0.02201401838621851	1	0.024927913999305478	0.0439268105917312	2.41054328328501e-05	unsupported	True	0.0001017867439614	-0.0001017867439614
POSTN	chr13:37473591-37474092	18	-0.0008575238977209737	0.030344019057156103	1	0.031201542954877075	0.06494205804749774	6.148585561811348e-05	unsupported	True	6.15348594381899e-05	-6.15348594381899e-05
POSTN	chr13:37568710-37569211	19	0.0001087650774753951	0.0974980603537147	1	0.0973892952762393	0.13021080236663565	0.001236386385361673	unsupported	True	4.081075097662458e-05	-4.081075097662458e-05
MTMR12	chr5:32276441-32276942	0	0.003756338304715528	0.10832657251786351	4	0.10457023421314798	0.11344612216281101	0.0012850876154107454	unsupported	True	0.0132183205779146	0.0132183205779146
MTMR12	chr5:32312062-32312563	1	-0.004118100186628755	0.042702545445385987	4	0.04682064563201474	0.05002268953044971	0.00010001340195074017	unsupported	True	0.0073461781703181	-0.0073461781703181
MTMR12	chr5:32443642-32444143	2	-0.006827104898473945	0.030239334145937165	1	0.037066439044411106	0.04485845120272749	5.0280242601076096e-05	unsupported	True	0.005870853943948	-0.005870853943948
MTMR12	chr5:32076643-32077144	3	-0.00945105146982617	0.05820082405564811	4	0.06765187552547428	0.06373119370142943	0.0002509348773372477	unsupported	True	0.0046086061188393	0.0046086061188393
MTMR12	chr5:32255124-32255625	4	0.003225593545516744	0.046310860257126725	1	0.04308526671160998	0.06646927955112956	0.00013262720143122553	unsupported	True	0.0044292024155086	-0.0044292024155086
MTMR12	chr5:32093142-32093643	5	0.004024706761987868	0.06597512752875889	1	0.06195042076677103	0.06402302325294235	0.00026167406261313564	unsupported	True	0.0035288217186704	0.0035288217186704
MTMR12	chr5:32193464-32193965	6	0.0066436103372516575	0.06982494300536517	1	0.06318133266811352	0.08014801135549782	0.0003535836079775898	unsupported	True	0.0032788660298753	-0.0032788660298753
MTMR12	chr5:32173540-32174041	7	-0.00497524788124821	0.019571123362488296	1	0.024546371243736508	0.022133896413035953	1.063312515849503e-05	unsupported	True	0.0023923997447807	-0.0023923997447807
MTMR12	chr5:32444489-32444990	8	-0.00422180705849873	0.0340284997782559	1	0.03825030683675463	0.03893375662011725	5.067619933059612e-05	unsupported	True	0.0021971257390494	-0.0021971257390494
MTMR12	chr5:32102245-32102746	9	-0.007559017524065934	0.05256235845185546	4	0.06012137597592139	0.08110007099271824	0.00025628606296494586	unsupported	True	0.0021578940118473	0.0021578940118473
MTMR12	chr5:32100203-32100704	10	-0.0011158128070594064	0.03839798459703346	1	0.03951379740409287	0.046414751991587226	7.042279100385081e-05	unsupported	True	0.0019016180639005	-0.0019016180639005
MTMR12	chr5:32233577-32234078	11	-0.010480967028115979	0.01518952271667724	1	0.025670489744793218	0.030233102261542112	1.1788566427378376e-05	unsupported	True	0.0010518849814027	-0.0010518849814027
MTMR12	chr5:32174096-32174597	12	-0.003978897343582455	0.037212685946641996	1	0.04119158329022445	0.03681583908969228	5.6433138796530604e-05	unsupported	True	0.0010256998624978	0.0010256998624978
MTMR12	chr5:32099590-32100091	13	-0.011532811220833722	0.03513955250254352	1	0.04667236372337724	0.05077437989708217	8.327231740746979e-05	unsupported	True	0.0009012312566018	0.0009012312566018
MTMR12	chr5:32217961-32218462	14	-0.013245653447771384	0.0018738882221204377	1	0.015119541669891821	0.01492928146281732	4.229813448785691e-07	unsupported	True	0.0007639105622946	-0.0007639105622946
MTMR12	chr5:32232382-32232883	15	-0.0032645357384763303	0.042180670090778534	1	0.04544520582925486	0.057005526906577925	0.0001092744209328618	unsupported	True	0.0006928784622741	-0.0006928784622741
MTMR12	chr5:32414657-32415158	16	7.91012021573692e-05	0.024229895620578916	1	0.024150794418421547	0.03750667395962323	2.1947826455863288e-05	unsupported	True	0.0005243257162457	0.0005243257162457
MTMR12	chr5:32430274-32430775	17	0.016658554718282426	0.07902397030164743	1	0.062365415583365	0.07188835866715657	0.00035429190893547676	unsupported	True	0.0004085902757903	0.0004085902757903
MTMR12	chr5:32331506-32332007	18	-0.0037597165730495832	0.05852151152351315	1	0.06228122809656273	0.0787844293570043	0.0002871528269419039	unsupported	True	0.0003711300132769	-0.0003711300132769
MTMR12	chr5:32312853-32313354	19	-0.004407878267208752	0.02642889849836938	4	0.030836776765578132	0.03187080365831113	2.597413268242121e-05	unsupported	True	0.0003371654400985	-0.0003371654400985
DPP8	chr15:65422248-65422749	0	0.0097045705184877	0.04972968373100483	3	0.04002511321251713	0.054774125904278895	0.00010902440419299832	unsupported	True	0.0068591118460969	0.0068591118460969
DPP8	chr15:65312547-65313048	1	0.05047410081104433	0.059609181828383706	4	0.009135081017339376	0.0598374297894569	3.258355720107437e-05	unsupported	True	0.0068509676704483	0.0068509676704483
DPP8	chr15:65422789-65423290	2	0.03373310825508774	0.05311628264265233	3	0.019383174387564588	0.06591619929148833	6.786482513334959e-05	unsupported	True	0.006437782757508	0.006437782757508
DPP8	chr15:65421495-65421996	3	0.042306639902610056	0.06498174600067849	3	0.022675106098068436	0.05975196498384329	8.80426074447205e-05	unsupported	True	0.0045596042384242	0.0045596042384242
DPP8	chr15:65610986-65611487	4	0.01819196870230938	0.052145412797087135	3	0.033953444094777754	0.0679285666817725	0.00012026863849949777	unsupported	True	0.0033957535978565	0.0033957535978565
DPP8	chr15:65303504-65304005	5	0.03475180006996303	0.04909716183242307	3	0.01434536176246004	0.03743340836990691	2.636496896282319e-05	unsupported	True	0.0029805419545368	0.0029805419545368
DPP8	chr15:65377824-65378325	6	0.048808133157871955	0.06700260835147334	4	0.018194475193601387	0.06289705748369015	7.667637473573978e-05	unsupported	True	0.0025163105565034	0.0025163105565034
DPP8	chr15:65517495-65517996	7	0.003742957831953364	0.05467017354231697	3	0.050927215710363606	0.06915858365917518	0.00019255130932258554	unsupported	True	0.0024278344405598	-0.0024278344405598
DPP8	chr15:65576478-65576979	8	0.006356002214529695	0.05028118099401701	3	0.04392517877948732	0.05807222861434934	0.0001282588969656898	unsupported	True	0.0023593104660198	0.0023593104660198
DPP8	chr15:65304798-65305299	9	0.008054925226033655	0.046008483334546914	4	0.03795355810851326	0.057795561517045055	0.00010092177990752367	unsupported	True	0.0023392290412273	0.0023392290412273
DPP8	chr15:65525622-65526123	10	0.0506741730544719	0.049446307536541875	1	-0.0012278655179300269	0.04511966176821059	0.0	unsupported	True	0.0021101826304741	0.0021101826304741
DPP8	chr15:65295855-65296356	11	0.014729261035609374	0.035499557555436316	3	0.020770296519826942	0.04145358508600379	3.056523457243013e-05	unsupported	True	0.0019556694577105	0.0019556694577105
DPP8	chr15:65356065-65356566	12	0.003263283946128501	0.043463384824167485	3	0.040200100878038984	0.053941049556708955	9.424755241163702e-05	unsupported	True	0.00194162480727	0.00194162480727
DPP8	chr15:65401249-65401750	13	0.04034179190802599	0.046231842509795576	1	0.005890050601769586	0.034203240400081714	9.313812285929072e-06	unsupported	True	0.0016835584769863	0.0016835584769863
DPP8	chr15:65334498-65334999	14	0.040801807106129004	0.05063496801903005	1	0.009833160912901047	0.04986872350030471	2.4829726613569337e-05	unsupported	True	0.0015896904941492	0.0015896904941492
DPP8	chr15:65376868-65377369	15	0.03632598615988124	0.06110945823806279	3	0.024783472078181552	0.05808828893478961	8.797497800706438e-05	unsupported	True	0.0015630943032409	0.0015630943032409
DPP8	chr15:65297643-65298144	16	0.005767856016959995	0.05244561414433509	3	0.04667775812737509	0.06622783726891862	0.00016212863925242973	unsupported	True	0.0013997736792748	-0.0013997736792748
DPP8	chr15:65512636-65513137	17	0.0563748367825741	0.06681289294206742	4	0.010438056159493322	0.0712399888714688	4.96825351921221e-05	unsupported	True	0.0013663315182387	0.0013663315182387
DPP8	chr15:65530197-65530698	18	0.00921664441559151	0.052645017657945284	4	0.043428373242353775	0.06694619941120625	0.00015305825729299873	unsupported	True	0.0013289043625872	-0.0013289043625872
DPP8	chr15:65344230-65344731	19	0.0345885458854309	0.07647766776806211	3	0.04188912188263121	0.0745709612244665	0.00023889421493544427	unsupported	True	0.0013222558788259	0.0013222558788259
KIF6	chr6:39339635-39340136	0	-0.0016766271624556542	0.01818106399204236	0	0.019857691154498012	0.022753902008735987	8.214931202362717e-06	unsupported	True	0.0097046754068034	0.0097046754068034
KIF6	chr6:39357928-39358429	1	0.028255144866678124	0.07619765791355333	1	0.047942513046875204	0.08247140348694944	0.00030127687858663623	unsupported	True	0.0082637906090393	0.0082637906090393
KIF6	chr6:39559883-39560384	2	-0.002800828050791132	0.0650986282825047	1	0.06789945633329583	0.08191441457163942	0.00036207493899818345	unsupported	True	0.0051042039337447	0.0051042039337447
KIF6	chr6:39402142-39402643	3	0.012980252949916693	0.08148266509211498	1	0.06850241214219828	0.09539060096673989	0.0005324473556286946	unsupported	True	0.0049138727689354	0.0049138727689354
KIF6	chr6:39277603-39278104	4	-0.006975160446898665	0.03577790739059973	1	0.042753067837498396	0.03953091666872861	6.046709502885135e-05	unsupported	True	0.0042173075841355	0.0042173075841355
KIF6	chr6:39361966-39362467	5	0.010873753996953004	0.06650495226070471	0	0.05563119826375171	0.06650495226070471	0.00024605170941244145	unsupported	True	0.0033569013662834	0.0033569013662834
KIF6	chr6:39312956-39313457	6	0.007269018434228136	0.04206984846061516	0	0.03480083002638702	0.044544766974800906	6.521646301522048e-05	unsupported	True	0.0032618702056114	0.0032618702056114
KIF6	chr6:39753379-39753880	7	0.02761443929771762	0.08335351301244506	0	0.055739073714727444	0.08335351301244506	0.0003872643895983446	unsupported	True	0.0031852104719305	0.0031852104719305
KIF6	chr6:39792107-39792608	8	0.027531941280106623	0.07218791832444328	1	0.04465597704433666	0.07783254229182951	0.0002509026974827578	unsupported	True	0.0021292183173519	0.0021292183173519
KIF6	chr6:39377427-39377928	9	-0.0038782475422493054	0.041043633065144594	1	0.044921880607393896	0.061799030347503475	0.0001139424061826529	unsupported	True	0.0019578793182302	0.0019578793182302
KIF6	chr6:39303107-39303608	10	0.0036898421221240214	0.022183021272293723	0	0.0184931791501697	0.022183021272293723	9.10024255852873e-06	unsupported	True	0.0019016431594655	0.0019016431594655
KIF6	chr6:39347777-39348278	11	0.010439312581114779	0.07043574139090109	1	0.059996428809786305	0.07043574139090109	0.000297653902550888	unsupported	True	0.001531104883691	0.001531104883691
KIF6	chr6:39724743-39725244	12	0.006369220838488467	0.04768549905072621	0	0.04131627821223774	0.04768549905072621	9.394936679212446e-05	unsupported	True	0.0013145344112782	0.0013145344112782
KIF6	chr6:39330673-39331174	13	0.0019316467508812738	0.015660117393122647	1	0.013728470642241372	0.020517480330299296	4.411042055458151e-06	unsupported	True	0.0011830777170233	0.0011830777170233
KIF6	chr6:39835764-39836265	14	0.00649033166367784	0.04557747953292979	1	0.03908714786925195	0.056260233909394164	0.00010022725125807096	unsupported	True	0.0010389704808122	0.0010389704808122
KIF6	chr6:39313842-39314343	15	-0.00021577002361651608	0.07662299186719804	0	0.07683876189081455	0.07662299186719804	0.0004511267396635391	unsupported	True	0.0009398510925889	0.0009398510925889
KIF6	chr6:39725250-39725751	16	0.0017895366102740446	0.028855068970792336	1	0.027065532360518292	0.028855068970792336	2.2535168370048793e-05	unsupported	True	0.0008227906118184	0.0008227906118184
KIF6	chr6:39378971-39379472	17	0.0019602211548640958	0.05944832290218614	2	0.057488101747322044	0.05944832290218614	0.00020316887836162415	unsupported	True	0.000808786434535	0.000808786434535
KIF6	chr6:39366796-39367297	18	0.026457174063582736	0.07088760140132092	1	0.04443042733773818	0.08364652133922568	0.00026345027502817133	unsupported	True	0.0007042942132656	0.0007042942132656
KIF6	chr6:39821827-39822328	19	0.03338551283506331	0.09597156025644057	0	0.06258604742137727	0.10417319646749708	0.0006257142858422693	unsupported	True	0.0006409808970028	0.0006409808970028
KLC1	chr14:103837259-103837760	0	0.04960227877076078	0.13203041946102084	4	0.08242814069026005	0.11548590382757926	0.0012568356309745371	unsupported	True	0.0086235344573711	0.0086235344573711
KLC1	chr14:103835308-103835809	1	0.020117795069725754	0.05755509482831501	4	0.037437299758589254	0.047195510139159874	0.00010169251200436476	unsupported	True	0.0047577351537686	0.0047577351537686
KLC1	chr14:103430274-103430775	2	0.06325277496709139	0.09442362226487566	2	0.03117084729778427	0.046237430342877216	0.00013608897855693722	unsupported	True	0.0045271305224492	0.0045271305224492
KLC1	chr14:103705157-103705658	3	-0.042587894965931225	0.0776147108064755	2	0.12020260577240673	0.08521697039482301	0.0007950309144769347	unsupported	True	0.0040622229900024	0.0040622229900024
KLC1	chr14:103761827-103762328	4	0.016227973294579714	0.0906845939111768	2	0.07445662061659708	0.07503202964301314	0.0005066213966866996	unsupported	True	0.0036334136067045	0.0036334136067045
KLC1	chr14:103521980-103522481	5	0.011083825432218091	0.06061225787795255	1	0.049528432445734454	0.03456910480169595	0.00010377749382546706	unsupported	True	0.0032503288073663	-0.0032503288073663
KLC1	chr14:103629526-103630027	6	-0.025373887980699308	0.04628319360655431	2	0.07165708158725362	0.0551744377803573	0.00018298704806076927	unsupported	True	0.0030334439603002	0.0030334439603002
KLC1	chr14:103727552-103728053	7	0.03204099317113216	0.05404283017347056	5	0.022001837002338397	0.01925541916343706	2.2895493267410855e-05	unsupported	True	0.0025141212025806	0.0025141212025806
KLC1	chr14:103715380-103715881	8	0.00029675299038877507	0.05499003795753537	2	0.054693284967146594	0.035289354749847984	0.00010613576281433997	unsupported	True	0.0024624470535145	-0.0024624470535145
KLC1	chr14:103718525-103719026	9	-0.0334504398434969	0.008062236045569387	2	0.04151267588906629	0.03324587722455451	1.1126896149637326e-05	unsupported	True	0.0024551192894881	0.0024551192894881
KLC1	chr14:103522647-103523148	10	0.00771024418993091	0.04556039461959779	2	0.03785015042966688	0.036768320434202785	6.340578428069477e-05	unsupported	True	0.002118622811408	0.002118622811408
KLC1	chr14:103607072-103607573	11	0.00520779635361176	0.03304708138559686	5	0.0278392850319851	0.03182401994826744	2.9278324881153206e-05	unsupported	True	0.0021115906250781	0.0021115906250781
KLC1	chr14:103628905-103629406	12	-0.0014849546437221595	0.055661068504670314	2	0.057146023148392476	0.03206202776763656	0.00010198317715894136	unsupported	True	0.0020429960470983	-0.0020429960470983
KLC1	chr14:103518483-103518984	13	-0.05079009152123731	0.0376163593539098	2	0.08840645087514712	0.05771300942098032	0.00019192627642562567	unsupported	True	0.0020014710504215	-0.0020014710504215
KLC1	chr14:103440582-103441083	14	0.04438343499673454	0.09430753987730248	2	0.049924104880567935	0.07491947980323227	0.0003527373566281885	unsupported	True	0.0018266812918053	0.0018266812918053
KLC1	chr14:103653385-103653886	15	0.008234099792034754	0.05792394960293793	2	0.04968984981090318	0.05500578011331438	0.00015831941610150118	unsupported	True	0.0017933580830097	0.0017933580830097
KLC1	chr14:103563015-103563516	16	-0.003933783825750632	0.04726573849454636	2	0.05119952232029699	0.04740860641655077	0.00011472803262969595	unsupported	True	0.0017298054047589	0.0017298054047589
KLC1	chr14:103544280-103544781	17	-0.06220155212226922	0.017138602315984932	2	0.07934015443825415	0.03789094492544399	5.152332463613417e-05	unsupported	True	0.0015925794611121	-0.0015925794611121
KLC1	chr14:103528916-103529417	18	-0.012730505175235106	0.0322198299090802	2	0.044950335084315306	0.028252008055156694	4.091716150985334e-05	unsupported	True	0.0013096434203001	-0.0013096434203001
KLC1	chr14:103445647-103446148	19	0.0032663390276194263	0.03890953817549201	4	0.03564319914787258	0.03676452246157237	5.098726098645065e-05	unsupported	True	0.0011087295975553	0.0011087295975553
NDUFV1	chr11:67563586-67564087	0	-0.0036796460370755084	0.042390115072751075	2	0.046069761109826586	0.05047657543834376	9.857582909396487e-05	unsupported	True	0.0083691865637178	0.0083691865637178
NDUFV1	chr11:67700752-67701253	1	-0.023133346187029523	0.00800762274087367	1	0.031140968927903193	0.042836196576965246	1.0681853769239729e-05	unsupported	True	0.0073915008714761	0.0073915008714761
NDUFV1	chr11:67506026-67506527	2	-0.011754257818974085	0.020754132251384786	1	0.03250839007035887	0.0484959041264776	3.271938278180802e-05	unsupported	True	0.005825711631644	-0.005825711631644
NDUFV1	chr11:67652390-67652891	3	-0.01598740005129901	0.021594498642305948	0	0.037581898693604954	0.034578808792850815	2.80628562229031e-05	unsupported	True	0.0040877732467918	0.0040877732467918
NDUFV1	chr11:67651810-67652311	4	-0.007083160194442706	0.04149704708700846	0	0.04858020728145116	0.055669121505099374	0.00011222533875914398	unsupported	True	0.0040754608499464	0.0040754608499464
NDUFV1	chr11:67614747-67615248	5	-0.011747134125837905	0.04793086834281952	1	0.059678002468657426	0.07690202840211022	0.00021997198313610186	unsupported	True	0.0036959053966932	0.0036959053966932
NDUFV1	chr11:67732051-67732552	6	-0.00970054299338186	0.011929589851712283	1	0.021630132845094144	0.024043148314380446	6.204060649928669e-06	unsupported	True	0.0033772973726474	0.0033772973726474
NDUFV1	chr11:67713812-67714313	7	-0.005410457105065969	0.03461904965025844	1	0.040029506755324414	0.06270890794046939	8.690096878799798e-05	unsupported	True	0.0032765671014422	0.0032765671014422
NDUFV1	chr11:67584146-67584647	8	-0.006283560377559619	0.029862788775434836	1	0.03614634915299445	0.05538050786949181	5.977942534681957e-05	unsupported	True	0.0024180088243533	-0.0024180088243533
NDUFV1	chr11:67583476-67583977	9	-0.001289480597873555	0.02915962690513726	1	0.030449107503010817	0.05594414821689853	4.9671948466502216e-05	unsupported	True	0.0021638092768057	0.0021638092768057
NDUFV1	chr11:67572601-67573102	10	-0.007433333854761958	0.02304288239666358	1	0.03047621625142554	0.04973229182976009	3.4924992644823e-05	unsupported	True	0.0020497631156551	0.0020497631156551
NDUFV1	chr11:67700053-67700554	11	-0.01992923011315437	0.027083881819549856	2	0.04701311193270423	0.041913889938799444	5.3368854105825834e-05	unsupported	True	0.0018001573516424	0.0018001573516424
NDUFV1	chr11:67606585-67607086	12	-0.023017923492330606	0.010999161180953296	1	0.034017084673283904	0.031760694818660694	1.1883562428879388e-05	unsupported	True	0.0013555240371162	0.0013555240371162
NDUFV1	chr11:67680604-67681105	13	-0.011873695903936046	0.023883671131567287	0	0.035757367035503335	0.03941716251075431	3.366293455467448e-05	unsupported	True	0.0013142928006149	0.0013142928006149
NDUFV1	chr11:67469061-67469562	14	-0.0256083188748073	0.01597256930944012	1	0.04158088818424742	0.03663975578653472	2.4334426385519754e-05	unsupported	True	0.0012852017947271	-0.0012852017947271
NDUFV1	chr11:67530812-67531313	15	-0.027282506761211814	0.033378988381308504	4	0.06066149514252032	0.057108563753241574	0.00011563452445598966	unsupported	True	0.001157686048469	0.001157686048469
NDUFV1	chr11:67659344-67659845	16	-0.022970051753768064	0.02602068187889937	0	0.048990733632667434	0.04469153152915679	5.69715262086574e-05	unsupported	True	0.0010053270685466	-0.0010053270685466
NDUFV1	chr11:67508033-67508534	17	-0.02090704045859271	0.013595152692309369	1	0.03450219315090208	0.03281454578464178	1.5392075642010834e-05	unsupported	True	0.000855983265438	0.000855983265438
NDUFV1	chr11:67630045-67630546	18	-0.018355854102492384	0.015413570259019417	1	0.0337694243615118	0.03582624876467702	1.8647827417224464e-05	unsupported	True	0.0007598325613511	-0.0007598325613511
NDUFV1	chr11:67500457-67500958	19	-0.007218541269335488	0.05941573057374456	4	0.06663427184308005	0.0740632902819882	0.00029322574583841765	unsupported	True	0.000678129262131	0.000678129262131
SUMF1	chr3:4493029-4493530	0	0.013595587643392157	0.050437050068383144	5	0.036841462424990985	0.05557051350445541	0.00010325972142207997	unsupported	True	0.0093349930053331	-0.0093349930053331
SUMF1	chr3:3919214-3919715	1	0.0010835600226158852	0.02390646562621968	0	0.022822905603603793	0.024756273126374465	1.35073941673984e-05	unsupported	True	0.0066696636330462	-0.0066696636330462
SUMF1	chr3:4400185-4400686	2	-0.01678027241091178	0.005007913804908646	5	0.021788186215820425	0.02644552510602536	2.885560062517012e-06	unsupported	True	0.0060628246712687	-0.0060628246712687
SUMF1	chr3:3825044-3825545	3	0.027005715726807	0.06271924333530923	1	0.03571352760850223	0.059374133915508345	0.00013299363234894516	unsupported	True	0.0049933693728337	0.0049933693728337
SUMF1	chr3:3972349-3972850	4	0.04966957251438566	0.07779812428773228	5	0.028128551773346618	0.01766926671580433	3.866651449564654e-05	unsupported	True	0.004924054291827	0.004924054291827
SUMF1	chr3:4303075-4303576	5	0.006220638509068488	0.044620570649375364	5	0.038399932140306875	0.04694506068184406	8.043692909012394e-05	unsupported	True	0.0040143598870678	-0.0040143598870678
SUMF1	chr3:3704978-3705479	6	0.04022803679300506	0.08827826614463274	5	0.048050229351627685	0.04948125942692041	0.00020988915769016886	unsupported	True	0.0020909124349644	0.0020909124349644
SUMF1	chr3:4129842-4130343	7	-0.0038227608592384496	0.027669903051024382	5	0.031492663910262834	0.03989609225890559	3.47654131913824e-05	unsupported	True	0.0020858203590878	-0.0020858203590878
SUMF1	chr3:4485882-4486383	8	-0.0004451786035908252	0.07427174225427902	5	0.07471692085786984	0.09054740621877619	0.000502479781842304	unsupported	True	0.0017360902591787	-0.0017360902591787
SUMF1	chr3:4247071-4247572	9	-0.01931894225552221	0.024772485802388593	5	0.0440914280579108	0.0472558609142291	5.161541612938517e-05	unsupported	True	0.0017212752375574	-0.0017212752375574
SUMF1	chr3:3783122-3783623	10	-0.0067063174362488424	0.0393993710492835	5	0.04610568848553234	0.0499502896663412	9.073645583888635e-05	unsupported	True	0.0016406897976072	-0.0016406897976072
SUMF1	chr3:3812997-3813498	11	-0.014102769830675708	0.03374031528722691	3	0.04784308511790262	0.06242411082566128	0.00010076754511229017	unsupported	True	0.0015902916499143	0.0015902916499143
SUMF1	chr3:4356630-4357131	12	-0.01784420145025316	0.013718068587243365	4	0.03156227003749652	0.03409806140413493	1.4763553072978323e-05	unsupported	True	0.0015494124635814	0.0015494124635814
SUMF1	chr3:4294900-4295401	13	0.015049600137286779	0.03170664303335853	4	0.016657042896071752	0.017308992786479287	9.1415526370565e-06	unsupported	True	0.0014530152765122	-0.0014530152765122
SUMF1	chr3:4350792-4351293	14	-0.008943213208812917	0.027521376032057218	1	0.036464589240870135	0.042860503343997325	4.301290125075159e-05	unsupported	True	0.0013709928701493	-0.0013709928701493
SUMF1	chr3:4303750-4304251	15	-0.001844618513610935	0.0382847490233763	5	0.04012936753698724	0.0404280868189751	6.211139867177698e-05	unsupported	True	0.0012478366269124	-0.0012478366269124
SUMF1	chr3:4218442-4218943	16	0.009042401006083705	0.033567872490541946	0	0.02452547148445824	0.03262875636282026	2.686220771609741e-05	unsupported	True	0.0012367811617937	-0.0012367811617937
SUMF1	chr3:3587590-3588091	17	0.04302261742880354	0.08844373173470113	5	0.04542111430589759	0.03789240061003454	0.00015222183860106792	unsupported	True	0.0011684914662031	0.0011684914662031
SUMF1	chr3:4271737-4272238	18	-0.015029892443561734	0.018481568630780723	4	0.033511461074342455	0.04257397731789478	2.6367953065116224e-05	unsupported	True	0.0010210263744099	-0.0010210263744099
SUMF1	chr3:4095383-4095884	19	-0.012613428017932764	0.033158662622655266	4	0.04577209064058803	0.03560042701928277	5.403223877942693e-05	unsupported	True	0.0010190814212392	0.0010190814212392
RSRC1	chr3:158672473-158672974	0	0.027867641268405276	0.08848328553610273	1	0.06061564426769745	0.06048570166875976	0.00032441332857135845	unsupported	True	0.0125526221717621	0.0125526221717621
RSRC1	chr3:158644223-158644724	1	0.025226892002836634	0.08082834613823164	0	0.05560145413539501	0.05766579010004401	0.0002591600703746216	unsupported	True	0.0105699786953154	-0.0105699786953154
RSRC1	chr3:158434363-158434864	2	0.030934035822340677	0.08104968499888887	0	0.05011564917654819	0.037532325934277314	0.00015245096256392849	unsupported	True	0.0064360021313783	0.0064360021313783
RSRC1	chr3:158165097-158165598	3	0.009784390288024573	0.06832787879652454	0	0.05854348850849996	0.06793143480876762	0.0002717360911117643	unsupported	True	0.0050686079492109	-0.0050686079492109
RSRC1	chr3:158358203-158358704	4	0.0015822775272105478	0.04178011364256041	0	0.04019783611534986	0.054948995666155916	9.228519860286137e-05	unsupported	True	0.0040210624168147	-0.0040210624168147
RSRC1	chr3:158308104-158308605	5	-0.011345274148673302	0.011364026697304559	5	0.02270930084597786	0.02035389106076426	5.252710369751775e-06	unsupported	True	0.0023686661855991	-0.0023686661855991
RSRC1	chr3:157958447-157958948	6	0.030499608182890454	0.07983130274168364	0	0.04933169455879319	0.05023701007066443	0.0001978440684006011	unsupported	True	0.001876347268395	0.001876347268395
RSRC1	chr3:158095238-158095739	7	0.009569086632638307	0.042820679549122824	0	0.03325159291648452	0.025347066809163005	3.609056821023801e-05	unsupported	True	0.0017057181368534	-0.0017057181368534
RSRC1	chr3:158463598-158464099	8	-0.008812316738766814	0.04263287905272682	0	0.051445195791493634	0.053981637821709214	0.00011839559476863723	unsupported	True	0.0015930150674179	-0.0015930150674179
RSRC1	chr3:158460013-158460514	9	-0.0063795410924790096	0.03162833973612951	1	0.03800788082860852	0.04277671594497639	5.142300959706597e-05	unsupported	True	0.001557168983684	-0.001557168983684
RSRC1	chr3:158533766-158534267	10	0.0027240478168762345	0.08253257628097938	4	0.07980852846410313	0.07621445556757678	0.0005020096398888057	unsupported	True	0.001385881794951	-0.001385881794951
RSRC1	chr3:158110103-158110604	11	0.025390123646917902	0.0884195497939985	0	0.0630294261470806	0.051587082993154544	0.00028749654084720663	unsupported	True	0.0013669893766483	-0.0013669893766483
RSRC1	chr3:158690590-158691091	12	-0.0020591478819159265	0.06874227736577931	0	0.07080142524769524	0.08493926578964726	0.0004134037565307888	unsupported	True	0.0010350287797608	-0.0010350287797608
RSRC1	chr3:158459206-158459707	13	-0.008802528593787785	0.013712323446017196	0	0.02251485203980498	0.029570751739459437	9.129405789086964e-06	unsupported	True	0.0009699255950039	-0.0009699255950039
RSRC1	chr3:158097968-158098469	14	0.02054899305684913	0.07770472675751328	0	0.057155733700664145	0.0569467761147609	0.00025291604650016505	unsupported	True	0.0008842663811019	-0.0008842663811019
RSRC1	chr3:158649726-158650227	15	0.004187812052081251	0.04879428445198083	5	0.04460647239989958	0.04043490806045932	8.800823128970026e-05	unsupported	True	0.0008745544450941	0.0008745544450941
RSRC1	chr3:158659656-158660157	16	0.016445149670055247	0.060371556393344246	0	0.043926406723289	0.05525339803986967	0.0001465267924017817	unsupported	True	0.000749271012663	0.000749271012663
RSRC1	chr3:158570882-158571383	17	0.020868654056037127	0.06412525893465218	0	0.04325660487861505	0.024663928425567826	6.841381560365689e-05	unsupported	True	0.0006514840877474	-0.0006514840877474
RSRC1	chr3:158329653-158330154	18	0.0196328826433949	0.07151631690506459	0	0.05188343426166969	0.050420390221088955	0.00018708546935236335	unsupported	True	0.0006503317243862	0.0006503317243862
RSRC1	chr3:158402996-158403497	19	0.002748512848212396	0.06626606307271844	5	0.06351755022450604	0.06654938822425417	0.00028011023419509103	unsupported	True	0.0005893009349645	-0.0005893009349645
DYNC2LI1	chr2:43676177-43676678	0	-0.017358245163489206	-0.004777925161226386	3	0.012580320002262821	0.004339977286415276	0.0	unsupported	True	0.017674309854623	0.017674309854623
DYNC2LI1	chr2:43758759-43759260	1	-0.013808248320779733	0.014255507413984478	5	0.02806375573476421	0.038975630650226745	1.559271076262833e-05	unsupported	True	0.0076394603917006	0.0076394603917006
DYNC2LI1	chr2:43831466-43831967	2	-0.009916528258207987	0.026104253541822362	0	0.03602078180003035	0.06936167897739298	6.522048299951098e-05	unsupported	True	0.0047583261569524	0.0047583261569524
DYNC2LI1	chr2:43944022-43944523	3	0.001929554558011712	0.03398997074394228	5	0.032060416185930564	0.04746931658805438	5.172886217489576e-05	unsupported	True	0.0043155038189438	-0.0043155038189438
DYNC2LI1	chr2:43898321-43898822	4	-0.007146874278215035	0.021008668900351243	2	0.028155543178566278	0.039411038071752835	2.3312042218481643e-05	unsupported	True	0.0041485956834099	0.0041485956834099
DYNC2LI1	chr2:43636964-43637465	5	-0.01699968866427593	0.009110413319393442	3	0.026110101983669372	0.028731651862098674	6.834507808710177e-06	unsupported	True	0.0037723075112936	0.0037723075112936
DYNC2LI1	chr2:43676717-43677218	6	-0.017858254536399935	0.04392560584506836	5	0.0617838603814683	0.08485835796470456	0.00023029654599103313	unsupported	True	0.0031831739815108	0.0031831739815108
DYNC2LI1	chr2:43829282-43829783	7	-0.0160472230673034	-0.0018399947879204515	3	0.014207228279382946	0.021639158921770717	0.0	unsupported	True	0.0026029239623926	-0.0026029239623926
DYNC2LI1	chr2:43944763-43945264	8	-0.0021619084311016736	0.01947378420003118	5	0.021635692631132852	0.031949630407321836	1.3461299737631483e-05	unsupported	True	0.0019382893856794	-0.0019382893856794
DYNC2LI1	chr2:43799683-43800184	9	0.005066982794533096	0.06201146475764743	0	0.056944481963114336	0.08287237402917386	0.0002926398169226223	unsupported	True	0.0014131848703297	0.0014131848703297
DYNC2LI1	chr2:43950331-43950832	10	-0.004030752265093624	0.017081732327621727	0	0.02111248459271535	0.020967831834431704	7.561792965458783e-06	unsupported	True	0.0009802694465094	-0.0009802694465094
DYNC2LI1	chr2:43725167-43725668	11	-0.0016712340161921366	0.0393447007288131	0	0.04101593474500524	0.047911316052813	7.731734994940275e-05	unsupported	True	0.0007654483783157	-0.0007654483783157
DYNC2LI1	chr2:43889378-43889879	12	0.0016835882815054352	0.04753705307867503	5	0.04585346479716959	0.06255494432681984	0.00013635342613847848	unsupported	True	0.0007153413871195	-0.0007153413871195
DYNC2LI1	chr2:43877827-43878328	13	-0.009021515859392343	0.023264028112879507	5	0.032285543972271846	0.03627405782505064	2.7245147479816236e-05	unsupported	True	0.0005710033110689	0.0005710033110689
DYNC2LI1	chr2:43638106-43638607	14	-0.0022485275429205815	0.028507552771598405	4	0.030756080314518985	0.020504385461568003	1.7977847031128835e-05	unsupported	True	0.0005574532463594	0.0005574532463594
DYNC2LI1	chr2:43773791-43774292	15	-0.009176367647306973	0.032195851721960225	5	0.0413722193692672	0.04579297553458003	6.0996877196977704e-05	unsupported	True	0.0005121854685484	-0.0005121854685484
DYNC2LI1	chr2:43728821-43729322	16	0.0005128521481712959	0.047040639384104285	5	0.04652778723593299	0.06467025742031171	0.0001415435893968757	unsupported	True	0.0004616798800801	0.0004616798800801
DYNC2LI1	chr2:43948443-43948944	17	-0.020621815796508076	0.009157141845530974	2	0.02977895764203905	0.0389296502482949	1.0615731742887253e-05	unsupported	True	0.0004318850358463	0.0004318850358463
DYNC2LI1	chr2:43753683-43754184	18	-0.01059925060642402	0.05256336338263503	5	0.06316261398905905	0.07997478381585782	0.0002655194357786623	unsupported	True	0.0002331616287062	0.0002331616287062
DYNC2LI1	chr2:43804848-43805349	19	0.0077366009086725085	0.0836693760253711	5	0.07593277511669859	0.09092890299171974	0.0005776938632443584	unsupported	True	0.0002289498323453	0.0002289498323453
HOXC10	chr12:54133605-54134106	0	0.017756506620809458	0.06847840626481197	1	0.05072189964400251	0.07869252560405357	0.00027332706549273956	unsupported	True	0.0118974900947696	0.0118974900947696
HOXC10	chr12:53990254-53990755	1	0.008981193262144013	0.05480157107748619	1	0.04582037781534218	0.05050064337247623	0.0001268085644548069	unsupported	True	0.008835664299794	0.008835664299794
HOXC10	chr12:54051997-54052498	2	0.007056059006081156	0.05713317555801375	1	0.05007711655193259	0.05150308494285896	0.00014735365782822383	unsupported	True	0.0051066125579653	0.0051066125579653
HOXC10	chr12:54082436-54082937	3	-0.0025242912369049693	0.049413097605451164	0	0.05193738884235613	0.0824962700595199	0.0002117173768280236	unsupported	True	0.0035157929204226	0.0035157929204226
HOXC10	chr12:54040090-54040591	4	0.003420425041137866	0.05307039749542617	1	0.0496499724542883	0.06723515089221184	0.00017716084222299853	unsupported	True	0.0034580408891673	0.0034580408891673
HOXC10	chr12:54017792-54018293	5	-0.013562389794919649	0.05529763482002789	5	0.06886002461494754	0.06927945289266267	0.0002638020578901877	unsupported	True	0.0029169255851678	-0.0029169255851678
HOXC10	chr12:54079439-54079940	6	0.002750425368778702	0.04578976031292675	0	0.04303933494414805	0.06502990937265962	0.00012815839824294124	unsupported	True	0.002194067521759	0.002194067521759
HOXC10	chr12:53991000-53991501	7	-0.010760114794320486	0.020362182460259334	0	0.03112229725457982	0.053257493542724896	3.375022671579353e-05	unsupported	True	0.0021420931332674	0.0021420931332674
HOXC10	chr12:54054256-54054757	8	-0.0015958827247737862	0.04658645125048907	0	0.04818233397526286	0.05702652972510753	0.00012800425510081588	unsupported	True	0.0020533485251696	0.0020533485251696
HOXC10	chr12:54052630-54053131	9	-0.006491917365130019	0.0572308348853306	0	0.06372275225046062	0.051168304698012965	0.00018660601340233634	unsupported	True	0.0020146618244242	0.0020146618244242
HOXC10	chr12:54033819-54034320	10	-0.004890989597304999	0.03487478914250645	0	0.03976577873981145	0.04979247301906813	6.905335421080113e-05	unsupported	True	0.0016750979531632	0.0016750979531632
HOXC10	chr12:53989024-53989525	11	0.013725158039097332	0.06279157739490933	5	0.049066419355812	0.04950946672887516	0.00015253658108215813	unsupported	True	0.0016749151627374	0.0016749151627374
HOXC10	chr12:54033311-54033812	12	-0.0023992481719568495	0.03782418617710092	0	0.04022343434905777	0.064395277202466	9.797217696353403e-05	unsupported	True	0.0015977067695484	0.0015977067695484
HOXC10	chr12:53985446-53985947	13	-0.017828116306588943	0.0032916505415492804	1	0.021119766848138224	0.01480701355139601	1.029367175671334e-06	unsupported	True	0.0012573847566239	0.0012573847566239
HOXC10	chr12:54021574-54022075	14	-0.01019057620597402	0.01911552022024118	5	0.0293060964262152	0.019595155298720822	1.097723105685637e-05	unsupported	True	0.0011780731666211	-0.0011780731666211
HOXC10	chr12:54028128-54028629	15	-0.003152575252582292	0.021659290218144337	1	0.02481186547072663	0.032798771806954785	1.762630251873085e-05	unsupported	True	0.0011729968897468	0.0011729968897468
HOXC10	chr12:54053751-54054252	16	0.003013040161203308	0.0376128127173664	5	0.03459977255616309	0.061186445969411155	7.962772048691235e-05	unsupported	True	0.0011297989112992	0.0011297989112992
HOXC10	chr12:54134836-54135337	17	-0.019667755999432917	0.02800694502350752	4	0.04767470102294044	0.0635868847080322	8.490265382776762e-05	unsupported	True	0.0010993147031731	0.0010993147031731
HOXC10	chr12:54046906-54047407	18	-0.005431417669724401	0.030483107196844224	0	0.035914524866568626	0.051483744152990604	5.636369835992735e-05	unsupported	True	0.0010554487148742	0.0010554487148742
HOXC10	chr12:53999787-54000288	19	-0.007107779890881287	0.041354115031401364	5	0.04846189492228265	0.05697364142764016	0.0001141808051209419	unsupported	True	0.0009278293760879	-0.0009278293760879
TNFRSF10D	chr8:23224151-23224652	0	0.010520137628795332	0.06587507224273909	3	0.05535493461394375	0.06587507224273909	0.0002402141305455601	unsupported	True	0.0081543131460677	0.0081543131460677
TNFRSF10D	chr8:23163305-23163806	1	0.024192844959473502	0.11244245483137824	3	0.08824960987190474	0.11244245483137824	0.0011157667909719514	unsupported	True	0.0072312027510196	0.0072312027510196
TNFRSF10D	chr8:23163866-23164367	2	0.005829930302188817	0.05769588785402212	3	0.0518659575518333	0.05769588785402212	0.00017265220213792307	unsupported	True	0.0054735128617663	0.0054735128617663
TNFRSF10D	chr8:23161778-23162279	3	0.014095089415638383	0.10394135918231924	3	0.08984626976668086	0.10394135918231924	0.0009706816817401417	unsupported	True	0.0054056624009056	0.0054056624009056
TNFRSF10D	chr8:23068844-23069345	4	0.01728393676722724	0.09250175909578823	3	0.07521782232856099	0.09250175909578823	0.00064360697087208	unsupported	True	0.0046272131594589	0.0046272131594589
TNFRSF10D	chr8:23218561-23219062	5	0.00293682670264894	0.03357283672902329	3	0.03063601002637435	0.03357283672902329	3.453093037488818e-05	unsupported	True	0.0040468524659531	0.0040468524659531
TNFRSF10D	chr8:23084112-23084613	6	0.004065932878490514	0.03378451372537942	1	0.029718580846888904	0.03378451372537942	3.392059107491692e-05	unsupported	True	0.0034054476084628	0.0034054476084628
TNFRSF10D	chr8:23102671-23103172	7	-0.001582231462834776	0.021809373170330378	1	0.023391604633165156	0.021809373170330378	1.1126187693327158e-05	unsupported	True	0.0033546293528744	0.0033546293528744
TNFRSF10D	chr8:23019150-23019651	8	0.01843886789209556	0.07352608430698668	3	0.055087216414891116	0.07352608430698668	0.0002978061784022048	unsupported	True	0.002606736837541	0.002606736837541
TNFRSF10D	chr8:23246802-23247303	9	0.01875756696061827	0.09667205797696647	3	0.0779144910163482	0.09667205797696647	0.0007281488468157098	unsupported	True	0.0017545229539175	0.0017545229539175
TNFRSF10D	chr8:23002748-23003249	10	0.008910163672041012	0.06149317730988816	1	0.05258301363784715	0.06149317730988816	0.00019883797859375404	unsupported	True	0.0016577178225157	0.0016577178225157
TNFRSF10D	chr8:22999227-22999728	11	0.013666736209244017	0.07520085100699064	3	0.06153411479774663	0.07520085100699064	0.00034798575643107596	unsupported	True	0.0016228913471754	-0.0016228913471754
TNFRSF10D	chr8:23303943-23304444	12	0.0003123347531740264	0.020535103472533386	3	0.02022276871935936	0.020535103472533386	8.527748939551897e-06	unsupported	True	0.0013619561669711	0.0013619561669711
TNFRSF10D	chr8:23287816-23288317	13	0.012401646851935266	0.07289248369322644	3	0.060490836841291175	0.07289248369322644	0.0003214068210864289	unsupported	True	0.0013508315801435	-0.0013508315801435
TNFRSF10D	chr8:23068337-23068838	14	0.018157998083214416	0.09197872555879068	3	0.07382072747557626	0.09197872555879068	0.0006245296997349608	unsupported	True	0.001108165803802	0.001108165803802
TNFRSF10D	chr8:23246287-23246788	15	0.01847550261995999	0.08413588982642801	3	0.06566038720646802	0.08413588982642801	0.0004647998978247732	unsupported	True	0.0011009575859304	-0.0011009575859304
TNFRSF10D	chr8:23000676-23001177	16	0.010376622966388065	0.0663990708021739	3	0.05602244783578583	0.0663990708021739	0.0002469938186300373	unsupported	True	0.0007677649918276	-0.0007677649918276
TNFRSF10D	chr8:23293827-23294328	17	0.0028663206753249504	0.047804587623942886	1	0.04493826694861794	0.047804587623942886	0.0001026964596841793	unsupported	True	0.0006711753967611	0.0006711753967611
TNFRSF10D	chr8:23224779-23225280	18	0.016044216236032267	0.06008161876800976	3	0.04403740253197749	0.06008161876800976	0.00015896625590062656	unsupported	True	0.0006550482899406	0.0006550482899406
TNFRSF10D	chr8:23304499-23305000	19	0.016679126194721346	0.05122037709306647	3	0.03454125089834512	0.05122037709306647	9.061990536648142e-05	unsupported	True	0.0005319473991515	0.0005319473991515
SEC61A2	chr10:12129360-12129861	0	-0.011917056241879201	0.0241510835707919	0	0.0360681398126711	0.023001502116386963	2.0036255624293508e-05	unsupported	True	0.0144216220916617	-0.0144216220916617
SEC61A2	chr10:12264107-12264608	1	-0.015285071545157982	0.04362280045634476	1	0.05890787200150274	0.06729276379094178	0.00017292398798380272	unsupported	True	0.0144019026009695	0.0144019026009695
SEC61A2	chr10:11986531-11987032	2	0.013317953882055608	0.0827664449959418	1	0.0694484911138862	0.07315909262292043	0.0004205188096949254	unsupported	True	0.0115982541837051	0.0115982541837051
SEC61A2	chr10:12297471-12297972	3	-0.020362977345705375	0.03101291859567689	2	0.05137589594138227	0.055780745269242926	8.887638062663463e-05	unsupported	True	0.0049490305240647	0.0049490305240647
SEC61A2	chr10:12196237-12196738	4	-0.014173884139693019	0.05685176508184143	1	0.07102564922153445	0.10099725977001653	0.00040782022109060837	unsupported	True	0.0015130776905361	0.0015130776905361
SEC61A2	chr10:12299496-12299997	5	0.0036759867753777846	0.048859720058764176	5	0.045183733283386394	0.04636806620405829	0.00010236513644828742	unsupported	True	0.0013391303914609	-0.0013391303914609
SEC61A2	chr10:12043022-12043523	6	-0.014178010618470986	0.027390930533846825	0	0.04156894115231781	0.027400788542405234	3.11988660812714e-05	unsupported	True	0.0010954226927831	-0.0010954226927831
SEC61A2	chr10:12167684-12168185	7	-0.019901549003067537	0.07938128828107945	1	0.09928283728414698	0.11567527992906587	0.0009116599615569808	unsupported	True	0.0010743984095747	0.0010743984095747
SEC61A2	chr10:12104126-12104627	8	-0.01017029012266007	0.04604405906562504	1	0.056214349188285107	0.07665793010249333	0.0001984165425970012	unsupported	True	0.0010141779835843	0.0010141779835843
SEC61A2	chr10:12068611-12069112	9	-0.012027965074388334	0.03395627275973968	0	0.045984237834128014	0.03104319363921646	4.847249785034347e-05	unsupported	True	0.0009648377599632	-0.0009648377599632
SEC61A2	chr10:12012509-12013010	10	-0.0013384342122127028	0.10467399349559506	1	0.10601242770780776	0.13091534245915204	0.0014527340629797393	unsupported	True	0.0009174791295816	-0.0009174791295816
SEC61A2	chr10:12195654-12196155	11	-0.008385057829277799	0.03642480858783793	0	0.04480986641711573	0.04276649091066705	6.980307331588998e-05	unsupported	True	0.0007296548574901	0.0007296548574901
SEC61A2	chr10:12214668-12215169	12	-0.020104607904507223	0.024531905770165487	0	0.04463651367467271	0.06832577187743119	7.481800113470759e-05	unsupported	True	0.0006141886015676	0.0006141886015676
SEC61A2	chr10:12019615-12020116	13	-0.0099767372322497	0.029314245352191085	2	0.03929098258444078	0.05987053267234172	6.895801162535004e-05	unsupported	True	0.0005895048851982	-0.0005895048851982
SEC61A2	chr10:12095719-12096220	14	0.0022244846787987543	0.03499565490963743	0	0.03277117023083868	0.03765915277739883	4.318934529865548e-05	unsupported	True	0.0004699719791398	0.0004699719791398
SEC61A2	chr10:12062702-12063203	15	0.004106678128370761	0.07626588572267583	2	0.07215920759430507	0.09120292103817196	0.0005019157475847487	unsupported	True	0.000327870977677	0.000327870977677
SEC61A2	chr10:12243877-12244378	16	0.005367002841664541	0.054764882405322006	2	0.04939787956365747	0.04584162277573767	0.00012401392400183717	unsupported	True	0.0003060920164046	-0.0003060920164046
SEC61A2	chr10:12162276-12162777	17	-0.0029314220883894034	0.04271597312991915	4	0.04564739521830855	0.03758203191803951	7.328018584939592e-05	unsupported	True	0.0002353294523819	-0.0002353294523819
SEC61A2	chr10:12176518-12177019	18	0.010366857522592565	0.03957609401943933	2	0.029209236496846765	0.04615917564539807	5.335942958718795e-05	unsupported	True	0.0001847687873046	0.0001847687873046
SEC61A2	chr10:12051180-12051681	19	-0.0005831534782836565	0.047245652045614345	1	0.047828805523898	0.04290715634279181	9.695743435185872e-05	unsupported	True	0.0001182859281482	-0.0001182859281482
CEP192	chr18:13112942-13113443	0	-0.0009744146630051851	0.06587463752887875	1	0.06684905219188393	0.08605796615698619	0.00037896977215463813	unsupported	True	0.0127590222683698	0.0127590222683698
CEP192	chr18:13136509-13137010	1	0.01912608123516329	0.09968153222070522	1	0.08055545098554193	0.10370944402540892	0.0008327755086864433	unsupported	True	0.0051373081647214	0.0051373081647214
CEP192	chr18:12947618-12948119	2	0.002783765821478388	0.06901515288482805	1	0.06623138706334966	0.07360299881520169	0.0003364370482630508	unsupported	True	0.004620661663821	-0.004620661663821
CEP192	chr18:13206188-13206689	3	0.017019783091519105	0.10843200667560164	4	0.09141222358408253	0.10041561547555757	0.0009953206688882086	unsupported	True	0.0041183037199149	0.0041183037199149
CEP192	chr18:13127037-13127538	4	0.018710354312124866	0.1273447140815385	1	0.10863435976941363	0.13696810976869736	0.0018948184035184978	unsupported	True	0.003728919457966	0.003728919457966
CEP192	chr18:13217132-13217633	5	0.020882990215804295	0.09345906601067017	1	0.07257607579486587	0.10169937504195076	0.0006898159036671261	unsupported	True	0.0034490013905158	0.0034490013905158
CEP192	chr18:13217747-13218248	6	0.015435242954272314	0.08127552025612544	1	0.06584027730185313	0.08665830170223653	0.00046372614597701614	unsupported	True	0.0034362012899343	0.0034362012899343
CEP192	chr18:12883292-12883793	7	0.011893170821357373	0.08571956522675103	1	0.07382639440539365	0.09660973149369793	0.0006113817816625948	unsupported	True	0.0022282138899719	-0.0022282138899719
CEP192	chr18:12991020-12991521	8	0.004902569542054362	0.07933861021226313	1	0.07443604067020876	0.08911229596452724	0.000526266210355882	unsupported	True	0.0021816898581925	-0.0021816898581925
CEP192	chr18:13231361-13231862	9	-0.01730755161835623	-0.0011571606694153872	1	0.016150390948940843	0.014834521431273241	0.0	unsupported	True	0.0021478672900048	-0.0021478672900048
CEP192	chr18:13222330-13222831	10	0.02675548367907956	0.10049774670179423	1	0.07374226302271467	0.10543821230191969	0.0007813953446511588	unsupported	True	0.0020679733817895	0.0020679733817895
CEP192	chr18:13232480-13232981	11	-0.009844915309816566	0.04600926547324911	1	0.05585418078306567	0.06463850152818476	0.00016610865671660865	unsupported	True	0.0019872089370985	-0.0019872089370985
CEP192	chr18:13218448-13218949	12	0.020419749928398904	0.08925468830797276	4	0.06883493837957386	0.09934439859013491	0.0006103561861749712	unsupported	True	0.0019349890682736	0.0019349890682736
CEP192	chr18:12862421-12862922	13	0.0025222288165329385	0.022640268716967706	1	0.020118039900434766	0.023542893755206084	1.0723266145522527e-05	unsupported	True	0.0014606607712761	-0.0014606607712761
CEP192	chr18:12884015-12884516	14	0.0017737216193487726	0.0677778254183108	4	0.06600410379896203	0.07425336097625747	0.00033218092155776186	unsupported	True	0.0013511183573788	-0.0013511183573788
CEP192	chr18:12948140-12948641	15	-0.0006122806893376394	0.06460606992762549	1	0.06521835061696313	0.07067653467834278	0.00029779567219725175	unsupported	True	0.001017314491949	-0.001017314491949
CEP192	chr18:13177899-13178400	16	0.007836537211153778	0.06903155147633601	1	0.06119501426518223	0.05087212539623248	0.00021490353385913085	unsupported	True	0.0008982978617766	-0.0008982978617766
CEP192	chr18:13235928-13236429	17	0.021421743436496513	0.1097605006674179	1	0.08833875723092138	0.12304398025247734	0.0011930475025061108	unsupported	True	0.0008022032874784	-0.0008022032874784
CEP192	chr18:13239355-13239856	18	0.0055458657115566735	0.07645726534679974	4	0.07091139963524307	0.09136762415184432	0.0004953670893322989	unsupported	True	0.0007668326689227	-0.0007668326689227
CEP192	chr18:13253725-13254226	19	0.01995052582119937	0.08412826762711817	4	0.0641777418059188	0.09663642575017889	0.0005217557407597139	unsupported	True	0.0007452076740599	0.0007452076740599
HS3ST1	chr4:11428805-11429306	0	0.01138256006791505	0.037704976330059134	1	0.026322416262144085	0.027301822397663197	2.7096678746031906e-05	unsupported	True	0.0308855379412182	0.0308855379412182
HS3ST1	chr4:11304055-11304556	1	0.003187345863208549	0.0583668469490528	1	0.055179501085844254	0.07030818579566193	0.000226438304281965	unsupported	True	0.0043502404959994	0.0043502404959994
HS3ST1	chr4:11471749-11472250	2	-0.006643188224062477	0.049817857892519135	1	0.05646104611658161	0.07696520183459124	0.00021648528545714822	unsupported	True	0.0029692282355615	0.0029692282355615
HS3ST1	chr4:11360606-11361107	3	-0.008747569502960075	0.04589317509249085	2	0.05464074459545092	0.06519822771997477	0.0001634935050450578	unsupported	True	0.0027492986013332	0.0027492986013332
HS3ST1	chr4:11280255-11280756	4	-0.001180176077571213	0.05019667989756906	1	0.05137685597514027	0.062184386963943766	0.0001603702751156534	unsupported	True	0.0025967648392177	0.0025967648392177
HS3ST1	chr4:11493979-11494480	5	-0.02407125726172064	0.03804433812032849	1	0.062115595382049124	0.08128448181460936	0.00019208715603925193	unsupported	True	0.0023262601856969	-0.0023262601856969
HS3ST1	chr4:11423900-11424401	6	0.010702792691955098	0.03980245361646244	2	0.029099660924507338	0.036058942006019834	4.176483341681146e-05	unsupported	True	0.0018234747181716	0.0018234747181716
HS3ST1	chr4:11393766-11394267	7	-0.008729396605302567	0.015509775350667651	2	0.024239171955970217	0.021261091046870663	7.99298198788403e-06	unsupported	True	0.0016700168915078	0.0016700168915078
HS3ST1	chr4:11418124-11418625	8	2.1487751078211475e-05	0.07276389060733293	1	0.07274240285625472	0.09510487451673666	0.0005033920261151322	unsupported	True	0.0015872079495805	-0.0015872079495805
HS3ST1	chr4:11473255-11473756	9	-0.022892803364064438	-0.002483055075028792	1	0.020409748289035648	0.01091615157958428	0.0	unsupported	True	0.0011025779338481	-0.0011025779338481
HS3ST1	chr4:11356830-11357331	10	-0.012384179128106286	0.04567544423487326	1	0.05805962336297955	0.06622074665797034	0.00017561073774931062	unsupported	True	0.0009459536067488	0.0009459536067488
HS3ST1	chr4:11400555-11401056	11	0.027865577305889292	0.09754351502178359	5	0.0696779377158943	0.10772198375777262	0.000732146570341447	unsupported	True	0.0007394869478534	-0.0007394869478534
HS3ST1	chr4:11264785-11265286	12	-0.01431439866462968	0.020925734392913526	2	0.035240133057543206	0.020959146041153728	1.5455812193251846e-05	unsupported	True	0.0005863926913582	0.0005863926913582
HS3ST1	chr4:11287250-11287751	13	-0.0032390183867016466	0.02731828104632775	1	0.030557299433029397	0.044111423301166575	3.682302048441057e-05	unsupported	True	0.0004941038563164	-0.0004941038563164
HS3ST1	chr4:11275325-11275826	14	-0.009455907300564977	0.02746260897283048	1	0.03691851627339546	0.03397932191233646	3.4450913319077516e-05	unsupported	True	0.0004841991108436	0.0004841991108436
HS3ST1	chr4:11480642-11481143	15	-0.018572629098872986	0.0011471259433281928	2	0.01971975504220118	0.015500031313263362	3.5062686871594627e-07	unsupported	True	0.0003905417329537	0.0003905417329537
HS3ST1	chr4:11377283-11377784	16	-0.007299303783353086	0.007918027200190893	2	0.01521733098354398	0.034628978262512544	4.172488553015293e-06	unsupported	True	0.0003770005148291	-0.0003770005148291
HS3ST1	chr4:11342985-11343486	17	-0.001345470462353775	0.008203325864279826	2	0.0095487963266336	0.014082001574773705	1.1030697684672669e-06	unsupported	True	0.0002719416014179	-0.0002719416014179
HS3ST1	chr4:11390489-11390990	18	-0.011695492229601622	0.06897523245865399	5	0.0806707246882556	0.09787577140161613	0.0005446083918697103	unsupported	True	0.0002325876669908	0.0002325876669908
HS3ST1	chr4:11398166-11398667	19	-0.012156915596436424	0.034888342852544676	2	0.0470452584489811	0.03103119351611182	5.0932463185304333e-05	unsupported	True	0.0002300256435782	0.0002300256435782
FAM168B	chr2:130963435-130963936	0	0.0012994489803710612	0.061143085205409266	5	0.0598436362250382	0.08335611489478909	0.00030500207068504345	unsupported	True	0.0098526553309938	0.0098526553309938
FAM168B	chr2:131235822-131236323	1	-0.0029631343062629886	0.07474613226821705	5	0.07770926657448005	0.08839755904180881	0.000513454314991863	unsupported	True	0.0083358012702278	0.0083358012702278
FAM168B	chr2:131035217-131035718	2	0.004331040999166909	0.08253346751432414	5	0.07820242651515723	0.1039235439626864	0.0006707555410121909	unsupported	True	0.0078532087013764	0.0078532087013764
FAM168B	chr2:131034710-131035211	3	-0.0014030228149550447	0.07802944383966577	5	0.07943246665462081	0.09741140013398972	0.0006037627933201271	unsupported	True	0.0072105280009871	0.0072105280009871
FAM168B	chr2:130987720-130988221	4	-0.0047689514276525605	0.059964064491440074	2	0.06473301591909264	0.08604215142951063	0.0003339859250478308	unsupported	True	0.0055954938435488	0.0055954938435488
FAM168B	chr2:130963948-130964449	5	0.010853707500210462	0.07504248068700672	5	0.06418877318679626	0.08630893159890606	0.0004157401783230017	unsupported	True	0.0024409460531815	0.0024409460531815
FAM168B	chr2:131153934-131154435	6	0.008017369862212922	0.05548502934329013	5	0.04746765948107721	0.07165179744174731	0.00018871252593444175	unsupported	True	0.0023379593417139	0.0023379593417139
FAM168B	chr2:131105021-131105522	7	-0.00019602469058679743	0.06042095826589751	5	0.06061698295648431	0.08100983788445543	0.0002967014635988111	unsupported	True	0.002028741098417	-0.002028741098417
FAM168B	chr2:131042169-131042670	8	-0.010033060066882054	0.04206241708623568	5	0.052095477153117735	0.06076589210866588	0.00013315397133436085	unsupported	True	0.0017209183082199	0.0017209183082199
FAM168B	chr2:131193361-131193862	9	0.007224318099699722	0.03685518350615475	5	0.02963086540645503	0.03042382272063541	3.322436547829644e-05	unsupported	True	0.0017071745141659	0.0017071745141659
FAM168B	chr2:131040952-131041453	10	0.010171591733638453	0.07128726817638056	5	0.061115676442742115	0.08452270573000434	0.000368245956216569	unsupported	True	0.0014690852784341	0.0014690852784341
FAM168B	chr2:131093243-131093744	11	-0.002851725364107425	0.062384577879394124	5	0.06523630324350155	0.08505601079808299	0.00034615578476476593	unsupported	True	0.0013377132526999	-0.0013377132526999
FAM168B	chr2:131045878-131046379	12	-0.0028729707463349312	0.05058606355859317	5	0.053459034304928106	0.07937191725453799	0.00021464405564005842	unsupported	True	0.0011137117851752	0.0011137117851752
FAM168B	chr2:130920325-130920826	13	1.98725320330658e-05	0.06190310191372591	5	0.06188322938169284	0.06318555945878224	0.00024204895734310783	unsupported	True	0.0009788907337357	0.0009788907337357
FAM168B	chr2:131028331-131028832	14	0.008153166976053205	0.062112896408814004	5	0.0539597294327608	0.06948954920729516	0.00023290083154761817	unsupported	True	0.000725233377115	0.000725233377115
FAM168B	chr2:131046881-131047382	15	-0.00825022560495305	0.039749806768525006	5	0.04800003237347805	0.07315561962042896	0.0001395803378488416	unsupported	True	0.0007023057932013	0.0007023057932013
FAM168B	chr2:131016918-131017419	16	0.008156296678764722	0.04637488432035752	5	0.038218587641592805	0.03351833117239473	5.94073063063089e-05	unsupported	True	0.0005145891236391	-0.0005145891236391
FAM168B	chr2:130922110-130922611	17	-0.003120024029864091	0.031717130662241556	5	0.034837154692105646	0.039941603879945595	4.413285959799895e-05	unsupported	True	0.0003087534009944	-0.0003087534009944
FAM168B	chr2:131011397-131011898	18	-0.0011783750245747567	0.06833386788900601	5	0.06951224291358077	0.09619909362117976	0.0004569495834455613	unsupported	True	0.0003023534809662	0.0003023534809662
FAM168B	chr2:131105627-131106128	19	-0.000648359392531899	0.06720641432162433	5	0.06785477371415623	0.07355366918664011	0.000335425034946826	unsupported	True	0.0002717842996007	-0.0002717842996007
HK1	chr10:69392425-69392926	0	0.018900258850698733	0.06348132482754668	4	0.04458106597684794	0.04122282573878831	0.00011666328170132564	unsupported	True	0.0104336936863203	0.0104336936863203
HK1	chr10:69451156-69451657	1	-0.012351050893885851	0.027682201831312585	0	0.040033252725198434	0.03474601385385103	3.850583073975434e-05	unsupported	True	0.0078255787993702	-0.0078255787993702
HK1	chr10:69211441-69211942	2	-0.01951355455893999	0.038168454525669436	5	0.05768200908460942	0.05363345440009813	0.00011808119065721903	unsupported	True	0.0046083359485338	0.0046083359485338
HK1	chr10:69507774-69508275	3	0.003233410857114753	0.03889104687239243	0	0.035657636015277674	0.0355027317848166	4.923386751136883e-05	unsupported	True	0.0045535291808042	-0.0045535291808042
HK1	chr10:69219841-69220342	4	-0.05205645660023247	0.020641519169859426	0	0.07269797577009189	0.05936561936866905	8.908385017125866e-05	unsupported	True	0.0041609313668785	-0.0041609313668785
HK1	chr10:69344779-69345280	5	0.038488997180310874	0.11513743020971748	4	0.0766484330294066	0.10148995820821732	0.0008956593964207638	unsupported	True	0.0034492914526474	0.0034492914526474
HK1	chr10:69515571-69516072	6	-0.0113769594141535	0.016136084767725736	0	0.027513044181879234	0.025496228464532658	1.1319122351212588e-05	unsupported	True	0.0027847788648832	0.0027847788648832
HK1	chr10:69494609-69495110	7	-0.01726307483469491	0.048661519748314695	5	0.0659245945830096	0.06811830457430075	0.00021852290536667732	unsupported	True	0.0022161620133175	-0.0022161620133175
HK1	chr10:69232946-69233447	8	-0.011371730730909118	0.03675566049726902	3	0.048127391228178135	0.0607713478921378	0.0001075017221358928	unsupported	True	0.0021170622485986	0.0021170622485986
HK1	chr10:69479755-69480256	9	-0.01991281316178825	0.02047345357191825	2	0.0403862667337065	0.04029371252160007	3.3316709405091397e-05	unsupported	True	0.0018443581431987	-0.0018443581431987
HK1	chr10:69437751-69438252	10	0.034999661169134645	0.071656402298382	5	0.03665674112924735	0.0497903260412699	0.00013078376093490058	unsupported	True	0.0015178383191754	0.0015178383191754
HK1	chr10:69337801-69338302	11	-0.049217512595483064	0.018936579268678852	0	0.06815409186416191	0.07147063980918192	9.224039103981176e-05	unsupported	True	0.0014954847917609	-0.0014954847917609
HK1	chr10:69408594-69409095	12	0.0012170416577953539	0.027602482429025056	5	0.0263854407712297	0.026413069987699517	1.9236735683073248e-05	unsupported	True	0.0014268459254469	0.0014268459254469
HK1	chr10:69375540-69376041	13	0.023781633628414175	0.05407465614106555	5	0.030293022512651372	0.016600393153609797	2.719285129797277e-05	unsupported	True	0.0013740893068111	-0.0013740893068111
HK1	chr10:69179707-69180208	14	0.019144793800542292	0.08489514294746871	4	0.06575034914692642	0.06368167710150047	0.00035546381663465387	unsupported	True	0.0013494443878945	0.0013494443878945
HK1	chr10:69479117-69479618	15	0.026855391740611235	0.05743123339878484	1	0.030575841658173602	0.03397571343216486	5.966163473892125e-05	unsupported	True	0.0013324257281493	-0.0013324257281493
HK1	chr10:69318482-69318983	16	0.008129503710616442	0.03466539587810162	4	0.026535892167485177	0.020739102898508725	1.907742804922936e-05	unsupported	True	0.0011950773700102	0.0011950773700102
HK1	chr10:69123830-69124331	17	0.0018844656539954204	0.02735017983280484	5	0.02546571417880942	0.021053642913005814	1.4663690961968062e-05	unsupported	True	0.0011276025390276	-0.0011276025390276
HK1	chr10:69438448-69438949	18	0.017099121225507295	0.10487626478224221	4	0.08777714355673491	0.09717141484077657	0.0008945346783763033	unsupported	True	0.0010175595366518	0.0010175595366518
HK1	chr10:69496656-69497157	19	0.0382279348789383	0.07867505650977594	1	0.040447121630837635	0.04394658615992275	0.00013984592908723172	unsupported	True	0.0009726303043141	-0.0009726303043141
CLMN	chr14:95328619-95329120	0	0.0038604034560864938	0.05939143014164047	5	0.05553102668555398	0.06774131078174314	0.00022341538786421723	unsupported	True	0.0119636500367412	0.0119636500367412
CLMN	chr14:95319019-95319520	1	-0.0006609962980601756	0.029637118751578918	3	0.030298115049639092	0.023194409480797804	2.0827392941066325e-05	unsupported	True	0.0046658442242427	0.0046658442242427
CLMN	chr14:95215306-95215807	2	0.0011896438637342332	0.043543008846633806	5	0.04235336498289957	0.06123245329349335	0.0001129244584384078	unsupported	True	0.0040915794386179	0.0040915794386179
CLMN	chr14:95237742-95238243	3	0.0010340919055435692	0.04230197265622147	5	0.0412678807506779	0.058322406995557324	0.00010181417026658799	unsupported	True	0.0036860895832269	0.0036860895832269
CLMN	chr14:95319649-95320150	4	-0.006666877433156464	0.03534350618676994	2	0.0420103836199264	0.04030874906278571	5.9850198969338406e-05	unsupported	True	0.0035390185186912	0.0035390185186912
CLMN	chr14:95307683-95308184	5	-0.008362999032496928	0.004938464922382533	1	0.013301463954879461	0.018025161599476775	1.1840514724419155e-06	unsupported	True	0.0029135318923223	0.0029135318923223
CLMN	chr14:95313578-95314079	6	-0.008496179529445569	0.030893638889662782	1	0.03938981841910835	0.04797571380149218	5.838139790681593e-05	unsupported	True	0.0027033872141546	0.0027033872141546
CLMN	chr14:95256106-95256607	7	-0.0033475169139873286	0.04859068060326932	3	0.051938197517256646	0.06410603843540175	0.00016178520197767993	unsupported	True	0.0025434962352239	0.0025434962352239
CLMN	chr14:95431124-95431625	8	-0.0025845427251570386	0.02189462103020588	2	0.024479163755362916	0.020719345725474625	1.1104782254671623e-05	unsupported	True	0.0025299889672741	0.0025299889672741
CLMN	chr14:95221288-95221789	9	-0.002265960457570118	0.03411001908327402	5	0.036375979540844136	0.030364260523153632	3.767552981234056e-05	unsupported	True	0.0024757416590432	0.0024757416590432
CLMN	chr14:95427403-95427904	10	-0.0052697293414356635	0.02213277054469725	1	0.027402499886132914	0.022320770458583536	1.3537396446749479e-05	unsupported	True	0.0021515923453192	0.0021515923453192
CLMN	chr14:95040987-95041488	11	-0.008143512713453833	0.02593499218897517	1	0.034078504902429	0.03711676366627361	3.280475179879301e-05	unsupported	True	0.0019482011132631	0.0019482011132631
CLMN	chr14:95260858-95261359	12	-0.010115509847307224	0.012192317850663383	2	0.022307827697970607	0.032078412758255875	8.72481905275751e-06	unsupported	True	0.0018403514503734	0.0018403514503734
CLMN	chr14:95157307-95157808	13	-0.006749835138578079	0.04897783316002153	5	0.05572766829859961	0.041316125548085544	0.00011276907758601302	unsupported	True	0.0017848944978379	-0.0017848944978379
CLMN	chr14:95040423-95040924	14	-0.007182313020625991	0.028553593296321806	1	0.0357359063169478	0.04428442077309692	4.5187315238179764e-05	unsupported	True	0.0016735000925479	0.0016735000925479
CLMN	chr14:95414479-95414980	15	-0.0036756826834160837	0.03451677808746584	5	0.038192460770881925	0.04665434969233211	6.15035284458676e-05	unsupported	True	0.001596939146325	0.001596939146325
CLMN	chr14:95198673-95199174	16	-0.006071592983631348	0.05833614678332574	1	0.06440773976695709	0.07745366589471514	0.0002910166093754472	unsupported	True	0.0015928076931253	0.0015928076931253
CLMN	chr14:95047279-95047780	17	-0.01046760206657586	0.010225032009177036	5	0.0206926340757529	0.02646929874672201	5.600449554599631e-06	unsupported	True	0.0010811198751676	0.0010811198751676
CLMN	chr14:95460730-95461231	18	-0.001768870249216903	0.17414816783817721	2	0.17591703808739412	0.19945913264902	0.006110556162911914	unsupported	True	0.0010726909185894	0.0010726909185894
CLMN	chr14:95255480-95255981	19	0.0004716242661404641	0.04056660753560031	5	0.04009498326945985	0.05099359954667314	8.29419795233437e-05	unsupported	True	0.0009397076451397	0.0009397076451397
TBC1D22B	chr6:37222481-37222982	0	0.016775356957101265	0.06433066215630433	1	0.04755530519920306	0.05999809647203045	0.00018355003295548352	unsupported	True	0.0140081368688862	0.0140081368688862
TBC1D22B	chr6:37221968-37222469	1	0.004648746033438579	0.04438252026196538	2	0.0397337742285268	0.031164697015000572	5.495847695529066e-05	unsupported	True	0.0100963748972626	0.0100963748972626
TBC1D22B	chr6:37303883-37304384	2	0.0035650569764538523	0.0515182159077257	4	0.04795315893127185	0.04560220966971952	0.00011265848940800736	unsupported	True	0.004526880187689	0.004526880187689
TBC1D22B	chr6:37477610-37478111	3	-0.02446901127738346	0.03355483132906089	0	0.058023842606444345	0.07414404967120025	0.00014435700049261215	unsupported	True	0.0036345380391806	0.0036345380391806
TBC1D22B	chr6:37191816-37192317	4	-0.01799334856222627	0.02537036273366742	1	0.043363711295893684	0.056925234828476313	6.262647271402024e-05	unsupported	True	0.0034271341680189	0.0034271341680189
TBC1D22B	chr6:37308053-37308554	5	0.0014360395843457784	0.06266559915456855	1	0.061229559570222775	0.09374880722838053	0.00035971295801685464	unsupported	True	0.0024816959544802	-0.0024816959544802
TBC1D22B	chr6:37482251-37482752	6	-0.007329720963288425	0.06093666169885314	4	0.06826638266214156	0.08173822967160593	0.00034002494313111685	unsupported	True	0.0023237231042296	0.0023237231042296
TBC1D22B	chr6:37110150-37110651	7	-0.006966075512899771	0.028333467881273583	1	0.035299543394173356	0.047352404675595136	4.735990903650393e-05	unsupported	True	0.002041739913754	0.002041739913754
TBC1D22B	chr6:37353750-37354251	8	0.011402231692413613	0.0335666988245064	0	0.02216446713209279	0.03341615838843799	2.486122060745756e-05	unsupported	True	0.0019268468841805	0.0019268468841805
TBC1D22B	chr6:37125717-37126218	9	0.002661775633244812	0.024658685403762648	3	0.021996909770517836	0.020524587988453104	1.1132841887420374e-05	unsupported	True	0.0017165540964194	0.0017165540964194
TBC1D22B	chr6:37202795-37203296	10	-0.02049800766152963	0.04785003948502572	4	0.06834804714655535	0.08513932945975222	0.0002784444951211747	unsupported	True	0.001709334803238	0.001709334803238
TBC1D22B	chr6:37169737-37170238	11	0.002679729026971124	0.027597990215415827	0	0.0249182611884447	0.03253879888745397	2.2376734434409116e-05	unsupported	True	0.0015880411015316	-0.0015880411015316
TBC1D22B	chr6:37432937-37433438	12	0.014970419056119953	0.0617619533163141	1	0.04679153426019415	0.05335075159307292	0.0001541802872429691	unsupported	True	0.0012441629740438	-0.0012441629740438
TBC1D22B	chr6:37381551-37382052	13	0.009074040937302859	0.04381947346268152	0	0.034745432525378664	0.02488967803749488	3.7895195844481185e-05	unsupported	True	0.0011936128809326	0.0011936128809326
TBC1D22B	chr6:37210352-37210853	14	0.0037718387853805553	0.04595518530121126	1	0.04218334651583071	0.061696791308801055	0.00011960191411791892	unsupported	True	0.001112067931673	0.001112067931673
TBC1D22B	chr6:37481648-37482149	15	0.006941587027003789	0.045605688051501614	4	0.03866410102449783	0.057760122949754106	0.0001018485940411036	unsupported	True	0.0010487491173553	0.0010487491173553
TBC1D22B	chr6:37311670-37312171	16	-0.007520402793081607	0.0821453239090923	0	0.0896657267021739	0.10456844418856434	0.0007702114409805096	unsupported	True	0.0008425447282664	-0.0008425447282664
TBC1D22B	chr6:37234887-37235388	17	-0.004165330733488557	0.018690066207147103	0	0.02285539694063566	0.029281217131021435	1.2508024785782924e-05	unsupported	True	0.0006492727922565	0.0006492727922565
TBC1D22B	chr6:37264985-37265486	18	-0.01599144530062576	0.03501064008835588	4	0.05100208538898164	0.061026410779819185	0.00010896971447577712	unsupported	True	0.0006119271102794	0.0006119271102794
TBC1D22B	chr6:37134974-37135475	19	-0.0006387606198668098	0.07964559410021702	0	0.08028435472008383	0.08508086845502194	0.0005440321827018662	unsupported	True	0.0005834340097782	0.0005834340097782
RALY	chr20:33862909-33863410	0	0.0006364227513846952	0.017843495877510617	2	0.017207073126125922	0.013569727625312944	4.166372343571166e-06	unsupported	True	0.0066868350695638	0.0066868350695638
RALY	chr20:33993009-33993510	1	-0.00544988450573087	0.009121608742565623	2	0.014571493248296492	0.011596398200345553	1.5413406035297676e-06	unsupported	True	0.0062369132723449	-0.0062369132723449
RALY	chr20:33993606-33994107	2	-0.005985741874604771	0.015736053651529386	2	0.021721795526134156	0.02591315401511208	8.85751354514143e-06	unsupported	True	0.0059019880088498	-0.0059019880088498
RALY	chr20:34216065-34216566	3	-0.004744090298226972	0.028233328138976898	4	0.03297741843720387	0.03678659850778572	3.425061412979072e-05	unsupported	True	0.0058821580392869	0.0058821580392869
RALY	chr20:34062358-34062859	4	0.008629369139491966	0.040462843146143915	2	0.03183347400665195	0.054193741562370994	6.980548798792746e-05	unsupported	True	0.0048972196818097	0.0048972196818097
RALY	chr20:33954779-33955280	5	0.001030557886306337	0.049365901738549975	3	0.04833534385224364	0.041718844230023054	9.95460782773874e-05	unsupported	True	0.003531074539804	-0.003531074539804
RALY	chr20:34112045-34112546	6	-0.0060228918602411394	0.010843532288168938	2	0.016866424148410077	0.023650427526155062	4.325464881896839e-06	unsupported	True	0.003024147492433	-0.003024147492433
RALY	chr20:33933438-33933939	7	-0.0024279637610887766	0.015974860548150175	2	0.018402824309238952	0.04580650564157786	1.346631342818844e-05	unsupported	True	0.0029187331062711	0.0029187331062711
RALY	chr20:34058734-34059235	8	-0.0113411239367821	0.025187414519173036	4	0.036528538455955134	0.03558692369601492	3.274208508244106e-05	unsupported	True	0.0024695355473757	0.0024695355473757
RALY	chr20:33871256-33871757	9	0.004073416659464743	0.015599282854869653	5	0.01152586619540491	0.03410089619307928	6.131179051551988e-06	unsupported	True	0.0023840503610326	0.0023840503610326
RALY	chr20:34180812-34181313	10	0.005519891037482056	0.06332178371143855	0	0.057801892673956495	0.07005366602433125	0.00025640475025325596	unsupported	True	0.0023133672145849	-0.0023133672145849
RALY	chr20:34024095-34024596	11	0.004541945556461742	0.051529901810157895	3	0.04698795625369615	0.050370046730120216	0.00012196022711322112	unsupported	True	0.0015173993169538	-0.0015173993169538
RALY	chr20:33881980-33882481	12	-0.011866865848166604	0.0070498933035789395	2	0.018916759151745545	0.03484343604087195	4.6467601313446565e-06	unsupported	True	0.0014825089361873	0.0014825089361873
RALY	chr20:34083109-34083610	13	-0.006176398632105475	0.019759660880837648	2	0.025936059512943123	0.047139498991816464	2.4158415329492584e-05	unsupported	True	0.0014643809923309	0.0014643809923309
RALY	chr20:33994229-33994730	14	-0.00788803469982197	0.0033976964154050215	2	0.011285731115226991	0.02442435708068342	9.365638951413796e-07	unsupported	True	0.0012955087110016	0.0012955087110016
RALY	chr20:34089834-34090335	15	0.011012261449295296	0.021206205184470292	2	0.010193943735174996	0.03474837365033097	7.511724895509501e-06	unsupported	True	0.001206150449484	0.001206150449484
RALY	chr20:33936603-33937104	16	0.0006245637911657112	0.018670766615888228	4	0.018046202824722517	0.05615427558079265	1.892042177479214e-05	unsupported	True	0.0010792086967389	0.0010792086967389
RALY	chr20:34129564-34130065	17	-0.011582072164743452	0.028668237501217615	2	0.04025030966596107	0.051306128831243525	5.920242100986244e-05	unsupported	True	0.0009039626577925	-0.0009039626577925
RALY	chr20:34190525-34191026	18	-0.0030189479088599145	0.021314505970996475	3	0.02433345387985639	0.020973777407787924	1.0878166015426309e-05	unsupported	True	0.0007893786623297	0.0007893786623297
RALY	chr20:34022057-34022558	19	-0.0040637134193611795	0.006387461149885275	2	0.010451174569246454	0.009384293969955309	6.264623532507137e-07	unsupported	True	0.0007805433077211	0.0007805433077211
LIMK2	chr22:31098569-31099070	0	0.022412321391344612	0.06188660131193767	3	0.03947427992059306	0.0666094190460932	0.00016272208302761147	unsupported	True	0.0079057065461222	0.0079057065461222
LIMK2	chr22:31346503-31347004	1	-0.008538374446121327	0.06098590627720116	3	0.06952428072332248	0.07967627457319187	0.0003378275052343801	unsupported	True	0.0062443101983786	-0.0062443101983786
LIMK2	chr22:31248034-31248535	2	-0.0016785719457684312	0.031747746845173765	5	0.0334263187909422	0.037975848084807286	4.0300361402419625e-05	unsupported	True	0.0058413748770654	0.0058413748770654
LIMK2	chr22:31265932-31266433	3	0.0093762196391907	0.0761554180953261	3	0.06677919845613539	0.09293630159569645	0.00047263664893687035	unsupported	True	0.0055580904787874	0.0055580904787874
LIMK2	chr22:31211941-31212442	4	0.0014256166504928256	0.07379326970623337	3	0.07236765305574054	0.08515203678965055	0.0004547328017139447	unsupported	True	0.0036325734202572	0.0036325734202572
LIMK2	chr22:31080985-31081486	5	-0.013087368271022151	0.04295438334901262	3	0.056041751620034774	0.06027297905976883	0.00014509145876504865	unsupported	True	0.0036301477702765	-0.0036301477702765
LIMK2	chr22:31140240-31140741	6	-0.012794077670029803	0.018005708563685132	3	0.030799786233714935	0.026370576613776106	1.4624382747947153e-05	unsupported	True	0.0035378238987066	-0.0035378238987066
LIMK2	chr22:31399262-31399763	7	-0.0062125466956289765	0.045731370953319965	3	0.05194391764894894	0.06380716487894098	0.00015157178689048314	unsupported	True	0.0033518370781828	-0.0033518370781828
LIMK2	chr22:31107382-31107883	8	0.0038557486546149165	0.0654914302270308	3	0.06163568157241588	0.0742311857536412	0.00029964226798021953	unsupported	True	0.0033460423289778	0.0033460423289778
LIMK2	chr22:31290572-31291073	9	-0.004390556931751402	0.059886861993811935	3	0.06427741892556334	0.07587894863590156	0.00029208636981256956	unsupported	True	0.0018852418187923	-0.0018852418187923
LIMK2	chr22:31122717-31123218	10	-0.003999458941334331	0.04022988182815486	3	0.04422934076948919	0.04292762291424	7.638288603004057e-05	unsupported	True	0.0018774060244424	0.0018774060244424
LIMK2	chr22:31155244-31155745	11	0.014319505673369641	0.05052061501162558	0	0.03620110933825594	0.04494956760386645	8.220836792855048e-05	unsupported	True	0.0016504289522294	0.0016504289522294
LIMK2	chr22:31313303-31313804	12	-0.00867661481341089	0.053281129734800814	3	0.06195774454821171	0.07539128936905043	0.0002488801130026042	unsupported	True	0.0015316421596603	-0.0015316421596603
LIMK2	chr22:31084669-31085170	13	0.007145721554268353	0.07424452289762874	3	0.0670988013433604	0.0676760264299854	0.00033714291238145735	unsupported	True	0.0011309538604232	0.0011309538604232
LIMK2	chr22:31231107-31231608	14	-0.007789356148384711	0.022276313700203873	0	0.030065669848588585	0.03219121981322718	2.1560143289330823e-05	unsupported	True	0.001097189392486	0.001097189392486
LIMK2	chr22:31345783-31346284	15	-0.004759986577945265	0.04202683495701253	3	0.04678682153495779	0.06037702350634406	0.00011871946369345268	unsupported	True	0.0010789937320473	-0.0010789937320473
LIMK2	chr22:31292276-31292777	16	-0.0036913653718857477	0.04670660918606609	3	0.050397974557951836	0.0562288563485714	0.00013235814527413922	unsupported	True	0.0010224467031081	0.0010224467031081
LIMK2	chr22:31284152-31284653	17	-0.01768878907486412	-0.0033516390694985263	3	0.014337150005365592	0.01639405727340187	0.0	unsupported	True	0.0008699943694701	-0.0008699943694701
LIMK2	chr22:31148940-31149441	18	-0.0018772497150089348	0.07048307173112266	3	0.0723603214461316	0.07870917464719479	0.00040143077944419136	unsupported	True	0.0008219458739762	-0.0008219458739762
LIMK2	chr22:31094145-31094646	19	-0.004231386755424511	0.007807754809209829	3	0.012039141564634339	0.014040414206596984	1.3197801977857822e-06	unsupported	True	0.0007495360590656	-0.0007495360590656
OTUD3	chr1:19752059-19752560	0	-0.007354923938185852	0.041496211379625496	4	0.04885113531781135	0.054542824511794756	0.00011056577968586377	unsupported	True	0.0204950261842965	0.0204950261842965
OTUD3	chr1:19737348-19737849	1	0.02543300982872641	0.08997357136627614	2	0.06454056153754972	0.11381678312879964	0.0006609277791640172	unsupported	True	0.0075066290890163	0.0075066290890163
OTUD3	chr1:19878166-19878667	2	0.02444927150089052	0.11241945630685973	2	0.08797018480596921	0.11642802256183542	0.001151421955218912	unsupported	True	0.006055324523364	0.006055324523364
OTUD3	chr1:19917954-19918455	3	-0.00804162562258808	0.04940912952334235	2	0.057450755145930434	0.0761661852911408	0.00021620470917373358	unsupported	True	0.004563309839412	0.004563309839412
OTUD3	chr1:19754382-19754883	4	0.009933014730388821	0.0938776174971379	1	0.08394460276674907	0.12301084790418013	0.0009693893621851436	unsupported	True	0.0044235497441401	0.0044235497441401
OTUD3	chr1:19973779-19974280	5	-0.011611552774090417	0.06364890955954568	4	0.07526046233363609	0.0878669323347369	0.00042090425282329685	unsupported	True	0.0042245071822285	0.0042245071822285
OTUD3	chr1:20058465-20058966	6	0.00016929428329661803	0.01719857145464347	3	0.017029277171346852	0.027284573120795953	7.991085046228073e-06	unsupported	True	0.0017372168002791	0.0017372168002791
OTUD3	chr1:19799475-19799976	7	-0.013242576550324504	0.05021455217955942	2	0.06345712872988392	0.0726631177311349	0.0002315389393475252	unsupported	True	0.0016097458677715	0.0016097458677715
OTUD3	chr1:19772010-19772511	8	-0.004087415930445363	0.02490087309619077	1	0.028988289026636135	0.045801219024663484	3.306086368291179e-05	unsupported	True	0.0012673568840725	0.0012673568840725
OTUD3	chr1:19793362-19793863	9	0.027011197167699397	0.09578471149743466	1	0.06877351432973526	0.11476752359388398	0.000756025464317792	unsupported	True	0.0011455530237863	0.0011455530237863
OTUD3	chr1:19938438-19938939	10	-0.002320170293398953	0.012685332640429575	1	0.015005502933828527	0.008188485114452193	1.5586764723342203e-06	unsupported	True	0.0009010307735196	0.0009010307735196
OTUD3	chr1:19738035-19738536	11	-0.022124708010786167	-0.003677899671263137	2	0.01844680833952303	0.027240397393973395	0.0	unsupported	True	0.0005945465014109	0.0005945465014109
OTUD3	chr1:19941297-19941798	12	0.009378723638314483	0.03347329744166688	4	0.0240945738033524	0.03868153475408032	3.119761846021704e-05	unsupported	True	0.0004901668203534	-0.0004901668203534
OTUD3	chr1:19735347-19735848	13	-0.007828505800924979	0.011101148711769324	3	0.0189296545126943	0.027793512181195107	5.840553936511477e-06	unsupported	True	0.0004075946677936	-0.0004075946677936
OTUD3	chr1:19979703-19980204	14	-0.0054738564001905595	0.010034663991206633	4	0.015508520391397194	0.017469672114492515	2.7186791345561273e-06	unsupported	True	0.0003648524655394	-0.0003648524655394
OTUD3	chr1:20000204-20000705	15	0.03164633198009972	0.11359636763828129	2	0.08195003565818157	0.12635891276192582	0.001176303723854164	unsupported	True	0.0003124423024616	-0.0003124423024616
OTUD3	chr1:19904306-19904807	16	0.015218715059521127	0.060160665763517	4	0.04494195070399588	0.06495521621971115	0.00017562186528513225	unsupported	True	0.000291473011895	-0.000291473011895
OTUD3	chr1:20047179-20047680	17	0.0033655881284992604	0.02913499024316545	5	0.02576940211466619	0.03368177770873931	2.5287984971102066e-05	unsupported	True	0.0002012118813001	0.0002012118813001
OTUD3	chr1:19909732-19910233	18	0.002221161360957879	0.05811614552114196	2	0.055894984160184076	0.05812924896916055	0.0001888271124195818	unsupported	True	0.0001093153661503	0.0001093153661503
OTUD3	chr1:19882089-19882590	19	0.007855943073582432	0.08138548786064612	2	0.07352954478706368	0.09661055309415852	0.0005781405309185331	unsupported	True	6.017965688485197e-05	6.017965688485197e-05
