gene	enhancer	enhancer_index	global_concordance	max_regional_concordance	best_domain	local_advantage	regional_specificity	regional_evidence_score	predicted_class	screen_only	prior_score	prior_signed_score
MCOLN2	chr1:84996873-84997374	0	-0.0036735874834142655	0.028545440197091532	2	0.032219027680505795	0.028545440197091532	2.6253421980880364e-05	unsupported	True	0.0046608448061684	0.0046608448061684
MCOLN2	chr1:84936143-84936644	1	0.007998067399268862	0.0574522516662973	2	0.04945418426702844	0.0574522516662973	0.00016323645367088586	unsupported	True	0.0015605053532255	-0.0015605053532255
MCOLN2	chr1:84853922-84854423	2	-0.0022552684107302115	0.013331424840575245	2	0.015586693251305456	0.013331424840575245	2.7701744901279403e-06	unsupported	True	0.001535696157357	0.001535696157357
MCOLN2	chr1:85062002-85062503	3	0.00038071246742864495	0.03585684363633623	2	0.03547613116890759	0.03585684363633623	4.561213139035078e-05	unsupported	True	0.0012374169550518	-0.0012374169550518
MCOLN2	chr1:84847211-84847712	4	-0.0072430883517812985	0.0	0	0.0072430883517812985	0.0	0.0	unsupported	True	0.0009520665707973	0.0009520665707973
MCOLN2	chr1:85109346-85109847	5	-0.0031583801369033685	0.035438300688142	2	0.03859668082504537	0.035438300688142	4.847253534587372e-05	unsupported	True	0.0009304304892483	0.0009304304892483
MCOLN2	chr1:84944896-84945397	6	0.010510465786589034	0.06044081526761252	2	0.049930349481023484	0.06044081526761252	0.0001824001677465517	unsupported	True	0.0007639656018793	-0.0007639656018793
MCOLN2	chr1:84844030-84844531	7	0.008147799754570435	0.06282722525714755	2	0.05467942550257712	0.06282722525714755	0.00021583392187762422	unsupported	True	0.0007051090105137	0.0007051090105137
MCOLN2	chr1:84892828-84893329	8	0.0019401131027849123	0.026058145397979886	2	0.024118032295194974	0.026058145397979886	1.6376793706388425e-05	unsupported	True	0.0006900108494828	0.0006900108494828
MCOLN2	chr1:85137628-85138129	9	0.0033006802152323053	0.04853781354020484	2	0.045237133324972534	0.04853781354020484	0.00010657503743410137	unsupported	True	0.000586396020635	0.000586396020635
MCOLN2	chr1:84820513-84821014	10	0.006006978081093006	0.02535026349614043	2	0.019343285415047422	0.02535026349614043	1.2430688844843558e-05	unsupported	True	0.0002207535970976	-0.0002207535970976
MCOLN2	chr1:85047995-85048496	11	0.0030660857220445176	0.04814635651367571	2	0.04508027079163119	0.04814635651367571	0.00010449929749543381	unsupported	True	0.0001692848003807	0.0001692848003807
MCOLN2	chr1:84802561-84803062	12	0.00961406029510813	0.03371822209578805	2	0.02410416180067992	0.03371822209578805	2.7404467509543164e-05	unsupported	True	0.0001584892011456	0.0001584892011456
MCOLN2	chr1:84782023-84782524	13	0.010635148090367297	0.03728456052744112	2	0.026649412437073822	0.03728456052744112	3.704637299793814e-05	unsupported	True	0.000137386128164	-0.000137386128164
MCOLN2	chr1:84846097-84846598	14	0.001299221159976284	0.0	0	-0.001299221159976284	0.0	0.0	unsupported	True	0.0001163068289871	0.0001163068289871
MCOLN2	chr1:84928817-84929318	15	-0.01025625868196513	0.0	0	0.01025625868196513	0.0	0.0	unsupported	True	8.657126942899357e-05	-8.657126942899357e-05
MCOLN2	chr1:84849758-84850259	16	-0.009196716957933249	0.0	0	0.009196716957933249	0.0	0.0	unsupported	True	8.578749115741172e-05	8.578749115741172e-05
MCOLN2	chr1:85061380-85061881	17	0.006258518880198524	0.05068938145203623	2	0.04443086257183771	0.05068938145203623	0.00011416125330974863	unsupported	True	5.732669697409175e-05	5.732669697409175e-05
MCOLN2	chr1:84810215-84810716	18	0.00169700739404529	0.011768235878590407	2	0.010071228484545117	0.011768235878590407	1.3947782877546876e-06	unsupported	True	5.467951046066131e-05	-5.467951046066131e-05
MCOLN2	chr1:84890514-84891015	19	0.028246059199578396	0.09414649419436509	2	0.06590043499478669	0.09414649419436509	0.000584112615726428	unsupported	True	4.5206728596077175e-05	4.5206728596077175e-05
METTL21C	chr13:102798795-102799296	0	-0.010717554656891422	0.0	0	0.010717554656891422	0.0	0.0	unsupported	True	0.0028005657894168	0.0028005657894168
METTL21C	chr13:102570980-102571481	1	-0.0074015993466702654	0.0	0	0.0074015993466702654	0.0	0.0	unsupported	True	0.0018905069690924	0.0018905069690924
METTL21C	chr13:102721715-102722216	2	-0.004513341506656636	0.0	0	0.004513341506656636	0.0	0.0	unsupported	True	0.0018500384996505	0.0018500384996505
METTL21C	chr13:102591848-102592349	3	-0.008651147589280287	0.0	0	0.008651147589280287	0.0	0.0	unsupported	True	0.0018154318985251	0.0018154318985251
METTL21C	chr13:102700054-102700555	4	-0.005223225680912768	0.0	0	0.005223225680912768	0.0	0.0	unsupported	True	0.0018041385698651	0.0018041385698651
METTL21C	chr13:102596655-102597156	5	-0.008908225593662515	0.0	0	0.008908225593662515	0.0	0.0	unsupported	True	0.0011866880130931	-0.0011866880130931
METTL21C	chr13:102555875-102556376	6	-0.00869656339472057	0.0	0	0.00869656339472057	0.0	0.0	unsupported	True	0.000663571477392	0.000663571477392
METTL21C	chr13:102773569-102774070	7	-0.008138749515161466	0.0	0	0.008138749515161466	0.0	0.0	unsupported	True	0.0006569985217268	-0.0006569985217268
METTL21C	chr13:102596065-102596566	8	-0.007060323044569268	0.0	0	0.007060323044569268	0.0	0.0	unsupported	True	0.0004174227042539	0.0004174227042539
METTL21C	chr13:102800087-102800588	9	-0.006610219910158661	0.0	0	0.006610219910158661	0.0	0.0	unsupported	True	0.0004152365312066	-0.0004152365312066
METTL21C	chr13:102589274-102589775	10	-0.003933164478359381	0.0	0	0.003933164478359381	0.0	0.0	unsupported	True	0.0003958051573575	0.0003958051573575
METTL21C	chr13:102707439-102707940	11	-0.00731761462728831	0.0	0	0.00731761462728831	0.0	0.0	unsupported	True	0.0002611852204112	-0.0002611852204112
METTL21C	chr13:102651897-102652398	12	-0.008250563230849866	0.0	0	0.008250563230849866	0.0	0.0	unsupported	True	0.0001765388174721	0.0001765388174721
METTL21C	chr13:102580464-102580965	13	-0.009426544362555985	0.0	0	0.009426544362555985	0.0	0.0	unsupported	True	0.000160529107161	0.000160529107161
METTL21C	chr13:102558087-102558588	14	0.0011943369154707867	0.0	0	-0.0011943369154707867	0.0	0.0	unsupported	True	6.939271477152787e-05	-6.939271477152787e-05
METTL21C	chr13:102774219-102774720	15	-0.010102223729022223	0.0	0	0.010102223729022223	0.0	0.0	unsupported	True	5.493993559536753e-05	5.493993559536753e-05
METTL21C	chr13:102681036-102681537	16	-0.003350526007662756	0.0	0	0.003350526007662756	0.0	0.0	unsupported	True	4.798511092518944e-05	-4.798511092518944e-05
METTL21C	chr13:102684056-102684557	17	-0.0045140631061640095	0.0	0	0.0045140631061640095	0.0	0.0	unsupported	True	3.723918222318895e-05	-3.723918222318895e-05
METTL21C	chr13:102834224-102834725	18	-0.005955325604315457	0.0	0	0.005955325604315457	0.0	0.0	unsupported	True	2.86927242559026e-05	-2.86927242559026e-05
METTL21C	chr13:102664508-102665009	19	-0.004914701690751506	0.0	0	0.004914701690751506	0.0	0.0	unsupported	True	2.0517131513592612e-05	2.0517131513592612e-05
LRRC19	chr9:26946998-26947499	0	0.006013908608638464	0.04770386693891809	5	0.04168995833027962	0.04770386693891809	9.487212558733411e-05	unsupported	True	0.0029452763983884	-0.0029452763983884
LRRC19	chr9:26892565-26893066	1	0.0035154399760687354	0.03323745786818453	5	0.029722017892115794	0.03323745786818453	3.2834763379772445e-05	unsupported	True	0.002166579438735	-0.002166579438735
LRRC19	chr9:26856350-26856851	2	0.0019790189341092985	0.01569301406720979	5	0.013713995133100492	0.01569301406720979	3.377355051129417e-06	unsupported	True	0.0021563128137049	0.0021563128137049
LRRC19	chr9:27033747-27034248	3	0.021534161132819453	0.08171296972491125	5	0.0601788085920918	0.08171296972491125	0.0004018144719298557	unsupported	True	0.0016765114496956	0.0016765114496956
LRRC19	chr9:27124947-27125448	4	0.02546795005675663	0.09276932562734568	5	0.06730137557058904	0.09276932562734568	0.0005792055837795905	unsupported	True	0.0010317812868653	0.0010317812868653
LRRC19	chr9:27126626-27127127	5	-0.007975005166260435	0.0	0	0.007975005166260435	0.0	0.0	unsupported	True	0.0007682756084235	-0.0007682756084235
LRRC19	chr9:27059415-27059916	6	0.08972136023371395	0.18787393023297877	5	0.09815256999926482	0.18787393023297877	0.0034644533431165826	unsupported	True	0.0007401641355732	0.0007401641355732
LRRC19	chr9:27003546-27004047	7	0.05506410567459086	0.133560462797905	5	0.07849635712331415	0.133560462797905	0.0014002491989077038	unsupported	True	0.0007347297015029	0.0007347297015029
LRRC19	chr9:26956123-26956624	8	0.009038801266243374	0.054589955918304706	5	0.04555115465206133	0.054589955918304706	0.00013574532366646708	unsupported	True	0.0006430343025877	-0.0006430343025877
LRRC19	chr9:26905162-26905663	9	-0.007896436709191419	0.0	0	0.007896436709191419	0.0	0.0	unsupported	True	0.0006140161246081	-0.0006140161246081
LRRC19	chr9:26933253-26933754	10	-0.010355980932282679	0.0	0	0.010355980932282679	0.0	0.0	unsupported	True	0.0003026439870733	-0.0003026439870733
LRRC19	chr9:26917409-26917910	11	-0.004129608896727822	0.0	0	0.004129608896727822	0.0	0.0	unsupported	True	0.0002058027727529	-0.0002058027727529
LRRC19	chr9:27117608-27118109	12	-0.006811973998111787	0.0	0	0.006811973998111787	0.0	0.0	unsupported	True	0.0001939597904478	0.0001939597904478
LRRC19	chr9:26873234-26873735	13	-0.002064447442158217	0.013985978516566475	5	0.01605042595872469	0.013985978516566475	3.1395852215687704e-06	unsupported	True	0.0001764018938594	-0.0001764018938594
LRRC19	chr9:26861143-26861644	14	-0.001033589229836999	0.006479208938824335	5	0.007512798168661334	0.006479208938824335	3.1538838256764334e-07	unsupported	True	0.0001738369471169	-0.0001738369471169
LRRC19	chr9:26863020-26863521	15	-0.0031785536634871625	0.006364810926408572	5	0.009543364589895735	0.006364810926408572	3.866095072393362e-07	unsupported	True	0.000142223624191	0.000142223624191
LRRC19	chr9:27062406-27062907	16	0.005013217132411803	0.053830589569793946	5	0.04881737243738214	0.053830589569793946	0.00014145968049767015	unsupported	True	4.093889462562969e-05	-4.093889462562969e-05
LRRC19	chr9:27054419-27054920	17	0.013422990241480344	0.04627792601575968	5	0.03285493577427934	0.04627792601575968	7.0363656116512e-05	unsupported	True	4.086744438437191e-05	4.086744438437191e-05
AKAP17A	chrX:1591263-1591764	0	0.0027505469499175495	0.07590412723960632	4	0.07315358028968877	0.09862081122569093	0.0005476077021339415	unsupported	True	0.0037836518014085	-0.0037836518014085
AKAP17A	chrX:1652180-1652681	1	0.003065071094094934	0.0340883158274043	5	0.031023244733309363	0.038276303957319166	4.047834601890111e-05	unsupported	True	0.0031540091748552	0.0031540091748552
AKAP17A	chrX:1648547-1649048	2	0.0022351207593185357	0.076618253357596	5	0.07438313259827747	0.09090305602178804	0.0005180661246254236	unsupported	True	0.0022562923087249	0.0022562923087249
AKAP17A	chrX:1657618-1658119	3	0.010714753384550106	0.07433624188045389	3	0.06362148849590378	0.10478802106899432	0.0004955826181342452	unsupported	True	0.0016950560159353	0.0016950560159353
AKAP17A	chrX:1496013-1496514	4	0.0003073546176076622	0.1675540260816891	4	0.16724667146408143	0.17996653634011575	0.005043175820235425	unsupported	True	0.0009380057930388	-0.0009380057930388
AKAP17A	chrX:1636301-1636802	5	0.024461585370964527	0.07431267158758591	3	0.049851086216621376	0.045384674371601985	0.000168130585059508	unsupported	True	0.0008888889569105	-0.0008888889569105
AKAP17A	chrX:1649587-1650088	6	0.0015664305877255362	0.04241703818029941	3	0.040850607592573876	0.05124207493226056	8.879030907006184e-05	unsupported	True	0.0008717426206424	0.0008717426206424
AKAP17A	chrX:1465527-1466028	7	0.009177755633516924	0.07757687611177692	5	0.06839912047826	0.09503152768765981	0.0005042553509761599	unsupported	True	0.0004414776043839	0.0004414776043839
AKAP17A	chrX:1720775-1721276	8	0.027245022746359364	0.10113508909257521	3	0.07389006634621584	0.09709474636155757	0.0007255772370119752	unsupported	True	0.0001999274271578	0.0001999274271578
AKAP17A	chrX:1746885-1747386	9	0.011324903467413513	0.05521355420268777	3	0.04388865073527425	0.052544773347127885	0.0001273290377450047	unsupported	True	0.0001900477827869	-0.0001900477827869
AKAP17A	chrX:1581047-1581548	10	-0.0005561338503257939	0.03643016870321361	0	0.03698630255353941	0.033542988944116406	4.5196401642579986e-05	unsupported	True	0.0001555596960179	-0.0001555596960179
AKAP17A	chrX:1741851-1742352	11	0.01862424653508318	0.0679921325216964	3	0.04936788598661322	0.04340558709886341	0.0001456964023418178	unsupported	True	0.0001181267060456	0.0001181267060456
AKAP17A	chrX:1608160-1608661	12	-1.9700864063624258e-05	0.0742059769177129	4	0.07422567778177652	0.10293820982339683	0.0005669825204052912	unsupported	True	5.494178367001746e-05	-5.494178367001746e-05
THUMPD1	chr16:20741629-20742130	0	-0.016598165783707184	0.033340248846790384	1	0.04993841463049757	0.0607030657540302	0.00010106812602254367	unsupported	True	0.0016443440932268	-0.0016443440932268
THUMPD1	chr16:20868765-20869266	1	0.004919435440840348	0.08699898715725772	1	0.08207955171641737	0.09638169437838498	0.0006882460527726836	unsupported	True	0.0014124970610051	0.0014124970610051
THUMPD1	chr16:20806229-20806730	2	-0.016009697866483413	0.059405006824517034	1	0.07541470469100045	0.08748303646429148	0.0003919249697709415	unsupported	True	0.0013474463666043	0.0013474463666043
THUMPD1	chr16:20859182-20859683	3	-0.0027177938137358825	0.06061198867695083	1	0.06332978249068671	0.07682457790793304	0.00029489452713206025	unsupported	True	0.0012439384812936	0.0012439384812936
THUMPD1	chr16:20675579-20676080	4	-0.0025920025645801074	0.07337863954560218	1	0.07597064211018228	0.09498808460903843	0.0005295227007229225	unsupported	True	0.00115885420835	0.00115885420835
THUMPD1	chr16:20763759-20764260	5	-0.00686625263538832	0.09013796947370507	1	0.09700422210909339	0.10690512413796972	0.0009347531342980163	unsupported	True	0.0010119087589655	0.0010119087589655
THUMPD1	chr16:20618993-20619494	6	-0.012919769017263685	0.040842179488280374	5	0.053761948505544055	0.047088670183906334	0.0001033951900866549	unsupported	True	0.0008994687354702	0.0008994687354702
THUMPD1	chr16:20674260-20674761	7	-0.015426718876326432	0.0670469288572672	1	0.08247364773359363	0.08952096650717573	0.0004950155653998787	unsupported	True	0.0007809308924134	0.0007809308924134
THUMPD1	chr16:20713414-20713915	8	0.014464459649044924	0.05403364357405292	1	0.039569183925007995	0.05272668540784475	0.0001127331956186624	unsupported	True	0.0006648860934539	0.0006648860934539
THUMPD1	chr16:20879537-20880038	9	-0.0027664532524024838	0.03602701080891118	1	0.03879346406131366	0.04480196869049166	6.26157936640684e-05	unsupported	True	0.0006050171561247	0.0006050171561247
THUMPD1	chr16:20611452-20611953	10	-0.0010251425908550092	0.023140843841740706	1	0.024165986432595717	0.02058416502362148	1.15111039009915e-05	unsupported	True	0.0005835426799616	0.0005835426799616
THUMPD1	chr16:20777456-20777957	11	0.00033131786034365133	0.01949963287897034	5	0.01916831501862669	0.03643946484283864	1.3620164825895205e-05	unsupported	True	0.0005760913859745	-0.0005760913859745
THUMPD1	chr16:20612901-20613402	12	-0.0009024631232510533	0.02855904626242168	1	0.029461509385672734	0.02945880524665656	2.478642101941924e-05	unsupported	True	0.0005131828433662	0.0005131828433662
THUMPD1	chr16:20612093-20612594	13	-0.0041661586585814495	0.034741420772585976	4	0.038907579431167426	0.0400815285259066	5.4178386012982065e-05	unsupported	True	0.0004446566151167	0.0004446566151167
THUMPD1	chr16:20799516-20800017	14	-0.015491688153106217	0.03202786065594008	1	0.0475195488090463	0.046007831051563954	7.002159489862262e-05	unsupported	True	0.0004025781256392	-0.0004025781256392
THUMPD1	chr16:20562119-20562620	15	-0.0027115622997220426	0.017725639502567742	1	0.020437201802289785	0.03144541531203993	1.1391493871070113e-05	unsupported	True	0.0003519849120862	0.0003519849120862
THUMPD1	chr16:20613536-20614037	16	-0.006700814146545053	0.018133977175580435	4	0.024834791322125488	0.0340806730175961	1.5348351704830572e-05	unsupported	True	0.000350833463885	0.000350833463885
THUMPD1	chr16:20610166-20610667	17	-0.007320465272770783	0.02670535492523869	5	0.03402582019800947	0.04345808964521858	3.948913206859784e-05	unsupported	True	0.0002577771297987	0.0002577771297987
THUMPD1	chr16:20849790-20850291	18	-0.013797553129520765	0.06517868857333452	1	0.07897624170285528	0.08417956539263878	0.00043332002550638526	unsupported	True	0.0002530401773229	-0.0002530401773229
THUMPD1	chr16:20831699-20832200	19	-0.009319789434752679	0.01768222025233908	5	0.02700200968709176	0.02553836557189692	1.2193432657488302e-05	unsupported	True	0.0002438945045529	-0.0002438945045529
ACP5	chr19:11427269-11427770	0	0.0	0.0	0	0.0	0.0	0.0	unsupported	True	0.0028733482228648	0.0028733482228648
ACP5	chr19:11457044-11457545	1	0.0	0.0	0	0.0	0.0	0.0	unsupported	True	0.0021507669627089	0.0021507669627089
ACP5	chr19:11451519-11452020	2	0.0	0.0	0	0.0	0.0	0.0	unsupported	True	0.0020915572324575	0.0020915572324575
ACP5	chr19:11494791-11495292	3	0.0	0.0	0	0.0	0.0	0.0	unsupported	True	0.0013521558761263	0.0013521558761263
ACP5	chr19:11551875-11552376	4	0.0	0.0	0	0.0	0.0	0.0	unsupported	True	0.0010372180048844	0.0010372180048844
ACP5	chr19:11535959-11536460	5	0.0	0.0	0	0.0	0.0	0.0	unsupported	True	0.0007493089558398	0.0007493089558398
ACP5	chr19:11435030-11435531	6	0.0	0.0	0	0.0	0.0	0.0	unsupported	True	0.000629907940617	-0.000629907940617
ACP5	chr19:11480838-11481339	7	0.0	0.0	0	0.0	0.0	0.0	unsupported	True	0.0004226091734522	-0.0004226091734522
ACP5	chr19:11559065-11559566	8	0.0	0.0	0	0.0	0.0	0.0	unsupported	True	0.0004175782095494	-0.0004175782095494
ACP5	chr19:11513995-11514496	9	0.0	0.0	0	0.0	0.0	0.0	unsupported	True	0.000407245928706	0.000407245928706
ACP5	chr19:11624562-11625063	10	0.0	0.0	0	0.0	0.0	0.0	unsupported	True	0.0003914032908464	0.0003914032908464
ACP5	chr19:11597140-11597641	11	0.0	0.0	0	0.0	0.0	0.0	unsupported	True	0.0003865506518732	0.0003865506518732
ACP5	chr19:11446667-11447168	12	0.0	0.0	0	0.0	0.0	0.0	unsupported	True	0.0003329045611304	0.0003329045611304
ACP5	chr19:11528930-11529431	13	0.0	0.0	0	0.0	0.0	0.0	unsupported	True	0.0003272472574966	-0.0003272472574966
ACP5	chr19:11704614-11705115	14	0.0	0.0	0	0.0	0.0	0.0	unsupported	True	0.0002837165148952	0.0002837165148952
ACP5	chr19:11479349-11479850	15	0.0	0.0	0	0.0	0.0	0.0	unsupported	True	0.0002656549645159	-0.0002656549645159
ACP5	chr19:11450534-11451035	16	0.0	0.0	0	0.0	0.0	0.0	unsupported	True	0.000177093895576	-0.000177093895576
ACP5	chr19:11465498-11465999	17	0.0	0.0	0	0.0	0.0	0.0	unsupported	True	0.0001735919928344	0.0001735919928344
ACP5	chr19:11482189-11482690	18	0.0	0.0	0	0.0	0.0	0.0	unsupported	True	0.000162508430131	-0.000162508430131
ACP5	chr19:11505618-11506119	19	0.0	0.0	0	0.0	0.0	0.0	unsupported	True	0.0001139575880576	-0.0001139575880576
C1orf35	chr1:228212293-228212794	0	-0.008990216134455236	0.01491224117519377	4	0.023902457309649006	0.01766000001528702	6.294716420163931e-06	unsupported	True	0.0031031969148605	0.0031031969148605
C1orf35	chr1:228082345-228082846	1	0.00857990128068256	0.03614820901897102	1	0.02756830773828846	0.023604678408871704	2.352312307471914e-05	unsupported	True	0.0023917512461129	-0.0023917512461129
C1orf35	chr1:228037679-228038180	2	0.013853164632350822	0.0727790711895565	0	0.05892590655720567	0.04817447119151988	0.00020659972431263363	unsupported	True	0.0013126424421301	0.0013126424421301
C1orf35	chr1:228165891-228166392	3	0.010735659792620682	0.029253453073119638	1	0.018517793280498955	0.015913739212343028	8.620622068736167e-06	unsupported	True	0.0011318222560566	-0.0011318222560566
C1orf35	chr1:228103137-228103638	4	0.00865050498553178	0.04081944481223917	1	0.03216893982670739	0.0326257829803258	4.284151150630372e-05	unsupported	True	0.0010687050518544	-0.0010687050518544
C1orf35	chr1:228212840-228213341	5	-0.015332863544704053	0.021913903522493484	5	0.03724676706719754	0.04645332959927684	3.791623238102305e-05	unsupported	True	0.0008030945334414	0.0008030945334414
C1orf35	chr1:228140364-228140865	6	0.02571158041630535	0.07430047796944095	1	0.0485888975531356	0.0632897645836185	0.00022848733548441397	unsupported	True	0.0007463608467238	-0.0007463608467238
C1orf35	chr1:228109130-228109631	7	0.005195875378747792	0.02060873277323201	0	0.015412857394484218	0.013491984614428573	4.285586698011478e-06	unsupported	True	0.0006081025194216	-0.0006081025194216
C1orf35	chr1:228090113-228090614	8	0.021908661438063717	0.043865909909534144	5	0.021957248471470427	0.021606452701545115	2.0810788238280022e-05	unsupported	True	0.000555136271697	-0.000555136271697
C1orf35	chr1:228139838-228140339	9	-0.005949051708597308	0.01190946501139844	5	0.01785851671999575	0.014782460859108303	3.1440133056315086e-06	unsupported	True	0.0004775558501063	0.0004775558501063
C1orf35	chr1:228130904-228131405	10	0.01308531001294551	0.03337962028952893	5	0.02029431027658342	0.030290740295595107	2.0519443368073105e-05	unsupported	True	0.0004388997402289	0.0004388997402289
C1orf35	chr1:228059027-228059528	11	0.01993779845447377	0.09265857957339065	1	0.07272078111891687	0.08596012704950798	0.0005792168963335614	unsupported	True	0.0003725207444056	0.0003725207444056
C1orf35	chr1:228021363-228021864	12	0.034772694242206054	0.11396867797380542	0	0.07919598373159936	0.09873871963614463	0.0008912020147115503	unsupported	True	0.0003704751408348	-0.0003704751408348
C1orf35	chr1:228150480-228150981	13	0.023892079763501176	0.08823055306168368	0	0.0643384732981825	0.06147299455145062	0.0003489587739133851	unsupported	True	0.000301587995414	-0.000301587995414
C1orf35	chr1:228213420-228213921	14	-0.0010116603892670805	0.01909315936595371	0	0.02010481975522079	0.02202895230735599	8.456133371210943e-06	unsupported	True	0.0002226071074382	0.0002226071074382
C1orf35	chr1:228165389-228165890	15	0.005237713834333856	0.029319612126493748	1	0.02408189829215989	0.021816069521114617	1.540371403245026e-05	unsupported	True	0.0002210527613871	-0.0002210527613871
C1orf35	chr1:227999329-227999830	16	0.03157217639780061	0.10720588780028499	0	0.07563371140248437	0.07830991709339413	0.000634966501232791	unsupported	True	0.0001977650818582	-0.0001977650818582
C1orf35	chr1:228205268-228205769	17	-0.0035301597603159753	0.05645565012614476	4	0.05998580988646073	0.07266501096528981	0.00024608281330967526	unsupported	True	0.0001569220060487	-0.0001569220060487
C1orf35	chr1:228014504-228015005	18	0.024304380734191257	0.09167302028349573	0	0.06736863954930447	0.06386623509956715	0.000394430629367851	unsupported	True	0.0001536715846396	-0.0001536715846396
C1orf35	chr1:228176273-228176774	19	0.007793310128687155	0.06774962335688732	5	0.059956313228200164	0.05757811165845385	0.0002338833051814492	unsupported	True	0.0001085982159305	-0.0001085982159305
TCIRG1	chr11:68038737-68039238	0	0.008180935471488167	0.0631323461748146	1	0.05495141070332643	0.0631323461748146	0.0002190194603183993	unsupported	True	0.0025415876373878	0.0025415876373878
TCIRG1	chr11:68003900-68004401	1	0.015580314889726292	0.07329263009912736	1	0.057712315209401066	0.07329263009912736	0.00031001957042951854	unsupported	True	0.0014129422192032	0.0014129422192032
TCIRG1	chr11:68120504-68121005	2	0.01236297389038475	0.07272222524460108	1	0.060359251354216326	0.07272222524460108	0.00031921123137788865	unsupported	True	0.0010995867812477	0.0010995867812477
TCIRG1	chr11:68118990-68119491	3	-0.004674800865333833	0.052281455696332496	1	0.05695625656166633	0.052281455696332496	0.000155681418600631	unsupported	True	0.0010501553668345	0.0010501553668345
TCIRG1	chr11:67996972-67997473	4	-0.01150298883607861	0.0332293840182713	1	0.04473237285434991	0.043433135611097684	6.456028082990536e-05	unsupported	True	0.0009342246478835	0.0009342246478835
TCIRG1	chr11:68146982-68147483	5	0.01550846254578495	0.07593562093705476	1	0.06042715839126981	0.07593562093705476	0.00034843620025550866	unsupported	True	0.0009076129660689	0.0009076129660689
TCIRG1	chr11:68047790-68048291	6	0.011663314004528554	0.08686402971729029	1	0.07520071571276174	0.08686402971729029	0.0005674164466464167	unsupported	True	0.0008102934434638	0.0008102934434638
TCIRG1	chr11:68010569-68011070	7	0.025415808829839053	0.07934487656858297	1	0.05392906773874391	0.07934487656858297	0.0003395163478215179	unsupported	True	0.0006346053903422	0.0006346053903422
TCIRG1	chr11:67955586-67956087	8	-0.015082544461603472	0.026653892450352566	1	0.04173643691195604	0.03503088129525268	3.896970106671799e-05	unsupported	True	0.0006313783812179	-0.0006313783812179
TCIRG1	chr11:68140424-68140925	9	0.014780644155304926	0.08031209235262053	1	0.0655314481973156	0.08031209235262053	0.00042267994954728555	unsupported	True	0.0006313006506133	0.0006313006506133
TCIRG1	chr11:68019602-68020103	10	-0.014268201481189638	0.007124755154376589	1	0.021392956635566226	0.02443596657866496	3.7245197153254226e-06	unsupported	True	0.0005801828425086	0.0005801828425086
TCIRG1	chr11:68065752-68066253	11	-0.01783937766939642	0.0	0	0.01783937766939642	0.019679037115119855	0.0	unsupported	True	0.0004982435456819	0.0004982435456819
TCIRG1	chr11:68021283-68021784	12	0.004503268590167017	0.03814710006146903	1	0.03364383147130201	0.03814710006146903	4.8958545379676513e-05	unsupported	True	0.0004828663386403	0.0004828663386403
TCIRG1	chr11:68128245-68128746	13	0.012123006723488379	0.06504650079968519	1	0.05292349407619681	0.06504650079968519	0.00022392180493326064	unsupported	True	0.0004303940035958	0.0004303940035958
TCIRG1	chr11:68013060-68013561	14	0.01864350716275348	0.07670963317952666	1	0.058066126016773176	0.07670963317952666	0.0003416824435125098	unsupported	True	0.0004158726759536	0.0004158726759536
TCIRG1	chr11:68010028-68010529	15	0.02175549870492279	0.09067047128893192	1	0.06891497258400914	0.09067047128893192	0.000566559249287771	unsupported	True	0.0003983063044511	0.0003983063044511
TCIRG1	chr11:68003024-68003525	16	-0.00047534388289940726	0.0739735841597	1	0.07444892804259941	0.07636707508023403	0.00042057288307618815	unsupported	True	0.0003582169969495	0.0003582169969495
TCIRG1	chr11:68009502-68010003	17	0.017303232625115628	0.08267086841890295	1	0.06536763579378732	0.08267086841890295	0.0004467533082510021	unsupported	True	0.0003515992308424	0.0003515992308424
TCIRG1	chr11:68030252-68030753	18	-0.017373921363933956	0.02474576241436834	1	0.042119683778302296	0.036456722414159294	3.7998247080969235e-05	unsupported	True	0.0003287812749429	-0.0003287812749429
TCIRG1	chr11:68121227-68121728	19	-0.00910831320929755	0.03976534283688864	1	0.04887365604618619	0.04449840390403113	8.648165515550622e-05	unsupported	True	0.0002430626638352	-0.0002430626638352
CD14	chr5:140609028-140609529	0	-0.006355731183984806	0.04063733305051056	5	0.04699306423449536	0.0653101822802383	0.00012472107881782502	unsupported	True	0.0020138977339528	0.0020138977339528
CD14	chr5:140639158-140639659	1	-0.02214103337012935	0.030544440089602894	2	0.05268547345973225	0.06133394455457489	9.87015452513032e-05	unsupported	True	0.0018550380589391	0.0018550380589391
CD14	chr5:140564468-140564969	2	-0.02751122720913877	0.01499931238302382	1	0.04251053959216259	0.047322669029560026	3.0174299643362033e-05	unsupported	True	0.0017355454488603	-0.0017355454488603
CD14	chr5:140711019-140711520	3	-0.025311897076645096	0.011087930751165027	2	0.03639982782781012	0.0452311917618251	1.825525337468718e-05	unsupported	True	0.0014639944490439	0.0014639944490439
CD14	chr5:140632438-140632939	4	-0.03055679025819412	0.012148356965737232	2	0.04270514722393135	0.040950687237334846	2.1245108951064137e-05	unsupported	True	0.0013720798827428	0.0013720798827428
CD14	chr5:140700107-140700608	5	-0.027262934011811943	0.01663789738227405	2	0.043900831394085994	0.04836941146853607	3.532986594266697e-05	unsupported	True	0.001121149649279	-0.001121149649279
CD14	chr5:140664556-140665057	6	-0.028214423156997077	0.017697011794905293	2	0.04591143495190237	0.04867512361168856	3.95483045793756e-05	unsupported	True	0.000994541269673	-0.000994541269673
CD14	chr5:140725859-140726360	7	-0.02132592367403988	0.0459373324022531	2	0.06726325607629298	0.07487106112000969	0.00023134368391965993	unsupported	True	0.0009112669386377	0.0009112669386377
CD14	chr5:140557228-140557729	8	-0.029106386771037475	0.016628280250825772	2	0.04573466702186325	0.048235400518059204	3.6682484771772175e-05	unsupported	True	0.0008463328208727	-0.0008463328208727
CD14	chr5:140672401-140672902	9	-0.03211745688745984	0.0167878978974363	1	0.04890535478489613	0.05167891885936832	4.2429327914954565e-05	unsupported	True	0.0007734086417154	0.0007734086417154
CD14	chr5:140647475-140647976	10	-0.024881336932603124	0.01676514208877053	1	0.04164647902137365	0.04818666572871356	3.364437035552928e-05	unsupported	True	0.000600186553811	-0.000600186553811
CD14	chr5:140547338-140547839	11	-0.021066404942088692	0.0018695475921113496	2	0.02293595253420004	0.028835059034024	1.2364431454826415e-06	unsupported	True	0.0005373547140251	0.0005373547140251
CD14	chr5:140691162-140691663	12	-0.021310425055239602	0.04792057806296859	2	0.06923100311820819	0.07713212373244342	0.00025589273840885286	unsupported	True	0.0004182508991278	-0.0004182508991278
CD14	chr5:140673527-140674028	13	-0.03276756457098451	0.02428023548950177	1	0.05704780006048628	0.06490553976706583	8.990287119359133e-05	unsupported	True	5.951611433537296e-05	5.951611433537296e-05
CD14	chr5:140481809-140482310	14	-0.016843481897064326	0.06983947747835283	1	0.08668295937541715	0.09084439336347097	0.000549962199740443	unsupported	True	3.2086156007007115e-05	-3.2086156007007115e-05
DDX3Y	chrY:12905013-12905514	0	-0.013815972652435414	0.020238322234716607	1	0.03405429488715202	0.048348850873715946	3.3322114731102715e-05	unsupported	True	0.0062379295899653	0.0062379295899653
DDX3Y	chrY:12904494-12904995	1	-0.016820575655777138	0.03551471308038684	1	0.05233528873616398	0.06651042174746531	0.00012362110938719158	unsupported	True	0.0035135869681239	0.0035135869681239
DDX3Y	chrY:12783160-12783661	2	0.020402443153240052	0.0906071642396714	3	0.07020472108643135	0.08144952641826828	0.0005181045665390093	unsupported	True	0.002658577659947	-0.002658577659947
DDX3Y	chrY:12996739-12997240	3	0.005425251171896793	0.05891386804990674	1	0.053488616878009945	0.0719119391492386	0.00022661043558835694	unsupported	True	0.0016239475969777	0.0016239475969777
DDX3Y	chrY:12816939-12817440	4	-0.01938900832525595	0.026488367059459915	5	0.04587737538471587	0.05702333423969919	6.929571141729314e-05	unsupported	True	0.0004713742667394	0.0004713742667394
DDX3Y	chrY:12796345-12796846	5	0.019400034916346766	0.07468369869488041	1	0.055283663778533644	0.06929842224233326	0.00028611852801739416	unsupported	True	0.0002267089273073	0.0002267089273073
FSCN1	chr7:5634270-5634771	0	-0.0643758595721997	0.04896705459923016	5	0.11334291417142986	0.09707539352900846	0.000538775099929841	unsupported	True	0.0017088451139887	-0.0017088451139887
FSCN1	chr7:5661832-5662333	1	-0.007240258996519642	0.04329306244426017	2	0.050533321440779815	0.06976394300187343	0.00015262552497960572	unsupported	True	0.0013050948819372	0.0013050948819372
FSCN1	chr7:5651793-5652294	2	-0.02801052482125463	0.055755956898747266	5	0.0837664817200019	0.08705248181213832	0.00040657690522961833	unsupported	True	0.0011601655494978	0.0011601655494978
FSCN1	chr7:5586489-5586990	3	-0.03730169970103306	0.08164173928758109	5	0.11894343898861415	0.1164729935744183	0.0011310400333530595	unsupported	True	0.0011123784025099	-0.0011123784025099
FSCN1	chr7:5495555-5496056	4	-0.04618952909400387	0.05787227064439829	5	0.10406179973840216	0.08140613365486779	0.0004902515594143599	unsupported	True	0.0008941891509915	-0.0008941891509915
FSCN1	chr7:5703140-5703641	5	-0.03802166017065461	0.051815376250015	5	0.0898370364206696	0.08548078258711203	0.000397907900703204	unsupported	True	0.000889961253924	-0.000889961253924
FSCN1	chr7:5558813-5559314	6	-0.0458287582394172	0.07014302763433498	5	0.11597178587375218	0.0962502176298301	0.0007829581927887981	unsupported	True	0.0008818543607616	-0.0008818543607616
FSCN1	chr7:5607414-5607915	7	-0.011959104483224538	0.053833924149093645	5	0.06579302863231819	0.08320351028943399	0.0002946982562391992	unsupported	True	0.0007142489581083	0.0007142489581083
FSCN1	chr7:5445801-5446302	8	0.0018172818918213132	0.0720057409232858	4	0.07018845903146448	0.1009392188514671	0.0005101439854566332	unsupported	True	0.0006123626749892	0.0006123626749892
FSCN1	chr7:5679202-5679703	9	-0.053033783760648066	0.049041774039693356	5	0.10207555780034142	0.06920053708142736	0.00034641556630250536	unsupported	True	0.0006029552572722	-0.0006029552572722
FSCN1	chr7:5594162-5594663	10	-0.03721320817727265	0.06287190830100246	5	0.10008511647827512	0.08215853467077922	0.0005169860518888437	unsupported	True	0.0005847552907857	-0.0005847552907857
FSCN1	chr7:5562584-5563085	11	-0.0344991404013698	0.04704137717766013	5	0.08154051757902994	0.08421694847329528	0.0003230375386201813	unsupported	True	0.0005400930119389	0.0005400930119389
FSCN1	chr7:5665322-5665823	12	-0.029832734969815772	0.07210865843973567	5	0.10194139340955144	0.11192473884246809	0.000822742763227317	unsupported	True	0.0005308358905273	0.0005308358905273
FSCN1	chr7:5556394-5556895	13	-0.05485653369421301	0.034800151141988984	5	0.089656684836202	0.05823938153009486	0.0001817107248419202	unsupported	True	0.0005172008147728	-0.0005172008147728
FSCN1	chr7:5699931-5700432	14	-0.006469451732217011	0.04511677916686696	4	0.05158623089908397	0.06870871450809708	0.00015991297734908934	unsupported	True	0.0004941710200234	0.0004941710200234
FSCN1	chr7:5636917-5637418	15	-0.043129879674441485	0.0555000927285846	5	0.0986299724030261	0.09227074886800461	0.0005050875523938624	unsupported	True	0.0004723697032166	-0.0004723697032166
FSCN1	chr7:5570528-5571029	16	-0.0007687214895338424	0.06262716805816806	4	0.06339588954770191	0.08605201646906452	0.00034165275373419747	unsupported	True	0.0004667816775835	0.0004667816775835
FSCN1	chr7:5529658-5530159	17	-0.02926108495213823	0.06351760636548949	5	0.09277869131762773	0.09516374654083762	0.0005608076089801731	unsupported	True	0.0004412642523513	-0.0004412642523513
FSCN1	chr7:5592527-5593028	18	-0.009110522361534226	0.059483314449281045	5	0.06859383681081527	0.08814211943765633	0.00035963648539114875	unsupported	True	0.0004311333526878	0.0004311333526878
FSCN1	chr7:5491233-5491734	19	-0.039787339768928676	0.03546710084001462	5	0.07525444060894329	0.07707937370392101	0.00020572922912456314	unsupported	True	0.0003663555673249	0.0003663555673249
CCL14	chr17:35900616-35901117	0	-0.005367444053172603	0.0	1	0.005367444053172603	0.007782494291751934	0.0	unsupported	True	0.0086871376396543	0.0086871376396543
CCL14	chr17:35851984-35852485	1	-0.0008182951849656386	0.06173607813530377	5	0.0625543733202694	0.06173607813530377	0.00023841619436279507	unsupported	True	0.0018984129819837	-0.0018984129819837
CCL14	chr17:35930540-35931041	2	-0.0028237547325781816	0.02782183068048849	4	0.030645585413066674	0.02782183068048849	2.3721346013149535e-05	unsupported	True	0.0013435497087058	0.0013435497087058
CCL14	chr17:35947066-35947567	3	-0.00421857022150102	0.02287206409522333	4	0.02709063431672435	0.02287206409522333	1.417195918073271e-05	unsupported	True	0.0006135421639989	0.0006135421639989
CCL14	chr17:35889867-35890368	4	0.0009919562817348672	0.055996087580941926	4	0.05500413129920706	0.055996087580941926	0.00017246885428456724	unsupported	True	0.0005165736569244	-0.0005165736569244
CCL14	chr17:36004555-36005056	5	-0.0079967959663297	0.007400447455530294	4	0.015397243421859993	0.007400447455530294	8.432550186732966e-07	unsupported	True	0.000506621697932	0.000506621697932
CCL14	chr17:36133781-36134282	6	-0.007416080514747659	0.003029075748940233	5	0.010445156263687892	0.003029075748940233	9.583744114668104e-08	unsupported	True	0.0002820600075414	0.0002820600075414
CCL14	chr17:35942828-35943329	7	-0.0007263180364703686	0.042689282953997786	5	0.04341560099046816	0.042689282953997786	7.911950060720815e-05	unsupported	True	0.0002345047035726	0.0002345047035726
CCL14	chr17:35969431-35969932	8	-0.010871230038228288	0.005299123777111676	4	0.016170353815339964	0.005299123777111676	4.5407506144622826e-07	unsupported	True	0.0002236836283714	0.0002236836283714
CCL14	chr17:35849443-35849944	9	0.0016045290922407798	0.0390042876506103	5	0.03739975855836952	0.0390042876506103	5.689754130844867e-05	unsupported	True	0.0001499173873821	0.0001499173873821
CCL14	chr17:35975994-35976495	10	-0.005327250028801464	0.0	1	0.005327250028801464	0.0075459716452126735	0.0	unsupported	True	0.0001122646955822	-0.0001122646955822
CCL14	chr17:35931973-35932474	11	-0.0007185824169031001	0.04717308263461877	4	0.04789166505152187	0.04717308263461877	0.00010657330908103979	unsupported	True	9.592067327463264e-05	-9.592067327463264e-05
CCL14	chr17:36025567-36026068	12	0.004895360993431999	0.005768268630488038	2	0.000872907637056039	0.007174484975686702	3.612472095275401e-08	unsupported	True	2.939404167618827e-05	-2.939404167618827e-05
CCL14	chr17:35959517-35960018	13	-0.00593161416360212	0.0	1	0.00593161416360212	0.010319916767782718	0.0	unsupported	True	1.6668302907959237e-05	-1.6668302907959237e-05
CCL14	chr17:36064520-36065021	14	-0.006480880021867177	0.0010832982374526525	4	0.007564178259319829	0.0054381765794518245	4.456183812613678e-08	unsupported	True	6.037873605731835e-06	-6.037873605731835e-06
CCL14	chr17:35961897-35962398	15	-0.004654890911759991	0.0	1	0.004654890911759991	0.011300519630250081	0.0	unsupported	True	5.872921125858939e-06	-5.872921125858939e-06
CCL14	chr17:36016763-36017264	16	-0.003974823497649802	0.012720635606351944	5	0.016695459104001747	0.022021361126790127	4.676827342793755e-06	unsupported	True	2.203384139271346e-06	-2.203384139271346e-06
CCL14	chr17:36089946-36090447	17	-0.00044609056012678394	0.014699127484844232	0	0.015145218044971015	0.014699127484844232	3.2723416745584986e-06	unsupported	True	7.525238514086965e-07	-7.525238514086965e-07
CCL14	chr17:35903566-35904067	18	-0.003724282012000703	0.008966007687913074	0	0.012690289699913777	0.008966007687913074	1.0201634278513e-06	unsupported	True	4.71686598337962e-07	-4.71686598337962e-07
CCL14	chr17:35921205-35921706	19	-0.007982694168378945	0.0	1	0.007982694168378945	0.010480980372945696	0.0	unsupported	True	2.1809850587715617e-07	-2.1809850587715617e-07
NUDT16	chr3:131361852-131362353	0	0.0014805299900786698	0.05737427358758382	1	0.055893743597505145	0.07631345923563888	0.00024472680401684156	unsupported	True	0.0057551669141769	0.0057551669141769
NUDT16	chr3:131381991-131382492	1	-0.016047105265817752	0.041256461886920344	0	0.0573035671527381	0.07804561602885918	0.0001845109526587852	unsupported	True	0.0016812146943114	0.0016812146943114
NUDT16	chr3:131231752-131232253	2	0.010308976898317935	0.07481069303999278	0	0.06450171614167485	0.08418833469626665	0.0004062439129432594	unsupported	True	0.0014136596667728	0.0014136596667728
NUDT16	chr3:131236386-131236887	3	-0.014147117746210266	0.027886012385807697	1	0.04203313013201796	0.04596122954062997	5.387282955769634e-05	unsupported	True	0.0013266566697126	0.0013266566697126
NUDT16	chr3:131275011-131275512	4	-0.006943832329931945	0.05908969114547689	2	0.06603352347540883	0.08094890112180805	0.00031585455836142477	unsupported	True	0.0009305542662772	0.0009305542662772
NUDT16	chr3:131502741-131503242	5	-0.008181957303791112	0.057458460223887925	2	0.06564041752767903	0.08916382012412036	0.000336290024984853	unsupported	True	0.0009150412709016	-0.0009150412709016
NUDT16	chr3:131526789-131527290	6	-0.006709282102084451	0.06053383555714301	0	0.06724311765922747	0.07749949239000259	0.00031546043035354565	unsupported	True	0.0007066394601884	0.0007066394601884
NUDT16	chr3:131381479-131381980	7	-0.013607505046015466	0.03642797566719296	2	0.05003548071320843	0.06728051303086217	0.00012263160400601548	unsupported	True	0.0004880865517618	-0.0004880865517618
NUDT16	chr3:131401920-131402421	8	7.357790253103212e-05	0.07787737926160727	2	0.07780380135907625	0.08437728238654542	0.0005112551291919636	unsupported	True	0.0003301833631858	-0.0003301833631858
NUDT16	chr3:131427483-131427984	9	0.005952856487251399	0.05940856756896885	1	0.05345571108171745	0.04662549746666672	0.0001480698616255698	unsupported	True	0.0002761163334033	-0.0002761163334033
NUDT16	chr3:131489753-131490254	10	0.001971256726069161	0.028418313938560702	2	0.02644705721249154	0.04677435283487069	3.515470433577834e-05	unsupported	True	0.0002509349962799	0.0002509349962799
NUDT16	chr3:131445033-131445534	11	0.004197422630878532	0.0410906133809624	2	0.03689319075008387	0.044377324645791395	6.727441936809688e-05	unsupported	True	0.0001946594565999	0.0001946594565999
NUDT16	chr3:131417464-131417965	12	-0.00864686570925958	0.01913149150530026	2	0.02777835721455984	0.05436038808862248	2.8889361026595762e-05	unsupported	True	0.0001322956674171	0.0001322956674171
NUDT16	chr3:131328568-131329069	13	0.004656808517629386	0.0862934025313183	1	0.08163659401368892	0.09709933747084026	0.0006840356510734109	unsupported	True	0.0001268504315035	-0.0001268504315035
NUDT16	chr3:131360293-131360794	14	0.0013337923062441829	0.05456120640733318	1	0.053227414101089	0.0671560610598466	0.0001950314041567033	unsupported	True	9.82533645131126e-05	9.82533645131126e-05
NUDT16	chr3:131518939-131519440	15	0.010939927846148783	0.12794029725029163	2	0.11700036940414285	0.13908543760466358	0.0020819785443591896	unsupported	True	5.480967103852159e-05	5.480967103852159e-05
NUDT16	chr3:131484029-131484530	16	-0.00012776140228976958	0.030175120730074265	0	0.030302882132364033	0.02803753173763952	2.5637326313707197e-05	unsupported	True	3.638356192968801e-05	-3.638356192968801e-05
NUDT16	chr3:131302308-131302809	17	-0.001618642371096949	0.0303792676185373	2	0.03199790998963425	0.047186436996240394	4.586866471146924e-05	unsupported	True	7.340585844876532e-06	-7.340585844876532e-06
MEIOC	chr17:44758763-44759264	0	0.00943687881171622	0.057858138250411154	3	0.048421259438694936	0.04795771687831492	0.00013435660942916685	unsupported	True	0.0027805825104488	0.0027805825104488
MEIOC	chr17:44779007-44779508	1	0.031860595545780225	0.06451039154761365	5	0.032649796001833424	0.05894285493484284	0.00012414845445993117	unsupported	True	0.0015508121982572	0.0015508121982572
MEIOC	chr17:44775557-44776058	2	0.029265958127554968	0.07466342366451233	1	0.04539746553695736	0.05650391260882737	0.00019152171835726503	unsupported	True	0.0014687554786963	0.0014687554786963
MEIOC	chr17:44689558-44690059	3	0.02089449566666784	0.06202587640309736	3	0.041131380736429524	0.04347785073867921	0.00011092112488072596	unsupported	True	0.0011482162906306	0.0011482162906306
MEIOC	chr17:44557031-44557532	4	0.03510408702387903	0.09009681374849474	5	0.054992726724615706	0.06105609716255328	0.00030251277978894376	unsupported	True	0.0009220485356845	-0.0009220485356845
MEIOC	chr17:44556422-44556923	5	0.03553332022719022	0.09004371490988909	5	0.05451039468269887	0.06145891797296226	0.00030165994029292243	unsupported	True	0.0008454402241525	-0.0008454402241525
MEIOC	chr17:44830040-44830541	6	0.026627905076221352	0.0596384434750097	1	0.03301053839878834	0.031591841565845866	6.219476777078322e-05	unsupported	True	0.0007120239460615	-0.0007120239460615
MEIOC	chr17:44708411-44708912	7	0.013898738760911578	0.0703699771086985	3	0.05647123834778692	0.06591084035838454	0.00026192175379470095	unsupported	True	0.0006425369889031	0.0006425369889031
MEIOC	chr17:44533487-44533988	8	0.029106808270581867	0.07261816550206707	5	0.0435113572314852	0.05324978281187677	0.00016825413433735039	unsupported	True	0.0006347074424651	-0.0006347074424651
MEIOC	chr17:44794179-44794680	9	0.011875414063994791	0.052520597868798695	5	0.040645183804803905	0.06115768821968889	0.00013055388910641858	unsupported	True	0.0006238193356263	0.0006238193356263
MEIOC	chr17:44774738-44775239	10	0.030877819823198822	0.0653443090950589	3	0.03446648927186007	0.04988162654093424	0.00011234284702617326	unsupported	True	0.0005518053382285	0.0005518053382285
MEIOC	chr17:44541849-44542350	11	0.021830234640261414	0.046260138585383734	1	0.02442990394512232	0.030638140191786123	3.462510411239472e-05	unsupported	True	0.0004766658246247	-0.0004766658246247
MEIOC	chr17:44656094-44656595	12	0.024456126403575255	0.06430865924522582	3	0.039852532841650565	0.04030347439961866	0.00010329228147935899	unsupported	True	0.0004643538030894	0.0004643538030894
MEIOC	chr17:44598960-44599461	13	0.025232916091107175	0.059334958708505636	3	0.034102042617398465	0.05480065223547366	0.0001108860120852243	unsupported	True	0.0004531423403144	0.0004531423403144
MEIOC	chr17:44807630-44808131	14	0.02892112762737707	0.08917727486038537	2	0.0602561472330083	0.06354007506962112	0.0003414312592881262	unsupported	True	0.0003554157665474	0.0003554157665474
MEIOC	chr17:44820537-44821038	15	0.012381159570417894	0.10249970701187282	1	0.09011854744145492	0.10215349818109334	0.0009436046021680152	unsupported	True	0.0002698621210461	-0.0002698621210461
MEIOC	chr17:44629207-44629708	16	0.005439422320778432	0.023215061594367755	1	0.017775639273589324	0.016398167337873266	6.766909723050512e-06	unsupported	True	0.0002657427428918	-0.0002657427428918
MEIOC	chr17:44539727-44540228	17	0.014605093803113225	0.04199032390231457	1	0.02738523009920135	0.027671289836405072	3.1819622452894574e-05	unsupported	True	0.000203642372624	-0.000203642372624
MEIOC	chr17:44829330-44829831	18	0.024273712623634893	0.05488802188596286	5	0.030614309262327968	0.03514743213540311	5.906029958595256e-05	unsupported	True	0.0001806636599483	-0.0001806636599483
MEIOC	chr17:44733740-44734241	19	0.0015198364882758105	0.08687688635999015	3	0.08535704987171434	0.09933216511061997	0.0007366031060056166	unsupported	True	0.0001735406586616	0.0001735406586616
TELO2	chr16:1512065-1512566	0	0.0008597527258602188	0.0791656234860094	1	0.07830587076014918	0.09025199202414233	0.0005594841094138825	unsupported	True	0.0021781015995268	0.0021781015995268
TELO2	chr16:1379466-1379967	1	-0.0049474134202744545	0.014952466076988219	1	0.019899879497262674	0.020157960988316154	5.998047113517062e-06	unsupported	True	0.0020193768349605	0.0020193768349605
TELO2	chr16:1342893-1343394	2	-0.001792934189334027	0.021831493991743434	1	0.02362442818107746	0.04514162398030033	2.328208878237189e-05	unsupported	True	0.0020001490135786	0.0020001490135786
TELO2	chr16:1474839-1475340	3	-0.01500456464795433	0.0062813614167709034	1	0.021285926064725236	0.010894385985955404	1.4566294627924242e-06	unsupported	True	0.0013804180988855	0.0013804180988855
TELO2	chr16:1610498-1610999	4	-0.008088148660240362	0.02906707711843828	1	0.03715522577867864	0.03648082403411983	3.939906425224702e-05	unsupported	True	0.0011667214945774	0.0011667214945774
TELO2	chr16:1651615-1652116	5	0.004864203484646984	0.034622878940896905	1	0.02975867545624992	0.034445604363868246	3.5490374601692236e-05	unsupported	True	0.0008031609642859	0.0008031609642859
TELO2	chr16:1414015-1414516	6	-0.00989265137388209	0.01259741455731517	0	0.02249006593119726	0.023411277895460818	6.632805620529399e-06	unsupported	True	0.0007339521311998	-0.0007339521311998
TELO2	chr16:1651050-1651551	7	0.0010278021217239239	0.03389074947695984	3	0.032862947355235914	0.042558060487734445	4.739903628869068e-05	unsupported	True	0.0007174734805394	0.0007174734805394
TELO2	chr16:1420605-1421106	8	-0.007299703329040585	0.019822055267506068	0	0.02712175859654665	0.03657221442284446	1.9661551545119672e-05	unsupported	True	0.0005982118910919	0.0005982118910919
TELO2	chr16:1643472-1643973	9	-0.0219656716453547	0.013440762084871005	1	0.0354064337302257	0.040747552586375954	1.9391330472371437e-05	unsupported	True	0.0005107474478749	0.0005107474478749
TELO2	chr16:1368841-1369342	10	0.006601803410687381	0.05925878723075939	1	0.05265698382007201	0.059762737900014615	0.0001864829899774233	unsupported	True	0.0004164653090607	0.0004164653090607
TELO2	chr16:1414536-1415037	11	-0.006273068190257104	0.03121291222000749	0	0.037485980410264595	0.04294316625175501	5.024550635432975e-05	unsupported	True	0.0004093833604922	-0.0004093833604922
TELO2	chr16:1351647-1352148	12	-0.015364471700880072	0.01355296552234169	1	0.02891743722322176	0.0381112334091584	1.493644139518921e-05	unsupported	True	0.0004029913395233	-0.0004029913395233
TELO2	chr16:1546152-1546653	13	-0.009926649987795022	0.008785711021439976	0	0.018712361009235	0.017209192992724547	2.829215358163799e-06	unsupported	True	0.0003438744978809	0.0003438744978809
TELO2	chr16:1531869-1532370	14	-0.0345732656658352	-0.005993084034197038	1	0.02858018163163816	0.011874811021161606	0.0	unsupported	True	0.0002428494905894	0.0002428494905894
TELO2	chr16:1508483-1508984	15	-0.021722963867004105	0.004980087650248565	1	0.02670305151725267	0.02357196969766894	3.134683906456955e-06	unsupported	True	0.0002036298380076	0.0002036298380076
TELO2	chr16:1602122-1602623	16	-0.02690738528523458	0.021462737325568196	2	0.04837012261080278	0.04885829203374196	5.0722491696904295e-05	unsupported	True	0.0001986665672062	-0.0001986665672062
TELO2	chr16:1603356-1603857	17	-0.02217066605160236	0.01630428837678672	0	0.03847495442838908	0.03653037557552796	2.2915751262005882e-05	unsupported	True	0.0001661654974873	-0.0001661654974873
TELO2	chr16:1430471-1430972	18	-0.019912495471282977	0.032689902727811804	2	0.05260239819909478	0.04920851016905162	8.461734400285077e-05	unsupported	True	0.0001099481815293	-0.0001099481815293
TELO2	chr16:1545577-1546078	19	0.010284833347618823	0.028267095592234826	1	0.017982262244616003	0.023062653971066986	1.172289290399542e-05	unsupported	True	0.0001063760021412	0.0001063760021412
KCNF1	chr2:10903735-10904236	0	-0.0008614716055010648	0.056235188572857635	5	0.057096660178358696	0.055204220239063136	0.00017725199866949388	unsupported	True	0.0019891329993378	0.0019891329993378
KCNF1	chr2:10815049-10815550	1	-0.0018507334444074076	0.03190356793417175	5	0.033754301378579155	0.03676714860088963	3.959390431171888e-05	unsupported	True	0.0019703375969834	0.0019703375969834
KCNF1	chr2:10983215-10983716	2	0.012701305241341504	0.07525257527266302	4	0.06255127003132152	0.0686632718571482	0.0003232079188839245	unsupported	True	0.0011289057939192	0.0011289057939192
KCNF1	chr2:11007746-11008247	3	-0.0013038790556966016	0.05822071587561037	5	0.05952459493130697	0.07303893486245605	0.000253121141903042	unsupported	True	0.0009432028673163	0.0009432028673163
KCNF1	chr2:10835251-10835752	4	-0.0019516364556269844	0.07427857645172488	5	0.07623021290735187	0.10492422695124952	0.0005941094806344867	unsupported	True	0.0009245512329789	0.0009245512329789
KCNF1	chr2:10848501-10849002	5	-0.0035984530175743397	0.08367335343682765	4	0.087271806454402	0.0863758174956898	0.0006307442661454669	unsupported	True	0.0009091551627799	0.0009091551627799
KCNF1	chr2:10838705-10839206	6	-0.007958983963671527	0.028211066137911425	5	0.03617005010158295	0.041490117695021436	4.2336336677268695e-05	unsupported	True	0.0008776638738467	0.0008776638738467
KCNF1	chr2:10864498-10864999	7	-0.0025710039210189123	0.062156593201588665	1	0.06472759712260757	0.06823119588140306	0.000274510948900631	unsupported	True	0.0007902039551647	0.0007902039551647
KCNF1	chr2:10810735-10811236	8	-0.001534049606135678	0.038181086447150944	1	0.03971513605328662	0.04606919783223869	6.985781328614892e-05	unsupported	True	0.0006406122654906	0.0006406122654906
KCNF1	chr2:11053656-11054157	9	-0.00319199710605445	0.035178156151447454	5	0.038370153257501906	0.04386066829943008	5.9202745976004066e-05	unsupported	True	0.0005556922644873	0.0005556922644873
KCNF1	chr2:11056479-11056980	10	-0.018703776418455886	0.05377094991085194	1	0.07247472632930782	0.07652024266966855	0.0002982020546528249	unsupported	True	0.000535248702847	0.000535248702847
KCNF1	chr2:10837241-10837742	11	-0.00795947321752775	0.08109650425997074	5	0.0890559774774985	0.11331632112363546	0.0008183850274159389	unsupported	True	0.0005272850498989	0.0005272850498989
KCNF1	chr2:10947764-10948265	12	-0.0004211971662048069	0.029096748434570795	5	0.029517945600775603	0.03555861190092412	3.054044679845009e-05	unsupported	True	0.000448118312709	0.000448118312709
KCNF1	chr2:10812622-10813123	13	0.003513009842060855	0.05996288909217957	1	0.05644987925011871	0.07173435821180095	0.00024281347479199848	unsupported	True	0.0004440877827643	0.0004440877827643
KCNF1	chr2:11050451-11050952	14	-0.012104714450144063	0.0029302208293618265	3	0.01503493527950589	0.019553564996695496	8.614456126019372e-07	unsupported	True	0.0004215709894982	0.0004215709894982
KCNF1	chr2:10834027-10834528	15	-0.015079517324394758	0.06033570984983944	1	0.0754152271742342	0.07614716075198934	0.00034648719159805776	unsupported	True	0.0004086356637493	0.0004086356637493
KCNF1	chr2:10909599-10910100	16	0.0032932187975376836	0.04961390348236193	5	0.04632068468482425	0.05580480017289822	0.00012824780035603647	unsupported	True	0.0003685992057742	0.0003685992057742
KCNF1	chr2:10889742-10890243	17	0.007083595702858807	0.07545844717187418	1	0.06837485146901537	0.08323333953119649	0.00042943909575416853	unsupported	True	0.000292419887262	-0.000292419887262
KCNF1	chr2:10979572-10980073	18	-0.0001053233501274952	0.039508680902991714	5	0.03961400425311921	0.02767472650769172	4.3313632908797986e-05	unsupported	True	0.0002676339083388	0.0002676339083388
KCNF1	chr2:10860749-10861250	19	0.0060799080042043905	0.06928991869882722	5	0.06321001069462283	0.06361478225533805	0.0002786210730919477	unsupported	True	0.0002622481488502	0.0002622481488502
MANEA	chr6:95531389-95531890	0	0.0031758258795376716	0.056018589014991335	4	0.05284276313545366	0.056198912041961285	0.00016635872856578872	unsupported	True	0.0018257031060272	0.0018257031060272
MANEA	chr6:95479281-95479782	1	-0.011572289120388718	0.02106541701858595	0	0.03263770613897467	0.04260493785597641	2.9292040437570678e-05	unsupported	True	0.0015861632221019	0.0015861632221019
MANEA	chr6:95577483-95577984	2	-0.004030659821722622	0.028468133268110773	2	0.032498793089833396	0.024627526580705356	2.2784894370446156e-05	unsupported	True	0.0013743207575261	-0.0013743207575261
MANEA	chr6:95658856-95659357	3	-0.005570912622547466	0.06113557454358057	0	0.06670648716612804	0.0722555986093268	0.00029466840490939263	unsupported	True	0.001268757833301	0.001268757833301
MANEA	chr6:95546044-95546545	4	-0.011687683060034856	0.06257435562381501	0	0.07426203868384987	0.08956409270809872	0.0004161953123619097	unsupported	True	0.0010633663946138	0.0010633663946138
MANEA	chr6:95686865-95687366	5	-0.02396206556222364	0.023786241440039452	0	0.047748307002263096	0.06282892248822058	7.135812204270772e-05	unsupported	True	0.0010590969312363	-0.0010590969312363
MANEA	chr6:95544275-95544776	6	-0.014324874513038887	0.06624124534719049	0	0.08056611986022938	0.08785113028736759	0.0004688439219861701	unsupported	True	0.0008225434875864	0.0008225434875864
MANEA	chr6:95742667-95743168	7	-0.015675224056875846	0.01311510486374599	0	0.028790328920621836	0.030941396417690982	1.1683105648373626e-05	unsupported	True	0.0007535446596856	-0.0007535446596856
MANEA	chr6:95431548-95432049	8	-0.004603650026436319	0.038210580190103545	0	0.042814230216539864	0.05106150243134684	8.353440073236049e-05	unsupported	True	0.0007047035684381	0.0007047035684381
MANEA	chr6:95629462-95629963	9	-0.015154395342009368	0.02187547541724364	0	0.03702987075925301	0.033039261300826024	2.6763322368194206e-05	unsupported	True	0.0006854399267745	-0.0006854399267745
MANEA	chr6:95714947-95715448	10	-0.006206536026558808	0.03763380521362336	4	0.04384034124018217	0.058955520312793	9.726946680543215e-05	unsupported	True	0.0006781153255785	-0.0006781153255785
MANEA	chr6:95745408-95745909	11	-0.007211086857669716	0.04758878359273442	0	0.05479987045040414	0.06007956632999971	0.00015667904833022227	unsupported	True	0.0006204481436273	0.0006204481436273
MANEA	chr6:95513535-95514036	12	-0.022758756898862247	-0.006854740933234031	0	0.015904015965628217	0.01819382098767851	0.0	unsupported	True	0.0005475110453009	0.0005475110453009
MANEA	chr6:95676028-95676529	13	-0.011111611110089115	0.07462091389860624	0	0.08573252500869535	0.09206647125240264	0.000588989667569418	unsupported	True	0.0003533848856939	0.0003533848856939
MANEA	chr6:95693482-95693983	14	0.012763198266633354	0.12076505872285004	2	0.10800186045621668	0.12094530291050881	0.0015774715674513491	unsupported	True	0.0003286456224779	0.0003286456224779
MANEA	chr6:95743637-95744138	15	-0.01755054184885177	0.015169043478223395	4	0.03271958532707517	0.029984038121238333	1.4881822095993116e-05	unsupported	True	0.000327727661853	-0.000327727661853
MANEA	chr6:95540849-95541350	16	-0.011980511014803378	0.013341515390434336	2	0.025322026405237716	0.04041363477000795	1.3653108173785558e-05	unsupported	True	0.0003274473264146	0.0003274473264146
MANEA	chr6:95533361-95533862	17	0.013829792614225645	0.13890220726588742	2	0.12507241465166177	0.1483106711154766	0.0025765767384138103	unsupported	True	0.0001335087975375	-0.0001335087975375
MANEA	chr6:95641404-95641905	18	0.017919241334811473	0.14106734727213724	2	0.12314810593732577	0.15637493238762454	0.002716572945342686	unsupported	True	0.0001219709960947	-0.0001219709960947
MANEA	chr6:95599683-95600184	19	-0.013677788851760507	0.02764578952567518	4	0.04132357837743569	0.050140243186760004	5.728136454869013e-05	unsupported	True	0.0001218192833883	-0.0001218192833883
TBC1D10B	chr16:30417162-30417663	0	-0.006020716672476964	0.039430327179653744	0	0.04545104385213071	0.06896964500920372	0.00012360391687001396	unsupported	True	0.0022768351425981	0.0022768351425981
TBC1D10B	chr16:30400060-30400561	1	0.00037589633381157075	0.04612271854382562	0	0.04574682221001405	0.062336902274813186	0.00013152885686745796	unsupported	True	0.0018139062251012	-0.0018139062251012
TBC1D10B	chr16:30409367-30409868	2	-0.011621741485837002	0.03444915613539844	0	0.04607089762123544	0.04972299127021846	7.891553573543739e-05	unsupported	True	0.0016187247264123	-0.0016187247264123
TBC1D10B	chr16:30334577-30335078	3	0.0009802261183567151	0.05779347841202179	5	0.05681325229366507	0.07284763697465581	0.00023919051514467553	unsupported	True	0.0014847651429157	-0.0014847651429157
TBC1D10B	chr16:30335196-30335697	4	-0.002064514717219037	0.0434802695687306	0	0.04554478428594964	0.05864625203263697	0.0001161371434717045	unsupported	True	0.0014450399635059	-0.0014450399635059
TBC1D10B	chr16:30378073-30378574	5	-0.0027717918339834743	0.0375786743633105	0	0.040350466197293974	0.052549514995253066	7.968172448640816e-05	unsupported	True	0.0010482254697791	0.0010482254697791
TBC1D10B	chr16:30429945-30430446	6	-0.0039619383112472935	0.045255414929948806	0	0.049217353241196096	0.07552487970441593	0.00016822047242564465	unsupported	True	0.0009344901361632	0.0009344901361632
TBC1D10B	chr16:30445706-30446207	7	-0.004238610849593824	0.047445351206039404	0	0.05168396205563323	0.07662603814639693	0.00018789959162723228	unsupported	True	0.0007795265627856	0.0007795265627856
TBC1D10B	chr16:30480886-30481387	8	-0.006647817496471544	0.016976010350533408	2	0.023623827847004952	0.026244603853774355	1.0525092522254478e-05	unsupported	True	0.0006350281842361	0.0006350281842361
TBC1D10B	chr16:30395080-30395581	9	-0.004152103160204634	0.030887291710208837	0	0.03503939487041347	0.04640388489587527	5.022162581109118e-05	unsupported	True	0.0006030593946566	-0.0006030593946566
TBC1D10B	chr16:30407292-30407793	10	-0.006862924843395239	0.02155204477489878	0	0.02841496961829402	0.041853754342406624	2.563126835190098e-05	unsupported	True	0.0005660277607885	0.0005660277607885
TBC1D10B	chr16:30351962-30352463	11	-0.000973340371079929	0.004976613323376917	1	0.005949953694456845	0.017746415464762036	5.254823439136346e-07	unsupported	True	0.0003088084230148	-0.0003088084230148
TBC1D10B	chr16:30370512-30371013	12	-0.0034535067733773776	0.03335892076911908	0	0.03681242754249646	0.05403000612502381	6.635008230757062e-05	unsupported	True	0.0003086530907693	-0.0003086530907693
TBC1D10B	chr16:30309207-30309708	13	0.019447157304872797	0.06094073514784574	0	0.041493577842972945	0.057141541122256466	0.00014449090868365064	unsupported	True	0.000241492896881	-0.000241492896881
TBC1D10B	chr16:30417751-30418252	14	-0.007087962172252327	0.04375326686722541	0	0.050841229039477735	0.056181409536788476	0.00012497385232050132	unsupported	True	0.0002120174664074	0.0002120174664074
TBC1D10B	chr16:30355103-30355604	15	-0.002086601874237903	0.03797134889234652	0	0.04005795076658442	0.06418162668325811	9.76237472362783e-05	unsupported	True	0.0001602254393403	0.0001602254393403
TBC1D10B	chr16:30462857-30463358	16	0.020155713665288007	0.0499376509233932	0	0.029781937258105195	0.020853975095712553	3.1014865642272454e-05	unsupported	True	0.0001375073391768	-0.0001375073391768
TBC1D10B	chr16:30308431-30308932	17	0.018481896953112212	0.06403689122333918	0	0.04555499427022697	0.06637380380465603	0.00019362567458078997	unsupported	True	0.0001111984434742	-0.0001111984434742
TBC1D10B	chr16:30378638-30379139	18	-0.001407635382862058	0.035151309611208825	0	0.036558944994070884	0.04125333136679457	5.301444139713815e-05	unsupported	True	8.432753894531698e-06	-8.432753894531698e-06
ATN1	chr12:6915293-6915794	0	-0.0039817716057401874	0.02718929402023044	4	0.031171065625970627	0.035852622139996244	3.0385788080159444e-05	unsupported	True	0.0024939563129219	0.0024939563129219
ATN1	chr12:6822099-6822600	1	-0.020514655949497786	0.02383429058079017	3	0.04434894653028795	0.04758156501849945	5.0294936050379145e-05	unsupported	True	0.001030665338522	0.001030665338522
ATN1	chr12:7060395-7060896	2	0.0062182485482772205	0.03906421230331602	4	0.0328459637550388	0.020996115993320703	2.6940152154532446e-05	unsupported	True	0.000879346979952	0.000879346979952
ATN1	chr12:6867195-6867696	3	-0.0072613965097840195	0.02619936288787578	4	0.0334607593976598	0.030195583505498245	2.6470975732030772e-05	unsupported	True	0.0008704781826902	0.0008704781826902
ATN1	chr12:6925742-6926243	4	-0.001264982836135882	0.06868668268490973	3	0.0699516655210456	0.07746277662335024	0.0003721891096626509	unsupported	True	0.000826291862413	0.000826291862413
ATN1	chr12:6825493-6825994	5	-0.014632155583502355	0.017473136907543763	3	0.032105292491046114	0.03774634823426883	2.1174952892852773e-05	unsupported	True	0.0007868394067266	0.0007868394067266
ATN1	chr12:6873155-6873656	6	-0.012323266795832032	0.015913281160832078	4	0.02823654795666411	0.022552798539148287	1.013378714060202e-05	unsupported	True	0.000746274995781	0.000746274995781
ATN1	chr12:6970539-6971040	7	-0.011834215109690948	0.03726344120921547	3	0.04909765631890642	0.06551283038534393	0.00011985884354970902	unsupported	True	0.0007266661461598	-0.0007266661461598
ATN1	chr12:6937819-6938320	8	-0.013301020094791508	0.030397959646071684	3	0.04369897974086319	0.052381174853773575	6.958104814352826e-05	unsupported	True	0.0007205285439969	-0.0007205285439969
ATN1	chr12:6924241-6924742	9	-0.008653329935775748	0.04798002642476097	3	0.05663335636053672	0.060772869222972564	0.00016513629038512683	unsupported	True	0.0007007440782708	0.0007007440782708
ATN1	chr12:6944492-6944993	10	-0.010977756867645691	0.03274107298882942	3	0.04371882985647511	0.05559613059096188	7.958037912451719e-05	unsupported	True	0.0006789064139376	0.0006789064139376
ATN1	chr12:6852221-6852722	11	-0.012814520373493862	0.031028934441808643	3	0.0438434548153025	0.051030007080377145	6.942202204629858e-05	unsupported	True	0.000582808178448	-0.000582808178448
ATN1	chr12:6851115-6851616	12	-0.011886233550996233	0.01988420920408376	4	0.031770442755079994	0.037755824638848974	2.3851492016734977e-05	unsupported	True	0.0005601848184016	-0.0005601848184016
ATN1	chr12:6961927-6962428	13	0.0023070936612164	0.03942582273052216	4	0.037118729069305766	0.030493658779182083	4.4625531210626235e-05	unsupported	True	0.0005418473141861	0.0005418473141861
ATN1	chr12:6867822-6868323	14	-0.014942684639548908	0.023443848742868895	3	0.038386533382417806	0.04096263670121665	3.686342709577461e-05	unsupported	True	0.0004892246789981	0.0004892246789981
ATN1	chr12:6829190-6829691	15	-0.020137002138192726	0.03750437450761834	3	0.057641376645811065	0.06360454535257612	0.0001375005463686103	unsupported	True	0.0004479541564895	-0.0004479541564895
ATN1	chr12:6835622-6836123	16	0.00015772833044190395	0.05717961465195273	3	0.057021886321510826	0.07587172614883633	0.00024737896543782596	unsupported	True	0.00043641234082	-0.00043641234082
ATN1	chr12:6821559-6822060	17	-0.01998452634459488	0.010276822813572695	3	0.030261349158167576	0.03519491885299635	1.0945286235048592e-05	unsupported	True	0.0004226067024749	0.0004226067024749
ATN1	chr12:6828100-6828601	18	-0.01640898829039095	0.01309015055227272	3	0.02949913884266367	0.01738586935367187	6.713521610662901e-06	unsupported	True	0.0003937480083241	0.0003937480083241
ATN1	chr12:6872300-6872801	19	-0.011718943098655687	0.02875760099245341	3	0.040476544091109096	0.03993363192193538	4.648307918699991e-05	unsupported	True	0.00034187961394	-0.00034187961394
PANK4	chr1:2472789-2473290	0	-0.007270595752131603	0.029200391362110556	1	0.03647098711424216	0.0557676496083076	5.9390711915357956e-05	unsupported	True	0.0023292959360974	0.0023292959360974
PANK4	chr1:2578185-2578686	1	-0.024347760183168452	-0.0027592653557693522	1	0.0215884948273991	0.023015971486372674	0.0	unsupported	True	0.0013824355432817	0.0013824355432817
PANK4	chr1:2540752-2541253	2	-0.012362560572952092	0.023081898024730277	2	0.03544445859768237	0.05521370856901427	4.5171736243138915e-05	unsupported	True	0.0011432692061079	0.0011432692061079
PANK4	chr1:2504644-2505145	3	-0.018983384368339046	0.019827198349916173	1	0.038810582718255215	0.02804251714803932	2.1578860568832282e-05	unsupported	True	0.0010537540212478	0.0010537540212478
PANK4	chr1:2412412-2412913	4	-0.006221918502358681	0.0412671188994186	0	0.04748903740177728	0.040482884317950094	7.933575577751414e-05	unsupported	True	0.0009999897631415	-0.0009999897631415
PANK4	chr1:2543432-2543933	5	-0.013813881919770444	0.006922491588397299	1	0.020736373508167743	0.04077198400491698	5.852711121868281e-06	unsupported	True	0.000941972514968	0.000941972514968
PANK4	chr1:2548597-2549098	6	-0.018700541740122097	0.011118210074676461	2	0.02981875181479856	0.040135567191152674	1.3306190620019751e-05	unsupported	True	0.0008491706972018	0.0008491706972018
PANK4	chr1:2611169-2611670	7	-0.01948361268845112	0.02963982292020312	0	0.049123435608654245	0.0573664986459169	8.352619183109922e-05	unsupported	True	0.0007513531121641	0.0007513531121641
PANK4	chr1:2391442-2391943	8	-0.005869972685282199	0.04481844752152716	0	0.05068842020680936	0.04389359288968342	9.971642409199826e-05	unsupported	True	0.0007109098545543	-0.0007109098545543
PANK4	chr1:2547959-2548460	9	-0.013227768838909009	0.028057476093426462	0	0.04128524493233547	0.056284149686784773	6.519729483781133e-05	unsupported	True	0.000610915553749	0.000610915553749
PANK4	chr1:2493507-2494008	10	-0.01799627386531697	0.015115340713171277	1	0.03311161457848825	0.045125654233699616	2.2585089222864077e-05	unsupported	True	0.0004836553489224	0.0004836553489224
PANK4	chr1:2526037-2526538	11	-0.007540198008215808	0.04415391339841429	0	0.0516941114066301	0.04097269013287344	9.352005535003105e-05	unsupported	True	0.0004585791293072	-0.0004585791293072
PANK4	chr1:2530105-2530606	12	-0.011718416974320252	0.004019507158482617	1	0.01573792413280287	0.037194765833591624	2.3528924855103845e-06	unsupported	True	0.0004493936593476	0.0004493936593476
PANK4	chr1:2452101-2452602	13	-0.016762020862927374	0.01944733041858587	1	0.036209351281513244	0.036124078826281644	2.543768110473469e-05	unsupported	True	0.0004443331885198	0.0004443331885198
PANK4	chr1:2586425-2586926	14	-0.008427332406760538	0.046040848416881455	0	0.05446818082364199	0.05411876363651012	0.00013571693871596992	unsupported	True	0.0004381226031493	-0.0004381226031493
PANK4	chr1:2446454-2446955	15	-0.016153959854314125	0.00864800905888611	1	0.024801968913200235	0.042159182827256086	9.042624128093168e-06	unsupported	True	0.0003728311230588	0.0003728311230588
PANK4	chr1:2414336-2414837	16	-0.01079914644012246	0.03802259180503778	0	0.04882173824516024	0.04849005190470594	9.001349075061135e-05	unsupported	True	0.0003328996457509	-0.0003328996457509
PANK4	chr1:2545923-2546424	17	-0.018506774014549372	0.009259061886729092	1	0.027765835901278464	0.050497501715263675	1.2982180170795648e-05	unsupported	True	0.0003237853084534	0.0003237853084534
PANK4	chr1:2532751-2533252	18	-0.015859994259381796	-0.0023163947883043452	1	0.013543599471077451	0.02866310265304873	0.0	unsupported	True	0.00030688761651	0.00030688761651
PANK4	chr1:2425846-2426347	19	-0.016073585811278362	0.0057579622406304255	2	0.02183154805190879	0.030548635664681308	3.8401232521734266e-06	unsupported	True	0.0002926456166952	0.0002926456166952
VNN1	chr6:132537577-132538078	0	0.0	0.0	0	0.0	0.0	0.0	unsupported	True	0.0059378386993513	0.0059378386993513
VNN1	chr6:132788987-132789488	1	0.0	0.0	0	0.0	0.0	0.0	unsupported	True	0.00298000383479	0.00298000383479
VNN1	chr6:132843583-132844084	2	0.0	0.0	0	0.0	0.0	0.0	unsupported	True	0.0029036857360295	0.0029036857360295
VNN1	chr6:132798856-132799357	3	0.0	0.0	0	0.0	0.0	0.0	unsupported	True	0.0006503238015316	0.0006503238015316
VNN1	chr6:132757914-132758415	4	0.0	0.0	0	0.0	0.0	0.0	unsupported	True	0.0005347949835719	0.0005347949835719
VNN1	chr6:132830207-132830708	5	0.0	0.0	0	0.0	0.0	0.0	unsupported	True	0.0005199473564506	0.0005199473564506
VNN1	chr6:132619976-132620477	6	0.0	0.0	0	0.0	0.0	0.0	unsupported	True	0.0004634748011126	0.0004634748011126
VNN1	chr6:132814144-132814645	7	0.0	0.0	0	0.0	0.0	0.0	unsupported	True	0.0002149222043286	-0.0002149222043286
VNN1	chr6:132798307-132798808	8	0.0	0.0	0	0.0	0.0	0.0	unsupported	True	0.0001710204770632	0.0001710204770632
VNN1	chr6:132844765-132845266	9	0.0	0.0	0	0.0	0.0	0.0	unsupported	True	8.186013430139568e-05	8.186013430139568e-05
VNN1	chr6:132551969-132552470	10	0.0	0.0	0	0.0	0.0	0.0	unsupported	True	7.607758926230973e-05	-7.607758926230973e-05
VNN1	chr6:132553235-132553736	11	0.0	0.0	0	0.0	0.0	0.0	unsupported	True	3.940206992283351e-05	-3.940206992283351e-05
VNN1	chr6:132570141-132570642	12	0.0	0.0	0	0.0	0.0	0.0	unsupported	True	3.246907098630298e-05	-3.246907098630298e-05
VNN1	chr6:132591967-132592468	13	0.0	0.0	0	0.0	0.0	0.0	unsupported	True	2.398956974996922e-05	-2.398956974996922e-05
VNN1	chr6:132669602-132670103	14	0.0	0.0	0	0.0	0.0	0.0	unsupported	True	2.1580068880741748e-05	-2.1580068880741748e-05
VNN1	chr6:132570891-132571392	15	0.0	0.0	0	0.0	0.0	0.0	unsupported	True	1.5091023662349866e-05	-1.5091023662349866e-05
VNN1	chr6:132578077-132578578	16	0.0	0.0	0	0.0	0.0	0.0	unsupported	True	3.908912579053016e-06	-3.908912579053016e-06
VNN1	chr6:132576185-132576686	17	0.0	0.0	0	0.0	0.0	0.0	unsupported	True	2.9312619485096058e-06	-2.9312619485096058e-06
C8orf74	chr8:10818196-10818697	0	-0.014014881463382844	0.0	0	0.014014881463382844	0.0	0.0	unsupported	True	0.0032373381681418	0.0032373381681418
C8orf74	chr8:10590079-10590580	1	-0.018993526361787784	0.0	0	0.018993526361787784	0.0	0.0	unsupported	True	0.0014311401422608	0.0014311401422608
C8orf74	chr8:10593308-10593809	2	-0.009339336109748556	0.0	0	0.009339336109748556	0.0	0.0	unsupported	True	0.0012837238328328	0.0012837238328328
C8orf74	chr8:10850337-10850838	3	-0.020616667545887788	0.0	0	0.020616667545887788	0.0	0.0	unsupported	True	0.001118588901628	0.001118588901628
C8orf74	chr8:10760148-10760649	4	-0.015342301579824979	0.0	0	0.015342301579824979	0.0	0.0	unsupported	True	0.0009901729876195	0.0009901729876195
C8orf74	chr8:10760870-10761371	5	-0.01156180075112814	0.0	0	0.01156180075112814	0.0	0.0	unsupported	True	0.0009681160684792	0.0009681160684792
C8orf74	chr8:10734168-10734669	6	-0.01633764107400934	0.0	0	0.01633764107400934	0.0	0.0	unsupported	True	0.0007459084769006	0.0007459084769006
C8orf74	chr8:10547998-10548499	7	-0.02057756081749516	0.0	0	0.02057756081749516	0.0	0.0	unsupported	True	0.0007207160623884	0.0007207160623884
C8orf74	chr8:10825252-10825753	8	-0.019995102845431184	0.0	0	0.019995102845431184	0.0	0.0	unsupported	True	0.000657730217916	0.000657730217916
C8orf74	chr8:10789147-10789648	9	-0.01003303088838786	0.0	0	0.01003303088838786	0.0	0.0	unsupported	True	0.0006369577323055	0.0006369577323055
C8orf74	chr8:10595604-10596105	10	-0.010648954287894917	0.0	0	0.010648954287894917	0.0	0.0	unsupported	True	0.0005468194061345	0.0005468194061345
C8orf74	chr8:10631499-10632000	11	-0.013504864094937008	0.0	0	0.013504864094937008	0.0	0.0	unsupported	True	0.0004512764815211	0.0004512764815211
C8orf74	chr8:10717026-10717527	12	-0.010015123176874939	0.0	0	0.010015123176874939	0.0	0.0	unsupported	True	0.0004292708392988	0.0004292708392988
C8orf74	chr8:10808836-10809337	13	-0.006156389061818523	0.0	0	0.006156389061818523	0.0	0.0	unsupported	True	0.0003135736499721	0.0003135736499721
C8orf74	chr8:10839693-10840194	14	-0.022649600006688014	0.0	0	0.022649600006688014	0.0	0.0	unsupported	True	0.0002655154491134	-0.0002655154491134
C8orf74	chr8:10587236-10587737	15	-0.020013691222880343	0.0	0	0.020013691222880343	0.0	0.0	unsupported	True	0.0002306995144945	0.0002306995144945
C8orf74	chr8:10644435-10644936	16	-0.013454495101585986	0.0	0	0.013454495101585986	0.0	0.0	unsupported	True	0.0002069839236224	-0.0002069839236224
C8orf74	chr8:10672336-10672837	17	-0.01607269378899421	0.0	0	0.01607269378899421	0.0	0.0	unsupported	True	0.0001654938270313	0.0001654938270313
C8orf74	chr8:10792631-10793132	18	-0.00683488232615763	0.0	0	0.00683488232615763	0.0	0.0	unsupported	True	0.0001413631361037	0.0001413631361037
C8orf74	chr8:10615710-10616211	19	-0.010066329095506152	0.0	0	0.010066329095506152	0.0	0.0	unsupported	True	0.0001309650640492	0.0001309650640492
ELOVL1	chr1:43270765-43271266	0	0.0032347204932154875	0.05799839769146644	1	0.054763677198250954	0.059311065821130576	0.00018838413520330118	unsupported	True	0.0030721142641083	0.0030721142641083
ELOVL1	chr1:43414542-43415043	1	0.01456191541719619	0.10137554952139717	3	0.08681363410420098	0.08732936960590729	0.0007685665574991104	unsupported	True	0.0021575380821555	0.0021575380821555
ELOVL1	chr1:43500551-43501052	2	0.003715082470341198	0.11795241276419985	3	0.11423733029385866	0.1441353841407595	0.0019421621408802234	unsupported	True	0.0014583523952328	0.0014583523952328
ELOVL1	chr1:43367839-43368340	3	0.006902963878722967	0.062091245516649414	3	0.05518828163792645	0.07457800363728864	0.0002555571270665016	unsupported	True	0.001450336729436	0.001450336729436
ELOVL1	chr1:43509108-43509609	4	-0.004261929417457161	0.05683202355049951	1	0.06109395296795667	0.07006672402731119	0.000243278180197177	unsupported	True	0.0009134970173809	-0.0009134970173809
ELOVL1	chr1:43294281-43294782	5	-0.015574113250643102	0.043719952606482884	1	0.05929406585712599	0.06219824533745921	0.0001612386105242929	unsupported	True	0.0008369630029098	0.0008369630029098
ELOVL1	chr1:43493694-43494195	6	-0.006999762913852082	0.021713813065962824	1	0.028713575979814908	0.03596842618633085	2.2425638286209826e-05	unsupported	True	0.0007442470309958	0.0007442470309958
ELOVL1	chr1:43454417-43454918	7	0.0017660760141188117	0.05783372703265584	1	0.05606765101853703	0.06576585686690013	0.00021325244799823935	unsupported	True	0.0007258471918171	0.0007258471918171
ELOVL1	chr1:43435706-43436207	8	-0.0011141982728038891	0.006457329336692719	4	0.007571527609496608	0.012646471290031722	6.183093439090901e-07	unsupported	True	0.0006720602584662	0.0006720602584662
ELOVL1	chr1:43358624-43359125	9	-0.0010007884722552666	0.0379190133607962	1	0.038919801833051465	0.045905882300391915	6.774792339572763e-05	unsupported	True	0.0004789691870719	-0.0004789691870719
ELOVL1	chr1:43295331-43295832	10	0.009362274415847287	0.09484797486633184	0	0.08548570045048455	0.10658616399074645	0.0008642161331459334	unsupported	True	0.0004397891501624	0.0004397891501624
ELOVL1	chr1:43303699-43304200	11	0.02419621728426657	0.09752319721865686	0	0.07332697993439029	0.105500126851082	0.000754440008072178	unsupported	True	0.0003358807980707	0.0003358807980707
ELOVL1	chr1:43453670-43454171	12	-0.0040432566751259676	0.03261637316597504	1	0.03665962984110101	0.043215661810348686	5.167314690732802e-05	unsupported	True	0.0003347041584527	0.0003347041584527
ELOVL1	chr1:43287613-43288114	13	0.005061327235460885	0.05720412125942441	1	0.052142794023963525	0.058619919544414936	0.000174850482604822	unsupported	True	0.0002625192348996	0.0002625192348996
ELOVL1	chr1:43389591-43390092	14	-0.0022565268292739113	0.04097077452342486	1	0.04322730135269877	0.05238592050516212	9.277839971557551e-05	unsupported	True	0.0002574320011866	-0.0002574320011866
ELOVL1	chr1:43348870-43349371	15	-0.0008071946541687694	0.04856816406860663	1	0.0493753587227754	0.055156569389702044	0.00013226934322498374	unsupported	True	0.0002009390576908	0.0002009390576908
ELOVL1	chr1:43227195-43227696	16	-0.004882275134510251	0.057380356747053496	1	0.062262631881563744	0.0837281729283162	0.0002991316269281759	unsupported	True	0.0001312106121008	-0.0001312106121008
ELOVL1	chr1:43382010-43382511	17	0.006214497141676607	0.1036210610459286	3	0.09740656390425198	0.11155349306620754	0.001125950848152678	unsupported	True	9.240620691186652e-05	9.240620691186652e-05
ELOVL1	chr1:43292714-43293215	18	0.006385827707553032	0.05404875048910872	0	0.047662922781555685	0.05982970189613681	0.00015412857666679956	unsupported	True	8.275652664471311e-05	-8.275652664471311e-05
ELOVL1	chr1:43512012-43512513	19	-0.010734515332871071	0.08098469484128677	1	0.09171921017415785	0.10589833782091491	0.0007865972065406741	unsupported	True	2.131778710753543e-05	2.131778710753543e-05
PBLD	chr10:68331731-68332232	0	-0.0021454304353226627	0.0405847753505611	4	0.04273020578588376	0.04776998265448833	8.284250340507094e-05	unsupported	True	0.0035598630909833	-0.0035598630909833
PBLD	chr10:68231315-68231816	1	0.015408132370681948	0.06945195803302587	4	0.05404382566234392	0.06974385931530626	0.00026178005470124194	unsupported	True	0.0017668842029703	0.0017668842029703
PBLD	chr10:68407055-68407556	2	0.010256900505048051	0.058782551924429674	4	0.04852565141938162	0.05817054659576254	0.00016592925182469645	unsupported	True	0.0014816456415547	0.0014816456415547
PBLD	chr10:68153441-68153942	3	0.01695470278549121	0.08258017844656511	4	0.0656254756610739	0.10054326954111355	0.0005448805241899575	unsupported	True	0.0010808566846959	0.0010808566846959
PBLD	chr10:68328192-68328693	4	-0.005788235440621418	0.018271469755502933	3	0.02405970519612435	0.014302193113839203	6.287332420575414e-06	unsupported	True	0.0010651192769112	-0.0010651192769112
PBLD	chr10:68253266-68253767	5	-0.012372621413906552	-0.007037763727090768	3	0.005334857686815784	0.0029921569315613334	0.0	unsupported	True	0.0009904730048961	0.0009904730048961
PBLD	chr10:68269771-68270272	6	-0.006259267673087013	0.028047764968052804	5	0.034307032641139816	0.0412921267410443	3.973275386558838e-05	unsupported	True	0.0008533410105336	-0.0008533410105336
PBLD	chr10:68154044-68154545	7	0.005022523528216	0.04073328405278244	4	0.03571076052456644	0.05186899005418383	7.544949147809339e-05	unsupported	True	0.0006806950818552	0.0006806950818552
PBLD	chr10:68197994-68198495	8	-0.011347338293477038	0.013633248623620071	3	0.02498058691709711	0.02843550139819244	9.684180671395341e-06	unsupported	True	0.0004646256436181	0.0004646256436181
PBLD	chr10:68447905-68448406	9	-0.006038628440208344	0.023250051942100988	2	0.02928868038230933	0.03821844206836268	2.602535796827626e-05	unsupported	True	0.0004306479715005	0.0004306479715005
PBLD	chr10:68348324-68348825	10	-0.01420320954010316	0.02105812768882956	4	0.03526133722893272	0.050769575461643776	3.76983259177561e-05	unsupported	True	0.0003966092397704	-0.0003966092397704
PBLD	chr10:68332721-68333222	11	0.010171145145319969	0.06290307027949602	4	0.052731925134176044	0.06294662266640229	0.00020879394692420314	unsupported	True	0.000295867728966	0.000295867728966
PBLD	chr10:68133442-68133943	12	0.012049940432586306	0.04910977751667078	4	0.037059837084084474	0.06918509162536354	0.00012591689124992302	unsupported	True	0.0002881605408806	0.0002881605408806
PBLD	chr10:68247914-68248415	13	-0.01502066385280098	0.013054539252466388	3	0.028075203105267368	0.02539168426367668	9.30627676946887e-06	unsupported	True	0.000261115923526	0.000261115923526
PBLD	chr10:68271133-68271634	14	0.002263527445211302	0.05056888391433941	4	0.04830535646912811	0.04954847603093579	0.00012103443893040014	unsupported	True	0.0002464979824395	0.0002464979824395
PBLD	chr10:68263518-68264019	15	-0.01996862666304681	0.0028211138671627705	4	0.02278974053020958	0.029436697678226022	1.892557503095161e-06	unsupported	True	0.0002371052800599	0.0002371052800599
PBLD	chr10:68251238-68251739	16	-0.009885234802253673	-0.001157556882489867	5	0.008727677919763806	0.013111656463315727	0.0	unsupported	True	0.0001983578016761	-0.0001983578016761
PBLD	chr10:68171567-68172068	17	0.009297207887487996	0.057741668899549035	3	0.04844446101206104	0.08732738719550057	0.0002442777588416001	unsupported	True	0.0001780564004747	-0.0001780564004747
PBLD	chr10:68357367-68357868	18	-0.010934378705043258	0.033083619778103916	2	0.04401799848314718	0.03949547145671098	5.751625684264523e-05	unsupported	True	9.571902917549162e-05	-9.571902917549162e-05
PBLD	chr10:68211804-68212305	19	-0.004101731531362501	0.02489615646846671	3	0.02899788799982921	0.03010187098182427	2.173162303170816e-05	unsupported	True	9.40736999031715e-05	-9.40736999031715e-05
KRTAP5-7	chr11:71664855-71665356	0	-0.0014769043649868387	0.006634674338620799	0	0.008111578703607639	0.006634674338620799	3.570628008320629e-07	unsupported	True	0.0040793467032472	0.0040793467032472
KRTAP5-7	chr11:71580550-71581051	1	0.011484258384537493	0.049896929107979	0	0.03841267072344151	0.049896929107979	9.56361620661524e-05	unsupported	True	0.0019986805611496	0.0019986805611496
KRTAP5-7	chr11:71579895-71580396	2	0.00741313058606737	0.02278127140011637	0	0.015368140814048999	0.02278127140011637	7.975854947843344e-06	unsupported	True	0.0016887422684086	0.0016887422684086
KRTAP5-7	chr11:71452854-71453355	3	0.00922950456846419	0.029723903794321428	0	0.02049439922585724	0.029723903794321428	1.8107016021347394e-05	unsupported	True	0.0014275264223382	-0.0014275264223382
KRTAP5-7	chr11:71639140-71639641	4	0.006994107100089966	0.027970459958339463	0	0.020976352858249496	0.027970459958339463	1.6410778974238213e-05	unsupported	True	0.0010044271369705	0.0010044271369705
KRTAP5-7	chr11:71563446-71563947	5	0.012821104605326827	0.07045650030870312	0	0.057635395703376294	0.07045650030870312	0.00028610893036289293	unsupported	True	0.0007872125564581	0.0007872125564581
KRTAP5-7	chr11:71418669-71419170	6	0.003320586545492593	0.029110608110022494	0	0.025790021564529902	0.029110608110022494	2.1855173616341342e-05	unsupported	True	0.0007860404793094	0.0007860404793094
KRTAP5-7	chr11:71404337-71404838	7	0.0032040270991762587	0.04080108723985433	0	0.037597060140678075	0.04080108723985433	6.258890580203223e-05	unsupported	True	0.0006103628400103	0.0006103628400103
KRTAP5-7	chr11:71565932-71566433	8	0.005073994217654021	0.02540410473875667	0	0.02033011052110265	0.02540410473875667	1.3120413695797418e-05	unsupported	True	0.0005956089924557	0.0005956089924557
KRTAP5-7	chr11:71609829-71610330	9	0.028974238160441982	0.07869298940173558	0	0.0497187512412936	0.07869298940173558	0.00030788767176000045	unsupported	True	0.0004973412416984	0.0004973412416984
KRTAP5-7	chr11:71535064-71535565	10	0.012078343976293983	0.07193087102706328	0	0.059852527050769294	0.07193087102706328	0.0003096799799592691	unsupported	True	0.000456885448212	0.000456885448212
KRTAP5-7	chr11:71517993-71518494	11	0.02323163292868143	0.061328692361398235	0	0.03809705943271681	0.061328692361398235	0.00014329098402083865	unsupported	True	0.0001720979711923	-0.0001720979711923
KRTAP5-7	chr11:71568482-71568983	12	0.002491132033328438	0.0478927745317212	0	0.045401642498392764	0.0478927745317212	0.00010413855792440718	unsupported	True	0.0001247654014487	0.0001247654014487
KRTAP5-7	chr11:71448225-71448726	13	0.009524243792364984	0.03714378037417626	0	0.027619536581811276	0.03714378037417626	3.810558145406373e-05	unsupported	True	0.0001023222048341	0.0001023222048341
KRTAP5-7	chr11:71420355-71420856	14	0.007782602563080388	0.02856653038951625	0	0.02078392782643586	0.02856653038951625	1.696065485316746e-05	unsupported	True	8.310414006961415e-05	8.310414006961415e-05
KRTAP5-7	chr11:71459350-71459851	15	0.0003683713923740733	0.0047487173623189044	0	0.004380345969944831	0.0047487173623189044	9.877818838367347e-08	unsupported	True	6.986528449815485e-05	-6.986528449815485e-05
KRTAP5-7	chr11:71499035-71499536	16	0.0067145853881480635	0.04432358474731989	4	0.03760899935917183	0.04432358474731989	7.388589416099247e-05	unsupported	True	5.609990431399949e-05	-5.609990431399949e-05
KRTAP5-7	chr11:71408723-71409224	17	-0.0030695123718826774	0.0	1	0.0030695123718826774	0.0	0.0	unsupported	True	4.42168424114303e-05	4.42168424114303e-05
KRTAP5-7	chr11:71487926-71488427	18	-0.005408712479032747	0.0	1	0.005408712479032747	0.0	0.0	unsupported	True	4.3052229452442256e-05	4.3052229452442256e-05
KRTAP5-7	chr11:71582261-71582762	19	0.00551236960592576	0.011299179597764813	0	0.005786809991839053	0.011299179597764813	7.388104779849449e-07	unsupported	True	3.500758081980772e-05	-3.500758081980772e-05
RBM3	chrX:48631292-48631793	0	0.014993129105861942	0.05068951850446926	0	0.03569638939860732	0.04827273653613246	8.734627239801728e-05	unsupported	True	0.0018926288562776	0.0018926288562776
RBM3	chrX:48648309-48648810	1	0.008233312714411967	0.03728640643310081	4	0.029053093718688847	0.030241294324514077	3.275995444947549e-05	unsupported	True	0.0018574031845597	0.0018574031845597
RBM3	chrX:48597874-48598375	2	0.018165178163329927	0.05059537848430732	0	0.03243020032097739	0.04583605285296341	7.520863246738008e-05	unsupported	True	0.0013963509538642	0.0013963509538642
RBM3	chrX:48539335-48539836	3	0.024350932166342973	0.049789662676392774	0	0.0254387305100498	0.04197998250335316	5.3171250185238855e-05	unsupported	True	0.0009854379568688	-0.0009854379568688
RBM3	chrX:48597190-48597691	4	0.013606287776896842	0.0505719506882367	0	0.03696566291133986	0.04349814249375415	8.1316544693216e-05	unsupported	True	0.0009757520611036	0.0009757520611036
RBM3	chrX:48676226-48676727	5	0.01453944446654671	0.0503231011572831	0	0.03578365669073639	0.04445640323388748	8.005462696634786e-05	unsupported	True	0.0008816676949567	0.0008816676949567
RBM3	chrX:48591233-48591734	6	-0.011443273764862342	0.03561973850551338	0	0.04706301227037572	0.054301398030628514	9.102935355581041e-05	unsupported	True	0.0008765172150331	-0.0008765172150331
RBM3	chrX:48574645-48575146	7	0.024037203270505954	0.06011008038434659	0	0.036072877113840635	0.0490738727206991	0.00010640901504430555	unsupported	True	0.0007637487958216	-0.0007637487958216
RBM3	chrX:48654685-48655186	8	0.013941589702641964	0.0726400702179946	0	0.05869848051535263	0.06105503633850607	0.0002603302338642268	unsupported	True	0.0007442495564983	0.0007442495564983
RBM3	chrX:48574144-48574645	9	0.023135940158097928	0.058333891745051665	0	0.03519795158695374	0.05089530224418208	0.00010449993943420675	unsupported	True	0.0007048320947453	-0.0007048320947453
RBM3	chrX:48697244-48697745	10	0.020597907507991554	0.05327710512241653	4	0.032679197614424976	0.030168818603456184	5.252551354247181e-05	unsupported	True	0.0005189584756909	0.0005189584756909
RBM3	chrX:48521505-48522006	11	0.027466181135971178	0.06704204921953068	0	0.0395758680835595	0.06990792821738001	0.0001854830215091844	unsupported	True	0.0004836110804721	-0.0004836110804721
RBM3	chrX:48573635-48574136	12	0.01965951738013036	0.03916037758413672	0	0.019500860204006362	0.02322522456878005	1.7736199352911235e-05	unsupported	True	0.0004434734915583	-0.0004434734915583
RBM3	chrX:48508668-48509169	13	0.008097470311872877	0.04292336922172038	0	0.034825898909847504	0.03679227003368881	5.499873785894168e-05	unsupported	True	0.0003675433034589	0.0003675433034589
RBM3	chrX:48475813-48476314	14	0.027797403574131834	0.05377418240748165	0	0.025976778833349815	0.0494039907090913	6.901144868305048e-05	unsupported	True	0.0003557351913293	-0.0003557351913293
RBM3	chrX:48696408-48696909	15	0.024552521257146968	0.054050798732433986	0	0.029498277475287018	0.03951403271664579	6.300138946144549e-05	unsupported	True	0.0003464559701251	-0.0003464559701251
RBM3	chrX:48555926-48556427	16	-0.0025930878890049113	0.015174243465300599	5	0.01776733135430551	0.004031754392443203	1.0869844155452584e-06	unsupported	True	0.0003405875207295	0.0003405875207295
RBM3	chrX:48661669-48662170	17	0.01863611460809027	0.1172564874501407	0	0.09862037284205043	0.12051958264221167	0.0013936738118085408	unsupported	True	0.0002791139518581	0.0002791139518581
RBM3	chrX:48703847-48704348	18	-0.007800899715432226	0.08154339285251236	0	0.08934429256794459	0.08994553966658943	0.000655292540005456	unsupported	True	0.0002766171091999	-0.0002766171091999
RBM3	chrX:48589709-48590210	19	0.013650002104849611	0.07141487471536609	0	0.05776487261051648	0.07264591473587571	0.00029968409552998235	unsupported	True	0.000170565828149	0.000170565828149
ABRAXAS2	chr10:124917072-124917573	0	0.007653440766803955	0.08068666016071149	0	0.07303321939390754	0.08081259653713993	0.0004762129984938671	unsupported	True	0.003056357336768	-0.003056357336768
ABRAXAS2	chr10:124709009-124709510	1	-0.012970171982999629	0.024547412845375795	0	0.03751758482837542	0.030080372491502038	2.7702809133446666e-05	unsupported	True	0.001750346206369	0.001750346206369
ABRAXAS2	chr10:124708117-124708618	2	0.005317082540407311	0.03172791632656741	0	0.026410833786160097	0.022603509321985883	1.8940853047290705e-05	unsupported	True	0.0016248155592574	0.0016248155592574
ABRAXAS2	chr10:124677252-124677753	3	-0.0027325976529597932	0.040901497027826104	0	0.0436340946807859	0.036909758345920904	6.587283811279177e-05	unsupported	True	0.0011928977420087	0.0011928977420087
ABRAXAS2	chr10:124751501-124752002	4	-0.007101300987278808	0.05463908520083207	0	0.061740386188110875	0.0652348621777661	0.00022006577742939584	unsupported	True	0.0011914635968266	-0.0011914635968266
ABRAXAS2	chr10:124791663-124792164	5	0.002377069071552724	0.04913579306951094	0	0.04675872399795822	0.04650169056751714	0.00010683888899944258	unsupported	True	0.0006111182319562	0.0006111182319562
ABRAXAS2	chr10:124711190-124711691	6	-0.00013195334302422746	0.0388125544249838	3	0.03894450776800802	0.04036820381395534	6.101798634854263e-05	unsupported	True	0.0006008009521189	0.0006008009521189
ABRAXAS2	chr10:124886137-124886638	7	0.016639078834653306	0.09220556161193068	0	0.07556648277727737	0.07185593736503214	0.0005006670207970753	unsupported	True	0.0005032980498071	0.0005032980498071
ABRAXAS2	chr10:124916551-124917052	8	0.006564422339312005	0.04845490698447049	0	0.04189048464515849	0.03945941572877697	8.009470377717535e-05	unsupported	True	0.0004747029119341	-0.0004747029119341
ABRAXAS2	chr10:124742397-124742898	9	0.026064843503482385	0.14297560925725225	0	0.11691076575376987	0.140401957892814	0.002346873196855727	unsupported	True	0.0004667069508627	-0.0004667069508627
ABRAXAS2	chr10:124756423-124756924	10	0.0008547425432600493	0.06273070227055257	0	0.06187595972729252	0.06592279306847328	0.0002558807984508699	unsupported	True	0.0004089817843771	0.0004089817843771
ABRAXAS2	chr10:124801522-124802023	11	0.006889683421897894	0.053526342958253016	0	0.046636659536355124	0.05623872379515296	0.0001403881544178133	unsupported	True	0.0003725545743054	-0.0003725545743054
ABRAXAS2	chr10:124670832-124671333	12	0.009807930668708977	0.11417099945684157	0	0.10436306878813259	0.12893835820816518	0.001536330950731066	unsupported	True	0.0003520293352383	0.0003520293352383
ABRAXAS2	chr10:124701325-124701826	13	-0.02177649983471884	0.011641481408993244	2	0.033417981243712085	0.02816989348967931	1.0959069087524873e-05	unsupported	True	0.0003253930400042	0.0003253930400042
ABRAXAS2	chr10:124756950-124757451	14	-0.004328331532645301	0.0721541109029882	0	0.07648244243563351	0.08111827629047007	0.0004476530437101822	unsupported	True	0.0003109012380523	0.0003109012380523
ABRAXAS2	chr10:124677912-124678413	15	0.013634805887559116	0.08922076550587578	0	0.07558595961831666	0.0801651612995932	0.0005406207952040636	unsupported	True	0.00030484091808	0.00030484091808
ABRAXAS2	chr10:124691021-124691522	16	0.00045724077963267535	0.02554337742044327	3	0.025086136640810594	0.018589196639289297	1.1911671978229656e-05	unsupported	True	0.0003044152384678	-0.0003044152384678
ABRAXAS2	chr10:124691704-124692205	17	0.00024073169430299416	0.08720660700349978	0	0.08696587530919678	0.09166667890776531	0.0006951999929935568	unsupported	True	0.0003036654476762	0.0003036654476762
ABRAXAS2	chr10:124741209-124741710	18	-0.008038248648442216	0.047530245776189764	0	0.05556849442463198	0.05271740137383786	0.0001392363674373954	unsupported	True	0.0002596050541241	0.0002596050541241
ABRAXAS2	chr10:124728288-124728789	19	0.03599563664121401	0.15034094813769533	0	0.11434531149648132	0.16180131297952585	0.0027814911870043604	unsupported	True	0.0002461807099093	0.0002461807099093
VPS11	chr11:119144815-119145316	0	-0.018266044508488264	0.0008985030225768967	5	0.01916454753106516	0.024582109533528615	4.2328927235349833e-07	unsupported	True	0.0014914899375339	0.0014914899375339
VPS11	chr11:118953262-118953763	1	-0.01956168898905792	-0.004429589481037076	0	0.015132099508020844	0.034741978888462345	0.0	unsupported	True	0.0014609738305396	-0.0014609738305396
VPS11	chr11:118930166-118930667	2	-0.017434576466483196	0.015265183916903468	0	0.032699760383386664	0.042580669235789834	2.125490138186838e-05	unsupported	True	0.0011574117714881	0.0011574117714881
VPS11	chr11:119094774-119095275	3	-0.017933454337806288	0.010354037948554527	0	0.028287492286360814	0.03224102033287973	9.44306498480317e-06	unsupported	True	0.0010921045857512	0.0010921045857512
VPS11	chr11:119222222-119222723	4	-0.011167555409754186	0.013576820574607153	5	0.02474437598436134	0.029024377047862475	9.750738104221426e-06	unsupported	True	0.0010200736860092	0.0010200736860092
VPS11	chr11:119148795-119149296	5	-0.00937830319161758	0.023755882079214218	0	0.0331341852708318	0.033481397278182966	2.6354272441964898e-05	unsupported	True	0.0009264476683353	0.0009264476683353
VPS11	chr11:119149348-119149849	6	-0.011056555454570727	0.039963404118803315	5	0.051019959573374046	0.06625058772311294	0.00013508039447134747	unsupported	True	0.0008788274116376	0.0008788274116376
VPS11	chr11:119095322-119095823	7	-0.020978407818613983	-0.0014833477138807265	5	0.01949506010473326	0.03359864085307047	0.0	unsupported	True	0.0007997097501616	-0.0007997097501616
VPS11	chr11:119107070-119107571	8	-0.024177873568215835	-0.005223463797003781	5	0.018954409771212054	0.027858221568029543	0.0	unsupported	True	0.0007984066554743	-0.0007984066554743
VPS11	chr11:118997808-118998309	9	-0.02105085413772476	-0.006318858219055749	0	0.01473199591866901	0.024217842239240756	0.0	unsupported	True	0.0007112646976864	-0.0007112646976864
VPS11	chr11:118925732-118926233	10	-0.015496066760743327	0.02177106008450707	5	0.037267126845250395	0.05230873076181039	4.244041971771077e-05	unsupported	True	0.0006387905701414	-0.0006387905701414
VPS11	chr11:119067474-119067975	11	-0.021992348137740217	-0.0032341910507950804	0	0.018758157086945136	0.02651972666069053	0.0	unsupported	True	0.0005945667596903	-0.0005945667596903
VPS11	chr11:118956467-118956968	12	-0.020261819760179753	0.0044114754750831965	0	0.02467329523526295	0.04271320308454897	4.649145790353296e-06	unsupported	True	0.000493417298589	0.000493417298589
VPS11	chr11:118927989-118928490	13	-0.018133969691948058	0.004363289435726463	0	0.022497259127674522	0.030610166625688072	3.0047568012387226e-06	unsupported	True	0.0004423121284499	0.0004423121284499
VPS11	chr11:119057055-119057556	14	-0.01944845907369104	-0.0023148296158558455	5	0.017133629457835194	0.026827129542048765	0.0	unsupported	True	0.0004305920325765	-0.0004305920325765
VPS11	chr11:119084642-119085143	15	-0.014920741013859656	0.003403725765772526	0	0.018324466779632183	0.024960712189908613	1.5568360549822435e-06	unsupported	True	0.000413141797547	0.000413141797547
VPS11	chr11:119038275-119038776	16	-0.017392453303286266	0.012067596092835196	0	0.029460049396121464	0.03799140186211582	1.3506398384522339e-05	unsupported	True	0.0003441202960022	-0.0003441202960022
VPS11	chr11:119121163-119121664	17	-0.018282597570429993	0.00044593033622852043	5	0.018728527906658514	0.03217526399116289	2.687155379215858e-07	unsupported	True	0.0003437055954476	-0.0003437055954476
VPS11	chr11:118939280-118939781	18	-0.012962871642817574	0.010724278658479946	0	0.02368715030129752	0.040358574379771056	1.025219180753486e-05	unsupported	True	0.0003136409141542	0.0003136409141542
VPS11	chr11:119030664-119031165	19	-0.024071820241204744	-0.008285396676471997	0	0.015786423564732747	0.028534733323108165	0.0	unsupported	True	0.0003087386132578	-0.0003087386132578
NOD2	chr16:50592054-50592555	0	-0.00756770158909973	0.0	0	0.00756770158909973	0.0	0.0	unsupported	True	0.0016574652829392	0.0016574652829392
NOD2	chr16:50551026-50551527	1	-0.005361559799602988	0.0	0	0.005361559799602988	0.0	0.0	unsupported	True	0.0015728895493636	0.0015728895493636
NOD2	chr16:50574386-50574887	2	-0.007296349545053471	0.0	0	0.007296349545053471	0.0	0.0	unsupported	True	0.0011056553226756	0.0011056553226756
NOD2	chr16:50741687-50742188	3	-0.00801700631929929	0.0	0	0.00801700631929929	0.0	0.0	unsupported	True	0.0010520117813436	-0.0010520117813436
NOD2	chr16:50548042-50548543	4	-0.00962202791777824	0.0	0	0.00962202791777824	0.0	0.0	unsupported	True	0.0009422741536838	0.0009422741536838
NOD2	chr16:50806171-50806672	5	-0.00920326852456947	0.0	0	0.00920326852456947	0.0	0.0	unsupported	True	0.0008800915262732	-0.0008800915262732
NOD2	chr16:50547304-50547805	6	-0.009556236790434072	0.0	0	0.009556236790434072	0.0	0.0	unsupported	True	0.0008624496710275	0.0008624496710275
NOD2	chr16:50644714-50645215	7	-0.009253755370440176	0.0	0	0.009253755370440176	0.0	0.0	unsupported	True	0.0007682807589428	0.0007682807589428
NOD2	chr16:50652816-50653317	8	-0.007821808976100025	0.0	0	0.007821808976100025	0.0	0.0	unsupported	True	0.0007623325328431	-0.0007623325328431
NOD2	chr16:50585299-50585800	9	-0.010332969765780731	0.0	0	0.010332969765780731	0.0	0.0	unsupported	True	0.0006413427316317	0.0006413427316317
NOD2	chr16:50645703-50646204	10	-0.007855859968864825	0.0	0	0.007855859968864825	0.0	0.0	unsupported	True	0.0006393977934737	0.0006393977934737
NOD2	chr16:50610446-50610947	11	-0.0067808510826885575	0.0	0	0.0067808510826885575	0.0	0.0	unsupported	True	0.0005986943112811	0.0005986943112811
NOD2	chr16:50580920-50581421	12	-0.01267529184343172	0.0	0	0.01267529184343172	0.0	0.0	unsupported	True	0.0005780567493588	0.0005780567493588
NOD2	chr16:50714470-50714971	13	-0.011269727286373403	0.0	0	0.011269727286373403	0.0	0.0	unsupported	True	0.0004566918430606	0.0004566918430606
NOD2	chr16:50747501-50748002	14	-0.008555246988255886	0.0	0	0.008555246988255886	0.0	0.0	unsupported	True	0.0004512287775275	0.0004512287775275
NOD2	chr16:50697810-50698311	15	-0.008066796810668497	0.0	0	0.008066796810668497	0.0	0.0	unsupported	True	0.0004075400043845	0.0004075400043845
NOD2	chr16:50711777-50712278	16	-0.006668817565690381	0.0	0	0.006668817565690381	0.0	0.0	unsupported	True	0.0003727864090938	0.0003727864090938
NOD2	chr16:50693326-50693827	17	-0.01121500177072367	0.0	0	0.01121500177072367	0.0	0.0	unsupported	True	0.0003365167908661	0.0003365167908661
NOD2	chr16:50665295-50665796	18	-0.011957550730695973	0.0	0	0.011957550730695973	0.0	0.0	unsupported	True	0.0002929735221115	0.0002929735221115
NOD2	chr16:50646401-50646902	19	-0.006984795136011786	0.0	0	0.006984795136011786	0.0	0.0	unsupported	True	0.0002800456260745	0.0002800456260745
DCTPP1	chr16:30409367-30409868	0	0.015805964696801136	0.052814758424252164	3	0.03700879372745103	0.034515200841747765	6.746377398483992e-05	unsupported	True	0.0022670830110409	0.0022670830110409
DCTPP1	chr16:30558278-30558779	1	-0.0003025359097968347	0.042628550469772174	3	0.04293108637956901	0.0527136292906053	9.647068490350975e-05	unsupported	True	0.0016694784572266	-0.0016694784572266
DCTPP1	chr16:30370512-30371013	2	0.0030030641908908515	0.03849573060790253	3	0.03549266641701168	0.044626058554783826	6.097330339616014e-05	unsupported	True	0.0015607202384598	-0.0015607202384598
DCTPP1	chr16:30395080-30395581	3	-0.0012725057341105535	0.04278921959186978	3	0.04406172532598033	0.055492391354188694	0.00010462351456312196	unsupported	True	0.0014680552636351	-0.0014680552636351
DCTPP1	chr16:30557765-30558266	4	-0.002310113009900995	0.0361986976848035	3	0.03850881069470449	0.038787240695432504	5.406820323327808e-05	unsupported	True	0.0008523648299191	-0.0008523648299191
DCTPP1	chr16:30400060-30400561	5	-0.006361779214455943	0.045580425077573546	3	0.05194220429202949	0.06643689876914574	0.00015729253027074136	unsupported	True	0.0008374029001672	-0.0008374029001672
DCTPP1	chr16:30407292-30407793	6	0.0004800681691412991	0.04195083778373186	3	0.041470769614590564	0.043924116402766424	7.641625803180264e-05	unsupported	True	0.0007449410808963	0.0007449410808963
DCTPP1	chr16:30335196-30335697	7	0.005157263992676023	0.040153031941749656	3	0.034995767949073636	0.04160689221847624	5.8465430282874296e-05	unsupported	True	0.0007391547084721	-0.0007391547084721
DCTPP1	chr16:30355103-30355604	8	-0.0034694702273738638	0.030740283384692424	3	0.03420975361206629	0.04890130790068234	5.1425472166432875e-05	unsupported	True	0.0007371249403922	-0.0007371249403922
DCTPP1	chr16:30445706-30446207	9	0.00487620286578454	0.03879107423993317	3	0.033914871374148635	0.049225616962706664	6.476094076091818e-05	unsupported	True	0.000631045727126	-0.000631045727126
DCTPP1	chr16:30429945-30430446	10	0.0014392938728371237	0.03895777435731208	3	0.03751848048447496	0.051203931119502846	7.484153451124089e-05	unsupported	True	0.0005391987749327	-0.0005391987749327
DCTPP1	chr16:30535613-30536114	11	-0.014864560420401428	0.026077372793679186	3	0.040941933214080614	0.045739832521187074	4.8834500640118554e-05	unsupported	True	0.0005101639313373	-0.0005101639313373
DCTPP1	chr16:30351962-30352463	12	0.008890748499728061	0.07014537722025098	5	0.06125462872052292	0.06639766232183433	0.0002852927637593538	unsupported	True	0.000378758486284	0.000378758486284
DCTPP1	chr16:30417751-30418252	13	0.0005993741564764222	0.03861175249533333	3	0.03801237833885691	0.04576743854023508	6.717399286970293e-05	unsupported	True	0.0003213459607163	-0.0003213459607163
DCTPP1	chr16:30378638-30379139	14	0.005453432967632334	0.04432323147992421	3	0.03886979851229187	0.05513648813104567	9.499107577687283e-05	unsupported	True	0.0002774638272828	0.0002774638272828
DCTPP1	chr16:30571797-30572298	15	0.0037343577489469303	0.04874907393380898	3	0.045014716184862046	0.060613515095316414	0.00013301185695362987	unsupported	True	0.0002714653573696	-0.0002714653573696
DCTPP1	chr16:30534739-30535240	16	0.003060207826631504	0.045902160077523534	3	0.04284195225089203	0.038647394211266936	7.600157512436456e-05	unsupported	True	0.0002390320761766	-0.0002390320761766
DCTPP1	chr16:30334577-30335078	17	-0.0050632567768592075	0.04379487304495004	3	0.048858129821809246	0.05054483781374144	0.00010815258850033519	unsupported	True	0.0002327662010945	-0.0002327662010945
DCTPP1	chr16:30378073-30378574	18	0.002708709319198302	0.041900852997739414	3	0.03919214367854111	0.04822854802880132	7.920016201864108e-05	unsupported	True	0.0001934387884549	-0.0001934387884549
DCTPP1	chr16:30309207-30309708	19	0.023289646921831032	0.0868161366135867	2	0.06352648969175567	0.08762070013324592	0.000483239061921216	unsupported	True	0.0001844408540189	-0.0001844408540189
CREB3	chr9:35675673-35676174	0	-0.017352370107393725	0.018469090709613948	4	0.03582146081700767	0.03984520976028867	2.6361184722054283e-05	unsupported	True	0.0018689135860265	0.0018689135860265
CREB3	chr9:35790229-35790730	1	-0.01264874387847517	0.039912866754284126	4	0.0525616106327593	0.05908060391495146	0.00012394428684175647	unsupported	True	0.0017947272629464	0.0017947272629464
CREB3	chr9:35749008-35749509	2	-0.014938164517383758	0.02569751756937262	4	0.04063568208675638	0.05272017949027821	5.505231748851157e-05	unsupported	True	0.0013824909763078	0.0013824909763078
CREB3	chr9:35732103-35732604	3	-0.013313276990459897	0.026858720612010122	4	0.04017199760247002	0.04896778719118487	5.283469793680252e-05	unsupported	True	0.0013570411519835	0.0013570411519835
CREB3	chr9:35604985-35605486	4	-0.014657049813181482	0.03989167654412715	4	0.05454872635730863	0.06297355091523031	0.00013703297503728131	unsupported	True	0.0011390598230897	0.0011390598230897
CREB3	chr9:35696491-35696992	5	-0.01936535531238488	0.01676390971333164	4	0.03612926502571652	0.03907835390130489	2.3668498169186178e-05	unsupported	True	0.0010260792614296	0.0010260792614296
CREB3	chr9:35665012-35665513	6	-0.013677030946848518	0.028630715717458705	4	0.04230774666430722	0.06076334701828503	7.360270710156169e-05	unsupported	True	0.0009065017510861	0.0009065017510861
CREB3	chr9:35611158-35611659	7	0.0005254620341113105	0.058651486990647275	4	0.05812602495653597	0.07471593337319032	0.0002547199011048609	unsupported	True	0.0007176809683945	0.0007176809683945
CREB3	chr9:35757375-35757876	8	-0.012224813505785097	0.005929528913937067	4	0.018154342419722164	0.028424931750115196	3.0598500520542162e-06	unsupported	True	0.0006875768661675	0.0006875768661675
CREB3	chr9:35618745-35619246	9	-0.004842109977599167	0.01699729343952813	1	0.0218394034171273	0.02246647430449044	8.33979674104421e-06	unsupported	True	0.0006263149304752	0.0006263149304752
CREB3	chr9:35845669-35846170	10	-0.0073682733210757995	0.06132486882848346	2	0.06869314214955927	0.08937745653170644	0.0003765112885294776	unsupported	True	0.0005323641974002	0.0005323641974002
CREB3	chr9:35756685-35757186	11	-0.013072674789172586	0.013604967401136104	4	0.02667764219030869	0.032144157731290576	1.1666672300290852e-05	unsupported	True	0.0004453003902121	-0.0004453003902121
CREB3	chr9:35714316-35714817	12	-0.008299484362140909	0.06942593052770066	4	0.07772541488984157	0.08218116764753443	0.0004434626683369027	unsupported	True	0.0003929519130362	0.0003929519130362
CREB3	chr9:35646667-35647168	13	-0.008997884495108164	0.04677996451004795	4	0.055777849005156116	0.0719617583589823	0.00018776879400661924	unsupported	True	0.000325481483372	-0.000325481483372
CREB3	chr9:35673388-35673889	14	0.004186667111619369	0.05749239513864821	4	0.05330572802702884	0.06436788679540714	0.00019726658773758744	unsupported	True	0.0003173236036137	-0.0003173236036137
CREB3	chr9:35815208-35815709	15	-0.008800021617388187	0.05478808337854833	4	0.06358810499593652	0.0757078843103006	0.0002637564570742431	unsupported	True	0.0002645552138093	0.0002645552138093
CREB3	chr9:35603929-35604430	16	-0.012423943286832289	0.0359906110219308	4	0.04841455430876309	0.06133102432701368	0.00010686743266534152	unsupported	True	0.0002427231021598	-0.0002427231021598
CREB3	chr9:35791307-35791808	17	-0.012368022555546926	0.02021326318785377	2	0.0325812857434007	0.0529458068253705	3.486873727628148e-05	unsupported	True	0.0002354018654912	-0.0002354018654912
CREB3	chr9:35690965-35691466	18	-0.011669008407244892	0.007502720345373792	2	0.019171728752618685	0.027001277352141365	3.8838669574275065e-06	unsupported	True	0.000198831216688	0.000198831216688
CREB3	chr9:35690458-35690959	19	-0.002772331913123232	0.019249989929986437	2	0.02202232184310967	0.034257160718949124	1.4522620114546788e-05	unsupported	True	0.0001921783197267	-0.0001921783197267
XKR5	chr8:6812231-6812732	0	-0.009726197070253661	0.0	0	0.009726197070253661	0.00812114239635485	0.0	unsupported	True	0.0015998713396853	0.0015998713396853
XKR5	chr8:6800678-6801179	1	-0.016767602154181077	0.0	0	0.016767602154181077	0.019046525680829738	0.0	unsupported	True	0.0015293615557855	0.0015293615557855
XKR5	chr8:6890253-6890754	2	-0.00797321758501396	0.013967679946078804	4	0.021940897531092764	0.019288983314943692	5.911368073630932e-06	unsupported	True	0.0014656453465616	0.0014656453465616
XKR5	chr8:6835250-6835751	3	-0.018865342538232095	0.0	0	0.018865342538232095	0.01674893684275038	0.0	unsupported	True	0.0012885197360128	0.0012885197360128
XKR5	chr8:6830052-6830553	4	-0.011735877991523258	0.0	0	0.011735877991523258	0.01621157812022441	0.0	unsupported	True	0.0011237527265537	0.0011237527265537
XKR5	chr8:6779521-6780022	5	-0.005700574510863063	0.05253426263965119	4	0.05823483715051425	0.06216142201202009	0.00019017194451040147	unsupported	True	0.0010945158546498	0.0010945158546498
XKR5	chr8:6958554-6959055	6	0.0017617937268713953	0.07331880934400123	4	0.07155701561712983	0.07331880934400123	0.00038466531383596933	unsupported	True	0.0010344582324455	0.0010344582324455
XKR5	chr8:6834467-6834968	7	-0.006843106971048103	0.022267990085373866	4	0.029111097056421967	0.0359828927967139	2.3325752672951998e-05	unsupported	True	0.0008891300681126	0.0008891300681126
XKR5	chr8:6841184-6841685	8	-0.011425012625038321	0.0024980143416055995	5	0.013923026966643921	0.014533774171280975	5.054835181083369e-07	unsupported	True	0.0008316807739874	0.0008316807739874
XKR5	chr8:6888884-6889385	9	-0.01120897790404965	0.005454539419618216	4	0.016663517323667866	0.01403346029696076	1.275526636584674e-06	unsupported	True	0.0004899587943562	0.0004899587943562
XKR5	chr8:6896721-6897222	10	-0.011332133898512682	0.0010537849035618266	4	0.012385918802074508	0.008422745571588248	1.0993446904724541e-07	unsupported	True	0.0004747620089204	0.0004747620089204
XKR5	chr8:6758431-6758932	11	-0.013932628500231414	0.0	0	0.013932628500231414	0.020064608320869395	0.0	unsupported	True	0.000472829555422	-0.000472829555422
XKR5	chr8:6816192-6816693	12	-0.013040308943851721	0.0027593068209517345	4	0.015799615764803456	0.021773055070372384	9.492178377350707e-07	unsupported	True	0.0004609243904785	0.0004609243904785
XKR5	chr8:6887171-6887672	13	-0.008582239572681378	0.028740476486165782	4	0.03732271605884716	0.036322996787120414	3.896268497582335e-05	unsupported	True	0.0004288136033395	0.0004288136033395
XKR5	chr8:6935908-6936409	14	-0.007280413100461105	0.004886318751408785	3	0.01216673185186989	0.01743829316557064	1.0367157708343e-06	unsupported	True	0.0003312523298294	0.0003312523298294
XKR5	chr8:6797345-6797846	15	-0.005485437735972704	0.027961390196107293	5	0.033446827932079995	0.03621817349793637	3.387195321526622e-05	unsupported	True	0.0003217540661941	-0.0003217540661941
XKR5	chr8:6733133-6733634	16	-0.010525050336623236	0.02219491130582897	5	0.03271996164245221	0.0325771339587278	2.3658056978836545e-05	unsupported	True	0.0002331076191326	0.0002331076191326
XKR5	chr8:6773162-6773663	17	0.005323498588716018	0.11742791505686594	4	0.11210441646814992	0.11742791505686594	0.0015458431378704855	unsupported	True	0.0002104139261168	0.0002104139261168
XKR5	chr8:6943835-6944336	18	-0.00969509266678972	0.0065790154805487186	4	0.01627410814733844	0.018607835070187848	1.9922964176971797e-06	unsupported	True	0.0001976461862592	0.0001976461862592
XKR5	chr8:6682346-6682847	19	-0.0008872095763248764	0.0	0	0.0008872095763248764	0.0032381385817186153	0.0	unsupported	True	0.0001730992586352	0.0001730992586352
OVOL3	chr19:36009194-36009695	0	0.0	0.0	0	0.0	0.0	0.0	unsupported	True	0.0022790906319775	0.0022790906319775
OVOL3	chr19:35987009-35987510	1	0.0	0.0	0	0.0	0.0	0.0	unsupported	True	0.0022441355205281	0.0022441355205281
OVOL3	chr19:36008585-36009086	2	0.0	0.0	0	0.0	0.0	0.0	unsupported	True	0.0022407531822448	0.0022407531822448
OVOL3	chr19:36245272-36245773	3	0.0	0.0	0	0.0	0.0	0.0	unsupported	True	0.0013986948329385	0.0013986948329385
OVOL3	chr19:36151421-36151922	4	0.0	0.0	0	0.0	0.0	0.0	unsupported	True	0.0011069638533358	0.0011069638533358
OVOL3	chr19:35994861-35995362	5	0.0	0.0	0	0.0	0.0	0.0	unsupported	True	0.0008997699032243	0.0008997699032243
OVOL3	chr19:36152263-36152764	6	0.0	0.0	0	0.0	0.0	0.0	unsupported	True	0.0007035527128142	0.0007035527128142
OVOL3	chr19:36140975-36141476	7	0.0	0.0	0	0.0	0.0	0.0	unsupported	True	0.0005070289890542	-0.0005070289890542
OVOL3	chr19:35978197-35978698	8	0.0	0.0	0	0.0	0.0	0.0	unsupported	True	0.0004398247765863	0.0004398247765863
OVOL3	chr19:36190418-36190919	9	0.0	0.0	0	0.0	0.0	0.0	unsupported	True	0.0003324709920414	0.0003324709920414
OVOL3	chr19:36245891-36246392	10	0.0	0.0	0	0.0	0.0	0.0	unsupported	True	0.0003289168574476	0.0003289168574476
OVOL3	chr19:36115060-36115561	11	0.0	0.0	0	0.0	0.0	0.0	unsupported	True	0.0003191648931786	-0.0003191648931786
OVOL3	chr19:36127774-36128275	12	0.0	0.0	0	0.0	0.0	0.0	unsupported	True	0.0003173884085015	-0.0003173884085015
OVOL3	chr19:36170635-36171136	13	0.0	0.0	0	0.0	0.0	0.0	unsupported	True	0.0002555122844553	0.0002555122844553
OVOL3	chr19:36054183-36054684	14	0.0	0.0	0	0.0	0.0	0.0	unsupported	True	0.0002455115747292	-0.0002455115747292
OVOL3	chr19:36207101-36207602	15	0.0	0.0	0	0.0	0.0	0.0	unsupported	True	0.0002262079685197	0.0002262079685197
OVOL3	chr19:35966333-35966834	16	0.0	0.0	0	0.0	0.0	0.0	unsupported	True	0.0002101122786318	0.0002101122786318
OVOL3	chr19:36139710-36140211	17	0.0	0.0	0	0.0	0.0	0.0	unsupported	True	0.0002096139186161	0.0002096139186161
OVOL3	chr19:36055051-36055552	18	0.0	0.0	0	0.0	0.0	0.0	unsupported	True	0.0002042585724052	0.0002042585724052
OVOL3	chr19:36257416-36257917	19	0.0	0.0	0	0.0	0.0	0.0	unsupported	True	0.0001787280420465	0.0001787280420465
RRH	chr4:109998727-109999228	0	0.011517976104126216	0.03149471367516435	0	0.019976737571038135	0.03149471367516435	1.9815265391107825e-05	unsupported	True	0.0059302339289094	0.0059302339289094
RRH	chr4:109684772-109685273	1	-0.0014578758407240125	0.013844521247767905	5	0.015302397088491917	0.013844521247767905	2.933022211066024e-06	unsupported	True	0.0048358334481544	0.0048358334481544
RRH	chr4:109921369-109921870	2	-0.008677774202142859	0.0	1	0.008677774202142859	0.0	0.0	unsupported	True	0.0006437332838184	0.0006437332838184
RRH	chr4:109703257-109703758	3	-0.005263801586903706	0.017596317904560323	5	0.022860119491464027	0.017596317904560323	7.078188029020543e-06	unsupported	True	0.0006010016560445	-0.0006010016560445
RRH	chr4:109952204-109952705	4	0.026739476790425244	0.06550125884367071	5	0.038761782053245465	0.06550125884367071	0.00016630412766350608	unsupported	True	0.0004914226229131	-0.0004914226229131
RRH	chr4:109681551-109682052	5	0.0111135437446748	0.0636617189057757	5	0.0525481751611009	0.0636617189057757	0.00021296800382623028	unsupported	True	0.0004507263298344	-0.0004507263298344
RRH	chr4:109916911-109917412	6	0.0003284787056395614	0.03243867484773146	5	0.0321101961420919	0.03243867484773146	3.3788519860878896e-05	unsupported	True	0.0002782859696647	-0.0002782859696647
RRH	chr4:109889212-109889713	7	0.0018143413876023896	0.029206888964522247	5	0.02739254757691986	0.029206888964522247	2.3367003513220265e-05	unsupported	True	0.0002634635967907	-0.0002634635967907
RRH	chr4:109820541-109821042	8	-0.004597806169813063	0.020332885936486248	0	0.02493069210629931	0.020332885936486248	1.030700256003085e-05	unsupported	True	0.0001981897825277	-0.0001981897825277
RRH	chr4:109955037-109955538	9	0.0647944109521009	0.14000683739943415	5	0.07521242644733325	0.14000683739943415	0.0014743075539564838	unsupported	True	0.0001950297672482	-0.0001950297672482
RRH	chr4:109729857-109730358	10	0.034828504514162195	0.0738609894062568	5	0.0390324848920946	0.0738609894062568	0.00021293960405348986	unsupported	True	0.0001525629182828	0.0001525629182828
RRH	chr4:109929203-109929704	11	0.03485488737953872	0.1010151853293453	5	0.06616029794980657	0.1010151853293453	0.0006751041571567777	unsupported	True	0.0001329891369497	-0.0001329891369497
RRH	chr4:109971132-109971633	12	0.011953103684683527	0.042910639043655906	5	0.03095753535897238	0.042910639043655906	5.700282011938658e-05	unsupported	True	0.0001217494609785	0.0001217494609785
RRH	chr4:109826621-109827122	13	0.0014000794632234958	0.004596599807337102	5	0.0031965203441136065	0.004596599807337102	6.75384146152151e-08	unsupported	True	0.0001071629006917	-0.0001071629006917
RRH	chr4:109815229-109815730	14	0.029818519461359147	0.0543420698561358	0	0.024523550394776654	0.0543420698561358	7.241952937000305e-05	unsupported	True	9.42700730100853e-05	-9.42700730100853e-05
RRH	chr4:109912529-109913030	15	0.0013596166785688351	0.029881524605447952	0	0.028521907926879118	0.029881524605447952	2.5467368821943952e-05	unsupported	True	6.886405242477653e-05	-6.886405242477653e-05
RRH	chr4:109975687-109976188	16	0.017604509711165936	0.08980834232240915	5	0.07220383261124322	0.08980834232240915	0.0005823627809934353	unsupported	True	6.56744483107924e-05	6.56744483107924e-05
RRH	chr4:109682313-109682814	17	0.0018591906492125628	0.016505509723001608	5	0.014646319073789046	0.016505509723001608	3.990123818774034e-06	unsupported	True	6.113559708644542e-06	6.113559708644542e-06
CLEC5A	chr7:142087917-142088418	0	0.0	0.0	0	0.0	0.0	0.0	unsupported	True	0.0056037255154303	0.0056037255154303
CLEC5A	chr7:141785872-141786373	1	0.0	0.0	0	0.0	0.0	0.0	unsupported	True	0.0028494889779582	-0.0028494889779582
CLEC5A	chr7:141976191-141976692	2	0.0	0.0	0	0.0	0.0	0.0	unsupported	True	0.0025982427845386	-0.0025982427845386
CLEC5A	chr7:141999116-141999617	3	0.0	0.0	0	0.0	0.0	0.0	unsupported	True	0.0016444516295649	-0.0016444516295649
CLEC5A	chr7:142013794-142014295	4	0.0	0.0	0	0.0	0.0	0.0	unsupported	True	0.00051217093633	0.00051217093633
CLEC5A	chr7:141778674-141779175	5	0.0	0.0	0	0.0	0.0	0.0	unsupported	True	0.0004310501263022	-0.0004310501263022
CLEC5A	chr7:141799865-141800366	6	0.0	0.0	0	0.0	0.0	0.0	unsupported	True	0.0002759248493797	-0.0002759248493797
CLEC5A	chr7:141803878-141804379	7	0.0	0.0	0	0.0	0.0	0.0	unsupported	True	0.0002604450303863	-0.0002604450303863
CLEC5A	chr7:141844199-141844700	8	0.0	0.0	0	0.0	0.0	0.0	unsupported	True	0.0001500680107875	0.0001500680107875
CLEC5A	chr7:141794389-141794890	9	0.0	0.0	0	0.0	0.0	0.0	unsupported	True	0.0001373380091413	-0.0001373380091413
CLEC5A	chr7:141955918-141956419	10	0.0	0.0	0	0.0	0.0	0.0	unsupported	True	0.000128400203025	-0.000128400203025
CLEC5A	chr7:141803034-141803535	11	0.0	0.0	0	0.0	0.0	0.0	unsupported	True	4.544440954666871e-05	-4.544440954666871e-05
ZNF554	chr19:2739845-2740346	0	0.018766970765288063	0.03392665349958964	2	0.015159682734301579	0.021189693065596593	1.0898225795048108e-05	unsupported	True	0.0040779662161608	0.0040779662161608
ZNF554	chr19:2923563-2924064	1	-0.009734175872422526	0.02339783107564726	3	0.03313200694806979	0.031026013145408454	2.4051895990002767e-05	unsupported	True	0.0013337645944861	-0.0013337645944861
ZNF554	chr19:2841083-2841584	2	0.013056283053756093	0.02580255671575676	2	0.012746273662000667	0.013757101667519239	4.524524317039958e-06	unsupported	True	0.0012286158159804	-0.0012286158159804
ZNF554	chr19:2785142-2785643	3	0.015438283583062713	0.029708750749027776	5	0.014270467165965063	0.015795629418117525	6.696679541201997e-06	unsupported	True	0.0008337611058651	-0.0008337611058651
ZNF554	chr19:2962032-2962533	4	0.011274114256935846	0.0150205681163949	5	0.0037464538594590546	0.008468209950265976	4.7653890684344646e-07	unsupported	True	0.0007705148786833	0.0007705148786833
ZNF554	chr19:2766234-2766735	5	0.01947982432485688	0.06071549028211705	0	0.041235665957260165	0.05601825324071056	0.00014024974545012676	unsupported	True	0.0006911935843026	0.0006911935843026
ZNF554	chr19:2982795-2983296	6	0.0054090996958099545	0.06100761884456515	5	0.055598519148755195	0.06768713903973242	0.00022959025849105642	unsupported	True	0.0006626181127044	-0.0006626181127044
ZNF554	chr19:2720647-2721148	7	0.005604701051989123	0.02518344953269096	5	0.01957874848070184	0.008898962225512529	4.387726090536245e-06	unsupported	True	0.0006590525109726	0.0006590525109726
ZNF554	chr19:2969098-2969599	8	0.00040081942168649953	0.03276976170807231	4	0.03236894228638581	0.028344147713311	3.006527594467884e-05	unsupported	True	0.0005101801458145	0.0005101801458145
ZNF554	chr19:2721183-2721684	9	0.013790779397601984	0.027628793247382644	4	0.01383801384978066	0.015954537394603015	6.099860367875569e-06	unsupported	True	0.0004944898927561	0.0004944898927561
ZNF554	chr19:2719872-2720373	10	0.02839263060492418	0.046904227517059145	4	0.018511596912134966	0.019129684788595367	1.660977260278667e-05	unsupported	True	0.0004902938242454	0.0004902938242454
ZNF554	chr19:2944822-2945323	11	0.022903741768128472	0.03521739275388857	2	0.012313650985760097	0.018264896441107667	7.920657876193094e-06	unsupported	True	0.0004640693959768	-0.0004640693959768
ZNF554	chr19:2695209-2695710	12	0.008627737026222012	0.11187896163869411	5	0.1032512246124721	0.12144622522695989	0.0014029030485960298	unsupported	True	0.0004295630268832	-0.0004295630268832
ZNF554	chr19:2799929-2800430	13	0.02883835452975056	0.08728199929056389	1	0.05844364476081333	0.07189663190247701	0.00036675033881491975	unsupported	True	0.0003702920585177	0.0003702920585177
ZNF554	chr19:2783184-2783685	14	0.01879373147709125	0.04708859361946549	2	0.02829486214237424	0.03931242601595747	5.237851090422697e-05	unsupported	True	0.0003359155450807	0.0003359155450807
ZNF554	chr19:2887322-2887823	15	0.00016300413504645344	0.042678254533784855	2	0.0425152503987384	0.0407949541213691	7.402149283676997e-05	unsupported	True	0.000291851602801	0.000291851602801
ZNF554	chr19:2819595-2820096	16	0.021369626336010444	0.0312772610221987	5	0.009907634686188257	0.015269761447576243	4.731849811957434e-06	unsupported	True	0.0002831626697994	0.0002831626697994
ZNF554	chr19:2914571-2915072	17	-0.02161899539977549	-0.0007219025915102765	2	0.02089709280826521	0.029857930618018662	0.0	unsupported	True	0.0002651198880396	-0.0002651198880396
ZNF554	chr19:2685707-2686208	18	0.0066991040828263265	0.09780836523112472	5	0.0911092611482984	0.09739812650290881	0.000867938849321208	unsupported	True	0.0002630553260121	-0.0002630553260121
ZNF554	chr19:2702574-2703075	19	0.010082059914288339	0.04391037382852767	2	0.033828313914239336	0.04304712881812441	6.394280393041256e-05	unsupported	True	0.0001799285677773	-0.0001799285677773
ZP2	chr16:21188622-21189123	0	0.0	0.0	0	0.0	0.0	0.0	unsupported	True	0.0027665132952103	-0.0027665132952103
ZP2	chr16:21158342-21158843	1	0.0	0.0	0	0.0	0.0	0.0	unsupported	True	0.0026825879425584	-0.0026825879425584
ZP2	chr16:21300536-21301037	2	0.0	0.0	0	0.0	0.0	0.0	unsupported	True	0.002548142044874	-0.002548142044874
ZP2	chr16:21283475-21283976	3	0.0	0.0	0	0.0	0.0	0.0	unsupported	True	0.0024516346674215	-0.0024516346674215
ZP2	chr16:21100635-21101136	4	0.0	0.0	0	0.0	0.0	0.0	unsupported	True	0.0018765506933477	0.0018765506933477
ZP2	chr16:21278088-21278589	5	0.0	0.0	0	0.0	0.0	0.0	unsupported	True	0.0005062047961974	-0.0005062047961974
ZP2	chr16:21103849-21104350	6	0.0	0.0	0	0.0	0.0	0.0	unsupported	True	0.0004685574301243	0.0004685574301243
ZP2	chr16:21159156-21159657	7	0.0	0.0	0	0.0	0.0	0.0	unsupported	True	0.0002953437773735	-0.0002953437773735
ZP2	chr16:21156675-21157176	8	0.0	0.0	0	0.0	0.0	0.0	unsupported	True	0.0002883932888504	-0.0002883932888504
ZP2	chr16:21226696-21227197	9	0.0	0.0	0	0.0	0.0	0.0	unsupported	True	0.0001839129873237	-0.0001839129873237
ZP2	chr16:21160239-21160740	10	0.0	0.0	0	0.0	0.0	0.0	unsupported	True	0.0001371753247208	-0.0001371753247208
ZP2	chr16:21150398-21150899	11	0.0	0.0	0	0.0	0.0	0.0	unsupported	True	0.0001174741102188	-0.0001174741102188
ZP2	chr16:21162571-21163072	12	0.0	0.0	0	0.0	0.0	0.0	unsupported	True	9.72732594294782e-05	-9.72732594294782e-05
ZP2	chr16:21301189-21301690	13	0.0	0.0	0	0.0	0.0	0.0	unsupported	True	4.449268744608084e-05	-4.449268744608084e-05
ZP2	chr16:21053553-21054054	14	0.0	0.0	0	0.0	0.0	0.0	unsupported	True	4.423321622647135e-05	4.423321622647135e-05
ZP2	chr16:21315760-21316261	15	0.0	0.0	0	0.0	0.0	0.0	unsupported	True	2.9364889605036133e-05	-2.9364889605036133e-05
ZP2	chr16:21326918-21327419	16	0.0	0.0	0	0.0	0.0	0.0	unsupported	True	2.429252003500613e-05	-2.429252003500613e-05
ZP2	chr16:21227753-21228254	17	0.0	0.0	0	0.0	0.0	0.0	unsupported	True	2.377623242228156e-05	-2.377623242228156e-05
ZP2	chr16:21116090-21116591	18	0.0	0.0	0	0.0	0.0	0.0	unsupported	True	2.3555436045977287e-05	-2.3555436045977287e-05
ZP2	chr16:21083764-21084265	19	0.0	0.0	0	0.0	0.0	0.0	unsupported	True	2.2514815832773647e-05	-2.2514815832773647e-05
ZNF175	chr19:51688390-51688891	0	-0.026137114700987247	0.02175508568119699	4	0.04789220038218424	0.0497594188940868	5.184428494368257e-05	unsupported	True	0.0024366324028327	0.0024366324028327
ZNF175	chr19:51688957-51689458	1	0.0016525735003196352	0.0828176690804581	4	0.08116509558013846	0.119926240492441	0.0008061326788658952	unsupported	True	0.0016134561414974	-0.0016134561414974
ZNF175	chr19:51660932-51661433	2	-0.02485863993706823	0.02477914214968836	0	0.04963778208675659	0.05385860398108672	6.624509503961856e-05	unsupported	True	0.0015251402255797	0.0015251402255797
ZNF175	chr19:51689785-51690286	3	3.980206012617845e-05	0.09964717516166645	4	0.09960737310154028	0.13326416328115614	0.0013227258935021087	unsupported	True	0.0014763679939476	-0.0014763679939476
ZNF175	chr19:51719323-51719824	4	-0.028144958015962673	0.015226567762658814	0	0.04337152577862149	0.04587910821679719	3.0298539036643226e-05	unsupported	True	0.0012735648856924	0.0012735648856924
ZNF175	chr19:51656904-51657405	5	-0.0005038027097358345	0.059925660587612034	5	0.06042946329734787	0.08755360573680501	0.00031705572800846667	unsupported	True	0.00098865782331	0.00098865782331
ZNF175	chr19:51690674-51691175	6	0.013878365124434657	0.09775465586745805	4	0.08387629074302339	0.12841064931564541	0.0010528771720255692	unsupported	True	0.0008834598389167	-0.0008834598389167
ZNF175	chr19:51553135-51553636	7	0.004518482523497782	0.06684988453548635	5	0.062331402011988564	0.09801787559677086	0.0004084254935660372	unsupported	True	0.0008569198554694	0.0008569198554694
ZNF175	chr19:51687837-51688338	8	-0.016757324326446107	0.016911501855563955	0	0.03366882618201006	0.05447447843885341	3.101724596428917e-05	unsupported	True	0.0008480378674281	0.0008480378674281
ZNF175	chr19:51713518-51714019	9	0.017783830872458696	0.06971190093669677	0	0.05192807006423807	0.1002308592051231	0.0003628361589711079	unsupported	True	0.0005696790565257	0.0005696790565257
ZNF175	chr19:51460422-51460923	10	-0.028049861962298108	0.01138129552122717	0	0.03943115748352528	0.05241692919092396	2.3523546620378106e-05	unsupported	True	0.0003685164004079	0.0003685164004079
ZNF175	chr19:51704006-51704507	11	-0.0041555131259432	0.06455315179620993	4	0.06870866492215313	0.0998113995914417	0.0004426995767700685	unsupported	True	0.0002677360139416	-0.0002677360139416
ZNF175	chr19:51503093-51503594	12	-0.01894326578042263	-0.0028105461448351843	4	0.016132719635587447	0.015404012525750929	0.0	unsupported	True	0.0002617339738991	0.0002617339738991
ZNF175	chr19:51531449-51531950	13	0.002729552504832653	0.06701958163460976	5	0.0642900291297771	0.08093575201685259	0.0003487271346024424	unsupported	True	0.0002359268500408	0.0002359268500408
ZNF175	chr19:51514828-51515329	14	-0.008681401924144084	0.05978245182969492	4	0.068463853753839	0.09226552639248661	0.00037763699040517333	unsupported	True	0.0002011758603534	-0.0002011758603534
ZNF175	chr19:51607840-51608341	15	0.017267766734768455	0.07802081453616955	4	0.06075304780140109	0.0985622918115681	0.00046718548741803346	unsupported	True	0.0002006878556399	-0.0002006878556399
ZNF175	chr19:51677276-51677777	16	-0.0223068749165078	-0.010767360307722029	0	0.011539514608785773	0.012198041854324385	0.0	unsupported	True	0.0001918309912245	0.0001918309912245
ZNF175	chr19:51461716-51462217	17	0.0032057483492166955	0.07125020224897906	5	0.06804445389976237	0.08869239687864948	0.0004299968024629329	unsupported	True	0.0001826947306818	0.0001826947306818
ZNF175	chr19:51594225-51594726	18	-0.023123788120752834	0.030280545803816925	4	0.05340433392456976	0.06358859677576272	0.00010282990704272646	unsupported	True	0.0001347561738949	-0.0001347561738949
ZNF175	chr19:51440940-51441441	19	0.004463922859240696	0.0666595673052045	5	0.06219564444596381	0.07681830128864617	0.000318483664520901	unsupported	True	0.0001111849160876	0.0001111849160876
BCL3	chr19:44723813-44724314	0	0.0019899306852308586	0.053590715829070865	0	0.051600785143840006	0.06759489455562906	0.00018692171748954027	unsupported	True	0.0022471844940328	0.0022471844940328
BCL3	chr19:44758082-44758583	1	0.016926291408734893	0.08815261668595308	4	0.07122632527721819	0.09850617988869853	0.0006184993167905085	unsupported	True	0.0018754776113285	0.0018754776113285
BCL3	chr19:44757212-44757713	2	0.0053898038822804565	0.0747498068717689	0	0.06936000298948844	0.09057884099244184	0.00046961930064349345	unsupported	True	0.0017191438759522	0.0017191438759522
BCL3	chr19:44906358-44906859	3	0.005762648965847829	0.06463163180133545	0	0.058868982835487624	0.0750516430383293	0.00028555637308647953	unsupported	True	0.0013031037061495	0.0013031037061495
BCL3	chr19:44860911-44861412	4	0.01976237969830037	0.050359463352218546	3	0.030597083653918177	0.04768819281165454	7.348048126972363e-05	unsupported	True	0.0012073057451457	0.0012073057451457
BCL3	chr19:44603125-44603626	5	-0.013239149715928489	0.0405096765439446	0	0.05374882625987309	0.057697094635509594	0.00012562662859321583	unsupported	True	0.0011592522283443	0.0011592522283443
BCL3	chr19:44808773-44809274	6	-0.01844934160541323	0.019321599426620335	2	0.037770941032033566	0.030883803050618046	2.253884481839807e-05	unsupported	True	0.0006283131092351	-0.0006283131092351
BCL3	chr19:44863357-44863858	7	-0.002914434888813276	0.03587541786114433	0	0.0387898527499576	0.04816615601527689	6.702812752893962e-05	unsupported	True	0.0005702126552295	0.0005702126552295
BCL3	chr19:44844678-44845179	8	-0.023821933128429187	0.023487903596641074	0	0.04730983672507026	0.03848517036977209	4.276506322373604e-05	unsupported	True	0.0004945273297006	0.0004945273297006
BCL3	chr19:44770540-44771041	9	-0.013849018850096298	0.04284543657889441	0	0.05669445542899071	0.06431859207079327	0.0001562362080285263	unsupported	True	0.0004484804449064	0.0004484804449064
BCL3	chr19:44748271-44748772	10	-0.012201326707776915	0.011540405755657495	3	0.02374173246343441	0.025099464747264672	6.8769829183718505e-06	unsupported	True	0.0004137762541969	0.0004137762541969
BCL3	chr19:44689098-44689599	11	0.0057107276720477634	0.0780202830335946	0	0.07230955536154683	0.07727448014846079	0.00043595263259382696	unsupported	True	0.0004044751277017	0.0004044751277017
BCL3	chr19:44644308-44644809	12	0.0009166963966831342	0.07466497236417417	0	0.07374827596749103	0.082254052512302	0.0004529247829886174	unsupported	True	0.0003803524278895	0.0003803524278895
BCL3	chr19:44813479-44813980	13	-0.0015759132084298545	0.04707648323588439	4	0.048652396444314246	0.0665186055112966	0.00015235313151243813	unsupported	True	0.0003085043783461	0.0003085043783461
BCL3	chr19:44800432-44800933	14	-0.016419472802438738	0.05356622701748162	0	0.06998569981992037	0.06343074657997344	0.00023779361560699136	unsupported	True	0.0002921280297949	-0.0002921280297949
BCL3	chr19:44890747-44891248	15	-0.0031030852971230404	0.05718272146355935	0	0.06028580676068239	0.06805601053363283	0.00023460992721818856	unsupported	True	0.0002754297543483	0.0002754297543483
BCL3	chr19:44820830-44821331	16	-0.011767311228799909	-0.006535870153337758	0	0.00523144107546215	0.0058467609358198	0.0	unsupported	True	0.0002408092777976	0.0002408092777976
BCL3	chr19:44748773-44749274	17	-0.01822949028677589	0.01371853621212876	0	0.03194802649890465	0.03051245370824239	1.3373003045375349e-05	unsupported	True	0.0002361467071509	0.0002361467071509
BCL3	chr19:44784344-44784845	18	-0.0020591270124575853	0.10054597831767839	0	0.10260510533013598	0.11091928110553376	0.00114430216828208	unsupported	True	0.0002230809429641	0.0002230809429641
BCL3	chr19:44602309-44602810	19	0.012633084524406453	0.045631078287353424	3	0.03299799376294697	0.04323599750775602	6.510191305908319e-05	unsupported	True	0.0001998719503155	0.0001998719503155
NKAPD1	chr11:112175241-112175742	0	0.003116414551497156	0.08038279265913209	3	0.07726637810763494	0.09138798021213441	0.0005676004411894449	unsupported	True	0.0026532773838017	0.0026532773838017
NKAPD1	chr11:111978300-111978801	1	0.018681052641147555	0.08664741785972235	3	0.0679663652185748	0.07869507046284328	0.0004634439301514784	unsupported	True	0.0024198902470153	0.0024198902470153
NKAPD1	chr11:111960831-111961332	2	0.014012739601832594	0.08683168628512353	3	0.07281894668329093	0.08174256817786306	0.0005168575992544346	unsupported	True	0.001055960605589	0.001055960605589
NKAPD1	chr11:112128361-112128862	3	0.008425272242794678	0.054735474592457534	2	0.046310202349662856	0.05576616218727466	0.0001413566759910834	unsupported	True	0.000971460810957	0.000971460810957
NKAPD1	chr11:111992151-111992652	4	0.00443986157346017	0.03877506800817669	3	0.03433520643471652	0.052959350088675985	7.050742886478726e-05	unsupported	True	0.0009028640307196	-0.0009028640307196
NKAPD1	chr11:111936979-111937480	5	0.012004903286094035	0.09287447881727046	3	0.08086957553117642	0.09132035197655296	0.000685881564741208	unsupported	True	0.0008511504870164	0.0008511504870164
NKAPD1	chr11:111976998-111977499	6	0.015804499263864166	0.05959656500288911	3	0.043792065739024943	0.05283346532632602	0.00013788777306600032	unsupported	True	0.0007310269377358	0.0007310269377358
NKAPD1	chr11:112226365-112226866	7	0.011774162575526683	0.07115644349576901	3	0.05938228092024232	0.061726738331489894	0.0002608221302751666	unsupported	True	0.0007128811924219	0.0007128811924219
NKAPD1	chr11:111942005-111942506	8	0.00804058461084862	0.04410250713310814	2	0.036061922522259524	0.03654182727423725	5.81168966108987e-05	unsupported	True	0.0005660310797947	-0.0005660310797947
NKAPD1	chr11:112025113-112025614	9	0.013119622756907468	0.07195072266672763	3	0.05883109990982016	0.06774830437036103	0.0002867745179204887	unsupported	True	0.0005606366064309	-0.0005606366064309
NKAPD1	chr11:112123091-112123592	10	0.021224185419120543	0.09626770378176501	3	0.07504351836264447	0.08795627918147586	0.0006354196624148651	unsupported	True	0.0004944568106975	0.0004944568106975
NKAPD1	chr11:111981937-111982438	11	0.0002778062562604443	0.050779546117642446	3	0.050501739861382004	0.053318272580250715	0.00013673233354665504	unsupported	True	0.0004822872152138	0.0004822872152138
NKAPD1	chr11:112073890-112074391	12	0.01452151066177262	0.09148999433161745	3	0.07696848366984482	0.08756679884852661	0.0006166319239966855	unsupported	True	0.0003856349951448	0.0003856349951448
NKAPD1	chr11:111931740-111932241	13	0.009064288713649777	0.06736126761225304	3	0.05829697889860327	0.0617335894586757	0.0002424252374754409	unsupported	True	0.0003625607195499	0.0003625607195499
NKAPD1	chr11:112113355-112113856	14	0.014468226060765577	0.0629602406583638	3	0.04849201459759822	0.055510357222640506	0.00016947694576801702	unsupported	True	0.0003188676098029	0.0003188676098029
NKAPD1	chr11:112160199-112160700	15	0.011849953199709377	0.051290716810275076	3	0.0394407636105657	0.06342703661008925	0.00012830940893027634	unsupported	True	0.0002987994937903	0.0002987994937903
NKAPD1	chr11:112022234-112022735	16	-0.01434012156935732	0.04370550567796708	3	0.0580456272473244	0.0538158710053525	0.0001365262091962617	unsupported	True	0.0002492385943408	0.0002492385943408
NKAPD1	chr11:111968377-111968878	17	-0.0067582599303631944	0.06659954218106133	3	0.07335780211142452	0.0916361451032929	0.00044769718727369643	unsupported	True	0.0002346301435423	0.0002346301435423
NKAPD1	chr11:111926937-111927438	18	0.013587394353643941	0.07912120844413532	3	0.06553381409049139	0.0752368932062582	0.00039011191077354356	unsupported	True	0.0001926207754654	0.0001926207754654
NKAPD1	chr11:111983038-111983539	19	0.00015301951211653766	0.02408280625960361	3	0.023929786747487074	0.030209956148544402	1.7409889518559453e-05	unsupported	True	0.0001827469419755	-0.0001827469419755
PCDHGB7	chr5:141508625-141509126	0	0.022638435540640062	0.13160521018968346	3	0.1089667746490434	0.13160521018968346	0.0018872970562510962	unsupported	True	0.0026803082371872	0.0026803082371872
PCDHGB7	chr5:141493898-141494399	1	0.024711735224492572	0.11409682451500168	3	0.0893850892905091	0.11409682451500168	0.0011636227226889974	unsupported	True	0.001409423262023	0.001409423262023
PCDHGB7	chr5:141524566-141525067	2	0.01721394374964813	0.06990687590274176	3	0.05269293215309363	0.06990687590274176	0.00025750884706499295	unsupported	True	0.0013880483961229	0.0013880483961229
PCDHGB7	chr5:141591956-141592457	3	0.0032808306667148094	0.03806120363679315	0	0.03478037297007834	0.0503135546217848	6.660422114230953e-05	unsupported	True	0.0009875529996918	-0.0009875529996918
PCDHGB7	chr5:141557608-141558109	4	0.002394225057521387	0.04654535950300402	3	0.04415113444548263	0.04654535950300402	9.565212993196266e-05	unsupported	True	0.0009175322602566	-0.0009175322602566
PCDHGB7	chr5:141560708-141561209	5	0.011256407368370342	0.05606866281807958	3	0.04481225544970924	0.05606866281807958	0.00014087606116465942	unsupported	True	0.0008956816163134	-0.0008956816163134
PCDHGB7	chr5:141618912-141619413	6	0.012362499526654957	0.05182381785881471	3	0.03946131833215975	0.05182381785881471	0.00010598158218127034	unsupported	True	0.000697433904109	-0.000697433904109
PCDHGB7	chr5:141651203-141651704	7	0.018503533108804655	0.08588126059133501	3	0.06737772748253035	0.08297306026706963	0.00048012229993607	unsupported	True	0.0005675866265982	0.0005675866265982
PCDHGB7	chr5:141476367-141476868	8	0.023522049642603394	0.09590086639931793	3	0.07237881675671454	0.09590086639931793	0.0006656662533686936	unsupported	True	0.0005538616337482	0.0005538616337482
PCDHGB7	chr5:141513896-141514397	9	0.022236847913569568	0.12563282638872925	3	0.10339597847515967	0.12563282638872925	0.001631961496500001	unsupported	True	0.0005484457611525	0.0005484457611525
PCDHGB7	chr5:141488995-141489496	10	0.019994889277903244	0.08559163641992747	3	0.06559674714202422	0.08559163641992747	0.0004805570613586363	unsupported	True	0.0005436756869396	0.0005436756869396
PCDHGB7	chr5:141564082-141564583	11	0.006345692053366048	0.047526212311424974	0	0.04118052025805893	0.05087154792030216	9.95634610721389e-05	unsupported	True	0.0005149401470383	-0.0005149401470383
PCDHGB7	chr5:141330197-141330698	12	0.033523866202179516	0.24929722956615974	3	0.21577336336398023	0.2395782354999769	0.012887320978021784	regional_candidate	True	0.0004764160617713	0.0004764160617713
PCDHGB7	chr5:141407727-141408228	13	0.02196279488782106	0.0934764620874317	3	0.07151366719961064	0.0934764620874317	0.0006248756228793523	unsupported	True	0.0003796794893819	0.0003796794893819
PCDHGB7	chr5:141521272-141521773	14	-0.00095710402366615	0.012429873746037368	3	0.013386977769703517	0.016843393188275827	2.8027144100979164e-06	unsupported	True	0.0003791782968891	0.0003791782968891
PCDHGB7	chr5:141637348-141637849	15	0.009494992320014177	0.06045034346522716	0	0.05095535114521298	0.06329563427763275	0.00019496754706796476	unsupported	True	0.0003681079527354	-0.0003681079527354
PCDHGB7	chr5:141417381-141417882	16	0.01473632051814934	0.09504080918833503	3	0.08030448867018569	0.09504080918833503	0.0007253708045771416	unsupported	True	0.0003460061160211	0.0003460061160211
PCDHGB7	chr5:141402476-141402977	17	0.01050013207982286	0.08014229142860876	3	0.0696421593487859	0.08318122813639786	0.00046425791048788315	unsupported	True	0.0003436628732411	0.0003436628732411
PCDHGB7	chr5:141320579-141321080	18	0.014846893592390204	0.06957156521976904	3	0.05472467162737883	0.06957156521976904	0.00026487850266306804	unsupported	True	0.0003342576047177	-0.0003342576047177
PCDHGB7	chr5:141495942-141496443	19	0.002302220777968352	0.01874513602499151	3	0.01644291524702316	0.020982556275556237	6.467341755573782e-06	unsupported	True	0.0002922113890237	0.0002922113890237
RFESD	chr5:95731542-95732043	0	-0.002366554898054534	0.05148583336877862	2	0.053852388266833154	0.05148583336877862	0.00014275142817525772	unsupported	True	0.0027216067771104	0.0027216067771104
RFESD	chr5:95780988-95781489	1	-0.007292678117171009	0.05750941741152112	2	0.06480209552869214	0.0619116870386201	0.00023072818854609028	unsupported	True	0.0022505893810373	0.0022505893810373
RFESD	chr5:95646521-95647022	2	0.0009070518697746768	0.05296067400409637	2	0.05205362213432169	0.05296067400409637	0.0001460017166617364	unsupported	True	0.0017822834659309	0.0017822834659309
RFESD	chr5:95620366-95620867	3	0.010674579305582984	0.08747784125077764	2	0.07680326194519466	0.07444374846785128	0.0005001565443018871	unsupported	True	0.001755972990911	0.001755972990911
RFESD	chr5:95731020-95731521	4	-0.006920597709069308	0.039009513440232645	2	0.045930111149301955	0.041204036201893425	7.38257367819249e-05	unsupported	True	0.0014215652074306	0.0014215652074306
RFESD	chr5:95808638-95809139	5	0.0007113491263468638	0.1460291993384519	3	0.14531785021210503	0.14730426820209944	0.0031258922182754206	unsupported	True	0.0007133524383594	0.0007133524383594
RFESD	chr5:95822507-95823008	6	4.536722149498185e-05	0.039394491098105916	3	0.039349123876610936	0.039394491098105916	6.106692562277428e-05	unsupported	True	0.0006747887245789	0.0006747887245789
RFESD	chr5:95621039-95621540	7	0.009328704300627325	0.05924510520726789	2	0.04991640090664057	0.05791456734907385	0.0001712708903647495	unsupported	True	0.0006128900749426	0.0006128900749426
RFESD	chr5:95821906-95822407	8	-0.0008614315416651516	0.0453018391166668	3	0.04616327065833195	0.04660761679180947	9.746962627002373e-05	unsupported	True	0.0005207682917156	0.0005207682917156
RFESD	chr5:95554818-95555319	9	-0.002418999083701861	0.04272193862344015	3	0.04514093770714201	0.04272193862344015	8.238961622344413e-05	unsupported	True	0.0004228291640541	-0.0004228291640541
RFESD	chr5:95709892-95710393	10	0.006577708299807661	0.06831049494944468	2	0.061732786649637016	0.0709284977814716	0.0002991052772997182	unsupported	True	0.0003947879424941	0.0003947879424941
RFESD	chr5:95729985-95730486	11	0.005101787093635526	0.05300732461331372	3	0.047905537519678194	0.05300732461331372	0.00013460385175392549	unsupported	True	0.0003552129633686	-0.0003552129633686
RFESD	chr5:95791182-95791683	12	0.02647871286235828	0.13587141816935833	2	0.10939270530700004	0.12173737597112416	0.0018094242541477092	unsupported	True	0.0003062593747716	-0.0003062593747716
RFESD	chr5:95804604-95805105	13	-0.008532533476261235	0.0	5	0.008532533476261235	0.009446565933428576	0.0	unsupported	True	0.0001578871356255	0.0001578871356255
RFESD	chr5:95771285-95771786	14	-0.009543883492283385	0.03391633008651295	3	0.043460213578796335	0.04544722061335753	6.698970080246882e-05	unsupported	True	0.000128229238721	-0.000128229238721
RFESD	chr5:95664156-95664657	15	-0.0012096133788368657	0.07515434843967055	2	0.07636396181850741	0.1006106379643584	0.0005774128819198838	unsupported	True	0.0001098890041999	0.0001098890041999
RFESD	chr5:95760725-95761226	16	0.011257874307291239	0.07527806218802476	2	0.06402018788073352	0.07527806218802476	0.0003627887458071514	unsupported	True	7.92675264408775e-05	7.92675264408775e-05
RFESD	chr5:95673013-95673514	17	0.00790374912939751	0.024395732441382274	0	0.016491983311984766	0.024395732441382274	9.815232916307469e-06	unsupported	True	7.893585321022382e-05	-7.893585321022382e-05
RFESD	chr5:95693038-95693539	18	0.0028316305073073306	0.0737618995564817	3	0.07093026904917436	0.0737618995564817	0.00038591867225852653	unsupported	True	7.788896519083748e-05	-7.788896519083748e-05
RFESD	chr5:95669458-95669959	19	0.027327237173058263	0.14785011250315686	2	0.12052287533009859	0.14785011250315686	0.002634588566788651	unsupported	True	5.725956728349002e-05	-5.725956728349002e-05
PRSS16	chr6:27388476-27388977	0	0.018980742268536625	0.04650334215942103	3	0.027522599890884403	0.04650334215942103	5.951929651872909e-05	unsupported	True	0.0048858344068146	0.0048858344068146
PRSS16	chr6:27375026-27375527	1	0.030940719541403833	0.0681616036138628	3	0.037220884072458965	0.0681616036138628	0.00017292838399684486	unsupported	True	0.0045438704187849	0.0045438704187849
PRSS16	chr6:27333025-27333526	2	0.020456568576181763	0.039418756449273194	3	0.01896218787309143	0.039418756449273194	2.946417490687123e-05	unsupported	True	0.0009541718073377	0.0009541718073377
PRSS16	chr6:27312627-27313128	3	0.033212585597677015	0.07417480583536476	3	0.040962220237687745	0.07417480583536476	0.0002253701141062246	unsupported	True	0.0009501495724638	0.0009501495724638
PRSS16	chr6:27126996-27127497	4	-0.0018790457691861702	0.009633131211800084	3	0.011512176980986255	0.009633131211800084	1.0682979847995065e-06	unsupported	True	0.0006141604993168	-0.0006141604993168
PRSS16	chr6:27188250-27188751	5	0.005877052606852521	0.03022636318986594	3	0.02434931058301342	0.03022636318986594	2.224633444741483e-05	unsupported	True	0.0005853734926433	0.0005853734926433
PRSS16	chr6:27205896-27206397	6	0.018115436392340926	0.044117595843981415	3	0.02600215945164049	0.044117595843981415	5.060962191455698e-05	unsupported	True	0.000440963477939	0.000440963477939
PRSS16	chr6:27138982-27139483	7	0.01868293916383657	0.05725181573614094	3	0.03856887657230437	0.05725181573614094	0.00012641992218607683	unsupported	True	0.0002832595211516	0.0002832595211516
PRSS16	chr6:27176983-27177484	8	0.023724554790329318	0.056220715414262344	3	0.032496160623933026	0.056220715414262344	0.00010271285197472893	unsupported	True	0.0002204245751878	0.0002204245751878
PRSS16	chr6:27251597-27252098	9	0.013801273414044997	0.033670053156270384	3	0.01986877974222539	0.033670053156270384	2.252468879592345e-05	unsupported	True	0.0002000540655191	0.0002000540655191
PRSS16	chr6:27131710-27132211	10	0.01239837539877538	0.04356174902849024	3	0.03116337362971486	0.04356174902849024	5.9136427374992164e-05	unsupported	True	0.0001689109383341	-0.0001689109383341
PRSS16	chr6:27145849-27146350	11	0.011904664907200447	0.03616516577992782	3	0.024260500872727374	0.03616516577992782	3.1730775278548055e-05	unsupported	True	0.0001647603516038	-0.0001647603516038
PRSS16	chr6:27214882-27215383	12	0.014268346068444845	0.023969863576490863	3	0.009701517508046018	0.023969863576490863	5.574049181657145e-06	unsupported	True	0.0001606396856519	0.0001606396856519
PRSS16	chr6:27146730-27147231	13	0.02010014537173293	0.05456302979003228	3	0.03446288441829935	0.05456302979003228	0.0001026002878882288	unsupported	True	0.000116338552854	0.000116338552854
PRSS16	chr6:27132649-27133150	14	0.016437102400664875	0.04815311728989304	3	0.031716014889228164	0.04815311728989304	7.354064382734118e-05	unsupported	True	0.0001154307572275	-0.0001154307572275
PRSS16	chr6:27176479-27176980	15	0.014759738458099863	0.038103488065358807	3	0.02334374960725894	0.038103488065358807	3.389222520016266e-05	unsupported	True	7.643159953477596e-05	-7.643159953477596e-05
PRSS16	chr6:27157843-27158344	16	0.009840049075606653	0.03386401451071196	3	0.024023965435105304	0.03386401451071196	2.7549998368216396e-05	unsupported	True	6.776798878055067e-05	-6.776798878055067e-05
PRSS16	chr6:27188794-27189295	17	0.014488848548005756	0.04665510801377437	3	0.032166259465768614	0.04665510801377437	7.00162681509955e-05	unsupported	True	2.9138733752968457e-05	-2.9138733752968457e-05
PRSS16	chr6:27177659-27178160	18	0.01032945235390758	0.03632150008881314	3	0.025992047734905557	0.03632150008881314	3.429004454963285e-05	unsupported	True	2.3402332724824547e-05	-2.3402332724824547e-05
PRSS16	chr6:27147231-27147732	19	0.01848917504003085	0.053662307626040746	3	0.035173132586009896	0.053662307626040746	0.00010128607417566089	unsupported	True	2.116013791688908e-05	-2.116013791688908e-05
SEC61B	chr9:99222239-99222740	0	-0.013374224268421482	0.009334998570671207	4	0.02270922283909269	0.01487897780875873	3.1542028787340157e-06	unsupported	True	0.0024923961749322	-0.0024923961749322
SEC61B	chr9:99259384-99259885	1	-0.017913785649325605	0.017472536078917807	2	0.03538632172824341	0.020646746293155712	1.2765651640506214e-05	unsupported	True	0.0016726977744463	0.0016726977744463
SEC61B	chr9:99319408-99319909	2	-0.030646477629932164	-0.004235589254567877	1	0.02641088837536429	0.01950208464544549	0.0	unsupported	True	0.001043122160797	0.001043122160797
SEC61B	chr9:99368408-99368909	3	-0.016780716858294804	0.029669954148392144	1	0.04645067100668695	0.05248654215684015	7.23363896886882e-05	unsupported	True	0.001008650208078	0.001008650208078
SEC61B	chr9:99103885-99104386	4	-0.0057736536006196115	0.06434198954655118	2	0.0701156431471708	0.08116252358300201	0.0003661549838908002	unsupported	True	0.0009370776497713	-0.0009370776497713
SEC61B	chr9:99162771-99163272	5	-0.022809522190271443	0.023394706355027762	2	0.04620422854529921	0.04973820878591327	5.376373884065609e-05	unsupported	True	0.0008893357253746	0.0008893357253746
SEC61B	chr9:99221725-99222226	6	-0.0002989242337216889	0.036388569554012505	4	0.03668749378773419	0.032061043598002104	4.2801666956791735e-05	unsupported	True	0.0008292881881989	-0.0008292881881989
SEC61B	chr9:99105264-99105765	7	-0.012209518313409473	0.021946021244068106	1	0.03415553955747758	0.034115275312992285	2.557206655009475e-05	unsupported	True	0.0007588617080246	0.0007588617080246
SEC61B	chr9:99140672-99141173	8	-0.017400399805431285	0.02303522244451407	4	0.040435622249945354	0.053209942322681544	4.9562057743128805e-05	unsupported	True	0.0007098351202716	-0.0007098351202716
SEC61B	chr9:99292271-99292772	9	-0.00682766201711657	0.014930904820701146	5	0.021758566837817718	0.01849619133872798	6.008951834895537e-06	unsupported	True	0.0006922157445005	0.0006922157445005
SEC61B	chr9:99104715-99105216	10	-0.010817351596114176	0.01828635416421377	1	0.029103705760327947	0.020808034639069564	1.1074049997612305e-05	unsupported	True	0.0005533390442966	-0.0005533390442966
SEC61B	chr9:99302916-99303417	11	0.03592444169781361	0.05518311324010234	0	0.019258671542288733	0.02951415988948543	3.136627532231432e-05	unsupported	True	0.0004892071987264	0.0004892071987264
SEC61B	chr9:99076997-99077498	12	-0.005159075195902932	0.02995062261301237	4	0.035109697808915305	0.04123234743369834	4.33581763165644e-05	unsupported	True	0.0004253986144662	0.0004253986144662
SEC61B	chr9:99368995-99369496	13	0.010774449145611221	0.06835250305358564	4	0.05757805390797442	0.058483088172378135	0.00023016628191729272	unsupported	True	0.0003767582374366	0.0003767582374366
SEC61B	chr9:99373817-99374318	14	0.00847749257706957	0.048165917676470896	4	0.03968842509940133	0.02544718156976595	4.8645580844242095e-05	unsupported	True	0.0003506405781031	0.0003506405781031
SEC61B	chr9:99266463-99266964	15	-0.0020285574684029803	0.044221783858243595	4	0.04625034132664658	0.04404157055362958	9.007701740494828e-05	unsupported	True	0.0003402357723333	0.0003402357723333
SEC61B	chr9:99189560-99190061	16	0.008550023441423665	0.055653086928224474	2	0.04710306348680081	0.08543418585197196	0.0002239598135823892	unsupported	True	0.0003190925232671	0.0003190925232671
SEC61B	chr9:99154621-99155122	17	0.001570251713308213	0.017486184955098568	0	0.015915933241790355	0.059888891686587314	1.6667614705628164e-05	unsupported	True	0.0002747796489362	-0.0002747796489362
SEC61B	chr9:99176492-99176993	18	-0.030000568991009904	0.004170362212547653	5	0.034170931203557554	0.05425755009935432	7.7319808721628e-06	unsupported	True	0.0002297446464136	-0.0002297446464136
SEC61B	chr9:99296355-99296856	19	-0.025540133155821366	0.013578490498204407	4	0.03911862365402577	0.0408012466344468	2.1672474048369476e-05	unsupported	True	0.000227667866347	0.000227667866347
FER1L5	chr2:96534044-96534545	0	-0.010631604944439578	0.0	1	0.010631604944439578	0.0	0.0	unsupported	True	0.0034869100321229	0.0034869100321229
FER1L5	chr2:96815969-96816470	1	0.01924233494013578	0.03633219119396356	4	0.01708985625382778	0.03633219119396356	2.2559090769767183e-05	unsupported	True	0.0022723454058422	-0.0022723454058422
FER1L5	chr2:96536405-96536906	2	0.012742471375484846	0.01845190553025236	4	0.005709434154767514	0.01845190553025236	1.943907134131227e-06	unsupported	True	0.0014965025293539	-0.0014965025293539
FER1L5	chr2:96642461-96642962	3	-0.0036148393210322853	0.020237543277038524	0	0.02385238259807081	0.020237543277038524	9.768937878153544e-06	unsupported	True	0.0014762646901013	0.0014762646901013
FER1L5	chr2:96527469-96527970	4	0.001527868582669965	0.002888149004621408	0	0.001360280421951443	0.002888149004621408	1.1346649468114205e-08	unsupported	True	0.0009354450315943	-0.0009354450315943
FER1L5	chr2:96532023-96532524	5	0.006893582830896747	0.009483389046926402	0	0.002589806216029655	0.009483389046926402	2.3291336174479096e-07	unsupported	True	0.0007325793183151	0.0007325793183151
FER1L5	chr2:96538432-96538933	6	0.002554229319537799	0.02274640492831027	0	0.02019217560877247	0.02274640492831027	1.0447410198980618e-05	unsupported	True	0.0007262021683063	-0.0007262021683063
FER1L5	chr2:96776609-96777110	7	-0.007817941441293434	0.005614302476094463	0	0.013432243917387898	0.005614302476094463	4.233895976524098e-07	unsupported	True	0.0004926679304038	0.0004926679304038
FER1L5	chr2:96747014-96747515	8	-0.002373559645466002	0.0	1	0.002373559645466002	0.0	0.0	unsupported	True	0.0004269822252804	0.0004269822252804
FER1L5	chr2:96554261-96554762	9	0.010782324675410205	0.010356261757195348	4	-0.0004260629182148562	0.010356261757195348	0.0	unsupported	True	0.0003280695965076	0.0003280695965076
FER1L5	chr2:96553305-96553806	10	0.0063913145134930315	0.007392623946197868	4	0.001001309432704837	0.007392623946197868	5.472245047105423e-08	unsupported	True	0.0003162752198154	-0.0003162752198154
FER1L5	chr2:96760549-96761050	11	0.02867729560775806	0.0414152666528741	0	0.01273797104511604	0.0414152666528741	2.1848477621226425e-05	unsupported	True	0.0002928830804232	-0.0002928830804232
FER1L5	chr2:96685451-96685952	12	0.007826566126198819	0.010643926215726527	0	0.002817360089527708	0.010643926215726527	3.191876422925646e-07	unsupported	True	0.0002768833039249	-0.0002768833039249
FER1L5	chr2:96686024-96686525	13	0.00995610890055986	0.06728777180611442	0	0.05733166290555456	0.06728777180611442	0.00025957737301618374	unsupported	True	0.0002204101401777	-0.0002204101401777
FER1L5	chr2:96549705-96550206	14	-0.009329058877869731	0.007655230894928691	4	0.016984289772798422	0.007655230894928691	9.953228613963494e-07	unsupported	True	0.0002166920800757	-0.0002166920800757
FER1L5	chr2:96509299-96509800	15	0.007227780903011245	0.013880632868577783	0	0.006652851965566538	0.013880632868577783	1.2818180865551553e-06	unsupported	True	0.0002145654283537	-0.0002145654283537
FER1L5	chr2:96681510-96682011	16	0.0014024801178282862	0.006928512221762545	0	0.005526032103934259	0.006928512221762545	2.6527320128720707e-07	unsupported	True	0.000198516623139	0.000198516623139
FER1L5	chr2:96816537-96817038	17	0.015040053783415186	0.025496974963405524	0	0.010456921179990338	0.025496974963405524	6.7979998319474105e-06	unsupported	True	0.0001794212846695	-0.0001794212846695
FER1L5	chr2:96502651-96503152	18	0.0404331919265106	0.08267472280496124	4	0.042241530878450645	0.08267472280496124	0.0002887255012889387	unsupported	True	0.0001737993776263	-0.0001737993776263
FER1L5	chr2:96507957-96508458	19	0.015383571148312234	0.028123585106691603	0	0.012740013958379369	0.028123585106691603	1.0076536180272663e-05	unsupported	True	0.0001555290704427	-0.0001555290704427
CHRND	chr2:232652425-232652926	0	-0.000904252783638807	0.02858332294674928	4	0.02948757573038809	0.03799413954294917	3.202347069747882e-05	unsupported	True	0.0028498923057473	0.0028498923057473
CHRND	chr2:232502891-232503392	1	-0.011378960166925873	0.01208506682513325	2	0.02346402699205912	0.026754346982856093	7.586578588768514e-06	unsupported	True	0.0014162361919711	0.0014162361919711
CHRND	chr2:232433650-232434151	2	-0.015273811796704905	0.02067405118737557	1	0.035947862984080474	0.04208613967659996	3.127791226568154e-05	unsupported	True	0.0011674015897206	0.0011674015897206
CHRND	chr2:232388305-232388806	3	0.0027082010652090044	0.03280023796448611	4	0.030092036899277107	0.04303040746334833	4.2472129714733654e-05	unsupported	True	0.0009758046767048	0.0009758046767048
CHRND	chr2:232594254-232594755	4	0.0011748278130853575	0.041774508981898446	1	0.04059968116881309	0.04518801922790916	7.664031513352211e-05	unsupported	True	0.0009087202898465	0.0009087202898465
CHRND	chr2:232505822-232506323	5	0.003205877202485253	0.09107807543732795	1	0.0878721982348427	0.10172844266190414	0.0008141561953420663	unsupported	True	0.0008820058628742	0.0008820058628742
CHRND	chr2:232531346-232531847	6	0.007704819831923397	0.0595550689023253	1	0.0518502490704019	0.054041237764029144	0.0001668763783771654	unsupported	True	0.0006984104887884	0.0006984104887884
CHRND	chr2:232504473-232504974	7	-0.003653094438026461	0.05190419799312992	2	0.055557292431156376	0.06258926377630705	0.00018048595023148823	unsupported	True	0.0006036317978958	0.0006036317978958
CHRND	chr2:232440481-232440982	8	0.0001054886909844158	0.05178929383533832	2	0.0516838051443539	0.06286007929382892	0.00016825554833768222	unsupported	True	0.000596311666148	0.000596311666148
CHRND	chr2:232633311-232633812	9	0.02008741972942727	0.05472249132744214	3	0.03463507159801487	0.03554012288484969	6.735981348474393e-05	unsupported	True	0.0005147157415828	-0.0005147157415828
CHRND	chr2:232511489-232511990	10	-0.0006710350382618669	0.05015221590607121	1	0.05082325094433308	0.0673752874667498	0.0001717327795643932	unsupported	True	0.0004994092844412	0.0004994092844412
CHRND	chr2:232418796-232419297	11	0.0051042102343120494	0.05874798513932789	1	0.053643774905015845	0.07068661099380434	0.00022276628798238528	unsupported	True	0.0004847262816096	0.0004847262816096
CHRND	chr2:232487609-232488110	12	-0.0015280651513012169	0.05992308086080379	1	0.06145114601210501	0.07798829857882142	0.00028717958670028366	unsupported	True	0.0004617393220395	0.0004617393220395
CHRND	chr2:232512529-232513030	13	-0.0061204798137782625	0.02420636693170624	1	0.0303268467454845	0.0370321748748044	2.718542253255089e-05	unsupported	True	0.0004569783110413	0.0004569783110413
CHRND	chr2:232584968-232585469	14	-0.014200547566749846	0.002208574099442326	3	0.016409121666192173	0.021349249982473825	7.737130684188493e-07	unsupported	True	0.0004329322925981	0.0004329322925981
CHRND	chr2:232462558-232463059	15	-0.0018558944412930228	0.021142243858910587	1	0.02299813830020361	0.016637024136495197	8.089457649975359e-06	unsupported	True	0.0003727760671938	0.0003727760671938
CHRND	chr2:232678905-232679406	16	-0.006371848199742823	0.02334492052947363	4	0.029716768729216452	0.03064596305910864	2.126019570450465e-05	unsupported	True	0.0003617630289094	0.0003617630289094
CHRND	chr2:232420604-232421105	17	-0.008474881767400883	0.033692150050612116	2	0.042167031818013	0.0452655469607918	6.430867037039556e-05	unsupported	True	0.000340925396944	0.000340925396944
CHRND	chr2:232448153-232448654	18	0.00876778581271579	0.0574367971406127	1	0.04866901132789691	0.05378242907493423	0.00015034297900463577	unsupported	True	0.0003035292993329	0.0003035292993329
CHRND	chr2:232501996-232502497	19	0.005650217427466609	0.07560660894322865	1	0.06995639151576205	0.09335366266731174	0.0004937629752777413	unsupported	True	0.0002909277547606	0.0002909277547606
LRRC37A	chr17:46192650-46193151	0	-0.0037048191039806815	0.03023954133585958	0	0.03394436043984026	0.03023954133585958	3.1039736771688816e-05	unsupported	True	0.0034009039662195	-0.0034009039662195
LRRC37A	chr17:46193813-46194314	1	-0.000928931964377637	0.03761593224948356	0	0.03854486421386119	0.03761593224948356	5.453937781583563e-05	unsupported	True	0.0033700658326837	-0.0033700658326837
LRRC37A	chr17:46286581-46287082	2	-0.0022513698326955666	0.024221760901959728	0	0.026473130734655292	0.024221760901959728	1.5531619052846793e-05	unsupported	True	0.0016258262677337	0.0016258262677337
LRRC37A	chr17:46174839-46175340	3	-6.634910131609837e-05	0.025090944746943355	0	0.025157293848259453	0.025090944746943355	1.5837912915946632e-05	unsupported	True	0.0011755789415135	-0.0011755789415135
LRRC37A	chr17:46157054-46157555	4	-0.0015573987388119261	0.017671376475709398	1	0.019228775214521324	0.017671376475709398	6.004714747080167e-06	unsupported	True	0.0010322474478965	-0.0010322474478965
LRRC37A	chr17:46266708-46267209	5	-0.001354502176660218	0.02776984400545321	0	0.029124346182113427	0.02776984400545321	2.2459654175068824e-05	unsupported	True	0.0009913052006215	-0.0009913052006215
LRRC37A	chr17:46193254-46193755	6	-0.004492371379443186	0.02149470020638189	0	0.025987071585825076	0.02149470020638189	1.2006602347473444e-05	unsupported	True	0.0008586900941794	-0.0008586900941794
LRRC37A	chr17:46212843-46213344	7	-0.003979018020284842	0.023193902684244233	0	0.027172920704529077	0.023193902684244233	1.4617866211102508e-05	unsupported	True	0.0006591619026484	-0.0006591619026484
LRRC37A	chr17:46259977-46260478	8	-0.012818979177031176	0.0	2	0.012818979177031176	0.00456499446403813	0.0	unsupported	True	0.0006083153718815	0.0006083153718815
LRRC37A	chr17:46291208-46291709	9	0.010851167334806724	0.07580288479235063	1	0.06495171745754391	0.07580288479235063	0.0003732175920614931	unsupported	True	0.0002881672217588	-0.0002881672217588
LRRC37A	chr17:46202690-46203191	10	-0.008116111210428531	0.0117458226455671	1	0.01986193385599563	0.0117458226455671	2.7402387866600796e-06	unsupported	True	0.000150571253803	-0.000150571253803
LRRC37A	chr17:46361848-46362349	11	-0.0024855234123750403	0.020410500501400187	1	0.022896023913775227	0.020410500501400187	9.538220961515966e-06	unsupported	True	0.0001176813650874	-0.0001176813650874
LRRC37A	chr17:46162979-46163480	12	0.003512614539729225	0.028559664102903535	1	0.02504704956317431	0.028559664102903535	2.0429736525631324e-05	unsupported	True	0.0001139944507353	0.0001139944507353
LRRC37A	chr17:46225193-46225694	13	-0.0029312258518225005	0.020019151340520507	0	0.022950377192343007	0.020019151340520507	9.197740514082645e-06	unsupported	True	8.731992129675055e-05	-8.731992129675055e-05
LRRC37A	chr17:46272002-46272503	14	-0.007840286109398364	0.0	2	0.007840286109398364	0.0006741053171918339	0.0	unsupported	True	8.515866030787625e-05	8.515866030787625e-05
LRRC37A	chr17:46167537-46168038	15	-0.006531462078769128	0.0	2	0.006531462078769128	0.0071356943139711596	0.0	unsupported	True	4.9049762278286985e-05	4.9049762278286985e-05
HR	chr8:22212161-22212662	0	0.01852676967531125	0.020070429831307475	4	0.0015436601559962251	0.020070429831307475	6.218205084856535e-07	unsupported	True	0.0023189588290031	0.0023189588290031
HR	chr8:22159591-22160092	1	0.030599567611709816	0.039684233769577734	4	0.009084666157867918	0.039684233769577734	1.4306881206333678e-05	unsupported	True	0.0011789744172067	0.0011789744172067
HR	chr8:22033299-22033800	2	0.008182284711135177	0.027781409188623204	4	0.019599124477488027	0.027781409188623204	1.5126735517374385e-05	unsupported	True	0.001074454794704	0.001074454794704
HR	chr8:22036717-22037218	3	0.029188219269271735	0.05907762131152821	4	0.029889402042256475	0.05907762131152821	0.00010431895503607771	unsupported	True	0.001073877137239	0.001073877137239
HR	chr8:22109218-22109719	4	0.014691022169899554	0.04048526255506535	4	0.025794240385165795	0.04048526255506535	4.227821695709625e-05	unsupported	True	0.0009661637572958	-0.0009661637572958
HR	chr8:22165381-22165882	5	0.038048200133353104	0.05566678560253421	4	0.01761858546918111	0.05566678560253421	5.459631442499402e-05	unsupported	True	0.0008606951790667	0.0008606951790667
HR	chr8:22143731-22144232	6	0.04364019149587159	0.061593259409430584	4	0.017953067913558995	0.061593259409430584	6.810908523845285e-05	unsupported	True	0.0008299081406864	0.0008299081406864
HR	chr8:22088902-22089403	7	0.03160041086973797	0.06255629333964405	4	0.030955882469906076	0.06255629333964405	0.00012113934024614	unsupported	True	0.0008167805823669	0.0008167805823669
HR	chr8:22130934-22131435	8	0.020591433039930728	0.023374990010902316	4	0.0027835569709715874	0.023374990010902316	1.5209081331983985e-06	unsupported	True	0.0007108487127274	0.0007108487127274
HR	chr8:21972345-21972846	9	0.09468636085596287	0.10816343427483727	4	0.0134770734188744	0.10816343427483727	0.00015767270933642088	unsupported	True	0.0006863273504134	0.0006863273504134
HR	chr8:22129820-22130321	10	0.06414829544470112	0.08496834500053028	4	0.020820049555829168	0.08496834500053028	0.00015031283893156684	unsupported	True	0.0006114402329275	0.0006114402329275
HR	chr8:22059154-22059655	11	0.03596791958935933	0.051510708502279665	4	0.015542788912920331	0.051510708502279665	4.1240506995638124e-05	unsupported	True	0.0005581766616539	0.0005581766616539
HR	chr8:22066701-22067202	12	0.035378273772788675	0.059433149093185325	4	0.02405487532039665	0.059433149093185325	8.496901711813484e-05	unsupported	True	0.0005312188929938	0.0005312188929938
HR	chr8:21990396-21990897	13	-0.004580139352939191	0.0	0	0.004580139352939191	0.0	0.0	unsupported	True	0.0004531247769959	0.0004531247769959
HR	chr8:22057763-22058264	14	0.03442804989018888	0.052314669405383464	4	0.01788661951519458	0.052314669405383464	4.895254092595907e-05	unsupported	True	0.0004011501293534	0.0004011501293534
HR	chr8:22227153-22227654	15	0.046448816469532896	0.06426850594540955	4	0.01781968947587665	0.06426850594540955	7.360317346050463e-05	unsupported	True	0.000356008538214	0.000356008538214
HR	chr8:22244833-22245334	16	0.012553271184078504	0.04021257400092279	4	0.027659302816844287	0.04021257400092279	4.4726506260392e-05	unsupported	True	0.0003193815315195	-0.0003193815315195
HR	chr8:22114866-22115367	17	0.02282589910476861	0.03947055733700441	4	0.016644658232235796	0.03947055733700441	2.5931127453629837e-05	unsupported	True	0.0003069518271257	0.0003069518271257
HR	chr8:22164755-22165256	18	0.051383055792322524	0.07280131342492466	4	0.021418257632602133	0.07280131342492466	0.00011351743448192798	unsupported	True	0.0002940032316808	0.0002940032316808
HR	chr8:22054641-22055142	19	-0.0010064302142118056	0.011603104001264864	4	0.01260953421547667	0.011603104001264864	1.697647093760759e-06	unsupported	True	0.000264398180189	-0.000264398180189
SAGE1	chrX:135985666-135986167	0	0.0	0.0	0	0.0	0.0	0.0	unsupported	True	0.0084150304048671	0.0084150304048671
SAGE1	chrX:135973545-135974046	1	0.0	0.0	0	0.0	0.0	0.0	unsupported	True	0.0016295696956625	-0.0016295696956625
SAGE1	chrX:136044954-136045455	2	0.0	0.0	0	0.0	0.0	0.0	unsupported	True	0.0010703391859331	0.0010703391859331
SAGE1	chrX:135974164-135974665	3	0.0	0.0	0	0.0	0.0	0.0	unsupported	True	0.0010246861546509	-0.0010246861546509
SAGE1	chrX:136030228-136030729	4	0.0	0.0	0	0.0	0.0	0.0	unsupported	True	0.0008317559553665	0.0008317559553665
SAGE1	chrX:136029145-136029646	5	0.0	0.0	0	0.0	0.0	0.0	unsupported	True	0.0007293782342038	0.0007293782342038
SAGE1	chrX:136025049-136025550	6	0.0	0.0	0	0.0	0.0	0.0	unsupported	True	0.0003851261780515	0.0003851261780515
SAGE1	chrX:136028319-136028820	7	0.0	0.0	0	0.0	0.0	0.0	unsupported	True	0.0003794062943538	0.0003794062943538
SAGE1	chrX:136050867-136051368	8	0.0	0.0	0	0.0	0.0	0.0	unsupported	True	0.0001132056042723	-0.0001132056042723
SAGE1	chrX:136048081-136048582	9	0.0	0.0	0	0.0	0.0	0.0	unsupported	True	1.3628653091664229e-05	-1.3628653091664229e-05
SAGE1	chrX:135920545-135921046	10	0.0	0.0	0	0.0	0.0	0.0	unsupported	True	6.369455453114291e-06	-6.369455453114291e-06
SAGE1	chrX:135931816-135932317	11	0.0	0.0	0	0.0	0.0	0.0	unsupported	True	6.322766850947535e-06	-6.322766850947535e-06
SAGE1	chrX:135985159-135985660	12	0.0	0.0	0	0.0	0.0	0.0	unsupported	True	3.2549246956283204e-06	-3.2549246956283204e-06
GPATCH1	chr19:33143830-33144331	0	-0.0016178321927387562	0.0345677961523643	4	0.036185628345103055	0.04727814356290097	5.91382168817707e-05	unsupported	True	0.0030087207320564	0.0030087207320564
GPATCH1	chr19:33214493-33214994	1	0.003941791888776771	0.031433219575221584	1	0.027491427686444813	0.04784043749121243	4.134103098158644e-05	unsupported	True	0.0016383529275009	0.0016383529275009
GPATCH1	chr19:33238409-33238910	2	0.021456511951791716	0.10847301232237448	4	0.08701650037058277	0.1329846910419309	0.0012552347745880777	unsupported	True	0.0014260059688279	-0.0014260059688279
GPATCH1	chr19:33184225-33184726	3	0.016475939009878007	0.10347741838797805	0	0.08700147937810004	0.11481924417391462	0.001033681887034231	unsupported	True	0.0010834901548497	0.0010834901548497
GPATCH1	chr19:33194686-33195187	4	0.01046168981252927	0.039602626408473965	1	0.029140936595944696	0.036468338280777564	4.208656387138554e-05	unsupported	True	0.0008694582745826	0.0008694582745826
GPATCH1	chr19:33064686-33065187	5	0.0010154823359613406	0.047743227714354755	1	0.046727745378393415	0.0758947337097148	0.0001693160954199589	unsupported	True	0.0007517182203885	-0.0007517182203885
GPATCH1	chr19:33193968-33194469	6	-0.0011271083036167749	0.027723912768159876	0	0.02885102107177665	0.05028394308528086	4.022027519570145e-05	unsupported	True	0.0007402316664601	0.0007402316664601
GPATCH1	chr19:33241578-33242079	7	0.013818540333324966	0.1273176198696936	4	0.11349907953636862	0.14174214618409034	0.002048235339080002	unsupported	True	0.0006649557295549	0.0006649557295549
GPATCH1	chr19:32971836-32972337	8	0.009184944848281537	0.03214802917897608	4	0.022963084330694543	0.035670801250251835	2.6332824172286998e-05	unsupported	True	0.0006140044345847	-0.0006140044345847
GPATCH1	chr19:33177267-33177768	9	0.0004901547383042401	0.03349208110745359	0	0.03300192636914935	0.06020160984361302	6.654103168368561e-05	unsupported	True	0.0005786699396896	0.0005786699396896
GPATCH1	chr19:33064116-33064617	10	-0.0011886459204676358	0.05742515966419551	1	0.05861380558466314	0.07999223757304445	0.0002692464439296854	unsupported	True	0.0005043972189257	-0.0005043972189257
GPATCH1	chr19:33176735-33177236	11	0.0024584641669706674	0.032843817799237444	1	0.030385353632266777	0.061023205684239426	6.08993907266122e-05	unsupported	True	0.0004686168193126	-0.0004686168193126
GPATCH1	chr19:33210354-33210855	12	0.006512885464068554	0.04663741909567884	0	0.04012453363161028	0.06060730411734781	0.00011341473250341835	unsupported	True	0.0003903324887391	0.0003903324887391
GPATCH1	chr19:33081403-33081904	13	-0.0009918570222628193	0.03187941338228006	0	0.03287127040454288	0.038640641117822457	4.0492177671260555e-05	unsupported	True	0.0003776046652063	-0.0003776046652063
GPATCH1	chr19:33118981-33119482	14	0.005848140839672325	0.057818488102429615	0	0.05197034726275729	0.0831701827212538	0.00024991366612916744	unsupported	True	0.0003197798499721	-0.0003197798499721
GPATCH1	chr19:33100447-33100948	15	-0.01302426739797828	-0.001184861500293184	1	0.011839405897685095	0.005766310458667406	0.0	unsupported	True	0.000254941527677	-0.000254941527677
GPATCH1	chr19:33226665-33227166	16	-0.004168879945934377	0.04291033485979813	0	0.04707921480573251	0.0621303051240661	0.0001255147025199366	unsupported	True	0.0002401159965946	-0.0002401159965946
GPATCH1	chr19:33125811-33126312	17	0.007071892029181961	0.039794793047331814	0	0.032722901018149855	0.06413649596984886	8.351861392976191e-05	unsupported	True	0.000234497353067	0.000234497353067
GPATCH1	chr19:33109329-33109830	18	-0.005163618697665372	0.05615975842074594	4	0.061323377118411314	0.06711057169580412	0.00023112250351398867	unsupported	True	0.0002210542360794	0.0002210542360794
GPATCH1	chr19:33273959-33274460	19	-0.012698333223158784	0.029897514764652074	0	0.04259584798781086	0.03809031368099958	4.850839515224061e-05	unsupported	True	0.000217804729258	0.000217804729258
INPP5K	chr17:1477912-1478413	0	0.00752476471043979	0.06005661406278255	3	0.05253184935234276	0.0631828934857992	0.00019933476307656001	unsupported	True	0.0047513902454273	0.0047513902454273
INPP5K	chr17:1413207-1413708	1	0.008287563974878762	0.08921635617962158	4	0.08092879220474282	0.08632633472114681	0.0006232909805452495	unsupported	True	0.001529872173251	0.001529872173251
INPP5K	chr17:1648844-1649345	2	0.018014890473836566	0.0654873044101065	4	0.047472413936269935	0.05943758068354637	0.00018478195344622436	unsupported	True	0.0012457574294265	-0.0012457574294265
INPP5K	chr17:1639455-1639956	3	0.008182084715221633	0.04960456190535395	5	0.04142247719013232	0.05924046657582942	0.00012172398342299165	unsupported	True	0.0007818352509028	0.0007818352509028
INPP5K	chr17:1455459-1455960	4	0.004071979251904141	0.06512453222922521	0	0.06105255297732107	0.04164382217050326	0.00016557662626892633	unsupported	True	0.0006827443229103	0.0006827443229103
INPP5K	chr17:1474057-1474558	5	0.009528320201553381	0.07978565118478192	5	0.07025733098322855	0.09985382321649147	0.0005597332924076132	unsupported	True	0.0006339117688673	0.0006339117688673
INPP5K	chr17:1351901-1352402	6	-0.009568935649295701	0.048405382448918996	4	0.0579743180982147	0.054597953555882255	0.0001532165466980923	unsupported	True	0.0005965087787814	0.0005965087787814
INPP5K	chr17:1520535-1521036	7	-0.01776547767038167	0.03295838086353391	5	0.05072385853391558	0.052730514433927046	8.81536215980715e-05	unsupported	True	0.0005812427684321	0.0005812427684321
INPP5K	chr17:1487900-1488401	8	0.009195746800272383	0.05933833546021402	4	0.05014258865994164	0.03668502502241203	0.00010915180709054675	unsupported	True	0.0005307481458991	0.0005307481458991
INPP5K	chr17:1411766-1412267	9	0.025381527495593137	0.09057344587703708	1	0.06519191838144395	0.07321465636523466	0.0004323074105966401	unsupported	True	0.0004685030535296	0.0004685030535296
INPP5K	chr17:1381193-1381694	10	0.028521127999011516	0.12570105381806515	4	0.09717992581905363	0.1192178358684458	0.0014563196711566311	unsupported	True	0.0004168797601507	0.0004168797601507
INPP5K	chr17:1628673-1629174	11	0.01831118537321643	0.08852972015170776	4	0.07021853477849133	0.06527980554902452	0.000405807161006195	unsupported	True	0.0003479105216565	0.0003479105216565
INPP5K	chr17:1574396-1574897	12	-0.01592401667919344	0.036252973664029756	0	0.05217699034322319	0.045581377196124304	8.622041383241559e-05	unsupported	True	0.000347079518752	-0.000347079518752
INPP5K	chr17:1376604-1377105	13	-0.0030488037549252518	0.04514559806902007	2	0.04819440182394532	0.056149834910032906	0.00012216885082665858	unsupported	True	0.0003279385729955	0.0003279385729955
INPP5K	chr17:1467823-1468324	14	0.02084137695719951	0.07252454434197311	2	0.051683167384773604	0.05283949450809074	0.0001980581802899708	unsupported	True	0.0003174404905524	0.0003174404905524
INPP5K	chr17:1365359-1365860	15	0.006228843568161533	0.10289842300089719	4	0.09666957943273566	0.09856093746894706	0.000980400160643394	unsupported	True	0.0003010350171879	-0.0003010350171879
INPP5K	chr17:1604780-1605281	16	0.010443685217234747	0.04711388038240999	4	0.036670195165175244	0.030200537478403663	5.2176719284175634e-05	unsupported	True	0.0002042998637819	0.0002042998637819
INPP5K	chr17:1606404-1606905	17	-0.02578601687692006	0.025368502808791576	0	0.051154519685711636	0.05314639279182323	6.896879545888184e-05	unsupported	True	0.0001901905508824	-0.0001901905508824
INPP5K	chr17:1643162-1643663	18	0.028376916100936102	0.07389671011733512	0	0.045519794016399016	0.048377102980538156	0.0001627291101672798	unsupported	True	0.00018304427997	0.00018304427997
INPP5K	chr17:1649357-1649858	19	0.02142788885000416	0.1339564435840874	4	0.11252855473408324	0.12787249634539236	0.0019275404186848988	unsupported	True	0.000166177770456	0.000166177770456
KCNMB1	chr5:170354707-170355208	0	0.003113150070077264	0.07446684496938644	1	0.07135369489930918	0.08860116539597221	0.0004707809222083711	unsupported	True	0.0014222326094832	0.0014222326094832
KCNMB1	chr5:170336860-170337361	1	-0.01594752598794744	0.022308315941967746	1	0.038255841929915185	0.03453368623195947	2.947185620864407e-05	unsupported	True	0.0013654423606037	0.0013654423606037
KCNMB1	chr5:170353441-170353942	2	0.004093421615174733	0.07068629064095247	1	0.06659286902577774	0.08743854822259828	0.0004115909872905011	unsupported	True	0.0011799306044757	0.0011799306044757
KCNMB1	chr5:170405550-170406051	3	0.0017214927124192426	0.05907543422423255	1	0.05735394151181331	0.07332943885518291	0.00024845546464140117	unsupported	True	0.0011557906610893	0.0011557906610893
KCNMB1	chr5:170353980-170354481	4	0.00593680927305537	0.08698876508825873	1	0.08105195581520336	0.10837779292531027	0.0007641295011950678	unsupported	True	0.0009020676795579	0.0009020676795579
KCNMB1	chr5:170391971-170392472	5	0.011320728086562282	0.07626189419211736	1	0.06494116610555507	0.07626189419211736	0.00037768980221058557	unsupported	True	0.0008843887607442	0.0008843887607442
KCNMB1	chr5:170421808-170422309	6	-0.0027475777407146612	0.05450542223075148	1	0.05725299997146614	0.062822190112781	0.00019604285971246504	unsupported	True	0.0008049188620242	0.0008049188620242
KCNMB1	chr5:170522144-170522645	7	0.002529403837692326	0.06612129045973107	1	0.06359188662203874	0.08715456622941681	0.00036646556836110493	unsupported	True	0.0007432992923447	0.0007432992923447
KCNMB1	chr5:170514065-170514566	8	-0.014210968359632125	0.01491490703962663	2	0.029125875399258754	0.032445314339882604	1.4094560048380136e-05	unsupported	True	0.0006754923189284	0.0006754923189284
KCNMB1	chr5:170480244-170480745	9	0.03244552383648909	0.04287941416057786	1	0.010433890324088771	0.05017584777317244	2.2448629361880312e-05	unsupported	True	0.0006388917213338	0.0006388917213338
KCNMB1	chr5:170434919-170435420	10	-0.005116221906797717	0.05211903331755539	1	0.057235255224353104	0.06705906771466418	0.00020004029537668317	unsupported	True	0.0005992763913356	0.0005992763913356
KCNMB1	chr5:170408876-170409377	11	0.019903644930664377	0.06227583827968021	1	0.04237219334901583	0.07199085599688106	0.00018996686909525178	unsupported	True	0.0005880258259889	0.0005880258259889
KCNMB1	chr5:170315097-170315598	12	0.02978838861787352	0.06674104194526959	1	0.03695265332739607	0.0731610657945006	0.00018043410665558228	unsupported	True	0.0005364628173217	0.0005364628173217
KCNMB1	chr5:170359664-170360165	13	-0.014087310593019934	0.04256216227646891	1	0.05664947286948885	0.06280765079726564	0.00015143703781021325	unsupported	True	0.0005108904989318	0.0005108904989318
KCNMB1	chr5:170408148-170408649	14	0.01900077420841194	0.060834675343986754	1	0.041833901135574815	0.06389295391743423	0.00016260448769326685	unsupported	True	0.0004863043105086	0.0004863043105086
KCNMB1	chr5:170503891-170504392	15	0.012304225352060346	0.05929420967556908	1	0.04698998432350873	0.060661871844146224	0.00016901816881242687	unsupported	True	0.0004659374765361	-0.0004659374765361
KCNMB1	chr5:170265450-170265951	16	0.0318039380966831	0.06221572597924391	1	0.030411787882560805	0.06221572597924391	0.00011771784389263643	unsupported	True	0.0004324635108753	0.0004324635108753
KCNMB1	chr5:170296560-170297061	17	0.012850359947713347	0.07650176742390496	1	0.06365140747619162	0.07650176742390496	0.000372521161951307	unsupported	True	0.000425447780905	0.000425447780905
KCNMB1	chr5:170427596-170428097	18	-0.011479483560760399	0.018668956288931563	1	0.03014843984969196	0.025701102434501244	1.4465606071478668e-05	unsupported	True	0.0004124196326468	0.0004124196326468
KCNMB1	chr5:170355829-170356330	19	0.002347041037240771	0.07364836563675481	1	0.07130132459951403	0.08484388989834477	0.00044553444265314795	unsupported	True	0.0003740368777044	0.0003740368777044
IGLL1	chr22:23538084-23538585	0	-0.00591212249873236	0.0	0	0.00591212249873236	0.0	0.0	unsupported	True	0.0019160091175737	0.0019160091175737
IGLL1	chr22:23457532-23458033	1	-0.008227558959017327	0.0	0	0.008227558959017327	0.0	0.0	unsupported	True	0.0018867758337932	0.0018867758337932
IGLL1	chr22:23556747-23557248	2	-0.0031460362073497117	0.0	0	0.0031460362073497117	0.0	0.0	unsupported	True	0.0017579258006953	0.0017579258006953
IGLL1	chr22:23457025-23457526	3	0.0013429989108417232	8.493842097162197e-05	3	-0.0012580604898701012	8.493842097162197e-05	0.0	unsupported	True	0.0014506235360932	0.0014506235360932
IGLL1	chr22:23513085-23513586	4	-0.00859584787090145	0.0	0	0.00859584787090145	0.0	0.0	unsupported	True	0.0011854064276467	0.0011854064276467
IGLL1	chr22:23431372-23431873	5	-0.0029485557548305716	0.0	0	0.0029485557548305716	0.0	0.0	unsupported	True	0.0009032663701344	0.0009032663701344
IGLL1	chr22:23456031-23456532	6	0.00011446943405178439	0.002888476409267508	3	0.0027740069752157236	0.002888476409267508	2.3144361208455713e-08	unsupported	True	0.0007206091886706	0.0007206091886706
IGLL1	chr22:23521736-23522237	7	-0.004199934704802325	0.0	0	0.004199934704802325	0.0	0.0	unsupported	True	0.0005966479590055	-0.0005966479590055
IGLL1	chr22:23553877-23554378	8	-0.0029673600360807443	0.0	0	0.0029673600360807443	0.0	0.0	unsupported	True	0.0005359896840127	0.0005359896840127
IGLL1	chr22:23541638-23542139	9	-0.006429174017560255	0.0	0	0.006429174017560255	0.0	0.0	unsupported	True	0.0004626000076155	0.0004626000076155
IGLL1	chr22:23537289-23537790	10	-0.009622925093556951	0.0	0	0.009622925093556951	0.0	0.0	unsupported	True	0.000383375129542	0.000383375129542
IGLL1	chr22:23473882-23474383	11	-0.004206304636333024	0.0	0	0.004206304636333024	0.0	0.0	unsupported	True	0.0003831342197329	0.0003831342197329
IGLL1	chr22:23566191-23566692	12	-0.009572376128217768	0.0	0	0.009572376128217768	0.0	0.0	unsupported	True	0.0003733159663828	0.0003733159663828
IGLL1	chr22:23433855-23434356	13	-0.0020995942067115643	0.0	0	0.0020995942067115643	0.0	0.0	unsupported	True	0.000344578562655	0.000344578562655
IGLL1	chr22:23602799-23603300	14	-0.006187077537467069	0.0	0	0.006187077537467069	0.0	0.0	unsupported	True	0.000321449645181	0.000321449645181
IGLL1	chr22:23591032-23591533	15	-0.008593539230435484	0.0	0	0.008593539230435484	0.0	0.0	unsupported	True	0.0003193247196503	0.0003193247196503
IGLL1	chr22:23717122-23717623	16	-0.004286085448375416	0.0	0	0.004286085448375416	0.0	0.0	unsupported	True	0.0002885005958871	0.0002885005958871
IGLL1	chr22:23698625-23699126	17	-0.0038076032170690274	0.0	0	0.0038076032170690274	0.0	0.0	unsupported	True	0.0002734275289648	-0.0002734275289648
IGLL1	chr22:23533249-23533750	18	-0.0052784613367583095	0.0	0	0.0052784613367583095	0.0	0.0	unsupported	True	0.0002546387558569	0.0002546387558569
IGLL1	chr22:23605754-23606255	19	-0.003731178780590625	0.0	0	0.003731178780590625	0.0	0.0	unsupported	True	0.0002440282774077	-0.0002440282774077
TMEM102	chr17:7404066-7404567	0	0.007981552607390828	0.057267112999851884	4	0.049285560392461056	0.057267112999851884	0.00016163309099101803	unsupported	True	0.0014760579273582	-0.0014760579273582
TMEM102	chr17:7583498-7583999	1	0.007804383274676116	0.06657503665832738	4	0.05877065338365127	0.06657503665832738	0.00026048537664122545	unsupported	True	0.0011038602179046	-0.0011038602179046
TMEM102	chr17:7441161-7441662	2	0.007650784126894021	0.03386960105310054	4	0.026218816926206517	0.03386960105310054	3.007691257255518e-05	unsupported	True	0.0011036467363418	0.0011036467363418
TMEM102	chr17:7573565-7574066	3	0.008256992718422722	0.05282500406921246	4	0.044568011350789735	0.05282500406921246	0.00012436619132949567	unsupported	True	0.001043621606462	-0.001043621606462
TMEM102	chr17:7315142-7315643	4	0.00952662022186436	0.06472743924504502	4	0.055200819023180664	0.06472743924504502	0.00023127163620881698	unsupported	True	0.0008204316996433	-0.0008204316996433
TMEM102	chr17:7329249-7329750	5	0.009741745644933547	0.05915613146155538	4	0.04941438581662183	0.05915613146155538	0.00017292306815675898	unsupported	True	0.0008161859992695	-0.0008161859992695
TMEM102	chr17:7484581-7485082	6	0.013434450467798401	0.04956839464924705	4	0.03613394418144865	0.04956839464924705	8.87820312343541e-05	unsupported	True	0.000809683928372	-0.000809683928372
TMEM102	chr17:7548766-7549267	7	0.017731445701007556	0.021030771845254967	4	0.003299326144247411	0.021030771845254967	1.45927006061572e-06	unsupported	True	0.0007809265802958	0.0007809265802958
TMEM102	chr17:7479394-7479895	8	0.018632080250729155	0.06569909278678483	4	0.04706701253605568	0.06569909278678483	0.00020315867822470447	unsupported	True	0.0007483448274847	0.0007483448274847
TMEM102	chr17:7572420-7572921	9	0.009465389132181437	0.05757622810633056	4	0.048110838974149125	0.05757622810633056	0.00015948849170422863	unsupported	True	0.0007250256026814	-0.0007250256026814
TMEM102	chr17:7560877-7561378	10	0.010047485140185993	0.05966730479011445	4	0.049619819649928454	0.05966730479011445	0.00017665584980664528	unsupported	True	0.0007065571359405	-0.0007065571359405
TMEM102	chr17:7484045-7484546	11	0.00769383207746024	0.057160919972728354	4	0.049467087895268116	0.057160919972728354	0.00016162731717131825	unsupported	True	0.0006491593368544	-0.0006491593368544
TMEM102	chr17:7329897-7330398	12	0.00943014815806874	0.05822614645221778	4	0.04879599829414904	0.05822614645221778	0.00016543229865710336	unsupported	True	0.0006007503637981	-0.0006007503637981
TMEM102	chr17:7394332-7394833	13	0.009190831560380204	0.05880108401279004	4	0.04961025245240984	0.05880108401279004	0.00017153079560758153	unsupported	True	0.0005927732650126	-0.0005927732650126
TMEM102	chr17:7351839-7352340	14	0.013618640923915631	0.029508229152474464	4	0.015889588228558835	0.029508229152474464	1.383562994474263e-05	unsupported	True	0.0005642258756767	0.0005642258756767
TMEM102	chr17:7307203-7307704	15	0.007272295385435734	0.05055292100932571	4	0.04328062562388997	0.05055292100932571	0.00011060787260410234	unsupported	True	0.000474238556295	-0.000474238556295
TMEM102	chr17:7350972-7351473	16	0.021725464722108935	0.04131639379007741	4	0.019590929067968478	0.04131639379007741	3.344258567431901e-05	unsupported	True	0.0004353818822129	0.0004353818822129
TMEM102	chr17:7561592-7562093	17	0.009116235129654296	0.049732569678141304	4	0.04061633454848701	0.049732569678141304	0.00010045753726781368	unsupported	True	0.0003926702994136	-0.0003926702994136
TMEM102	chr17:7483211-7483712	18	0.00627201790456252	0.04910653687281608	4	0.04283451896825356	0.04910653687281608	0.00010329338487762322	unsupported	True	0.0003910159966045	-0.0003910159966045
TMEM102	chr17:7296289-7296790	19	0.010913148420490014	0.038474546838720154	4	0.02756139841823014	0.038474546838720154	4.079888325807757e-05	unsupported	True	0.0003663980608377	0.0003663980608377
TMUB1	chr7:150955689-150956190	0	-0.012628832428980587	0.007225786804657034	5	0.01985461923363762	0.01998396661192743	2.8670046794394174e-06	unsupported	True	0.0030074796244128	0.0030074796244128
TMUB1	chr7:151062190-151062691	1	-0.0020271431633539895	0.03781572825431544	4	0.03984287141766943	0.05201604189538073	7.837190443532362e-05	unsupported	True	0.0026785794946045	0.0026785794946045
TMUB1	chr7:151018090-151018591	2	0.0018285280447762778	0.02390776801783136	1	0.02207923997305508	0.009648721064363553	5.093225495504371e-06	unsupported	True	0.0010962289343298	0.0010962289343298
TMUB1	chr7:151131163-151131664	3	-0.011630563342769537	0.03329244748177841	1	0.04492301082454795	0.05180537585166188	7.747996359896351e-05	unsupported	True	0.0008165766103955	-0.0008165766103955
TMUB1	chr7:151080612-151081113	4	-0.008019559590730637	0.009413874576342556	4	0.017433434167073193	0.014222214526750137	2.3340952729953467e-06	unsupported	True	0.0008075766591715	0.0008075766591715
TMUB1	chr7:151087268-151087769	5	0.006336219145448244	0.044613108498372495	4	0.038276889352924254	0.039455481308102454	6.737619280892251e-05	unsupported	True	0.000749833193351	0.000749833193351
TMUB1	chr7:151123869-151124370	6	-0.0034044967979414468	0.020782064392658988	1	0.024186561190600434	0.014223509110065952	7.149399519759324e-06	unsupported	True	0.0005505573168295	-0.0005505573168295
TMUB1	chr7:151227071-151227572	7	-0.003374606793386052	0.02517663512337144	3	0.028551241916757494	0.024302202198958345	1.7469011055297274e-05	unsupported	True	0.0005378484593662	-0.0005378484593662
TMUB1	chr7:151028087-151028588	8	-0.006580706527900959	0.02107247816374951	3	0.027653184691650467	0.017255110169662115	1.0054917306226086e-05	unsupported	True	0.000478559632925	-0.000478559632925
TMUB1	chr7:151057780-151058281	9	-0.0005695296972918235	0.02852670721114464	3	0.029096236908436462	0.02792430720904644	2.3177728756953046e-05	unsupported	True	0.0004309417880672	-0.0004309417880672
TMUB1	chr7:150931691-150932192	10	-0.005127598952683348	0.03892604221239617	5	0.04405364116507952	0.049034242442858776	8.408558098616274e-05	unsupported	True	0.0004043973744161	0.0004043973744161
TMUB1	chr7:150960811-150961312	11	0.0019128422110406638	0.05164696263864848	1	0.04973412042760782	0.05660173571082522	0.0001453881386678815	unsupported	True	0.0003929011678854	0.0003929011678854
TMUB1	chr7:151172491-151172992	12	-0.006648236016851584	0.012768451571836863	5	0.019416687588688447	0.009952632579536947	2.4674669717024057e-06	unsupported	True	0.0003848198804145	-0.0003848198804145
TMUB1	chr7:150978939-150979440	13	-0.0017656480413757358	0.034888099552277924	3	0.03665374759365366	0.041656742535364104	5.326979234886942e-05	unsupported	True	0.0003720765173156	-0.0003720765173156
TMUB1	chr7:151115073-151115574	14	0.01161456330773067	0.09198302641831084	4	0.08036846311058017	0.09783001084818674	0.0007232117269554139	unsupported	True	0.0003559437294005	0.0003559437294005
TMUB1	chr7:150962915-150963416	15	-0.0028315383406405112	0.039689148326430064	5	0.042520686667070574	0.03432264909632035	5.792324035225497e-05	unsupported	True	0.000355679602642	0.000355679602642
TMUB1	chr7:151083308-151083809	16	-0.0023725790389889623	0.03710562396998872	4	0.03947820300897768	0.039020553139520006	5.71597784195489e-05	unsupported	True	0.0003101686107976	0.0003101686107976
TMUB1	chr7:150993419-150993920	17	0.03003221685338592	0.11865233288777338	4	0.08862011603438746	0.11094817223804307	0.0011666182013551948	unsupported	True	0.000298371944642	0.000298371944642
TMUB1	chr7:151167475-151167976	18	-0.015897216217025868	0.009452287037344556	0	0.025349503254370423	0.027001397246573702	6.469825882731843e-06	unsupported	True	0.0002887843104754	0.0002887843104754
TMUB1	chr7:151136238-151136739	19	-0.0048404569122073825	0.058245099518013564	1	0.06308555643022094	0.058879327221699286	0.00021634764321865041	unsupported	True	0.0002770215365159	-0.0002770215365159
ASB12	chrX:64205578-64206079	0	0.003994605103227579	0.005158202440866231	0	0.001163597337638652	0.005158202440866231	3.095989535943918e-08	unsupported	True	0.0121247919365873	0.0121247919365873
ASB12	chrX:64204616-64205117	1	-0.0032907506920691093	0.0	3	0.0032907506920691093	0.003958594851403245	0.0	unsupported	True	0.0020082330494047	-0.0020082330494047
ASB12	chrX:64183843-64184344	2	-0.007103593718702175	0.00727152252688728	0	0.014375116245589455	0.00727152252688728	7.600848444637203e-07	unsupported	True	0.0004549927915612	-0.0004549927915612
RP9	chr7:33243253-33243754	0	0.01917836385309275	0.04440462937228695	0	0.025226265519194203	0.04130272331955032	4.626578125686156e-05	unsupported	True	0.0040970141261536	0.0040970141261536
RP9	chr7:33109243-33109744	1	0.010857643048708432	0.040303654847422266	5	0.029446011798713832	0.03168609321474649	3.7604481787568236e-05	unsupported	True	0.0016106950708705	0.0016106950708705
RP9	chr7:33062592-33063093	2	0.018444225552800002	0.04090191583978436	0	0.022457690286984355	0.028698302503207006	2.6361186159732378e-05	unsupported	True	0.0011699936130974	-0.0011699936130974
RP9	chr7:32957642-32958143	3	-0.003833783357336193	0.01898079464405744	0	0.022814578001393634	0.014551486847668774	6.301358692818278e-06	unsupported	True	0.0011572163122715	0.0011572163122715
RP9	chr7:33183416-33183917	4	0.0016019930407588756	0.03657005137024281	1	0.03496805832948393	0.03534085529807295	4.519330932557102e-05	unsupported	True	0.0010333036274163	0.0010333036274163
RP9	chr7:33149580-33150081	5	0.011952919469084089	0.044103439951492816	5	0.032150520482408726	0.038894626627877286	5.5150579410543096e-05	unsupported	True	0.0010071265730008	-0.0010071265730008
RP9	chr7:33177089-33177590	6	0.009929993399238451	0.043480562385757406	5	0.03355056898651895	0.05706966035816169	8.325308401392316e-05	unsupported	True	0.0008699047980519	0.0008699047980519
RP9	chr7:33129018-33129519	7	0.01050808121095325	0.038466730876141574	0	0.027958649665188323	0.030418134549588843	3.2714030017311e-05	unsupported	True	0.0006808612265349	-0.0006808612265349
RP9	chr7:32957092-32957593	8	-0.00957028034994952	0.01770586894734726	0	0.027276149297296777	0.023303279289268897	1.1254270374864188e-05	unsupported	True	0.0006321727101894	0.0006321727101894
RP9	chr7:33185648-33186149	9	0.016323186230472807	0.05538709818956637	1	0.03906391195909356	0.06000726369924825	0.00012983391964728336	unsupported	True	0.0005533969741494	0.0005533969741494
RP9	chr7:33114887-33115388	10	0.0033952386902974013	0.04140755294544408	5	0.03801231425514667	0.05237827224504865	8.2443238931914e-05	unsupported	True	0.0004432185566537	0.0004432185566537
RP9	chr7:33050676-33051177	11	0.008855772715759568	0.032536401701316706	5	0.023680628985557138	0.025970952520751555	2.0010163314374993e-05	unsupported	True	0.000282925561342	0.000282925561342
RP9	chr7:33012356-33012857	12	-0.01809827691201917	0.0089906028293924	5	0.027088879741411567	0.04334211256194002	1.055577035713699e-05	unsupported	True	0.000206461042345	-0.000206461042345
RP9	chr7:33196182-33196683	13	0.007160371897450525	0.05803387490253221	0	0.050873503005081686	0.06377368223701647	0.00018828455908179612	unsupported	True	0.0001958918825298	0.0001958918825298
RP9	chr7:33072388-33072889	14	-0.003041473464747087	0.04586170919491042	0	0.048903182659657506	0.05311894350403972	0.00011913429225093771	unsupported	True	0.0001949531424801	0.0001949531424801
RP9	chr7:32964387-32964888	15	-0.014554939432184524	0.015789607686251733	4	0.030344547118436257	0.03585928887297889	1.7181207088577847e-05	unsupported	True	0.0001343070367445	-0.0001343070367445
RP9	chr7:33167465-33167966	16	0.023092447784272833	0.03380933780829756	5	0.01071689002402473	0.009777181640604257	3.5425755617977957e-06	unsupported	True	9.28958282842808e-05	9.28958282842808e-05
RP9	chr7:33134871-33135372	17	0.001479838603803251	0.027112561534573948	5	0.025632722930770697	0.03453999034689702	2.4004214875197763e-05	unsupported	True	8.881579636431544e-05	8.881579636431544e-05
RP9	chr7:32988219-32988720	18	-0.02125203535061711	-0.00037077281279697936	1	0.02088126253782013	0.020434194661796714	0.0	unsupported	True	7.961997637350684e-05	-7.961997637350684e-05
RP9	chr7:33144255-33144756	19	-0.00031734342832761143	0.01959823736489337	2	0.01991558079322098	0.016586088472315002	6.473720829850228e-06	unsupported	True	5.58267829333285e-05	-5.58267829333285e-05
SETD6	chr16:58501195-58501696	0	0.023270385041731737	0.11938168745903105	4	0.09611130241729932	0.1252748994809072	0.0014373953605621016	unsupported	True	0.0020828121110062	0.0020828121110062
SETD6	chr16:58464037-58464538	1	0.014838895809248779	0.11494654297871419	4	0.10010764716946541	0.12510424420952446	0.0014395780370173496	unsupported	True	0.0017416552125857	0.0017416552125857
SETD6	chr16:58499794-58500295	2	0.013883635691384856	0.09935447810055043	1	0.08547084240916557	0.10697183433261277	0.0009083952902813143	unsupported	True	0.0016853041132109	0.0016853041132109
SETD6	chr16:58495013-58495514	3	0.034437005080170335	0.11198665564888964	4	0.0775496505687193	0.11105969882032535	0.000964500843504445	unsupported	True	0.0015109107478581	-0.0015109107478581
SETD6	chr16:58463459-58463960	4	0.004803126592299686	0.08767207445455091	1	0.08286894786225123	0.09706787375736188	0.0007052265016989622	unsupported	True	0.0011332358318835	0.0011332358318835
SETD6	chr16:58495701-58496202	5	0.04380152308451698	0.11572929308150116	4	0.07192776999698419	0.11339292116642072	0.0009438996818563283	unsupported	True	0.0008507726085838	-0.0008507726085838
SETD6	chr16:58448740-58449241	6	0.013143225927761631	0.07499372635917438	1	0.06185050043141275	0.08211795944342853	0.00038089590239552556	unsupported	True	0.0008196631697264	0.0008196631697264
SETD6	chr16:58515237-58515738	7	0.02449412832421663	0.11739258221492341	1	0.09289845389070678	0.12145613330967511	0.001324550718287088	unsupported	True	0.0008077023370748	0.0008077023370748
SETD6	chr16:58419483-58419984	8	-0.006257884677146302	0.026633590750774795	1	0.0328914754279211	0.0351619815945775	3.080253215880068e-05	unsupported	True	0.0005346889768637	0.0005346889768637
SETD6	chr16:58451343-58451844	9	0.012256645925703063	0.05155747674121038	1	0.03930083081550732	0.05702799701745109	0.00011555307423218786	unsupported	True	0.0005324469004912	0.0005324469004912
SETD6	chr16:58366195-58366696	10	0.01080922670619929	0.15565330050735285	1	0.14484407380115355	0.17029422263499738	0.003839361268936588	unsupported	True	0.0005310095900605	0.0005310095900605
SETD6	chr16:58464745-58465246	11	0.036545501562386624	0.13850507745969495	1	0.10195957589730834	0.14617849629282087	0.0020643208779639087	unsupported	True	0.0004849824636824	0.0004849824636824
SETD6	chr16:58451930-58452431	12	0.014636678754682173	0.11203550999055643	1	0.09739883123587426	0.12423420152909316	0.0013556594755194432	unsupported	True	0.000467537530813	0.000467537530813
SETD6	chr16:58415052-58415553	13	0.042196758369625775	0.09057776201404782	1	0.04838100364442205	0.048431037226473	0.00021223657552020295	unsupported	True	0.0002721820612898	-0.0002721820612898
SETD6	chr16:58541714-58542215	14	0.0033964768693290166	0.09846606244464193	1	0.0950695855753129	0.10566898699907931	0.0009891808864950908	unsupported	True	0.0002671985267527	0.0002671985267527
SETD6	chr16:58428997-58429498	15	0.02544374053505088	0.09204301862930896	1	0.06659927809425807	0.09418181431746968	0.0005773343893773804	unsupported	True	0.0002380751814591	0.0002380751814591
SETD6	chr16:58629720-58630221	16	0.019235967199495194	0.0998045156575544	1	0.0805685484580592	0.10192127799343542	0.000819559693603918	unsupported	True	0.0001680481551822	-0.0001680481551822
SETD6	chr16:58551449-58551950	17	0.04708831428545707	0.12933565105153536	1	0.08224733676607829	0.12708499496360942	0.001351868266700145	unsupported	True	0.0001679723008171	-0.0001679723008171
SETD6	chr16:58580687-58581188	18	-0.0012634600799245254	0.11543571306222071	4	0.11669917314214523	0.1254240495430453	0.0016896190115467922	unsupported	True	0.0001484252426215	-0.0001484252426215
SETD6	chr16:58426925-58427426	19	0.0437559680981151	0.09432919976057905	4	0.05057323166246395	0.08392477849888776	0.0004003658810365841	unsupported	True	0.0001405539279482	-0.0001405539279482
XBP1	chr22:28829317-28829818	0	0.008141739614468716	0.07440659694159847	1	0.06626485732712975	0.09164655592346578	0.0004518672417574523	unsupported	True	0.0016884801320932	0.0016884801320932
XBP1	chr22:28741690-28742191	1	-0.007756758397618452	0.049648960291524186	1	0.05740571868914264	0.06304057681934211	0.00017967410698779983	unsupported	True	0.0015582915942888	-0.0015582915942888
XBP1	chr22:28942975-28943476	2	0.015838685981770333	0.0987724625902316	4	0.08293377660846127	0.13467845323128907	0.0011032284279754365	unsupported	True	0.0012766070268836	0.0012766070268836
XBP1	chr22:28883120-28883621	3	0.0042304288127106866	0.06657405652816538	1	0.062343627715454694	0.07074634161657539	0.0002936304408416937	unsupported	True	0.0010136754205398	-0.0010136754205398
XBP1	chr22:28800369-28800870	4	-0.0020685192503222733	0.06712940848252152	1	0.06919792773284379	0.0871815772405095	0.0004049772537472492	unsupported	True	0.0009297414393477	0.0009297414393477
XBP1	chr22:28918017-28918518	5	0.02110420477154904	0.07866401599025909	1	0.057559811218710046	0.10630382002406633	0.00048133156887729726	unsupported	True	0.0008988634859472	0.0008988634859472
XBP1	chr22:28679623-28680124	6	-0.004544688426707334	0.04635689227982738	1	0.050901580706534715	0.054032861512622744	0.0001274980523688938	unsupported	True	0.0007918894196708	-0.0007918894196708
XBP1	chr22:28873485-28873986	7	-0.00950643926922671	0.013068975072363348	5	0.022575414341590057	0.0222115704676411	6.553246827745308e-06	unsupported	True	0.0007235469206434	0.0007235469206434
XBP1	chr22:28742250-28742751	8	-0.0018813275680656383	0.058653493176447795	1	0.06053482074451343	0.07040243803086292	0.00024996939658193776	unsupported	True	0.000648765021773	0.000648765021773
XBP1	chr22:28923810-28924311	9	0.011602829487358846	0.051807526399566324	1	0.040204696912207474	0.07582089335221143	0.00015792778585378627	unsupported	True	0.000640285698451	-0.000640285698451
XBP1	chr22:28899198-28899699	10	0.007460633091780143	0.04312792748171213	1	0.03566729438993199	0.06389835568914487	9.82920600783138e-05	unsupported	True	0.000598655279859	0.000598655279859
XBP1	chr22:28772438-28772939	11	-0.0021826438629952583	0.08790677829457326	1	0.09008942215756852	0.10015410426683276	0.0007931675102797877	unsupported	True	0.0005752555611395	-0.0005752555611395
XBP1	chr22:28855553-28856054	12	-0.00026099158609355256	0.038150627188667005	1	0.038411618774760556	0.054316988163426214	7.959759989335778e-05	unsupported	True	0.0004963985148262	-0.0004963985148262
XBP1	chr22:28689125-28689626	13	0.009449335557579229	0.04317613198212264	1	0.03372679642454341	0.03483362881670851	5.072447299335777e-05	unsupported	True	0.0004934881941089	-0.0004934881941089
XBP1	chr22:28782008-28782509	14	-0.010416160120657436	0.020721888066429387	1	0.031138048187086823	0.03247382834866454	2.0953385373007395e-05	unsupported	True	0.0004897912704182	0.0004897912704182
XBP1	chr22:28894276-28894777	15	0.0028762605784201116	0.07744705892448993	1	0.07457079834606982	0.09531740003365295	0.0005504855332149186	unsupported	True	0.0004272503901555	-0.0004272503901555
XBP1	chr22:28883812-28884313	16	0.002626767901397068	0.07646658080777641	1	0.07383981290637934	0.0917652997572248	0.000518132395058008	unsupported	True	0.0004007693778809	0.0004007693778809
XBP1	chr22:28736120-28736621	17	0.0016957455064944796	0.0791278907911764	1	0.07743214528468191	0.09313677801624495	0.000570652981926733	unsupported	True	0.0003444345968499	0.0003444345968499
XBP1	chr22:28921714-28922215	18	0.003146448100582134	0.03347763135386455	2	0.030331183253282417	0.04549181459280119	4.619312420749557e-05	unsupported	True	0.0003378057645593	0.0003378057645593
XBP1	chr22:28822853-28823354	19	0.017693494338778558	0.06022400907634385	1	0.04253051473756529	0.07606317878409727	0.00019482503951457784	unsupported	True	0.0002509411513788	0.0002509411513788
KLHL10	chr17:41786605-41787106	0	-0.025393910302125868	0.0	0	0.025393910302125868	0.0	0.0	unsupported	True	0.002633480946921	0.002633480946921
KLHL10	chr17:41734412-41734913	1	-0.01920760947221033	0.0	0	0.01920760947221033	0.0	0.0	unsupported	True	0.0023517753813538	0.0023517753813538
KLHL10	chr17:41836016-41836517	2	-0.0266933935120921	0.0	0	0.0266933935120921	0.0	0.0	unsupported	True	0.0011283536449675	-0.0011283536449675
KLHL10	chr17:41705648-41706149	3	-0.008380912621127225	0.0	0	0.008380912621127225	0.0	0.0	unsupported	True	0.0008971039153944	0.0008971039153944
KLHL10	chr17:41710685-41711186	4	-0.02008477651761881	0.0	0	0.02008477651761881	0.0	0.0	unsupported	True	0.0007721297547184	0.0007721297547184
KLHL10	chr17:41864648-41865149	5	-0.026685088116784893	0.0	0	0.026685088116784893	0.0	0.0	unsupported	True	0.0007571953400954	0.0007571953400954
KLHL10	chr17:41907055-41907556	6	-0.01620999275880726	0.0	0	0.01620999275880726	0.0	0.0	unsupported	True	0.0006754831633467	0.0006754831633467
KLHL10	chr17:41919412-41919913	7	-0.024665883166199474	0.0	0	0.024665883166199474	0.0	0.0	unsupported	True	0.0006420876870159	0.0006420876870159
KLHL10	chr17:41908964-41909465	8	-0.010429550528189042	0.0	0	0.010429550528189042	0.0	0.0	unsupported	True	0.00056457837127	0.00056457837127
KLHL10	chr17:41895648-41896149	9	-0.009792952432563284	0.0	0	0.009792952432563284	0.0	0.0	unsupported	True	0.0005198308726513	0.0005198308726513
KLHL10	chr17:41930308-41930809	10	-0.02685826112179294	0.0	0	0.02685826112179294	0.0	0.0	unsupported	True	0.0004985949177264	-0.0004985949177264
KLHL10	chr17:41733607-41734108	11	-0.017351581512138278	0.0	0	0.017351581512138278	0.0	0.0	unsupported	True	0.0004699468381181	0.0004699468381181
KLHL10	chr17:41966434-41966935	12	-0.02603703353876692	0.0	0	0.02603703353876692	0.0	0.0	unsupported	True	0.0004414991700729	0.0004414991700729
KLHL10	chr17:41967353-41967854	13	-0.018717705986932565	0.0	0	0.018717705986932565	0.0	0.0	unsupported	True	0.0004109549364401	-0.0004109549364401
KLHL10	chr17:41811500-41812001	14	-0.026878551682298326	0.0	0	0.026878551682298326	0.0	0.0	unsupported	True	0.0004007489922955	0.0004007489922955
KLHL10	chr17:41917061-41917562	15	-0.015028732941031788	0.0	0	0.015028732941031788	0.0	0.0	unsupported	True	0.0003654609375602	-0.0003654609375602
KLHL10	chr17:41821663-41822164	16	-0.020187194238406068	0.0	0	0.020187194238406068	0.0	0.0	unsupported	True	0.0003255799314145	-0.0003255799314145
KLHL10	chr17:41717569-41718070	17	-0.019964890029436917	0.0	0	0.019964890029436917	0.0	0.0	unsupported	True	0.0002736215316171	0.0002736215316171
KLHL10	chr17:41688538-41689039	18	-0.02772206851552421	0.0	0	0.02772206851552421	0.0	0.0	unsupported	True	0.0002422378549417	-0.0002422378549417
KLHL10	chr17:41865195-41865696	19	-0.02701092695600354	0.0	0	0.02701092695600354	0.0	0.0	unsupported	True	0.0002088712584792	-0.0002088712584792
TOR4A	chr9:137200633-137201134	0	0.0015462182231144328	0.020973659613679547	2	0.019427441390565115	0.020973659613679547	8.546022627227241e-06	unsupported	True	0.0019903258498538	0.0019903258498538
TOR4A	chr9:137232854-137233355	1	0.0062123877342971905	0.020932732237088934	2	0.014720344502791744	0.020932732237088934	6.450149939535098e-06	unsupported	True	0.0015271562723348	0.0015271562723348
TOR4A	chr9:137318921-137319422	2	-0.0064551404138734735	0.0	0	0.0064551404138734735	0.0	0.0	unsupported	True	0.0012279284959802	0.0012279284959802
TOR4A	chr9:137384268-137384769	3	-0.00798908231397334	0.0	0	0.00798908231397334	0.0	0.0	unsupported	True	0.0008713851059675	0.0008713851059675
TOR4A	chr9:137423003-137423504	4	0.007502799982397561	0.01985658164802801	2	0.012353781665630451	0.01985658164802801	4.870896408724812e-06	unsupported	True	0.0008443757875378	0.0008443757875378
TOR4A	chr9:137277430-137277931	5	0.0065186022902861485	0.048415124382504504	2	0.041896522092218356	0.048415124382504504	9.820646456973927e-05	unsupported	True	0.0007995143111034	0.0007995143111034
TOR4A	chr9:137276756-137277257	6	-0.005603060123141403	0.0	0	0.005603060123141403	0.0	0.0	unsupported	True	0.0007463263226066	0.0007463263226066
TOR4A	chr9:137294572-137295073	7	-0.0077899317092579275	0.0	0	0.0077899317092579275	0.0	0.0	unsupported	True	0.0007336599363654	0.0007336599363654
TOR4A	chr9:137368468-137368969	8	-0.009749108674547842	0.0	0	0.009749108674547842	0.0	0.0	unsupported	True	0.0006551602933903	0.0006551602933903
TOR4A	chr9:137279020-137279521	9	0.029502421292436312	0.06047111058306606	2	0.03096868929062975	0.06047111058306606	0.00011324491606985185	unsupported	True	0.0006191640487254	0.0006191640487254
TOR4A	chr9:137417382-137417883	10	-0.007915238829910763	0.0	0	0.007915238829910763	0.0	0.0	unsupported	True	0.0005825306501318	0.0005825306501318
TOR4A	chr9:137151070-137151571	11	0.02713601040342896	0.060644066118149695	2	0.033508055714720736	0.060644066118149695	0.00012323266882819885	unsupported	True	0.0005752122139987	0.0005752122139987
TOR4A	chr9:137286887-137287388	12	0.005923592018391097	0.02869992219488739	2	0.022776330176496294	0.02869992219488739	1.8760533683818885e-05	unsupported	True	0.0005746557168747	0.0005746557168747
TOR4A	chr9:137315937-137316438	13	-0.0004751683026913714	0.029052320033582216	2	0.029527488336273586	0.029052320033582216	2.492230151145517e-05	unsupported	True	0.0004928664976064	0.0004928664976064
TOR4A	chr9:137395357-137395858	14	0.014195107728139254	0.09828694290184428	2	0.08409183517370503	0.09828694290184428	0.0008123543016332603	unsupported	True	0.0004399819643341	0.0004399819643341
TOR4A	chr9:137188365-137188866	15	0.01298003542437581	0.03321183693005658	2	0.020231801505680772	0.03321183693005658	2.2316205359002492e-05	unsupported	True	0.0004259123195522	-0.0004259123195522
TOR4A	chr9:137304876-137305377	16	-0.003042971054593998	0.013883704584831841	2	0.01692667563942584	0.013883704584831841	3.2627394986587973e-06	unsupported	True	0.0004171651786253	0.0004171651786253
TOR4A	chr9:137236405-137236906	17	0.005968074886356506	0.05317697722079991	2	0.04720890233444341	0.05317697722079991	0.0001334969047197018	unsupported	True	0.0003960809564933	0.0003960809564933
TOR4A	chr9:137138037-137138538	18	0.021661996665819232	0.038120009528925324	2	0.01645801286310609	0.038120009528925324	2.3915716603527308e-05	unsupported	True	0.0003331000720675	-0.0003331000720675
TOR4A	chr9:137295797-137296298	19	-0.0037359909105876927	0.004552517511939717	2	0.008288508422527409	0.004552517511939717	1.7178278256096949e-07	unsupported	True	0.0003256216979522	0.0003256216979522
FUNDC1	chrX:44542709-44543210	0	-0.0004115538403205063	0.05580467736384359	3	0.0562162312041641	0.06419634112408457	0.00020139218064196457	unsupported	True	0.0073498197247759	-0.0073498197247759
FUNDC1	chrX:44401825-44402326	1	-0.01687283988584282	-0.0009007424047427783	0	0.015972097481100043	0.0216258768771747	0.0	unsupported	True	0.0023861259033268	-0.0023861259033268
FUNDC1	chrX:44678933-44679434	2	-0.001095987972803248	0.11098411688064308	4	0.11208010485344633	0.12161257396263547	0.0015127523620999132	unsupported	True	0.0016895710507538	-0.0016895710507538
FUNDC1	chrX:44673675-44674176	3	0.01914650843519149	0.06868926388333231	4	0.049542755448140824	0.06376128236610594	0.0002169831764253321	unsupported	True	0.0013554070704525	0.0013554070704525
FUNDC1	chrX:44675283-44675784	4	-0.005233180112842981	0.029567054920798308	4	0.03480023503364129	0.05597234216274985	5.759220751999973e-05	unsupported	True	0.0011613789743072	0.0011613789743072
FUNDC1	chrX:44637717-44638218	5	0.003352083849204355	0.01499714707378627	4	0.011645063224581914	0.019630233195361415	3.428277434556311e-06	unsupported	True	0.0004014862315122	0.0004014862315122
FUNDC1	chrX:44406949-44407450	6	-0.022584410314195637	-0.015293948916241014	4	0.007290461397954624	0.007284250674186138	0.0	unsupported	True	0.0002309933230397	-0.0002309933230397
GCNT3	chr15:59501365-59501866	0	-0.008535899109159193	0.0	0	0.008535899109159193	0.0	0.0	unsupported	True	0.0048011429481237	0.0048011429481237
GCNT3	chr15:59689144-59689645	1	-0.009160403638343783	0.0	0	0.009160403638343783	0.0	0.0	unsupported	True	0.0025766514020364	-0.0025766514020364
GCNT3	chr15:59751751-59752252	2	-0.005791441701427641	0.024377950361961078	4	0.03016939206338872	0.024377950361961078	1.7929200987078598e-05	unsupported	True	0.0025629857300968	0.0025629857300968
GCNT3	chr15:59657323-59657824	3	-0.006581000325586279	0.0	0	0.006581000325586279	0.0	0.0	unsupported	True	0.0021561064837528	-0.0021561064837528
GCNT3	chr15:59528824-59529325	4	0.0047424345639203265	0.043338861877015654	4	0.03859642731309533	0.043338861877015654	7.249400779948401e-05	unsupported	True	0.0009152637939635	0.0009152637939635
GCNT3	chr15:59697445-59697946	5	-0.007131554580236396	0.0	0	0.007131554580236396	0.0	0.0	unsupported	True	0.0002504069333014	-0.0002504069333014
GCNT3	chr15:59778039-59778540	6	-0.010623393247774945	0.0	0	0.010623393247774945	0.0	0.0	unsupported	True	0.000205896360769	-0.000205896360769
GCNT3	chr15:59722416-59722917	7	-0.0029377105279453013	0.0	0	0.0029377105279453013	0.0	0.0	unsupported	True	0.0001701766201482	0.0001701766201482
GCNT3	chr15:59741195-59741696	8	0.0039979839355054345	0.040737426179862084	4	0.03673944224435665	0.040737426179862084	6.0970496526627364e-05	unsupported	True	0.0001608771469429	-0.0001608771469429
GCNT3	chr15:59445213-59445714	9	0.01486512108664519	0.06510641907970705	4	0.05024129799306186	0.06510641907970705	0.00021296511525485952	unsupported	True	0.0001583878068221	0.0001583878068221
GCNT3	chr15:59724859-59725360	10	-0.0071548912474807165	0.0	0	0.0071548912474807165	0.0	0.0	unsupported	True	0.0001102421099412	0.0001102421099412
GCNT3	chr15:59721372-59721873	11	-0.011740156513708968	0.0	0	0.011740156513708968	0.0	0.0	unsupported	True	9.56418486159028e-05	9.56418486159028e-05
GCNT3	chr15:59492797-59493298	12	-0.0014752297332795	0.015634314586989235	4	0.017109544320268736	0.015634314586989235	4.182116588857032e-06	unsupported	True	9.24833621565088e-05	-9.24833621565088e-05
GCNT3	chr15:59477577-59478078	13	-0.000512572864874732	0.0	0	0.000512572864874732	0.0	0.0	unsupported	True	6.415060540818867e-05	-6.415060540818867e-05
GCNT3	chr15:59583591-59584092	14	-0.009923998993396781	0.0	0	0.009923998993396781	0.0	0.0	unsupported	True	6.358332237452972e-05	6.358332237452972e-05
GCNT3	chr15:59752421-59752922	15	-0.007296958422841509	0.023419741740464455	4	0.030716700163305966	0.023419741740464455	1.684762788536866e-05	unsupported	True	5.556603995040971e-05	-5.556603995040971e-05
GCNT3	chr15:59532730-59533231	16	-0.015080742980098398	0.0	0	0.015080742980098398	0.0	0.0	unsupported	True	4.439457349439144e-05	-4.439457349439144e-05
GCNT3	chr15:59695783-59696284	17	-0.014258088482167293	0.0	0	0.014258088482167293	0.0	0.0	unsupported	True	3.933619709982002e-05	-3.933619709982002e-05
GCNT3	chr15:59481261-59481762	18	-0.0009655250245454976	0.00376712611042789	4	0.0047326511349733875	0.00376712611042789	6.716218398411177e-08	unsupported	True	3.408373856549434e-05	-3.408373856549434e-05
GCNT3	chr15:59521514-59522015	19	-0.003584510248693049	0.007468180352753323	4	0.011052690601446372	0.007468180352753323	6.164496463285525e-07	unsupported	True	1.5765654332527454e-05	-1.5765654332527454e-05
C6orf132	chr6:42048474-42048975	0	-0.009712124264442994	0.0421463558693943	1	0.0518584801338373	0.03175451690819801	6.940413154663844e-05	unsupported	True	0.0038241948605458	0.0038241948605458
C6orf132	chr6:42166365-42166866	1	0.004486755088652282	0.0559545224175412	3	0.05146776732888892	0.036605875829673534	0.00010541959040632606	unsupported	True	0.0023152634586073	0.0023152634586073
C6orf132	chr6:42263248-42263749	2	0.0061582831269949845	0.06328265952426762	3	0.057124376397272636	0.06490688915672312	0.00023463726597003053	unsupported	True	0.0016083644824788	0.0016083644824788
C6orf132	chr6:42217641-42218142	3	-0.003332082580153578	0.05236216334338628	2	0.05569424592353986	0.04927453826999493	0.000143697916965146	unsupported	True	0.001400349434602	-0.001400349434602
C6orf132	chr6:42200086-42200587	4	-0.014583839718562733	0.014864983669137896	1	0.029448823387700628	0.026200044832628222	1.146923412858209e-05	unsupported	True	0.0013804445735865	0.0013804445735865
C6orf132	chr6:42045578-42046079	5	-0.007300214687073909	0.04313648899362519	4	0.0504367036806991	0.036812540624717296	8.009165729023876e-05	unsupported	True	0.000991703131762	0.000991703131762
C6orf132	chr6:42251834-42252335	6	-0.008472200580501684	0.03699550301107743	2	0.04546770359157912	0.038466415736561566	6.470437964895886e-05	unsupported	True	0.0005425962743923	0.0005425962743923
C6orf132	chr6:42177947-42178448	7	0.0007207427831213554	0.06916677223342205	2	0.06844602945030069	0.08033663645028902	0.0003803289755711039	unsupported	True	0.0004029563650918	0.0004029563650918
C6orf132	chr6:42050247-42050748	8	0.0008722727322408453	0.046431340718199106	2	0.04555906798595826	0.035058134272088703	7.416087671033896e-05	unsupported	True	0.0003368752190503	-0.0003368752190503
C6orf132	chr6:42008227-42008728	9	0.0005569135448783478	0.05591426483030145	1	0.0553573512854231	0.06652970719442826	0.0002059271140621208	unsupported	True	0.0003107367248537	0.0003107367248537
C6orf132	chr6:42075479-42075980	10	0.014410474210134864	0.09100338552367417	3	0.0765929113135393	0.10271414680300958	0.0007159396083513465	unsupported	True	0.0002848444447879	-0.0002848444447879
C6orf132	chr6:42260521-42261022	11	-0.0074895852186499705	0.0337421930574286	1	0.04123177827607857	0.03320718321021175	4.619951431907215e-05	unsupported	True	0.0002505438777588	0.0002505438777588
C6orf132	chr6:42046451-42046952	12	-0.00485101212646608	0.05076400736831374	2	0.05561501949477982	0.04980132729784038	0.00014060116200123785	unsupported	True	0.0001733155908359	0.0001733155908359
C6orf132	chr6:42044127-42044628	13	0.003862092903381775	0.06687075373632442	3	0.06300866083294265	0.07062794510058966	0.0002975863718229437	unsupported	True	0.0001593445442845	-0.0001593445442845
C6orf132	chr6:42259533-42260034	14	0.026327676860870446	0.1325361245686276	3	0.10620844770775714	0.13229261412592377	0.0018622111692287592	unsupported	True	0.0001588259630523	0.0001588259630523
C6orf132	chr6:42187198-42187699	15	-0.00860254975876328	0.0022148596840771795	4	0.01081740944284046	0.015242510820920827	3.6519598836028315e-07	unsupported	True	0.0001403383643466	0.0001403383643466
C6orf132	chr6:42078302-42078803	16	-0.008558194530439996	0.0001251526825533859	2	0.00868334721299338	0.009563859985787229	1.0393469342852242e-08	unsupported	True	9.910466231447252e-05	9.910466231447252e-05
C6orf132	chr6:42258894-42259395	17	0.02387379709782493	0.1366729187372273	3	0.11279912163940238	0.15123570142909779	0.0023315380741633705	unsupported	True	9.329627285268528e-05	-9.329627285268528e-05
C6orf132	chr6:42007702-42008203	18	-0.009848991076713437	-0.004781447267118817	2	0.00506754380959462	0.0046207467657441844	0.0	unsupported	True	6.079190484148374e-05	6.079190484148374e-05
C6orf132	chr6:42250499-42251000	19	-0.006554366782433123	0.034039983965107504	4	0.04059435074754063	0.033696419311226564	4.6562758428209625e-05	unsupported	True	3.879090627247061e-05	3.879090627247061e-05
FAM217A	chr6:4021049-4021550	0	-0.02873469203399866	0.0	0	0.02873469203399866	0.027483576035642884	0.0	unsupported	True	0.0019446030167469	-0.0019446030167469
FAM217A	chr6:4018489-4018990	1	-0.025152967385310206	0.0	0	0.025152967385310206	0.019334864434163972	0.0	unsupported	True	0.0015384523004167	-0.0015384523004167
FAM217A	chr6:4164017-4164518	2	-0.023459267760929457	0.0	0	0.023459267760929457	0.028141678115501088	0.0	unsupported	True	0.0011315561487909	-0.0011315561487909
FAM217A	chr6:4102856-4103357	3	-0.019235294039177533	0.0	0	0.019235294039177533	0.021768471830431933	0.0	unsupported	True	0.001077358442023	-0.001077358442023
FAM217A	chr6:4093264-4093765	4	-0.019856441734247793	0.0	0	0.019856441734247793	0.025392902961042976	0.0	unsupported	True	0.0010379236794183	-0.0010379236794183
FAM217A	chr6:3911872-3912373	5	-0.015853202042805103	0.005246542422661294	3	0.021099744465466398	0.005246542422661294	5.807959420911879e-07	unsupported	True	0.001017472120848	0.001017472120848
FAM217A	chr6:3997118-3997619	6	-0.008977269202095586	0.015200638992362908	3	0.024177908194458496	0.015200638992362908	5.586533583879898e-06	unsupported	True	0.0008488916297572	0.0008488916297572
FAM217A	chr6:4135485-4135986	7	-0.02525910481482009	0.0	0	0.02525910481482009	0.020310383016673626	0.0	unsupported	True	0.0006747191997428	-0.0006747191997428
FAM217A	chr6:4155827-4156328	8	-0.018284436059541113	0.0	0	0.018284436059541113	0.018281433619762977	0.0	unsupported	True	0.0006362204913194	0.0006362204913194
FAM217A	chr6:3932989-3933490	9	-0.010488983199825618	0.0	0	0.010488983199825618	0.002075932224543085	0.0	unsupported	True	0.0005924953515781	0.0005924953515781
FAM217A	chr6:3902880-3903381	10	-0.011230388858808357	0.0038741847613896745	3	0.015104573620198031	0.0038741847613896745	2.2670919110953743e-07	unsupported	True	0.0005427048410094	0.0005427048410094
FAM217A	chr6:4134960-4135461	11	-0.025209428335689232	0.0	0	0.025209428335689232	0.02118141485550204	0.0	unsupported	True	0.0005306470313875	-0.0005306470313875
FAM217A	chr6:3940619-3941120	12	-0.012094755215258449	0.0	0	0.012094755215258449	0.005482593733699831	0.0	unsupported	True	0.0005278425978858	0.0005278425978858
FAM217A	chr6:3978168-3978669	13	-0.025702071132428048	0.0	0	0.025702071132428048	0.030783808192605643	0.0	unsupported	True	0.0004204827943667	-0.0004204827943667
FAM217A	chr6:4168899-4169400	14	-0.0002774198596083163	0.0008559870433111026	4	0.001133406902919419	0.0008559870433111026	8.304628995443474e-10	unsupported	True	0.0003688621303958	0.0003688621303958
FAM217A	chr6:4224557-4225058	15	-0.017895591410002694	0.0	0	0.017895591410002694	0.021011869534195142	0.0	unsupported	True	0.0003467078182918	0.0003467078182918
FAM217A	chr6:3990753-3991254	16	-0.02269186939479944	0.0	0	0.02269186939479944	0.006746761121425483	0.0	unsupported	True	0.0003438181779718	0.0003438181779718
FAM217A	chr6:3958800-3959301	17	-0.018317977458459693	0.0	0	0.018317977458459693	0.004875477722861741	0.0	unsupported	True	0.0003427819896664	0.0003427819896664
FAM217A	chr6:3910168-3910669	18	-0.003233572151946989	0.01823141737777348	3	0.02146498952972047	0.01823141737777348	7.134631521009936e-06	unsupported	True	0.0003300997252022	0.0003300997252022
FAM217A	chr6:3925170-3925671	19	-0.01235232040886145	0.0	0	0.01235232040886145	0.006736006358565292	0.0	unsupported	True	0.0003182914414183	-0.0003182914414183
KCNRG	chr13:50124299-50124800	0	-0.006945316511757504	0.030814222764927315	5	0.03775953927668482	0.030814222764927315	3.585329895283499e-05	unsupported	True	0.004623591262441	0.004623591262441
KCNRG	chr13:50124868-50125369	1	-0.005416588870772769	0.03090760461874812	5	0.03632419348952089	0.03090760461874812	3.469977640189209e-05	unsupported	True	0.0029035979651905	0.0029035979651905
KCNRG	chr13:49996777-49997278	2	-0.008903382839686096	0.02279492258538971	5	0.031698305425075804	0.02279492258538971	1.6470708797335776e-05	unsupported	True	0.0025985892608869	0.0025985892608869
KCNRG	chr13:49936205-49936706	3	-0.006351951734472842	0.038031319916049765	5	0.04438327165052261	0.038031319916049765	6.41951339065545e-05	unsupported	True	0.0016596962780466	-0.0016596962780466
KCNRG	chr13:50125466-50125967	4	-0.009663740953583893	0.015470282795487613	0	0.025134023749071505	0.015470282795487613	6.015317101235463e-06	unsupported	True	0.0013265482103535	0.0013265482103535
KCNRG	chr13:49976567-49977068	5	-0.01285930474435176	0.0	2	0.01285930474435176	0.0025881527588765547	0.0	unsupported	True	0.0005265149019937	0.0005265149019937
KCNRG	chr13:49996087-49996588	6	-0.0052688933025963275	0.03082360169959393	5	0.03609249500219026	0.03082360169959393	3.429127816808691e-05	unsupported	True	0.0003552366748344	0.0003552366748344
KCNRG	chr13:50081866-50082367	7	-0.008574605469053366	0.027497218619842022	5	0.036071824088895386	0.027497218619842022	2.7273799126213432e-05	unsupported	True	0.0002623134163509	0.0002623134163509
KCNRG	chr13:50081306-50081807	8	-0.007529502098612589	0.017985125103530085	5	0.025514627202142676	0.017985125103530085	8.253081871153964e-06	unsupported	True	0.0002260293289163	0.0002260293289163
KCNRG	chr13:49958242-49958743	9	-0.011544109110279432	0.0015645322963726554	0	0.013108641406652088	0.0015645322963726554	3.2086825214585324e-08	unsupported	True	4.482229102708738e-05	4.482229102708738e-05
KCNRG	chr13:50063790-50064291	10	-0.009003362685235187	0.0	2	0.009003362685235187	0.01361510622552416	0.0	unsupported	True	1.7201552027152695e-05	-1.7201552027152695e-05
KCNRG	chr13:49988984-49989485	11	-0.008963649297398887	0.0002706800342788294	0	0.009234329331677716	0.0002706800342788294	6.765778953269685e-10	unsupported	True	1.4069628248267366e-05	-1.4069628248267366e-05
KCNRG	chr13:49925882-49926383	12	-0.003260256207971204	0.008615848184944862	0	0.011876104392916066	0.008615848184944862	8.815969565815357e-07	unsupported	True	1.0104872978582e-05	-1.0104872978582e-05
SNX12	chrX:71146266-71146767	0	0.020022756523891662	0.030431151573982608	3	0.010408395050090946	0.019209605911548747	6.084439961411022e-06	unsupported	True	0.0030212771213932	0.0030212771213932
SNX12	chrX:71178895-71179396	1	0.005062021657173184	0.039817422291784525	5	0.03475540063461134	0.039419992825914345	5.455216376242046e-05	unsupported	True	0.0021410870066602	-0.0021410870066602
SNX12	chrX:71068299-71068800	2	0.016704775881514256	0.03017987072031286	5	0.013475094838798603	0.013282819531308651	5.401812153438842e-06	unsupported	True	0.0020550439036602	-0.0020550439036602
SNX12	chrX:71129107-71129608	3	0.02078080541938283	0.05695632501167732	3	0.036175519592294494	0.03736981656227157	7.699769126189338e-05	unsupported	True	0.0015010707899983	0.0015010707899983
SNX12	chrX:70930898-70931399	4	0.021659689539265347	0.0644947752822255	5	0.04283508574296015	0.04837301192052444	0.0001336371803655749	unsupported	True	0.0011165507613883	-0.0011165507613883
SNX12	chrX:71144574-71145075	5	0.012363553036316616	0.03338914615120389	4	0.021025593114887275	0.01866669761781322	1.3104518288530952e-05	unsupported	True	0.0007952934253343	0.0007952934253343
SNX12	chrX:71210874-71211375	6	0.006949646405510946	0.056850070332257925	4	0.04990042392674698	0.059149327319672595	0.00016779733208411923	unsupported	True	0.0007006728895235	-0.0007006728895235
SNX12	chrX:71145661-71146162	7	0.005480728012515111	0.037351720722388536	5	0.031870992709873425	0.029841001282509137	3.552381470148351e-05	unsupported	True	0.0006910017512562	-0.0006910017512562
SNX12	chrX:71118927-71119428	8	0.011080785757965823	0.04245950855166918	5	0.03137872279370336	0.04071457048534621	5.4245046180204944e-05	unsupported	True	0.0005164567346973	0.0005164567346973
SNX12	chrX:71222880-71223381	9	-0.01716189845961345	0.03193418248899016	0	0.04909608094860361	0.05619921970417102	8.811156493657399e-05	unsupported	True	0.000381945543107	0.000381945543107
SNX12	chrX:71181892-71182393	10	0.015968304479162924	0.0389575834470404	4	0.022989278967877478	0.02836023432608921	2.5399617401182874e-05	unsupported	True	0.0003581192175975	-0.0003581192175975
SNX12	chrX:71095584-71096085	11	0.016605211103016118	0.032866792511682466	5	0.016261581408666348	0.030606573165569938	1.6358173409010955e-05	unsupported	True	0.0002915154379776	0.0002915154379776
SNX12	chrX:70970539-70971040	12	-0.012395830328238945	0.036076106307728596	4	0.04847193663596754	0.05852519008486744	0.00010234175559854981	unsupported	True	0.0002384144396073	0.0002384144396073
SNX12	chrX:71053195-71053696	13	0.004995019727639298	0.019883744027563665	2	0.014888724299924367	0.0207062909454859	6.129964559588255e-06	unsupported	True	0.0002034709280331	0.0002034709280331
SNX12	chrX:71103166-71103667	14	-0.003364193809333989	0.036175700260149185	2	0.039539894069483175	0.04561140594394826	6.524179591399578e-05	unsupported	True	0.0001871696927661	0.0001871696927661
SNX12	chrX:70998415-70998916	15	-0.0024335599616984484	0.032796131893569926	4	0.03522969185526838	0.03217918998437657	3.7179759542560585e-05	unsupported	True	0.0001514569439576	0.0001514569439576
SNX12	chrX:71118330-71118831	16	0.010702770913799625	0.03850025975154598	5	0.027797488837746354	0.026663170854556332	2.853520649686949e-05	unsupported	True	7.63160892119247e-05	-7.63160892119247e-05
SNX12	chrX:70960678-70961179	17	0.011707333273765332	0.03775468175887326	2	0.02604734848510793	0.028411968074571515	2.794059513365088e-05	unsupported	True	6.240373452271508e-05	-6.240373452271508e-05
SNX12	chrX:71162904-71163405	18	0.018430734011524806	0.04543689639316885	4	0.027006162381644043	0.026111399204600157	3.2040676567807256e-05	unsupported	True	4.577112169073975e-05	4.577112169073975e-05
SNX12	chrX:71166477-71166978	19	-0.013875406893005643	0.02327623313843862	0	0.037151640031444264	0.023349698116516875	2.019165692987026e-05	unsupported	True	3.206865852626808e-05	-3.206865852626808e-05
GDF11	chr12:55754511-55755012	0	-0.0014737354782382171	0.044882652966288884	5	0.0463563884445271	0.0721129209445495	0.00015003797712046974	unsupported	True	0.0036577679511195	0.0036577679511195
GDF11	chr12:55619557-55620058	1	-0.0005523176853240758	0.026834336130755757	0	0.027386653816079833	0.02631445437411145	1.9338562884315273e-05	unsupported	True	0.001194011295052	0.001194011295052
GDF11	chr12:55729510-55730011	2	-0.0004891127800690626	0.05876874963610198	0	0.059257862416171043	0.060699999428207835	0.00021138838416333435	unsupported	True	0.0010606880442254	0.0010606880442254
GDF11	chr12:55738252-55738753	3	-0.005313657953261465	0.020876149588145005	3	0.02618980754140647	0.018420016539575156	1.007100294419639e-05	unsupported	True	0.0008574495529603	0.0008574495529603
GDF11	chr12:55700429-55700930	4	0.019582391949906314	0.04386015857246264	3	0.02427776662255633	0.01951145975056083	2.077632317838799e-05	unsupported	True	0.0007378803250056	-0.0007378803250056
GDF11	chr12:55728209-55728710	5	-0.013953662131824779	0.03262416503442416	0	0.04657782716624894	0.026706667113655255	4.058245573248627e-05	unsupported	True	0.0007134108895826	-0.0007134108895826
GDF11	chr12:55829440-55829941	6	0.007668567330419198	0.05470149947733263	0	0.04703293214691343	0.043850525107045304	0.00011281739937674932	unsupported	True	0.0007069693642639	0.0007069693642639
GDF11	chr12:55881071-55881572	7	-0.030561528139553183	0.022383892694914122	5	0.05294542083446731	0.04179777414757992	4.953557114689338e-05	unsupported	True	0.0006008250490361	-0.0006008250490361
GDF11	chr12:55730036-55730537	8	-0.0010121738048649174	0.03420160708532031	0	0.035213780890185224	0.029732801029429382	3.58092310773078e-05	unsupported	True	0.0005781855438825	0.0005781855438825
GDF11	chr12:55742834-55743335	9	0.0026975402669615735	0.03461845366330055	0	0.03192091339633897	0.020763024746266207	2.2944235752528098e-05	unsupported	True	0.000547399930537	0.000547399930537
GDF11	chr12:55796988-55797489	10	-0.005713880505828627	0.03215562062716734	0	0.03786950113299597	0.059096699117013846	7.196307358341032e-05	unsupported	True	0.0005084560999862	0.0005084560999862
GDF11	chr12:55728865-55729366	11	-0.015724957368751208	0.02287299323988004	0	0.03859795060863125	0.007892177418021657	6.967614068732479e-06	unsupported	True	0.0005075364399896	0.0005075364399896
GDF11	chr12:55656299-55656800	12	-0.004403973600736693	0.04172087788612789	1	0.046124851486864585	0.03872484162678605	7.452089623451111e-05	unsupported	True	0.0004581842458823	0.0004581842458823
GDF11	chr12:55817605-55818106	13	0.008614765697275687	0.05285182521721852	0	0.044237059519942834	0.04724160536494078	0.00011045131447928188	unsupported	True	0.0004366876604876	0.0004366876604876
GDF11	chr12:55737075-55737576	14	-0.010000333169699463	0.028987632613640582	1	0.038987965783340045	0.030303998251760965	3.4248634202472386e-05	unsupported	True	0.0004178062161742	0.0004178062161742
GDF11	chr12:55646270-55646771	15	-0.021454734787162744	0.006808492365442377	0	0.02826322715260512	0.027452967139778885	5.282773541303149e-06	unsupported	True	0.0004112157720421	0.0004112157720421
GDF11	chr12:55765622-55766123	16	-0.0022513381686497494	0.03387280094967376	4	0.03612413911832351	0.04871719498086261	5.961161540744555e-05	unsupported	True	0.0003144614056132	0.0003144614056132
GDF11	chr12:55799350-55799851	17	-0.006675570722921653	0.022716646773655036	1	0.029392217496576688	0.03368118070186682	2.2488675880623606e-05	unsupported	True	0.0002935176223006	-0.0002935176223006
GDF11	chr12:55847796-55848297	18	-0.02073182458855494	0.015358465487472968	0	0.03609029007602791	0.046604378287125756	2.5832409561982232e-05	unsupported	True	0.0002897506907037	-0.0002897506907037
GDF11	chr12:55830549-55831050	19	0.010556535867069889	0.06302047708698884	0	0.05246394121991895	0.05287778307301059	0.00017482995194963413	unsupported	True	0.0002730242950838	0.0002730242950838
PODNL1	chr19:13880048-13880549	0	-0.010369669405829677	0.04036799544640271	0	0.050737664852232384	0.050616131980164666	0.0001036708390440567	unsupported	True	0.0028586217683121	-0.0028586217683121
PODNL1	chr19:13866038-13866539	1	0.0043768748262327135	0.03471751992461536	0	0.030340645098382645	0.027464722193014747	2.8930018698236176e-05	unsupported	True	0.001465988039784	0.001465988039784
PODNL1	chr19:14057455-14057956	2	0.007050050875600925	0.032839856699753776	0	0.025789805824152853	0.020042955712683608	1.6975051184865925e-05	unsupported	True	0.0014538550954588	0.0014538550954588
PODNL1	chr19:13937842-13938343	3	-0.0026980997614637413	0.01749676393864048	2	0.02019486370010422	0.01576820066987324	5.5716111275880505e-06	unsupported	True	0.0011415803748799	0.0011415803748799
PODNL1	chr19:13993569-13994070	4	0.0033915640289045998	0.02423267576093446	3	0.02084111173202986	0.007563966935706094	3.820074872390498e-06	unsupported	True	0.0008877686724011	0.0008877686724011
PODNL1	chr19:13974023-13974524	5	0.013651301206520304	0.04394750720702266	2	0.030296206000502354	0.027115104754863444	3.610220914114811e-05	unsupported	True	0.0007083787716827	0.0007083787716827
PODNL1	chr19:13935442-13935943	6	-0.0009882382836898286	0.03813557585759905	3	0.03912381414128888	0.03594845405189905	5.3635423524991496e-05	unsupported	True	0.0006319115630723	0.0006319115630723
PODNL1	chr19:13847079-13847580	7	-0.020232406146108165	0.0382900110258719	0	0.05852241717198006	0.045988282850439044	0.00010305164787375298	unsupported	True	0.0006214315380876	-0.0006214315380876
PODNL1	chr19:14090689-14091190	8	-0.008964524076821368	0.05280226776251621	0	0.06176679183933758	0.056501319955443156	0.00018427491244447594	unsupported	True	0.0005358578201006	-0.0005358578201006
PODNL1	chr19:13847597-13848098	9	-0.02162567548695694	0.037120751082635066	0	0.058746426569592	0.04691955664450564	0.00010231801570252383	unsupported	True	0.0005083705155598	-0.0005083705155598
PODNL1	chr19:13862140-13862641	10	-0.005173246099875215	0.03898914832650188	0	0.044162394426377094	0.033010629664943066	5.68394895751961e-05	unsupported	True	0.000507879357123	-0.000507879357123
PODNL1	chr19:14031721-14032222	11	0.002925281315498667	0.04861385043161032	5	0.045688569116111646	0.04426043260588556	9.830672582834257e-05	unsupported	True	0.0004998486361889	0.0004998486361889
PODNL1	chr19:14072018-14072519	12	0.003916470941773498	0.05718309443824608	5	0.053266623496472584	0.05302973833075478	0.00016152595065500235	unsupported	True	0.0004370726420685	0.0004370726420685
PODNL1	chr19:14073307-14073808	13	0.011406696359024917	0.04542900785417295	2	0.03402231149514803	0.01837787115193257	2.840483500840631e-05	unsupported	True	0.0004277877872554	0.0004277877872554
PODNL1	chr19:13846503-13847004	14	-0.021304830087133148	0.026979574788306707	0	0.048284404875439856	0.034374962772691454	4.478001349458119e-05	unsupported	True	0.0003810555797115	-0.0003810555797115
PODNL1	chr19:13986411-13986912	15	0.00234364758598992	0.022532684751060957	2	0.020189037165071037	0.01665407644648179	7.576159373656071e-06	unsupported	True	0.0003378642700213	0.0003378642700213
PODNL1	chr19:14089829-14090330	16	0.0052935114075432586	0.039327659361373106	2	0.03403414795382985	0.017344411929716207	2.3215207058404968e-05	unsupported	True	0.0003148943512742	0.0003148943512742
PODNL1	chr19:13795027-13795528	17	0.006329594098456722	0.04306284703936268	2	0.03673325294090596	0.02593506610015555	4.102508482930913e-05	unsupported	True	0.0003023520273854	-0.0003023520273854
PODNL1	chr19:13864933-13865434	18	0.012359278490012686	0.04437124963798362	1	0.032011971147970934	0.021369757700685534	3.0353842393158293e-05	unsupported	True	0.0002760370849067	0.0002760370849067
PODNL1	chr19:13962424-13962925	19	-0.011627424354422598	0.028038209549892383	0	0.03966563390431498	0.035234846613634095	3.918655288619052e-05	unsupported	True	0.0002638110993639	0.0002638110993639
MLKL	chr16:74774612-74775113	0	0.021389617093334843	0.005081342443786093	5	-0.01630827464954875	0.005081342443786093	0.0	unsupported	True	0.0023832585444972	0.0023832585444972
MLKL	chr16:74748546-74749047	1	-0.0008140083616543414	0.002618593440559243	5	0.003432601802213584	0.002618593440559243	2.3537459051817388e-08	unsupported	True	0.0023551241385414	0.0023551241385414
MLKL	chr16:74700553-74701054	2	0.14806680390053178	0.2594343211891264	4	0.11136751728859462	0.2594343211891264	0.0074957207182113	regional_candidate	True	0.0020979750290268	0.0020979750290268
MLKL	chr16:74606912-74607413	3	0.0239371104176617	0.051058093085493104	4	0.027120982667831403	0.051058093085493104	7.07024726867078e-05	unsupported	True	0.0011274409325046	0.0011274409325046
MLKL	chr16:74740836-74741337	4	0.04908368162979169	0.02838305474930767	4	-0.02070062688048402	0.02838305474930767	0.0	unsupported	True	0.0009420972593948	0.0009420972593948
MLKL	chr16:74660986-74661487	5	-0.01949591814560009	0.0	0	0.01949591814560009	0.0	0.0	unsupported	True	0.0007438138868085	0.0007438138868085
MLKL	chr16:74601353-74601854	6	0.031159707523895235	0.08354367223341877	4	0.052383964709523535	0.08354367223341877	0.00036561624788663464	unsupported	True	0.0007330955821057	0.0007330955821057
MLKL	chr16:74724729-74725230	7	0.019767319975162456	0.0	0	-0.019767319975162456	0.0	0.0	unsupported	True	0.0006497368793598	0.0006497368793598
MLKL	chr16:74709365-74709866	8	-0.001378479539580861	0.03734903655725592	5	0.03872751609683678	0.03734903655725592	5.4022969172842036e-05	unsupported	True	0.0005809534691929	0.0005809534691929
MLKL	chr16:74666733-74667234	9	0.023637213230468627	0.053709498710849186	4	0.03007228548038056	0.053709498710849186	8.674983021942927e-05	unsupported	True	0.000575872138907	-0.000575872138907
MLKL	chr16:74550796-74551297	10	-0.0075334627175891195	0.04841854098025154	5	0.05595200369784066	0.04841854098025154	0.00013117136582049284	unsupported	True	0.0005225503020993	0.0005225503020993
MLKL	chr16:74813023-74813524	11	0.07204392960066212	0.10654466020268417	4	0.03450073060202205	0.10654466020268417	0.00039164417293302095	unsupported	True	0.0004962619478058	0.0004962619478058
MLKL	chr16:74623116-74623617	12	-0.00048238840013937854	0.03744256959742301	4	0.03792495799756239	0.03744256959742301	5.316874384969441e-05	unsupported	True	0.000450398798164	-0.000450398798164
MLKL	chr16:74537683-74538184	13	0.001152245028129371	0.10652614231130637	4	0.105373897283177	0.10652614231130637	0.0011957639132440007	unsupported	True	0.0002210696087518	-0.0002210696087518
MLKL	chr16:74814728-74815229	14	0.002153656126730246	0.010234747275512409	5	0.008081091148782162	0.010234747275512409	8.46494716383804e-07	unsupported	True	0.0002089176241938	0.0002089176241938
MLKL	chr16:74560840-74561341	15	0.044625380764643306	0.028064727287191678	4	-0.01656065347745163	0.028064727287191678	0.0	unsupported	True	0.0001932195473814	0.0001932195473814
MLKL	chr16:74522151-74522652	16	0.020680922017644602	0.03375916692133603	4	0.013078244903691427	0.03375916692133603	1.4905031823459504e-05	unsupported	True	9.329796651971616e-05	9.329796651971616e-05
MLKL	chr16:74832360-74832861	17	-0.0024534513403166726	0.02868431213036608	5	0.031137763470682752	0.02868431213036608	2.561983300746966e-05	unsupported	True	8.506572151407363e-05	-8.506572151407363e-05
MLKL	chr16:74540726-74541227	18	-0.01652071421351838	0.021277105736504247	5	0.037797819950022626	0.021277105736504247	1.711164869632234e-05	unsupported	True	5.467292819279208e-05	-5.467292819279208e-05
MLKL	chr16:74695780-74696281	19	0.10247626666552123	0.2958562723355014	4	0.19338000566998015	0.2958562723355014	0.01692673249006302	regional_candidate	True	4.135609266953631e-05	4.135609266953631e-05
PLD4	chr14:105086695-105087196	0	0.008665019633849596	0.044539452582955434	3	0.03587443294910584	0.044539452582955434	7.116636686097723e-05	unsupported	True	0.0030488705839958	0.0030488705839958
PLD4	chr14:104826366-104826867	1	0.008107079756956763	0.053818929201459725	3	0.04571184944450296	0.053818929201459725	0.00013240332696103142	unsupported	True	0.0022567256358666	0.0022567256358666
PLD4	chr14:105061228-105061729	2	0.010281702241793719	0.04714375595548009	3	0.03686205371368637	0.04714375595548009	8.192715757317309e-05	unsupported	True	0.0013399876747083	0.0013399876747083
PLD4	chr14:105064647-105065148	3	-0.003861154887957292	0.007176138068241831	3	0.011037292956199122	0.007176138068241831	5.683870071023783e-07	unsupported	True	0.0011651383512944	0.0011651383512944
PLD4	chr14:104795518-104796019	4	-0.008899805993168334	0.015322348451285264	3	0.024222154444453598	0.015322348451285264	5.68674085747846e-06	unsupported	True	0.0008492837197329	-0.0008492837197329
PLD4	chr14:105060611-105061112	5	-0.004379288160981303	0.0033894244857168724	3	0.007768712646698176	0.0033894244857168724	8.924851176573931e-08	unsupported	True	0.0005179136045528	0.0005179136045528
PLD4	chr14:105087519-105088020	6	0.011419768049068382	0.05242207360166716	3	0.041002305552598775	0.05242207360166716	0.00011267736165733578	unsupported	True	0.0005035292792636	0.0005035292792636
PLD4	chr14:104978227-104978728	7	0.011691178859611906	0.05654811347655555	3	0.04485693461694364	0.05654811347655555	0.00014343853257769475	unsupported	True	0.0005033235716716	0.0005033235716716
PLD4	chr14:104800257-104800758	8	-0.013538087184602825	0.0	0	0.013538087184602825	0.0	0.0	unsupported	True	0.0005028671295669	0.0005028671295669
PLD4	chr14:104827503-104828004	9	0.001600546673024819	0.0405116510730737	3	0.038911104400048885	0.0405116510730737	6.38606661200457e-05	unsupported	True	0.0004969822185051	0.0004969822185051
PLD4	chr14:104820631-104821132	10	0.03322679796881268	0.08590757483324221	3	0.052680776864429534	0.08590757483324221	0.00038879000262129285	unsupported	True	0.000495547853281	0.000495547853281
PLD4	chr14:104967475-104967976	11	0.02709130190677408	0.0850647627823696	3	0.05797346087559552	0.0850647627823696	0.0004194967668265924	unsupported	True	0.000433976679797	0.000433976679797
PLD4	chr14:104865601-104866102	12	0.018140963420004402	0.072881962043754	3	0.05474099862374959	0.072881962043754	0.000290772163092397	unsupported	True	0.0004303384768668	0.0004303384768668
PLD4	chr14:105075219-105075720	13	0.01793726123736757	0.07353657752675428	3	0.05559931628938672	0.07353657752675428	0.0003006604325769514	unsupported	True	0.0004133522870635	0.0004133522870635
PLD4	chr14:104832710-104833211	14	0.012287092579552916	0.05702351712819073	3	0.04473642454863781	0.05702351712819073	0.00014546860433456497	unsupported	True	0.0003834869553093	0.0003834869553093
PLD4	chr14:104933306-104933807	15	0.008229033100048262	0.059630918119327116	3	0.05140188501927885	0.059630918119327116	0.00018277720758075883	unsupported	True	0.0003157397237313	0.0003157397237313
PLD4	chr14:104895602-104896103	16	-0.0012729196763777333	0.02359026223677934	3	0.024863181913157072	0.02359026223677934	1.3836372480039479e-05	unsupported	True	0.0002958940181078	0.0002958940181078
PLD4	chr14:104976033-104976534	17	-0.0033444756839418545	0.022079903946819825	3	0.02542437963076168	0.022079903946819825	1.2394948431047569e-05	unsupported	True	0.0002193210260695	-0.0002193210260695
PLD4	chr14:104857143-104857644	18	-0.0001915866071067626	0.01080046273565447	3	0.010992049342761233	0.01080046273565447	1.2822225042173013e-06	unsupported	True	0.000199820534025	0.000199820534025
PLD4	chr14:104784822-104785323	19	-0.005120908436563552	0.010830091570710514	3	0.015951000007274067	0.010830091570710514	1.8709068824447117e-06	unsupported	True	0.0001806175653726	-0.0001806175653726
GIPC3	chr19:3665794-3666295	0	-0.001983430106369043	0.040999102230587885	1	0.042982532336956925	0.040999102230587885	7.225047264403951e-05	unsupported	True	0.0014867846575559	0.0014867846575559
GIPC3	chr19:3608679-3609180	1	-0.00135258225281693	0.018961116637765812	1	0.02031369889058274	0.018961116637765812	7.303261145437277e-06	unsupported	True	0.0013814208200507	0.0013814208200507
GIPC3	chr19:3458878-3459379	2	0.015919977559359304	0.11000428002798038	1	0.09408430246862107	0.11000428002798038	0.001138508651952169	unsupported	True	0.0011973496463386	0.0011973496463386
GIPC3	chr19:3572575-3573076	3	1.6562846428076485e-05	0.04799396845473742	1	0.04797740560830934	0.04799396845473742	0.00011051216398916384	unsupported	True	0.0011903275531936	0.0011903275531936
GIPC3	chr19:3459478-3459979	4	0.013470624512331171	0.08533145445508834	1	0.07186082994275717	0.08533145445508834	0.0005232515517941778	unsupported	True	0.0011627994245289	0.0011627994245289
GIPC3	chr19:3682674-3683175	5	-0.006472281543328626	0.03205546967105596	1	0.038527751214384585	0.03205546967105596	3.958931157689558e-05	unsupported	True	0.0010962431548796	0.0010962431548796
GIPC3	chr19:3626833-3627334	6	-0.01110070323354183	0.024822451458240198	1	0.035923154691782026	0.024822451458240198	2.2134198918833504e-05	unsupported	True	0.0009695080732354	0.0009695080732354
GIPC3	chr19:3455966-3456467	7	-0.005947925881216348	0.0544100678918972	1	0.06035799377311355	0.0544100678918972	0.0001786871539103359	unsupported	True	0.0008209226733374	0.0008209226733374
GIPC3	chr19:3450964-3451465	8	-0.0019666447599731756	0.0438872505628453	1	0.04585389532281848	0.0438872505628453	8.831876418143504e-05	unsupported	True	0.0007189005412864	0.0007189005412864
GIPC3	chr19:3612802-3613303	9	0.003612883030660837	0.05044149891296083	1	0.046828615882299994	0.05044149891296083	0.00011914814590072307	unsupported	True	0.0007014983100572	0.0007014983100572
GIPC3	chr19:3671711-3672212	10	0.0017710689730272625	0.0719032319149582	1	0.07013216294193095	0.0719032319149582	0.00036258852547739874	unsupported	True	0.0006265779472547	0.0006265779472547
GIPC3	chr19:3573690-3574191	11	0.003260094448521133	0.057219944558304495	1	0.05395985010978336	0.057219944558304495	0.0001766711353427194	unsupported	True	0.0005118283936795	0.0005118283936795
GIPC3	chr19:3544808-3545309	12	-0.0018217204601986903	0.045422926313449186	1	0.047244646773647876	0.045422926313449186	9.747715059523732e-05	unsupported	True	0.0004410486596799	-0.0004410486596799
GIPC3	chr19:3700300-3700801	13	-0.009583245572700159	0.03202899429589054	1	0.041612239868590695	0.03202899429589054	4.2688185733671785e-05	unsupported	True	0.000405180037303	0.000405180037303
GIPC3	chr19:3466563-3467064	14	-0.0017792883376634946	0.039282261419796786	1	0.04106154975746028	0.039282261419796786	6.336191574075306e-05	unsupported	True	0.0003916931514071	0.0003916931514071
GIPC3	chr19:3493962-3494463	15	-0.016375584024804844	0.0	0	0.016375584024804844	0.019996001989187058	0.0	unsupported	True	0.000352179874071	0.000352179874071
GIPC3	chr19:3644705-3645206	16	-0.0041809540872427215	0.02179969802562525	1	0.025980652112867972	0.02179969802562525	1.234670304907318e-05	unsupported	True	0.0003183765512683	0.0003183765512683
GIPC3	chr19:3610093-3610594	17	-0.0072796558172088495	0.02262382703062092	1	0.02990348284782977	0.02262382703062092	1.530572538269098e-05	unsupported	True	0.0002698473252666	0.0002698473252666
GIPC3	chr19:3505910-3506411	18	-0.007654349069696817	0.043792110023287395	1	0.05144645909298421	0.043792110023287395	9.866139034947282e-05	unsupported	True	0.00026265709115	-0.00026265709115
GIPC3	chr19:3618477-3618978	19	-0.006038305134466466	0.0190743285006627	1	0.025112633635129167	0.0190743285006627	9.136729690121925e-06	unsupported	True	0.0002468820017982	0.0002468820017982
SBSPON	chr8:73008536-73009037	0	0.008063934892067729	0.07766553663881266	4	0.06960160174674493	0.07766553663881266	0.00041983237809825786	unsupported	True	0.0056745095452204	-0.0056745095452204
SBSPON	chr8:73103973-73104474	1	-0.013138459449333471	0.0	3	0.013138459449333471	0.014339770225722942	0.0	unsupported	True	0.0036154096123825	0.0036154096123825
SBSPON	chr8:73174242-73174743	2	-0.002219502813898184	0.042693931295706165	4	0.04491343410960435	0.047122117265895096	9.03581239476478e-05	unsupported	True	0.0012571576159235	0.0012571576159235
SBSPON	chr8:72994812-72995313	3	-0.017365839188015507	0.0	3	0.017365839188015507	0.020503035893607427	0.0	unsupported	True	0.0011270482378922	-0.0011270482378922
SBSPON	chr8:73111444-73111945	4	-0.010551452926915221	0.003229680946068924	4	0.013781133872984144	0.01400353870591517	6.232788198650544e-07	unsupported	True	0.0010849265109262	0.0010849265109262
SBSPON	chr8:73102031-73102532	5	0.03148043672374802	0.11096515287021726	4	0.07948471614646924	0.11913593145310876	0.0010507829276809393	unsupported	True	0.0008480636875779	0.0008480636875779
SBSPON	chr8:73092970-73093471	6	0.04888128112783344	0.13221837889084592	4	0.08333709776301249	0.13221837889084592	0.001456874118339529	unsupported	True	0.0003216372244807	-0.0003216372244807
SBSPON	chr8:72918632-72919133	7	-0.006862351102361659	0.0	3	0.006862351102361659	0.009108890716706003	0.0	unsupported	True	0.0001240892445671	0.0001240892445671
SBSPON	chr8:73035990-73036491	8	0.07343054396498669	0.15822396613262948	4	0.0847934221676428	0.17001755724622833	0.0022810153189326654	unsupported	True	9.461649965164764e-05	-9.461649965164764e-05
SBSPON	chr8:73120732-73121233	9	-0.008074155300505897	0.01897129736616297	2	0.027045452666668867	0.03249599308141993	1.6673282161474952e-05	unsupported	True	8.84823012155943e-05	8.84823012155943e-05
SBSPON	chr8:73220578-73221079	10	0.00015890112242852988	0.023744293035875476	4	0.023585391913446947	0.023744293035875476	1.32972423475298e-05	unsupported	True	7.543800831294624e-05	-7.543800831294624e-05
SBSPON	chr8:73185918-73186419	11	0.001036045136895812	0.08135538365478051	4	0.0803193385178847	0.09752714981976014	0.0006372824415720476	unsupported	True	7.058545738153829e-05	7.058545738153829e-05
SBSPON	chr8:73156125-73156626	12	-0.01720401778575438	0.0	3	0.01720401778575438	0.01989989695951166	0.0	unsupported	True	6.000248291247864e-05	-6.000248291247864e-05
SBSPON	chr8:73160416-73160917	13	0.06990462298543358	0.13839824816817986	4	0.06849362518274628	0.13839824816817986	0.0013119320403490442	unsupported	True	4.7092191774838105e-05	4.7092191774838105e-05
SBSPON	chr8:72928906-72929407	14	0.00014052863101137527	0.02520123067759431	2	0.025060702046582933	0.02520123067759431	1.5916102684501267e-05	unsupported	True	3.876431991622215e-05	-3.876431991622215e-05
SBSPON	chr8:72964410-72964911	15	-0.014245249543995243	0.006531499439292108	2	0.020776748983287352	0.026641461470149386	3.615334886632876e-06	unsupported	True	1.523558749572484e-05	-1.523558749572484e-05
SBSPON	chr8:73203609-73204110	16	-0.0037209586333016914	0.015210333089731777	4	0.01893129172303347	0.02813936066940708	8.102764161298602e-06	unsupported	True	7.699035925296572e-06	7.699035925296572e-06
LRRC26	chr9:137138780-137139281	0	0.007229689040840999	0.06500385206964106	5	0.057774163028800056	0.07672752649357997	0.0002881535363070342	unsupported	True	0.0017021097855989	0.0017021097855989
LRRC26	chr9:137140108-137140609	1	-0.016815225891015435	0.029931785868841886	5	0.04674701175985732	0.05330355536220846	7.45834831414342e-05	unsupported	True	0.0016242210657609	0.0016242210657609
LRRC26	chr9:137162682-137163183	2	-0.0005181695937175074	0.03427745802132607	5	0.034795627615043574	0.04723816532825386	5.6341227386507696e-05	unsupported	True	0.0008915232355806	0.0008915232355806
LRRC26	chr9:137223249-137223750	3	-0.024514846424184455	0.0371891845803637	5	0.06170403100454816	0.07815441093666448	0.00017934269293948995	unsupported	True	0.0008062250768874	0.0008062250768874
LRRC26	chr9:137200633-137201134	4	-0.050175316914799276	0.020560091268757536	0	0.07073540818355681	0.057740610511178694	8.397369700085684e-05	unsupported	True	0.0008057042823217	-0.0008057042823217
LRRC26	chr9:137129525-137130026	5	-0.020851157843574466	0.0351902796157974	5	0.05604143745937186	0.06934937476554753	0.00013676486275985718	unsupported	True	0.0007727296158526	0.0007727296158526
LRRC26	chr9:137295797-137296298	6	-0.04374982175765883	0.038047436965838476	0	0.0817972587234973	0.08231096842570029	0.00025616622419666975	unsupported	True	0.0007461896920376	-0.0007461896920376
LRRC26	chr9:137254982-137255483	7	-0.02572322282840447	0.03445846290542505	5	0.060181685733829524	0.0673372835026004	0.00013964192968944744	unsupported	True	0.000721846437402	0.000721846437402
LRRC26	chr9:137070375-137070876	8	-0.03815899547646913	0.015830205059694503	0	0.05398920053616363	0.043987188655926227	3.7594095737037546e-05	unsupported	True	0.000693780159076	-0.000693780159076
LRRC26	chr9:137086576-137087077	9	-0.027366732271563395	0.03585875092452538	5	0.06322548319608878	0.07401138668780119	0.00016779764294573072	unsupported	True	0.0006608945683721	0.0006608945683721
LRRC26	chr9:137222034-137222535	10	-0.021294369254037562	0.04118560191142101	5	0.06247997116545857	0.07924803437831344	0.00020392700308814035	unsupported	True	0.0006546113840094	0.0006546113840094
LRRC26	chr9:137146805-137147306	11	-0.00575787111324379	0.03939970818818093	5	0.045157579301424715	0.06602149549366171	0.00011746514418386411	unsupported	True	0.0006467465233116	0.0006467465233116
LRRC26	chr9:137240139-137240640	12	-0.050471835288093764	0.02487736434739304	0	0.07534919963548681	0.0782497764028611	0.00014667838366675057	unsupported	True	0.0005658158498174	-0.0005658158498174
LRRC26	chr9:137161326-137161827	13	-0.0018090440986155438	0.04764803579072006	5	0.0494570798893356	0.062107594491650986	0.00014635857812491578	unsupported	True	0.000534460768943	0.000534460768943
LRRC26	chr9:137205423-137205924	14	-0.01626716866548339	0.039672141538804974	5	0.05593931020428836	0.06763326267586718	0.00015009391648612407	unsupported	True	0.0005127189301892	0.0005127189301892
LRRC26	chr9:137279020-137279521	15	-0.009053275235996302	0.0523847118017224	5	0.0614379870377187	0.10330479777962961	0.00033247732280013555	unsupported	True	0.0004809761098675	0.0004809761098675
LRRC26	chr9:137168439-137168940	16	0.009416454834706404	0.05424777834856367	5	0.04483132351385726	0.07334036411002683	0.0001783637435906652	unsupported	True	0.0004760058975035	0.0004760058975035
LRRC26	chr9:137318921-137319422	17	-0.04678422862826795	0.0374477549730816	0	0.08423198360134955	0.07514832582575477	0.00023704026516680092	unsupported	True	0.0004725407242068	-0.0004725407242068
LRRC26	chr9:137276756-137277257	18	-0.03338723360006234	0.04190345198767001	4	0.07529068558773236	0.08455982629392883	0.00026678114696599445	unsupported	True	0.0004069405687519	-0.0004069405687519
LRRC26	chr9:137028068-137028569	19	-0.03754796826014892	0.021406411995407992	5	0.05895438025555691	0.06672579570494278	8.420807112889882e-05	unsupported	True	0.0003743528181475	-0.0003743528181475
ZNF426	chr19:9658730-9659231	0	-0.0025801414156280634	0.06024005302669381	5	0.06282019444232187	0.07558907585764586	0.0002860511232902457	unsupported	True	0.0068749244809469	0.0068749244809469
ZNF426	chr19:9406840-9407341	1	0.007545144464982212	0.031232331736878814	5	0.0236871872718966	0.02565706242280394	1.8981251052155427e-05	unsupported	True	0.0019479948863249	0.0019479948863249
ZNF426	chr19:9625753-9626254	2	-0.011843900134989538	0.021358682354469048	4	0.033202582489458586	0.037477575326131385	2.6577725219514822e-05	unsupported	True	0.0014383494355864	0.0014383494355864
ZNF426	chr19:9620999-9621500	3	-0.0013849302280876448	0.01843578078623614	4	0.019820711014323786	0.01872087083244267	6.840798714269878e-06	unsupported	True	0.0010646072389181	-0.0010646072389181
ZNF426	chr19:9435348-9435849	4	-0.005419818675554004	0.01648127057168022	5	0.021901089247234225	0.01856218908422362	6.700166521054839e-06	unsupported	True	0.0010032594871245	-0.0010032594871245
ZNF426	chr19:9584307-9584808	5	-0.0027705322973366	0.0241685431243651	4	0.026939075421701698	0.03191659576671963	2.07801999153355e-05	unsupported	True	0.0007354352898597	0.0007354352898597
ZNF426	chr19:9674846-9675347	6	-0.002170570975499036	0.013334363637072692	5	0.015504934612571727	0.013007052884644916	2.6891878446815527e-06	unsupported	True	0.0005096407857898	0.0005096407857898
ZNF426	chr19:9621584-9622085	7	0.0008694292724907422	0.03391950923559082	4	0.033050079963100075	0.044211912415226824	4.956343249416426e-05	unsupported	True	0.000324388914822	-0.000324388914822
ZNF426	chr19:9538429-9538930	8	0.000989580601054725	0.022280093734721923	4	0.0212905131336672	0.019145934103432825	9.081962454677259e-06	unsupported	True	0.0002541636915935	-0.0002541636915935
ZNF426	chr19:9390267-9390768	9	0.003025405818896846	0.04936752009415305	4	0.046342114275256203	0.07265360042077894	0.0001662165624967076	unsupported	True	0.0001257515043923	-0.0001257515043923
ZNF426	chr19:9633390-9633891	10	0.004488739798802459	0.05361651440197393	4	0.04912777460317147	0.06584736120614187	0.0001734459025335363	unsupported	True	0.000114252783308	-0.000114252783308
ZNF426	chr19:9498106-9498607	11	0.017399370678276106	0.10297633101276475	1	0.08557696033448864	0.11729239694993163	0.0010336276824423698	unsupported	True	8.421181118491297e-05	-8.421181118491297e-05
ZNF426	chr19:9631338-9631839	12	-0.005010545786000905	0.01695027463690136	4	0.021960820422902264	0.03173633175844243	1.1813593620362222e-05	unsupported	True	7.053002255045889e-05	7.053002255045889e-05
HDAC6	chrX:48971641-48972142	0	0.010835449695154202	0.08004433965128209	4	0.0692088899561279	0.09606231596040392	0.0005321640865800591	unsupported	True	0.0032895902548072	0.0032895902548072
HDAC6	chrX:48891363-48891864	1	-0.006364003249592852	0.059483918139308256	4	0.06584792138890111	0.09197972236961942	0.0003602746723341429	unsupported	True	0.0016210593853528	0.0016210593853528
HDAC6	chrX:48897041-48897542	2	-0.012137282692290486	0.05448810091670259	4	0.06662538360899307	0.08886563803619166	0.00032260809270971035	unsupported	True	0.0013820405786777	0.0013820405786777
HDAC6	chrX:48823029-48823530	3	-0.0008790069292091818	0.04562655723541381	4	0.046505564164622995	0.0836390704936972	0.0001774728056786363	unsupported	True	0.0011951079038276	0.0011951079038276
HDAC6	chrX:48835373-48835874	4	-0.01239530460944736	0.06006139594326247	4	0.07245670055270984	0.10076805351963908	0.0004385275122192739	unsupported	True	0.001154776012019	0.001154776012019
HDAC6	chrX:48801533-48802034	5	-0.014695943610395223	0.03935010040645359	4	0.054046044016848815	0.0752384917655804	0.00016001099895149792	unsupported	True	0.0010326343475112	-0.0010326343475112
HDAC6	chrX:48713274-48713775	6	0.0013617580055464086	0.0626255629357228	4	0.06126380493017639	0.08682246197450225	0.0003331100269664455	unsupported	True	0.0006765765299672	0.0006765765299672
HDAC6	chrX:48910870-48911371	7	-0.012676818650122577	0.025252353034994436	4	0.037929171685117016	0.07244468342899565	6.938757818669166e-05	unsupported	True	0.0006509851332648	0.0006509851332648
HDAC6	chrX:48911441-48911942	8	-0.021378542975672182	0.026231831690452796	4	0.04761037466612498	0.06995919397540451	8.737255050385526e-05	unsupported	True	0.0005685415582813	0.0005685415582813
HDAC6	chrX:48834648-48835149	9	-0.02007864803108219	0.033731000697195285	2	0.053809648728277475	0.08081152090188015	0.00014667721759152672	unsupported	True	0.0004782541472138	0.0004782541472138
HDAC6	chrX:48958225-48958726	10	-0.014155408888298188	0.03535059614662999	2	0.04950600503492818	0.07060474955540305	0.00012356302747127011	unsupported	True	0.0004776433579805	-0.0004776433579805
HDAC6	chrX:48737053-48737554	11	-0.016344133932265657	0.03336368905161324	4	0.0497078229838789	0.07447800798223417	0.00012351703567361336	unsupported	True	0.0003741051940913	-0.0003741051940913
HDAC6	chrX:48676226-48676727	12	-0.01372323993093142	0.04164828511682993	4	0.05537152504776135	0.07735818970898216	0.00017839796951358734	unsupported	True	0.0002874601264138	-0.0002874601264138
HDAC6	chrX:48802257-48802758	13	-0.016083370248533145	0.037529388946890244	4	0.05361275919542339	0.08263128416584996	0.000166258613462944	unsupported	True	0.0002791623338735	0.0002791623338735
HDAC6	chrX:48696408-48696909	14	-0.014129051894472033	0.03404283778922302	4	0.048171889683695054	0.07307777247351648	0.0001198408110226796	unsupported	True	0.0002154212719086	0.0002154212719086
HDAC6	chrX:48945706-48946207	15	-0.006224646787969843	0.056588906906501264	4	0.06281355369447111	0.06956350269983969	0.0002472669723460284	unsupported	True	0.0002087453140025	0.0002087453140025
HDAC6	chrX:48957715-48958216	16	-0.016649418318026656	0.03312883093969196	2	0.04977824925771862	0.07013464382955432	0.0001156587047828806	unsupported	True	0.0001744999868509	-0.0001744999868509
HDAC6	chrX:48897576-48898077	17	-0.008836690973796614	0.05595673584443843	4	0.06479342681823505	0.09331045250849776	0.00033830905172507444	unsupported	True	0.0001663391453667	-0.0001663391453667
HDAC6	chrX:48703847-48704348	18	0.0062244260996311244	0.02905824761472564	0	0.022833821515094516	0.028728743779916	1.9061832905377758e-05	unsupported	True	0.0001656946599244	0.0001656946599244
HDAC6	chrX:48917087-48917588	19	-0.01117437392878137	0.04471822425340958	4	0.05589259818219095	0.08090733094340102	0.00020222121822499408	unsupported	True	0.0001482269520826	-0.0001482269520826
SEC24C	chr10:73625768-73626269	0	-0.02101144560085268	0.01522778197330433	1	0.03623922757415701	0.02972781246720784	1.6405086891402022e-05	unsupported	True	0.0015658310321773	-0.0015658310321773
SEC24C	chr10:73874413-73874914	1	-0.019024027088801833	0.015138399946239781	1	0.03416242703504162	0.01654967510743033	8.558904180527977e-06	unsupported	True	0.0014703666073869	-0.0014703666073869
SEC24C	chr10:73772432-73772933	2	-0.02240913665404947	0.007342048703833704	0	0.029751185357883174	0.03139980288428253	6.858805012579851e-06	unsupported	True	0.0013016411196252	0.0013016411196252
SEC24C	chr10:73914944-73915445	3	-0.007110052260481277	0.03758148602276618	1	0.044691538283247456	0.048228056453162645	8.100261000908435e-05	unsupported	True	0.0010757821734467	0.0010757821734467
SEC24C	chr10:73798993-73799494	4	-0.01602102705203486	0.019892975311578333	3	0.035914002363613196	0.04308490649216608	3.078142386685472e-05	unsupported	True	0.0009664784486198	0.0009664784486198
SEC24C	chr10:73647271-73647772	5	-0.01956485127037353	0.017107012413794993	3	0.036671863684168526	0.0241845844977029	1.5172103006101419e-05	unsupported	True	0.0007839288858356	0.0007839288858356
SEC24C	chr10:73811636-73812137	6	-0.021301866111632966	0.0034402635751286537	0	0.02474212968676162	0.013322487571279578	1.1340027818255868e-06	unsupported	True	0.0007782859656497	-0.0007782859656497
SEC24C	chr10:73873548-73874049	7	-0.01264224778279434	0.04054467991417856	3	0.0531869276969729	0.04278485926302476	9.226327965294282e-05	unsupported	True	0.0007515664457976	0.0007515664457976
SEC24C	chr10:73655907-73656408	8	-0.008973647074524603	0.05837373915972942	1	0.06734738623425401	0.07291349099757811	0.0002866461748064548	unsupported	True	0.0007206041388844	0.0007206041388844
SEC24C	chr10:73848985-73849486	9	-0.01828448753137872	0.027226016072701947	3	0.04551050360408067	0.047904628697041894	5.935717403287708e-05	unsupported	True	0.0006989763271345	0.0006989763271345
SEC24C	chr10:73785198-73785699	10	-0.022848952353972975	-0.0015703642051210977	0	0.021278588148851876	0.01244819426780388	0.0	unsupported	True	0.0006899197034882	-0.0006899197034882
SEC24C	chr10:73828159-73828660	11	-0.010613019783199987	0.0006299293410523096	2	0.011242949124252296	0.02167376291453648	1.5349930071955112e-07	unsupported	True	0.000515221475895	0.000515221475895
SEC24C	chr10:73625248-73625749	12	-0.01728113113702935	0.04683288052501878	3	0.06411401166204814	0.07864032861176992	0.0002361288989224965	unsupported	True	0.0004960823530789	-0.0004960823530789
SEC24C	chr10:73744083-73744584	13	-0.02075323344864584	0.006282921216832802	2	0.02703615466547864	0.021128417554476704	3.5890004052871284e-06	unsupported	True	0.0004485786134506	-0.0004485786134506
SEC24C	chr10:73638367-73638868	14	-0.017336315350920718	0.03653817496654054	3	0.05387449031746126	0.06919900278253793	0.00013621654530072394	unsupported	True	0.0004126588820524	0.0004126588820524
SEC24C	chr10:73887656-73888157	15	-0.011563169676331904	0.03786216579549417	1	0.04942533547182607	0.07096439560646517	0.00013279923918478123	unsupported	True	0.0004110759139077	-0.0004110759139077
SEC24C	chr10:73781759-73782260	16	-0.020862615011677892	-0.0001937189105964664	2	0.020668896101081427	0.011099874027277261	0.0	unsupported	True	0.0003994458299962	0.0003994458299962
SEC24C	chr10:73910819-73911320	17	-0.008408339372056511	0.04523607861947626	3	0.05364441799153277	0.03487881573401475	8.463913545388594e-05	unsupported	True	0.0003947441845694	0.0003947441845694
SEC24C	chr10:73644081-73644582	18	-0.021075224706662482	0.015710450863638113	2	0.036785675570300595	0.037632757990003624	2.17487065076323e-05	unsupported	True	0.0003412473007702	0.0003412473007702
SEC24C	chr10:73854527-73855028	19	-0.007749298093958956	0.10041339366784484	3	0.10816269176180379	0.1136298199551162	0.0012341315369227088	unsupported	True	0.0003206786910861	-0.0003206786910861
TP53TG5	chr20:45469446-45469947	0	-0.006230646606624263	0.030025427687278065	2	0.036256074293902325	0.038370239943024784	4.1770001937209306e-05	unsupported	True	0.0022810576622339	0.0022810576622339
TP53TG5	chr20:45415826-45416327	1	-0.012294291908667227	0.01988516226275909	2	0.032179454171426314	0.0361551440298547	2.3135447720419446e-05	unsupported	True	0.0016813864339075	0.0016813864339075
TP53TG5	chr20:45362862-45363363	2	-0.014731999149537163	0.015106141741776859	2	0.02983814089131402	0.03699556250366686	1.6675349714282647e-05	unsupported	True	0.0012426237393074	0.0012426237393074
TP53TG5	chr20:45293050-45293551	3	-0.014031868784806967	0.006402382808500183	2	0.02043425159330715	0.021546769675955285	2.818918652310096e-06	unsupported	True	0.0012293899967681	-0.0012293899967681
TP53TG5	chr20:45290813-45291314	4	-0.011285529477618772	0.032311357316855506	2	0.04359688679447428	0.05159758883190625	7.268421214410896e-05	unsupported	True	0.0011818286857428	0.0011818286857428
TP53TG5	chr20:45467780-45468281	5	-0.012136490874752989	0.0	4	0.012136490874752989	0.012589526665394863	0.0	unsupported	True	0.0008422326835649	-0.0008422326835649
TP53TG5	chr20:45405739-45406240	6	-0.009294165383948368	0.036989589198169616	2	0.04628375458211798	0.055685095719191564	9.53338343346201e-05	unsupported	True	0.0007313395663757	0.0007313395663757
TP53TG5	chr20:45293677-45294178	7	-0.012609561859172948	0.01456518496746697	2	0.027174746826639916	0.03412696260403583	1.350762973577639e-05	unsupported	True	0.0007211294134787	-0.0007211294134787
TP53TG5	chr20:45392661-45393162	8	-0.007624461206437216	0.013310006137813473	3	0.02093446734425069	0.028514968012777128	7.94535048752963e-06	unsupported	True	0.0006669451787679	0.0006669451787679
TP53TG5	chr20:45412497-45412998	9	-0.007512456888303445	0.0	4	0.007512456888303445	0.016006583085373918	0.0	unsupported	True	0.0006327903278013	-0.0006327903278013
TP53TG5	chr20:45348218-45348719	10	-0.01502188102289034	0.0	4	0.01502188102289034	0.016241263996164188	0.0	unsupported	True	0.0006101260003952	-0.0006101260003952
TP53TG5	chr20:45546014-45546515	11	-0.012909120825728345	0.0	4	0.012909120825728345	0.01997903864432951	0.0	unsupported	True	0.0004282191902314	0.0004282191902314
TP53TG5	chr20:45346902-45347403	12	-0.011948697826131074	0.003191400522329693	2	0.015140098348460768	0.01338505162311629	6.467405007823202e-07	unsupported	True	0.0003847280455849	-0.0003847280455849
TP53TG5	chr20:45429590-45430091	13	0.006825802833601626	0.07431200894990753	2	0.0674862061163059	0.07323473304160426	0.0003672747899115348	unsupported	True	0.0003721982742102	0.0003721982742102
TP53TG5	chr20:45407176-45407677	14	-0.013454345991058457	0.004193537723760698	3	0.017647883714819155	0.022771198772969466	1.6852296128274197e-06	unsupported	True	0.0003545757811057	0.0003545757811057
TP53TG5	chr20:45456002-45456503	15	-0.011979085828766618	0.0007933855568241322	0	0.01277247138559075	0.014633173351335212	1.482851790726536e-07	unsupported	True	0.0003395145415637	0.0003395145415637
TP53TG5	chr20:45314992-45315493	16	-0.004408234184944968	0.022350413396550663	2	0.026758647581495633	0.022350413396550663	1.3367041009488312e-05	unsupported	True	0.0003040876256236	0.0003040876256236
TP53TG5	chr20:45393949-45394450	17	-0.005199336499714471	0.02378564780731139	2	0.02898498430702586	0.02887866062816296	1.9909717630372473e-05	unsupported	True	0.0002118184887404	-0.0002118184887404
TP53TG5	chr20:45436786-45437287	18	-0.015943260780409963	0.014758092010677303	2	0.030701352791087266	0.03849451350188792	1.744160959368529e-05	unsupported	True	0.000179442916762	-0.000179442916762
TP53TG5	chr20:45223080-45223581	19	-0.009338074243427147	0.005194330675562548	2	0.014532404918989696	0.018754309925820306	1.4156900269458487e-06	unsupported	True	0.000147659993114	0.000147659993114
EXOSC2	chr9:130681275-130681776	0	0.018569580026367438	0.09035088729469527	4	0.07178130726832783	0.07287517467840988	0.00047263229538656824	unsupported	True	0.0035730830749875	0.0035730830749875
EXOSC2	chr9:130682428-130682929	1	0.025838475450552307	0.04674871487880356	5	0.020910239428251255	0.027624140226122654	2.7003337980277627e-05	unsupported	True	0.0017221816712169	0.0017221816712169
EXOSC2	chr9:130659748-130660249	2	0.0209617931836699	0.06732480383642982	3	0.04636301065275991	0.05105163493637059	0.00015935158275917014	unsupported	True	0.0012578354625411	0.0012578354625411
EXOSC2	chr9:130779001-130779502	3	0.009842125272133417	0.06325976195093631	2	0.05341763667880289	0.06059540801540102	0.00020476321383055957	unsupported	True	0.0011811126539862	0.0011811126539862
EXOSC2	chr9:130683973-130684474	4	0.029442737460936726	0.04097135962974172	5	0.011528622168804997	0.017934991422751456	8.47147348091793e-06	unsupported	True	0.0010003728268287	0.0010003728268287
EXOSC2	chr9:130712503-130713004	5	0.03632952594463015	0.0446931708458079	4	0.008363644901177747	0.007755145889687537	2.8988565533786357e-06	unsupported	True	0.0007538968275433	-0.0007538968275433
EXOSC2	chr9:130692267-130692768	6	0.053220281865524084	0.08842706986163004	4	0.03520678799610596	0.02816774755660223	8.769276409453653e-05	unsupported	True	0.0007424190468217	-0.0007424190468217
EXOSC2	chr9:130628044-130628545	7	0.045976164196180065	0.1310457121472949	2	0.08506954795111485	0.11583923123919544	0.0012913756911590783	unsupported	True	0.0005227587218967	-0.0005227587218967
EXOSC2	chr9:130824314-130824815	8	0.025115838388342766	0.07276624084792221	3	0.04765040245957945	0.062136000578236074	0.00021544668137115573	unsupported	True	0.0004911061965416	-0.0004911061965416
EXOSC2	chr9:130755978-130756479	9	-0.015440359433862806	0.007867003296441846	2	0.02330736273030465	0.022342576463907998	4.09671469938311e-06	unsupported	True	0.0004202608835559	0.0004202608835559
EXOSC2	chr9:130593595-130594096	10	0.03775915866638606	0.22202010009471268	4	0.1842609414283266	0.22705158611702714	0.009288596982796023	regional_candidate	True	0.000416488431154	0.000416488431154
EXOSC2	chr9:130780798-130781299	11	-0.00103663616546801	0.027320126791307835	5	0.028356762956775847	0.02490438948559539	1.929368852828047e-05	unsupported	True	0.0003583942024793	0.0003583942024793
EXOSC2	chr9:130594656-130595157	12	0.028165878069457986	0.20509909032922852	4	0.17693321225977054	0.20300754186479186	0.007366908384883367	regional_candidate	True	0.0003527369094471	-0.0003527369094471
EXOSC2	chr9:130770897-130771398	13	0.04168125167174139	0.14193883678209476	4	0.10025758511035338	0.11966531865116753	0.0017028907365673035	unsupported	True	0.0003475984229792	0.0003475984229792
EXOSC2	chr9:130693446-130693947	14	0.030293322446592167	0.041856848878351054	5	0.011563526431758887	0.012349987217281859	5.977551625684706e-06	unsupported	True	0.0003429673815233	0.0003429673815233
EXOSC2	chr9:130589746-130590247	15	0.017578033450444095	0.06710107805697241	0	0.049523044606528316	0.08102357076006297	0.00026924535102941435	unsupported	True	0.0002612128931084	0.0002612128931084
EXOSC2	chr9:130825050-130825551	16	0.02727876134155764	0.057562595322843225	4	0.030283833981285587	0.010386906679436834	1.810662274805458e-05	unsupported	True	0.0002202593445186	-0.0002202593445186
EXOSC2	chr9:130639323-130639824	17	0.03494985572491861	0.0725635142472407	5	0.03761365852232208	0.04583162527800354	0.00012509188684768594	unsupported	True	0.000200340638932	-0.000200340638932
EXOSC2	chr9:130796554-130797055	18	0.0006412909575318702	0.04691233067939071	3	0.04627103972185884	0.051516713684480325	0.00011182641938936168	unsupported	True	0.0001967993894127	-0.0001967993894127
EXOSC2	chr9:130732039-130732540	19	0.0595805233164139	0.13104848818089448	2	0.0714679648644806	0.08150346629187749	0.0007633426175198612	unsupported	True	0.0001777292518656	-0.0001777292518656
POLR2J	chr7:102390665-102391166	0	0.0007220267352861561	0.030743102178849218	0	0.030021075443563063	0.04500791265153428	4.153964745505764e-05	unsupported	True	0.0044336383531254	-0.0044336383531254
POLR2J	chr7:102363511-102364012	1	-0.0012823302341977507	0.03999446141529057	4	0.04127679164948832	0.03788163365596965	6.253663168044153e-05	unsupported	True	0.0015756177563072	0.0015756177563072
POLR2J	chr7:102404512-102405013	2	-0.010656231954625164	0.025083236931477793	4	0.03573946888610296	0.03425630232997469	3.0709458427826767e-05	unsupported	True	0.0014465019482129	-0.0014465019482129
POLR2J	chr7:102470205-102470706	3	0.011698710136790472	0.06986196965772545	4	0.058163259520934985	0.09102443240840781	0.00036986866698317656	unsupported	True	0.0014001515909113	-0.0014001515909113
POLR2J	chr7:102451277-102451778	4	-0.015935685511960507	0.026018022601915602	3	0.04195370811387611	0.033848469394493	3.694738226679542e-05	unsupported	True	0.0009097693095729	-0.0009097693095729
POLR2J	chr7:102433207-102433708	5	-0.004380638094045419	0.04548998965917835	4	0.04987062775322377	0.04354211701266399	9.878027108332418e-05	unsupported	True	0.0009018068486688	0.0009018068486688
POLR2J	chr7:102395464-102395965	6	-0.009196523677094972	0.02075795096751504	2	0.029954474644610013	0.026529020456946457	1.6495572904116556e-05	unsupported	True	0.0007881172271002	-0.0007881172271002
POLR2J	chr7:102446093-102446594	7	0.015643267352630347	0.06416467597992749	2	0.04852140862729715	0.0776588784089999	0.00024178008161311457	unsupported	True	0.0007627989872109	0.0007627989872109
POLR2J	chr7:102412439-102412940	8	-0.004526545343962861	0.0342293927671699	0	0.03875593811113276	0.041658175916402834	5.526341238944678e-05	unsupported	True	0.0004878800148619	-0.0004878800148619
POLR2J	chr7:102464655-102465156	9	-0.007145531425719348	0.027810900169092247	4	0.03495643159481159	0.028996788297709897	2.8189802731111916e-05	unsupported	True	0.0003999112995093	0.0003999112995093
POLR2J	chr7:102403970-102404471	10	0.01809685167660889	0.07876260382133896	4	0.060665752144730065	0.07713860448826944	0.000368583109271228	unsupported	True	0.0003698069284204	-0.0003698069284204
POLR2J	chr7:102440098-102440599	11	0.0231244798949353	0.1010042393330544	4	0.0778797594381191	0.11242872338489328	0.0008843852343154473	unsupported	True	0.0003685500367682	-0.0003685500367682
POLR2J	chr7:102326369-102326870	12	0.012093134213991214	0.053332316516756476	2	0.041239182302765263	0.05153235874270978	0.00011333929706625482	unsupported	True	0.0002745928215454	-0.0002745928215454
POLR2J	chr7:102454420-102454921	13	0.005130584934270168	0.06768275445276209	0	0.06255216951849192	0.0693976087764216	0.0002938088734917817	unsupported	True	0.0002008121429864	-0.0002008121429864
POLR2J	chr7:102396025-102396526	14	-0.008966476214888405	0.03184755718266013	4	0.040814033397548535	0.041000761659048465	5.329390778701643e-05	unsupported	True	0.0001797103630894	-0.0001797103630894
POLR2J	chr7:102441530-102442031	15	-0.0158947166049885	0.03279184809299737	0	0.04868656469798587	0.0661857536826455	0.00010566704054874642	unsupported	True	3.649075833526128e-05	-3.649075833526128e-05
POLR2J	chr7:102472211-102472712	16	-0.0015403765651699688	0.040500136066650684	0	0.04204051263182065	0.06303583347817326	0.0001073277401052764	unsupported	True	5.010698633679573e-07	5.010698633679573e-07
LTF	chr3:46628766-46629267	0	0.015802125981903944	0.03282363959318262	0	0.01702151361127868	0.03282363959318262	1.833883095240401e-05	unsupported	True	0.002701583417553	0.002701583417553
LTF	chr3:46407172-46407673	1	0.005023389327729193	0.02284452489908871	0	0.017821135571359517	0.02284452489908871	9.300357327613291e-06	unsupported	True	0.0024336113000578	0.0024336113000578
LTF	chr3:46579911-46580412	2	1.6139598852954936e-05	0.009496390172377309	0	0.009480250573524354	0.009496390172377309	8.549425184589315e-07	unsupported	True	0.0017806457579835	0.0017806457579835
LTF	chr3:46629838-46630339	3	0.004117726372531381	0.02207151013259308	3	0.017953783760061702	0.02207151013259308	8.746213758235163e-06	unsupported	True	0.0012809662208528	0.0012809662208528
LTF	chr3:46558224-46558725	4	0.008594295156889226	0.03078013571756799	0	0.022185840560678766	0.03078013571756799	2.101923706632889e-05	unsupported	True	0.0007786716814794	0.0007786716814794
LTF	chr3:46594269-46594770	5	-0.004056606248854008	0.0	1	0.004056606248854008	0.0	0.0	unsupported	True	0.0007688868027121	0.0007688868027121
LTF	chr3:46427824-46428325	6	0.014640244428056223	0.026780506623201562	0	0.01214026219514534	0.026780506623201562	8.706941840030995e-06	unsupported	True	0.0007667054943129	0.0007667054943129
LTF	chr3:46566238-46566739	7	0.019315157966320315	0.05312187968404593	0	0.03380672171772561	0.05312187968404593	9.540034086388763e-05	unsupported	True	0.0007476938967145	0.0007476938967145
LTF	chr3:46442555-46443056	8	0.01980818888655414	0.04047195254125126	0	0.020663763654697118	0.04047195254125126	3.3846809739217465e-05	unsupported	True	0.0005970751873701	0.0005970751873701
LTF	chr3:46565650-46566151	9	0.01675524297466186	0.036382068498722886	0	0.019626825524061024	0.036382068498722886	2.597914393820662e-05	unsupported	True	0.0004576438951915	0.0004576438951915
LTF	chr3:46377407-46377908	10	0.009857589388510528	0.015148326181142893	3	0.005290736792632365	0.015148326181142893	1.2140748215390098e-06	unsupported	True	0.0003800948682803	0.0003800948682803
LTF	chr3:46612246-46612747	11	0.006695229915730293	0.022254458600157304	3	0.01555922868442701	0.022254458600157304	7.705878030773815e-06	unsupported	True	0.0003635613968051	0.0003635613968051
LTF	chr3:46415938-46416439	12	0.020330099204003794	0.04852706557767765	3	0.028196966373673856	0.04852706557767765	6.640036202485011e-05	unsupported	True	0.0003407027211214	0.0003407027211214
LTF	chr3:46360105-46360606	13	0.009377306181216493	0.015622812770798857	3	0.0062455065895823635	0.015622812770798857	1.5243550260259369e-06	unsupported	True	0.0002993152640264	0.0002993152640264
LTF	chr3:46608630-46609131	14	0.014811342283231723	0.024394778882979792	3	0.00958343659974807	0.024394778882979792	5.703153306566676e-06	unsupported	True	0.0002679398437065	-0.0002679398437065
LTF	chr3:46378298-46378799	15	0.007951526307368754	0.014630579268518093	0	0.0066790529611493385	0.014630579268518093	1.4296769989005443e-06	unsupported	True	0.0001527681403006	-0.0001527681403006
LTF	chr3:46403843-46404344	16	0.0014070740527522634	0.007168295197647464	0	0.0057612211448952	0.007168295197647464	2.9603721466013306e-07	unsupported	True	0.0001485816660355	0.0001485816660355
LTF	chr3:46303195-46303696	17	3.958107872450025e-05	0.00856586311132572	0	0.00852628203260122	0.00856586311132572	6.256075103017822e-07	unsupported	True	0.000109991875798	0.000109991875798
LTF	chr3:46488619-46489120	18	0.022136785744632202	0.04309848778284178	0	0.02096170203820958	0.04309848778284178	3.8935934947892705e-05	unsupported	True	8.38421865734345e-05	-8.38421865734345e-05
LTF	chr3:46296813-46297314	19	0.014021850718153515	0.044244906569857995	0	0.03022305585170448	0.044244906569857995	5.916500947911199e-05	unsupported	True	7.559175927920273e-05	7.559175927920273e-05
EIF4H	chr7:74206515-74207016	0	0.008190065594969672	0.04962553528298661	0	0.04143546968801694	0.011294956475282183	2.3225337416722484e-05	unsupported	True	0.002708566508347	0.002708566508347
EIF4H	chr7:74217584-74218085	1	-0.0010567047061461406	0.03182170967623678	0	0.03287841438238292	0.03411719926435555	3.569502956168573e-05	unsupported	True	0.0018495694480676	0.0018495694480676
EIF4H	chr7:74279529-74280030	2	-0.007146839527403686	0.030874175492619452	4	0.03802101502002314	0.022529055736510026	2.644612611254465e-05	unsupported	True	0.0014630768060751	0.0014630768060751
EIF4H	chr7:74270453-74270954	3	0.013673293680090244	0.047387214611158884	4	0.03371392093106864	0.04941050541977737	7.893865859443582e-05	unsupported	True	0.0011716897029715	0.0011716897029715
EIF4H	chr7:74272466-74272967	4	-0.00984268864580667	0.02688531990314736	2	0.03672800854895403	0.03119807639245876	3.080636143319416e-05	unsupported	True	0.0010396389631027	0.0010396389631027
EIF4H	chr7:74185453-74185954	5	0.00040854046303442286	0.04144044890277918	2	0.04103190843974476	0.04995521726997053	8.494288756397487e-05	unsupported	True	0.0008562540270356	0.0008562540270356
EIF4H	chr7:74077649-74078150	6	0.009646561636210263	0.06474414124742346	4	0.0550975796112132	0.06971497301900723	0.00024869042216307303	unsupported	True	0.0007062719067026	0.0007062719067026
EIF4H	chr7:74254208-74254709	7	0.01526652538209293	0.0772437206364411	4	0.061977195254348166	0.04713010193591079	0.00022562825372776443	unsupported	True	0.000601202042293	-0.000601202042293
EIF4H	chr7:74129883-74130384	8	0.0013323623558736983	0.05276597555141724	0	0.05143361319554354	0.047714135927114806	0.0001294935299596945	unsupported	True	0.0005348885308853	-0.0005348885308853
EIF4H	chr7:74338728-74339229	9	0.004945410976542196	0.07763795492081936	4	0.07269254394427717	0.07697866886996985	0.0004344445481284148	unsupported	True	0.0005113470152116	0.0005113470152116
EIF4H	chr7:74094042-74094543	10	0.009513586337994488	0.05540644084644391	4	0.04589285450844942	0.05808253079327419	0.0001476899202361246	unsupported	True	0.0004667222953437	0.0004667222953437
EIF4H	chr7:74200393-74200894	11	0.007998768691564708	0.060216588560885256	4	0.052217819869320545	0.050818483331237146	0.00015979257050868152	unsupported	True	0.0004526760420974	0.0004526760420974
EIF4H	chr7:74174020-74174521	12	0.014686534961643455	0.079652403482843	4	0.06496586852119954	0.052755407139799704	0.00027299274968549343	unsupported	True	0.0003722439007916	-0.0003722439007916
EIF4H	chr7:74043482-74043983	13	0.012390538707534366	0.05128121852350573	2	0.038890679815971364	0.055312690652573965	0.00011031349794270084	unsupported	True	0.0003523736804262	0.0003523736804262
EIF4H	chr7:74062042-74062543	14	0.01491294877814066	0.07874429684721579	2	0.06383134806907513	0.07515667771210717	0.0003777641142803712	unsupported	True	0.0002867328177383	0.0002867328177383
EIF4H	chr7:74306907-74307408	15	0.022842547226364127	0.1010731136728599	4	0.07823056644649577	0.12203227794233226	0.0009649100680008172	unsupported	True	0.0002786688061866	0.0002786688061866
EIF4H	chr7:74084029-74084530	16	0.016733168261885614	0.07404726543947883	4	0.05731409717759321	0.037862084306502335	0.00016068487474476541	unsupported	True	0.0002348245507977	-0.0002348245507977
EIF4H	chr7:74067787-74068288	17	0.01371050786930057	0.09632556241409215	4	0.08261505454479158	0.11307859461851753	0.0008998728513811469	unsupported	True	0.0002328690849079	0.0002328690849079
EIF4H	chr7:74083424-74083925	18	0.014121524127939114	0.08031826736855842	4	0.0661967432406193	0.05619344751966683	0.00029876975572802936	unsupported	True	0.0002303456082614	-0.0002303456082614
EIF4H	chr7:74289128-74289629	19	0.014468117170973122	0.07087609452778702	4	0.0564079773568139	0.0397444670302287	0.00015889747044006103	unsupported	True	0.0001852355344162	-0.0001852355344162
ZNF263	chr16:3187780-3188281	0	-0.006187776971000915	0.04662580000973667	5	0.05281357698073759	0.05948526538582161	0.00014648099542396417	unsupported	True	0.0015419080881492	0.0015419080881492
ZNF263	chr16:3184021-3184522	1	-0.01612883604353772	0.02847087699200662	3	0.04459971303554434	0.053595311541520946	6.805494841156484e-05	unsupported	True	0.0012773332969376	0.0012773332969376
ZNF263	chr16:3264337-3264838	2	-0.0013453379270735645	0.04712083905519832	5	0.04846617698227189	0.04671861644421878	0.0001066944310265234	unsupported	True	0.0012269964186498	0.0012269964186498
ZNF263	chr16:3134713-3135214	3	-0.0004224011804317449	0.04259937003988601	5	0.04302177122031775	0.03803017627413247	6.969791744367829e-05	unsupported	True	0.0011675015517867	-0.0011675015517867
ZNF263	chr16:3174191-3174692	4	-0.018593608094425656	-0.00781393884778143	5	0.010779669246644226	0.015989606467379527	0.0	unsupported	True	0.001097200120225	0.001097200120225
ZNF263	chr16:3189128-3189629	5	-0.008325416416529653	0.04377073480742598	5	0.05209615122395563	0.05359295511334862	0.00012220730917434936	unsupported	True	0.0009508842062731	0.0009508842062731
ZNF263	chr16:3152591-3153092	6	-0.007899769387083705	0.03167248720217839	5	0.0395722565892621	0.051255078037594146	6.424064382472733e-05	unsupported	True	0.0008866479719742	0.0008866479719742
ZNF263	chr16:3158647-3159148	7	0.0032131907716247137	0.0398715692324873	5	0.03665837846086259	0.04971466808717911	7.266430488858012e-05	unsupported	True	0.0008699733025701	0.0008699733025701
ZNF263	chr16:3443330-3443831	8	-0.003151059805367277	0.048083968749219774	5	0.05123502855458705	0.05495602246958265	0.0001353887508347985	unsupported	True	0.0008076843044748	0.0008076843044748
ZNF263	chr16:3412187-3412688	9	-0.00865137569588692	0.014965882401187614	1	0.023617258097074535	0.03098076071262214	1.0950246140992405e-05	unsupported	True	0.0006522323687722	0.0006522323687722
ZNF263	chr16:3282619-3283120	10	0.007308160816193793	0.04850928132774278	5	0.041201120511548985	0.046125340272272046	9.218779998590195e-05	unsupported	True	0.0006140596798391	-0.0006140596798391
ZNF263	chr16:3124094-3124595	11	-0.0012099908427528757	0.041748834472245484	5	0.04295882531499836	0.050875124414988586	9.124356327210112e-05	unsupported	True	0.0005861690432519	0.0005861690432519
ZNF263	chr16:3400901-3401402	12	0.001695873928963674	0.04534600916032721	5	0.04365013523136353	0.0384160070240068	7.603908584470272e-05	unsupported	True	0.0005799972093439	-0.0005799972093439
ZNF263	chr16:3150328-3150829	13	0.0019954486452659153	0.04894877674429034	5	0.04695332809902442	0.04670024424762213	0.0001073315437663679	unsupported	True	0.0004504878715464	-0.0004504878715464
ZNF263	chr16:3431730-3432231	14	-0.007523485534773805	0.033963045769109954	5	0.04148653130388376	0.0515332217831759	7.2610771306195e-05	unsupported	True	0.00037480820983	0.00037480820983
ZNF263	chr16:3129437-3129938	15	0.00838451578127797	0.05132033189454687	5	0.0429358161132689	0.038849285405455236	8.560363634576161e-05	unsupported	True	0.0003606863603079	0.0003606863603079
ZNF263	chr16:3234952-3235453	16	0.002027443275800013	0.04259910513693687	5	0.04057166186113686	0.038537039893219174	6.66042014925176e-05	unsupported	True	0.0003274115773625	-0.0003274115773625
ZNF263	chr16:3444037-3444538	17	-0.007188187343557825	0.020507972282375633	5	0.027696159625933456	0.027842737649346923	1.581445430153341e-05	unsupported	True	0.000289047766599	-0.000289047766599
ZNF263	chr16:3293176-3293677	18	0.0065996191813001695	0.04425314740974761	3	0.03765352822844744	0.05861340521800756	9.766676306447825e-05	unsupported	True	0.000266763772489	-0.000266763772489
ZNF263	chr16:3165861-3166362	19	0.014261779075930365	0.07707277119234075	5	0.06281099211641039	0.06819262371571846	0.00033012166594063337	unsupported	True	0.0002045225095515	-0.0002045225095515
SDF2	chr17:28576705-28577206	0	-0.019467890497742207	0.03842422909614948	5	0.05789211959389169	0.05908799463268169	0.0001314388844485402	unsupported	True	0.0019742526427898	0.0019742526427898
SDF2	chr17:28540628-28541129	1	-0.004273358090058711	0.040925698955360496	4	0.045199057045419204	0.048078705327543034	8.893613343307506e-05	unsupported	True	0.0017754055367521	0.0017754055367521
SDF2	chr17:28807835-28808336	2	-0.006702607685148515	0.04565463658901296	0	0.052357244274161475	0.07505211794657139	0.00017940090219405405	unsupported	True	0.0015542776406033	-0.0015542776406033
SDF2	chr17:28711167-28711668	3	-0.009579753768634326	0.030537245086538583	5	0.040116998855172906	0.04375319012221303	5.3600397994731235e-05	unsupported	True	0.0009623432946762	-0.0009623432946762
SDF2	chr17:28598831-28599332	4	-0.020120441799646335	0.01859082969890711	5	0.03871127149855344	0.041201235541921684	2.9651485009547147e-05	unsupported	True	0.0007760256554345	-0.0007760256554345
SDF2	chr17:28717583-28718084	5	-0.001248230669100559	0.04677951808891064	3	0.0480277487580112	0.07773309120459083	0.00017464409748127086	unsupported	True	0.0007716728263139	-0.0007716728263139
SDF2	chr17:28571331-28571832	6	-0.013132262388068519	0.02144191244955642	5	0.03457417483762494	0.039745610880443316	2.946486927366693e-05	unsupported	True	0.0006658682043148	0.0006658682043148
SDF2	chr17:28710636-28711137	7	-0.0006478642907720943	0.026669783475891128	5	0.027317647766663223	0.03446279867987425	2.510807017403844e-05	unsupported	True	0.0006581461847391	0.0006581461847391
SDF2	chr17:28726760-28727261	8	-0.010030076800920064	0.008467843868953807	3	0.018497920669873873	0.029631664598641992	4.641429986031095e-06	unsupported	True	0.0006473329096687	-0.0006473329096687
SDF2	chr17:28644961-28645462	9	-0.02375128268565603	0.012612355344641363	5	0.03636363803029739	0.043836734160490255	2.010489068076852e-05	unsupported	True	0.0006397407896155	-0.0006397407896155
SDF2	chr17:28552428-28552929	10	-0.01963663711477154	0.033174119431421456	5	0.052810756546192994	0.05334053941777831	9.344997643157583e-05	unsupported	True	0.0005273021129752	0.0005273021129752
SDF2	chr17:28796186-28796687	11	-0.022495799101557003	0.02809151128153777	0	0.050587310383094775	0.06753753432218881	9.597583407161428e-05	unsupported	True	0.0004706773626088	-0.0004706773626088
SDF2	chr17:28760954-28761455	12	0.015029710514250802	0.08978229476316803	3	0.07475258424891723	0.10344415224178614	0.0006942611403566413	unsupported	True	0.0004702112243213	-0.0004702112243213
SDF2	chr17:28745136-28745637	13	-0.0004225619030542945	0.059046220896611046	3	0.05946878279966534	0.07988452820415515	0.0002805070823923028	unsupported	True	0.0004686442469224	-0.0004686442469224
SDF2	chr17:28661958-28662459	14	-0.013714716172058241	0.029173680594685607	5	0.042888396766743844	0.04675198418810843	5.849666180270278e-05	unsupported	True	0.0004337013646426	0.0004337013646426
SDF2	chr17:28743032-28743533	15	-0.006485916506895173	0.014866838507974645	5	0.021352755014869818	0.032597291677830764	1.0347943761160123e-05	unsupported	True	0.0003789966959983	-0.0003789966959983
SDF2	chr17:28719643-28720144	16	-0.022109812328256602	0.01789216133350343	5	0.04000197366176003	0.04040871419789899	2.8921396304269674e-05	unsupported	True	0.0003494024499513	-0.0003494024499513
SDF2	chr17:28551925-28552426	17	-0.022917864119227634	0.023108971774654086	5	0.04602683589388172	0.056329816018402576	5.9914242838847354e-05	unsupported	True	0.0003470525742582	0.0003470525742582
SDF2	chr17:28548112-28548613	18	0.005295795363673465	0.02095235696923295	5	0.015656561605559484	0.023225285040179525	7.618865881759502e-06	unsupported	True	0.0003430241559055	0.0003430241559055
SDF2	chr17:28763665-28764166	19	-0.005092333176202127	0.016407894105647414	3	0.02150022728184954	0.0255769072371495	9.022853870012978e-06	unsupported	True	0.0003157737017481	-0.0003157737017481
MCM4	chr8:47959931-47960432	0	-0.0013675097448211761	0.024785939197003094	2	0.02615344894182427	0.022659613357484617	1.4688817804390089e-05	unsupported	True	0.004632093064205	-0.004632093064205
MCM4	chr8:47960575-47961076	1	3.173749218923915e-05	0.021312417741252112	2	0.021280680249062874	0.013993741144858185	6.34675980364869e-06	unsupported	True	0.0029429809786199	-0.0029429809786199
MCM4	chr8:48069247-48069748	2	-0.008158167704491993	0.047219377835588355	1	0.05537754554008035	0.06752160558940518	0.00017656179044617894	unsupported	True	0.0018472000506251	0.0018472000506251
MCM4	chr8:47942291-47942792	3	0.0031196617183073243	0.03937553679138253	5	0.036255875073075206	0.035972102857139185	5.135357773346207e-05	unsupported	True	0.0013938182830858	-0.0013938182830858
MCM4	chr8:48008146-48008647	4	0.004699309344830071	0.026179337994210274	4	0.0214800286493802	0.012202539080670026	6.861889556349852e-06	unsupported	True	0.0013761918290176	-0.0013761918290176
MCM4	chr8:47839170-47839671	5	-0.024552718866001733	0.03684414324953191	2	0.06139686211553365	0.06819722390105454	0.00015426994833634878	unsupported	True	0.0009638550779857	0.0009638550779857
MCM4	chr8:47902336-47902837	6	-0.008386910911652059	0.06559297766294071	4	0.07397988857459277	0.06879192138024491	0.00033381700710346965	unsupported	True	0.0007943192754598	0.0007943192754598
MCM4	chr8:48049014-48049515	7	-0.01713189606425707	0.026351145292701387	2	0.043483041356958456	0.03701101101393567	4.240825052835441e-05	unsupported	True	0.0002302414877208	-0.0002302414877208
MCM4	chr8:47917768-47918269	8	0.004332493116959553	0.034004859665578514	0	0.02967236654861896	0.02326283135816315	2.3472305255216193e-05	unsupported	True	0.0002185402988991	0.0002185402988991
MCM4	chr8:47826569-47827070	9	-0.0016417365130213589	0.03974231521538587	2	0.04138405172840723	0.044564836694484085	7.329569905987277e-05	unsupported	True	0.0001100763081934	0.0001100763081934
MCM4	chr8:47900708-47901209	10	-0.010509050895606248	0.028293016502846526	5	0.03880206739845277	0.05540386578994876	6.082388931263742e-05	unsupported	True	1.768732009952007e-05	-1.768732009952007e-05
LTB	chr6:31683140-31683641	0	0.0233443602469121	0.05259602197825477	5	0.02925166173134267	0.05259602197825477	8.092008660858046e-05	unsupported	True	0.0031804271384326	0.0031804271384326
LTB	chr6:31497800-31498301	1	0.0020755086749475907	0.007787353938776749	5	0.005711845263829158	0.007787353938776749	3.463827547255177e-07	unsupported	True	0.0027315182514463	0.0027315182514463
LTB	chr6:31680653-31681154	2	0.009612055371849847	0.041122485783839625	0	0.03151043041198978	0.041122485783839625	5.328599180719521e-05	unsupported	True	0.0013152420271351	-0.0013152420271351
LTB	chr6:31462845-31463346	3	0.018900837109265958	0.051159083364553326	0	0.032258246255287365	0.051159083364553326	8.442795342169982e-05	unsupported	True	0.0012495096394238	0.0012495096394238
LTB	chr6:31546518-31547019	4	0.01823455541859993	0.033439147303270446	5	0.015204591884670517	0.033439147303270446	1.700141843788285e-05	unsupported	True	0.0011284486441845	0.0011284486441845
LTB	chr6:31729552-31730053	5	-0.0022302805456098163	0.01915721556519615	0	0.021387496110805964	0.01915721556519615	7.849187722041215e-06	unsupported	True	0.0008575610507614	0.0008575610507614
LTB	chr6:31541790-31542291	6	0.026145535257764224	0.059515843249080165	5	0.03337030799131594	0.059515843249080165	0.00011820215584055379	unsupported	True	0.000531533263411	-0.000531533263411
LTB	chr6:31664789-31665290	7	0.022024986273812722	0.05330192328264008	5	0.03127693700882736	0.05330192328264008	8.886075015267374e-05	unsupported	True	0.0005211388101515	-0.0005211388101515
LTB	chr6:31491870-31492371	8	0.006858965682165904	0.011809899812601757	0	0.004950934130435853	0.011809899812601757	6.905252678988131e-07	unsupported	True	0.0004398104134769	0.0004398104134769
LTB	chr6:31730086-31730587	9	0.009596530157465482	0.033910136464895546	5	0.024313606307430062	0.033910136464895546	2.7958151585074546e-05	unsupported	True	0.0004229083567752	-0.0004229083567752
LTB	chr6:31620281-31620782	10	0.025564660411864455	0.05901476193654935	5	0.033450101524684896	0.05901476193654935	0.00011649807771329998	unsupported	True	0.0003797645068848	-0.0003797645068848
LTB	chr6:31547303-31547804	11	0.0211035609225746	0.0495592263593485	5	0.0284556654367739	0.0495592263593485	6.98904412733462e-05	unsupported	True	0.0003200138206709	-0.0003200138206709
LTB	chr6:31660544-31661045	12	0.006913695580945268	0.038790057357871464	0	0.031876361776926196	0.038790057357871464	4.7963359048647017e-05	unsupported	True	0.0002793760985232	-0.0002793760985232
LTB	chr6:31651906-31652407	13	0.025170159814523814	0.051419613538756764	5	0.02624945372423295	0.051419613538756764	6.940294289209525e-05	unsupported	True	0.00026224868412	-0.00026224868412
LTB	chr6:31715140-31715641	14	0.003810890803961312	0.02308689357133347	5	0.01927600276737216	0.02308689357133347	1.0274199200447384e-05	unsupported	True	0.0002038270496689	-0.0002038270496689
LTB	chr6:31633442-31633943	15	0.006161824775926239	0.036483498037276144	5	0.030321673261349904	0.036483498037276144	4.035953065957549e-05	unsupported	True	0.0001784118284366	0.0001784118284366
LTB	chr6:31493706-31494207	16	-0.008037835082159817	0.007619888565876346	0	0.015657723648036165	0.007619888565876346	9.091297383596337e-07	unsupported	True	0.0001564239517596	0.0001564239517596
LTB	chr6:31442379-31442880	17	0.01721514346316451	0.031496879493152885	5	0.014281736029988376	0.031496879493152885	1.4168245040755843e-05	unsupported	True	0.000128490885248	0.000128490885248
LTB	chr6:31598495-31598996	18	0.01349418444460669	0.06938201988292396	0	0.05588783543831727	0.06938201988292396	0.00026903647722775694	unsupported	True	0.0001223406816903	-0.0001223406816903
LTB	chr6:31559036-31559537	19	-0.0059823810193616505	0.008962668493697805	0	0.014945049513059454	0.008962668493697805	1.200527256815485e-06	unsupported	True	0.0001148863486208	0.0001148863486208
TNFSF13	chr17:7435082-7435583	0	0.0	0.0	0	0.0	0.0	0.0	unsupported	True	0.002225858176138	-0.002225858176138
TNFSF13	chr17:7484581-7485082	1	0.0	0.0	0	0.0	0.0	0.0	unsupported	True	0.0015139680526398	0.0015139680526398
TNFSF13	chr17:7703429-7703930	2	0.0	0.0	0	0.0	0.0	0.0	unsupported	True	0.0015087249952654	-0.0015087249952654
TNFSF13	chr17:7627636-7628137	3	0.0	0.0	0	0.0	0.0	0.0	unsupported	True	0.0014614919450027	-0.0014614919450027
TNFSF13	chr17:7445228-7445729	4	0.0	0.0	0	0.0	0.0	0.0	unsupported	True	0.0008654277806342	0.0008654277806342
TNFSF13	chr17:7688002-7688503	5	0.0	0.0	0	0.0	0.0	0.0	unsupported	True	0.0006802275418503	-0.0006802275418503
TNFSF13	chr17:7441161-7441662	6	0.0	0.0	0	0.0	0.0	0.0	unsupported	True	0.0006599457631718	-0.0006599457631718
TNFSF13	chr17:7687312-7687813	7	0.0	0.0	0	0.0	0.0	0.0	unsupported	True	0.0005744785087804	0.0005744785087804
TNFSF13	chr17:7650628-7651129	8	0.0	0.0	0	0.0	0.0	0.0	unsupported	True	0.0005670263959138	0.0005670263959138
TNFSF13	chr17:7484045-7484546	9	0.0	0.0	0	0.0	0.0	0.0	unsupported	True	0.0005235299651015	0.0005235299651015
TNFSF13	chr17:7614921-7615422	10	0.0	0.0	0	0.0	0.0	0.0	unsupported	True	0.0004821129011006	0.0004821129011006
TNFSF13	chr17:7544845-7545346	11	0.0	0.0	0	0.0	0.0	0.0	unsupported	True	0.0004647651339497	0.0004647651339497
TNFSF13	chr17:7560877-7561378	12	0.0	0.0	0	0.0	0.0	0.0	unsupported	True	0.000435335198829	0.000435335198829
TNFSF13	chr17:7573565-7574066	13	0.0	0.0	0	0.0	0.0	0.0	unsupported	True	0.0004219922008236	0.0004219922008236
TNFSF13	chr17:7579034-7579535	14	0.0	0.0	0	0.0	0.0	0.0	unsupported	True	0.0004050231926323	0.0004050231926323
TNFSF13	chr17:7419711-7420212	15	0.0	0.0	0	0.0	0.0	0.0	unsupported	True	0.0003941882405281	-0.0003941882405281
TNFSF13	chr17:7614355-7614856	16	0.0	0.0	0	0.0	0.0	0.0	unsupported	True	0.0003815021241355	0.0003815021241355
TNFSF13	chr17:7589216-7589717	17	0.0	0.0	0	0.0	0.0	0.0	unsupported	True	0.0003346397545895	0.0003346397545895
TNFSF13	chr17:7436891-7437392	18	0.0	0.0	0	0.0	0.0	0.0	unsupported	True	0.0003079040069302	0.0003079040069302
TNFSF13	chr17:7478828-7479329	19	0.0	0.0	0	0.0	0.0	0.0	unsupported	True	0.0003069360622915	-0.0003069360622915
RBM48	chr7:92589618-92590119	0	-0.0008943723984933191	0.030732590740446528	3	0.03162696313893985	0.04130997636529219	4.0152409462071885e-05	unsupported	True	0.0030675671296788	0.0030675671296788
RBM48	chr7:92590144-92590645	1	-0.004877292423015411	0.031098907239085906	3	0.03597619966210132	0.043736562235168024	4.893336225794449e-05	unsupported	True	0.0025738129008748	0.0025738129008748
RBM48	chr7:92528372-92528873	2	-0.004955211692165165	0.03625509295275695	3	0.04121030464492212	0.037557735751315637	5.611439048584085e-05	unsupported	True	0.002461276982022	-0.002461276982022
RBM48	chr7:92447162-92447663	3	-0.0011010697789255565	0.03508091799663277	3	0.03618198777555833	0.03928549487188237	4.986497438147989e-05	unsupported	True	0.0010315779577376	0.0010315779577376
RBM48	chr7:92645314-92645815	4	-0.0022428744555643095	0.04450475114421268	3	0.046747625599776986	0.05250156507353519	0.00010922905692689632	unsupported	True	0.0007957428621835	0.0007957428621835
RBM48	chr7:92591072-92591573	5	-0.01614319186944943	0.000501730260962839	2	0.01664492213041227	0.028442299174312288	2.3752906737723977e-07	unsupported	True	0.0007847796333961	0.0007847796333961
RBM48	chr7:92424497-92424998	6	-0.008836564246859793	0.024234338529697447	3	0.03307090277655724	0.04048369796589267	3.244571857254867e-05	unsupported	True	0.0007743074434751	-0.0007743074434751
RBM48	chr7:92633316-92633817	7	-0.004668663145679852	0.02015978148454115	3	0.024828444630221	0.021597401907305105	1.0810277557306945e-05	unsupported	True	0.0007255335217433	-0.0007255335217433
RBM48	chr7:92447726-92448227	8	0.0040239263477981945	0.044365294037509884	3	0.04034136768971169	0.037302424844405005	6.676226253208855e-05	unsupported	True	0.000360264401111	0.000360264401111
RBM48	chr7:92418196-92418697	9	-0.008277978651655117	0.031152939967455082	3	0.0394309186191102	0.04194408286426188	5.1523651708592766e-05	unsupported	True	0.0003174540791489	0.0003174540791489
RBM48	chr7:92401717-92402218	10	-0.004791322042318867	0.041847265121107376	4	0.04663858716342624	0.04134177747518464	8.06866363809769e-05	unsupported	True	0.0002659713389531	0.0002659713389531
RBM48	chr7:92421669-92422170	11	-0.00905512608499923	0.029587013549136336	5	0.03864213963413557	0.04421573794550423	5.0552096774181306e-05	unsupported	True	0.0002618457501296	0.0002618457501296
RBM48	chr7:92461498-92461999	12	0.0023362217832608527	0.05410212037725937	5	0.05176589859399852	0.05148088423672535	0.00014417967470974142	unsupported	True	0.0002085629802436	0.0002085629802436
RBM48	chr7:92620926-92621427	13	-0.018100720053818027	0.0192089297880198	3	0.03730964984183782	0.04694209806721654	3.364238981158592e-05	unsupported	True	0.0002057613925765	0.0002057613925765
RBM48	chr7:92680781-92681282	14	-0.00072809495169501	0.03221663801393451	2	0.032944732965629525	0.048161572009693863	5.1117177195587364e-05	unsupported	True	0.0001453506385309	-0.0001453506385309
RBM48	chr7:92399451-92399952	15	-0.013354221615489015	0.02931960012349382	5	0.042673821738982834	0.039299837595040764	4.917114679500192e-05	unsupported	True	0.0001247440412959	0.0001247440412959
RBM48	chr7:92614763-92615264	16	-0.0166778228769595	0.01441169126939609	0	0.03108951414635559	0.03999926733356926	1.7921770910700954e-05	unsupported	True	0.0001185596119551	0.0001185596119551
RBM48	chr7:92596647-92597148	17	-0.0105569587976448	0.041833313085338414	1	0.052390271882983216	0.061202439204765	0.0001341348550581919	unsupported	True	0.0001026344570747	-0.0001026344570747
RBM48	chr7:92608635-92609136	18	-0.00881798277837979	0.01828902296319324	0	0.02710700574157303	0.022518947028694586	1.1164007826868524e-05	unsupported	True	9.865547645451568e-05	9.865547645451568e-05
RBM48	chr7:92652401-92652902	19	-0.011655136961786416	0.02436207022275932	4	0.036017207184545735	0.04175061687084146	3.6634234530574915e-05	unsupported	True	8.978992518963887e-05	-8.978992518963887e-05
PLAC8L1	chr5:146182511-146183012	0	-0.0044541254112398215	0.026458160627956126	0	0.03091228603919595	0.03916953969197039	3.2036070447933446e-05	unsupported	True	0.0030454230722641	-0.0030454230722641
PLAC8L1	chr5:146073285-146073786	1	0.014692540218040579	0.07440742014350253	0	0.059714879925461956	0.09184864643198105	0.00040810467592964457	unsupported	True	0.0016716059430513	0.0016716059430513
PLAC8L1	chr5:146203241-146203742	2	-0.003619760176026367	0.03159917569135606	0	0.03521893586738243	0.0389679557481475	4.336702263694137e-05	unsupported	True	0.0013134157561509	-0.0013134157561509
PLAC8L1	chr5:145938650-145939151	3	-0.011860142604935274	0.0	3	0.011860142604935274	0.01769380507889129	0.0	unsupported	True	0.0011694003285761	0.0011694003285761
PLAC8L1	chr5:146133102-146133603	4	-0.01192208189850809	0.0	3	0.01192208189850809	0.015676521981197938	0.0	unsupported	True	0.0010963591162576	-0.0010963591162576
PLAC8L1	chr5:145946550-145947051	5	-0.007266018153882857	0.022963225128871115	0	0.030229243282753972	0.022963225128871115	1.5940173458139674e-05	unsupported	True	0.0010039994971932	0.0010039994971932
PLAC8L1	chr5:146059357-146059858	6	-0.014051739095381047	0.0	3	0.014051739095381047	0.01587883309421752	0.0	unsupported	True	0.0008567445249907	0.0008567445249907
PLAC8L1	chr5:146076381-146076882	7	-0.014937646781886976	0.0	3	0.014937646781886976	0.020243234788333286	0.0	unsupported	True	0.0006706134223391	0.0006706134223391
PLAC8L1	chr5:146049356-146049857	8	-0.009175544584026224	0.010474487171520466	0	0.01965003175554669	0.020778534607136835	4.276721222163966e-06	unsupported	True	0.000591116460056	0.000591116460056
PLAC8L1	chr5:146228821-146229322	9	-0.010182776361602988	0.0	3	0.010182776361602988	0.012943412914453719	0.0	unsupported	True	0.000462957509606	-0.000462957509606
PLAC8L1	chr5:146029254-146029755	10	-0.006291887917477721	0.0	3	0.006291887917477721	0.01367739184444266	0.0	unsupported	True	0.0004275230453777	-0.0004275230453777
PLAC8L1	chr5:146236286-146236787	11	-0.00817196781952873	0.0	3	0.00817196781952873	0.010793162342555647	0.0	unsupported	True	0.0003916451846435	-0.0003916451846435
PLAC8L1	chr5:145949156-145949657	12	-0.01428673849151364	0.0	3	0.01428673849151364	0.016146653746081176	0.0	unsupported	True	0.0003366524430853	0.0003366524430853
PLAC8L1	chr5:146109933-146110434	13	-0.007481344782727723	0.027318158239414934	0	0.03479950302214266	0.03707032732551361	3.5241215475681016e-05	unsupported	True	0.0003171992730363	0.0003171992730363
PLAC8L1	chr5:146081420-146081921	14	0.008775881253761298	0.07438423846956789	0	0.06560835721580659	0.08489288168183837	0.00041429659176039457	unsupported	True	0.0003012399649141	0.0003012399649141
PLAC8L1	chr5:146145275-146145776	15	-0.007626387602364154	0.01973710135447032	0	0.027363488956834475	0.03423115240541279	1.8487422324494014e-05	unsupported	True	0.000200131750669	0.000200131750669
PLAC8L1	chr5:146227847-146228348	16	-0.009802713451179926	0.008333761349517172	1	0.0181364748006971	0.025520807993485307	3.85734386939095e-06	unsupported	True	0.0001776723894411	-0.0001776723894411
PLAC8L1	chr5:145982870-145983371	17	0.012915726784512768	0.057624561693157376	0	0.04470883490864461	0.06484452158779673	0.0001670606927687804	unsupported	True	0.0001656083175735	-0.0001656083175735
PLAC8L1	chr5:146021082-146021583	18	-0.0021580640667598606	0.0	3	0.0021580640667598606	0.006174331357125403	0.0	unsupported	True	0.0001621828121743	-0.0001621828121743
PLAC8L1	chr5:146130390-146130891	19	-0.008560631031740071	0.007828018504323145	0	0.016388649536063216	0.013856273688773494	1.7776303834561263e-06	unsupported	True	0.0001490792299074	0.0001490792299074
AQP9	chr15:58269912-58270413	0	0.0	0.0	0	0.0	0.0	0.0	unsupported	True	0.003003054540241	0.003003054540241
AQP9	chr15:58179571-58180072	1	0.0	0.0	0	0.0	0.0	0.0	unsupported	True	0.0029208216405825	0.0029208216405825
AQP9	chr15:58332024-58332525	2	0.0	0.0	0	0.0	0.0	0.0	unsupported	True	0.0017978518567297	0.0017978518567297
AQP9	chr15:58163938-58164439	3	0.0	0.0	0	0.0	0.0	0.0	unsupported	True	0.0017749892211534	0.0017749892211534
AQP9	chr15:58229361-58229862	4	0.0	0.0	0	0.0	0.0	0.0	unsupported	True	0.0009921270804593	0.0009921270804593
AQP9	chr15:58294620-58295121	5	0.0	0.0	0	0.0	0.0	0.0	unsupported	True	0.0008551980133941	0.0008551980133941
AQP9	chr15:58159793-58160294	6	0.0	0.0	0	0.0	0.0	0.0	unsupported	True	0.0007642642563587	0.0007642642563587
AQP9	chr15:58238377-58238878	7	0.0	0.0	0	0.0	0.0	0.0	unsupported	True	0.0004486566842844	0.0004486566842844
AQP9	chr15:58039156-58039657	8	0.0	0.0	0	0.0	0.0	0.0	unsupported	True	0.0004301624800758	0.0004301624800758
AQP9	chr15:58070750-58071251	9	0.0	0.0	0	0.0	0.0	0.0	unsupported	True	0.0003106765001152	0.0003106765001152
AQP9	chr15:58133160-58133661	10	0.0	0.0	0	0.0	0.0	0.0	unsupported	True	0.0003013469296051	0.0003013469296051
AQP9	chr15:58065104-58065605	11	0.0	0.0	0	0.0	0.0	0.0	unsupported	True	0.0002282638225226	-0.0002282638225226
AQP9	chr15:58242908-58243409	12	0.0	0.0	0	0.0	0.0	0.0	unsupported	True	0.0001690344314312	0.0001690344314312
AQP9	chr15:58066243-58066744	13	0.0	0.0	0	0.0	0.0	0.0	unsupported	True	0.0001521404735824	0.0001521404735824
AQP9	chr15:58053561-58054062	14	0.0	0.0	0	0.0	0.0	0.0	unsupported	True	0.0001123798614699	-0.0001123798614699
AQP9	chr15:58224054-58224555	15	0.0	0.0	0	0.0	0.0	0.0	unsupported	True	0.0001085750894199	-0.0001085750894199
AQP9	chr15:58038328-58038829	16	0.0	0.0	0	0.0	0.0	0.0	unsupported	True	4.917517592056877e-05	4.917517592056877e-05
AQP9	chr15:58182483-58182984	17	0.0	0.0	0	0.0	0.0	0.0	unsupported	True	3.712035880243417e-05	-3.712035880243417e-05
AQP9	chr15:58307219-58307720	18	0.0	0.0	0	0.0	0.0	0.0	unsupported	True	3.198576752316883e-05	3.198576752316883e-05
AQP9	chr15:58165636-58166137	19	0.0	0.0	0	0.0	0.0	0.0	unsupported	True	2.127906734102041e-05	-2.127906734102041e-05
ZNF416	chr19:57708986-57709487	0	0.004571750964367732	0.03945548444213729	0	0.03488373347776956	0.016441051486682987	2.262871690033643e-05	unsupported	True	0.0036579897989637	0.0036579897989637
ZNF416	chr19:57527043-57527544	1	-0.0004636892780297691	0.04249784275591388	0	0.04296153203394365	0.037529144917292485	6.851967822149123e-05	unsupported	True	0.0017724456548147	0.0017724456548147
ZNF416	chr19:57664305-57664806	2	-0.001938048685395194	0.028662022782337686	0	0.03060007146773288	0.02460194456535373	2.157738016089656e-05	unsupported	True	0.0012940021186226	0.0012940021186226
ZNF416	chr19:57632873-57633374	3	-0.0014297537587558864	0.03844749026248185	0	0.03987724402123773	0.03096897866358733	4.748101719618829e-05	unsupported	True	0.0012309395954902	-0.0012309395954902
ZNF416	chr19:57578758-57579259	4	0.006146156447412888	0.05895946128695459	0	0.052813304839541705	0.04791561133717117	0.0001492017389703116	unsupported	True	0.0011617315140029	-0.0011617315140029
ZNF416	chr19:57487440-57487941	5	0.0011876456777443133	0.04973465288505174	0	0.048547007207307424	0.05584606409625553	0.00013483856551693374	unsupported	True	0.0007681550144794	0.0007681550144794
ZNF416	chr19:57719816-57720317	6	0.00550154102926426	0.05996286277422181	0	0.05446132174495755	0.08399598367324558	0.0002743020520882079	unsupported	True	0.0004372694342074	-0.0004372694342074
ZNF416	chr19:57425687-57426188	7	0.006107182338949818	0.10361162093856598	0	0.09750443859961616	0.11672391306492257	0.0011792141791263661	unsupported	True	0.0004138502947091	0.0004138502947091
ZNF416	chr19:57681688-57682189	8	0.0023449172660258543	0.051152964692765764	0	0.04880804742673991	0.04737985990562011	0.00011829217459075509	unsupported	True	0.0004110490342295	-0.0004110490342295
ZNF416	chr19:57648052-57648553	9	-0.0021458729897462234	0.02567177804947447	2	0.02781765103922069	0.03860797098571836	2.7571054853372435e-05	unsupported	True	0.0004076300433565	-0.0004076300433565
ZNF416	chr19:57499606-57500107	10	-0.004179884629259248	0.036759389143175406	2	0.040939273772434656	0.04836468687115147	7.278414765584943e-05	unsupported	True	0.0003916869959697	-0.0003916869959697
ZNF416	chr19:57720331-57720832	11	-0.0007710569784003207	0.028030497212428857	0	0.02880155419082918	0.04339286399133714	3.5032008729587846e-05	unsupported	True	0.0003873120374796	-0.0003873120374796
ZNF416	chr19:57477368-57477869	12	0.0003335456961477138	0.039981559194699104	2	0.03964801349855139	0.03765789163467609	5.969489059459425e-05	unsupported	True	0.0003746506361095	0.0003746506361095
ZNF416	chr19:57559614-57560115	13	0.003462504536656029	0.06458982453117504	0	0.06112731999451901	0.0755726085747099	0.0002983759902575145	unsupported	True	0.000322306924939	-0.000322306924939
ZNF416	chr19:57435012-57435513	14	0.006626833550242259	0.05250417005064105	0	0.04587733650039879	0.03877515821166566	9.339971961664805e-05	unsupported	True	0.0002957094388128	0.0002957094388128
ZNF416	chr19:57613929-57614430	15	0.0026947396318346465	0.04474339739798643	0	0.042048657766151784	0.03585397682103372	6.745566498102575e-05	unsupported	True	0.0002843354706674	0.0002843354706674
ZNF416	chr19:57693804-57694305	16	-0.008849644846527706	0.04871884709610574	0	0.05756849194263344	0.07379971672007578	0.00020698389256332096	unsupported	True	0.0002531868042745	-0.0002531868042745
ZNF416	chr19:57557721-57558222	17	-0.014254102593525445	0.019990030026726332	2	0.03424413262025178	0.03669144891356778	2.5116809911667932e-05	unsupported	True	0.0002287006243327	-0.0002287006243327
ZNF416	chr19:57599586-57600087	18	0.007672096579128851	0.057582248096781426	0	0.04991015151765257	0.0471335998074266	0.00013545907784067362	unsupported	True	0.000211174002733	-0.000211174002733
ZNF416	chr19:57727391-57727892	19	-0.0018898226491372697	0.04567712401337422	0	0.04756694666251149	0.04181934283939009	9.086177784416166e-05	unsupported	True	0.0002034702432637	-0.0002034702432637
DPP9	chr19:4558267-4558768	0	0.015127062031123044	0.09855454859363984	4	0.08342748656251679	0.09317526799967259	0.0007661018011322429	unsupported	True	0.0029248992207911	0.0029248992207911
DPP9	chr19:4660360-4660861	1	-0.0006122749166574578	0.056515864067168395	1	0.057128138983825856	0.08018751049713706	0.0002588970960198862	unsupported	True	0.0013542596625725	0.0013542596625725
DPP9	chr19:4639148-4639649	2	-0.000710984313404886	0.03730860406669228	4	0.03801958838009716	0.020604759585743235	2.9226981326202005e-05	unsupported	True	0.0012934647444274	-0.0012934647444274
DPP9	chr19:4580287-4580788	3	-0.0066565292503318226	0.03382111348500891	5	0.04047764273534073	0.032101335156691856	4.3946694076806434e-05	unsupported	True	0.0012679873124513	0.0012679873124513
DPP9	chr19:4535057-4535558	4	0.021906725219548385	0.06232895597476188	2	0.04042223075521349	0.034883440128310836	8.788797070587418e-05	unsupported	True	0.0008017453441958	0.0008017453441958
DPP9	chr19:4648245-4648746	5	-0.007722211498747061	0.038614125591862766	2	0.04633633709060983	0.05789084596397186	0.00010358045165802467	unsupported	True	0.0007972254918497	0.0007972254918497
DPP9	chr19:4584077-4584578	6	-0.012560187758520839	0.027248981089943544	2	0.03980916884846438	0.02538195960761027	2.753331646139284e-05	unsupported	True	0.0006343162238618	0.0006343162238618
DPP9	chr19:4594290-4594791	7	0.007369759966168622	0.061420681033380345	2	0.054050921067211724	0.025202818414097224	8.366943513343468e-05	unsupported	True	0.0005532632873189	0.0005532632873189
DPP9	chr19:4781836-4782337	8	-0.017289828867054744	0.014349278304819541	2	0.031639107171874285	0.04190839652210456	1.9026343045063236e-05	unsupported	True	0.0005256723156404	0.0005256723156404
DPP9	chr19:4598524-4599025	9	0.03185029808685538	0.0786451589872231	4	0.04679486090036772	0.04719955900901598	0.00017370331086360622	unsupported	True	0.000495569193239	0.000495569193239
DPP9	chr19:4791173-4791674	10	-0.00025190498363941694	0.03631576551570498	4	0.036567670499344396	0.01632330585300384	2.1677071816510593e-05	unsupported	True	0.0004898974139623	-0.0004898974139623
DPP9	chr19:4759654-4760155	11	0.007512971029878982	0.05529595048691458	4	0.0477829794570356	0.05596276917423849	0.0001478651234218248	unsupported	True	0.0004525750367009	-0.0004525750367009
DPP9	chr19:4695236-4695737	12	0.028186591572089997	0.06631694960473074	5	0.03813035803264074	0.033969865609278296	8.589922658676737e-05	unsupported	True	0.0004254900250603	0.0004254900250603
DPP9	chr19:4809522-4810023	13	-0.002657275882897014	0.025710969719717494	5	0.028368245602614507	0.027533657588196345	2.0082364358364764e-05	unsupported	True	0.0004254420499901	-0.0004254420499901
DPP9	chr19:4867504-4868005	14	0.019498425797471068	0.046925656897016665	4	0.027427231099545597	0.018253309109741125	2.3492754220245765e-05	unsupported	True	0.0003948478459751	-0.0003948478459751
DPP9	chr19:4607091-4607592	15	-0.006757524729288341	0.050082090872352825	2	0.056839615601641164	0.040321472464701615	0.00011478099030934907	unsupported	True	0.0003658078326154	0.0003658078326154
DPP9	chr19:4768832-4769333	16	-0.018465359563081537	0.005514107549143561	2	0.023979467112225098	0.010203075412896983	1.3491053259845772e-06	unsupported	True	0.0003654529732468	-0.0003654529732468
DPP9	chr19:4831581-4832082	17	0.0263127693624825	0.08630349475059207	4	0.05999072538810957	0.03067131823662511	0.00015879796685893237	unsupported	True	0.0003440630119787	0.0003440630119787
DPP9	chr19:4664336-4664837	18	0.011018982111937348	0.04187905434548197	4	0.03086007223354462	0.02773239368510278	3.5841086083715336e-05	unsupported	True	0.0003275802343862	0.0003275802343862
DPP9	chr19:4851583-4852084	19	0.011146597952370814	0.06693277552043822	5	0.055786177568067405	0.05302525408306827	0.0001979922529355565	unsupported	True	0.0002669128965911	0.0002669128965911
ING2	chr4:183417203-183417704	0	0.012638902353604735	0.049690575763154644	2	0.03705167340954991	0.033708889023864354	6.206207553528219e-05	unsupported	True	0.0016810955889294	0.0016810955889294
ING2	chr4:183364956-183365457	1	0.017112593722326354	0.046869435144594705	5	0.02975684142226835	0.022500318914201938	3.1380887641136396e-05	unsupported	True	0.0012828925187502	0.0012828925187502
ING2	chr4:183596282-183596783	2	0.007444498375367645	0.05044471353317463	0	0.043000215157806984	0.04945226446598301	0.00010726856525960086	unsupported	True	0.001155798969515	0.001155798969515
ING2	chr4:183658995-183659496	3	0.0017448033191057243	0.03907177816307896	2	0.03732697484397324	0.03240277249972113	4.725721699184142e-05	unsupported	True	0.0009548275253953	-0.0009548275253953
ING2	chr4:183589867-183590368	4	0.005878867081657978	0.03901362645574768	5	0.0331347593740897	0.020316189906723514	2.6262883443686238e-05	unsupported	True	0.0009394551165025	0.0009394551165025
ING2	chr4:183355382-183355883	5	0.009281127493848705	0.05430224373985746	4	0.045021116246008755	0.04262469794209617	0.00010420662918096205	unsupported	True	0.0009378575044412	0.0009378575044412
ING2	chr4:183578425-183578926	6	0.012798000386945795	0.0727053691746446	0	0.0599073687876988	0.0856819358560328	0.00037319515713684287	unsupported	True	0.0009177198919119	0.0009177198919119
ING2	chr4:183402759-183403260	7	0.01523110476825897	0.04931731827597969	4	0.03408621350772072	0.022468656431218273	3.777072459568663e-05	unsupported	True	0.0008930138050042	0.0008930138050042
ING2	chr4:183444349-183444850	8	0.0018065210248514425	0.03400110191717086	2	0.03219458089231941	0.030056979084993166	3.290190900826046e-05	unsupported	True	0.0008400708733094	0.0008400708733094
ING2	chr4:183635316-183635817	9	0.0023824263063039522	0.060136082270191446	2	0.05775365596388749	0.07749696406008268	0.0002691530479417947	unsupported	True	0.0007016477396397	-0.0007016477396397
ING2	chr4:183619127-183619628	10	0.008200071389002719	0.0914288896171368	2	0.08322881822813408	0.08562409482144508	0.0006515581280021243	unsupported	True	0.0006556853687044	-0.0006556853687044
ING2	chr4:183407023-183407524	11	0.004866258501246659	0.03154013707355882	0	0.02667387857231216	0.029555002820049272	2.4864558451154767e-05	unsupported	True	0.000645111260045	-0.000645111260045
ING2	chr4:183434798-183435299	12	-0.017171360626202344	0.00778601049568649	3	0.02495737112188883	0.03049337260691453	5.925421957630601e-06	unsupported	True	0.0005436115001341	0.0005436115001341
ING2	chr4:183504391-183504892	13	0.005053414688347934	0.053119401045622884	2	0.04806598635727495	0.0430870233634089	0.0001100113566761428	unsupported	True	0.0004507404711982	0.0004507404711982
ING2	chr4:183398569-183399070	14	0.005978280364784861	0.034350417714864086	0	0.028372137350079225	0.03306679327077362	3.222672376380738e-05	unsupported	True	0.0004088706342821	0.0004088706342821
ING2	chr4:183589325-183589826	15	0.01866689702447605	0.05092107267778491	4	0.03225417565330886	0.03740681776556577	6.143760174098128e-05	unsupported	True	0.0003544919283045	0.0003544919283045
ING2	chr4:183571250-183571751	16	0.009709089757058708	0.029508268485835997	0	0.01979917872877729	0.01792050378620964	1.0469865844356435e-05	unsupported	True	0.000295511422478	0.000295511422478
ING2	chr4:183637168-183637669	17	0.005528187045361821	0.04888974190167702	0	0.043361554856315196	0.05345809152118398	0.0001133276912973811	unsupported	True	0.0002941357803783	0.0002941357803783
ING2	chr4:183588037-183588538	18	-0.0043534923536950165	0.028956849941545102	5	0.03331034229524012	0.038378842243406	3.701879522008112e-05	unsupported	True	0.0002867197229179	0.0002867197229179
ING2	chr4:183430680-183431181	19	0.006238505686637928	0.05247970965893155	0	0.04624120397229362	0.06547172988998448	0.00015888188101626267	unsupported	True	0.0002663812293541	0.0002663812293541
NUDT18	chr8:22109218-22109719	0	0.003534480131106325	0.030195917303322634	2	0.026661437172216307	0.04049634606495385	3.260225369673004e-05	unsupported	True	0.0032005957487305	0.0032005957487305
NUDT18	chr8:22010053-22010554	1	8.722126213295434e-05	0.04432861018867281	2	0.04424138892653986	0.0552185806093418	0.00010829243200745059	unsupported	True	0.0014197129119358	0.0014197129119358
NUDT18	chr8:22164755-22165256	2	0.04446570828423559	0.08400559634853319	4	0.0395398880642976	0.08400559634853319	0.00027903062629112615	unsupported	True	0.0012803367947827	-0.0012803367947827
NUDT18	chr8:22231882-22232383	3	0.027103214309590857	0.09203322057082199	4	0.06493000626123113	0.09899522253743	0.0005915674924354639	unsupported	True	0.0011553450444521	0.0011553450444521
NUDT18	chr8:22156616-22157117	4	0.010269200298840764	0.06442573017165026	2	0.0541565298728095	0.07866759779636583	0.0002744770685890645	unsupported	True	0.0010849867797045	0.0010849867797045
NUDT18	chr8:22056456-22056957	5	0.005413028511237117	0.06527378372087586	2	0.059860755209638745	0.08140715205069766	0.00031808525777766105	unsupported	True	0.0010153295231457	0.0010153295231457
NUDT18	chr8:22059154-22059655	6	0.026394382196253893	0.05041151537839479	4	0.0240171331821409	0.046953638431212516	5.68486518921082e-05	unsupported	True	0.0006109706357191	-0.0006109706357191
NUDT18	chr8:22054641-22055142	7	-0.006457621946077843	0.03332487185761591	2	0.03978249380369375	0.04636368490538161	6.146649336987577e-05	unsupported	True	0.0005930558944278	0.0005930558944278
NUDT18	chr8:22023874-22024375	8	0.005624468552838788	0.08708096510115748	2	0.0814564965483187	0.10620562381548745	0.0007533494488529362	unsupported	True	0.0005512731403505	0.0005512731403505
NUDT18	chr8:22025156-22025657	9	-0.009629026056094024	0.0	1	0.009629026056094024	0.004025969154849383	0.0	unsupported	True	0.0004432416502841	0.0004432416502841
NUDT18	chr8:22244833-22245334	10	0.004459501734520346	0.03708932761695383	2	0.03262982588243348	0.04730818058707472	5.725322599204574e-05	unsupported	True	0.0004228637192167	0.0004228637192167
NUDT18	chr8:22024585-22025086	11	-0.014730850950584577	0.02793469360249786	2	0.04266554455308244	0.045864206129665575	5.466320428885734e-05	unsupported	True	0.0004199926366683	0.0004199926366683
NUDT18	chr8:22227659-22228160	12	0.04552655686932364	0.09114453333148541	4	0.04561797646216177	0.09173072010101074	0.0003814006643871049	unsupported	True	0.0003320598509794	-0.0003320598509794
NUDT18	chr8:22044274-22044775	13	0.01758380726161467	0.03160178834645831	5	0.014017981084843641	0.03160178834645831	1.3999379598144924e-05	unsupported	True	0.0003096743206512	-0.0003096743206512
NUDT18	chr8:22184111-22184612	14	0.02490323194669439	0.09314119697037629	4	0.0682379650236819	0.09314119697037629	0.0005919836287920102	unsupported	True	0.000300644772377	0.000300644772377
NUDT18	chr8:22114866-22115367	15	0.015079048730283642	0.035763044389955576	4	0.020683995659671932	0.034024385623424004	2.516860886601039e-05	unsupported	True	0.0003004054270576	-0.0003004054270576
NUDT18	chr8:22066701-22067202	16	0.023245468335663138	0.05958968317489905	4	0.03634421483923592	0.05958968317489905	0.00012905577518828012	unsupported	True	0.0002906786601643	-0.0002906786601643
NUDT18	chr8:22055670-22056171	17	-0.0006726755101832425	0.08178917440763428	2	0.08246184991781752	0.09988799278112488	0.000673693231300858	unsupported	True	0.0002660907189884	0.0002660907189884
NUDT18	chr8:22109807-22110308	18	-0.009782035755335693	0.01051449566364155	2	0.02029653141897724	0.026928750421337057	5.746805157744314e-06	unsupported	True	0.0002578634327482	0.0002578634327482
NUDT18	chr8:22201688-22202189	19	0.03367775943541092	0.11568554938143354	4	0.08200778994602262	0.1280058417831443	0.0012144062995589427	unsupported	True	0.0002439566555055	-0.0002439566555055
GMNC	chr3:190992917-190993418	0	-0.006532323270117561	0.011781158657457215	1	0.018313481927574777	0.025087663378205692	5.4127646316520775e-06	unsupported	True	0.0037409078442292	-0.0037409078442292
GMNC	chr3:190909751-190910252	1	-0.004297353463562726	0.01458644664625823	0	0.018883800109820957	0.01896023794205459	5.222550951672705e-06	unsupported	True	0.0026838742099486	0.0026838742099486
GMNC	chr3:190996063-190996564	2	-0.0029168834840514425	0.023406679155365585	0	0.026323562639417028	0.0392076372524292	2.415767532072334e-05	unsupported	True	0.0024957020390894	0.0024957020390894
GMNC	chr3:190860546-190861047	3	-0.009894884502791258	0.005185277358841172	2	0.01508016186163243	0.021443856712779534	1.6767985558354978e-06	unsupported	True	0.0016202443597625	0.0016202443597625
GMNC	chr3:190811722-190812223	4	-0.00579902198886099	0.009646094795765052	0	0.015445116784626043	0.0149700004005216	2.230306417395121e-06	unsupported	True	0.0014135476385226	0.0014135476385226
GMNC	chr3:190862509-190863010	5	-0.01083880376412015	0.059884978908460375	0	0.07072378267258053	0.07718975429448731	0.00032692116688264793	unsupported	True	0.0012986928824688	0.0012986928824688
GMNC	chr3:190892525-190893026	6	-0.020307241645439622	0.0	3	0.020307241645439622	0.024956175604375352	0.0	unsupported	True	0.0004449853531497	0.0004449853531497
GMNC	chr3:190911400-190911901	7	-0.00046288059162055386	0.037677306084430956	0	0.03814018667605151	0.040202542721396076	5.777183733813679e-05	unsupported	True	0.0002971848102902	-0.0002971848102902
GMNC	chr3:190884151-190884652	8	0.0026735467193329246	0.057701155464674456	0	0.05502760874534153	0.07354484010363041	0.00023351638497052455	unsupported	True	0.000228442263677	0.000228442263677
GMNC	chr3:190842682-190843183	9	-0.0028403096380652582	0.00644184558930783	1	0.009282155227373088	0.009075806488516296	5.426806855440988e-07	unsupported	True	0.0002280883273736	-0.0002280883273736
GMNC	chr3:190941852-190942353	10	-0.0016097668022626156	0.05502158393693293	0	0.05663135073919555	0.06013120564590188	0.00018736562687814346	unsupported	True	4.18156094741229e-05	-4.18156094741229e-05
GMNC	chr3:191041016-191041517	11	0.03331156089658142	0.0626969320625241	2	0.029385371165942677	0.0626969320625241	0.00011551111096636796	unsupported	True	3.6747987228026185e-06	-3.6747987228026185e-06
GMNC	chr3:190708619-190709120	12	-0.00611046203560721	0.03579181605002653	0	0.04190227808563374	0.04003336130999255	6.00403790852691e-05	unsupported	True	7.410616336882433e-07	7.410616336882433e-07
UBE2M	chr19:58538218-58538719	0	0.014187658576527764	0.12080517570550355	1	0.10661751712897578	0.12240417354004367	0.001576559376720455	unsupported	True	0.0034441819890954	-0.0034441819890954
UBE2M	chr19:58440060-58440561	1	-0.0017720292266492981	0.09112330809959074	1	0.09289533732624004	0.09479035950538997	0.000802393799993306	unsupported	True	0.0021647180379338	-0.0021647180379338
UBE2M	chr19:58513888-58514389	2	-0.00014809841955306706	0.08090402268464508	1	0.08105212110419815	0.08429225280861484	0.0005527416131641944	unsupported	True	0.0020299991622083	0.0020299991622083
UBE2M	chr19:58466727-58467228	3	0.001133991734658314	0.07939379612098293	1	0.07825980438632463	0.08186479275634023	0.000508654033246389	unsupported	True	0.0014863748500623	-0.0014863748500623
UBE2M	chr19:58531468-58531969	4	-0.01682232933582537	0.05545889806861268	1	0.07228122740443804	0.0752017532690649	0.00030145654738148543	unsupported	True	0.0012257897200806	-0.0012257897200806
UBE2M	chr19:58451292-58451793	5	-0.0019605978480381845	0.08250533651337835	1	0.08446593436141654	0.09037293834807725	0.0006297990969072405	unsupported	True	0.0011752850757763	-0.0011752850757763
UBE2M	chr19:58519680-58520181	6	0.00036251283536545064	0.0824625580964978	1	0.08210004526113235	0.08491923028367072	0.0005749184534279811	unsupported	True	0.0010453851258916	-0.0010453851258916
UBE2M	chr19:58475816-58476317	7	-0.004243033297644783	0.07217978124941966	1	0.07642281454706444	0.08029651256715013	0.00044293018021426806	unsupported	True	0.0008821881551142	0.0008821881551142
UBE2M	chr19:58505947-58506448	8	0.0006868161601626858	0.05887005720853211	4	0.05818324104836942	0.06451226449864322	0.00022097068100956796	unsupported	True	0.0005192494099773	-0.0005192494099773
UBE2M	chr19:58408293-58408794	9	-0.0030365337432412564	0.08311190338946234	1	0.08614843713270359	0.08808970690139852	0.0006307188292812634	unsupported	True	0.0002714537386375	-0.0002714537386375
UBE2M	chr19:58499177-58499678	10	-0.0032394263944638332	0.08258976427689718	1	0.08582919067136102	0.09283125861878397	0.0006580448318977317	unsupported	True	0.0001536536224098	-0.0001536536224098
UBE2M	chr19:58426640-58427141	11	-0.00895794126791959	0.04439734042349611	1	0.05335528169141569	0.07300318541286845	0.00017293232584896979	unsupported	True	9.893638054535468e-05	9.893638054535468e-05
KRTAP10-4	chr21:44510851-44511352	0	0.01687520477620508	0.035401349760362674	3	0.018526144984157594	0.035401349760362674	2.3217994296715876e-05	unsupported	True	0.0041042953792214	0.0041042953792214
KRTAP10-4	chr21:44717017-44717518	1	0.015592036870117246	0.0410409461923609	1	0.025448909322243654	0.0410409461923609	4.286510618488715e-05	unsupported	True	0.002627346878585	0.002627346878585
KRTAP10-4	chr21:44563420-44563921	2	0.03055357431977819	0.12385093844083708	1	0.09329736412105889	0.12385093844083708	0.0014310933951927462	unsupported	True	0.0020470292384959	0.0020470292384959
KRTAP10-4	chr21:44709472-44709973	3	0.00990081305485477	0.02709692109923153	3	0.01719610804437676	0.02709692109923153	1.2626124246906706e-05	unsupported	True	0.0013336687472245	0.0013336687472245
KRTAP10-4	chr21:44531755-44532256	4	0.03592113397557703	0.09966169881648287	3	0.06374056484090584	0.09966169881648287	0.0006331002416647671	unsupported	True	0.0010182119149977	0.0010182119149977
KRTAP10-4	chr21:44682143-44682644	5	0.014142762133620706	0.036843603069423955	3	0.022700840935803247	0.036843603069423955	3.081528120723628e-05	unsupported	True	0.000663317887937	0.000663317887937
KRTAP10-4	chr21:44485378-44485879	6	0.006823566431850557	0.03301510894197774	1	0.026191542510127182	0.03301510894197774	2.8548713721279307e-05	unsupported	True	0.0003734109667969	0.0003734109667969
KRTAP10-4	chr21:44479562-44480063	7	0.01054575708292145	0.0370283652528961	3	0.02648260816997465	0.0370283652528961	3.631029964725134e-05	unsupported	True	0.0003666600639257	0.0003666600639257
KRTAP10-4	chr21:44463638-44464139	8	0.012624825538988756	0.03645532847868102	3	0.023830502939692265	0.03645532847868102	3.167052332437344e-05	unsupported	True	0.0003175751131898	0.0003175751131898
KRTAP10-4	chr21:44517151-44517652	9	0.006307988001938064	0.021498874041704478	1	0.015190886039766413	0.021498874041704478	7.021251606062187e-06	unsupported	True	0.000298317795707	0.000298317795707
KRTAP10-4	chr21:44461423-44461924	10	0.003871272140896843	0.011983619153675401	1	0.008112347012778558	0.011983619153675401	1.1649908560094803e-06	unsupported	True	0.0002727470153613	0.0002727470153613
KRTAP10-4	chr21:44583204-44583705	11	0.04149430657361658	0.13791357128274456	3	0.09641926470912798	0.13791357128274456	0.0018339091807956964	unsupported	True	0.0002150261553973	0.0002150261553973
KRTAP10-4	chr21:44723408-44723909	12	-0.006572324721765393	0.002083699630622564	3	0.008656024352387957	0.002083699630622564	3.7582762461382734e-08	unsupported	True	0.0001469483080042	-0.0001469483080042
KRTAP10-4	chr21:44496738-44497239	13	-0.003263574709022962	0.007367750951352446	3	0.010631325660375408	0.007367750951352446	5.7710826770449e-07	unsupported	True	0.0001424313799788	-0.0001424313799788
KRTAP10-4	chr21:44647108-44647609	14	0.04054120113531116	0.10651757822192692	3	0.06597637708661577	0.10651757822192692	0.0007485676095928162	unsupported	True	0.0001383636293459	0.0001383636293459
KRTAP10-4	chr21:44535997-44536498	15	0.01604613410017124	0.044632639948809893	3	0.028586505848638654	0.044632639948809893	5.694639356718659e-05	unsupported	True	0.0001247387874302	0.0001247387874302
KRTAP10-4	chr21:44702874-44703375	16	0.008682465988968864	0.06454623407960747	3	0.0558637680906386	0.06454623407960747	0.00023274054309015658	unsupported	True	8.673405344850323e-05	8.673405344850323e-05
KRTAP10-4	chr21:44548778-44549279	17	0.0009083247518981264	0.02373109576708365	3	0.022822771015185525	0.02373109576708365	1.285298370042156e-05	unsupported	True	8.574371570968844e-05	-8.574371570968844e-05
KRTAP10-4	chr21:44505533-44506034	18	-0.0008061471348466361	0.00029741123300217585	3	0.0011035583678488119	0.00029741123300217585	9.761353554986883e-11	unsupported	True	7.571187516141519e-05	7.571187516141519e-05
KRTAP10-4	chr21:44455141-44455642	19	0.02548810794519873	0.08264655073461002	1	0.05715844278941129	0.08264655073461002	0.0003904180197777328	unsupported	True	5.8688154313939805e-05	-5.8688154313939805e-05
NPEPL1	chr20:58651464-58651965	0	0.016610615452895446	0.07562339641415243	0	0.059012780961256985	0.07825411320337754	0.00034922830331227697	unsupported	True	0.0019165707063885	-0.0019165707063885
NPEPL1	chr20:58805791-58806292	1	0.014461409328250685	0.044990377849296104	0	0.03052896852104542	0.038218604875375616	5.249362945124181e-05	unsupported	True	0.0016276084944258	-0.0016276084944258
NPEPL1	chr20:58836354-58836855	2	0.021041843936859997	0.06611293455828895	0	0.04507109062142896	0.04050404237581372	0.00012069321902032097	unsupported	True	0.0012623998784642	0.0012623998784642
NPEPL1	chr20:58650383-58650884	3	0.01774279065554924	0.07976880897727333	0	0.06202601832172409	0.07077058374444364	0.0003501545617530116	unsupported	True	0.0011484219131282	0.0011484219131282
NPEPL1	chr20:58650962-58651463	4	0.018888674907975828	0.08752871906717861	0	0.06864004415920279	0.08570423951160987	0.0005149089405471605	unsupported	True	0.0010997404833341	-0.0010997404833341
NPEPL1	chr20:58674782-58675283	5	0.008616777936478399	0.07843653923467268	1	0.06981976129819428	0.0925169181400228	0.0005066615421419063	unsupported	True	0.0009172482634574	0.0009172482634574
NPEPL1	chr20:58840156-58840657	6	0.013332461762936778	0.0939590198582287	0	0.08062655809529193	0.11604666731408772	0.0008791222478371146	unsupported	True	0.0007724747059348	0.0007724747059348
NPEPL1	chr20:58590084-58590585	7	0.01428858940287295	0.06885319254025737	0	0.054564603137384426	0.03254615343653879	0.00012227417760603013	unsupported	True	0.0007122108664997	0.0007122108664997
NPEPL1	chr20:58601120-58601621	8	0.007945785092672573	0.05898496883822899	0	0.05103918374555642	0.07521524589645505	0.00022643885709177546	unsupported	True	0.0006743490462496	0.0006743490462496
NPEPL1	chr20:58692462-58692963	9	0.019618367220188584	0.0703779952455579	0	0.05075962802536932	0.04580620794416343	0.0001636363043972259	unsupported	True	0.0006637777478561	0.0006637777478561
NPEPL1	chr20:58742900-58743401	10	-0.0028213163832796987	0.02400066955146917	0	0.026821985934748868	0.047939657144211695	3.086094436525451e-05	unsupported	True	0.0005973662159245	0.0005973662159245
NPEPL1	chr20:58619370-58619871	11	0.011048489619841659	0.06920402583567462	0	0.058155536215832956	0.0781891858141271	0.0003146799807035416	unsupported	True	0.0005095563070021	0.0005095563070021
NPEPL1	chr20:58789123-58789624	12	0.01792367357644133	0.07635874777831529	1	0.058435074201873966	0.08023414125822509	0.00035800707249697135	unsupported	True	0.0004573602010382	0.0004573602010382
NPEPL1	chr20:58660840-58661341	13	-0.004689550231957504	0.01880605795881498	0	0.023495608190772482	0.022946035580357536	1.0138929990485591e-05	unsupported	True	0.0003899332528406	0.0003899332528406
NPEPL1	chr20:58623798-58624299	14	0.000419044762041267	0.06392914066120926	1	0.06351009589916799	0.07377361380411075	0.0002995316322320399	unsupported	True	0.0003471275858578	0.0003471275858578
NPEPL1	chr20:58839362-58839863	15	0.01247587827838587	0.09186333968386098	0	0.07938746140547512	0.10590783254490896	0.0007723643588046953	unsupported	True	0.0003269828755717	0.0003269828755717
NPEPL1	chr20:58547644-58548145	16	0.015288422583405794	0.05613297416457263	0	0.04084455158116684	0.04542213017017917	0.0001041405060236469	unsupported	True	0.0003182899289191	0.0003182899289191
NPEPL1	chr20:58634814-58635315	17	-0.005063800471944271	0.042915928805327665	0	0.04797972927727193	0.050209747786126	0.00010338662283148742	unsupported	True	0.0003026645665573	0.0003026645665573
NPEPL1	chr20:58570194-58570695	18	0.0014178275268401654	0.06559264553747386	1	0.0641748180106337	0.07194177450065031	0.00030283142430533136	unsupported	True	0.0002270143575578	0.0002270143575578
NPEPL1	chr20:58666121-58666622	19	0.007086504799548217	0.0871955223785053	0	0.08010901757895708	0.08565926151716792	0.0005983425880047214	unsupported	True	0.0002239743829492	-0.0002239743829492
SEC13	chr3:10164608-10165109	0	-0.007340408517444517	0.02206663745609802	4	0.029407045973542538	0.04590364706610706	2.9787547791346163e-05	unsupported	True	0.0025666547310976	0.0025666547310976
SEC13	chr3:10366500-10367001	1	-0.012542125206195543	0.026692352569581093	4	0.039234477775776634	0.050072646144123344	5.243910512193226e-05	unsupported	True	0.001507048225322	0.001507048225322
SEC13	chr3:10283531-10284032	2	-0.0057081526262438755	0.017715293432454017	5	0.023423446058697894	0.029993731736675803	1.2445995567821759e-05	unsupported	True	0.0014964558976411	0.0014964558976411
SEC13	chr3:10357583-10358084	3	-0.010629841670341486	0.001042501188800988	3	0.011672342859142475	0.017466591078275688	2.1254101369906835e-07	unsupported	True	0.0009975545532643	0.0009975545532643
SEC13	chr3:10320921-10321422	4	-0.002981974603820257	0.03192171166900394	4	0.0349036862728242	0.03846488013181197	4.285700821666422e-05	unsupported	True	0.00087116703709	0.00087116703709
SEC13	chr3:10156972-10157473	5	-0.019815022635703027	-0.004951235441392537	3	0.01486378719431049	0.010354319899972387	0.0	unsupported	True	0.0007786253777634	-0.0007786253777634
SEC13	chr3:10241371-10241872	6	-0.009059425460996213	0.022410366556384294	5	0.03146979201738051	0.016815488023321775	1.1859115774511415e-05	unsupported	True	0.0006091689400671	0.0006091689400671
SEC13	chr3:10464022-10464523	7	-0.013461725139312396	0.014189964057693408	4	0.027651689197005804	0.019025848464442382	7.465295370344185e-06	unsupported	True	0.0005303013081109	-0.0005303013081109
SEC13	chr3:10263814-10264315	8	0.009873903820389836	0.043492097702593276	3	0.03361819388220344	0.05268567907596924	7.703308924021421e-05	unsupported	True	0.0005122587993204	-0.0005122587993204
SEC13	chr3:10160308-10160809	9	-0.014130732677823896	0.010811191971358942	4	0.024941924649182837	0.013754359315156742	3.7088896111349674e-06	unsupported	True	0.0005060184349796	-0.0005060184349796
SEC13	chr3:10356572-10357073	10	-0.023228481406546837	0.03301983617709756	4	0.0562483175836444	0.06379590975177066	0.00011848879593209781	unsupported	True	0.0005034114223386	0.0005034114223386
SEC13	chr3:10432333-10432834	11	0.0004253027577589389	0.0572912875828469	4	0.05686598482508796	0.0545713513119903	0.000177789396479227	unsupported	True	0.0005024503061766	0.0005024503061766
SEC13	chr3:10264505-10265006	12	0.022488888190745397	0.0823523542813339	3	0.059863466090588506	0.06381274507203952	0.0003145902839755513	unsupported	True	0.0004975863755792	-0.0004975863755792
SEC13	chr3:10362791-10363292	13	-0.0051648039191979555	0.06352157831539058	4	0.06868638223458853	0.0697205845257473	0.0003041956100329778	unsupported	True	0.0004950054924481	0.0004950054924481
SEC13	chr3:10248157-10248658	14	0.004974176654585059	0.03539777870646708	4	0.030423602051882017	0.023073012354834103	2.48479715007478e-05	unsupported	True	0.0004280088283874	-0.0004280088283874
SEC13	chr3:10455764-10456265	15	-0.0007997881277075752	0.02434990174594235	2	0.025149689873649926	0.027657396114459828	1.6937181323979734e-05	unsupported	True	0.0003947490336297	0.0003947490336297
SEC13	chr3:10299496-10299997	16	-0.016618980902078043	0.029685859260051975	5	0.04630484016213002	0.06384428864649153	8.776029329332432e-05	unsupported	True	0.0003421960856587	-0.0003421960856587
SEC13	chr3:10374252-10374753	17	0.037476106787150604	0.10969215415299712	3	0.07221604736584651	0.10876799353292906	0.0008616093371265138	unsupported	True	0.000337643575492	-0.000337643575492
SEC13	chr3:10381211-10381712	18	0.021043519056478045	0.06372110348186612	4	0.042677584425388077	0.037426057744627664	0.00010177877079635804	unsupported	True	0.000334819447267	-0.000334819447267
SEC13	chr3:10328071-10328572	19	0.0020361231194336864	0.04784818028519347	5	0.045812057165759784	0.05094733331145559	0.00011167775547297637	unsupported	True	0.0002828311569241	0.0002828311569241
TMUB2	chr17:44199140-44199641	0	-0.0250542162156273	0.01569093204956257	0	0.04074514826518987	0.04670641763470942	2.9860783756998594e-05	unsupported	True	0.0021381981841003	-0.0021381981841003
TMUB2	chr17:44199953-44200454	1	-0.011807283076426119	0.012282776604553174	5	0.02409005968097929	0.04180861338640983	1.2370868575893223e-05	unsupported	True	0.0016006748267864	-0.0016006748267864
TMUB2	chr17:44138060-44138561	2	0.014460037038990367	0.05460525893567368	4	0.04014522189668331	0.06053205517977243	0.00013269475376963114	unsupported	True	0.0011320711572671	0.0011320711572671
TMUB2	chr17:44219652-44220153	3	-0.013314635153762792	0.011643346979868942	0	0.024957982133631734	0.04424881757958759	1.2858460626236984e-05	unsupported	True	0.0010922993328461	-0.0010922993328461
TMUB2	chr17:44212846-44213347	4	-0.014511959889488104	-0.0033771323846039434	4	0.01113482750488416	0.006990176232704924	0.0	unsupported	True	0.0008569801273897	0.0008569801273897
TMUB2	chr17:44324611-44325112	5	-0.015338294504283168	0.004162005373536996	0	0.019500299877820162	0.032387729003469576	2.628599514808517e-06	unsupported	True	0.0008316968946586	-0.0008316968946586
TMUB2	chr17:44315259-44315760	6	0.0044130898788341975	0.04151628200692874	4	0.03710319212809454	0.04576832290979046	7.050091075392557e-05	unsupported	True	0.0008228841802204	0.0008228841802204
TMUB2	chr17:44041352-44041853	7	-0.004459348824686351	0.02548092954433408	0	0.029940278369020433	0.04032546960512516	3.076454770116516e-05	unsupported	True	0.0007666045222688	0.0007666045222688
TMUB2	chr17:44210291-44210792	8	-0.033461804611158656	0.006558037757511361	0	0.04001984236867002	0.024810569665771096	6.511574631211467e-06	unsupported	True	0.000701543741866	-0.000701543741866
TMUB2	chr17:44123489-44123990	9	-0.010142701610383473	0.00643132149412867	0	0.016574023104512142	0.024218273338798845	2.5814952867228522e-06	unsupported	True	0.0006178873710458	-0.0006178873710458
TMUB2	chr17:44326706-44327207	10	-0.016469141980547188	0.0033210989199199724	0	0.01979024090046716	0.037475129961356705	2.463065946044525e-06	unsupported	True	0.0006030778853737	-0.0006030778853737
TMUB2	chr17:44221931-44222432	11	-0.011329534884529565	0.0025644173213084614	5	0.013893952205838027	0.01878374568029505	6.692628242732459e-07	unsupported	True	0.0005411635686163	0.0005411635686163
TMUB2	chr17:44304471-44304972	12	0.0006229501996173763	0.03966025001925216	0	0.03903729981963479	0.061665199450089844	9.547185445290785e-05	unsupported	True	0.0004423295370272	-0.0004423295370272
TMUB2	chr17:44307687-44308188	13	-0.029080188468304187	0.00435009604773869	0	0.03343028451604288	0.027277019346422023	3.966759134996716e-06	unsupported	True	0.0004125678258417	-0.0004125678258417
TMUB2	chr17:44186570-44187071	14	-0.009739582944177493	0.007083976221208034	5	0.016823559165385527	0.018544540893563805	2.2100956029908546e-06	unsupported	True	0.000382256399255	-0.000382256399255
TMUB2	chr17:44150598-44151099	15	-0.005953612137221498	0.021184119158278378	5	0.027137731295499876	0.039785193535596175	2.2872067478749273e-05	unsupported	True	0.0003814110703898	-0.0003814110703898
TMUB2	chr17:44078298-44078799	16	-0.01251668118501016	0.0033820910776330058	3	0.015898772262643166	0.018011835610532594	9.68516138414457e-07	unsupported	True	0.0002995832505989	0.0002995832505989
TMUB2	chr17:44086826-44087327	17	-0.004963848501658176	0.014041473368551119	5	0.019005321870209296	0.020253882205349193	5.405006114133624e-06	unsupported	True	0.000296649218641	0.000296649218641
TMUB2	chr17:44221081-44221582	18	-0.01616657213766998	0.004817251437753953	5	0.020983823575423933	0.03619395639822698	3.6586427116531603e-06	unsupported	True	0.0002909129511057	-0.0002909129511057
TMUB2	chr17:44318441-44318942	19	0.005231573360001322	0.02472100521042925	5	0.01948943185042793	0.037134949642257234	1.7891557328417563e-05	unsupported	True	0.0002802063842365	0.0002802063842365
COX7B2	chr4:46968783-46969284	0	0.0003794646243193854	0.00045114185255488206	0	7.167722823549666e-05	0.00045114185255488206	1.4588392515980768e-11	unsupported	True	0.0082893796395511	0.0082893796395511
COX7B2	chr4:47031293-47031794	1	0.0031542205779964204	0.04384471654109086	0	0.04069049596309444	0.04384471654109086	7.822174798825846e-05	unsupported	True	0.0024007537828028	0.0024007537828028
COX7B2	chr4:46720058-46720559	2	0.0002328457630062112	0.01761928658620765	0	0.017386440823201437	0.01761928658620765	5.3974338198314155e-06	unsupported	True	0.0015711236973738	0.0015711236973738
COX7B2	chr4:46742712-46743213	3	-0.007137993183420661	0.0	1	0.007137993183420661	0.0061459386385272026	0.0	unsupported	True	0.0004327174732991	0.0004327174732991
COX7B2	chr4:46975788-46976289	4	0.0076105946820461835	0.047704984805973426	0	0.040094390123927244	0.047704984805973426	9.124543280821174e-05	unsupported	True	0.0003491959928528	-0.0003491959928528
COX7B2	chr4:46993292-46993793	5	-0.00023712058106857052	0.006824951985385169	5	0.00706207256645374	0.006824951985385169	3.2895112547827456e-07	unsupported	True	0.0003293694585023	-0.0003293694585023
COX7B2	chr4:47032538-47033039	6	-0.0024577757731497024	0.021451275019158385	0	0.02390905079230809	0.021451275019158385	1.1001921865992687e-05	unsupported	True	0.0002751566265672	0.0002751566265672
COX7B2	chr4:46970448-46970949	7	-0.002562565924098116	0.0038733771046431113	5	0.006435943028741228	0.0038733771046431113	9.655877631090692e-08	unsupported	True	0.0001282459140811	-0.0001282459140811
COX7B2	chr4:46974827-46975328	8	0.02216031503965565	0.12349809018871155	0	0.1013377751490559	0.12349809018871155	0.0015455812779881545	unsupported	True	0.0001265304652976	-0.0001265304652976
COX7B2	chr4:47050685-47051186	9	-0.007005254622109571	0.0035182183761856365	0	0.010523472998295208	0.0035182183761856365	1.3025808119598125e-07	unsupported	True	0.0001179414827005	0.0001179414827005
COX7B2	chr4:46693602-46694103	10	-0.005572920008996641	0.0019603034483372367	5	0.007533223457333878	0.0019603034483372367	2.894859282835784e-08	unsupported	True	8.537199719510819e-05	8.537199719510819e-05
COX7B2	chr4:46874766-46875267	11	-0.006028584951976906	0.0	1	0.006028584951976906	0.0017093154085513127	0.0	unsupported	True	7.884560720925667e-05	-7.884560720925667e-05
COX7B2	chr4:46896307-46896808	12	0.007898560038578929	0.04483960845780775	0	0.03694104841922882	0.04483960845780775	7.427332051856019e-05	unsupported	True	4.980515362688734e-05	-4.980515362688734e-05
COX7B2	chr4:46890022-46890523	13	0.0034489946462795415	0.10170607277167215	0	0.09825707812539261	0.10170607277167215	0.0010163835217115687	unsupported	True	4.5781265121402135e-05	-4.5781265121402135e-05
COX7B2	chr4:46967745-46968246	14	-0.007220337564324027	0.0013392964531018779	5	0.008559634017425904	0.0013392964531018779	1.53535438399043e-08	unsupported	True	4.569296884706747e-05	-4.569296884706747e-05
COX7B2	chr4:46689214-46689715	15	-0.007137670270337704	0.009603102589587747	0	0.01674077285992545	0.009603102589587747	1.5438270310717175e-06	unsupported	True	4.083168752174572e-05	4.083168752174572e-05
COX7B2	chr4:46723732-46724233	16	-0.004068435965485645	0.015563529730251768	0	0.019631965695737413	0.015563529730251768	4.755322611571006e-06	unsupported	True	3.3122764659995695e-05	-3.3122764659995695e-05
COX7B2	chr4:46896828-46897329	17	0.008769728346726	0.01849407428078249	0	0.00972434593405649	0.01849407428078249	3.3260256588805303e-06	unsupported	True	3.2327199640104704e-05	-3.2327199640104704e-05
COX7B2	chr4:47041503-47042004	18	0.0018637780407831323	0.008460425563556416	5	0.006596647522773284	0.008460425563556416	4.7218011842944305e-07	unsupported	True	3.202810155055249e-05	-3.202810155055249e-05
COX7B2	chr4:46802681-46803182	19	0.00032390662469977666	0.016300692855950396	0	0.01597678623125062	0.016300692855950396	4.245233210782541e-06	unsupported	True	2.5135466797615785e-05	-2.5135466797615785e-05
HYAL2	chr3:50170653-50171154	0	0.0013002659546618215	0.06600071603709558	1	0.06470045008243376	0.0820593879911199	0.0003504162378509139	unsupported	True	0.0038890643513414	0.0038890643513414
HYAL2	chr3:50365009-50365510	1	-0.010635863544055395	0.06543338821226241	1	0.0760692517563178	0.1036068837350211	0.0005157000396678754	unsupported	True	0.0013457727678589	0.0013457727678589
HYAL2	chr3:50345494-50345995	2	-0.0013933548270579387	0.08669463423013665	1	0.08808798905719459	0.10333733576320488	0.000789162018023084	unsupported	True	0.0012166332580921	0.0012166332580921
HYAL2	chr3:50226006-50226507	3	-0.009071384339611684	0.06320929962917826	1	0.07228068396878995	0.09816166165085824	0.00044848211981281103	unsupported	True	0.0009825072541877	0.0009825072541877
HYAL2	chr3:50370539-50371040	4	-0.00948143711734364	0.04156743335659921	4	0.05104887047394285	0.05895131107935653	0.00012509294430563975	unsupported	True	0.0006817607126728	-0.0006817607126728
HYAL2	chr3:50321242-50321743	5	-0.015532056282365366	0.05765779303218809	1	0.07318984931455345	0.08127787620715334	0.0003429898078102834	unsupported	True	0.0005850708045652	-0.0005850708045652
HYAL2	chr3:50291746-50292247	6	-0.012326160237432493	0.04503872037755788	1	0.05736488061499037	0.07437690079860193	0.00019216319678320035	unsupported	True	0.000583691591497	0.000583691591497
HYAL2	chr3:50359390-50359891	7	-0.013113302372095424	0.0440848239935401	1	0.057198126365635524	0.06250552059460368	0.00015761200391138755	unsupported	True	0.0005588111852201	-0.0005588111852201
HYAL2	chr3:50204961-50205462	8	0.0005892579324890923	0.08046201218167201	1	0.07987275424918291	0.10431498897572643	0.0006704034893852187	unsupported	True	0.0005338033034136	0.0005338033034136
HYAL2	chr3:50257916-50258417	9	0.014948505215082685	0.10290036985928687	1	0.08795186464420418	0.11627609917089045	0.0010523311852366323	unsupported	True	0.0005024554467352	0.0005024554467352
HYAL2	chr3:50221579-50222080	10	0.007346847365466599	0.07640286234746745	1	0.06905601498200084	0.08182735324891532	0.00043172743338037653	unsupported	True	0.0005008767095418	-0.0005008767095418
HYAL2	chr3:50246080-50246581	11	0.0004041694389376769	0.08372453995839925	1	0.08332037051946158	0.10706667017719335	0.0007468927753955525	unsupported	True	0.0004394981244265	-0.0004394981244265
HYAL2	chr3:50328012-50328513	12	-0.01081678921197389	0.06163077967760205	1	0.07244756888957593	0.08154441447167882	0.0003640958233705179	unsupported	True	0.0004101692406572	-0.0004101692406572
HYAL2	chr3:50194453-50194954	13	-0.009356978215843305	0.0689747753446394	1	0.0783317535604827	0.09647225354909991	0.0005212313958352887	unsupported	True	0.0003824277695789	0.0003824277695789
HYAL2	chr3:50235849-50236350	14	-0.007840854285876416	0.07279066915370837	1	0.08063152343958478	0.09783512041998679	0.0005742160945645323	unsupported	True	0.0003499869984737	-0.0003499869984737
HYAL2	chr3:50292301-50292802	15	-0.01604898983339491	0.04244225503089223	1	0.05849124486428714	0.06374275385458539	0.00015824140758138844	unsupported	True	0.0003345144687346	-0.0003345144687346
HYAL2	chr3:50267291-50267792	16	0.011532949438635911	0.08384715347704207	1	0.07231420403840616	0.1007879430661929	0.0006111115832984861	unsupported	True	0.0003045619860021	0.0003045619860021
HYAL2	chr3:50238657-50239158	17	0.011125197939762408	0.10015001884529622	1	0.0890248209055338	0.11649053906247013	0.001038610715565208	unsupported	True	0.0003027938775322	0.0003027938775322
HYAL2	chr3:50299254-50299755	18	-0.012997246007173354	0.04346657369082225	1	0.056463819697995604	0.05865490646237889	0.00014395607880897138	unsupported	True	0.0002978088024876	-0.0002978088024876
HYAL2	chr3:50387931-50388432	19	-0.005605769000194498	0.03636867122693489	1	0.04197444022712939	0.05519997407290956	8.426577525472188e-05	unsupported	True	0.0002838961979427	-0.0002838961979427
RELB	chr19:45153548-45154049	0	-0.0017454839563256356	0.03411654659216265	5	0.035862030548488286	0.036271268581362495	4.437748492612138e-05	unsupported	True	0.0027614912711049	0.0027614912711049
RELB	chr19:44903515-44904016	1	0.009479194684404474	0.03034479469459537	1	0.020865600010190895	0.01565786357821533	9.913969675499904e-06	unsupported	True	0.0022978251387929	0.0022978251387929
RELB	chr19:44860911-44861412	2	-0.006797628248746268	0.01237819672647474	3	0.01917582497522101	0.02541541848474255	6.0326579664081725e-06	unsupported	True	0.0013510817542976	0.0013510817542976
RELB	chr19:44906358-44906859	3	0.005303877540460169	0.048133064274207965	2	0.0428291867337478	0.04292997321553489	8.850013969227863e-05	unsupported	True	0.0013432123223224	0.0013432123223224
RELB	chr19:44863357-44863858	4	0.007387084564025496	0.050270308756207964	1	0.04288322419218247	0.04739593149327309	0.00010217391774130893	unsupported	True	0.0007730291517171	0.0007730291517171
RELB	chr19:45103186-45103687	5	0.015951276699398595	0.048465120105336504	0	0.03251384340593791	0.036930132044119754	5.819403401357822e-05	unsupported	True	0.0007384085991017	0.0007384085991017
RELB	chr19:45091446-45091947	6	0.005401928326146664	0.015009991923244643	1	0.009608063597097979	0.008186777998742952	1.1806722105351691e-06	unsupported	True	0.0007119801289921	-0.0007119801289921
RELB	chr19:45152481-45152982	7	0.0019563942490906515	0.03409476357519983	5	0.03213836932610918	0.04520318260718012	4.9531392036898025e-05	unsupported	True	0.0006648903371408	0.0006648903371408
RELB	chr19:44926993-44927494	8	0.01558803214027732	0.06508150719829435	1	0.04949347505801703	0.05363629906068189	0.00017276841676022814	unsupported	True	0.0004230195134573	0.0004230195134573
RELB	chr19:45178109-45178610	9	0.006314109063017133	0.018254465639198806	5	0.011940356576181673	0.012481318605677217	2.720488473580071e-06	unsupported	True	0.0003474725980917	-0.0003474725980917
RELB	chr19:44914912-44915413	10	0.011400561521258176	0.03766737800472452	2	0.026266816483466345	0.03499353104797902	3.462267329647125e-05	unsupported	True	0.0003411239496766	0.0003411239496766
RELB	chr19:45107703-45108204	11	0.0077452737740588175	0.09862275907571841	2	0.0908774853016596	0.08783364128484442	0.0007872167690910889	unsupported	True	0.000339871951671	0.000339871951671
RELB	chr19:44890747-44891248	12	0.008263357359388008	0.02078100144012359	1	0.012517644080735583	0.014774428472618752	3.843259958656506e-06	unsupported	True	0.0003373898915291	-0.0003373898915291
RELB	chr19:44967792-44968293	13	-0.002134249514149373	0.008375973010455656	2	0.01051022252460503	0.014802045064760306	1.3030734688414025e-06	unsupported	True	0.0003244042216919	0.0003244042216919
RELB	chr19:44943723-44944224	14	-0.0004600169959173846	0.0410288714071844	1	0.04148888840310178	0.04906560003355633	8.352153823862041e-05	unsupported	True	0.0003118761156622	0.0003118761156622
RELB	chr19:44955074-44955575	15	0.008684941154847366	0.026894264588400447	5	0.018209323433553082	0.021096789612491583	1.0331654035195868e-05	unsupported	True	0.0003079513846492	-0.0003079513846492
RELB	chr19:44910951-44911452	16	0.0071201335394482125	0.04357823162725103	1	0.036458098087802815	0.034122093586761035	5.421248084820402e-05	unsupported	True	0.0003028546866804	0.0003028546866804
RELB	chr19:45137142-45137643	17	0.01293327358504534	0.05600169669584481	0	0.04306842311079947	0.0604080915639782	0.00014569856408218739	unsupported	True	0.000285537630484	-0.000285537630484
RELB	chr19:44925417-44925918	18	-0.001010118631906951	0.02647541339408724	1	0.027485532025994193	0.020812455558478864	1.5145032908685335e-05	unsupported	True	0.0002852085446078	0.0002852085446078
RELB	chr19:45001786-45002287	19	0.006304146155701496	0.02656350946677563	1	0.020259363311074134	0.0250297312414092	1.3469994886220708e-05	unsupported	True	0.0002369189093705	0.0002369189093705
LYPD4	chr19:41957707-41958208	0	0.0	0.0	0	0.0	0.0	0.0	unsupported	True	0.0024856309485069	0.0024856309485069
LYPD4	chr19:41873077-41873578	1	0.0	0.0	0	0.0	0.0	0.0	unsupported	True	0.0018457445014351	0.0018457445014351
LYPD4	chr19:41884046-41884547	2	0.0	0.0	0	0.0	0.0	0.0	unsupported	True	0.0018309320316908	0.0018309320316908
LYPD4	chr19:41746559-41747060	3	0.0	0.0	0	0.0	0.0	0.0	unsupported	True	0.0016407484047766	0.0016407484047766
LYPD4	chr19:41959158-41959659	4	0.0	0.0	0	0.0	0.0	0.0	unsupported	True	0.0012225031970881	0.0012225031970881
LYPD4	chr19:41908324-41908825	5	0.0	0.0	0	0.0	0.0	0.0	unsupported	True	0.0009804425947806	0.0009804425947806
LYPD4	chr19:41793084-41793585	6	0.0	0.0	0	0.0	0.0	0.0	unsupported	True	0.0008775612061075	0.0008775612061075
LYPD4	chr19:41994547-41995048	7	0.0	0.0	0	0.0	0.0	0.0	unsupported	True	0.0008205281239767	0.0008205281239767
LYPD4	chr19:41928327-41928828	8	0.0	0.0	0	0.0	0.0	0.0	unsupported	True	0.0004820684868101	0.0004820684868101
LYPD4	chr19:41984913-41985414	9	0.0	0.0	0	0.0	0.0	0.0	unsupported	True	0.0004655973238579	0.0004655973238579
LYPD4	chr19:41882942-41883443	10	0.0	0.0	0	0.0	0.0	0.0	unsupported	True	0.0004463211856421	0.0004463211856421
LYPD4	chr19:41940060-41940561	11	0.0	0.0	0	0.0	0.0	0.0	unsupported	True	0.0003515464291975	0.0003515464291975
LYPD4	chr19:41958406-41958907	12	0.0	0.0	0	0.0	0.0	0.0	unsupported	True	0.000261374843258	0.000261374843258
LYPD4	chr19:41940668-41941169	13	0.0	0.0	0	0.0	0.0	0.0	unsupported	True	0.0002587555213796	0.0002587555213796
LYPD4	chr19:41994042-41994543	14	0.0	0.0	0	0.0	0.0	0.0	unsupported	True	0.0001503824551834	0.0001503824551834
LYPD4	chr19:41983561-41984062	15	0.0	0.0	0	0.0	0.0	0.0	unsupported	True	0.0001208020892315	0.0001208020892315
LYPD4	chr19:41937846-41938347	16	0.0	0.0	0	0.0	0.0	0.0	unsupported	True	7.627532855924631e-05	-7.627532855924631e-05
LYPD4	chr19:41859517-41860018	17	0.0	0.0	0	0.0	0.0	0.0	unsupported	True	6.190476229872422e-05	-6.190476229872422e-05
LYPD4	chr19:41974762-41975263	18	0.0	0.0	0	0.0	0.0	0.0	unsupported	True	5.36369609824104e-05	5.36369609824104e-05
LYPD4	chr19:41927731-41928232	19	0.0	0.0	0	0.0	0.0	0.0	unsupported	True	4.996707007074008e-05	-4.996707007074008e-05
ENGASE	chr17:78925199-78925700	0	-0.023417414679728455	0.04670043173014895	5	0.07011784640987741	0.08103830902963144	0.0002653626738542103	unsupported	True	0.001676468320334	-0.001676468320334
ENGASE	chr17:79009577-79010078	1	-0.028908387168324078	0.030737445841779915	5	0.059645833010103996	0.06728591838340264	0.00012335934913104094	unsupported	True	0.0015370490854242	-0.0015370490854242
ENGASE	chr17:79207877-79208378	2	-0.004062351399419379	0.03834444964951569	5	0.042406801048935065	0.05981387057686928	9.726126823333725e-05	unsupported	True	0.0013916222504776	0.0013916222504776
ENGASE	chr17:79131750-79132251	3	0.0052758622389421075	0.04212637686332525	5	0.03685051462438314	0.06510014162910097	0.00010106007106248813	unsupported	True	0.0011211542639869	0.0011211542639869
ENGASE	chr17:79142007-79142508	4	-0.005759680341153148	0.02161960631447175	5	0.027379286655624897	0.047387010139947935	2.804976441670387e-05	unsupported	True	0.0010521150756197	0.0010521150756197
ENGASE	chr17:79155062-79155563	5	-0.008928948325117505	0.03209942593040713	5	0.041028374255524636	0.05301284789474517	6.981724531809562e-05	unsupported	True	0.0007678986834874	0.0007678986834874
ENGASE	chr17:78935332-78935833	6	0.019746284383181108	0.0446998705812457	3	0.024953586198064592	0.06694257113031005	7.46692215017133e-05	unsupported	True	0.0007653910724175	0.0007653910724175
ENGASE	chr17:78935909-78936410	7	0.013651081127202919	0.047034507009852476	3	0.03338342588264956	0.06872132410344514	0.00010790436616705287	unsupported	True	0.0007526571945851	0.0007526571945851
ENGASE	chr17:78993092-78993593	8	-0.014802552670741854	0.02426893908062363	5	0.039071491751365484	0.06414531888785006	6.082410860529261e-05	unsupported	True	0.0006636448222406	0.0006636448222406
ENGASE	chr17:78934073-78934574	9	-0.009215718531769506	0.05669811969354192	0	0.06591383822531142	0.08450693226837737	0.0003158185204428095	unsupported	True	0.0006390751626803	0.0006390751626803
ENGASE	chr17:78953909-78954410	10	-0.02030729994827655	0.04085665753942917	5	0.06116395748770572	0.06710716235523925	0.00016769776983265554	unsupported	True	0.0005778919017209	0.0005778919017209
ENGASE	chr17:79087546-79088047	11	-0.022731769354979402	0.03930438824457228	5	0.06203615759955168	0.07654597814221711	0.00018664153978990714	unsupported	True	0.0004637159967876	-0.0004637159967876
ENGASE	chr17:78971208-78971709	12	-0.02542680809592819	0.03582008571757604	5	0.06124689381350423	0.07210697242707473	0.00015819325050627216	unsupported	True	0.0004587196537412	-0.0004587196537412
ENGASE	chr17:79125472-79125973	13	-0.01041602818950485	0.03718440219383292	0	0.04760043038333777	0.045711079856028854	8.090831641607598e-05	unsupported	True	0.000416990411226	0.000416990411226
ENGASE	chr17:78986717-78987218	14	-0.019895200396074546	0.009060578292925107	0	0.028955778688999654	0.036345275787450504	9.535404803360755e-06	unsupported	True	0.0004113893833681	0.0004113893833681
ENGASE	chr17:78979763-78980264	15	-0.012839017569921026	0.0704373096305662	5	0.08327632720048722	0.09730259742285467	0.0005707537270533671	unsupported	True	0.0004071712554611	0.0004071712554611
ENGASE	chr17:79165084-79165585	16	-0.006855177628517967	0.0693106670067833	5	0.07616584463530127	0.10725233150488044	0.0005661963725783575	unsupported	True	0.0004056870875001	-0.0004056870875001
ENGASE	chr17:79114421-79114922	17	-0.018342524640744835	0.06835836758696963	0	0.08670089222771446	0.10224314913374591	0.0006059676886447667	unsupported	True	0.000380141384167	0.000380141384167
ENGASE	chr17:79192126-79192627	18	0.016143653653413997	0.029294915279387962	3	0.013151261625973965	0.04831978071671997	1.8615924915452963e-05	unsupported	True	0.0003252393866265	0.0003252393866265
ENGASE	chr17:78991382-78991883	19	0.006756732684169193	0.060961141824346914	4	0.05420440914017772	0.0761912084023624	0.0002517633850630961	unsupported	True	0.0002672138216473	0.0002672138216473
C1QTNF1	chr17:79137611-79138112	0	0.002000784877539823	0.12047556626861947	4	0.11847478139107964	0.13635386015402734	0.001946221785154725	unsupported	True	0.0025627469091624	0.0025627469091624
C1QTNF1	chr17:78882874-78883375	1	-0.0029086963907130783	0.04719487340163968	2	0.05010356979235275	0.061097264788204896	0.00014447252502753619	unsupported	True	0.0013621228912978	0.0013621228912978
C1QTNF1	chr17:79183444-79183945	2	-0.004132870270855498	0.11606877785976034	4	0.12020164813061585	0.1386221665256481	0.0019340091133752365	unsupported	True	0.0013478456552562	0.0013478456552562
C1QTNF1	chr17:79087546-79088047	3	0.0022536566907452905	0.09929884142759497	4	0.09704518473684969	0.1052251342640065	0.0010139993136761146	unsupported	True	0.0010605849594468	0.0010605849594468
C1QTNF1	chr17:79074588-79075089	4	-0.003631450532947361	0.0354340948347547	4	0.03906554536770206	0.035115720629161726	4.860901491662371e-05	unsupported	True	0.0007096882743491	0.0007096882743491
C1QTNF1	chr17:79187899-79188400	5	0.009908055349725033	0.06902608809630437	4	0.059118032746579334	0.07765094657104894	0.00031686917221473537	unsupported	True	0.0007084233722236	0.0007084233722236
C1QTNF1	chr17:78993092-78993593	6	-0.004605827925000705	0.06390052215364589	4	0.0685063500786466	0.07614226291947508	0.00033331972605868735	unsupported	True	0.0006748791237694	0.0006748791237694
C1QTNF1	chr17:79065039-79065540	7	0.0036486622961934244	0.04833852851969451	4	0.04468986622350109	0.05910313259375957	0.00012767709140525173	unsupported	True	0.0006605240155978	0.0006605240155978
C1QTNF1	chr17:78872910-78873411	8	-0.005779735229898771	0.041110052872677015	2	0.04688978810257578	0.06187443459332077	0.00011927173831131678	unsupported	True	0.0006364425410339	0.0006364425410339
C1QTNF1	chr17:78902970-78903471	9	0.005287269678537932	0.08338480765142232	0	0.07809753797288439	0.09649126758060414	0.0006283654327460539	unsupported	True	0.0005870339621295	0.0005870339621295
C1QTNF1	chr17:78986717-78987218	10	0.005280368472151791	0.06697900509811229	2	0.0616986366259605	0.07200070312787415	0.0002975438630776981	unsupported	True	0.0005488780451156	0.0005488780451156
C1QTNF1	chr17:79162234-79162735	11	0.0038382723298032734	0.06964363293310918	4	0.06580536060330591	0.07840654683108594	0.00035933127493656994	unsupported	True	0.0005256620178821	0.0005256620178821
C1QTNF1	chr17:79180088-79180589	12	-0.009038182535856545	0.08079143517977574	4	0.08982961771563229	0.09373462947970661	0.0006802756743404042	unsupported	True	0.0004951785287855	0.0004951785287855
C1QTNF1	chr17:78890354-78890855	13	-0.0010080656356330228	0.06664937190341771	4	0.06765743753905074	0.08137815778752898	0.0003669606196785948	unsupported	True	0.0004756646262999	0.0004756646262999
C1QTNF1	chr17:79023876-79024377	14	-0.005716337485465949	0.13149525547599283	4	0.1372115929614588	0.1471580824176159	0.002655125229640548	unsupported	True	0.0004665877396369	0.0004665877396369
C1QTNF1	chr17:79009577-79010078	15	-0.00014285446921602913	0.05818545902896559	4	0.05832831349818162	0.06179196878814887	0.00020971327236191944	unsupported	True	0.0004496625022475	-0.0004496625022475
C1QTNF1	chr17:78935332-78935833	16	-0.006440559390859191	0.02285480171668508	4	0.02929536110754427	0.029863262117577213	1.999463864336591e-05	unsupported	True	0.0003468740960388	0.0003468740960388
C1QTNF1	chr17:78898878-78899379	17	0.00215048328426328	0.047552644160036024	2	0.04540216087577274	0.058316542221973966	0.00012590499479110337	unsupported	True	0.0003421306710645	0.0003421306710645
C1QTNF1	chr17:78953909-78954410	18	-0.003920911269038902	0.03974607581831236	1	0.04366698708735126	0.04950554691577956	8.592140046600093e-05	unsupported	True	0.0002691558197678	0.0002691558197678
C1QTNF1	chr17:79131750-79132251	19	-0.002482867511047479	0.04379495885302194	0	0.04627782636406942	0.061311644704285385	0.0001242624869727298	unsupported	True	0.0002507758414904	0.0002507758414904
OXLD1	chr17:81514709-81515210	0	0.0018088744348466964	0.05360464975302455	2	0.051795775318177854	0.05763657079119871	0.00016002761572672512	unsupported	True	0.0015120868014864	0.0015120868014864
OXLD1	chr17:81683641-81684142	1	0.001541004452944769	0.04432521524911056	2	0.04278421079616579	0.07336744274077735	0.00013913543827930318	unsupported	True	0.0015035905256473	-0.0015035905256473
OXLD1	chr17:81552892-81553393	2	0.00054351860992545	0.06691395506147034	2	0.06637043645154489	0.09148156275875904	0.00040627953700780227	unsupported	True	0.0014948852624679	-0.0014948852624679
OXLD1	chr17:81666405-81666906	3	0.00422971763135559	0.05585500934194314	2	0.05162529171058755	0.0766169569795669	0.00022092738212820041	unsupported	True	0.0013619379260524	-0.0013619379260524
OXLD1	chr17:81711991-81712492	4	0.000977221722924058	0.046464564756175136	5	0.045487343033251075	0.06946021155375882	0.00014680760206438513	unsupported	True	0.0009573990238206	-0.0009573990238206
OXLD1	chr17:81519287-81519788	5	0.003351823407346264	0.045786718573743744	5	0.04243489516639748	0.0520926997665621	0.00010121375077799845	unsupported	True	0.000933841426659	0.000933841426659
OXLD1	chr17:81636888-81637389	6	0.006555831331192129	0.03491893329673238	5	0.028363101965540254	0.04242348842012547	4.201661601134737e-05	unsupported	True	0.0008792132015598	-0.0008792132015598
OXLD1	chr17:81703118-81703619	7	0.0009782554121567629	0.04931493168997759	2	0.048336676277820824	0.07605456448612889	0.00018129277799666384	unsupported	True	0.0008508931822728	-0.0008508931822728
OXLD1	chr17:81552147-81552648	8	-0.002793712116989234	0.03814456030632987	2	0.04093827242331911	0.06193099790184589	9.670973710776348e-05	unsupported	True	0.0007663646338357	-0.0007663646338357
OXLD1	chr17:81570856-81571357	9	0.006186437958006379	0.046348434813421775	5	0.0401619968554154	0.03637139157901857	6.770337021154859e-05	unsupported	True	0.0005900333577284	-0.0005900333577284
OXLD1	chr17:81676807-81677308	10	0.01112525615860936	0.05230542179703262	5	0.041180165638423256	0.05427303397347968	0.00011690118081988116	unsupported	True	0.0005386281546102	0.0005386281546102
OXLD1	chr17:81719831-81720332	11	0.0043404500407480786	0.07463897059635202	2	0.07029852055560394	0.06681357645877824	0.00035057145094651146	unsupported	True	0.0004990006241805	0.0004990006241805
OXLD1	chr17:81569751-81570252	12	0.005199793026959123	0.041538825079556474	3	0.03633903205259735	0.05545996896371352	8.371575255110962e-05	unsupported	True	0.000397988730916	-0.000397988730916
OXLD1	chr17:81523011-81523512	13	0.0043570536009219785	0.04261005785474197	2	0.03825300425381999	0.0562073276607279	9.161584892360372e-05	unsupported	True	0.0003941198241383	0.0003941198241383
OXLD1	chr17:81733663-81734164	14	0.0045642576581210155	0.07059169088511116	2	0.06602743322699015	0.0886474754997514	0.0004131848333899703	unsupported	True	0.0003553518662422	0.0003553518662422
OXLD1	chr17:81524176-81524677	15	0.009653463035308734	0.07111454062677343	2	0.06146107759146469	0.08075919640908463	0.00035298038161885297	unsupported	True	0.0003267830250491	0.0003267830250491
OXLD1	chr17:81525910-81526411	16	0.007710059926938428	0.038277677032431116	5	0.03056761710549269	0.03980772390799772	4.6577320949077846e-05	unsupported	True	0.0003121502895629	0.0003121502895629
OXLD1	chr17:81537427-81537928	17	0.0005048635881254999	0.0621275311745628	2	0.0616226675864373	0.07387696329047273	0.00028283530927577177	unsupported	True	0.0002865806294874	0.0002865806294874
OXLD1	chr17:81672244-81672745	18	0.006215725711488547	0.04368766372458711	2	0.03747193801309856	0.053915160474102886	8.826242954400718e-05	unsupported	True	0.0002686610829587	-0.0002686610829587
OXLD1	chr17:81612176-81612677	19	0.012882483415539719	0.11627464995815372	2	0.103392166542614	0.14020738279281297	0.0016855574489448187	unsupported	True	0.0002512164133952	-0.0002512164133952
N6AMT1	chr21:28739031-28739532	0	-0.008169147776678981	0.012318401907229314	5	0.020487549683908295	0.02269626923509104	5.727945326403904e-06	unsupported	True	0.001785258284648	0.001785258284648
N6AMT1	chr21:28992734-28993235	1	-0.003998238173834248	0.058005278598015894	2	0.06200351677185014	0.06442393227427445	0.0002317026866005264	unsupported	True	0.0016030029666211	-0.0016030029666211
N6AMT1	chr21:29002549-29003050	2	-0.006740081595758545	0.05681994639605711	2	0.06356002799181565	0.06482332032784986	0.00023410795528266406	unsupported	True	0.0013850478990203	0.0013850478990203
N6AMT1	chr21:28822430-28822931	3	-0.0026200761424142404	0.03018096335253015	2	0.03280103949494439	0.052433235321637996	5.190717114699245e-05	unsupported	True	0.0013777137746081	0.0013777137746081
N6AMT1	chr21:28737382-28737883	4	-0.006447070013982978	0.004352921100947818	3	0.010799991114930796	0.010612168788487501	4.98894070782957e-07	unsupported	True	0.001304004001155	0.001304004001155
N6AMT1	chr21:28744986-28745487	5	0.002713919768909743	0.0499264254685806	2	0.04721250569967086	0.055481413624099606	0.00013077810550190988	unsupported	True	0.0012269343816995	0.0012269343816995
N6AMT1	chr21:29024364-29024865	6	-0.005266686083687547	0.05222037402853654	2	0.05748706011222409	0.06032965207643769	0.00018110936099429646	unsupported	True	0.0009707992402685	-0.0009707992402685
N6AMT1	chr21:28724141-28724642	7	-0.02051947588421934	-0.005428129735237801	5	0.015091346148981537	0.021531214152580015	0.0	unsupported	True	0.0009456042975794	0.0009456042975794
N6AMT1	chr21:29019160-29019661	8	-0.005045896603356009	0.06757073665925825	2	0.07261663326261426	0.07619753345738592	0.00037388296379801196	unsupported	True	0.0008087763946177	-0.0008087763946177
N6AMT1	chr21:28745636-28746137	9	-7.696202320921417e-05	0.06122312491291438	2	0.06130008693612359	0.07175705291892945	0.0002693029910998002	unsupported	True	0.0005922520799079	0.0005922520799079
N6AMT1	chr21:28939964-28940465	10	-0.0027417062981937414	0.09131464244874027	2	0.09405634874693401	0.10449802977321826	0.00089750451220758	unsupported	True	0.0005754600731754	0.0005754600731754
N6AMT1	chr21:29034099-29034600	11	0.010816490598515853	0.05075330288484513	4	0.039936812286329275	0.04347274110243618	8.811599142021812e-05	unsupported	True	0.0004694190901845	-0.0004694190901845
N6AMT1	chr21:28928958-28929459	12	-0.002585296487237042	0.08092832151477763	4	0.08351361800201468	0.09541300030157229	0.000644859919039984	unsupported	True	0.0004424621975248	0.0004424621975248
N6AMT1	chr21:28772590-28773091	13	-0.0060767254711044634	0.021076590867129912	3	0.027153316338234375	0.02312363244691289	1.32336395680399e-05	unsupported	True	0.0003436954021354	0.0003436954021354
N6AMT1	chr21:28885091-28885592	14	0.00017728149250661546	0.07204637423082023	2	0.07186909273831361	0.0826268265068297	0.00042783406888934793	unsupported	True	0.0002291094692433	-0.0002291094692433
N6AMT1	chr21:28744200-28744701	15	0.009071798180285454	0.05441203336167874	4	0.04534023518139329	0.06549967484340088	0.0001615912603212047	unsupported	True	0.0001809349415405	0.0001809349415405
N6AMT1	chr21:28900448-28900949	16	-0.011680495724284973	0.007893226268156124	1	0.019573721992441097	0.02261506124713416	3.494022814996801e-06	unsupported	True	0.0001198308977817	0.0001198308977817
N6AMT1	chr21:28915178-28915679	17	-0.01388315405318623	0.02285016947978378	3	0.03673332353297001	0.042199641759896024	3.5420803908219226e-05	unsupported	True	7.411848172061735e-05	7.411848172061735e-05
N6AMT1	chr21:28762316-28762817	18	0.004766480018500663	0.047166731460229115	2	0.04240025144172845	0.05913612314368723	0.0001182652252682571	unsupported	True	3.09184489063036e-05	-3.09184489063036e-05
N6AMT1	chr21:28852613-28853114	19	0.02355183305109844	0.09889888473142433	4	0.07534705168032589	0.08879417776438824	0.0006616710710715058	unsupported	True	1.5291139951524727e-05	1.5291139951524727e-05
SEH1L	chr18:13112942-13113443	0	0.023411541821040244	0.05064156378694606	1	0.027230021965905814	0.038927812339850605	5.3680320195674006e-05	unsupported	True	0.002061850501429	0.002061850501429
SEH1L	chr18:12948140-12948641	1	0.01814395196906474	0.05030996317843803	1	0.03216601120937329	0.025537730044988043	4.132696383986899e-05	unsupported	True	0.0016569383670515	0.0016569383670515
SEH1L	chr18:13137026-13137527	2	0.007052716980793145	0.03834467232817597	0	0.03129195534738283	0.03212860472206666	3.8550462982593556e-05	unsupported	True	0.0015033645249495	0.0015033645249495
SEH1L	chr18:13114762-13115263	3	-0.0034629073010273587	0.007880633073993039	2	0.011343540375020398	0.020412282158817893	1.8247412556311316e-06	unsupported	True	0.0009406029502269	0.0009406029502269
SEH1L	chr18:12884015-12884516	4	0.012691640801642558	0.041075309571719947	5	0.028383668770077388	0.02865247772708044	3.3405006372991344e-05	unsupported	True	0.0008838486559627	0.0008838486559627
SEH1L	chr18:12933779-12934280	5	0.005310285813722549	0.03853275716741436	1	0.033222471353691815	0.03439119909073424	4.4026011174251616e-05	unsupported	True	0.0007893781697734	-0.0007893781697734
SEH1L	chr18:13136509-13137010	6	0.024414552585425787	0.05709233761834576	1	0.03267778503291997	0.04342870174102146	8.102280672594678e-05	unsupported	True	0.0007582760549269	0.0007582760549269
SEH1L	chr18:13065111-13065612	7	0.00803209607608863	0.03552615806208039	4	0.02749406198599176	0.02326818364617756	2.2727393640278232e-05	unsupported	True	0.0007185332055804	0.0007185332055804
SEH1L	chr18:12934394-12934895	8	0.01396491108428992	0.044957344995816606	1	0.030992433911526687	0.03001037377957024	4.1814580485161e-05	unsupported	True	0.0006760952132465	0.0006760952132465
SEH1L	chr18:12991020-12991521	9	0.02149534314102692	0.048804882711062376	1	0.027309539570035457	0.02144535059750106	2.8583196977407618e-05	unsupported	True	0.0006588409218686	0.0006588409218686
SEH1L	chr18:12960754-12961255	10	0.015905596961806334	0.03809847467481267	1	0.022192877713006338	0.021730774972727494	1.8373691626958916e-05	unsupported	True	0.0005414974101183	-0.0005414974101183
SEH1L	chr18:13129441-13129942	11	0.02427045212126797	0.0731233056320429	5	0.04885285351077494	0.05601324519421298	0.0002000951153135906	unsupported	True	0.0005170348488227	0.0005170348488227
SEH1L	chr18:12907206-12907707	12	-0.0004671491657994031	0.021360155388118224	3	0.021827304553917626	0.017215193078629804	8.026318951173574e-06	unsupported	True	0.0005053283471968	0.0005053283471968
SEH1L	chr18:12862421-12862922	13	0.017114027605178557	0.029385829702155055	1	0.012271802096976498	0.02107522654593013	7.600086795591632e-06	unsupported	True	0.0004709915690261	-0.0004709915690261
SEH1L	chr18:12924408-12924909	14	0.0034293227731254103	0.03945897758338163	5	0.03602965481025622	0.04448596662419967	6.324540253958806e-05	unsupported	True	0.0004447317871037	-0.0004447317871037
SEH1L	chr18:12883292-12883793	15	0.025483711656413967	0.06588942209210079	1	0.04040571043568682	0.04270362560214075	0.00011369024292254568	unsupported	True	0.0003970654490937	0.0003970654490937
SEH1L	chr18:12797174-12797675	16	-0.0013048342174592936	0.0219196533764908	1	0.023224487593950096	0.025886450277158076	1.317808559953131e-05	unsupported	True	0.0003956671921044	0.0003956671921044
SEH1L	chr18:12947618-12948119	17	0.016814960685320218	0.04513123722473302	1	0.028316276539412804	0.029780507659194128	3.8057957886354015e-05	unsupported	True	0.00029753421765	0.00029753421765
SEH1L	chr18:13121038-13121539	18	0.006381254309936748	0.03724782795112274	5	0.03086657364118599	0.016293788346670342	1.8733177420675155e-05	unsupported	True	0.0001438072815799	-0.0001438072815799
SEH1L	chr18:12928603-12929104	19	0.01751036928615523	0.07486462047110058	0	0.05735425118494535	0.060448132876242025	0.00025955244968929825	unsupported	True	0.0001190761416452	0.0001190761416452
THRSP	chr11:78188463-78188964	0	-0.005648290955265118	0.036470206549424136	3	0.04211849750468925	0.049172348878160826	7.553218486741624e-05	unsupported	True	0.00224925418578	-0.00224925418578
THRSP	chr11:77999703-78000204	1	0.005473855075697884	0.04767046890043827	3	0.04219661382474039	0.04767046890043827	9.589069114501892e-05	unsupported	True	0.0021303700356233	-0.0021303700356233
THRSP	chr11:78030467-78030968	2	0.006927673264929867	0.05264934199926955	3	0.045721668734339686	0.04542325355718477	0.00010934357246796495	unsupported	True	0.0015192750384071	-0.0015192750384071
THRSP	chr11:78196114-78196615	3	-0.00598415362331705	0.04610374251637636	3	0.05208789613969341	0.0651303038911351	0.00015640696975205147	unsupported	True	0.0014902126470204	0.0014902126470204
THRSP	chr11:78020165-78020666	4	-0.00828138027065143	0.053750248714901465	5	0.062031628985552895	0.07299276597596152	0.00024337361069499264	unsupported	True	0.0013322172345523	0.0013322172345523
THRSP	chr11:78038680-78039181	5	0.014905610708633612	0.10211223498565089	3	0.08720662427701728	0.10211223498565089	0.0009092954948748508	unsupported	True	0.0008251366653671	-0.0008251366653671
THRSP	chr11:78046092-78046593	6	-0.002424558134020584	0.04721472681368553	3	0.049639284947706114	0.060419570926514884	0.00014160566727694013	unsupported	True	0.0007661037007372	-0.0007661037007372
THRSP	chr11:78100617-78101118	7	0.005656320214098918	0.052737962938310456	3	0.04708164272421154	0.052737962938310456	0.0001309478308551881	unsupported	True	0.0006881052711619	-0.0006881052711619
THRSP	chr11:78079632-78080133	8	-0.0022331045602646668	0.036507996764302636	3	0.038741101324567304	0.045803952635863454	6.478327853263628e-05	unsupported	True	0.0006153026540438	0.0006153026540438
THRSP	chr11:78159206-78159707	9	0.010528777817367507	0.06118143436714554	3	0.05065265654977803	0.05846535887965464	0.000181184274752431	unsupported	True	0.0004426267564618	-0.0004426267564618
THRSP	chr11:78023013-78023514	10	0.006047472424643512	0.06717169018170215	3	0.06112421775705863	0.06409437388514595	0.00026315977104133246	unsupported	True	0.0004394913888208	-0.0004394913888208
THRSP	chr11:78139426-78139927	11	-0.005414559345600012	0.023959292522078207	3	0.02937385186767822	0.03820762184644891	2.6889634377012966e-05	unsupported	True	0.0004356051803176	-0.0004356051803176
THRSP	chr11:78039892-78040393	12	0.00968430843332666	0.05844467455166466	3	0.048760366118338	0.05844467455166466	0.00016655468257271243	unsupported	True	0.0004192855752997	-0.0004192855752997
THRSP	chr11:78149623-78150124	13	-0.003627034010179731	0.020761055802329956	5	0.024388089812509686	0.02647143314689315	1.3403082037711543e-05	unsupported	True	0.0003301459700731	0.0003301459700731
THRSP	chr11:78022342-78022843	14	0.011405645114495681	0.09147363614662637	3	0.08006799103213069	0.09147363614662637	0.0006699629987283197	unsupported	True	0.0003105143192951	-0.0003105143192951
THRSP	chr11:77994634-77995135	15	-0.010638452158103434	0.01149928120842753	3	0.022137733366530965	0.024463107288698445	6.227524817307363e-06	unsupported	True	0.000174360817507	-0.000174360817507
THRSP	chr11:78212463-78212964	16	0.009990476671389723	0.26373495999103996	5	0.2537444833196502	0.28038839755070505	0.018763953589326525	regional_candidate	True	0.0001022807224164	-0.0001022807224164
THRSP	chr11:78070593-78071094	17	0.021509665886588973	0.11287491818602624	3	0.09136525229943726	0.11287491818602624	0.0011640615783457887	unsupported	True	8.203363451054565e-05	-8.203363451054565e-05
THRSP	chr11:77971255-77971756	18	-0.010144514996838423	0.011761245776377936	3	0.02190576077321636	0.029139049049356762	7.507356517882521e-06	unsupported	True	7.235676817951981e-05	-7.235676817951981e-05
THRSP	chr11:77914266-77914767	19	0.008378466159107312	0.06468604701850811	3	0.056307580859400796	0.06468604701850811	0.00023560694789482363	unsupported	True	5.378808647106832e-05	5.378808647106832e-05
C1QTNF6	chr22:37199237-37199738	0	0.0026930742593456775	0.026761696239942435	2	0.02406862198059676	0.01734778325515975	1.1174004715354428e-05	unsupported	True	0.0017013722124095	-0.0017013722124095
C1QTNF6	chr22:37328997-37329498	1	0.00306636120989567	0.013180642838603682	4	0.010114281628708012	0.02510356549004139	3.34662494152244e-06	unsupported	True	0.0015569743866686	0.0015569743866686
C1QTNF6	chr22:37051441-37051942	2	0.006401598317508302	0.04876394288792974	2	0.04236234457042144	0.046085017397992256	9.520035286746154e-05	unsupported	True	0.0014294287074362	-0.0014294287074362
C1QTNF6	chr22:37212398-37212899	3	0.021977213027425245	0.044650270756952444	1	0.0226730577295272	0.046538979506514734	4.7114115964527006e-05	unsupported	True	0.0011871188347479	0.0011871188347479
C1QTNF6	chr22:37072645-37073146	4	0.012687927145466016	0.0312886851965319	5	0.018600758051065883	0.03142438323546729	1.8288779339380995e-05	unsupported	True	0.0010584479630909	0.0010584479630909
C1QTNF6	chr22:37198409-37198910	5	0.004155583687246812	0.048563235583750516	2	0.044407651896503704	0.05026327079789995	0.00010839672738127244	unsupported	True	0.0008973236956081	-0.0008973236956081
C1QTNF6	chr22:37330412-37330913	6	0.00826271945546532	0.038328514516142644	2	0.030065795060677324	0.03442543396635772	3.967108735185925e-05	unsupported	True	0.0007488984845958	0.0007488984845958
C1QTNF6	chr22:37097253-37097754	7	0.024619974745401105	0.0802791057424407	2	0.05565913099703959	0.079838587257068	0.0003567399860752726	unsupported	True	0.0006996506440863	0.0006996506440863
C1QTNF6	chr22:37331002-37331503	8	-0.008628898270878942	-0.005872767593087232	2	0.0027561306777917098	0.0030809033657284443	0.0	unsupported	True	0.0006077717975925	0.0006077717975925
C1QTNF6	chr22:37340453-37340954	9	-0.006946538035758692	0.013268061605660828	1	0.02021459964141952	0.01440523126470241	3.8636062385543396e-06	unsupported	True	0.0005136104150785	0.0005136104150785
C1QTNF6	chr22:37318029-37318530	10	0.0017624843741654488	0.03352424776162365	5	0.0317617633874582	0.046541010601587385	4.955636661603259e-05	unsupported	True	0.000496049155106	0.000496049155106
C1QTNF6	chr22:37258830-37259331	11	0.012326990293549441	0.054640282367120804	2	0.04231329207357136	0.0394416260591207	9.118944280961403e-05	unsupported	True	0.0004898083697627	0.0004898083697627
C1QTNF6	chr22:37082050-37082551	12	0.02471153149151098	0.06710094720411337	5	0.042389415712602393	0.05480328859264757	0.00015588082700089174	unsupported	True	0.0004354830234695	0.0004354830234695
C1QTNF6	chr22:37202792-37203293	13	0.01126240163181154	0.14682148862070013	1	0.13555908698888858	0.1573235715618202	0.003131208991371719	unsupported	True	0.000428325511213	0.000428325511213
C1QTNF6	chr22:37068829-37069330	14	0.012447944400616558	0.06592573649911644	1	0.053477792098499885	0.07034603372134603	0.0002480093617568729	unsupported	True	0.0004210739899997	0.0004210739899997
C1QTNF6	chr22:37259461-37259962	15	0.007608309839871451	0.07171777077397505	2	0.06410946093410361	0.06555025852061151	0.00030138616735739623	unsupported	True	0.0004203055634643	0.0004203055634643
C1QTNF6	chr22:37324642-37325143	16	0.005337761458104006	0.016868116313062346	5	0.01153035485495834	0.020459501173863692	3.9792781858532325e-06	unsupported	True	0.000403338893388	0.000403338893388
C1QTNF6	chr22:37176454-37176955	17	-0.0017712246249591138	-0.0009699728961261137	4	0.0008012517288330001	0.019999220991785843	0.0	unsupported	True	0.0003883199735093	0.0003883199735093
C1QTNF6	chr22:37045868-37046369	18	-0.013596298418286863	0.04155097693759309	2	0.05514727535587995	0.06224514138962206	0.00014262995898120623	unsupported	True	0.0003133528661537	-0.0003133528661537
C1QTNF6	chr22:37335478-37335979	19	-0.0007312192306661153	0.03406849991271435	5	0.03479971914338047	0.04815018316906032	5.7085616267546786e-05	unsupported	True	0.0002799743682155	0.0002799743682155
SLC22A8	chr11:63015734-63016235	0	-0.005271974977635796	0.005964761070227078	5	0.011236736047862874	0.005964761070227078	3.9978480467194404e-07	unsupported	True	0.0016742101009623	0.0016742101009623
SLC22A8	chr11:62881415-62881916	1	-0.0078047471993097535	0.01599732036866207	5	0.023802067567971822	0.01599732036866207	6.09128848379252e-06	unsupported	True	0.0010728424484733	0.0010728424484733
SLC22A8	chr11:62923032-62923533	2	-0.0005883005276838522	0.022072091081239798	5	0.02266039160892365	0.022072091081239798	1.1039626241409799e-05	unsupported	True	0.0010208624813841	0.0010208624813841
SLC22A8	chr11:62855736-62856237	3	-0.004493750829113222	0.03166397801557048	5	0.0361577288446837	0.03166397801557048	3.625201025898003e-05	unsupported	True	0.0009918632057367	-0.0009918632057367
SLC22A8	chr11:62840639-62841140	4	0.0006319153029942866	0.04070013497747432	5	0.040068219674480036	0.04070013497747432	6.637304544550674e-05	unsupported	True	0.0009719230089915	0.0009719230089915
SLC22A8	chr11:63023987-63024488	5	-0.00020952588650616084	0.019288193859162046	5	0.019497719745668208	0.019288193859162046	7.253822902694885e-06	unsupported	True	0.0009704834445646	0.0009704834445646
SLC22A8	chr11:62890992-62891493	6	-0.014979290290689704	0.0	0	0.014979290290689704	0.0	0.0	unsupported	True	0.0007191550221718	0.0007191550221718
SLC22A8	chr11:62862562-62863063	7	0.003421866949996646	0.030720376940693756	5	0.02729850999069711	0.030720376940693756	2.5762738387324826e-05	unsupported	True	0.0006524812684584	0.0006524812684584
SLC22A8	chr11:62931454-62931955	8	-0.0020833088050576823	0.0	0	0.0020833088050576823	0.0	0.0	unsupported	True	0.0006336084226571	0.0006336084226571
SLC22A8	chr11:63117154-63117655	9	-0.009772227404944827	0.0	0	0.009772227404944827	0.0	0.0	unsupported	True	0.0006275114684389	0.0006275114684389
SLC22A8	chr11:62923540-62924041	10	0.010668323407254633	0.05708212743304804	5	0.046413804025793405	0.05708212743304804	0.00015123331284739796	unsupported	True	0.0006049929708278	0.0006049929708278
SLC22A8	chr11:62880599-62881100	11	0.0020533488869161785	0.03395414493704487	5	0.031900796050128695	0.03395414493704487	3.6777916026570064e-05	unsupported	True	0.0005871804451444	0.0005871804451444
SLC22A8	chr11:62905919-62906420	12	-0.00696217269628017	0.007538443923697143	5	0.014500616619977313	0.007538443923697143	8.24043024829951e-07	unsupported	True	0.0005632258834617	0.0005632258834617
SLC22A8	chr11:63012238-63012739	13	0.01450833451468357	0.04137493146223777	5	0.0268665969475542	0.04137493146223777	4.599252306639799e-05	unsupported	True	0.0005444767613154	0.0005444767613154
SLC22A8	chr11:63006911-63007412	14	-0.008766461570352706	0.0	0	0.008766461570352706	0.0	0.0	unsupported	True	0.0005284919061853	0.0005284919061853
SLC22A8	chr11:63001374-63001875	15	0.0008145993432987451	0.019855799254121544	5	0.019041199910822797	0.019855799254121544	7.507045695098764e-06	unsupported	True	0.0005228085149726	0.0005228085149726
SLC22A8	chr11:62958731-62959232	16	0.010543245468649681	0.04638819384980834	5	0.03584494838115866	0.04638819384980834	7.713347295261224e-05	unsupported	True	0.0005007445389168	0.0005007445389168
SLC22A8	chr11:62841817-62842318	17	0.0004093558806972686	0.04365532282411008	5	0.04324596694341282	0.04365532282411008	8.241761072277718e-05	unsupported	True	0.0004887951151185	-0.0004887951151185
SLC22A8	chr11:62841286-62841787	18	-0.006353016285958894	0.021123802490549532	5	0.027476818776508427	0.021123802490549532	1.2260569560268828e-05	unsupported	True	0.0004133631616586	-0.0004133631616586
SLC22A8	chr11:62962331-62962832	19	0.0007428043000132067	0.03719580511029108	5	0.03645300081027787	0.03719580511029108	5.0433744308705926e-05	unsupported	True	0.0003868838486079	0.0003868838486079
DEFB134	chr8:11867881-11868382	0	-0.00020518801673663684	0.0	0	0.00020518801673663684	0.0	0.0	unsupported	True	0.0033763312226893	-0.0033763312226893
DEFB134	chr8:11958800-11959301	1	-0.000731167033555332	0.0	0	0.000731167033555332	0.0	0.0	unsupported	True	0.002542037052153	0.002542037052153
DEFB134	chr8:11984393-11984894	2	-0.005427257065432067	0.0	0	0.005427257065432067	0.0	0.0	unsupported	True	0.0013645799019893	0.0013645799019893
DEFB134	chr8:11845394-11845895	3	0.01648269134677867	0.021398122051737363	1	0.004915430704958694	0.021398122051737363	2.2506755794072356e-06	unsupported	True	0.0012653509659233	-0.0012653509659233
DEFB134	chr8:12014949-12015450	4	-0.0025034337120693785	0.0	0	0.0025034337120693785	0.0	0.0	unsupported	True	0.000996337111572	0.000996337111572
DEFB134	chr8:11860648-11861149	5	-0.012092579097120108	0.0	0	0.012092579097120108	0.0	0.0	unsupported	True	0.0007117855329481	0.0007117855329481
DEFB134	chr8:11943570-11944071	6	0.0014398500288479975	0.003982651223662879	1	0.002542801194814882	0.003982651223662879	4.033266853585559e-08	unsupported	True	0.0006784479939897	0.0006784479939897
DEFB134	chr8:11980329-11980830	7	0.002326851570282327	0.008188978744181744	1	0.0058621271738994165	0.008188978744181744	3.9311057198147593e-07	unsupported	True	0.0005772042524121	0.0005772042524121
DEFB134	chr8:11968060-11968561	8	0.01301998204761207	0.03409305955879297	1	0.021073077511180902	0.03409305955879297	2.4494011585594303e-05	unsupported	True	0.0004442403671535	0.0004442403671535
DEFB134	chr8:11897200-11897701	9	0.0030317002257824422	0.01311732502681926	1	0.010085624801036818	0.01311732502681926	1.7353751228406907e-06	unsupported	True	0.0004084152623305	-0.0004084152623305
DEFB134	chr8:11966601-11967102	10	-0.009319693042755008	0.0	0	0.009319693042755008	0.0	0.0	unsupported	True	0.0003966813188751	0.0003966813188751
DEFB134	chr8:11986671-11987172	11	-0.00013745316634822152	0.006114821821934327	1	0.006252274988282549	0.006114821821934327	2.3377910115385317e-07	unsupported	True	0.0003071011477094	0.0003071011477094
DEFB134	chr8:11955474-11955975	12	0.019600876754359495	0.026622939635236553	1	0.007022062880877058	0.026622939635236553	4.977104152641783e-06	unsupported	True	0.0002763097307842	-0.0002763097307842
DEFB134	chr8:11933876-11934377	13	-0.005361218744414473	0.0	0	0.005361218744414473	0.0	0.0	unsupported	True	0.0001775130094433	0.0001775130094433
DEFB134	chr8:11862487-11862988	14	0.0006416277679836634	0.0022596602595870547	1	0.0016180324916033914	0.0022596602595870547	8.261778247031142e-09	unsupported	True	0.0001767198861525	-0.0001767198861525
DEFB134	chr8:11937560-11938061	15	-0.0016298211294913786	0.0	0	0.0016298211294913786	0.0	0.0	unsupported	True	0.000168354211773	-0.000168354211773
DEFB134	chr8:11902187-11902688	16	0.01655353094356059	0.025430608208517336	1	0.008877077264956745	0.025430608208517336	5.740946425602734e-06	unsupported	True	0.0001675324546153	0.0001675324546153
DEFB134	chr8:11883291-11883792	17	0.002717559080614517	0.0019279326532763226	1	-0.0007896264273381942	0.0019279326532763226	0.0	unsupported	True	0.0001624152894704	0.0001624152894704
DEFB134	chr8:11853829-11854330	18	-0.005616738442362185	0.0	0	0.005616738442362185	0.0	0.0	unsupported	True	0.0001424714327861	-0.0001424714327861
DEFB134	chr8:11886935-11887436	19	0.004550479499322311	0.011829415548808994	1	0.007278936049486683	0.011829415548808994	1.0185784418162947e-06	unsupported	True	0.0001344556508787	-0.0001344556508787
CRACR2B	chr11:819787-820288	0	-0.011435909149932574	0.018723083745912465	5	0.03015899289584504	0.05916853815417045	3.341065996110777e-05	unsupported	True	0.0019957610615364	0.0019957610615364
CRACR2B	chr11:919060-919561	1	-0.004938508875872959	0.028158265921241817	5	0.03309677479711477	0.06059012339723528	5.646683134580176e-05	unsupported	True	0.0016796431992694	0.0016796431992694
CRACR2B	chr11:890786-891287	2	-0.008688576365981294	0.01207443194952024	1	0.020763008315501534	0.044387898950636315	1.1128114223592515e-05	unsupported	True	0.0014137020363549	0.0014137020363549
CRACR2B	chr11:726250-726751	3	0.0017769022008098268	0.028095049839969865	5	0.026318147639160037	0.054603978924026096	4.0374710016036176e-05	unsupported	True	0.0011020880900195	0.0011020880900195
CRACR2B	chr11:723184-723685	4	-0.0012128251909960767	0.019872641360003253	5	0.02108546655099933	0.04071523386200575	1.7060656679820912e-05	unsupported	True	0.0010569548563276	0.0010569548563276
CRACR2B	chr11:830092-830593	5	-0.02935145206036166	0.010344433333208376	1	0.03969588539357004	0.04892980712519216	2.009211716150276e-05	unsupported	True	0.0008118265549147	0.0008118265549147
CRACR2B	chr11:725676-726177	6	0.003160457613561877	0.04129900888826579	5	0.03813855127470392	0.06717846877718622	0.00010581175604246802	unsupported	True	0.0007390632741513	0.0007390632741513
CRACR2B	chr11:833200-833701	7	-0.024154718327598253	0.01839845178695363	1	0.04255317011455188	0.05301096522889982	4.15029445971437e-05	unsupported	True	0.0006587558000504	0.0006587558000504
CRACR2B	chr11:842301-842802	8	-0.020886378585122767	0.009293678073233076	1	0.030180056658355842	0.032478816497867505	9.109779623767698e-06	unsupported	True	0.0006287519231519	0.0006287519231519
CRACR2B	chr11:832673-833174	9	-0.02441412047476866	0.004639005437973969	1	0.029053125912742627	0.043557015363968644	5.8705103902595865e-06	unsupported	True	0.0005670948626063	0.0005670948626063
CRACR2B	chr11:809330-809831	10	-0.02137602119663005	0.012166831580682078	1	0.03354285277731213	0.04498346573677668	1.8358213019332503e-05	unsupported	True	0.0005638866034885	-0.0005638866034885
CRACR2B	chr11:694950-695451	11	-0.02281185717451851	0.012776504669610436	1	0.035588361844128946	0.05280861473127433	2.4011806277991743e-05	unsupported	True	0.0004987635776718	-0.0004987635776718
CRACR2B	chr11:798055-798556	12	-0.017749202654713286	0.013476659717399841	1	0.031225862372113125	0.05225965253860557	2.1991923786501884e-05	unsupported	True	0.0004488391974024	-0.0004488391974024
CRACR2B	chr11:859567-860068	13	-0.029177266002407887	0.010341731048687571	1	0.03951899705109546	0.04052295645521692	1.6561523156825084e-05	unsupported	True	0.0004105561349821	0.0004105561349821
CRACR2B	chr11:844422-844923	14	-0.03043781885803548	0.0024413070156944425	1	0.032879125873729924	0.029934981660357882	2.402822325232733e-06	unsupported	True	0.0004027445651231	0.0004027445651231
CRACR2B	chr11:819234-819735	15	-0.02187143000249501	0.00892562764232329	1	0.0307970576448183	0.04802793231640967	1.3202065433666513e-05	unsupported	True	0.0003915448408939	-0.0003915448408939
CRACR2B	chr11:695453-695954	16	-0.022949022102128656	0.007985656661551663	1	0.03093467876368032	0.04725401769391095	1.1673335943253203e-05	unsupported	True	0.0003186137920334	-0.0003186137920334
CRACR2B	chr11:826883-827384	17	-0.035454912140007774	-0.0029299940011876247	1	0.03252491813882015	0.029172203305099502	0.0	unsupported	True	0.0003041819341385	0.0003041819341385
CRACR2B	chr11:945989-946490	18	-0.022443671171070993	0.014776357997294218	1	0.03722002916836521	0.05034763019035922	2.769001221000217e-05	unsupported	True	0.000240426766958	-0.000240426766958
CRACR2B	chr11:680907-681408	19	-0.007950654233240942	0.015421660980506105	5	0.023372315213747046	0.0320962451793131	1.1568768094671576e-05	unsupported	True	0.0002373587743348	0.0002373587743348
KRTAP5-10	chr11:71689175-71689676	0	-0.0064995557388016776	0.0	0	0.0064995557388016776	0.0	0.0	unsupported	True	0.0055124719203688	0.0055124719203688
KRTAP5-10	chr11:71710198-71710699	1	-0.006006716747421278	0.014402910860611948	4	0.020409627608033228	0.014402910860611948	4.233851549670712e-06	unsupported	True	0.0019155944963216	0.0019155944963216
KRTAP5-10	chr11:71448225-71448726	2	0.00694593057851227	0.02232715800057137	4	0.0153812274220591	0.02232715800057137	7.66757239213465e-06	unsupported	True	0.0013495123805436	-0.0013495123805436
KRTAP5-10	chr11:71452854-71453355	3	0.007810572235520753	0.028136352247768816	4	0.020325780012248062	0.028136352247768816	1.609099150956305e-05	unsupported	True	0.0012168359149817	-0.0012168359149817
KRTAP5-10	chr11:71579895-71580396	4	0.012970016931422563	0.013873478118647939	4	0.0009034611872253753	0.013873478118647939	1.7389224205411734e-07	unsupported	True	0.0011014559816527	-0.0011014559816527
KRTAP5-10	chr11:71580550-71581051	5	-0.009227025178487166	0.0	0	0.009227025178487166	0.0	0.0	unsupported	True	0.0009701447439834	0.0009701447439834
KRTAP5-10	chr11:71563446-71563947	6	-0.008490982330556271	0.0	0	0.008490982330556271	0.0	0.0	unsupported	True	0.0007011170816579	0.0007011170816579
KRTAP5-10	chr11:71499035-71499536	7	-0.006386633310535871	0.0	0	0.006386633310535871	0.0	0.0	unsupported	True	0.0004621124225402	0.0004621124225402
KRTAP5-10	chr11:71664855-71665356	8	-0.008706588187727246	0.0	0	0.008706588187727246	0.0	0.0	unsupported	True	0.0004226951044366	-0.0004226951044366
KRTAP5-10	chr11:71582261-71582762	9	-0.011655466073556723	0.0	0	0.011655466073556723	0.0	0.0	unsupported	True	0.0002402141962167	0.0002402141962167
KRTAP5-10	chr11:71639140-71639641	10	-0.002598669989288233	0.01930824544515807	4	0.0219069154344463	0.01930824544515807	8.167080825184548e-06	unsupported	True	0.0002367571205173	-0.0002367571205173
KRTAP5-10	chr11:71568482-71568983	11	-0.004172396740804091	0.008407194157300702	4	0.012579590898104794	0.008407194157300702	8.891369773740641e-07	unsupported	True	0.0001286963922853	0.0001286963922853
KRTAP5-10	chr11:71535064-71535565	12	-0.002202432604941003	0.0003480591356116668	4	0.0025504917405526698	0.0003480591356116668	3.089797347898462e-10	unsupported	True	7.322300660265329e-05	-7.322300660265329e-05
KRTAP5-10	chr11:71565932-71566433	13	-0.013584534980725893	0.0	0	0.013584534980725893	0.0	0.0	unsupported	True	5.223535212459885e-05	5.223535212459885e-05
KRTAP5-10	chr11:71517993-71518494	14	-0.010437065980875534	0.0	0	0.010437065980875534	0.0	0.0	unsupported	True	2.672384355752729e-05	2.672384355752729e-05
KRTAP5-10	chr11:71609829-71610330	15	-0.01015266663348639	0.0	0	0.01015266663348639	0.0	0.0	unsupported	True	2.5422314990360013e-05	-2.5422314990360013e-05
KRTAP5-10	chr11:71420355-71420856	16	-0.012991972662633189	0.0	0	0.012991972662633189	0.0	0.0	unsupported	True	2.377434993124787e-05	2.377434993124787e-05
KRTAP5-10	chr11:71459350-71459851	17	-0.0047300649973223636	0.009162695595833662	4	0.013892760593156025	0.009162695595833662	1.1663665847551386e-06	unsupported	True	6.349537678034166e-06	-6.349537678034166e-06
KRTAP5-10	chr11:71487926-71488427	18	0.0020324836638214313	0.006970339912998224	4	0.004937856249176793	0.006970339912998224	2.3990889870097996e-07	unsupported	True	3.894417842834289e-06	-3.894417842834289e-06
KRTAP5-10	chr11:71418669-71419170	19	-0.00886225679991946	0.0	0	0.00886225679991946	0.0	0.0	unsupported	True	1.141206983603102e-06	-1.141206983603102e-06
FMR1NB	chrX:148133060-148133561	0	0.0	0.0	0	0.0	0.0	0.0	unsupported	True	0.0040922097276455	0.0040922097276455
FMR1NB	chrX:147911624-147912125	1	0.0	0.0	0	0.0	0.0	0.0	unsupported	True	0.0033759902498448	0.0033759902498448
FMR1NB	chrX:147838383-147838884	2	0.0	0.0	0	0.0	0.0	0.0	unsupported	True	0.0014893108484391	0.0014893108484391
FMR1NB	chrX:148049405-148049906	3	0.0	0.0	0	0.0	0.0	0.0	unsupported	True	0.0012868988052048	0.0012868988052048
FMR1NB	chrX:148084299-148084800	4	0.0	0.0	0	0.0	0.0	0.0	unsupported	True	0.0009828580360367	0.0009828580360367
FMR1NB	chrX:147912375-147912876	5	0.0	0.0	0	0.0	0.0	0.0	unsupported	True	0.000909090130745	-0.000909090130745
FMR1NB	chrX:148147750-148148251	6	0.0	0.0	0	0.0	0.0	0.0	unsupported	True	0.0006445344100629	0.0006445344100629
FMR1NB	chrX:148161611-148162112	7	0.0	0.0	0	0.0	0.0	0.0	unsupported	True	0.0005349670878806	0.0005349670878806
FMR1NB	chrX:148085503-148086004	8	0.0	0.0	0	0.0	0.0	0.0	unsupported	True	0.000356788370859	0.000356788370859
FMR1NB	chrX:148147103-148147604	9	0.0	0.0	0	0.0	0.0	0.0	unsupported	True	0.0002835476024019	0.0002835476024019
FMR1NB	chrX:148121122-148121623	10	0.0	0.0	0	0.0	0.0	0.0	unsupported	True	0.0001782284735806	0.0001782284735806
FMR1NB	chrX:148070281-148070782	11	0.0	0.0	0	0.0	0.0	0.0	unsupported	True	0.0001747333667789	0.0001747333667789
FMR1NB	chrX:148075828-148076329	12	0.0	0.0	0	0.0	0.0	0.0	unsupported	True	0.0001127530176286	0.0001127530176286
FMR1NB	chrX:147899712-147900213	13	0.0	0.0	0	0.0	0.0	0.0	unsupported	True	1.8375231422920645e-05	-1.8375231422920645e-05
FMR1NB	chrX:148012833-148013334	14	0.0	0.0	0	0.0	0.0	0.0	unsupported	True	1.7594581174803935e-05	-1.7594581174803935e-05
FMR1NB	chrX:147884940-147885441	15	0.0	0.0	0	0.0	0.0	0.0	unsupported	True	5.844529698957296e-06	-5.844529698957296e-06
FMR1NB	chrX:147847878-147848379	16	0.0	0.0	0	0.0	0.0	0.0	unsupported	True	4.301313328746948e-06	-4.301313328746948e-06
SVOPL	chr7:138738677-138739178	0	-0.009474559629957104	0.020462067091990808	1	0.029936626721947912	0.02124374445026744	1.3013179937986668e-05	unsupported	True	0.0022014611351787	0.0022014611351787
SVOPL	chr7:138459875-138460376	1	0.003710547640398014	0.04911643037839862	1	0.04540588273800061	0.04911643037839862	0.00010953822914023834	unsupported	True	0.001754497542121	0.001754497542121
SVOPL	chr7:138460766-138461267	2	0.003103159768070548	0.04335158716108667	4	0.04024842739301612	0.04335158716108667	7.564128890792486e-05	unsupported	True	0.0015428556940333	-0.0015428556940333
SVOPL	chr7:138632711-138633212	3	-0.013499049719891363	0.003466188707931239	1	0.0169652384278226	0.020544191700664755	1.2080953967401407e-06	unsupported	True	0.0012465088204781	0.0012465088204781
SVOPL	chr7:138663940-138664441	4	-0.0021310154734779175	0.07150092171152182	1	0.07363193718499975	0.07150092171152182	0.00037643457597546663	unsupported	True	0.0010621509362285	0.0010621509362285
SVOPL	chr7:138567886-138568387	5	0.006615820157627956	0.07678152784674938	0	0.07016570768912142	0.08372231516587263	0.00045104813238856957	unsupported	True	0.0010486168380143	-0.0010486168380143
SVOPL	chr7:138765010-138765511	6	-0.007017746907241421	0.0201460328050498	0	0.027163779712291218	0.03204586958035882	1.7536858489288677e-05	unsupported	True	0.001010074752445	0.001010074752445
SVOPL	chr7:138614095-138614596	7	0.01584339263534938	0.06219292298344718	4	0.0463495303480978	0.06905869210128812	0.00019906946781756056	unsupported	True	0.0008925843537503	-0.0008925843537503
SVOPL	chr7:138819331-138819832	8	-0.013496744524290984	0.02159861014138352	4	0.035095354665674504	0.024612236475192395	1.8656343108026036e-05	unsupported	True	0.0006059136754397	0.0006059136754397
SVOPL	chr7:138778380-138778881	9	0.015739051537910227	0.07926229429798919	4	0.06352324276007895	0.08424329720521513	0.00042416482977512577	unsupported	True	0.0005138194096724	-0.0005138194096724
SVOPL	chr7:138622754-138623255	10	0.0008863247340979351	0.01587696038939294	0	0.014990635655295006	0.01962943850137435	4.671918810780302e-06	unsupported	True	0.0004010608372943	-0.0004010608372943
SVOPL	chr7:138468550-138469051	11	-0.0027951794396159505	0.018626509049521234	4	0.021421688489137183	0.027671257010015306	1.1041143526553896e-05	unsupported	True	0.0003981757976428	-0.0003981757976428
SVOPL	chr7:138495901-138496402	12	-0.0017989618021853977	0.04512140292061953	4	0.046920364722804926	0.05681754911988898	0.00012028915379279	unsupported	True	0.0003753206666231	0.0003753206666231
SVOPL	chr7:138837580-138838081	13	0.01338251831021097	0.05355871482597246	4	0.040176196515761486	0.05355871482597246	0.00011524686338926759	unsupported	True	0.0003321277603983	-0.0003321277603983
SVOPL	chr7:138549019-138549520	14	0.01872628751934021	0.12093728599218262	0	0.1022109984728424	0.12573844565075612	0.0015542681100912418	unsupported	True	0.000285988740575	0.000285988740575
SVOPL	chr7:138507457-138507958	15	0.009157446062578472	0.05669261376652306	1	0.04753516770394459	0.05669261376652306	0.00015278052249003137	unsupported	True	0.000251540523482	0.000251540523482
SVOPL	chr7:138513562-138514063	16	-0.007423061394749717	0.019835131379953345	4	0.027258192774703063	0.020374084699277532	1.101565300991101e-05	unsupported	True	0.0002440432956306	-0.0002440432956306
SVOPL	chr7:138755544-138756045	17	-0.016082274789331993	0.0	5	0.016082274789331993	0.020034442796043796	0.0	unsupported	True	0.0001262759818382	0.0001262759818382
SVOPL	chr7:138608961-138609462	18	-0.013929786164437024	0.006274339897881584	4	0.020204126062318608	0.02262833362437311	2.8685385104196945e-06	unsupported	True	8.991591743675907e-05	-8.991591743675907e-05
SVOPL	chr7:138768203-138768704	19	0.017401249802819742	0.12404662269841057	1	0.10664537289559084	0.12723070846375378	0.0016831348303147176	unsupported	True	8.348553134295408e-05	8.348553134295408e-05
MDP1	chr14:24079668-24080169	0	0.005340745756213962	0.08249615742404494	1	0.07715541166783098	0.1061805564547871	0.0006758418949753321	unsupported	True	0.0023499922610057	0.0023499922610057
MDP1	chr14:24135837-24136338	1	-0.006022337886433988	0.023262021408720295	4	0.029284359295154282	0.023262021408720295	1.5846400528721826e-05	unsupported	True	0.0012990482434192	-0.0012990482434192
MDP1	chr14:24213273-24213774	2	-0.0027433210725195385	0.02798513914927609	0	0.03072846022179563	0.02798513914927609	2.406554714073244e-05	unsupported	True	0.0011126278665538	-0.0011126278665538
MDP1	chr14:24332084-24332585	3	-0.014530363554324	0.006041871571333854	1	0.020572235125657853	0.018855140839799032	2.343596008008811e-06	unsupported	True	0.0010020699577002	0.0010020699577002
MDP1	chr14:24147119-24147620	4	-0.004141951636346507	0.03184609805725986	4	0.03598804969360637	0.03184609805725986	3.6498142923437925e-05	unsupported	True	0.0009224453720655	-0.0009224453720655
MDP1	chr14:24146536-24147037	5	0.0020006991042352076	0.03398166327943578	4	0.03198096417520058	0.03619213023690306	3.933238949174873e-05	unsupported	True	0.0007994198627147	-0.0007994198627147
MDP1	chr14:24114749-24115250	6	-0.005372150017567018	0.019737223230251576	4	0.025109373247818596	0.019737223230251576	9.781556742597774e-06	unsupported	True	0.0007751326021147	-0.0007751326021147
MDP1	chr14:24242423-24242924	7	-0.006244993763479885	0.016775785734526254	1	0.023020779498006138	0.016775785734526254	6.478668612762358e-06	unsupported	True	0.0007094005133067	-0.0007094005133067
MDP1	chr14:24195439-24195940	8	-0.002530359616215164	0.02076989296947261	1	0.023300252585687777	0.02076989296947261	1.0051459939895348e-05	unsupported	True	0.0006546546373615	-0.0006546546373615
MDP1	chr14:24071043-24071544	9	-0.00903479726549415	0.041264822499159144	1	0.050299619764653296	0.055056473783971584	0.00011427548573667934	unsupported	True	0.0006516918157998	0.0006516918157998
MDP1	chr14:24141424-24141925	10	-0.006940794239441855	0.03177491684621353	4	0.038715711085655385	0.03651849405523388	4.492463143826282e-05	unsupported	True	0.0006027432771497	-0.0006027432771497
MDP1	chr14:24296764-24297265	11	-0.0024229831640944855	0.02524317844312029	1	0.027666161607214773	0.02524317844312029	1.7629377769207158e-05	unsupported	True	0.000586718143744	-0.000586718143744
MDP1	chr14:24188642-24189143	12	-0.00496366604346063	0.030305374761371066	4	0.035269040804831696	0.030305374761371066	3.2391642189655696e-05	unsupported	True	0.0005198154637563	-0.0005198154637563
MDP1	chr14:24081428-24081929	13	-0.007921702189036834	0.039980826281035234	1	0.047902528470072064	0.057301412730091004	0.00010974267258044667	unsupported	True	0.0004415788483422	0.0004415788483422
MDP1	chr14:24125133-24125634	14	7.475360930470884e-06	0.04422375932946136	1	0.04421628396853089	0.05964370474879069	0.00011662791463575227	unsupported	True	0.0004409081002205	0.0004409081002205
MDP1	chr14:24299572-24300073	15	-0.0055409284759552965	0.019610152618955955	1	0.02515108109491125	0.019610152618955955	9.67205160011901e-06	unsupported	True	0.0003740078873083	-0.0003740078873083
MDP1	chr14:24160960-24161461	16	0.0004320375132832201	0.03487490031398349	4	0.034442862800700275	0.03487490031398349	4.1891430566767904e-05	unsupported	True	0.0003414603631229	-0.0003414603631229
MDP1	chr14:24113949-24114450	17	-0.005604735018718711	0.020519456051448386	4	0.026124191070167096	0.020519456051448386	1.0999540404060994e-05	unsupported	True	0.0003220349087306	-0.0003220349087306
MDP1	chr14:24172364-24172865	18	-0.001825579892841113	0.03163617979183339	4	0.033461759684674505	0.03163617979183339	3.349013096779915e-05	unsupported	True	0.0002898673442393	0.0002898673442393
MDP1	chr14:24080927-24081428	19	-0.009023466011691314	0.03473340470761181	1	0.04375687071930313	0.03898747724358538	5.925414647834297e-05	unsupported	True	0.0002666967744212	0.0002666967744212
CXCR5	chr11:118909127-118909628	0	0.02440878150732089	0.07449722208018866	1	0.05008844057286777	0.07449722208018866	0.0002779826355670472	unsupported	True	0.0085790406813121	0.0085790406813121
CXCR5	chr11:118819119-118819620	1	0.012717296459721757	0.06823250604144777	1	0.05551520958172602	0.06823250604144777	0.0002584607667462272	unsupported	True	0.0014946637406076	0.0014946637406076
CXCR5	chr11:118919325-118919826	2	0.028964084679857137	0.10890421926399083	2	0.07994013458413368	0.10890421926399083	0.0009481003063267245	unsupported	True	0.0004818385700514	-0.0004818385700514
CXCR5	chr11:118790275-118790776	3	0.019817184093033926	0.05624876779118753	1	0.03643158369815361	0.05624876779118753	0.00011526675757692507	unsupported	True	0.0004235671783649	0.0004235671783649
CXCR5	chr11:118940147-118940648	4	0.006705577474515556	0.0235530978479835	1	0.016847520373467945	0.0235530978479835	9.346135278391668e-06	unsupported	True	0.0004167257502109	-0.0004167257502109
CXCR5	chr11:118906932-118907433	5	0.016395416094440972	0.04676756321258444	2	0.03037214711814347	0.04676756321258444	6.643011109123647e-05	unsupported	True	0.0003658148700907	-0.0003658148700907
CXCR5	chr11:118997808-118998309	6	0.014690486487913955	0.03986308377283774	1	0.025172597284923784	0.03986308377283774	4.0000904578877315e-05	unsupported	True	0.0003157150850566	-0.0003157150850566
CXCR5	chr11:118910337-118910838	7	0.03212173327290438	0.102169006224986	2	0.07004727295208162	0.102169006224986	0.000731188867296133	unsupported	True	0.0003056073626955	-0.0003056073626955
CXCR5	chr11:118917991-118918492	8	0.02191316829879977	0.09926308559398427	2	0.07734991729518449	0.09926308559398427	0.000762141123598956	unsupported	True	0.0003051570096915	-0.0003051570096915
CXCR5	chr11:118792708-118793209	9	0.01793245665861298	0.04513585976150697	2	0.02720340310289399	0.04513585976150697	5.542001970756519e-05	unsupported	True	0.0002918836740611	-0.0002918836740611
CXCR5	chr11:119018184-119018685	10	0.017122700186062014	0.03723834768911461	1	0.020115647503052596	0.03723834768911461	2.789425853319529e-05	unsupported	True	0.0002759599322612	-0.0002759599322612
CXCR5	chr11:118939280-118939781	11	0.009079939624186989	0.03207047774469117	4	0.02299053812050418	0.03207047774469117	2.3646125793647532e-05	unsupported	True	0.000239369989055	-0.000239369989055
CXCR5	chr11:118790933-118791434	12	0.022296051330670197	0.06318682896773702	1	0.04089077763706682	0.06318682896773702	0.00016325951104045837	unsupported	True	0.0001886098702131	0.0001886098702131
CXCR5	chr11:118927989-118928490	13	0.02138531118380123	0.04630468928241961	2	0.024919378098618383	0.04630468928241961	5.343024286473918e-05	unsupported	True	0.0001549912764798	0.0001549912764798
CXCR5	chr11:118921965-118922466	14	0.02035571748991382	0.10321149564272325	2	0.08285577815280942	0.10321149564272325	0.0008826305256229005	unsupported	True	0.0001397308516395	0.0001397308516395
CXCR5	chr11:118925732-118926233	15	0.018075405303014068	0.0650653935730647	1	0.04698998827005064	0.0650653935730647	0.00019893237100522443	unsupported	True	0.000119894427713	0.000119894427713
CXCR5	chr11:118757757-118758258	16	0.025017748214004494	0.0752615299278479	2	0.05024378171384341	0.0752615299278479	0.00028459574660064937	unsupported	True	0.0001144448674913	-0.0001144448674913
CXCR5	chr11:118791547-118792048	17	0.028285790784716935	0.07703829955690698	1	0.04875250877219005	0.07703829955690698	0.0002893412447437758	unsupported	True	0.0001021665024701	-0.0001021665024701
CXCR5	chr11:118929388-118929889	18	0.01648995090257135	0.050940705046475826	1	0.03445075414390447	0.050940705046475826	8.939817155509443e-05	unsupported	True	8.126851622159263e-05	-8.126851622159263e-05
CXCR5	chr11:118930166-118930667	19	0.014576846955641615	0.049325956102777804	2	0.03474910914713619	0.049325956102777804	8.454631811498572e-05	unsupported	True	6.493035895711526e-05	-6.493035895711526e-05
FTSJ1	chrX:48631292-48631793	0	-0.021277432662683386	0.0023155259065216886	4	0.023592958569205076	0.030741635069535856	1.6794188063940315e-06	unsupported	True	0.0037149079039884	0.0037149079039884
FTSJ1	chrX:48521505-48522006	1	-0.017778735334055596	0.005560531708846385	1	0.02333926704290198	0.028390048769131343	3.6844246003250456e-06	unsupported	True	0.0023838891285553	0.0023838891285553
FTSJ1	chrX:48597874-48598375	2	-0.01804398977139426	0.011131837269885632	1	0.02917582704127989	0.029007261568630975	9.420994622615846e-06	unsupported	True	0.0016986493586512	0.0016986493586512
FTSJ1	chrX:48589709-48590210	3	-0.0015797374539974652	0.04152150933647816	1	0.043101246790475625	0.037426553331627394	6.697963851389402e-05	unsupported	True	0.0016088288270707	0.0016088288270707
FTSJ1	chrX:48539335-48539836	4	-0.016732670183027192	0.010035811774848375	4	0.026768481957875567	0.02531425701062031	6.800509247088693e-06	unsupported	True	0.0008711195073879	0.0008711195073879
FTSJ1	chrX:48555926-48556427	5	0.009561663604446177	0.025899026263812918	2	0.016337362659366743	0.02313801264714587	9.790197203273872e-06	unsupported	True	0.000784075686517	-0.000784075686517
FTSJ1	chrX:48473064-48473565	6	-0.02212046007192594	0.03555065986080736	3	0.0576711199327333	0.0664146706850503	0.00013616643738850458	unsupported	True	0.0006565439367203	0.0006565439367203
FTSJ1	chrX:48573635-48574136	7	-0.016169555947312328	0.0024191801262372662	1	0.018588736073549595	0.032518241274964485	1.4623290796631164e-06	unsupported	True	0.0005016351039423	-0.0005016351039423
FTSJ1	chrX:48508668-48509169	8	-0.02641097290125249	-0.0060270798290140235	3	0.020383893072238465	0.020028506402427128	0.0	unsupported	True	0.0004604306276077	-0.0004604306276077
FTSJ1	chrX:48475813-48476314	9	-0.011797210778931413	0.002872223363129833	1	0.014669434142061247	0.009627711104750353	4.056529347605128e-07	unsupported	True	0.0004590737116386	0.0004590737116386
FTSJ1	chrX:48574645-48575146	10	-0.016724422337730454	0.025993485851310394	4	0.04271790818904085	0.05783779104365467	6.422235107044314e-05	unsupported	True	0.000446723044364	0.000446723044364
FTSJ1	chrX:48493926-48494427	11	0.017675381210897713	0.02778314400055537	4	0.010107762789657658	0.028368616290973953	7.96662884312754e-06	unsupported	True	0.000298265534894	-0.000298265534894
FTSJ1	chrX:48597190-48597691	12	-0.005158405186239466	0.01839918821665646	4	0.023557593402895927	0.032785097498366715	1.4210392165229977e-05	unsupported	True	0.0002781315898729	0.0002781315898729
FTSJ1	chrX:48574144-48574645	13	-0.018919371145608647	-0.0036149995129456805	1	0.015304371632662968	0.02056009554620413	0.0	unsupported	True	0.0001669974127157	-0.0001669974127157
FTSJ1	chrX:48591233-48591734	14	-0.005338920065834673	0.004209474340694825	5	0.0095483944065295	0.012489972624900755	5.020184780943996e-07	unsupported	True	0.0001095191179285	0.0001095191179285
FTSJ1	chrX:48547157-48547658	15	0.016392887729320578	0.054718432200242265	4	0.03832554447092169	0.05807944070350861	0.00012179919117502625	unsupported	True	2.1943329484229373e-05	-2.1943329484229373e-05
CBX2	chr17:79844710-79845211	0	0.028075276424953277	0.08042231492404699	4	0.05234703849909371	0.09548806890701936	0.00040199235813112214	unsupported	True	0.002104917735208	0.002104917735208
CBX2	chr17:79706842-79707343	1	0.041634612063526165	0.12970982243021392	4	0.08807521036668775	0.13788345435501612	0.0015752109027326658	unsupported	True	0.0014213916938151	0.0014213916938151
CBX2	chr17:79929844-79930345	2	0.01347815413086759	0.12428057445047061	4	0.11080242031960302	0.15142663695875158	0.002085233897596836	unsupported	True	0.0012811693081242	0.0012811693081242
CBX2	chr17:79797586-79798087	3	0.01740813344374209	0.11005508353138951	4	0.09264695008764742	0.14171460794483143	0.0014449600981457924	unsupported	True	0.0010938424815125	0.0010938424815125
CBX2	chr17:79747470-79747971	4	-0.013318631752556676	0.08402043488137398	4	0.09733906663393066	0.10497374935509025	0.0008585247343701382	unsupported	True	0.0008832703118022	-0.0008832703118022
CBX2	chr17:79748003-79748504	5	-0.009885845273866007	0.06727486948559126	4	0.07716071475945727	0.09206088144360292	0.000477885919541257	unsupported	True	0.0007739299344195	-0.0007739299344195
CBX2	chr17:79831750-79832251	6	0.044155803638592	0.08378207436623197	4	0.039626270727639974	0.09339912593806057	0.0003100824045731924	unsupported	True	0.0006655432860979	0.0006655432860979
CBX2	chr17:79793293-79793794	7	0.0364168780806118	0.10806004555932938	5	0.07164316747871757	0.11552048081431394	0.000894332292903598	unsupported	True	0.0006610807298295	0.0006610807298295
CBX2	chr17:79813346-79813847	8	0.005686332844545229	0.09153789116125768	4	0.08585155831671246	0.12099555737559957	0.0009508642296258026	unsupported	True	0.0005934674141426	-0.0005934674141426
CBX2	chr17:79808613-79809114	9	-0.015579599542105924	0.06763164257442539	4	0.08321124211653132	0.10301471060216945	0.0005797372245017657	unsupported	True	0.0005752692255948	-0.0005752692255948
CBX2	chr17:79902079-79902580	10	0.02688851895328541	0.08765558316109895	5	0.06076706420781354	0.10289384828310666	0.000548071537552018	unsupported	True	0.0005234520775632	0.0005234520775632
CBX2	chr17:79853211-79853712	11	0.03000075022052898	0.07247515962054794	5	0.04247440940001897	0.05601848828446305	0.00017244393087729125	unsupported	True	0.000503032800478	0.000503032800478
CBX2	chr17:79746085-79746586	12	-8.429546714993047e-05	0.08960653880148715	4	0.08969083426863708	0.11312814531989177	0.0009091979192040155	unsupported	True	0.0004987673597476	-0.0004987673597476
CBX2	chr17:79777851-79778352	13	0.021243362115472085	0.08659072651564002	4	0.06534736440016795	0.1136571875612313	0.0006431264406846239	unsupported	True	0.0004543295280754	0.0004543295280754
CBX2	chr17:79778433-79778934	14	0.025496814121305916	0.06711518493020867	4	0.04161837080890275	0.08281143816442733	0.00023131095065888162	unsupported	True	0.0004411026927363	0.0004411026927363
CBX2	chr17:79810053-79810554	15	0.00894867007891459	0.10830842416744049	4	0.0993597540885259	0.14029775839955635	0.0015098141012767005	unsupported	True	0.0004237680469088	-0.0004237680469088
CBX2	chr17:79839279-79839780	16	0.019142177572424767	0.07342457898008467	4	0.0542824014076599	0.09671651328878607	0.0003854793771849274	unsupported	True	0.0004237502061775	0.0004237502061775
CBX2	chr17:79691925-79692426	17	0.04467951796113832	0.11218941276063592	5	0.0675098947994976	0.11606704662721178	0.0008790796767031856	unsupported	True	0.0003998129047517	0.0003998129047517
CBX2	chr17:79925233-79925734	18	0.03145841276407815	0.09198749971357749	5	0.060529086949499336	0.09423626804423534	0.0005246999420520757	unsupported	True	0.0003701716257731	0.0003701716257731
CBX2	chr17:79919013-79919514	19	0.033493274769982026	0.08245009985149335	5	0.04895682508151132	0.09391833170351553	0.0003791008872600512	unsupported	True	0.00036718443073	0.00036718443073
OTOL1	chr3:161484053-161484554	0	0.0	0.0	0	0.0	0.0	0.0	unsupported	True	0.0024641573317819	0.0024641573317819
OTOL1	chr3:161576630-161577131	1	0.0	0.0	0	0.0	0.0	0.0	unsupported	True	0.0010554063029437	0.0010554063029437
OTOL1	chr3:161499835-161500336	2	0.0	0.0	0	0.0	0.0	0.0	unsupported	True	0.0010474333898631	0.0010474333898631
OTOL1	chr3:161631477-161631978	3	0.0	0.0	0	0.0	0.0	0.0	unsupported	True	0.0010330786549135	0.0010330786549135
OTOL1	chr3:161508812-161509313	4	0.0	0.0	0	0.0	0.0	0.0	unsupported	True	0.0010127695370629	0.0010127695370629
OTOL1	chr3:161579398-161579899	5	0.0	0.0	0	0.0	0.0	0.0	unsupported	True	0.0010120941007276	0.0010120941007276
OTOL1	chr3:161403644-161404145	6	0.0	0.0	0	0.0	0.0	0.0	unsupported	True	0.0008390524721012	0.0008390524721012
OTOL1	chr3:161371660-161372161	7	0.0	0.0	0	0.0	0.0	0.0	unsupported	True	0.0007588768097822	0.0007588768097822
OTOL1	chr3:161568455-161568956	8	0.0	0.0	0	0.0	0.0	0.0	unsupported	True	0.0007138697689092	0.0007138697689092
OTOL1	chr3:161644818-161645319	9	0.0	0.0	0	0.0	0.0	0.0	unsupported	True	0.0006936449785856	-0.0006936449785856
OTOL1	chr3:161372762-161373263	10	0.0	0.0	0	0.0	0.0	0.0	unsupported	True	0.0005834341731846	0.0005834341731846
OTOL1	chr3:161372207-161372708	11	0.0	0.0	0	0.0	0.0	0.0	unsupported	True	0.0005657638155517	0.0005657638155517
OTOL1	chr3:161379391-161379892	12	0.0	0.0	0	0.0	0.0	0.0	unsupported	True	0.0005398670930055	0.0005398670930055
OTOL1	chr3:161475489-161475990	13	0.0	0.0	0	0.0	0.0	0.0	unsupported	True	0.0003926230047842	0.0003926230047842
OTOL1	chr3:161478628-161479129	14	0.0	0.0	0	0.0	0.0	0.0	unsupported	True	0.0003408647764392	0.0003408647764392
OTOL1	chr3:161577702-161578203	15	0.0	0.0	0	0.0	0.0	0.0	unsupported	True	0.0003333076167152	0.0003333076167152
OTOL1	chr3:161408982-161409483	16	0.0	0.0	0	0.0	0.0	0.0	unsupported	True	0.000329775027658	0.000329775027658
OTOL1	chr3:161423866-161424367	17	0.0	0.0	0	0.0	0.0	0.0	unsupported	True	0.0002584053343034	0.0002584053343034
OTOL1	chr3:161560221-161560722	18	0.0	0.0	0	0.0	0.0	0.0	unsupported	True	0.0002582918270736	0.0002582918270736
OTOL1	chr3:161556550-161557051	19	0.0	0.0	0	0.0	0.0	0.0	unsupported	True	0.0002242950547494	0.0002242950547494
SLC24A1	chr15:65792058-65792559	0	0.01970155703244974	0.08944181968393704	5	0.0697402626514873	0.08944181968393704	0.0005579108805876362	unsupported	True	0.002237678182182	-0.002237678182182
SLC24A1	chr15:65517495-65517996	1	0.01721077241331346	0.06704823518015093	5	0.049837462766837475	0.06704823518015093	0.0002240426114591056	unsupported	True	0.0014704859770472	-0.0014704859770472
SLC24A1	chr15:65727705-65728206	2	0.0010108337956727506	0.034656962893288255	5	0.0336461290976155	0.04213175287090539	4.912868461984224e-05	unsupported	True	0.0012333440967171	0.0012333440967171
SLC24A1	chr15:65791533-65792034	3	0.011744716366820928	0.07860154111785232	5	0.0668568247510314	0.07860154111785232	0.0004130549861811683	unsupported	True	0.0011910938875503	0.0011910938875503
SLC24A1	chr15:65610986-65611487	4	0.01518968141756358	0.08621051739847839	5	0.07102083598091481	0.08621051739847839	0.0005278448433061711	unsupported	True	0.0010956238234774	0.0010956238234774
SLC24A1	chr15:65530197-65530698	5	0.026250179524477835	0.10862396253621585	5	0.08237378301173802	0.10862396253621585	0.0009719418769579827	unsupported	True	0.0010937011889172	-0.0010937011889172
SLC24A1	chr15:65641949-65642450	6	0.041195601159175886	0.09995094411893587	5	0.05875534295975999	0.09995094411893587	0.0005869771119679032	unsupported	True	0.0010528478331858	0.0010528478331858
SLC24A1	chr15:65576478-65576979	7	-0.0032741469749779295	0.02359107258079968	2	0.02686521955577761	0.02359107258079968	1.4951534514883143e-05	unsupported	True	0.0010175202752745	0.0010175202752745
SLC24A1	chr15:65595905-65596406	8	0.028520592264048263	0.09761727796797397	5	0.0690966857039257	0.09761727796797397	0.0006584315050213259	unsupported	True	0.0007925093983931	0.0007925093983931
SLC24A1	chr15:65552392-65552893	9	0.007371302131908702	0.049958723926289826	2	0.042587421794381124	0.049958723926289826	0.00010629284288663955	unsupported	True	0.0005418239003254	-0.0005418239003254
SLC24A1	chr15:65798363-65798864	10	0.01028870721112863	0.06493049737175972	2	0.054641790160631094	0.06493049737175972	0.00023036812013850643	unsupported	True	0.0005000729540843	-0.0005000729540843
SLC24A1	chr15:65525622-65526123	11	-0.014482063004784189	0.0	3	0.014482063004784189	0.01307685469528086	0.0	unsupported	True	0.0004303577742196	0.0004303577742196
SLC24A1	chr15:65580362-65580863	12	0.012111262967271757	0.04286172147408452	5	0.030750458506812763	0.04286172147408452	5.6492502742773756e-05	unsupported	True	0.0004187552400733	-0.0004187552400733
SLC24A1	chr15:65602073-65602574	13	-0.02055786099017618	0.0	3	0.02055786099017618	0.02222259449065506	0.0	unsupported	True	0.0003965783998023	0.0003965783998023
SLC24A1	chr15:65570888-65571389	14	-0.00386258265365015	0.02616773485305778	0	0.03003031750670793	0.02616773485305778	2.056327034344678e-05	unsupported	True	0.0003100028352287	-0.0003100028352287
SLC24A1	chr15:65652570-65653071	15	-0.010801709833924342	0.0	3	0.010801709833924342	0.010330393390639363	0.0	unsupported	True	0.0002640374584973	0.0002640374584973
SLC24A1	chr15:65655194-65655695	16	-0.0025930777455315376	0.04738200167180846	5	0.04997507941734	0.05810153320407883	0.0001375797416302414	unsupported	True	0.0001638210681873	0.0001638210681873
SLC24A1	chr15:65512636-65513137	17	-0.015490375775283819	0.0	3	0.015490375775283819	0.013630959622527179	0.0	unsupported	True	0.000111206449711	0.000111206449711
SLC24A1	chr15:65679982-65680483	18	0.030148626400622387	0.11829833232764701	5	0.08814970592702462	0.12511945997947518	0.0013047411250630364	unsupported	True	8.00842020058692e-05	-8.00842020058692e-05
SLC24A1	chr15:65638582-65639083	19	0.015742000588936475	0.0756210894555197	5	0.05987908886658322	0.0756210894555197	0.00034242151396468524	unsupported	True	4.945771201914086e-05	-4.945771201914086e-05
RPAP1	chr15:41402269-41402770	0	0.011352743414684325	0.03833953495916269	2	0.02698679154447836	0.035546542099787755	3.6778622141128687e-05	unsupported	True	0.0029840439553537	0.0029840439553537
RPAP1	chr15:41501410-41501911	1	0.00980752085901547	0.06919977716060177	5	0.0593922563015863	0.07939801477610028	0.0003263203544170773	unsupported	True	0.0019487358948951	0.0019487358948951
RPAP1	chr15:41416817-41417318	2	0.014245925492516864	0.05828663508883751	5	0.04404070959632064	0.06436407467819331	0.0001652215993886371	unsupported	True	0.0016712534655978	-0.0016712534655978
RPAP1	chr15:41564215-41564716	3	0.003854428196741569	0.034957332133503195	2	0.031102903936761628	0.060642484331361504	6.59350294519452e-05	unsupported	True	0.0010989993889426	0.0010989993889426
RPAP1	chr15:41621773-41622274	4	0.010048331203649927	0.05491386699212641	5	0.04486553578847648	0.05511327647691827	0.00013578478735962372	unsupported	True	0.0010197760617625	-0.0010197760617625
RPAP1	chr15:41660149-41660650	5	0.012004691563900277	0.05400471394305981	5	0.04200002237915953	0.04938244281103556	0.00011200921699105648	unsupported	True	0.0009007109703796	0.0009007109703796
RPAP1	chr15:41502028-41502529	6	0.0017183318729408884	0.037877988185402583	5	0.036159656312461694	0.048030544941551276	6.578527769337583e-05	unsupported	True	0.0007296047619762	0.0007296047619762
RPAP1	chr15:41558872-41559373	7	0.0165025221405407	0.053810819686633406	5	0.0373082975460927	0.04275035108267004	8.582518041099251e-05	unsupported	True	0.0005951571018512	0.0005951571018512
RPAP1	chr15:41621265-41621766	8	0.01181588193697575	0.05440463206680199	5	0.04258875012982624	0.05454302485975059	0.00012637756750215337	unsupported	True	0.0005183312853434	-0.0005183312853434
RPAP1	chr15:41544063-41544564	9	0.017353173729679226	0.06524790214835784	5	0.04789472841867861	0.058198280569247536	0.0001818714049274998	unsupported	True	0.0004823730549673	0.0004823730549673
RPAP1	chr15:41500876-41501377	10	0.0018978344146021748	0.07001106428340607	5	0.0681132298688039	0.08461461662240234	0.000403500005870888	unsupported	True	0.0004146553927383	0.0004146553927383
RPAP1	chr15:41585143-41585644	11	0.0064406112242662615	0.04512766772068608	5	0.03868705649641981	0.05150323548427905	8.99172651707669e-05	unsupported	True	0.0003921960516169	0.0003921960516169
RPAP1	chr15:41493552-41494053	12	0.020232404643699298	0.07513215810057992	5	0.054899753456880626	0.0760887144646827	0.0003138459325178407	unsupported	True	0.0003346094879548	-0.0003346094879548
RPAP1	chr15:41383992-41384493	13	0.0017239830098542473	0.03828166626992791	2	0.036557683260073665	0.0416601359620087	5.830290327396654e-05	unsupported	True	0.000288060131015	0.000288060131015
RPAP1	chr15:41425914-41426415	14	0.018646728614873355	0.09100730212379259	5	0.07236057350891922	0.08816578687950703	0.0005806017336800357	unsupported	True	0.0002232468411046	0.0002232468411046
RPAP1	chr15:41566105-41566606	15	0.00979728807531833	0.034832218522997074	5	0.025034930447678745	0.03664656662099597	3.1956618476854e-05	unsupported	True	0.0002056711262182	-0.0002056711262182
RPAP1	chr15:41561757-41562258	16	0.008031327737434056	0.04687919574031167	5	0.038847868002877615	0.06999142426617934	0.0001274653588180155	unsupported	True	0.0001739777543536	-0.0001739777543536
RPAP1	chr15:41661598-41662099	17	0.00949399223717958	0.044719651005781735	5	0.035225658768602154	0.04920487628892073	7.751141651211471e-05	unsupported	True	0.0001612734133215	0.0001612734133215
RPAP1	chr15:41465753-41466254	18	0.022751934233615084	0.08232143307122815	5	0.05956949883761306	0.07178573147347947	0.0003520262088722625	unsupported	True	0.0001544695028726	-0.0001544695028726
RPAP1	chr15:41461399-41461900	19	-0.012204915483858794	0.06800914121918766	5	0.08021405670304646	0.08822463493797575	0.0004812908902180473	unsupported	True	0.0001488185393113	0.0001488185393113
PRR18	chr6:166382842-166383343	0	0.020700429242400932	0.06976833556051103	5	0.049067906318110095	0.06976833556051103	0.0002388439538934059	unsupported	True	0.0025013873881967	0.0025013873881967
PRR18	chr6:166351879-166352380	1	0.006364995552952923	0.026373371621512487	3	0.020008376068559562	0.026373371621512487	1.391692062783916e-05	unsupported	True	0.0017942194484156	0.0017942194484156
PRR18	chr6:166276963-166277464	2	0.01993934851927057	0.015721979794021623	4	-0.004217368725248947	0.015721979794021623	0.0	unsupported	True	0.001662902795334	0.001662902795334
PRR18	chr6:166307684-166308185	3	0.0419691840652309	0.0475181495293281	5	0.005548965464097201	0.018603446291106305	4.905292920422891e-06	unsupported	True	0.0015990916474926	0.0015990916474926
PRR18	chr6:166381724-166382225	4	0.0426527133679725	0.06050262732363289	5	0.017849913955660386	0.06050262732363289	6.534082227701531e-05	unsupported	True	0.0010714341967794	0.0010714341967794
PRR18	chr6:166456500-166457001	5	-0.020228846779919363	0.01103101002260712	5	0.031259856802526485	0.024505329864241136	8.450118830828319e-06	unsupported	True	0.0008601394008915	-0.0008601394008915
PRR18	chr6:166275624-166276125	6	0.031749441717920455	0.05219423565943876	3	0.020444793941518304	0.03960843434532213	4.226617585570185e-05	unsupported	True	0.000842606014992	0.000842606014992
PRR18	chr6:166309157-166309658	7	0.054150875326644976	0.07394680576055507	4	0.01979593043391009	0.07394680576055507	0.00010824672271058966	unsupported	True	0.0008143151794829	0.0008143151794829
PRR18	chr6:166390426-166390927	8	0.01460237258129995	0.03156303953348018	3	0.01696066695218023	0.03156303953348018	1.6896648314226484e-05	unsupported	True	0.0007849571186368	0.0007849571186368
PRR18	chr6:166308262-166308763	9	0.037399125899499036	0.036972224548745776	5	-0.00042690135075326013	0.036972224548745776	0.0	unsupported	True	0.0004625946473709	0.0004625946473709
PRR18	chr6:166400726-166401227	10	0.02007503165645112	0.07906392742683192	5	0.0589888957703808	0.07906392742683192	0.0003687457588880895	unsupported	True	0.0003956819209398	0.0003956819209398
PRR18	chr6:166352919-166353420	11	0.00496459050994496	0.019034262016864357	3	0.014069671506919398	0.019034262016864357	5.0974860324384396e-06	unsupported	True	0.0003356918363018	0.0003356918363018
PRR18	chr6:166439647-166440148	12	0.004636280864855472	0.05521929461759291	5	0.05058301375273744	0.05521929461759291	0.00015423623323803916	unsupported	True	0.0002991732419362	-0.0002991732419362
PRR18	chr6:166342377-166342878	13	0.01706196095612542	0.07099423111376994	5	0.05393227015764453	0.07099423111376994	0.0002718283953229997	unsupported	True	0.0002118997658902	-0.0002118997658902
PRR18	chr6:166253190-166253691	14	0.014159034227630117	0.0468816668423571	5	0.032722632614726986	0.0468816668423571	7.192076944261734e-05	unsupported	True	0.0001955236430235	0.0001955236430235
PRR18	chr6:166156921-166157422	15	0.06254783630643791	0.10436731879604759	3	0.04181948248960968	0.09222832001207723	0.00040253855061696774	unsupported	True	0.0001670967703303	-0.0001670967703303
PRR18	chr6:166440755-166441256	16	0.02557808823916388	0.06320389199434663	5	0.03762580375518275	0.06320389199434663	0.00015030500090316206	unsupported	True	0.0001225572432773	0.0001225572432773
PRR18	chr6:166307121-166307622	17	0.052034191420092246	0.07009511128533692	5	0.018060919865244676	0.04615124047678457	5.84266483917086e-05	unsupported	True	0.000120669292576	0.000120669292576
PRR18	chr6:166167188-166167689	18	0.013047075596308884	0.07472205765957084	5	0.061674982063261954	0.07472205765957084	0.0003443552252890578	unsupported	True	0.0001131450182378	-0.0001131450182378
PRR18	chr6:166195060-166195561	19	0.040477392175956486	0.11661184087318185	3	0.07613444869722537	0.11661184087318185	0.0010353007054202156	unsupported	True	8.95609666267466e-05	8.95609666267466e-05
MGAT2	chr14:49767828-49768329	0	-0.00016787218969445915	0.04995719992175998	4	0.05012507211145444	0.02975673125204756	7.451407617857129e-05	unsupported	True	0.0031159484922467	0.0031159484922467
MGAT2	chr14:49550738-49551239	1	0.00447336560361423	0.06429154900024503	1	0.0598181833966308	0.07670671151623917	0.000294998952582252	unsupported	True	0.0020527407503657	0.0020527407503657
MGAT2	chr14:49598686-49599187	2	0.0015801515744329965	0.04118773823435448	0	0.039607586659921486	0.02431187399144492	3.9661100547343745e-05	unsupported	True	0.001733420719608	0.001733420719608
MGAT2	chr14:49620449-49620950	3	-0.004567770389727237	0.04094059035536728	0	0.04550836074509452	0.027992373605457848	5.2153687305974334e-05	unsupported	True	0.0014668706464761	0.0014668706464761
MGAT2	chr14:49586229-49586730	4	-0.0031482901685503024	0.03360944162471101	4	0.03675773179326131	0.016107382173091184	1.9899170126632658e-05	unsupported	True	0.0010870368781754	0.0010870368781754
MGAT2	chr14:49703878-49704379	5	-0.020351107123329586	0.006784977363168088	4	0.027136084486497673	0.020049202382777825	3.691413409802809e-06	unsupported	True	0.0008696297106905	0.0008696297106905
MGAT2	chr14:49504144-49504645	6	-0.005920265458041322	0.05524253745563643	0	0.061162802913677754	0.027227293293133493	9.199526358221429e-05	unsupported	True	0.0007647002532609	0.0007647002532609
MGAT2	chr14:49692861-49693362	7	-0.004660818693216382	0.041876555841010715	0	0.0465373745342271	0.027057127761982394	5.2729606019821086e-05	unsupported	True	0.0007193650387913	0.0007193650387913
MGAT2	chr14:49478801-49479302	8	-0.008237234611009095	0.04735837188376842	4	0.055595606494777516	0.06214897483098403	0.00016363311768974087	unsupported	True	0.0006115412765557	0.0006115412765557
MGAT2	chr14:49635050-49635551	9	-0.020582715297900015	0.012544211944275631	0	0.03312692724217565	0.0461276071716896	1.916838234673204e-05	unsupported	True	0.0004536602334829	-0.0004536602334829
MGAT2	chr14:49688000-49688501	10	-0.007707106836829094	0.016830705429033078	0	0.02453781226586217	0.01101033279692349	4.547142919582754e-06	unsupported	True	0.0004083991547064	-0.0004083991547064
MGAT2	chr14:49497681-49498182	11	0.006283598097387832	0.06567477272539073	4	0.05939117462800289	0.0354384101133135	0.00013822758582360717	unsupported	True	0.0003882267634789	0.0003882267634789
MGAT2	chr14:49641599-49642100	12	0.0034625847094543	0.07087086460992546	4	0.06740827990047116	0.0826271450705279	0.0003947332619631124	unsupported	True	0.0002394780995199	-0.0002394780995199
MGAT2	chr14:49573958-49574459	13	0.022530762174196476	0.13520302896017333	4	0.11267226678597686	0.1310466589909114	0.001996316545040074	unsupported	True	0.0002006480905131	-0.0002006480905131
MGAT2	chr14:49575830-49576331	14	0.009225233752350183	0.12546170939010343	4	0.11623647563775324	0.14536354403601925	0.002119869549589301	unsupported	True	0.0001635764579391	0.0001635764579391
MGAT2	chr14:49485904-49486405	15	-4.768183940543713e-06	0.05847825376863731	1	0.05848302195257785	0.08833058481720411	0.00030208927501886983	unsupported	True	6.366638205053507e-05	6.366638205053507e-05
MGAT2	chr14:49516257-49516758	16	-0.02251637280365185	0.041942803115055154	4	0.064459175918707	0.06250821041030677	0.0001689971054355056	unsupported	True	3.042595919424433e-05	3.042595919424433e-05
MGAT2	chr14:49634138-49634639	17	-0.004425454278118033	0.04851322958718411	4	0.05293868386530214	0.04385380922646024	0.00011262651605140606	unsupported	True	2.5984387015202252e-05	2.5984387015202252e-05
MGAT2	chr14:49536704-49537205	18	-0.014642612651666937	0.026752043315870024	3	0.04139465596753696	0.04078445609311787	4.51643652907839e-05	unsupported	True	2.4749947406772896e-05	-2.4749947406772896e-05
MGAT2	chr14:49494643-49495144	19	-0.008148103613714687	0.045359427988834744	4	0.05350753160254943	0.05262367999451298	0.00012772140902702315	unsupported	True	2.3592912029111213e-05	2.3592912029111213e-05
SMIM27	chr9:32581455-32581956	0	-0.01631053924759066	0.045744613226742115	2	0.06205515247433277	0.06192519885512196	0.00017578637763390864	unsupported	True	0.0044830872185405	0.0044830872185405
SMIM27	chr9:32611929-32612430	1	-0.009221230261983442	0.021284828686018227	2	0.03050605894800167	0.024216410453565075	1.5724108547952186e-05	unsupported	True	0.0020240005245325	0.0020240005245325
SMIM27	chr9:32550754-32551255	2	-0.025354604150822673	0.056270134354438194	2	0.08162473850526086	0.08710944907722884	0.000400096748645997	unsupported	True	0.0019774164002653	-0.0019774164002653
SMIM27	chr9:32588998-32589499	3	-0.012842036013533063	0.07354416229727982	2	0.08638619831081289	0.11528877964348741	0.0007324527427148158	unsupported	True	0.0009714058808978	0.0009714058808978
SMIM27	chr9:32552078-32552579	4	-0.025820233133856996	0.06653123343509787	2	0.09235146656895486	0.09163477300383374	0.00056302759367368	unsupported	True	0.0009298181624288	-0.0009298181624288
SMIM27	chr9:32572189-32572690	5	-0.012945747130096165	0.052690797114021984	1	0.06563654424411815	0.0720834027312256	0.00024929625568923967	unsupported	True	0.0008728746885687	0.0008728746885687
SMIM27	chr9:32525982-32526483	6	-0.02351869022261973	0.031638447065388035	1	0.055157137288007765	0.07151961463124279	0.00012480789025977502	unsupported	True	0.0007647917930068	0.0007647917930068
SMIM27	chr9:32426911-32427412	7	-0.026319488158437116	0.026108312454477024	1	0.05242780061291414	0.042268685380557586	5.785743571251229e-05	unsupported	True	0.0004793293996914	-0.0004793293996914
SMIM27	chr9:32579638-32580139	8	-0.016783612406308202	0.06623982656961813	2	0.08302343897592633	0.09015388644990961	0.0004957975300067442	unsupported	True	0.0004789145378298	-0.0004789145378298
SMIM27	chr9:32717052-32717553	9	-0.007117674134062465	0.031899571220208804	1	0.03901724535427127	0.04390747716355482	5.464871245555288e-05	unsupported	True	0.000398257645155	-0.000398257645155
SMIM27	chr9:32697458-32697959	10	-0.021183743732109322	0.009271802611016167	4	0.03045554634312549	0.02820125078054569	7.963407550412453e-06	unsupported	True	0.0003953951277386	-0.0003953951277386
SMIM27	chr9:32602220-32602721	11	0.004927958657311897	0.03995238204946443	1	0.03502442339215253	0.031438533371687144	4.399222723432734e-05	unsupported	True	0.0003084004456147	0.0003084004456147
SMIM27	chr9:32419851-32420352	12	-0.029337130398201135	0.016719042918182932	3	0.046056173316384064	0.043282264990468555	3.33279992636072e-05	unsupported	True	0.0001696525386656	0.0001696525386656
SMIM27	chr9:32647570-32648071	13	-0.035620786401568245	-0.013712728601418199	0	0.021908057800150045	0.022650065213821666	0.0	unsupported	True	8.060737539099465e-05	-8.060737539099465e-05
SMIM27	chr9:32636457-32636958	14	-0.03009416323736187	0.004791386982943166	2	0.03488555022030504	0.03234064441147234	5.405744250690334e-06	unsupported	True	4.69449201897344e-05	-4.69449201897344e-05
SMIM27	chr9:32412199-32412700	15	0.0009230742585503948	0.06592911674339831	2	0.06500604248484791	0.09464761123376574	0.0004056398769907902	unsupported	True	3.645439945119866e-05	-3.645439945119866e-05
SMIM27	chr9:32707027-32707528	16	-0.020148092735480922	0.006934631706636266	0	0.02708272444211719	0.019294752687069094	3.623722797512107e-06	unsupported	True	1.2639870976934462e-05	-1.2639870976934462e-05
SMIM27	chr9:32572944-32573445	17	-0.024452851266051148	0.07417206745761012	2	0.09862491872366128	0.0977493859676893	0.0007150576888991511	unsupported	True	1.1837199067339764e-05	1.1837199067339764e-05
IFRD2	chr3:50415721-50416222	0	0.010785741553235672	0.051093582495487906	5	0.04030784094225223	0.04890862381572111	0.00010072594113084042	unsupported	True	0.0021113299619575	0.0021113299619575
IFRD2	chr3:50246080-50246581	1	-0.00719515398829087	0.00924353739054302	4	0.01643869137883389	0.02329243180674241	3.5393236414793917e-06	unsupported	True	0.0018441129178055	-0.0018441129178055
IFRD2	chr3:50264583-50265084	2	0.004542668534179592	0.05539661312481224	5	0.05085394459063265	0.05788366769778507	0.0001630661811219832	unsupported	True	0.0016948470418948	-0.0016948470418948
IFRD2	chr3:50259911-50260412	3	0.003371354423310197	0.028668054784124406	5	0.02529670036081421	0.021460326999336747	1.55631834783288e-05	unsupported	True	0.0012925260537573	-0.0012925260537573
IFRD2	chr3:50235849-50236350	4	0.003564673401760165	0.022759565216217803	5	0.01919489181445764	0.022397977222669934	9.7849458968975e-06	unsupported	True	0.0007106786620956	-0.0007106786620956
IFRD2	chr3:50435457-50435958	5	0.007089030832011484	0.03678654033416695	5	0.029697509502155467	0.03312662274561254	3.618979620470516e-05	unsupported	True	0.000690376560053	0.000690376560053
IFRD2	chr3:50365009-50365510	6	0.000656156631749962	0.052712675072526076	5	0.05205651844077611	0.07290546017567441	0.00020005537806142525	unsupported	True	0.0006625867444571	0.0006625867444571
IFRD2	chr3:50337282-50337783	7	0.008736394648666927	0.02669144284604669	5	0.017955048197379763	0.012655603001992897	6.065148922986415e-06	unsupported	True	0.0006171114566474	0.0006171114566474
IFRD2	chr3:50138545-50139046	8	0.0025822028426535954	0.0334129955696363	4	0.030830792726982702	0.03892412490225099	4.009765382425299e-05	unsupported	True	0.0005795121897083	-0.0005795121897083
IFRD2	chr3:50408321-50408822	9	-0.007473987517618986	-0.0014115704753089185	5	0.006062417042310067	0.00785364538764191	0.0	unsupported	True	0.000506058016401	-0.000506058016401
IFRD2	chr3:50414594-50415095	10	0.004959854521111948	0.03219893740380622	3	0.027239082882694273	0.02818636922129322	2.472140545528901e-05	unsupported	True	0.0004822446750765	0.0004822446750765
IFRD2	chr3:50291746-50292247	11	0.005220512029595491	0.029702957513548067	5	0.024482445483952578	0.020203455264149784	1.469197364003594e-05	unsupported	True	0.000471151898084	0.000471151898084
IFRD2	chr3:50227266-50227767	12	0.0010181035141713715	0.02656365855987624	5	0.025545555045704868	0.029206315194125764	1.9818920723047408e-05	unsupported	True	0.0004575546509779	-0.0004575546509779
IFRD2	chr3:50392018-50392519	13	-0.015007072423170334	-0.005489586233035651	1	0.009517486190134683	0.005790672086824031	0.0	unsupported	True	0.0004500307760342	-0.0004500307760342
IFRD2	chr3:50260508-50261009	14	-0.003745112195719624	0.018298231746780236	0	0.02204334394249986	0.025628901123382675	1.0337525317868103e-05	unsupported	True	0.0003519725424962	-0.0003519725424962
IFRD2	chr3:50292301-50292802	15	0.001699893182936375	0.02942528237239484	4	0.027725389189458466	0.033234051038148686	2.7113249642157816e-05	unsupported	True	0.0003407570697717	0.0003407570697717
IFRD2	chr3:50436002-50436503	16	-0.011057263420928078	0.006351536651932984	1	0.017408800072861063	0.01396655995314237	1.5443192902191216e-06	unsupported	True	0.0003191584367323	-0.0003191584367323
IFRD2	chr3:50167743-50168244	17	-0.001694835569504869	0.02718690909645964	4	0.02888174466596451	0.06125881383565926	4.8100749386381606e-05	unsupported	True	0.0002943169900443	-0.0002943169900443
IFRD2	chr3:50152423-50152924	18	-0.0027591504479220976	0.009508591368837901	3	0.012267741816759999	0.028258037728493984	3.296270259240432e-06	unsupported	True	0.0002920717814929	0.0002920717814929
IFRD2	chr3:50257916-50258417	19	-0.006637008147471579	0.006581803737438122	1	0.013218811884909702	0.019303279890214957	1.67945533388363e-06	unsupported	True	0.0002733261574429	-0.0002733261574429
GAST	chr17:41601004-41601505	0	-0.0075977887208329604	0.0	1	0.0075977887208329604	0.0	0.0	unsupported	True	0.0027668374905632	0.0027668374905632
GAST	chr17:41564170-41564671	1	-0.007741143138230412	0.0	1	0.007741143138230412	0.0	0.0	unsupported	True	0.0018783946632122	0.0018783946632122
GAST	chr17:41733607-41734108	2	-0.010488085559424617	0.0	1	0.010488085559424617	0.0	0.0	unsupported	True	0.0017120716238863	0.0017120716238863
GAST	chr17:41734412-41734913	3	-0.011581857533828743	0.0	1	0.011581857533828743	0.0	0.0	unsupported	True	0.0014427783021467	0.0014427783021467
GAST	chr17:41647815-41648316	4	-0.01486538150818027	0.0	1	0.01486538150818027	0.0	0.0	unsupported	True	0.0013623032502526	0.0013623032502526
GAST	chr17:41617742-41618243	5	-0.011133550789833831	0.0	1	0.011133550789833831	0.0	0.0	unsupported	True	0.0009599671987446	0.0009599671987446
GAST	chr17:41811500-41812001	6	-0.016190804470519113	0.0	1	0.016190804470519113	0.0	0.0	unsupported	True	0.0009180936993512	0.0009180936993512
GAST	chr17:41629009-41629510	7	-0.012549333170351668	0.0	1	0.012549333170351668	0.0	0.0	unsupported	True	0.0007362814351744	0.0007362814351744
GAST	chr17:41705648-41706149	8	-0.005060297463831141	0.0	1	0.005060297463831141	0.0	0.0	unsupported	True	0.0004600520934102	0.0004600520934102
GAST	chr17:41688538-41689039	9	-0.016752664244149413	0.0	1	0.016752664244149413	0.0	0.0	unsupported	True	0.0003120907034436	-0.0003120907034436
GAST	chr17:41836016-41836517	10	-0.016081741717367433	0.0	1	0.016081741717367433	0.0	0.0	unsupported	True	0.0002748151825634	-0.0002748151825634
GAST	chr17:41689123-41689624	11	-0.016683102777141624	0.0	1	0.016683102777141624	0.0	0.0	unsupported	True	0.0002633721863382	0.0002633721863382
GAST	chr17:41665814-41666315	12	-0.015287030642828481	0.0	1	0.015287030642828481	0.0	0.0	unsupported	True	0.0002403942847137	0.0002403942847137
GAST	chr17:41865195-41865696	13	-0.016284639627891048	0.0	1	0.016284639627891048	0.0	0.0	unsupported	True	0.0002235204252091	0.0002235204252091
GAST	chr17:41635471-41635972	14	-0.009485032189412948	0.0	1	0.009485032189412948	0.0	0.0	unsupported	True	0.000210946111295	-0.000210946111295
GAST	chr17:41666882-41667383	15	-0.015095914729384194	0.0	1	0.015095914729384194	0.0	0.0	unsupported	True	0.000182332730233	0.000182332730233
GAST	chr17:41579493-41579994	16	-0.012988168085882672	0.0	1	0.012988168085882672	0.0	0.0	unsupported	True	0.0001582069529616	0.0001582069529616
GAST	chr17:41737932-41738433	17	-0.01607245497305553	0.0	1	0.01607245497305553	0.0	0.0	unsupported	True	0.000121376140594	-0.000121376140594
GAST	chr17:41651492-41651993	18	-0.009180180149416595	0.0	1	0.009180180149416595	0.0	0.0	unsupported	True	0.0001178987756943	-0.0001178987756943
GAST	chr17:41710685-41711186	19	-0.012244805586428438	0.0	1	0.012244805586428438	0.0	0.0	unsupported	True	9.8493820413838e-05	-9.8493820413838e-05
ARMC12	chr6:35810849-35811350	0	0.006589726510562082	0.026952447687654483	2	0.0203627211770924	0.026952447687654483	1.4792181880950442e-05	unsupported	True	0.0053891449132547	0.0053891449132547
ARMC12	chr6:35737429-35737930	1	-0.0001638265347354868	0.014931797555497728	2	0.015095624090233215	0.02492188959916783	5.617513612728247e-06	unsupported	True	0.0028558362151277	0.0028558362151277
ARMC12	chr6:35727415-35727916	2	0.0021319685638110093	0.022910269870676916	2	0.020778301306865907	0.022910269870676916	1.0906124463228737e-05	unsupported	True	0.0018465966220404	0.0018465966220404
ARMC12	chr6:35792252-35792753	3	0.006059239655502205	0.045445349148985015	2	0.03938610949348281	0.045445349148985015	8.134333473340623e-05	unsupported	True	0.0012761775761327	0.0012761775761327
ARMC12	chr6:35845328-35845829	4	0.011800628220865892	0.042351886195456594	2	0.0305512579745907	0.053178014707187506	6.880721408103317e-05	unsupported	True	0.0006708417693736	0.0006708417693736
ARMC12	chr6:35805026-35805527	5	0.003644052462950848	0.03381896450952168	2	0.030174912046570836	0.03381896450952168	3.451172163367185e-05	unsupported	True	0.0006707300568215	0.0006707300568215
ARMC12	chr6:35731771-35732272	6	-0.0027720765811823853	0.04187508390960042	3	0.04464716049078281	0.04187508390960042	7.828980728753666e-05	unsupported	True	0.0003301829926247	0.0003301829926247
ARMC12	chr6:35785675-35786176	7	-0.008537442257164667	0.0033963523671411804	3	0.011933794624305848	0.011462331677606206	4.6458402487094393e-07	unsupported	True	0.0002958077677478	0.0002958077677478
ARMC12	chr6:35720441-35720942	8	-0.0005748093547154341	0.0371195915368172	3	0.037694400891532635	0.0371195915368172	5.1937760849513676e-05	unsupported	True	0.0002409511793468	0.0002409511793468
ARMC12	chr6:35798589-35799090	9	0.023502381189592584	0.08124000683546184	2	0.05773762564586926	0.08621964921454013	0.0004044223265099046	unsupported	True	0.0001585310057846	0.0001585310057846
ARMC12	chr6:35688722-35689223	10	-0.0031920607340451706	0.12103445415380505	3	0.12422651488785022	0.12702520926866437	0.0019099114681607778	unsupported	True	0.0001402340357975	-0.0001402340357975
ARMC12	chr6:35719897-35720398	11	-0.005296317209913627	0.012462153078051229	2	0.017758470287964855	0.012462153078051229	2.7579838335679485e-06	unsupported	True	9.484704069783488e-05	9.484704069783488e-05
ARMC12	chr6:35748458-35748959	12	0.0001922145485830153	0.0313168674144165	3	0.031124652865833484	0.0313168674144165	3.052538454678855e-05	unsupported	True	9.07371007886103e-05	-9.07371007886103e-05
ARMC12	chr6:35776333-35776834	13	-0.002819837219292461	0.037146822916314576	3	0.039966660135607034	0.037146822916314576	5.5149452883828106e-05	unsupported	True	8.571670758249816e-05	8.571670758249816e-05
ARMC12	chr6:35727918-35728419	14	-0.0031075432362531966	0.06919053364444579	3	0.07229807688069899	0.06919053364444579	0.00034611474848941076	unsupported	True	6.768258207803607e-05	6.768258207803607e-05
ARMC12	chr6:35736213-35736714	15	-3.64369694095162e-05	0.06785605479236348	3	0.06789249176177299	0.06785605479236348	0.00031260718801398335	unsupported	True	5.843811262167404e-05	5.843811262167404e-05
ARMC12	chr6:35731247-35731748	16	0.00027475879338767137	0.06418750093900587	3	0.06391274214561819	0.06418750093900587	0.0002633227522766418	unsupported	True	5.4743504236185765e-05	5.4743504236185765e-05
ARMC12	chr6:35687815-35688316	17	0.0015160013548809674	0.08068297360588975	3	0.07916697225100879	0.08068297360588975	0.0005153565824748188	unsupported	True	5.354025700935284e-05	-5.354025700935284e-05
ARMC12	chr6:35850925-35851426	18	0.0031203978385005255	0.035608387287420835	2	0.03248798944892031	0.04785504470126608	5.53608649037778e-05	unsupported	True	3.0776879000352626e-05	3.0776879000352626e-05
ARMC12	chr6:35668706-35669207	19	-0.005637781540578058	0.0330536999297536	3	0.038691481470331655	0.0330536999297536	4.2272265064380754e-05	unsupported	True	2.856990012627239e-05	2.856990012627239e-05
GABRR2	chr6:89311932-89312433	0	-0.006549741879687704	0.02038341731674311	0	0.026933159196430814	0.02038341731674311	1.1190288676250848e-05	unsupported	True	0.0020791872263376	0.0020791872263376
GABRR2	chr6:89145389-89145890	1	0.013504276292919698	0.04338135851658021	0	0.029877082223660513	0.04338135851658021	5.622694384369452e-05	unsupported	True	0.0020216977327169	0.0020216977327169
GABRR2	chr6:89352595-89353096	2	-0.0037655974372850028	0.027602956036616246	0	0.03136855347390125	0.027602956036616246	2.3900428076297467e-05	unsupported	True	0.0010286284141921	0.0010286284141921
GABRR2	chr6:89411606-89412107	3	-0.0005569786177032907	0.031307900267581935	0	0.031864878885285226	0.031307900267581935	3.1233464174907594e-05	unsupported	True	0.0008705839274254	0.0008705839274254
GABRR2	chr6:89412135-89412636	4	0.003319553401030592	0.050163254288682894	0	0.0468437008876523	0.050163254288682894	0.00011787524420247177	unsupported	True	0.0008493649640029	-0.0008493649640029
GABRR2	chr6:89430499-89431000	5	-0.010725430109291624	0.0	1	0.010725430109291624	0.010155738005351545	0.0	unsupported	True	0.0007929059206156	0.0007929059206156
GABRR2	chr6:89385303-89385804	6	-0.0041282356997344605	0.009658619147842764	0	0.013786854847577225	0.009658619147842764	1.2861608519111597e-06	unsupported	True	0.0007479967434588	0.0007479967434588
GABRR2	chr6:89350238-89350739	7	-0.0009342083237117802	0.010038575262407166	0	0.010972783586118947	0.010038575262407166	1.1057602467954856e-06	unsupported	True	0.0007401608100612	0.0007401608100612
GABRR2	chr6:89400750-89401251	8	-0.010107740506526694	0.0	1	0.010107740506526694	0.0070975900592774276	0.0	unsupported	True	0.0006179057761976	0.0006179057761976
GABRR2	chr6:89459909-89460410	9	0.0053699374309540936	0.03154064698131676	0	0.02617070955036267	0.03154064698131676	2.6034946691548933e-05	unsupported	True	0.000574635157287	-0.000574635157287
GABRR2	chr6:89461569-89462070	10	0.010347129185728821	0.06898605166666666	0	0.05863892248093784	0.06898605166666666	0.0002790670490375835	unsupported	True	0.0005625838441275	0.0005625838441275
GABRR2	chr6:89299170-89299671	11	-0.005687540317299709	0.01981870862623971	0	0.02550624894353942	0.01981870862623971	1.0018375363715308e-05	unsupported	True	0.0005605214898636	0.0005605214898636
GABRR2	chr6:89146053-89146554	12	-0.0010784714243670993	0.02573569184119879	0	0.026814163265565887	0.02573569184119879	1.775971306249572e-05	unsupported	True	0.0005416735854779	-0.0005416735854779
GABRR2	chr6:89432850-89433351	13	-0.0015353852475283739	0.036158755302972787	0	0.03769414055050116	0.036158755302972787	4.928341458679926e-05	unsupported	True	0.0005252532794997	0.0005252532794997
GABRR2	chr6:89242499-89243000	14	0.007481497828836784	0.05196672404212838	0	0.044485226213291595	0.05196672404212838	0.00012013415093336688	unsupported	True	0.0005066310901138	0.0005066310901138
GABRR2	chr6:89312943-89313444	15	-0.0042439474945026095	0.02189626107054993	0	0.02614020856505254	0.02189626107054993	1.2532824941185532e-05	unsupported	True	0.0003871038093229	0.0003871038093229
GABRR2	chr6:89372002-89372503	16	-0.007508976148946678	0.016522008766795108	0	0.024030984915741786	0.016522008766795108	6.559900730893556e-06	unsupported	True	0.000323766702512	0.000323766702512
GABRR2	chr6:89387814-89388315	17	-0.006362818063069361	0.009758614060678763	0	0.016121432123748124	0.009758614060678763	1.5352528219005587e-06	unsupported	True	0.00026429490948	0.00026429490948
GABRR2	chr6:89375393-89375894	18	-0.0003379046940992467	0.017756643176837773	0	0.01809454787093702	0.017756643176837773	5.705181574618404e-06	unsupported	True	0.0002219354331309	0.0002219354331309
GABRR2	chr6:89144057-89144558	19	0.01645490074140313	0.06610242726785695	0	0.04964752652645382	0.06610242726785695	0.00021693640080430274	unsupported	True	0.0002216262007725	0.0002216262007725
DMC1	chr22:38398223-38398724	0	0.03957108822187278	0.08770622552997472	3	0.048135137308101934	0.053333229578776134	0.00022515962643597615	unsupported	True	0.002540867090244	-0.002540867090244
DMC1	chr22:38422351-38422852	1	0.03299801385040548	0.18169809016935007	2	0.14870007631894458	0.18841547742563827	0.0050907073216178	unsupported	True	0.0015529436353529	0.0015529436353529
DMC1	chr22:38398741-38399242	2	0.032287560005756485	0.07314796875854941	5	0.040860408752792926	0.04313498299522941	0.0001289242485472508	unsupported	True	0.0014070537981627	-0.0014070537981627
DMC1	chr22:38455902-38456403	3	0.03259686083137466	0.07111350361281743	5	0.03851664278144277	0.02436467641190051	6.673615014580331e-05	unsupported	True	0.0013169323598643	-0.0013169323598643
DMC1	chr22:38705458-38705959	4	0.0328124652134984	0.07660098496464214	5	0.04378851975114374	0.05617520230964178	0.00018842532086344198	unsupported	True	0.0011309301895013	-0.0011309301895013
DMC1	chr22:38681664-38682165	5	0.037247766088679676	0.07911242336978877	5	0.041864657281109094	0.04286557719941379	0.00014197141285186154	unsupported	True	0.0010675514857429	-0.0010675514857429
DMC1	chr22:38700773-38701274	6	0.029184557574642073	0.06389318299640273	3	0.03470862542176066	0.0345153984342544	7.65428854229916e-05	unsupported	True	0.0009839372168655	-0.0009839372168655
DMC1	chr22:38505429-38505930	7	0.026057650329925786	0.045731637022674514	1	0.019673986692748727	0.02692368367236071	2.422387408955325e-05	unsupported	True	0.0008376355723498	-0.0008376355723498
DMC1	chr22:38429747-38430248	8	0.009573379370587892	0.10259551946451492	0	0.09302214009392704	0.0978263141186597	0.0009336205708019807	unsupported	True	0.00051300895309	0.00051300895309
DMC1	chr22:38461461-38461962	9	0.02072485760031741	0.06056602787631653	5	0.03984117027599912	0.04630062360080135	0.0001117243969507824	unsupported	True	0.0004634834073749	0.0004634834073749
DMC1	chr22:38380923-38381424	10	-0.00229334042476167	0.07426654455155624	3	0.07655988497631791	0.08195078072239394	0.00046595887204908706	unsupported	True	0.0004005839976828	0.0004005839976828
DMC1	chr22:38412377-38412878	11	0.01730354291907691	0.04126979507984739	1	0.02396625216077048	0.026531321760610738	2.624166116044473e-05	unsupported	True	0.000399930114706	0.000399930114706
DMC1	chr22:38506278-38506779	12	0.02929664249541075	0.07562833638189052	5	0.04633169388647977	0.04880797452276299	0.00017102260244249292	unsupported	True	0.0003839948742092	-0.0003839948742092
DMC1	chr22:38452705-38453206	13	0.006701021632373621	0.033326423363737714	5	0.026625401731364094	0.025079374257408103	2.225366637124711e-05	unsupported	True	0.000316560504084	-0.000316560504084
DMC1	chr22:38570093-38570594	14	0.03328775522194065	0.08795511084723327	5	0.054667355625292624	0.07450184505639755	0.00035822523415466337	unsupported	True	0.0002970192422749	-0.0002970192422749
DMC1	chr22:38390955-38391456	15	-0.003921539962240272	0.03547472479267096	3	0.03939626475491123	0.04961955878676674	6.934688864786245e-05	unsupported	True	0.0002726455639824	0.0002726455639824
DMC1	chr22:38572087-38572588	16	0.023788275978124128	0.05052325777111118	1	0.02673498179298705	0.03985848778815371	5.3838389090018934e-05	unsupported	True	0.0002117972333481	0.0002117972333481
DMC1	chr22:38656364-38656865	17	0.031020263311613543	0.07671104014271439	5	0.04569077683110084	0.050288222196500754	0.00017625956583847412	unsupported	True	0.0001274740765885	-0.0001274740765885
DMC1	chr22:38481599-38482100	18	0.02333951857378213	0.0636879034434963	2	0.04034838486971417	0.051045049907445406	0.00013117067095300237	unsupported	True	0.0001156561989626	0.0001156561989626
DMC1	chr22:38602132-38602633	19	0.01728682341642626	0.13764187658464247	5	0.12035505316821621	0.14271073101711845	0.002364131038850522	unsupported	True	9.79581465355668e-05	9.79581465355668e-05
ITFG2	chr12:2783960-2784461	0	-0.013849316223808611	0.028061486014380382	4	0.04191080223818899	0.049088372081829784	5.7731822736228985e-05	unsupported	True	0.001174493288528	0.001174493288528
ITFG2	chr12:2691580-2692081	1	-0.0032028633359179755	0.020952903364496747	0	0.02415576670041472	0.03345503425171877	1.6932711750764276e-05	unsupported	True	0.0010901520508731	-0.0010901520508731
ITFG2	chr12:2890530-2891031	2	-0.014878696933438285	0.00012630960292012538	4	0.01500500653635841	0.030242693521926416	5.7318263831407564e-08	unsupported	True	0.0010495272074179	-0.0010495272074179
ITFG2	chr12:2777445-2777946	3	-0.021990610967986653	-0.0013392409116447603	5	0.02065137005634189	0.02797963688915467	0.0	unsupported	True	0.0009385815895108	-0.0009385815895108
ITFG2	chr12:2719211-2719712	4	-0.016494451157132963	0.0288277151550875	4	0.04532216631222046	0.05862778158736501	7.659921934106285e-05	unsupported	True	0.0009233437786256	0.0009233437786256
ITFG2	chr12:2812347-2812848	5	-0.017800934878015578	0.006058388933554604	4	0.02385932381157018	0.03683926240479384	5.325080874827254e-06	unsupported	True	0.0008677836570542	-0.0008677836570542
ITFG2	chr12:2863803-2864304	6	0.02788217173088525	0.07962143101752948	0	0.05173925928664423	0.08641416715508242	0.0003559878162244471	unsupported	True	0.0007922869235077	0.0007922869235077
ITFG2	chr12:2944561-2945062	7	-0.014690379368212598	0.012609734758821167	4	0.027300114127033766	0.03066433307705018	1.0556110741154746e-05	unsupported	True	0.0007242598732395	0.0007242598732395
ITFG2	chr12:2794113-2794614	8	-0.014729257807137158	0.003387375016906056	4	0.018116632824043216	0.03946811265558932	2.4220724049232485e-06	unsupported	True	0.0007084405088533	0.0007084405088533
ITFG2	chr12:2795663-2796164	9	-0.018194325219209995	0.0073350337408432794	1	0.025529358960053275	0.0364917277982161	6.833393849594732e-06	unsupported	True	0.0007060568178301	0.0007060568178301
ITFG2	chr12:2682874-2683375	10	-0.01667187883050012	0.041979600970080806	4	0.05865147980058093	0.06598942303659516	0.0001624768951732879	unsupported	True	0.0006764159964551	-0.0006764159964551
ITFG2	chr12:2959811-2960312	11	-0.014631705738841039	0.00827455532329616	4	0.0229062610621372	0.029625718061736334	5.615232661395148e-06	unsupported	True	0.0006561067465996	0.0006561067465996
ITFG2	chr12:2845268-2845769	12	-0.023282680479604807	-0.0017889812000760836	4	0.021493699279528725	0.03179470779996841	0.0	unsupported	True	0.0006537761037014	0.0006537761037014
ITFG2	chr12:2876974-2877475	13	-0.01852704977281062	-0.0035332609805225307	1	0.01499378879228809	0.029191640429407553	0.0	unsupported	True	0.0006528909618395	-0.0006528909618395
ITFG2	chr12:2688738-2689239	14	-0.012840589622314925	0.011494420997961283	0	0.02433501062027621	0.028653221372660943	8.014789026985473e-06	unsupported	True	0.000610616195042	-0.000610616195042
ITFG2	chr12:2959015-2959516	15	-0.009990523048895675	0.014888079350290668	0	0.024878602399186343	0.035829748010230665	1.327114542038218e-05	unsupported	True	0.0005923895879011	0.0005923895879011
ITFG2	chr12:2752561-2753062	16	-0.006671165790426473	0.06279467755410131	0	0.06946584334452778	0.08903142839569074	0.00038836267915282296	unsupported	True	0.00054865252434	0.00054865252434
ITFG2	chr12:2690940-2691441	17	-0.012485876394944702	0.011334164155755526	0	0.02382004055070023	0.027575421978950673	7.444819314173108e-06	unsupported	True	0.0005234123100291	-0.0005234123100291
ITFG2	chr12:2891204-2891705	18	-0.015725873070907323	0.017495621690769386	1	0.03322149476167671	0.05433256311395718	3.15797539279842e-05	unsupported	True	0.000291550552116	0.000291550552116
ITFG2	chr12:2813323-2813824	19	-0.00763580243686992	0.020508778825659248	4	0.028144581262529167	0.04439508648269337	2.5625331919877772e-05	unsupported	True	0.0002511860934985	0.0002511860934985
FAM220A	chr7:6483974-6484475	0	-0.023521407085928404	0.010677466667988997	5	0.034198873753917405	0.023201480520648073	8.472190785466687e-06	unsupported	True	0.0035672256576986	-0.0035672256576986
FAM220A	chr7:6272435-6272936	1	-0.018369130835350998	0.017798141977911817	5	0.03616727281326282	0.030873176770369104	1.98733805373401e-05	unsupported	True	0.0029283272243433	-0.0029283272243433
FAM220A	chr7:6270936-6271437	2	-0.01792379419588446	0.02470300794991033	4	0.04262680214579479	0.04957149048646152	5.2199286711952905e-05	unsupported	True	0.0017937090322642	0.0017937090322642
FAM220A	chr7:6348759-6349260	3	-0.02125247261683811	0.013792361688427273	4	0.03504483430526538	0.03471601044089662	1.6780019405807e-05	unsupported	True	0.0012953028989507	-0.0012953028989507
FAM220A	chr7:6447755-6448256	4	-0.019495561653643956	0.02392281229983323	4	0.04341837395347718	0.04459769040199982	4.6323157670756805e-05	unsupported	True	0.0012400585201519	-0.0012400585201519
FAM220A	chr7:6483286-6483787	5	-0.022864426760648832	-0.0021815634856605873	4	0.020682863274988243	0.012859767071915964	0.0	unsupported	True	0.0006950959144848	-0.0006950959144848
FAM220A	chr7:6435541-6436042	6	-0.024725843136399143	0.029956604064714638	4	0.05468244720111378	0.05370237705652904	8.796988641631592e-05	unsupported	True	0.000631164608132	0.000631164608132
FAM220A	chr7:6374160-6374661	7	-0.021607846899680743	0.02696967928293618	4	0.048577526182616924	0.04428192604716185	5.8014650304068404e-05	unsupported	True	0.0004627904592769	0.0004627904592769
FAM220A	chr7:6402597-6403098	8	-0.02460750191489171	0.0037785827134309267	5	0.02838608462832264	0.03313456896062748	3.5539863212395625e-06	unsupported	True	0.0004077698856302	-0.0004077698856302
FAM220A	chr7:6396204-6396705	9	-0.007156917833880299	0.06143035566389077	4	0.06858727349777106	0.07603487273782107	0.0003203608167011001	unsupported	True	0.0003926565622693	0.0003926565622693
FAM220A	chr7:6271692-6272193	10	-0.020732324391044648	0.0545645727457133	4	0.07529689713675795	0.08078656957902461	0.00033191509666231363	unsupported	True	0.0003856681961263	-0.0003856681961263
FAM220A	chr7:6228750-6229251	11	-0.006426432173674064	0.05554862338612938	0	0.06197505555980344	0.09169271094092385	0.0003156639876650924	unsupported	True	0.0002400621349189	-0.0002400621349189
FAM220A	chr7:6470815-6471316	12	-0.03126932181295096	-0.008557265038338705	3	0.022712056774612254	0.02065271593287611	0.0	unsupported	True	0.0001063025120565	-0.0001063025120565
FAM220A	chr7:6365395-6365896	13	-0.010530894566828064	0.043444370976134745	4	0.05397526554296281	0.07400186432797194	0.00017352855972667505	unsupported	True	9.492600929579609e-05	-9.492600929579609e-05
FAM220A	chr7:6414612-6415113	14	-0.01615515432633355	0.023002805820215275	4	0.03915796014654882	0.0459392736762711	4.137947705587756e-05	unsupported	True	7.436641792925968e-05	7.436641792925968e-05
FAM220A	chr7:6424227-6424728	15	0.0028807513095528135	0.07857275375189747	4	0.07569200244234466	0.084584351877441	0.0005030509746939564	unsupported	True	5.409908751493886e-05	-5.409908751493886e-05
FAM220A	chr7:6322921-6323422	16	-0.005927850548123009	0.05557184709847554	4	0.06149969764659855	0.05654136299212858	0.00019323869067765017	unsupported	True	4.056836938656573e-05	-4.056836938656573e-05
FAM220A	chr7:6386103-6386604	17	-0.012095828679302228	0.034460091725100325	4	0.046555920404402554	0.048166442843405835	7.727444959596977e-05	unsupported	True	9.136670752690312e-06	-9.136670752690312e-06
FAM220A	chr7:6330784-6331285	18	-0.010715107958732845	0.05167109479603847	2	0.06238620275477132	0.0728103479143898	0.00023470877242374238	unsupported	True	5.677284035294973e-06	-5.677284035294973e-06
FAM220A	chr7:6226139-6226640	19	0.007034357714389617	0.07413404638321042	0	0.0670996886688208	0.08952236303614969	0.00044531748521872125	unsupported	True	5.440342570719327e-06	-5.440342570719327e-06
SEC14L2	chr22:30423855-30424356	0	0.0006262640137840295	0.04191868899416638	3	0.041292424980382346	0.0747811015447686	0.00012944042738267486	unsupported	True	0.0021288350661669	-0.0021288350661669
SEC14L2	chr22:30340822-30341323	1	-0.012034186842502088	0.00612331775857833	3	0.01815750460108042	0.020099827231403283	2.234782615409703e-06	unsupported	True	0.0012927824470159	0.0012927824470159
SEC14L2	chr22:30326774-30327275	2	0.0021868686473092303	0.05029999922715432	3	0.04811313057984509	0.08315447968253668	0.00020124136057300942	unsupported	True	0.0012778051241756	-0.0012778051241756
SEC14L2	chr22:30387212-30387713	3	-0.006224974666126996	0.03147672579136407	3	0.037701700457491064	0.05916109943688695	7.020802004732882e-05	unsupported	True	0.0011787252294938	-0.0011787252294938
SEC14L2	chr22:30564645-30565146	4	-0.012272096826550376	0.02045435372196864	3	0.03272645054851901	0.041990837417504645	2.8108599196502948e-05	unsupported	True	0.001026237889856	0.001026237889856
SEC14L2	chr22:30397228-30397729	5	-0.013519561006569529	0.023447331912675652	3	0.03696689291924518	0.04241087498045155	3.676068650292268e-05	unsupported	True	0.0007830555835575	0.0007830555835575
SEC14L2	chr22:30326238-30326739	6	-0.011260906726084898	0.04943499017779487	3	0.06069589690387976	0.08042685304998089	0.0002413208584140972	unsupported	True	0.0007804943664305	-0.0007804943664305
SEC14L2	chr22:30572858-30573359	7	-0.012932275174147165	0.003602052212088979	2	0.016534327386236145	0.019785416839243657	1.1783701718820981e-06	unsupported	True	0.0007725301811455	0.0007725301811455
SEC14L2	chr22:30396725-30397226	8	-0.014902236136806123	0.04098806598059615	3	0.05589030211740227	0.06459591225044169	0.0001479786018884273	unsupported	True	0.0006905668953243	0.0006905668953243
SEC14L2	chr22:30365926-30366427	9	0.008412606315939293	0.03336569103046591	5	0.02495308471452662	0.049775706935570194	4.144210451449343e-05	unsupported	True	0.0006671678389385	0.0006671678389385
SEC14L2	chr22:30290957-30291458	10	-0.020059911458165942	0.03490936386999948	3	0.05496927532816542	0.06421515536477693	0.0001232251865418661	unsupported	True	0.0004920961567137	0.0004920961567137
SEC14L2	chr22:30287897-30288398	11	-0.013311487805896638	0.044650194516604985	3	0.05796168232250162	0.06129830088281622	0.00015864002660389927	unsupported	True	0.0004528739574405	0.0004528739574405
SEC14L2	chr22:30319085-30319586	12	-0.009495718667259897	0.031197618510771366	3	0.040693337178031266	0.044409875575221566	5.6379900679397136e-05	unsupported	True	0.0004437550973845	0.0004437550973845
SEC14L2	chr22:30371635-30372136	13	-0.011549506148090201	0.06844402195736478	3	0.07999352810545499	0.10016999651164366	0.0005484386237056543	unsupported	True	0.0004366936782622	0.0004366936782622
SEC14L2	chr22:30373452-30373953	14	-0.007403088489480937	0.045982081993182655	3	0.05338517048266359	0.07307756877749441	0.0001793879867358557	unsupported	True	0.0004107939176708	0.0004107939176708
SEC14L2	chr22:30310460-30310961	15	0.00048807550526130554	0.05101793314447942	3	0.05052985763921812	0.0446245102610588	0.00011503881459846264	unsupported	True	0.0003805394878764	-0.0003805394878764
SEC14L2	chr22:30422814-30423315	16	-0.017124599642509137	0.04675100254080208	3	0.06387560218331122	0.07577821256800361	0.0002262925690647071	unsupported	True	0.0003665483376477	0.0003665483376477
SEC14L2	chr22:30574452-30574953	17	-0.015816392643145927	-0.003295743009477048	3	0.01252064963366888	0.01952771759072451	0.0	unsupported	True	0.000311937712629	0.000311937712629
SEC14L2	chr22:30253150-30253651	18	-0.02293991758774149	0.0199603182259745	3	0.04290023581371599	0.052271895836845876	4.4760547704620256e-05	unsupported	True	0.000268359817526	0.000268359817526
SEC14L2	chr22:30277423-30277924	19	-0.006331587809680847	0.03750109734654222	2	0.04383268515622307	0.06478057829647123	0.0001064846168993739	unsupported	True	0.0002668956675297	0.0002668956675297
HABP2	chr10:113570411-113570912	0	0.02774186036825078	0.07311416896293418	0	0.0453723085946834	0.07311416896293418	0.00024254591988384297	unsupported	True	0.0038275907114144	0.0038275907114144
HABP2	chr10:113611110-113611611	1	0.019874548489886276	0.0497784724966327	0	0.02990392400674642	0.0497784724966327	7.409882337242343e-05	unsupported	True	0.0030150250244371	-0.0030150250244371
HABP2	chr10:113563382-113563883	2	0.016021363315331032	0.04093305227471349	0	0.02491168895938246	0.04093305227471349	4.173990276033224e-05	unsupported	True	0.0015221058983857	-0.0015221058983857
HABP2	chr10:113481169-113481670	3	0.0053250594047528545	0.011824405431456997	0	0.006499346026704142	0.011824405431456997	9.087162284495044e-07	unsupported	True	0.001363082701336	0.001363082701336
HABP2	chr10:113578689-113579190	4	0.02940920157758228	0.11643101815950173	0	0.08702181658191945	0.11643101815950173	0.0011796835826551576	unsupported	True	0.0009841520883884	0.0009841520883884
HABP2	chr10:113552603-113553104	5	0.01174369307773827	0.0504771551044842	0	0.038733462026745935	0.0504771551044842	9.869066069709673e-05	unsupported	True	0.000685112566605	0.000685112566605
HABP2	chr10:113442894-113443395	6	0.022786600951352747	0.06019957604421453	0	0.03741297509286179	0.06019957604421453	0.00013558420854401141	unsupported	True	0.0006380108423584	0.0006380108423584
HABP2	chr10:113557229-113557730	7	0.006875376559367896	0.00913881950150662	0	0.0022634429421387247	0.00913881950150662	1.8903827716820346e-07	unsupported	True	0.000581218199603	0.000581218199603
HABP2	chr10:113711105-113711606	8	0.019956657847304833	0.08504766632110292	0	0.06509100847379809	0.08504766632110292	0.00047081013442989067	unsupported	True	0.000324911933699	0.000324911933699
HABP2	chr10:113569520-113570021	9	0.005806008695370098	0.011300479529791473	0	0.005494470834421375	0.011300479529791473	7.016485277421613e-07	unsupported	True	0.0003151001099527	0.0003151001099527
HABP2	chr10:113610461-113610962	10	0.0002498483845781436	0.0	1	-0.0002498483845781436	0.0	0.0	unsupported	True	0.0002082655374339	-0.0002082655374339
HABP2	chr10:113521104-113521605	11	0.017265059518610973	0.054013416056290335	0	0.03674835653767936	0.054013416056290335	0.0001072114602243783	unsupported	True	0.0001990791474695	-0.0001990791474695
HABP2	chr10:113713689-113714190	12	-6.533471979090576e-05	0.0	1	6.533471979090576e-05	0.0	0.0	unsupported	True	0.0001567995948871	-0.0001567995948871
HABP2	chr10:113614177-113614678	13	0.023487155152677967	0.07418284491798947	0	0.05069568976531151	0.07418284491798947	0.0002789831705136901	unsupported	True	0.0001285813863108	0.0001285813863108
HABP2	chr10:113494735-113495236	14	-0.0009881917356562916	0.015398866682974459	0	0.01638705841863075	0.015398866682974459	3.885782786255155e-06	unsupported	True	0.0001114080493442	0.0001114080493442
HABP2	chr10:113679541-113680042	15	-0.0017899723261728794	0.010485826062285796	0	0.012275798388458676	0.010485826062285796	1.3497553141049771e-06	unsupported	True	0.0001043574866351	-0.0001043574866351
HABP2	chr10:113704997-113705498	16	0.022517626237262188	0.05465273312079396	0	0.03213510688353177	0.05465273312079396	9.598503322209064e-05	unsupported	True	8.46041253584372e-05	-8.46041253584372e-05
HABP2	chr10:113496071-113496572	17	0.009616161964220377	0.02199466065806704	0	0.012378498693846664	0.02199466065806704	5.988285627080812e-06	unsupported	True	6.699825598845538e-05	-6.699825598845538e-05
HABP2	chr10:113620838-113621339	18	0.004057371828487966	0.004929322525578435	0	0.0008719506970904685	0.004929322525578435	2.1186850356374456e-08	unsupported	True	5.711916070206899e-05	-5.711916070206899e-05
HABP2	chr10:113678926-113679427	19	0.002295568249080855	0.022426891152740186	0	0.02013132290365933	0.022426891152740186	1.012535981844817e-05	unsupported	True	5.36116482615395e-05	5.36116482615395e-05
EIF2B2	chr14:75084473-75084974	0	-0.01565813850063492	0.03139159841291169	5	0.04704973691354661	0.05510915517688173	8.139437309800567e-05	unsupported	True	0.0038774475766842	0.0038774475766842
EIF2B2	chr14:75063815-75064316	1	-0.028268443494095376	0.0029647642932498284	5	0.031233207787345205	0.030466933341065514	2.8212105831217234e-06	unsupported	True	0.001246183659937	0.001246183659937
EIF2B2	chr14:74923077-74923578	2	-0.02832276059637806	0.01294744447704793	5	0.04127020507342599	0.04915257655033108	2.6264369065203506e-05	unsupported	True	0.0011986945489181	0.0011986945489181
EIF2B2	chr14:75011559-75012060	3	-0.026946933623036816	0.00975725137591059	3	0.036704184998947405	0.02702691318665154	9.679201381005853e-06	unsupported	True	0.0008475408381081	0.0008475408381081
EIF2B2	chr14:75126803-75127304	4	-0.03825183034805884	0.001299621660208441	5	0.039551452008267284	0.046049937301958235	2.3670553646275566e-06	unsupported	True	0.0007472550957786	0.0007472550957786
EIF2B2	chr14:75069339-75069840	5	-0.02305717583982638	0.01744615386151137	5	0.040503329701337756	0.04963423593326803	3.507290721074088e-05	unsupported	True	0.0006905967200235	0.0006905967200235
EIF2B2	chr14:74954072-74954573	6	-0.018881947511477287	-0.00205306351640655	3	0.016828883995070737	0.04696126027461551	0.0	unsupported	True	0.0006613863991705	-0.0006613863991705
EIF2B2	chr14:74955394-74955895	7	-0.025838498349600524	0.008248121855200926	2	0.03408662020480145	0.04841995515638087	1.3613299302859295e-05	unsupported	True	0.0006399614914131	-0.0006399614914131
EIF2B2	chr14:74881633-74882134	8	-0.025138415969912502	-0.0004864570622373599	5	0.02465195890767514	0.032691695428043586	0.0	unsupported	True	0.0006086068334903	0.0006086068334903
EIF2B2	chr14:75002583-75003084	9	-0.029842238485648775	0.010323013749054224	5	0.040165252234703	0.04711559631621212	1.9535372489840125e-05	unsupported	True	0.0005717373691204	0.0005717373691204
EIF2B2	chr14:74980620-74981121	10	-0.01503509856197291	-0.004958346947032892	2	0.010076751614940017	0.020922120936815645	0.0	unsupported	True	0.0005352346809686	-0.0005352346809686
EIF2B2	chr14:75088491-75088992	11	-0.011130657819591222	0.043332016850572266	4	0.05446267467016349	0.06522153467683879	0.00015392135673566242	unsupported	True	0.0005194437288977	-0.0005194437288977
EIF2B2	chr14:74973312-74973813	12	-0.028081789551695633	0.0244859987271618	0	0.052567788278857434	0.052569089401526825	6.76656069728825e-05	unsupported	True	0.0004184094469109	-0.0004184094469109
EIF2B2	chr14:75147365-75147866	13	-0.014409479453602261	-0.004834440874528325	3	0.009575038579073936	0.018812888897582043	0.0	unsupported	True	0.0003941428713353	-0.0003941428713353
EIF2B2	chr14:74941717-74942218	14	-0.027530478111353923	-0.001683968448783683	5	0.02584650966257024	0.02620635616183932	0.0	unsupported	True	0.0003880867270277	-0.0003880867270277
EIF2B2	chr14:75016764-75017265	15	-0.027406777773024173	0.008017708132434733	2	0.03542448590545891	0.0325185602391252	9.236025172074278e-06	unsupported	True	0.0002751647267852	-0.0002751647267852
EIF2B2	chr14:74913934-74914435	16	-0.04265288085175934	-0.0005092875380925229	5	0.042143593313666815	0.05378738442662926	0.0	unsupported	True	0.0002552161664362	0.0002552161664362
EIF2B2	chr14:75051236-75051737	17	-0.03512583060933656	0.007640141428732113	5	0.04276597203806867	0.05309546991922031	1.7348311617125096e-05	unsupported	True	0.0002489585673651	-0.0002489585673651
EIF2B2	chr14:75144293-75144794	18	-0.03274440311824122	-0.017594738696700925	5	0.015149664421540296	0.03011104306267206	0.0	unsupported	True	0.0001525783106933	-0.0001525783106933
EIF2B2	chr14:74946276-74946777	19	-0.02979909873453196	0.0008203205688766165	2	0.030619419303408574	0.039951303941997064	1.0034864435680242e-06	unsupported	True	0.0001495353915526	-0.0001495353915526
IL21R	chr16:27591794-27592295	0	-0.009130154712495895	0.0	1	0.009130154712495895	0.010802401430224866	0.0	unsupported	True	0.0030522027896545	0.0030522027896545
IL21R	chr16:27448626-27449127	1	0.006120939455518017	0.1116951981188481	0	0.10557425866333008	0.1116951981188481	0.0013171251608516921	unsupported	True	0.0022983755663122	0.0022983755663122
IL21R	chr16:27457035-27457536	2	-0.005441071648262757	0.028346613900332916	2	0.033787685548595674	0.028346613900332916	2.714943652543601e-05	unsupported	True	0.0019231182157463	0.0019231182157463
IL21R	chr16:27401999-27402500	3	0.00250343865970049	0.051816968417890484	0	0.04931352975818999	0.051816968417890484	0.00013240673942642184	unsupported	True	0.0010480161690392	0.0010480161690392
IL21R	chr16:27582487-27582988	4	-0.0007617797448574251	0.05636138016417478	0	0.0571231599090322	0.05636138016417478	0.00018145772532286852	unsupported	True	0.0010452596287383	0.0010452596287383
IL21R	chr16:27578821-27579322	5	-0.005113781308621254	0.028674273098781435	0	0.033788054407402686	0.028674273098781435	2.7781009263002204e-05	unsupported	True	0.0010137810385831	0.0010137810385831
IL21R	chr16:27598815-27599316	6	0.004379099358485323	0.08515660338180503	0	0.08077750402331971	0.08515660338180503	0.00058576995275766	unsupported	True	0.0005505902891879	0.0005505902891879
IL21R	chr16:27560646-27561147	7	-0.006706507450427743	0.06702750277416747	0	0.0737340102245952	0.06702750277416747	0.00033126376490824757	unsupported	True	0.0005224868129751	0.0005224868129751
IL21R	chr16:27530501-27531002	8	0.009319847512206124	0.08846249583273502	2	0.07914264832052889	0.08846249583273502	0.0006193397509232367	unsupported	True	0.0005059298055533	-0.0005059298055533
IL21R	chr16:27374911-27375412	9	-0.00793241888591953	0.04502185095200026	2	0.05295426983791979	0.04502185095200026	0.00010733656081430988	unsupported	True	0.0004884060819117	0.0004884060819117
IL21R	chr16:27529886-27530387	10	0.002864355264161452	0.06761852366234966	2	0.0647541683981882	0.06761852366234966	0.0002960732010824219	unsupported	True	0.0003458804596199	-0.0003458804596199
IL21R	chr16:27398927-27399428	11	-0.0038340194239106264	0.030359868805985433	2	0.03419388822989606	0.030359868805985433	3.151724652922301e-05	unsupported	True	0.0002989891937243	0.0002989891937243
IL21R	chr16:27520856-27521357	12	-0.00933114208893359	0.011214948560201204	0	0.020546090649134794	0.011214948560201204	2.5841860144401103e-06	unsupported	True	0.0002866109109266	0.0002866109109266
IL21R	chr16:27500621-27501122	13	-0.009301190320117054	0.004782731482930251	2	0.014083921803047305	0.004782731482930251	3.2216295712835434e-07	unsupported	True	0.0002487262733014	0.0002487262733014
IL21R	chr16:27518730-27519231	14	0.008532801059558387	0.07148478856765235	2	0.06295198750809396	0.07148478856765235	0.00032168937734899174	unsupported	True	0.000204651271213	-0.000204651271213
IL21R	chr16:27549786-27550287	15	-0.004510211565775674	0.037480489388052346	2	0.04199070095382802	0.037480489388052346	5.8987994380288935e-05	unsupported	True	0.0002036145255356	-0.0002036145255356
IL21R	chr16:27573302-27573803	16	-0.0036201371113893906	0.006940544958521626	0	0.010560682069911016	0.006940544958521626	5.087203513342673e-07	unsupported	True	0.0001061102944779	-0.0001061102944779
IL21R	chr16:27494668-27495169	17	0.0023726264310122585	0.07559495173268856	2	0.0732223253016763	0.07559495173268856	0.00041843606054652103	unsupported	True	9.761229529770236e-05	-9.761229529770236e-05
IL21R	chr16:27442533-27443034	18	0.0043263794294392454	0.029435172138326516	2	0.02510879270888727	0.029435172138326516	2.1754995167327554e-05	unsupported	True	9.761177487639226e-05	9.761177487639226e-05
IL21R	chr16:27572238-27572739	19	-0.001488194191511583	0.07639602984135048	0	0.07788422403286206	0.07639602984135048	0.0004545598538339904	unsupported	True	8.800133067670298e-05	8.800133067670298e-05
STKLD1	chr9:133478925-133479426	0	-0.01182515875618468	0.02885315412822255	1	0.04067831288440723	0.03981281625938528	4.672820814021156e-05	unsupported	True	0.0023701917901934	0.0023701917901934
STKLD1	chr9:133532979-133533480	1	-0.015422514900114152	0.019582496966062398	5	0.03500501186617655	0.042942006885550915	2.943612472135729e-05	unsupported	True	0.001940197142966	-0.001940197142966
STKLD1	chr9:133469823-133470324	2	-0.016443069380606048	0.0024786610514809914	1	0.018921730432087037	0.024917164044614935	1.1686288538309716e-06	unsupported	True	0.0016225227565589	0.0016225227565589
STKLD1	chr9:133238367-133238868	3	-0.016246318294390962	0.018935400071954107	5	0.035181718366345066	0.0364467748358379	2.4280109270519385e-05	unsupported	True	0.0009349677203242	0.0009349677203242
STKLD1	chr9:133527268-133527769	4	-0.00912710620686458	0.021911432837619635	1	0.031038539044484215	0.04476628241280458	3.0445497798830407e-05	unsupported	True	0.0006976549117967	0.0006976549117967
STKLD1	chr9:133460142-133460643	5	-0.006159873500613515	0.04037033728738054	1	0.046530210787994054	0.05241325376692228	9.845516831672665e-05	unsupported	True	0.0006579721434898	0.0006579721434898
STKLD1	chr9:133275382-133275883	6	-0.021838329382051436	0.03055421875616687	5	0.05239254813821831	0.05185827369320814	8.301541823663615e-05	unsupported	True	0.0006564138068546	0.0006564138068546
STKLD1	chr9:133417796-133418297	7	-0.009828999559287864	0.032843989852266935	1	0.0426729894115548	0.04117420848675399	5.770776259825437e-05	unsupported	True	0.0006427072555184	0.0006427072555184
STKLD1	chr9:133375934-133376435	8	-0.0031204937327503988	0.040892326259410666	1	0.04401281999216106	0.04788570604890231	8.618405182533305e-05	unsupported	True	0.0006313333731823	-0.0006313333731823
STKLD1	chr9:133237335-133237836	9	-0.013268812252443377	0.03144069001628041	5	0.044709502268723784	0.04163803056661777	5.853047970338881e-05	unsupported	True	0.000549542537956	0.000549542537956
STKLD1	chr9:133459618-133460119	10	-0.01050179671698298	0.02877900810256189	1	0.03928080481954487	0.03272389813224035	3.699314297049427e-05	unsupported	True	0.0005419497384191	0.0005419497384191
STKLD1	chr9:133336022-133336523	11	-0.012746427666911213	0.02797609703576154	5	0.040722524702672756	0.03903273814995682	4.446833197871629e-05	unsupported	True	0.0005300119626919	-0.0005300119626919
STKLD1	chr9:133406725-133407226	12	0.008878051112083736	0.0628629124265516	1	0.05398486131446787	0.0682161961259636	0.00023150159445721919	unsupported	True	0.0004971927766013	0.0004971927766013
STKLD1	chr9:133453593-133454094	13	0.01203060231142255	0.06546262870738026	5	0.05343202639595771	0.051193039319143686	0.00017906305926232696	unsupported	True	0.0004391057727494	-0.0004391057727494
STKLD1	chr9:133534400-133534901	14	0.01000817290623001	0.05803628105588562	1	0.04802810814965561	0.06616262794447474	0.00018441990839449776	unsupported	True	0.0004008139282434	-0.0004008139282434
STKLD1	chr9:133428513-133429014	15	-0.011144438594295295	0.05917848334842783	1	0.07032292194272313	0.07777906631644028	0.000323685663014163	unsupported	True	0.0003634749078727	0.0003634749078727
STKLD1	chr9:133514356-133514857	16	0.003786316795894905	0.06416296389086681	1	0.06037664709497191	0.0695426911906773	0.0002694045349134991	unsupported	True	0.0002550270601402	-0.0002550270601402
STKLD1	chr9:133535004-133535505	17	0.0005101227590013743	0.048477076685893676	1	0.0479669539268923	0.06104322356028046	0.00014194366758353853	unsupported	True	0.0002425649895943	-0.0002425649895943
STKLD1	chr9:133356264-133356765	18	-0.005378222410189271	0.03227726104831674	1	0.037655483458506014	0.030331155197026755	3.6864967366453805e-05	unsupported	True	0.0002301018142395	-0.0002301018142395
STKLD1	chr9:133368198-133368699	19	-0.003804083047962975	0.029393041766960157	0	0.03319712481492313	0.036443952440499736	3.556071416478328e-05	unsupported	True	0.0002188214455016	-0.0002188214455016
PPP1R3B	chr8:9150483-9150984	0	0.03332633601083541	0.03880507645268355	2	0.005478740441848144	0.03880507645268355	8.250073407134645e-06	unsupported	True	0.0032610044533222	0.0032610044533222
PPP1R3B	chr8:9029757-9030258	1	0.0008855494407740695	0.02998077471877274	2	0.02909522527799867	0.02998077471877274	2.6152151670826468e-05	unsupported	True	0.0022914271447357	0.0022914271447357
PPP1R3B	chr8:8994872-8995373	2	0.05498951888156034	0.08654185133493617	4	0.031552332453375825	0.08766841740220947	0.00023938714073718062	unsupported	True	0.0015806631276879	0.0015806631276879
PPP1R3B	chr8:9168255-9168756	3	-0.015826679666115045	0.0022208179713312684	3	0.018047497637446314	0.021440611008202378	8.593441293620242e-07	unsupported	True	0.0010417685240801	-0.0010417685240801
PPP1R3B	chr8:9088390-9088891	4	0.0424673814825537	0.0697081064477279	4	0.027240724965174205	0.06810999558246408	0.000129334026720482	unsupported	True	0.0007574847220407	0.0007574847220407
PPP1R3B	chr8:9181182-9181683	5	-0.009103978318158032	0.05249040325454896	2	0.061594381572707	0.06378139158508969	0.00020621250541502233	unsupported	True	0.0007447231521351	-0.0007447231521351
PPP1R3B	chr8:9151444-9151945	6	0.031045536018787956	0.031330247205038575	4	0.0002847111862506191	0.031330247205038575	2.7946805606172667e-07	unsupported	True	0.000620377010031	0.000620377010031
PPP1R3B	chr8:9253182-9253683	7	0.0026643886365409473	0.07240095273689985	0	0.0697365641003589	0.0730065671228487	0.0003686096961086311	unsupported	True	0.000494628168737	0.000494628168737
PPP1R3B	chr8:9285402-9285903	8	-0.011240413012224691	0.026502261242624153	3	0.03774267425484884	0.04003265501455231	4.004331223163563e-05	unsupported	True	0.0004755085803086	0.0004755085803086
PPP1R3B	chr8:9190521-9191022	9	-0.01122836418234983	0.01138376159929105	3	0.02261212578164088	0.01138376159929105	2.93030601656273e-06	unsupported	True	0.0004676447218236	0.0004676447218236
PPP1R3B	chr8:9038060-9038561	10	0.001697754961926769	0.046380875423235254	0	0.044683120461308484	0.051656884990170196	0.00010705591062834555	unsupported	True	0.000442275711536	0.000442275711536
PPP1R3B	chr8:9202742-9203243	11	-0.007641145488131146	0.018605107139997475	0	0.02624625262812862	0.02862952245409435	1.3980206423805837e-05	unsupported	True	0.0004255259546979	0.0004255259546979
PPP1R3B	chr8:9152158-9152659	12	-0.006091804672827068	0.03056740698749968	4	0.03665921166032675	0.03288577673102099	3.685104643489366e-05	unsupported	True	0.000294025660504	-0.000294025660504
PPP1R3B	chr8:9072864-9073365	13	-0.010357957312696418	0.04189623666269731	0	0.05225419397539373	0.04332225462996249	9.484342259130842e-05	unsupported	True	0.0002770335319351	0.0002770335319351
PPP1R3B	chr8:9186393-9186894	14	-0.002949330685117584	0.02119219115334921	0	0.024141521838466795	0.02119219115334921	1.0842173907645494e-05	unsupported	True	0.0002463725948141	0.0002463725948141
PPP1R3B	chr8:9280368-9280869	15	0.027321833589916848	0.03599312805314537	0	0.008671294463228521	0.03132658244675448	9.777246043675637e-06	unsupported	True	0.0002191474075457	0.0002191474075457
PPP1R3B	chr8:9281916-9282417	16	0.011229307568125941	0.03352268510702575	2	0.02229337753889981	0.032491168471288794	2.428175084370306e-05	unsupported	True	0.0002135360412995	0.0002135360412995
PPP1R3B	chr8:9175850-9176351	17	-0.007016220444950645	0.01405697738199133	3	0.021073197826941975	0.02574430693439564	7.626119298396291e-06	unsupported	True	0.0002079329967674	-0.0002079329967674
PPP1R3B	chr8:9066652-9067153	18	0.02642980388862834	0.18301936301199193	0	0.1565895591233636	0.18301936301199193	0.005245137532848925	unsupported	True	0.0001797432881943	0.0001797432881943
PPP1R3B	chr8:9198083-9198584	19	-0.009164786631111853	0.0020068513322713992	0	0.011171637963383253	0.014286531652384197	3.2030141850319785e-07	unsupported	True	0.0001765825878573	0.0001765825878573
SPDYE5	chr7:75639661-75640162	0	0.020863666749006613	0.05903341580198613	4	0.03816974905297951	0.049921249596183576	0.00011248708579516597	unsupported	True	0.0026164286998826	0.0026164286998826
SPDYE5	chr7:75486086-75486587	1	0.00982065840055555	0.061137649357691407	1	0.051316990957135857	0.06258129995515731	0.00019634258294733243	unsupported	True	0.002026279207865	0.002026279207865
SPDYE5	chr7:75639056-75639557	2	0.024205484860762756	0.06423321127261734	4	0.04002772641185459	0.051377605423220854	0.00013209744463205325	unsupported	True	0.0019817276392056	0.0019817276392056
SPDYE5	chr7:75527942-75528443	3	0.011592695144100724	0.05769676204361362	1	0.046104066899512894	0.06409608755933868	0.00017049914236611397	unsupported	True	0.001186478751876	0.001186478751876
SPDYE5	chr7:75572276-75572777	4	-0.0020732111114270483	0.06539953777059822	4	0.06747274888202527	0.08966534262297246	0.000395665054890131	unsupported	True	0.0010913002064393	0.0010913002064393
SPDYE5	chr7:75623193-75623694	5	0.008435851954683972	0.028498129294675906	2	0.020062277339991934	0.05213880240655562	2.9809701949569107e-05	unsupported	True	0.0009049921572159	-0.0009049921572159
SPDYE5	chr7:75575730-75576231	6	-0.01485155599906189	0.01615697567812971	0	0.0310085316771916	0.039509223581546495	1.979428269095335e-05	unsupported	True	0.0006728392105284	0.0006728392105284
SPDYE5	chr7:75564982-75565483	7	0.034004851633755835	0.1105228466308874	4	0.07651799499713158	0.13844619316592988	0.0011708376039654858	unsupported	True	0.000625023062385	0.000625023062385
SPDYE5	chr7:75650710-75651211	8	0.0263976994343972	0.06441385676384806	4	0.038016157329450864	0.05797773149323112	0.0001419739737585239	unsupported	True	0.0005659681113091	-0.0005659681113091
SPDYE5	chr7:75442427-75442928	9	0.015779321389503505	0.083553360519705	1	0.0677740391302015	0.10827202236021696	0.0006131172566083882	unsupported	True	0.0005508930873279	0.0005508930873279
SPDYE5	chr7:75557330-75557831	10	0.006847672763070339	0.06472654203617384	1	0.0578788692731035	0.07662837924094806	0.00028707282550372905	unsupported	True	0.0005171602037523	-0.0005171602037523
SPDYE5	chr7:75611663-75612164	11	0.05150801653913993	0.09211189825418019	4	0.04060388171504026	0.10115333683725534	0.000378323657947597	unsupported	True	0.0005105743748939	0.0005105743748939
SPDYE5	chr7:75587951-75588452	12	0.022277834287674155	0.05665978424882671	1	0.034381949961152555	0.052159799129419426	0.00010161114158431651	unsupported	True	0.0004720785561497	-0.0004720785561497
SPDYE5	chr7:75616845-75617346	13	0.024671711738621333	0.044450168145955045	1	0.01977845640733371	0.033513307849480145	2.946341605650761e-05	unsupported	True	0.000340807981789	-0.000340807981789
SPDYE5	chr7:75418820-75419321	14	0.009435108523822903	0.08087238844108549	4	0.07143727991726259	0.0896938007186462	0.0005181883043931576	unsupported	True	0.0002268493653346	-0.0002268493653346
SPDYE5	chr7:75599191-75599692	15	0.052707477646453844	0.08844868258169007	4	0.03574120493523623	0.06449856599084713	0.00020389689735170207	unsupported	True	6.514191905130353e-05	-6.514191905130353e-05
SPDYE5	chr7:75568214-75568715	16	0.024628020598945855	0.021572268546465025	1	-0.0030557520524808306	0.01875658259564245	0.0	unsupported	True	6.273645780705246e-05	-6.273645780705246e-05
TMEM141	chr9:136801010-136801511	0	-0.010532925737680313	0.022462978511043306	5	0.03299590424872362	0.036386596307528316	2.696924625346156e-05	unsupported	True	0.0024626233582369	0.0024626233582369
TMEM141	chr9:136878845-136879346	1	0.00646161120244426	0.06938840702248092	4	0.06292679582003666	0.07408096972691897	0.0003234664143683304	unsupported	True	0.0012667082284007	0.0012667082284007
TMEM141	chr9:136694119-136694620	2	0.013600788185985282	0.05646260595211653	5	0.04286181776613125	0.05690995533278619	0.00013772720964237126	unsupported	True	0.0012135510547216	0.0012135510547216
TMEM141	chr9:136656728-136657229	3	-0.018910619246401892	0.012186876809274156	3	0.03109749605567605	0.03806512122579669	1.4425971163576183e-05	unsupported	True	0.0011580879639926	0.0011580879639926
TMEM141	chr9:136687088-136687589	4	-0.0026077554833135314	0.021914068906534512	5	0.024521824389848044	0.024249978016948323	1.30312822096846e-05	unsupported	True	0.0009267195160934	0.0009267195160934
TMEM141	chr9:136712172-136712673	5	-0.008529013279420414	0.02584537635069896	3	0.03437438963011937	0.019928095225748354	1.7704499166036855e-05	unsupported	True	0.0007690268726096	-0.0007690268726096
TMEM141	chr9:136866139-136866640	6	-0.0026490934605786515	0.0494552095770583	3	0.05210430303763695	0.05327546743519698	0.00013728178154741335	unsupported	True	0.0006760548255807	-0.0006760548255807
TMEM141	chr9:136790937-136791438	7	-0.010530541939395835	0.024158565022595023	3	0.03468910696199086	0.01857649654175288	1.556782944204652e-05	unsupported	True	0.0006434365000277	-0.0006434365000277
TMEM141	chr9:136655826-136656327	8	-0.0066331025414882675	0.060743911880308046	3	0.06737701442179632	0.08035429838652004	0.0003288695265362215	unsupported	True	0.000613841173579	0.000613841173579
TMEM141	chr9:136849087-136849588	9	-0.011925509061936042	0.015845631948973628	3	0.027771141010909668	0.0181967117016822	8.007486262685638e-06	unsupported	True	0.0006075646861437	-0.0006075646861437
TMEM141	chr9:136886153-136886654	10	-0.006253577763470776	0.029033447332858103	3	0.035287025096328875	0.03143869140474788	3.220906461689629e-05	unsupported	True	0.0005991765260687	-0.0005991765260687
TMEM141	chr9:136644389-136644890	11	0.005974416436502343	0.05012462590204189	5	0.04415020946553955	0.034212833655723494	7.571343651065447e-05	unsupported	True	0.0005843163081453	0.0005843163081453
TMEM141	chr9:136799966-136800467	12	-0.02161684016076052	0.01936173669358019	4	0.04097857685434071	0.05099384081430596	4.045935037266712e-05	unsupported	True	0.0005608787021667	0.0005608787021667
TMEM141	chr9:136646285-136646786	13	-0.0027319655671415753	0.03289163949776734	3	0.035623605064908914	0.034547952032954285	4.0480484048832306e-05	unsupported	True	0.0004434337535886	0.0004434337535886
TMEM141	chr9:136728015-136728516	14	-0.005552943256655677	0.026803356631296984	3	0.03235629988795266	0.029360352341171576	2.5462984160577748e-05	unsupported	True	0.0003673138687396	-0.0003673138687396
TMEM141	chr9:136763014-136763515	15	-0.01751891578794843	0.03110707891110821	5	0.04862599469905664	0.05009878540362884	7.578005676331689e-05	unsupported	True	0.0003313967707109	0.0003313967707109
TMEM141	chr9:136807627-136808128	16	-0.011424447264932256	0.02077398644979276	3	0.032198433714725014	0.02310340221404265	1.5453630679895087e-05	unsupported	True	0.0003270358173528	-0.0003270358173528
TMEM141	chr9:136879424-136879925	17	0.006543846811766419	0.046205144777745684	3	0.03966129796597927	0.051092892908161144	9.36305882017241e-05	unsupported	True	0.0003192044098415	0.0003192044098415
TMEM141	chr9:136671478-136671979	18	0.010826752620859957	0.08008245474543456	3	0.0692557021245746	0.07469271778288879	0.0004142582589651705	unsupported	True	0.0002896224189723	0.0002896224189723
TMEM141	chr9:136665508-136666009	19	-0.014446813454797302	0.00865293594596421	4	0.02309974940076151	0.01443877762527368	2.8860322848497504e-06	unsupported	True	0.0002536037390159	0.0002536037390159
HDDC3	chr15:91022367-91022868	0	0.012375847400851011	0.04835060410444708	3	0.03597475670359607	0.029204808825719547	5.0798880075896975e-05	unsupported	True	0.0016481976805867	0.0016481976805867
HDDC3	chr15:90812650-90813151	1	0.015549384039311671	0.09838661768440259	2	0.08283723364509091	0.11046076045183892	0.0009002635083826106	unsupported	True	0.0014096851376374	0.0014096851376374
HDDC3	chr15:90959894-90960395	2	0.029428635782044472	0.07353045512136726	1	0.044101819339322786	0.0505231188706686	0.00016383772630337905	unsupported	True	0.0013357954369099	-0.0013357954369099
HDDC3	chr15:90902392-90902893	3	0.029777576419753298	0.07342956845458731	1	0.04365199203483401	0.06026776655646286	0.00019317910094972653	unsupported	True	0.0012663747419618	0.0012663747419618
HDDC3	chr15:90934219-90934720	4	0.026202983476610254	0.06922410165153647	1	0.04302111817492622	0.05959204600576877	0.00017747096838278801	unsupported	True	0.0012030730009664	0.0012030730009664
HDDC3	chr15:90957250-90957751	5	0.04259754018044033	0.08110699622462819	1	0.03850945604418786	0.04095529570917034	0.00012791920977572936	unsupported	True	0.0010377378017887	0.0010377378017887
HDDC3	chr15:91063706-91064207	6	0.012751478368366787	0.03751098377037587	3	0.024759505402009087	0.03509847163073461	3.259782504777533e-05	unsupported	True	0.000896397712301	0.000896397712301
HDDC3	chr15:90932324-90932825	7	0.02727346909713343	0.07506301113809793	1	0.0477895420409645	0.04500122751855989	0.00016142961508037911	unsupported	True	0.0007383996249208	0.0007383996249208
HDDC3	chr15:90954583-90955084	8	0.01849950997639302	0.051619735207692106	1	0.03312022523129909	0.04506614807412476	7.704766707557336e-05	unsupported	True	0.0006772498548762	0.0006772498548762
HDDC3	chr15:90885916-90886417	9	0.03294664036319904	0.07375226803525056	1	0.04080562767205152	0.05128640090663458	0.00015434681276233717	unsupported	True	0.0005945708594199	0.0005945708594199
HDDC3	chr15:91062608-91063109	10	0.01266707630486136	0.02330603557933183	3	0.010638959274470469	0.009242030569937623	2.2915796254143383e-06	unsupported	True	0.0005297793035082	0.0005297793035082
HDDC3	chr15:91075577-91076078	11	-0.002180580383519761	0.02052923694010333	5	0.022709817323623094	0.016505629578165502	7.695175736628405e-06	unsupported	True	0.0004868384211214	-0.0004868384211214
HDDC3	chr15:90956476-90956977	12	0.03241752007547809	0.08055314294869563	1	0.04813562287321754	0.07172343060730794	0.00027810586003426056	unsupported	True	0.0004702614229908	-0.0004702614229908
HDDC3	chr15:90813580-90814081	13	0.03526945835638108	0.07860949301546002	1	0.043340034659078944	0.061925698447745044	0.00021097702461988797	unsupported	True	0.0003978346547406	-0.0003978346547406
HDDC3	chr15:90903145-90903646	14	0.04471787029334878	0.09039759671379798	1	0.04567972642044919	0.0698933042075735	0.00028861304115130037	unsupported	True	0.000395852030154	0.000395852030154
HDDC3	chr15:90871145-90871646	15	0.04397663658781678	0.08125369460581976	1	0.037277058018002976	0.05278615408975673	0.00015988391286693703	unsupported	True	0.0003048677654363	-0.0003048677654363
HDDC3	chr15:90818473-90818974	16	0.01780190669672004	0.07267605300057331	3	0.054874146303853275	0.0760536277324054	0.0003033046330976569	unsupported	True	0.0003041026246268	0.0003041026246268
HDDC3	chr15:90934978-90935479	17	0.02139015353695099	0.06439003678537203	1	0.042999883248421036	0.04972855065216628	0.00013768662400711243	unsupported	True	0.0002713741542889	0.0002713741542889
HDDC3	chr15:90815089-90815590	18	0.013875790627468005	0.05370148245594875	3	0.039825691828480746	0.06109068228413994	0.00013065456223480308	unsupported	True	0.0002637345416351	0.0002637345416351
HDDC3	chr15:90883553-90884054	19	0.030556192943504236	0.06308613947927016	1	0.03252994653576593	0.022328028920008666	4.582132963446995e-05	unsupported	True	0.0001761499585144	-0.0001761499585144
HAL	chr12:95918443-95918944	0	-0.010079953363334946	0.0	0	0.010079953363334946	0.0	0.0	unsupported	True	0.0075328517381325	0.0075328517381325
HAL	chr12:95836217-95836718	1	-0.008510910591834897	0.0	0	0.008510910591834897	0.0	0.0	unsupported	True	0.0020373082578747	0.0020373082578747
HAL	chr12:96070989-96071490	2	-0.009484760152648531	0.0	0	0.009484760152648531	0.0	0.0	unsupported	True	0.00132894266318	0.00132894266318
HAL	chr12:96015640-96016141	3	-0.011145191263470427	0.0	0	0.011145191263470427	0.0	0.0	unsupported	True	0.0008764640065216	0.0008764640065216
HAL	chr12:95966152-95966653	4	-0.006965120112221664	0.0	0	0.006965120112221664	0.0	0.0	unsupported	True	0.0008739652427193	0.0008739652427193
HAL	chr12:96027504-96028005	5	-0.006853651197220121	0.0	0	0.006853651197220121	0.0	0.0	unsupported	True	0.0004582620312652	0.0004582620312652
HAL	chr12:95942757-95943258	6	-0.01124289421743439	0.0	0	0.01124289421743439	0.0	0.0	unsupported	True	0.0004230930633624	-0.0004230930633624
HAL	chr12:95956585-95957086	7	-0.009859353325900847	0.0	0	0.009859353325900847	0.0	0.0	unsupported	True	0.0002029585394323	-0.0002029585394323
HAL	chr12:95943277-95943778	8	-0.010769070549207867	0.0	0	0.010769070549207867	0.0	0.0	unsupported	True	0.0001321451357556	-0.0001321451357556
HAL	chr12:96061820-96062321	9	-0.012158326514543927	0.0	0	0.012158326514543927	0.0	0.0	unsupported	True	0.0001155035495762	-0.0001155035495762
HAL	chr12:95962143-95962644	10	-0.010985294477343824	0.0	0	0.010985294477343824	0.0	0.0	unsupported	True	9.269451596078666e-05	-9.269451596078666e-05
HAL	chr12:95998555-95999056	11	-0.012010591536053866	0.0	0	0.012010591536053866	0.0	0.0	unsupported	True	8.222432078822391e-05	-8.222432078822391e-05
HAL	chr12:96035999-96036500	12	-0.01458523042659912	0.0	0	0.01458523042659912	0.0	0.0	unsupported	True	6.586952147437971e-05	6.586952147437971e-05
HAL	chr12:95858625-95859126	13	-0.01511177697816826	0.0	0	0.01511177697816826	0.0	0.0	unsupported	True	5.078453109393045e-05	5.078453109393045e-05
HAL	chr12:96083749-96084250	14	-0.006125967004927442	0.0	0	0.006125967004927442	0.0	0.0	unsupported	True	3.708815262807768e-05	-3.708815262807768e-05
HAL	chr12:95848980-95849481	15	-0.01018481533843606	0.0	0	0.01018481533843606	0.0	0.0	unsupported	True	2.6053862178782987e-05	-2.6053862178782987e-05
HAL	chr12:96078127-96078628	16	-0.007141786938998375	0.0	0	0.007141786938998375	0.0	0.0	unsupported	True	2.530289759945245e-05	-2.530289759945245e-05
HAL	chr12:96035461-96035962	17	-0.015280484480465812	0.0	0	0.015280484480465812	0.0	0.0	unsupported	True	2.487469451174925e-05	-2.487469451174925e-05
HAL	chr12:95996788-95997289	18	-0.004736576291147494	0.0	0	0.004736576291147494	0.0	0.0	unsupported	True	1.252728278369698e-05	-1.252728278369698e-05
HAL	chr12:95987179-95987680	19	-0.005489441796773892	0.0	0	0.005489441796773892	0.0	0.0	unsupported	True	9.026877602681191e-06	-9.026877602681191e-06
LCMT2	chr15:43330359-43330860	0	0.002345327605416489	0.04922428132254573	3	0.04687895371712924	0.06228262702379727	0.00014372231922506258	unsupported	True	0.0046830864375518	0.0046830864375518
LCMT2	chr15:43254078-43254579	1	-0.017387594113851646	0.012599435732271553	3	0.029987029846123198	0.026428252939849555	9.985113417182091e-06	unsupported	True	0.0012646042615989	-0.0012646042615989
LCMT2	chr15:43474034-43474535	2	0.008478712521654365	0.07139014182673942	3	0.06291142930508506	0.07318330936417793	0.000328684967080912	unsupported	True	0.0012190867503396	0.0012190867503396
LCMT2	chr15:43370848-43371349	3	0.0048651279501431425	0.06022808882886996	3	0.055362960878726816	0.06454354051494848	0.00021521432522826714	unsupported	True	0.0010934620433927	0.0010934620433927
LCMT2	chr15:43174708-43175209	4	0.015200737143818465	0.08145810886042835	0	0.06625737171660989	0.08839858165706058	0.0004771048424310232	unsupported	True	0.0009107447878691	0.0009107447878691
LCMT2	chr15:43285478-43285979	5	0.0007053444042231919	0.041553370046318816	4	0.04084802564209562	0.05811507578364355	9.864296780223026e-05	unsupported	True	0.0008334439731501	0.0008334439731501
LCMT2	chr15:43402699-43403200	6	0.014589477519930462	0.06817013845216137	3	0.053580660932230906	0.08332046563264756	0.0003043364222650284	unsupported	True	0.0007575234540222	0.0007575234540222
LCMT2	chr15:43185100-43185601	7	0.004946306812132204	0.05364410372213305	3	0.04869779691000085	0.0558368490736005	0.0001458653741663577	unsupported	True	0.0007432022619765	0.0007432022619765
LCMT2	chr15:43329748-43330249	8	0.005066137689657881	0.04630309794006917	3	0.04123696025041129	0.04573635075311668	8.732894281359247e-05	unsupported	True	0.0006899488468123	-0.0006899488468123
LCMT2	chr15:43370211-43370712	9	-0.0032752436002275944	0.03407756243366437	3	0.03735280603389196	0.04220169038419247	5.371821854051928e-05	unsupported	True	0.0005605647554968	0.0005605647554968
LCMT2	chr15:43276051-43276552	10	-0.005097130659041044	0.04234788046693777	1	0.04744501112597881	0.05517514782679646	0.00011085766754879466	unsupported	True	0.0005165108633495	-0.0005165108633495
LCMT2	chr15:43440754-43441255	11	0.002002812855023689	0.05248393850665294	1	0.05048112565162925	0.06764603807335876	0.0001792246801995389	unsupported	True	0.0003467590979969	0.0003467590979969
LCMT2	chr15:43229933-43230434	12	-0.0108497684734987	0.02075676429365653	3	0.03160653276715523	0.03423993519228706	2.246308725390849e-05	unsupported	True	0.0003249335814252	-0.0003249335814252
LCMT2	chr15:43225391-43225892	13	0.005310606492693689	0.032354415683634445	3	0.027043809190940758	0.04516620448292566	3.951982569323813e-05	unsupported	True	0.0001574881389714	-0.0001574881389714
LCMT2	chr15:43363457-43363958	14	0.00519754563110481	0.040854422784308335	3	0.03565687715320352	0.026723080349268707	3.892861038225845e-05	unsupported	True	0.00010802023319	-0.00010802023319
LCMT2	chr15:43449303-43449804	15	0.010902154912472936	0.08653467087976109	4	0.07563251596728815	0.09390935963951416	0.0006146212522489552	unsupported	True	5.782657730940242e-05	-5.782657730940242e-05
LCMT2	chr15:43193285-43193786	16	0.0011240930885265904	0.049044738403972096	2	0.04792064531544551	0.06008568096438803	0.0001412167029777008	unsupported	True	5.637733308718213e-05	-5.637733308718213e-05
LCMT2	chr15:43363966-43364467	17	0.0038933937212645335	0.04811430877683695	3	0.044220915055572414	0.06520243323445049	0.0001387285283344485	unsupported	True	4.539993698035434e-05	4.539993698035434e-05
LCMT2	chr15:43418685-43419186	18	0.0008720369463375968	0.03881253636447897	3	0.03794049941814137	0.05636690698251955	8.300404786720111e-05	unsupported	True	3.3519581230551484e-05	3.3519581230551484e-05
TMEM143	chr19:48513728-48514229	0	-0.017235725626656186	0.011138798720134496	0	0.02837452434679068	0.03682799923254435	1.1639788034280034e-05	unsupported	True	0.00162791696109	0.00162791696109
TMEM143	chr19:48203806-48204307	1	-0.016190733613359896	0.019130647425212824	4	0.03532138103857272	0.046515258777097085	3.1431331930152693e-05	unsupported	True	0.0013270135242558	0.0013270135242558
TMEM143	chr19:48329981-48330482	2	-0.016833036930668017	0.02632106226180745	2	0.04315409919247547	0.051563233213962424	5.8568703370326256e-05	unsupported	True	0.0012639323879079	0.0012639323879079
TMEM143	chr19:48393990-48394491	3	-0.005844938496377613	0.07105166497007195	2	0.07689660346644957	0.09149677547756721	0.0004999046835723671	unsupported	True	0.0010405961648092	0.0010405961648092
TMEM143	chr19:48314337-48314838	4	-0.012216557762282068	0.026325499198767442	2	0.03854205696104951	0.05014942749252793	5.088355942744916e-05	unsupported	True	0.0009258210224106	0.0009258210224106
TMEM143	chr19:48255720-48256221	5	-0.0027256642392502113	0.024933200824648415	2	0.027658865063898627	0.045631835481623396	3.146881061059764e-05	unsupported	True	0.000904202260383	-0.000904202260383
TMEM143	chr19:48291174-48291675	6	-0.005945503768782787	0.023010136424347735	2	0.028955640193130523	0.042806112236430646	2.8520566710521407e-05	unsupported	True	0.0008700788491596	0.0008700788491596
TMEM143	chr19:48501779-48502280	7	-0.009214306611144026	0.005159423136479953	0	0.014373729747623978	0.022802301346784376	1.6910221752682664e-06	unsupported	True	0.0008320817814089	0.0008320817814089
TMEM143	chr19:48371160-48371661	8	0.012672153875559916	0.0722649423568376	2	0.059592788481277685	0.08074752437624338	0.0003477367448289675	unsupported	True	0.0007984780466175	-0.0007984780466175
TMEM143	chr19:48271089-48271590	9	-0.017484362230238974	0.018431001563947978	2	0.03591536379418695	0.041214203775149345	2.7281994677905453e-05	unsupported	True	0.000650729968771	0.000650729968771
TMEM143	chr19:48511689-48512190	10	-0.028683555711173366	-0.008119398309670811	2	0.020564157401502553	0.019206574454016426	0.0	unsupported	True	0.0005982161451746	0.0005982161451746
TMEM143	chr19:48332737-48333238	11	-0.004425138775513102	0.025159331409628973	0	0.029584470185142077	0.04183353935622991	3.113776967834936e-05	unsupported	True	0.0005959853091869	0.0005959853091869
TMEM143	chr19:48321173-48321674	12	-0.01173481992406304	0.016661162613219243	2	0.02839598253728228	0.03842145593831836	1.817757819319689e-05	unsupported	True	0.0005306350251153	0.0005306350251153
TMEM143	chr19:48493077-48493578	13	-0.006604384437130631	0.049899111493148386	0	0.056503495930279014	0.07450376597751371	0.0002100614491933351	unsupported	True	0.0004958080700725	0.0004958080700725
TMEM143	chr19:48469500-48470001	14	-0.011877996865583999	0.022146811636332617	2	0.034024808501916616	0.04384468115080696	3.303876596878627e-05	unsupported	True	0.0004602230474468	-0.0004602230474468
TMEM143	chr19:48414726-48415227	15	0.00766693242323972	0.14204328657175694	0	0.13437635414851723	0.16305249916167763	0.0031122252789632897	unsupported	True	0.0003318833527031	0.0003318833527031
TMEM143	chr19:48400363-48400864	16	-0.0013418319649044187	0.05129053988639818	0	0.0526323718513026	0.07615919280275163	0.00020559499812872504	unsupported	True	0.0003111896518749	0.0003111896518749
TMEM143	chr19:48321749-48322250	17	-0.005955906159266022	0.03193391210773692	2	0.03788981826700294	0.04914393643843747	5.9462694980110984e-05	unsupported	True	0.0002951133015239	-0.0002951133015239
TMEM143	chr19:48390529-48391030	18	-0.007663407270470353	0.025521432925481136	2	0.03318484019595149	0.047431392086811124	4.017081624272317e-05	unsupported	True	0.0002768366281413	-0.0002768366281413
TMEM143	chr19:48362995-48363496	19	-0.016470700884860787	0.019125797007509143	2	0.03559649789236993	0.041930237721175295	2.854658354622689e-05	unsupported	True	0.0002632111790653	0.0002632111790653
SPTA1	chr1:158705193-158705694	0	-0.004758222861452041	0.0	0	0.004758222861452041	0.0	0.0	unsupported	True	0.0112269287437864	0.0112269287437864
SPTA1	chr1:158509657-158510158	1	-0.003791566402225692	0.0	0	0.003791566402225692	0.0	0.0	unsupported	True	0.0020825591083321	0.0020825591083321
SPTA1	chr1:158818837-158819338	2	0.0021071912798211875	0.006282985088928791	5	0.0041757938091076035	0.006282985088928791	1.6484322562589682e-07	unsupported	True	0.0005720184314371	0.0005720184314371
SPTA1	chr1:158794890-158795391	3	-0.00197962061095951	0.0	0	0.00197962061095951	0.0	0.0	unsupported	True	0.0002423883100286	-0.0002423883100286
SPTA1	chr1:158471917-158472418	4	-0.010318522911279934	0.0	0	0.010318522911279934	0.0	0.0	unsupported	True	0.0001084512821892	0.0001084512821892
SPTA1	chr1:158563822-158564323	5	-0.0035004452509265712	0.0	0	0.0035004452509265712	0.0	0.0	unsupported	True	6.069237801765562e-05	-6.069237801765562e-05
SPTA1	chr1:158639251-158639752	6	-0.010024582742257857	0.0	0	0.010024582742257857	0.0	0.0	unsupported	True	3.840808121777495e-05	-3.840808121777495e-05
SPTA1	chr1:158485386-158485887	7	-0.009159983083967935	0.0	0	0.009159983083967935	0.0	0.0	unsupported	True	3.01050241422424e-05	-3.01050241422424e-05
SPTA1	chr1:158811997-158812498	8	-0.007727056749498843	0.0	0	0.007727056749498843	0.0	0.0	unsupported	True	2.546220534259617e-05	-2.546220534259617e-05
SPTA1	chr1:158606585-158607086	9	-0.00701263921068584	0.0	0	0.00701263921068584	0.0	0.0	unsupported	True	1.0362587132470994e-05	-1.0362587132470994e-05
COX8C	chr14:93343730-93344231	0	0.02418117467549495	0.0837413521345111	4	0.05956017745901615	0.0837413521345111	0.00041767253770534337	unsupported	True	0.0028483308233414	0.0028483308233414
COX8C	chr14:93219062-93219563	1	0.005924576836879478	0.04922336741290347	4	0.043298790576023996	0.04922336741290347	0.00010491036728525743	unsupported	True	0.0020783343593052	-0.0020783343593052
COX8C	chr14:93431212-93431713	2	-0.0036864133443566156	0.025347316770272472	3	0.029033730114629088	0.025347316770272472	1.865377869831836e-05	unsupported	True	0.001801819419705	0.001801819419705
COX8C	chr14:93207407-93207908	3	0.01476171522570855	0.049737753177500454	3	0.034976037951791904	0.049737753177500454	8.652526481873713e-05	unsupported	True	0.0015825144072308	-0.0015825144072308
COX8C	chr14:93481093-93481594	4	-0.00618104252509799	0.008121153568534531	4	0.014302196093632522	0.008121153568534531	9.432746738176538e-07	unsupported	True	0.0014729477033906	0.0014729477033906
COX8C	chr14:93206893-93207394	5	0.002984547420381339	0.026901917115792526	3	0.023917369695411188	0.026901917115792526	1.7309314830553927e-05	unsupported	True	0.0009150589481871	-0.0009150589481871
COX8C	chr14:93446152-93446653	6	0.010403445731760505	0.044743797559947375	3	0.03434035182818687	0.044743797559947375	6.874963916837859e-05	unsupported	True	0.0008551912345616	0.0008551912345616
COX8C	chr14:93332338-93332839	7	0.02381139974211659	0.0538553508398462	4	0.030043951097729612	0.0538553508398462	8.71394401342203e-05	unsupported	True	0.0008195741709473	-0.0008195741709473
COX8C	chr14:93287242-93287743	8	-0.012972153862748203	0.004703224301486609	3	0.017675378164234812	0.004703224301486609	3.9098500043535916e-07	unsupported	True	0.0003572356328087	0.0003572356328087
COX8C	chr14:93493004-93493505	9	0.0031252997909883297	0.0235077456227574	4	0.020382445831769073	0.0235077456227574	1.1263627046038064e-05	unsupported	True	0.0003502687476318	0.0003502687476318
COX8C	chr14:93332854-93333355	10	0.008776962890186701	0.04487038919023204	4	0.03609342630004534	0.04487038919023204	7.266876575078459e-05	unsupported	True	0.0003285017777693	-0.0003285017777693
COX8C	chr14:93260718-93261219	11	-0.006130222621889788	0.014308222297510028	4	0.020438444919399817	0.014308222297510028	4.184265241211591e-06	unsupported	True	0.0002805511092244	0.0002805511092244
COX8C	chr14:93430418-93430919	12	-0.0029989366421021334	0.015168437153716664	3	0.018167373795818797	0.015168437153716664	4.179976353959474e-06	unsupported	True	0.000182798820868	0.000182798820868
COX8C	chr14:93231165-93231666	13	0.001525424093012134	0.020279813891830298	4	0.018754389798818164	0.020279813891830298	7.713133861684175e-06	unsupported	True	0.0001656042349541	-0.0001656042349541
COX8C	chr14:93290305-93290806	14	0.020764819233511596	0.09833362434783358	3	0.07756880511432199	0.09833362434783358	0.0007500516911653646	unsupported	True	0.0001217823592207	0.0001217823592207
COX8C	chr14:93484440-93484941	15	-0.008380607494624423	0.005529198995338806	3	0.01390980648996323	0.005529198995338806	4.2525118168619364e-07	unsupported	True	0.0001112325768258	0.0001112325768258
COX8C	chr14:93458061-93458562	16	-0.012144999803918739	0.0	0	0.012144999803918739	0.003193323108725338	0.0	unsupported	True	3.9218220383231205e-05	-3.9218220383231205e-05
COX8C	chr14:93497265-93497766	17	-0.011692578801484216	0.0	0	0.011692578801484216	0.015298328675782727	0.0	unsupported	True	3.0077638638059825e-05	3.0077638638059825e-05
COX8C	chr14:93198228-93198729	18	-0.0007154435149364674	0.031248375545591154	3	0.03196381906052762	0.031248375545591154	3.121142190021952e-05	unsupported	True	2.830938223138732e-05	-2.830938223138732e-05
COX8C	chr14:93269614-93270115	19	0.0034290480909550274	0.01034533648407718	3	0.0069162883931221525	0.01034533648407718	7.402225914346046e-07	unsupported	True	2.75755198572715e-05	-2.75755198572715e-05
DEFB131A	chr4:9528876-9529377	0	0.0	0.0	0	0.0	0.0	0.0	unsupported	True	0.0103071648143618	0.0103071648143618
DEFB131A	chr4:9381608-9382109	1	0.0	0.0	0	0.0	0.0	0.0	unsupported	True	0.0025050042046369	0.0025050042046369
DEFB131A	chr4:9544784-9545285	2	0.0	0.0	0	0.0	0.0	0.0	unsupported	True	0.0004321662507288	0.0004321662507288
DEFB131A	chr4:9498439-9498940	3	0.0	0.0	0	0.0	0.0	0.0	unsupported	True	0.0003778197295262	0.0003778197295262
DEFB131A	chr4:9507629-9508130	4	0.0	0.0	0	0.0	0.0	0.0	unsupported	True	0.0002805364112388	-0.0002805364112388
DEFB131A	chr4:9524995-9525496	5	0.0	0.0	0	0.0	0.0	0.0	unsupported	True	0.0001755427738419	-0.0001755427738419
DEFB131A	chr4:9443660-9444161	6	0.0	0.0	0	0.0	0.0	0.0	unsupported	True	0.0001017926297847	-0.0001017926297847
DEFB131A	chr4:9532043-9532544	7	0.0	0.0	0	0.0	0.0	0.0	unsupported	True	8.1205143388185e-05	-8.1205143388185e-05
DEFB131A	chr4:9588968-9589469	8	0.0	0.0	0	0.0	0.0	0.0	unsupported	True	6.605020566197253e-05	-6.605020566197253e-05
DEFB131A	chr4:9380917-9381418	9	0.0	0.0	0	0.0	0.0	0.0	unsupported	True	5.375702290454586e-05	-5.375702290454586e-05
DEFB131A	chr4:9380151-9380652	10	0.0	0.0	0	0.0	0.0	0.0	unsupported	True	8.778826942504659e-06	-8.778826942504659e-06
DEFB131A	chr4:9495428-9495929	11	0.0	0.0	0	0.0	0.0	0.0	unsupported	True	2.963911425618842e-06	-2.963911425618842e-06
OXTR	chr3:8662801-8663302	0	-0.01455071809129214	0.020082981425117264	1	0.034633699516409405	0.03862621959737389	2.68663876281939e-05	unsupported	True	0.0034365863527685	0.0034365863527685
OXTR	chr3:8769270-8769771	1	-0.0157371312642929	0.029653917246072723	1	0.04539104851036563	0.056810807146901204	7.646861876813543e-05	unsupported	True	0.0020916429408547	0.0020916429408547
OXTR	chr3:8607432-8607933	2	-0.015488962480798176	0.022898339085696873	1	0.03838730156649505	0.052190671734961794	4.587588478221762e-05	unsupported	True	0.0019193139987692	0.0019193139987692
OXTR	chr3:8767701-8768202	3	-0.01984947628548186	0.03808717880862998	1	0.05793665509411185	0.06199965405493793	0.00013681114863538203	unsupported	True	0.0015427479927986	0.0015427479927986
OXTR	chr3:8712276-8712777	4	-0.0062649895735181265	0.04535259929184202	1	0.05161758886536015	0.05511867726795072	0.0001290323728461885	unsupported	True	0.0011029656364122	0.0011029656364122
OXTR	chr3:8622819-8623320	5	-0.01708365866330839	0.02477504810746982	2	0.04185870677077821	0.05180368470081148	5.3723087575665294e-05	unsupported	True	0.0009526054316388	0.0009526054316388
OXTR	chr3:8712848-8713349	6	0.0016641529160778136	0.07868417616398406	1	0.07702002324790624	0.09895983977805636	0.0005997220693925843	unsupported	True	0.0009299642996708	0.0009299642996708
OXTR	chr3:8663373-8663874	7	-0.02184619920778844	0.008377130977541166	1	0.030223330185329605	0.036305838794036684	9.192086371975638e-06	unsupported	True	0.0005612880256017	0.0005612880256017
OXTR	chr3:8645603-8646104	8	-0.01339321190923136	0.02445563272947521	1	0.03784884463870657	0.043393947184057674	4.0166194465392345e-05	unsupported	True	0.0002885151754531	0.0002885151754531
OXTR	chr3:8658185-8658686	9	-0.014901938015328771	0.008133703740870756	1	0.02303564175619953	0.030064738627080593	5.6330823241725365e-06	unsupported	True	0.0002556355880544	0.0002556355880544
OXTR	chr3:8742238-8742739	10	-0.009105762569416205	0.025532058070207118	1	0.034637820639623326	0.04761760838240846	4.2111815175138936e-05	unsupported	True	0.0002539290632377	0.0002539290632377
OXTR	chr3:8640670-8641171	11	-0.010190611831630038	0.035410038954026085	1	0.04560065078565612	0.047288939310157346	7.635843489051915e-05	unsupported	True	0.0002092241482466	-0.0002092241482466
OXTR	chr3:8798703-8799204	12	-0.005930436276061236	0.0560820598461646	2	0.062012496122225834	0.07706896253699995	0.0002680295530621288	unsupported	True	0.0002050691136442	0.0002050691136442
OXTR	chr3:8725800-8726301	13	0.004726355777299653	0.08648292140105611	1	0.08175656562375645	0.08920745481212922	0.0006307454697831212	unsupported	True	0.0001629505179058	-0.0001629505179058
OXTR	chr3:8606699-8607200	14	-0.001218541202921138	0.09505459117353608	2	0.09627313237645722	0.11671003915624736	0.00106803728835512	unsupported	True	0.0001283035638986	0.0001283035638986
OXTR	chr3:8746691-8747192	15	-0.01105283530668514	0.005154417787784896	1	0.016207253094470034	0.016508410858990658	1.3790953694402281e-06	unsupported	True	8.189363263900741e-05	8.189363263900741e-05
OXTR	chr3:8759241-8759742	16	-0.014330374897274527	0.0	4	0.014330374897274527	0.017500374337688456	0.0	unsupported	True	7.825195006425992e-05	7.825195006425992e-05
OXTR	chr3:8660058-8660559	17	-0.010678708174177053	0.04378850085588879	2	0.05446720903006584	0.05996296147554938	0.0001430139074867165	unsupported	True	6.98206263523e-05	6.98206263523e-05
OXTR	chr3:8824062-8824563	18	0.008352904007657739	0.13815185090985796	1	0.12979894690220023	0.1519689713390527	0.002725102238770101	unsupported	True	6.279317711621217e-05	6.279317711621217e-05
OXTR	chr3:8873450-8873951	19	-0.010138924589543468	0.05293282768505511	2	0.06307175227459857	0.07116063076150354	0.00023757447627137658	unsupported	True	5.810470277805487e-05	-5.810470277805487e-05
ZNF428	chr19:43464009-43464510	0	0.007923626980244042	0.03452949671595543	2	0.026605869735711385	0.04067119651107977	3.736411137151382e-05	unsupported	True	0.0020921249214635	0.0020921249214635
ZNF428	chr19:43745222-43745723	1	0.002752338499333744	0.03234781790162176	5	0.029595479402288013	0.04016112596023469	3.844822094230864e-05	unsupported	True	0.0014833845678922	0.0014833845678922
ZNF428	chr19:43580284-43580785	2	-0.03790225371173721	0.012064870964164379	2	0.049967124675901586	0.03898105746781205	2.349961010790897e-05	unsupported	True	0.0013260271202296	0.0013260271202296
ZNF428	chr19:43603588-43604089	3	-0.02145956010015558	0.030613310432987907	2	0.05207287053314349	0.05002131886986742	7.974013243813559e-05	unsupported	True	0.0011043429348452	-0.0011043429348452
ZNF428	chr19:43519402-43519903	4	-0.007127626306902924	0.028804828705686198	2	0.03593245501258912	0.04005026931588296	4.1453158624613517e-05	unsupported	True	0.0010265946488686	0.0010265946488686
ZNF428	chr19:43755437-43755938	5	0.000813138753241327	0.021676529457855837	5	0.020863390704614508	0.028311583397023457	1.2803797604390086e-05	unsupported	True	0.0009039672228548	0.0009039672228548
ZNF428	chr19:43735078-43735579	6	-0.05126680488634865	0.009106646184869548	2	0.0603734510712182	0.05827731390812564	3.204084724798553e-05	unsupported	True	0.0008079836089607	0.0008079836089607
ZNF428	chr19:43527011-43527512	7	-0.006833803200602695	0.038775203564881	2	0.04560900676548369	0.033490639146786225	5.922814582267214e-05	unsupported	True	0.0007783176596952	0.0007783176596952
ZNF428	chr19:43533122-43533623	8	-0.000268338595772905	0.0301725994851413	2	0.030440938080914207	0.03684467393832602	3.384117838077643e-05	unsupported	True	0.0006850366069728	0.0006850366069728
ZNF428	chr19:43463257-43463758	9	0.035923588673408384	0.051899621366074615	1	0.01597603269266623	0.03576982128938548	2.9658549027649373e-05	unsupported	True	0.000683595677259	0.000683595677259
ZNF428	chr19:43639614-43640115	10	-0.01145797500402945	0.018372161777771855	2	0.029830136781801304	0.03013287196910055	1.6514142662812083e-05	unsupported	True	0.0005455797865564	-0.0005455797865564
ZNF428	chr19:43610643-43611144	11	-0.059466678066689684	0.008928086268366433	0	0.06839476433505612	0.0409188250861821	2.4986440416560962e-05	unsupported	True	0.0003910138899536	-0.0003910138899536
ZNF428	chr19:43581745-43582246	12	0.02398261532256482	0.06276038798932956	4	0.03877777266676474	0.036914644786378875	8.983946847216653e-05	unsupported	True	0.0003529254745605	-0.0003529254745605
ZNF428	chr19:43533873-43534374	13	-0.009035471635259812	0.027250149251830797	5	0.03628562088709061	0.05306493891817539	5.2470005859039644e-05	unsupported	True	0.0003486538969467	0.0003486538969467
ZNF428	chr19:43575425-43575926	14	-0.004283955144016765	0.017368970279125755	2	0.02165292542314252	0.026364600114742842	9.915436570561885e-06	unsupported	True	0.0003457499078486	0.0003457499078486
ZNF428	chr19:43475166-43475667	15	-0.040174355103222044	0.018955745055932834	5	0.059130100159154875	0.061952420384265655	6.943968657728997e-05	unsupported	True	0.0003446454611473	-0.0003446454611473
ZNF428	chr19:43503956-43504457	16	-0.06555089785819465	-0.009496860302307703	5	0.05605403755588695	0.042144868827445524	0.0	unsupported	True	0.0003377080560148	-0.0003377080560148
ZNF428	chr19:43619439-43619940	17	-0.0013054185249283573	0.02682878368070353	2	0.028134202205631887	0.03535150662440037	2.6683544333671343e-05	unsupported	True	0.0003158345538232	0.0003158345538232
ZNF428	chr19:43606495-43606996	18	0.021436155639780772	0.04640050268346978	1	0.024964347043689005	0.029258110203599523	3.3891373392023895e-05	unsupported	True	0.0002753008054331	0.0002753008054331
ZNF428	chr19:43662420-43662921	19	-0.05195162223545171	0.00567302867592626	0	0.05762465091137797	0.05131295202657887	1.677452713825134e-05	unsupported	True	0.0002421786956716	-0.0002421786956716
ANGPTL3	chr1:62688198-62688699	0	0.0	0.0	0	0.0	0.0	0.0	unsupported	True	0.0031895559734636	0.0031895559734636
ANGPTL3	chr1:62690331-62690832	1	0.0	0.0	0	0.0	0.0	0.0	unsupported	True	0.0014195010880065	-0.0014195010880065
ANGPTL3	chr1:62687555-62688056	2	0.0	0.0	0	0.0	0.0	0.0	unsupported	True	0.0014001965641169	-0.0014001965641169
ANGPTL3	chr1:62569702-62570203	3	0.0	0.0	0	0.0	0.0	0.0	unsupported	True	0.0012182934579028	-0.0012182934579028
ANGPTL3	chr1:62729126-62729627	4	0.0	0.0	0	0.0	0.0	0.0	unsupported	True	0.0011204828857602	-0.0011204828857602
ANGPTL3	chr1:62732223-62732724	5	0.0	0.0	0	0.0	0.0	0.0	unsupported	True	0.0010851060537591	-0.0010851060537591
ANGPTL3	chr1:62727891-62728392	6	0.0	0.0	0	0.0	0.0	0.0	unsupported	True	0.0007716412765167	-0.0007716412765167
ANGPTL3	chr1:62562027-62562528	7	0.0	0.0	0	0.0	0.0	0.0	unsupported	True	0.0007504219994169	-0.0007504219994169
ANGPTL3	chr1:62720941-62721442	8	0.0	0.0	0	0.0	0.0	0.0	unsupported	True	0.0005864687684983	0.0005864687684983
ANGPTL3	chr1:62530462-62530963	9	0.0	0.0	0	0.0	0.0	0.0	unsupported	True	0.0005821744899745	-0.0005821744899745
ANGPTL3	chr1:62508132-62508633	10	0.0	0.0	0	0.0	0.0	0.0	unsupported	True	0.0005342762670912	0.0005342762670912
ANGPTL3	chr1:62725830-62726331	11	0.0	0.0	0	0.0	0.0	0.0	unsupported	True	0.0005239139827796	-0.0005239139827796
ANGPTL3	chr1:62725254-62725755	12	0.0	0.0	0	0.0	0.0	0.0	unsupported	True	0.0004704842777111	-0.0004704842777111
ANGPTL3	chr1:62622878-62623379	13	0.0	0.0	0	0.0	0.0	0.0	unsupported	True	0.0002014363683098	0.0002014363683098
ANGPTL3	chr1:62450065-62450566	14	0.0	0.0	0	0.0	0.0	0.0	unsupported	True	0.000153120320487	0.000153120320487
ANGPTL3	chr1:62585505-62586006	15	0.0	0.0	0	0.0	0.0	0.0	unsupported	True	0.0001522881765929	-0.0001522881765929
ANGPTL3	chr1:62648943-62649444	16	0.0	0.0	0	0.0	0.0	0.0	unsupported	True	0.0001189075847665	-0.0001189075847665
ANGPTL3	chr1:62746394-62746895	17	0.0	0.0	0	0.0	0.0	0.0	unsupported	True	6.630582137445713e-05	6.630582137445713e-05
ANGPTL3	chr1:62455652-62456153	18	0.0	0.0	0	0.0	0.0	0.0	unsupported	True	3.7074965266224784e-05	3.7074965266224784e-05
ANGPTL3	chr1:62568300-62568801	19	0.0	0.0	0	0.0	0.0	0.0	unsupported	True	9.084857982802689e-06	9.084857982802689e-06
PPRC1	chr10:102229689-102230190	0	-0.006381621467210247	0.03965857951051932	0	0.04604020097772957	0.054592121073826744	9.967915178069024e-05	unsupported	True	0.0019611583145353	0.0019611583145353
PPRC1	chr10:102114776-102115277	1	-0.008701684885312552	0.037078935782734	0	0.04578062066804656	0.052483322447772415	8.909026633705293e-05	unsupported	True	0.0016894457700947	-0.0016894457700947
PPRC1	chr10:102120324-102120825	2	-0.005877613804757272	0.0269102272315562	0	0.03278784103631347	0.05029454765345646	4.437630035238375e-05	unsupported	True	0.0014576296759435	0.0014576296759435
PPRC1	chr10:102114026-102114527	3	-0.014463138215496968	0.02825570938198587	0	0.04271884759748284	0.03634012737282447	4.3864399544628616e-05	unsupported	True	0.0009389160033706	-0.0009389160033706
PPRC1	chr10:102055991-102056492	4	-0.004054697894732782	0.03269817451638601	0	0.03675287241111879	0.041828250350155166	5.026717665819704e-05	unsupported	True	0.0008941547224509	0.0008941547224509
PPRC1	chr10:102133404-102133905	5	-0.01949842112205681	0.016999448348496555	0	0.03649786947055336	0.03845730574204517	2.3860591024344423e-05	unsupported	True	0.0008017061395599	0.0008017061395599
PPRC1	chr10:102040618-102041119	6	-0.018866470560557326	0.010066437703986323	0	0.02893290826454365	0.03597790399102795	1.0478611979296674e-05	unsupported	True	0.0007190868505948	0.0007190868505948
PPRC1	chr10:102169415-102169916	7	-0.005038563419416778	0.03160705380992608	0	0.036645617229342856	0.046072362623176155	5.33637745322329e-05	unsupported	True	0.0006776665967918	0.0006776665967918
PPRC1	chr10:102065588-102066089	8	-0.006985930566620288	0.040610306386415	0	0.04759623695303529	0.061018558160590784	0.0001179426347228312	unsupported	True	0.0006624060037142	0.0006624060037142
PPRC1	chr10:102141310-102141811	9	0.005832235456088686	0.07077230889964374	0	0.06494007344355505	0.09617724346668657	0.00044202666171530103	unsupported	True	0.0006093851676504	-0.0006093851676504
PPRC1	chr10:101995149-101995650	10	0.0057607408337877015	0.031211286606376	1	0.025450545772588297	0.02538586071205057	2.016511320879915e-05	unsupported	True	0.0005905828100606	0.0005905828100606
PPRC1	chr10:102117356-102117857	11	-0.01431899298228145	0.01968774716597456	0	0.03400674014825601	0.033186123411833655	2.2218643986447088e-05	unsupported	True	0.0005870202918771	-0.0005870202918771
PPRC1	chr10:101993825-101994326	12	-0.001525740648110906	0.045247058772431605	1	0.04677279942054251	0.06041243157514985	0.00012785273823706072	unsupported	True	0.0005610887478109	0.0005610887478109
PPRC1	chr10:102121205-102121706	13	-0.01158959679687167	0.015967823401776278	5	0.027557420198647948	0.036717380829165217	1.61568232238102e-05	unsupported	True	0.0003812215994201	0.0003812215994201
PPRC1	chr10:102003463-102003964	14	0.02634884594418438	0.05400131016557237	0	0.027652464221387993	0.0394404774580421	5.889525405743115e-05	unsupported	True	0.0003748456328972	0.0003748456328972
PPRC1	chr10:102017176-102017677	15	0.006902265972437964	0.06424906682843168	0	0.05734680085599372	0.07547904827378617	0.0002781009260812814	unsupported	True	0.0003300833778963	0.0003300833778963
PPRC1	chr10:102106767-102107268	16	0.014829419462087459	0.05201263910438048	0	0.03718321964229303	0.04389328309329555	8.488949467731966e-05	unsupported	True	0.0003046718406716	-0.0003046718406716
PPRC1	chr10:102052705-102053206	17	0.00931100231616229	0.04643549568837556	0	0.03712449337221327	0.0676092103598559	0.00011655112911610674	unsupported	True	0.0003041558177763	0.0003041558177763
PPRC1	chr10:102234823-102235324	18	-0.006851527671818871	0.018358750215029626	0	0.025210277886848497	0.02586848848428326	1.1972691690082882e-05	unsupported	True	0.000290436791183	-0.000290436791183
PPRC1	chr10:102296970-102297471	19	0.023302886179500118	0.062261849154904354	0	0.038958962975404236	0.06837279623043144	0.00016584895698267075	unsupported	True	0.0002538872311405	0.0002538872311405
CPA2	chr7:130373727-130374228	0	0.03618220073416674	0.04125183141433477	4	0.005069630680168032	0.04125183141433477	8.627059450257077e-06	unsupported	True	0.0017692605491186	0.0017692605491186
CPA2	chr7:130182346-130182847	1	-0.0071524822137015035	0.0	0	0.0071524822137015035	0.0	0.0	unsupported	True	0.0014388452604372	-0.0014388452604372
CPA2	chr7:130141968-130142469	2	0.037564008623597	0.08056588297162363	4	0.04300187434802663	0.08056588297162363	0.00027911921059032804	unsupported	True	0.0014170716329252	0.0014170716329252
CPA2	chr7:130273178-130273679	3	0.04219847522606	0.05540061862276007	4	0.013202143396700068	0.05540061862276007	4.0520395352288035e-05	unsupported	True	0.0013547833200685	0.0013547833200685
CPA2	chr7:130141441-130141942	4	0.021238996515947163	0.04367693807159506	4	0.0224379415556479	0.04367693807159506	4.280429834665198e-05	unsupported	True	0.0011007026598549	0.0011007026598549
CPA2	chr7:130417092-130417593	5	0.08084693265509699	0.08852953067980199	4	0.007682598024705001	0.08852953067980199	6.021219148327998e-05	unsupported	True	0.0009541754021448	0.0009541754021448
CPA2	chr7:130154288-130154789	6	0.0038856870124484378	0.005999869976217217	4	0.0021141829637687792	0.005999869976217217	7.610728800262148e-08	unsupported	True	0.0008256788161434	-0.0008256788161434
CPA2	chr7:130277955-130278456	7	0.012368279606371742	0.028300838283033296	4	0.015932558676661553	0.028300838283033296	1.276098287898622e-05	unsupported	True	0.0007755132063053	0.0007755132063053
CPA2	chr7:130144639-130145140	8	0.04474506515874656	0.08527134429549793	4	0.04052627913675137	0.08527134429549793	0.0002946747683132905	unsupported	True	0.0006145380664114	0.0006145380664114
CPA2	chr7:130373197-130373698	9	0.022924980421319418	0.021785245988713602	4	-0.0011397344326058156	0.021785245988713602	0.0	unsupported	True	0.0005876063048073	0.0005876063048073
CPA2	chr7:130272260-130272761	10	0.029088307112081314	0.029345401371476156	4	0.0002570942593948418	0.029345401371476156	2.2139738520604296e-07	unsupported	True	0.0004981103974806	0.0004981103974806
CPA2	chr7:130227739-130228240	11	0.03750293858658631	0.037337742203708314	4	-0.0001651963828779926	0.037337742203708314	0.0	unsupported	True	0.0004787652608979	0.0004787652608979
CPA2	chr7:130275770-130276271	12	-0.008495055699549394	0.0	0	0.008495055699549394	0.0	0.0	unsupported	True	0.0004608602163265	0.0004608602163265
CPA2	chr7:130365453-130365954	13	0.0026282949729770806	0.0257110530980512	4	0.02308275812507412	0.0257110530980512	1.5259047723900123e-05	unsupported	True	0.0004175826559415	-0.0004175826559415
CPA2	chr7:130305354-130305855	14	-0.0022026978561206505	0.001553665611698241	4	0.0037563634678188917	0.001553665611698241	9.067398751196656e-09	unsupported	True	0.0003861644849867	-0.0003861644849867
CPA2	chr7:130242442-130242943	15	0.005420235161542835	0.0	0	-0.005420235161542835	0.0	0.0	unsupported	True	0.0003519015331379	0.0003519015331379
CPA2	chr7:130297547-130298048	16	0.029024202003439994	0.037941914807262625	4	0.008917712803822631	0.037941914807262625	1.283784035900752e-05	unsupported	True	0.000326197069112	-0.000326197069112
CPA2	chr7:130315897-130316398	17	-0.008407340975818595	0.0	0	0.008407340975818595	0.0	0.0	unsupported	True	0.0002336119121853	0.0002336119121853
CPA2	chr7:130294359-130294860	18	-0.005910765978756496	0.0	0	0.005910765978756496	0.0	0.0	unsupported	True	0.000229746474745	-0.000229746474745
CPA2	chr7:130419707-130420208	19	0.041177828021885104	0.060341770418465314	4	0.01916394239658021	0.060341770418465314	6.977839134415013e-05	unsupported	True	0.0001641266997074	0.0001641266997074
RCC1	chr1:28581176-28581677	0	-0.012342994407647224	0.033595792556142826	2	0.04593878696379005	0.07119242187046224	0.00010987482124078547	unsupported	True	0.0018415764509606	0.0018415764509606
RCC1	chr1:28669028-28669529	1	-0.009891981123249927	0.02502412752756458	5	0.03491610865081451	0.038876216759272206	3.396790606319118e-05	unsupported	True	0.0018343950185635	0.0018343950185635
RCC1	chr1:28359592-28360093	2	-0.004134491187002875	0.033918240761353205	5	0.03805273194835608	0.04222224171427007	5.449547572065212e-05	unsupported	True	0.0014309803123921	0.0014309803123921
RCC1	chr1:28581678-28582179	3	-0.009320648263606854	0.03025414106465889	2	0.03957478932826575	0.06436818127655795	7.706810447819811e-05	unsupported	True	0.00107744024163	-0.00107744024163
RCC1	chr1:28648066-28648567	4	-0.01764483720706014	0.021117134950230935	5	0.038761972157291075	0.061905638084995634	5.0672352241447414e-05	unsupported	True	0.0009739009021932	-0.0009739009021932
RCC1	chr1:28553278-28553779	5	-0.013238491378351818	0.024402510447262445	5	0.037641001825614265	0.04368123991819464	4.0122745100269474e-05	unsupported	True	0.0008843262086047	0.0008843262086047
RCC1	chr1:28642888-28643389	6	-0.016474900581746357	0.022851422929664692	5	0.03932632351141105	0.06167433143067934	5.542440583667697e-05	unsupported	True	0.0008506521133153	-0.0008506521133153
RCC1	chr1:28602748-28603249	7	-0.005509125266769276	0.029427194226780872	5	0.034936319493550146	0.04406227482552443	4.52994491787589e-05	unsupported	True	0.0008320895956212	0.0008320895956212
RCC1	chr1:28594660-28595161	8	-0.013254872637821087	0.02671323385479342	5	0.03996810649261451	0.05623354555120108	6.00392843275071e-05	unsupported	True	0.0007453029781089	-0.0007453029781089
RCC1	chr1:28668494-28668995	9	-0.014668497415300148	0.03067726603418462	2	0.045345763449484766	0.058057589485898745	8.076298664927283e-05	unsupported	True	0.000581843842836	-0.000581843842836
RCC1	chr1:28417347-28417848	10	0.010312768676662159	0.03483256156642669	3	0.02451979288976453	0.03617480387238008	3.089643678454635e-05	unsupported	True	0.0005638958903415	0.0005638958903415
RCC1	chr1:28517963-28518464	11	-0.018413128731534473	0.01684966733687602	2	0.03526279606841049	0.042227176598868724	2.5089968789153805e-05	unsupported	True	0.0005150266050308	0.0005150266050308
RCC1	chr1:28437793-28438294	12	-0.012929527074491898	0.019246787159089524	2	0.03217631423358142	0.03982130159136774	2.4660960607210087e-05	unsupported	True	0.0004952517235087	0.0004952517235087
RCC1	chr1:28659403-28659904	13	0.004463856090343905	0.055915400641480845	2	0.051451544551136943	0.06809571369810562	0.00019590685541582303	unsupported	True	0.0004709118261695	0.0004709118261695
RCC1	chr1:28505661-28506162	14	-0.012205495988132024	0.02484959527929821	2	0.037055091267430236	0.05345850101558468	4.922480269355237e-05	unsupported	True	0.0003084535069929	-0.0003084535069929
RCC1	chr1:28648800-28649301	15	-0.01149464573420867	0.03383822288123527	5	0.045332868615443944	0.07271120698098024	0.00011153780719269425	unsupported	True	0.000272403294523	-0.000272403294523
RCC1	chr1:28552727-28553228	16	-0.012140186294837978	0.027627113688707877	2	0.039767299983545855	0.056756532431242214	6.235588887458762e-05	unsupported	True	0.0002505247537246	-0.0002505247537246
RCC1	chr1:28661109-28661610	17	-0.02315489501163133	-0.0020877532976474643	5	0.021067141713983866	0.0283128443357009	0.0	unsupported	True	0.0001959562556606	-0.0001959562556606
RCC1	chr1:28587842-28588343	18	-0.01132066909942708	0.03981423542019858	5	0.05113490451962566	0.06111359905544992	0.00012442100072134905	unsupported	True	0.0001539738503694	-0.0001539738503694
RCC1	chr1:28596439-28596940	19	0.0009023615572140429	0.04628853061497666	2	0.04538616905776262	0.06062749337938888	0.00012736981971677816	unsupported	True	0.0001041376654566	0.0001041376654566
COX6A2	chr16:31333602-31334103	0	-0.02050689673212505	0.02414097670058575	2	0.0446478734327108	0.026777491854611483	2.8861939443751636e-05	unsupported	True	0.0031347595275343	0.0031347595275343
COX6A2	chr16:31298934-31299435	1	-0.0005643687557354051	0.05751736327797646	3	0.05808173203371187	0.09316000506897901	0.0003112203817782999	unsupported	True	0.0021994270913313	0.0021994270913313
COX6A2	chr16:31451689-31452190	2	-0.003435526421421312	0.10579274692543678	2	0.10922827334685808	0.11396487173197811	0.001316927808262191	unsupported	True	0.002197064184373	0.002197064184373
COX6A2	chr16:31471911-31472412	3	-0.01448116920477395	0.03541894874791706	5	0.04990011795269101	0.05475874158109591	9.678113214080503e-05	unsupported	True	0.0010282534746664	0.0010282534746664
COX6A2	chr16:31459590-31460091	4	0.00343156774783188	0.0662940558941989	2	0.06286248814636702	0.08353440830355907	0.00034812207027012297	unsupported	True	0.0009900905872632	-0.0009900905872632
COX6A2	chr16:31569262-31569763	5	-0.01724421568877583	0.04356275954575835	3	0.060806975234534176	0.080006276975705	0.0002119301984719817	unsupported	True	0.0008396974084283	0.0008396974084283
COX6A2	chr16:31568761-31569262	6	-0.03551424681092667	0.02355532138181191	3	0.05906956819273858	0.053203504503602714	7.402749782941211e-05	unsupported	True	0.0006882241415931	0.0006882241415931
COX6A2	chr16:31476832-31477333	7	0.0012366747560726415	0.06906391776170738	2	0.06782724300563474	0.08002874058745935	0.00037488784347838427	unsupported	True	0.0004630598765287	-0.0004630598765287
COX6A2	chr16:31458856-31459357	8	0.0045376414889054	0.06856287791753325	2	0.06402523642862785	0.09847247261104211	0.00043226997670768065	unsupported	True	0.0004258549051156	-0.0004258549051156
COX6A2	chr16:31442899-31443400	9	0.0022058068402448037	0.07720818372643386	2	0.07500237688618905	0.08977317197523386	0.0005198582413971874	unsupported	True	0.0003478893517414	0.0003478893517414
COX6A2	chr16:31537501-31538002	10	-0.015998907480230036	0.04308857401111559	2	0.05908748149134563	0.04826508527112371	0.00012288268118928786	unsupported	True	0.0003319467488303	0.0003319467488303
COX6A2	chr16:31488140-31488641	11	-0.000423916736118041	0.05231052537232283	2	0.05273444210844087	0.06566948201127822	0.00018115362473698754	unsupported	True	0.0003252220503602	-0.0003252220503602
COX6A2	chr16:31488718-31489219	12	-0.0011022152211101598	0.06119097838348851	2	0.06229319360459867	0.08567320040966409	0.0003265675172229261	unsupported	True	0.0003115302265937	0.0003115302265937
COX6A2	chr16:31487569-31488070	13	0.0071161324703020125	0.07141161521279932	2	0.0642954827424973	0.09526599225146926	0.0004374084945850091	unsupported	True	0.0002387774438865	0.0002387774438865
COX6A2	chr16:31529379-31529880	14	-0.007426107629088437	0.06662984094771363	2	0.07405594857680206	0.07085384575532555	0.00034961668715621346	unsupported	True	0.0002015649292348	0.0002015649292348
COX6A2	chr16:31508144-31508645	15	0.004219676838445322	0.06967938607730569	2	0.06545970923886037	0.08195780556908148	0.00037382531599451717	unsupported	True	0.0002008264122845	0.0002008264122845
COX6A2	chr16:31544602-31545103	16	-0.020381593955036307	0.02556887941194322	3	0.04595047336697952	0.03147720971150371	3.698264018382579e-05	unsupported	True	0.000198598457233	0.000198598457233
COX6A2	chr16:31472786-31473287	17	-0.0020659510771727833	0.06497776326662139	2	0.06704371434379416	0.089578443923078	0.00039023510785487125	unsupported	True	0.0001660980249219	0.0001660980249219
COX6A2	chr16:31440518-31441019	18	-0.016812313339994587	0.03138769744844313	2	0.04820001078843772	0.060038338828274945	9.083124366687787e-05	unsupported	True	6.577078717427156e-05	6.577078717427156e-05
COX6A2	chr16:31427431-31427932	19	0.007640152984038295	0.07342798683277525	2	0.06578783384873696	0.08147807762876891	0.00039359355840302984	unsupported	True	2.8334393757329124e-05	2.8334393757329124e-05
ADRA2C	chr4:3871453-3871954	0	-0.022868790241393006	0.0	1	0.022868790241393006	0.024695316365455706	0.0	unsupported	True	0.0024006728323522	0.0024006728323522
ADRA2C	chr4:3880489-3880990	1	-0.021623741977195243	0.003011743576792767	4	0.02463548555398801	0.026176556078498038	1.942189613214624e-06	unsupported	True	0.0014894940810948	0.0014894940810948
ADRA2C	chr4:3748800-3749301	2	-0.01935526722676595	0.0	1	0.01935526722676595	0.022286697585217733	0.0	unsupported	True	0.0012249529164864	0.0012249529164864
ADRA2C	chr4:3783683-3784184	3	-0.0182952292767941	0.013697597175002203	4	0.031992826451796304	0.034771953362967706	1.5237934019796048e-05	unsupported	True	0.0008083853446098	0.0008083853446098
ADRA2C	chr4:3742984-3743485	4	-0.00501988320698806	0.029641836279294835	4	0.034661719486282896	0.03986386600540036	4.0957611461910985e-05	unsupported	True	0.0008035281908247	0.0008035281908247
ADRA2C	chr4:3645262-3645763	5	-0.017814617930752296	0.0	1	0.017814617930752296	0.0206282169077506	0.0	unsupported	True	0.000739730378501	0.000739730378501
ADRA2C	chr4:3782705-3783206	6	-0.02040537915338894	0.0	1	0.02040537915338894	0.024632243343637745	0.0	unsupported	True	0.0007265338238332	0.0007265338238332
ADRA2C	chr4:3656058-3656559	7	-0.011905465340770421	0.01461812005825772	4	0.02652358539902814	0.023521194987348067	9.11975428538486e-06	unsupported	True	0.0007225119667286	0.0007225119667286
ADRA2C	chr4:3658967-3659468	8	-0.020332051122315266	0.0017163027863030676	4	0.022048353908618333	0.026003075050913496	9.839992974199368e-07	unsupported	True	0.0006803093199247	0.0006803093199247
ADRA2C	chr4:3766139-3766640	9	-0.021009953642812017	0.0	1	0.021009953642812017	0.02703967399825821	0.0	unsupported	True	0.0005577926655544	0.0005577926655544
ADRA2C	chr4:3651517-3652018	10	-0.018912574375377106	0.0011845425912151558	4	0.020097116966592263	0.021411237975710477	5.097135975867204e-07	unsupported	True	0.0005524524349941	0.0005524524349941
ADRA2C	chr4:3720414-3720915	11	-0.019425270626431606	0.0	1	0.019425270626431606	0.019673922827459514	0.0	unsupported	True	0.0005366950489482	0.0005366950489482
ADRA2C	chr4:3660393-3660894	12	-0.011293966227879489	0.0	1	0.011293966227879489	0.013963812761681127	0.0	unsupported	True	0.0005079375207732	0.0005079375207732
ADRA2C	chr4:3765587-3766088	13	-0.022524889232082963	0.0	1	0.022524889232082963	0.024940093445638786	0.0	unsupported	True	0.0004370293608435	0.0004370293608435
ADRA2C	chr4:3701787-3702288	14	-0.020283717366377844	0.0	1	0.020283717366377844	0.022522292492288577	0.0	unsupported	True	0.0004224340597229	0.0004224340597229
ADRA2C	chr4:3623828-3624329	15	-0.018112038638096326	0.0	1	0.018112038638096326	0.020212432414509332	0.0	unsupported	True	0.0004180621105296	0.0004180621105296
ADRA2C	chr4:3808308-3808809	16	-0.01750523311835287	0.0	1	0.01750523311835287	0.021247852445925076	0.0	unsupported	True	0.0003808717660943	0.0003808717660943
ADRA2C	chr4:3846570-3847071	17	-0.01517663183081861	0.006029334550606845	4	0.021205966381425453	0.022960031032463232	2.9356205661115383e-06	unsupported	True	0.0003585211927314	0.0003585211927314
ADRA2C	chr4:3786191-3786692	18	-0.009884880685702554	0.012678202291143383	4	0.022563082976845936	0.01991612905934458	5.697194540731252e-06	unsupported	True	0.0003272347904951	-0.0003272347904951
ADRA2C	chr4:3658389-3658890	19	-0.01239886051351105	0.0020505488979491115	4	0.014449409411460163	0.01863084667655908	5.520174651139834e-07	unsupported	True	0.0002868637224346	-0.0002868637224346
FUT7	chr9:137138780-137139281	0	-0.0011707890374325874	0.06766082664615154	4	0.06883161568358413	0.06766082664615154	0.0003151102736189759	unsupported	True	0.0020877063981345	0.0020877063981345
FUT7	chr9:136978215-136978716	1	-0.007456060591308256	0.0	0	0.007456060591308256	0.0	0.0	unsupported	True	0.0012249066248661	0.0012249066248661
FUT7	chr9:137028068-137028569	2	-0.0019413484357447596	0.010155428202013404	4	0.012096776637758162	0.010155428202013404	1.2475735016697312e-06	unsupported	True	0.0010360918686513	-0.0010360918686513
FUT7	chr9:137045960-137046461	3	-0.0022000558082848507	0.031595904792654596	4	0.033795960600939444	0.031595904792654596	3.3738548011799406e-05	unsupported	True	0.0009708719365446	0.0009708719365446
FUT7	chr9:137162682-137163183	4	-0.0008799790919010275	0.05755713568623267	4	0.058437114778133695	0.05755713568623267	0.00019359186863763026	unsupported	True	0.0009349237607847	0.0009349237607847
FUT7	chr9:137046462-137046963	5	-0.0005702533041660547	0.009723460069782253	4	0.010293713373948308	0.009723460069782253	9.732260866969832e-07	unsupported	True	0.000878429854512	0.000878429854512
FUT7	chr9:137138037-137138538	6	-0.001723173474880212	0.06286476955482842	4	0.06458794302970863	0.06286476955482842	0.00025525021072991306	unsupported	True	0.0008381928127245	0.0008381928127245
FUT7	chr9:137140108-137140609	7	0.00465969864208605	0.055825119739200735	4	0.05116542109711469	0.055825119739200735	0.00015945416927326786	unsupported	True	0.0008175592187287	0.0008175592187287
FUT7	chr9:137168439-137168940	8	-0.00298196697720819	0.06268260187909928	4	0.06566456885630748	0.06268260187909928	0.0002580032207858991	unsupported	True	0.0007400356880304	0.0007400356880304
FUT7	chr9:137027567-137028068	9	0.0016643875082132842	0.008543817416619954	4	0.0068794299084066705	0.008543817416619954	5.021764795427756e-07	unsupported	True	0.0006848836232886	0.0006848836232886
FUT7	chr9:137118629-137119130	10	-0.004653768144896501	0.01182530485756257	4	0.01647907300245907	0.01182530485756257	2.304397891047197e-06	unsupported	True	0.0006318669256905	0.0006318669256905
FUT7	chr9:137145757-137146258	11	0.009434925424290119	0.09057001147113865	4	0.08113508604684853	0.09057001147113865	0.0006655451861864864	unsupported	True	0.0005725720668755	0.0005725720668755
FUT7	chr9:137169212-137169713	12	0.0007229369185995904	0.06649423258541227	4	0.06577129566681268	0.06649423258541227	0.0002908066635164167	unsupported	True	0.0005272353909967	0.0005272353909967
FUT7	chr9:136984972-136985473	13	-0.006774309978129166	0.0	0	0.006774309978129166	0.0	0.0	unsupported	True	0.0004660739325589	0.0004660739325589
FUT7	chr9:137070375-137070876	14	-0.0013592673709721718	0.004249300737691144	4	0.005608568108663316	0.004249300737691144	1.012714283927174e-07	unsupported	True	0.000410791336454	-0.000410791336454
FUT7	chr9:137146805-137147306	15	-0.0067970701421071885	0.01140635626560706	4	0.01820342640771425	0.01140635626560706	2.3683561239445216e-06	unsupported	True	0.0003998779053657	0.0003998779053657
FUT7	chr9:136949891-136950392	16	-0.0026128058335383366	0.019596886149733296	4	0.022209691983271634	0.019596886149733296	8.529364507552239e-06	unsupported	True	0.0003493842438285	-0.0003493842438285
FUT7	chr9:137161326-137161827	17	0.0019064366387440707	0.06908431074539018	4	0.06717787410664611	0.06908431074539018	0.0003206159428386177	unsupported	True	0.0003008298723292	0.0003008298723292
FUT7	chr9:136886153-136886654	18	-0.0037337034338467776	0.02441717648967048	4	0.02815087992351726	0.02441717648967048	1.678351260162313e-05	unsupported	True	0.0002818270006307	-0.0002818270006307
FUT7	chr9:136977121-136977622	19	-0.0008455595620455881	0.004143372861332881	4	0.004988932423378469	0.004143372861332881	8.564769029053762e-08	unsupported	True	0.0002269412908952	-0.0002269412908952
LRRC56	chr11:407064-407565	0	0.00249687877375592	0.038752402632498725	1	0.036255523858742804	0.043845656591028	6.160265022287364e-05	unsupported	True	0.0022169011974631	0.0022169011974631
LRRC56	chr11:615809-616310	1	-0.002788110601064855	0.04314637237352662	2	0.045934482974591476	0.04268686510988493	8.460136719618146e-05	unsupported	True	0.0016166667490186	-0.0016166667490186
LRRC56	chr11:537086-537587	2	-0.0028544570176002055	0.043553206219168174	1	0.04640766323676838	0.0621138358903958	0.00012554464206958508	unsupported	True	0.0012748363802822	0.0012748363802822
LRRC56	chr11:576395-576896	3	0.006157812733735051	0.05596731005604115	1	0.0498094973223061	0.052512857901637476	0.00014639028198801637	unsupported	True	0.0010528194962068	0.0010528194962068
LRRC56	chr11:414906-415407	4	-0.001729298772117163	0.058828999507016144	3	0.06055829827913331	0.07910004414149618	0.00028180055953685404	unsupported	True	0.0009193148296837	0.0009193148296837
LRRC56	chr11:560623-561124	5	0.007121709323061808	0.061585152293205575	1	0.054463442970143765	0.06525634966640693	0.0002188788954562536	unsupported	True	0.0009001041503902	0.0009001041503902
LRRC56	chr11:450045-450546	6	0.0039893830684648345	0.0662160811966339	1	0.06222669812816906	0.06558037008574451	0.00027021788783035525	unsupported	True	0.000865595766023	0.000865595766023
LRRC56	chr11:695453-695954	7	0.0029773594108642777	0.04866785199834849	1	0.04569049258748421	0.04977710787185962	0.0001106872706558954	unsupported	True	0.0007418932425981	0.0007418932425981
LRRC56	chr11:554907-555408	8	0.00518763196951609	0.06562109949274471	1	0.06043346752322862	0.06637263964888662	0.0002632146796121933	unsupported	True	0.0007223521324947	0.0007223521324947
LRRC56	chr11:575787-576288	9	0.0036050605658118923	0.0446333723929896	3	0.041028311827177706	0.04108110338609573	7.522902784743712e-05	unsupported	True	0.0007019282703267	0.0007019282703267
LRRC56	chr11:568317-568818	10	0.004467805546903079	0.04240333011143765	1	0.03793552456453457	0.039286751850049	6.319637716708661e-05	unsupported	True	0.0005578965522309	-0.0005578965522309
LRRC56	chr11:637051-637552	11	-0.0017820188480393317	0.05980476548825232	1	0.06158678433629165	0.06288835039159715	0.00023162931528634056	unsupported	True	0.0005029748415061	0.0005029748415061
LRRC56	chr11:682528-683029	12	-0.006786345289971879	0.022215998601647982	3	0.02900234389161986	0.029734089787196872	1.9158150727215938e-05	unsupported	True	0.0004150283880805	0.0004150283880805
LRRC56	chr11:447913-448414	13	0.0004018087583457276	0.03893468206931283	3	0.0385328733109671	0.04268210751103994	6.403447934842986e-05	unsupported	True	0.0003853618121813	0.0003853618121813
LRRC56	chr11:639251-639752	14	0.00970659817940135	0.06456944360146685	1	0.0548628454220655	0.049357667913568826	0.00017484773225585738	unsupported	True	0.0003300962414512	0.0003300962414512
LRRC56	chr11:694950-695451	15	0.0044166158425392645	0.05068529140289559	1	0.046268675560356326	0.050682459229027706	0.00011885752850615242	unsupported	True	0.0003037155894264	0.0003037155894264
LRRC56	chr11:397092-397593	16	0.006057941308047486	0.05565745954176453	1	0.04959951823371704	0.0431766412918498	0.00011919270969258234	unsupported	True	0.0002471703123761	0.0002471703123761
LRRC56	chr11:637829-638330	17	-0.011424574036541978	0.031776988811325686	3	0.043201562847867664	0.03773355270201156	5.1801209009714823e-05	unsupported	True	0.0002390651335354	0.0002390651335354
LRRC56	chr11:507156-507657	18	0.0016912610720588319	0.04429481421818635	3	0.04260355314612752	0.042404635865802065	8.002248681635092e-05	unsupported	True	0.0002133647374812	-0.0002133647374812
LRRC56	chr11:424439-424940	19	-0.005577990222201132	0.03015796369260144	3	0.035735953914802575	0.04559846333731707	4.9142540093509424e-05	unsupported	True	0.000171084717236	0.000171084717236
SLC35A2	chrX:48891363-48891864	0	-0.0014320387100044151	0.028174779515342467	4	0.029606818225346884	0.03159409493534424	2.6354706388881276e-05	unsupported	True	0.0026098416712038	0.0026098416712038
SLC35A2	chrX:49029602-49030103	1	-0.00165808062920364	0.0629805777017322	1	0.06463865833093584	0.08734608332386652	0.0003555841620934735	unsupported	True	0.0012864307197157	0.0012864307197157
SLC35A2	chrX:48911441-48911942	2	-0.006013263699432056	0.03448116095465509	1	0.04049442465408715	0.04335933921308405	6.0542418758757776e-05	unsupported	True	0.001049622638707	0.001049622638707
SLC35A2	chrX:48957715-48958216	3	9.866880925774378e-05	0.04816970077621271	4	0.04807103196695497	0.0483782305923841	0.00011202304520443408	unsupported	True	0.0010277009804167	0.0010277009804167
SLC35A2	chrX:48823029-48823530	4	-0.011979797577618882	0.05762389147801936	1	0.06960368905563824	0.090701223133933	0.00036378767880120705	unsupported	True	0.0010021932460598	0.0010021932460598
SLC35A2	chrX:48802257-48802758	5	-0.002335123348301005	0.032714656898014415	4	0.03504978024631542	0.03734684844182432	4.2823447628817056e-05	unsupported	True	0.0009706006681299	0.0009706006681299
SLC35A2	chrX:48971641-48972142	6	0.007922490226472121	0.024995800316508235	1	0.017073310090036112	0.01689172105450758	7.208728609345829e-06	unsupported	True	0.0008641712007274	0.0008641712007274
SLC35A2	chrX:48897041-48897542	7	-0.00862163943376941	0.04108983842255246	4	0.04971147785632187	0.05822283535525498	0.00011892809403685584	unsupported	True	0.0007134671245177	0.0007134671245177
SLC35A2	chrX:48834648-48835149	8	0.0015572213646999826	0.03559553171509802	1	0.03403831035039804	0.039748482832581346	4.815972906745656e-05	unsupported	True	0.0006555808016031	0.0006555808016031
SLC35A2	chrX:48918840-48919341	9	-0.0045680988295427475	0.03690323140490424	4	0.04147133023444698	0.05615682396305604	8.59438688790038e-05	unsupported	True	0.0006306237045247	0.0006306237045247
SLC35A2	chrX:48782218-48782719	10	0.01894615522319155	0.07590873180300926	3	0.05696257657981771	0.08238869016489285	0.00035624514930853764	unsupported	True	0.0005648302677223	-0.0005648302677223
SLC35A2	chrX:49053838-49054339	11	0.00495198562339571	0.02312750411281812	1	0.01817551848942241	0.018193694993375906	7.647799353682633e-06	unsupported	True	0.0005574061766825	-0.0005574061766825
SLC35A2	chrX:48835373-48835874	12	-0.003382251917464983	0.03212386399511864	1	0.035506115912583625	0.035873280307311156	4.091683531318462e-05	unsupported	True	0.0004929452563578	0.0004929452563578
SLC35A2	chrX:48897576-48898077	13	0.00203360423576942	0.03345540891403246	1	0.03142180467826304	0.026505773281168144	2.786364613715747e-05	unsupported	True	0.0004289055186269	0.0004289055186269
SLC35A2	chrX:49043393-49043894	14	-0.0019774944003425714	0.049840605362871104	4	0.05181809976321368	0.04835571491379621	0.00012488566763321524	unsupported	True	0.0003395097703389	0.0003395097703389
SLC35A2	chrX:48937037-48937538	15	-0.011456156542565465	0.010123473783635395	5	0.02157963032620086	0.024054569529691802	5.254981029133519e-06	unsupported	True	0.0002921129649979	-0.0002921129649979
SLC35A2	chrX:48801533-48802034	16	-0.002220976037622182	0.03920911337258555	4	0.04143008941020773	0.04139043951169448	6.72361643990205e-05	unsupported	True	0.0002850360581705	0.0002850360581705
SLC35A2	chrX:49053245-49053746	17	-0.010096344227366088	0.027046750422811048	4	0.037143094650177136	0.04450742178734956	4.4712156414223934e-05	unsupported	True	0.0002765311692296	0.0002765311692296
SLC35A2	chrX:48917087-48917588	18	-0.008305025291678227	0.03204270132258546	4	0.04034772661426368	0.04659245185112096	6.0237058501859416e-05	unsupported	True	0.0001757229996067	0.0001757229996067
SLC35A2	chrX:48910870-48911371	19	-0.0048008065642112	0.0289062825147698	1	0.033707089078981	0.044166952037308485	4.303392130190878e-05	unsupported	True	0.0001515633369379	0.0001515633369379
ATP1B4	chrX:120446490-120446991	0	0.0059279703451640365	0.10103764548157869	1	0.09510967513641465	0.1190020935563832	0.0011435693773179296	unsupported	True	0.0029924129339602	0.0029924129339602
ATP1B4	chrX:120270207-120270708	1	-0.010799991736123005	-0.00848500785948363	5	0.0023149838766393753	0.005554447671976636	0.0	unsupported	True	0.0019875886606885	0.0019875886606885
ATP1B4	chrX:120287653-120288154	2	0.0020813998137216775	0.04964586931211901	1	0.047564469498397335	0.061385420702502386	0.00014495427015501588	unsupported	True	0.0016268638177453	0.0016268638177453
ATP1B4	chrX:120485664-120486165	3	-0.010495512695845182	0.024103523542834255	2	0.03459903623867944	0.034076193067549734	2.8418137144689825e-05	unsupported	True	0.0011151727148807	0.0011151727148807
ATP1B4	chrX:120309409-120309910	4	-0.001921177766577267	0.05684872135346992	1	0.05876989912004719	0.06803473881194966	0.00022730362824425985	unsupported	True	0.0009639686731135	0.0009639686731135
ATP1B4	chrX:120244492-120244993	5	-0.020138004616287283	-0.004881767485417433	3	0.015256237130869849	0.017834876492562046	0.0	unsupported	True	0.0009333884899715	0.0009333884899715
ATP1B4	chrX:120308567-120309068	6	-0.021447782557183687	0.012331501705370954	0	0.03377928426255464	0.04030602061229385	1.6789444731888626e-05	unsupported	True	0.0008439780384207	0.0008439780384207
ATP1B4	chrX:120310477-120310978	7	-0.005783473337292674	0.028228776297292413	1	0.03401224963458509	0.03611419350096064	3.4674110649076104e-05	unsupported	True	0.0007652232367625	0.0007652232367625
ATP1B4	chrX:120469118-120469619	8	-0.010031203940835601	0.030900616631240867	1	0.04093182057207647	0.04521990685236808	5.719497455240726e-05	unsupported	True	0.0007595240275491	0.0007595240275491
ATP1B4	chrX:120475352-120475853	9	-0.012385241956458624	0.024234707719239884	1	0.03661994967569851	0.038401665785698355	3.408047138114448e-05	unsupported	True	0.0004609427764679	0.0004609427764679
ATP1B4	chrX:120311276-120311777	10	0.004154734699524683	0.10029024894683602	1	0.09613551424731134	0.11643783173257671	0.001122630074950228	unsupported	True	0.0003101649213437	0.0003101649213437
ATP1B4	chrX:120450084-120450585	11	0.0010738258738842517	0.023328940913418885	4	0.022255115039534635	0.032869769457804024	1.7065598535601558e-05	unsupported	True	0.0003008751947142	-0.0003008751947142
ATP1B4	chrX:120245026-120245527	12	-0.015126436346717533	-0.0046003696277774914	4	0.010526066718940042	0.011018001628543286	0.0	unsupported	True	0.0002563727269334	0.0002563727269334
ATP1B4	chrX:120262923-120263424	13	-0.01291226364450187	0.009363866966845677	5	0.022276130611347547	0.028832747231555364	6.014243607850627e-06	unsupported	True	0.0002399799396563	0.0002399799396563
ATP1B4	chrX:120250461-120250962	14	-0.010734490318443217	-0.002945106153595177	2	0.0077893841648480405	0.005259452536533835	0.0	unsupported	True	0.0002043568472458	0.0002043568472458
ATP1B4	chrX:120497951-120498452	15	-0.006620453555278245	0.016926665703285087	4	0.023547119258563332	0.01849348843800214	7.371027654636118e-06	unsupported	True	0.0001840605103565	0.0001840605103565
ATP1B4	chrX:120251188-120251689	16	-0.017675587338455437	-0.009906911911021086	4	0.007768675427434351	0.006419392777541139	0.0	unsupported	True	0.0001358326179322	0.0001358326179322
ATP1B4	chrX:120430096-120430597	17	0.016325028700008883	0.16197821017653422	1	0.14565318147652534	0.1645837111593786	0.0038829645175077272	unsupported	True	0.0001176712399516	-0.0001176712399516
ATP1B4	chrX:120320117-120320618	18	-0.00613860474200053	0.03948453796940327	1	0.0456231427114038	0.04739729026399945	8.538189154381435e-05	unsupported	True	8.572925941365112e-05	-8.572925941365112e-05
ATP1B4	chrX:120358703-120359204	19	-0.010466534267655208	0.021032735136013902	4	0.03149926940366911	0.03573247770475466	2.3673330707562025e-05	unsupported	True	8.567475498933209e-05	-8.567475498933209e-05
LPAR5	chr12:6607295-6607796	0	-0.015490158617863525	0.0	0	0.015490158617863525	0.0	0.0	unsupported	True	0.0019835340448895	-0.0019835340448895
LPAR5	chr12:6643498-6643999	1	-0.00319219183481598	0.0	0	0.00319219183481598	0.0	0.0	unsupported	True	0.001698252698071	0.001698252698071
LPAR5	chr12:6533299-6533800	2	-0.00791632182278577	0.0	0	0.00791632182278577	0.0	0.0	unsupported	True	0.001500551081686	0.001500551081686
LPAR5	chr12:6620303-6620804	3	-0.013940891054439464	0.0	0	0.013940891054439464	0.0	0.0	unsupported	True	0.0013055055678877	0.0013055055678877
LPAR5	chr12:6568085-6568586	4	-0.01777387650586534	0.0	0	0.01777387650586534	0.0	0.0	unsupported	True	0.0011360272295223	0.0011360272295223
LPAR5	chr12:6647213-6647714	5	-0.00613974374021783	0.0	0	0.00613974374021783	0.0	0.0	unsupported	True	0.0009192231903114	0.0009192231903114
LPAR5	chr12:6554013-6554514	6	-0.013369595395768404	0.0	0	0.013369595395768404	0.0	0.0	unsupported	True	0.0008032030615802	0.0008032030615802
LPAR5	chr12:6470524-6471025	7	-0.016110669766762644	0.0	0	0.016110669766762644	0.0	0.0	unsupported	True	0.0006906890369938	0.0006906890369938
LPAR5	chr12:6735615-6736116	8	-0.013550403228912919	0.0	0	0.013550403228912919	0.0	0.0	unsupported	True	0.0006389041577915	-0.0006389041577915
LPAR5	chr12:6612852-6613353	9	-0.004793670934229838	0.0	0	0.004793670934229838	0.0	0.0	unsupported	True	0.000538705135543	0.000538705135543
LPAR5	chr12:6723803-6724304	10	-0.01893842171564353	0.0	0	0.01893842171564353	0.0	0.0	unsupported	True	0.0004412121738353	-0.0004412121738353
LPAR5	chr12:6663039-6663540	11	-0.018573498968195934	0.0	0	0.018573498968195934	0.0	0.0	unsupported	True	0.0004244101175377	0.0004244101175377
LPAR5	chr12:6613714-6614215	12	-0.00926372653196282	0.0	0	0.00926372653196282	0.0	0.0	unsupported	True	0.000413056910983	0.000413056910983
LPAR5	chr12:6555868-6556369	13	-0.018743122687841143	0.0	0	0.018743122687841143	0.0	0.0	unsupported	True	0.0003277765121441	0.0003277765121441
LPAR5	chr12:6766664-6767165	14	-0.011073659518565059	0.0	0	0.011073659518565059	0.0	0.0	unsupported	True	0.0003261127760701	0.0003261127760701
LPAR5	chr12:6778870-6779371	15	-0.013400142540314084	0.0	0	0.013400142540314084	0.0	0.0	unsupported	True	0.0003197867274577	0.0003197867274577
LPAR5	chr12:6700566-6701067	16	-0.01775769084180864	0.0	0	0.01775769084180864	0.0	0.0	unsupported	True	0.0003142332151446	-0.0003142332151446
LPAR5	chr12:6764233-6764734	17	-0.01961811154712153	0.0	0	0.01961811154712153	0.0	0.0	unsupported	True	0.0002750519131965	0.0002750519131965
LPAR5	chr12:6753444-6753945	18	-0.010929671391412276	0.0	0	0.010929671391412276	0.0	0.0	unsupported	True	0.0001627151715155	0.0001627151715155
LPAR5	chr12:6617652-6618153	19	-0.0102750920279885	0.0	0	0.0102750920279885	0.0	0.0	unsupported	True	0.0001480151992235	-0.0001480151992235
KCNV2	chr9:2658723-2659224	0	-0.011207434467202976	0.0	0	0.011207434467202976	0.0	0.0	unsupported	True	0.002501305888729	0.002501305888729
KCNV2	chr9:2788875-2789376	1	-0.007783268015692402	0.0	0	0.007783268015692402	0.0	0.0	unsupported	True	0.0020722334249968	0.0020722334249968
KCNV2	chr9:2837786-2838287	2	-0.005400505100527163	0.0	0	0.005400505100527163	0.0	0.0	unsupported	True	0.0015038461487284	0.0015038461487284
KCNV2	chr9:2632737-2633238	3	0.0050786850604825455	0.04108145690000025	3	0.03600277183951771	0.04108145690000025	6.076137763198513e-05	unsupported	True	0.0010787289708787	-0.0010787289708787
KCNV2	chr9:2728113-2728614	4	-0.007532042193414416	0.0	0	0.007532042193414416	0.0	0.0	unsupported	True	0.0009512961747747	-0.0009512961747747
KCNV2	chr9:2570704-2571205	5	-0.009003372561619653	0.0	0	0.009003372561619653	0.0	0.0	unsupported	True	0.0008801766308245	0.0008801766308245
KCNV2	chr9:2824529-2825030	6	-0.004812355178129117	0.0	0	0.004812355178129117	0.0	0.0	unsupported	True	0.0007682583921077	0.0007682583921077
KCNV2	chr9:2868815-2869316	7	-0.006033786746958604	0.0	0	0.006033786746958604	0.0	0.0	unsupported	True	0.0006542737098189	0.0006542737098189
KCNV2	chr9:2859736-2860237	8	-0.0020443680669411032	0.006082710882870611	3	0.008127078949811715	0.006082710882870611	3.0069681477411185e-07	unsupported	True	0.0005817254915599	-0.0005817254915599
KCNV2	chr9:2621754-2622255	9	-0.007108817613251781	0.0	0	0.007108817613251781	0.0	0.0	unsupported	True	0.0005355583751062	-0.0005355583751062
KCNV2	chr9:2623384-2623885	10	-0.0015795076795879026	0.004805656679066385	3	0.006385164358654287	0.004805656679066385	1.474611318614043e-07	unsupported	True	0.0004746698107222	0.0004746698107222
KCNV2	chr9:2674625-2675126	11	-0.004157589679831908	0.0	0	0.004157589679831908	0.0	0.0	unsupported	True	0.0004514877634145	0.0004514877634145
KCNV2	chr9:2613682-2614183	12	-0.00849230141241903	0.0	0	0.00849230141241903	0.0	0.0	unsupported	True	0.000406931972259	-0.000406931972259
KCNV2	chr9:2709605-2710106	13	-0.008992726781246699	0.0	0	0.008992726781246699	0.0	0.0	unsupported	True	0.0003598697942172	0.0003598697942172
KCNV2	chr9:2696498-2696999	14	-0.0061661298295812295	0.0	0	0.0061661298295812295	0.0	0.0	unsupported	True	0.0002617137687001	0.0002617137687001
KCNV2	chr9:2622628-2623129	15	-0.0032227247677671404	0.0	0	0.0032227247677671404	0.0	0.0	unsupported	True	0.0002602965620654	0.0002602965620654
KCNV2	chr9:2843891-2844392	16	-0.009483789561529536	0.0	0	0.009483789561529536	0.0	0.0	unsupported	True	0.0002336710837279	-0.0002336710837279
KCNV2	chr9:2806371-2806872	17	-0.007550671678808534	0.0	0	0.007550671678808534	0.0	0.0	unsupported	True	0.0001835703501765	0.0001835703501765
KCNV2	chr9:2872536-2873037	18	-0.01096441649025458	0.0	0	0.01096441649025458	0.0	0.0	unsupported	True	0.0001013986990277	0.0001013986990277
KCNV2	chr9:2701153-2701654	19	0.0038091304937254186	0.013383075835828817	3	0.009573945342103398	0.013383075835828817	1.7147579364583992e-06	unsupported	True	9.800880343635246e-05	-9.800880343635246e-05
CEP72	chr5:777408-777909	0	-0.004298413756566949	0.018605751672416404	2	0.022904165428983353	0.016040677684193927	6.83572219092591e-06	unsupported	True	0.0033147682174747	0.0033147682174747
CEP72	chr5:784545-785046	1	-0.00025374103592398897	0.009713202549361106	0	0.009966943585285095	0.010153912809042393	9.830098624242262e-07	unsupported	True	0.0020895711651827	0.0020895711651827
CEP72	chr5:523926-524427	2	-0.01667140557760059	0.011391326098330162	0	0.02806273167593075	0.032652594689507757	1.04381113592776e-05	unsupported	True	0.0014218451426917	0.0014218451426917
CEP72	chr5:693198-693699	3	-0.007559886244332286	0.011243679859208516	3	0.0188035661035408	0.014687733312579802	3.1052993402264397e-06	unsupported	True	0.001307935862024	0.001307935862024
CEP72	chr5:472865-473366	4	-0.0017401706661274675	0.01301716951115503	3	0.014757340177282498	0.02027164008584589	3.894157706577725e-06	unsupported	True	0.0009386884865243	-0.0009386884865243
CEP72	chr5:473394-473895	5	-0.0047954588412463285	0.013328202475889466	1	0.018123661317135796	0.026698117186824008	6.4490857934724625e-06	unsupported	True	0.0007551076731515	0.0007551076731515
CEP72	chr5:588936-589437	6	-0.002132896781336085	0.040157200069066326	0	0.042290096850402414	0.06698978608897005	0.00011376553017723029	unsupported	True	0.0006304847353031	0.0006304847353031
CEP72	chr5:626800-627301	7	0.007070207480542441	0.036987983805458674	2	0.029917776324916233	0.05734809090380415	6.346129567018268e-05	unsupported	True	0.0005502683831138	0.0005502683831138
CEP72	chr5:501500-502001	8	-0.006524706602004377	0.011885296140602748	1	0.018410002742607123	0.018077681615503813	3.9555474067266694e-06	unsupported	True	0.0004699878837211	0.0004699878837211
CEP72	chr5:683660-684161	9	-0.005546791116551665	0.05629385702421338	3	0.061840648140765044	0.0589681592755099	0.00020528282220082946	unsupported	True	0.0003858438537857	0.0003858438537857
CEP72	chr5:635147-635648	10	-0.00304057338512139	0.03012586050584483	4	0.03316643389096622	0.04556966631750631	4.5531723230443254e-05	unsupported	True	0.0003763211373864	0.0003763211373864
CEP72	chr5:612015-612516	11	-0.0008276322633260753	0.009119067219804084	3	0.009946699483130159	0.010312165418849278	9.353610580875865e-07	unsupported	True	0.0003562823575089	-0.0003562823575089
CEP72	chr5:783076-783577	12	-0.00011744287462286669	0.025569411009446937	3	0.025686853884069803	0.02958475612496112	1.9431200502803e-05	unsupported	True	0.0002992996783814	-0.0002992996783814
CEP72	chr5:539048-539549	13	-0.003378102861667601	0.03270643544301084	3	0.03608453830467844	0.0291641054357593	3.4419378735057385e-05	unsupported	True	0.0002972207993982	0.0002972207993982
CEP72	chr5:757975-758476	14	-0.008688831163110346	0.06271366353712635	3	0.07140249470023668	0.08203883834773025	0.00036736270102851365	unsupported	True	0.0002579972016817	-0.0002579972016817
CEP72	chr5:672683-673184	15	-0.0029345262359978604	0.05428703385593775	3	0.05722156009193561	0.05575019272452077	0.00017318177260481404	unsupported	True	0.0002571088364139	-0.0002571088364139
CEP72	chr5:671544-672045	16	-0.006209660857853055	0.058250262574468754	3	0.0644599234323218	0.07516900397156523	0.00028224513728384323	unsupported	True	0.0002004012480001	0.0002004012480001
CEP72	chr5:699915-700416	17	0.007753843674849686	0.06035766664317846	2	0.05260382296832877	0.07212923660813438	0.00022901350070194307	unsupported	True	0.0001509508606606	0.0001509508606606
CEP72	chr5:536058-536559	18	-0.0016674156239837171	0.039437834568109474	4	0.04110525019209319	0.04509528714401052	7.310406274820043e-05	unsupported	True	0.0001497495604695	0.0001497495604695
CEP72	chr5:532629-533130	19	-0.01093596680191831	0.044018643489331655	3	0.05495461029124996	0.05431061081734591	0.00013137885559673916	unsupported	True	0.0001466884134459	0.0001466884134459
ZNF773	chr19:57410862-57411363	0	-0.008584270590418514	0.06946269898070692	4	0.07804696957112543	0.09712060823595262	0.0005265251157468624	unsupported	True	0.0040873590632862	0.0040873590632862
ZNF773	chr19:57613929-57614430	1	-0.013476308645432098	0.03916987311665366	4	0.052646181762085756	0.07824644831921834	0.00016135546424316855	unsupported	True	0.0021733674205441	0.0021733674205441
ZNF773	chr19:57435012-57435513	2	-0.010604704805718982	0.06192964719182755	4	0.07253435199754653	0.09389811252650543	0.0004217928406141883	unsupported	True	0.0012244768487915	0.0012244768487915
ZNF773	chr19:57578758-57579259	3	-0.015149175171398707	0.03547132401826567	4	0.05062049918966438	0.07295495796839757	0.00013099618100004013	unsupported	True	0.0008782519171983	-0.0008782519171983
ZNF773	chr19:57559614-57560115	4	-0.009589983330363972	0.04542173039329156	4	0.05501171372365553	0.07921380298418765	0.00019793368644735674	unsupported	True	0.0008723762355265	0.0008723762355265
ZNF773	chr19:57527043-57527544	5	-0.008703623664436668	0.08083530951909224	4	0.0895389331835289	0.12074322243416222	0.0008739282604876287	unsupported	True	0.0006762220976395	0.0006762220976395
ZNF773	chr19:57499606-57500107	6	-0.006421760351286	0.05889674681452301	4	0.06531850716580902	0.09130944938404627	0.0003512717961787717	unsupported	True	0.0006533049321314	0.0006533049321314
ZNF773	chr19:57411414-57411915	7	-0.012467479662274605	0.02195705854320919	4	0.034424538205483794	0.04915575859034203	3.715495037175553e-05	unsupported	True	0.0005988155462101	0.0005988155462101
ZNF773	chr19:57363158-57363659	8	-0.00758821852503971	0.05932531989819971	4	0.06691353842323942	0.0910919936561739	0.0003616048877833938	unsupported	True	0.0005658583985172	0.0005658583985172
ZNF773	chr19:57396288-57396789	9	-0.02898275770917376	-0.01833461418050585	4	0.01064814352866791	0.012116319848098182	0.0	unsupported	True	0.000376480712085	-0.000376480712085
ZNF773	chr19:57664305-57664806	10	-0.016872093623592915	0.03299543636287757	4	0.04986752998647048	0.06848480500764287	0.00011268496063432366	unsupported	True	0.0003172112314614	0.0003172112314614
ZNF773	chr19:57487440-57487941	11	-0.010647898728286004	0.04820427384054293	4	0.05885217256882894	0.0701906917905877	0.00019912581552828054	unsupported	True	0.0002954025855108	0.0002954025855108
ZNF773	chr19:57477368-57477869	12	-0.009684132475577327	0.040096713405767904	4	0.04978084588134523	0.05434062378171289	0.00010846651028562448	unsupported	True	0.0002866577088034	0.0002866577088034
ZNF773	chr19:57557721-57558222	13	-8.42922624997366e-05	0.07227595460671712	4	0.07236024686921685	0.08544179915251643	0.0004468525710366161	unsupported	True	0.0002608602568414	-0.0002608602568414
ZNF773	chr19:57648052-57648553	14	0.020625021094447096	0.088048711715159	2	0.0674236906207119	0.09584042260601736	0.0005689632912046784	unsupported	True	0.0002201555005977	-0.0002201555005977
ZNF773	chr19:57583791-57584292	15	-0.012054938054145696	0.0663532528188208	4	0.0784081908729665	0.10408468640475696	0.0005415149980051081	unsupported	True	0.0001917985877991	-0.0001917985877991
ZNF773	chr19:57599586-57600087	16	-0.0056546744451383595	0.06233585494075825	4	0.06799052938589661	0.09922238726725982	0.0004205290622784458	unsupported	True	0.0001757756240588	0.0001757756240588
ZNF773	chr19:57389523-57390024	17	-0.011167785917913732	0.06410396397876232	4	0.07527174989667605	0.10094777003823359	0.0004870949510156502	unsupported	True	0.0001728186969115	0.0001728186969115
ZNF773	chr19:57350948-57351449	18	-0.006952805444938069	0.07494961873694164	4	0.08190242418187971	0.1029007143252571	0.00063166174238311	unsupported	True	0.0001717727940642	0.0001717727940642
ZNF773	chr19:57560182-57560683	19	-0.012572329243512311	0.06103117259098161	4	0.07360350183449392	0.09454877074104763	0.00042472329168265893	unsupported	True	0.0001560334652681	-0.0001560334652681
C3orf49	chr3:63814197-63814698	0	-0.020457479255720973	0.0	0	0.020457479255720973	0.02438607243623837	0.0	unsupported	True	0.0018915997746119	0.0018915997746119
C3orf49	chr3:63786364-63786865	1	-0.014509235176309742	0.01599647314780198	4	0.030505708324111723	0.029796311472741782	1.4540115631686172e-05	unsupported	True	0.0012651904468241	0.0012651904468241
C3orf49	chr3:63818473-63818974	2	-0.02412399340527107	0.024959429255853954	4	0.049083422661125024	0.049226133881533476	6.030665187193643e-05	unsupported	True	0.0011826678551009	0.0011826678551009
C3orf49	chr3:63961760-63962261	3	-0.01782296646044557	0.039941502725387656	4	0.05776446918583322	0.0710349090130948	0.00016389172100723243	unsupported	True	0.0011393043945069	0.0011393043945069
C3orf49	chr3:63912358-63912859	4	-0.016795676469341297	0.04039753586816006	4	0.05719321233750136	0.06964150482289455	0.00016090424877290895	unsupported	True	0.0010497636813907	-0.0010497636813907
C3orf49	chr3:63687775-63688276	5	-0.020308748657475603	0.022240841248082777	4	0.04254958990555838	0.04926957632421549	4.662570554003703e-05	unsupported	True	0.0010090846296693	-0.0010090846296693
C3orf49	chr3:63911797-63912298	6	-0.00783723049071481	0.04785600660689677	4	0.05569323709761158	0.08079489726160177	0.0002153390784344868	unsupported	True	0.0009593664244404	-0.0009593664244404
C3orf49	chr3:63863590-63864091	7	-0.023853532561744394	0.03119589660987752	4	0.055049429171621915	0.0639230978771639	0.00010977617798660633	unsupported	True	0.000722227036576	0.000722227036576
C3orf49	chr3:63830331-63830832	8	-0.019199715246061295	0.0	0	0.019199715246061295	0.012927030388724956	0.0	unsupported	True	0.0006991937655522	0.0006991937655522
C3orf49	chr3:63967763-63968264	9	-0.005495019943902364	0.04443481815420033	4	0.04992983809810269	0.06618037403071772	0.00014682931826261937	unsupported	True	0.0006959301930704	-0.0006959301930704
C3orf49	chr3:63975716-63976217	10	0.000363168752080968	0.056597316244878446	4	0.056234147492797475	0.07699252372903076	0.0002450442461233558	unsupported	True	0.0006718625012795	-0.0006718625012795
C3orf49	chr3:63864104-63864605	11	-0.01126103580251477	0.04228711637430273	4	0.0535481521768175	0.07066025962510786	0.000160002875867599	unsupported	True	0.0005593703523547	-0.0005593703523547
C3orf49	chr3:63800055-63800556	12	-0.019830819224024764	0.0	0	0.019830819224024764	0.023378854733337322	0.0	unsupported	True	0.0004008981517475	0.0004008981517475
C3orf49	chr3:63970875-63971376	13	0.004918994314010416	0.05941636099072161	4	0.05449736667671119	0.08063941972422492	0.0002611132805025481	unsupported	True	0.0003951017025544	-0.0003951017025544
C3orf49	chr3:63742034-63742535	14	-0.012212301502638408	0.0	0	0.012212301502638408	0.015953981120252543	0.0	unsupported	True	0.0003638891767284	0.0003638891767284
C3orf49	chr3:63787384-63787885	15	-0.018418322766705613	0.0	0	0.018418322766705613	0.02854922745171611	0.0	unsupported	True	0.0003631132580649	0.0003631132580649
C3orf49	chr3:63687266-63687767	16	-0.007425617293847211	0.04226953139579024	4	0.04969514868963745	0.06605308300348028	0.00013875048841250167	unsupported	True	0.0002722458690952	-0.0002722458690952
C3orf49	chr3:63993533-63994034	17	-0.02167957353085596	0.039146511563706916	4	0.06082608509456287	0.06648994898691239	0.00015832114863552043	unsupported	True	0.0002443757200905	0.0002443757200905
C3orf49	chr3:63878578-63879079	18	0.00115040560464588	0.05649950954713327	4	0.05534910394248739	0.08064044534598155	0.00025217857703966473	unsupported	True	0.0002349851140703	-0.0002349851140703
C3orf49	chr3:63785818-63786319	19	-0.017108060914209845	0.011718830056851884	4	0.02882689097106173	0.023841622811711077	8.054115896849253e-06	unsupported	True	0.0002332687165037	0.0002332687165037
TSPAN16	chr19:11243256-11243757	0	0.002931409358603484	0.03950197768918078	0	0.0365705683305773	0.03950197768918078	5.7064943072988505e-05	unsupported	True	0.0014397303538136	-0.0014397303538136
TSPAN16	chr19:11264429-11264930	1	-0.018330818644343858	0.0	1	0.018330818644343858	0.02249794785599769	0.0	unsupported	True	0.0014329062903996	0.0014329062903996
TSPAN16	chr19:11355132-11355633	2	0.009650682338652879	0.033630982406770524	0	0.023980300068117646	0.033630982406770524	2.7122749993852594e-05	unsupported	True	0.0012311064030352	0.0012311064030352
TSPAN16	chr19:11373477-11373978	3	-0.001923639977680601	0.06232983610977642	0	0.06425347608745702	0.06522246718274413	0.00026121002195190807	unsupported	True	0.0011656288391423	0.0011656288391423
TSPAN16	chr19:11435030-11435531	4	0.009634965965138659	0.03877836182084429	0	0.029143395855705634	0.03877836182084429	4.382471216465734e-05	unsupported	True	0.0010348423742586	0.0010348423742586
TSPAN16	chr19:11374779-11375280	5	0.006547573408819466	0.04032541048884583	0	0.033777837080026366	0.04032541048884583	5.492744912841114e-05	unsupported	True	0.0009254147989765	0.0009254147989765
TSPAN16	chr19:11155682-11156183	6	0.008703806702290214	0.04112320039105839	0	0.03241939368876818	0.04112320039105839	5.482500758566845e-05	unsupported	True	0.0009175980583559	0.0009175980583559
TSPAN16	chr19:11197333-11197834	7	-0.007458510099657497	0.0472820065127315	0	0.054740516612389	0.0472820065127315	0.00012237724970901265	unsupported	True	0.0008296739591821	-0.0008296739591821
TSPAN16	chr19:11324327-11324828	8	-0.007809136589701964	0.0322281976212732	3	0.04003733421097516	0.0322281976212732	4.158504630582036e-05	unsupported	True	0.0008237812284254	-0.0008237812284254
TSPAN16	chr19:11381032-11381533	9	0.012647746815103533	0.03782356184847362	0	0.02517581503337009	0.03782356184847362	3.601707059757333e-05	unsupported	True	0.0007752430996875	0.0007752430996875
TSPAN16	chr19:11421974-11422475	10	-0.004145146062325829	0.044537038874555575	2	0.0486821849368814	0.044537038874555575	9.65634423746352e-05	unsupported	True	0.000697358911702	-0.000697358911702
TSPAN16	chr19:11306258-11306759	11	0.01244165850126556	0.019243955727933755	2	0.006802297226668195	0.019243955727933755	2.519093589565219e-06	unsupported	True	0.0006376283510924	0.0006376283510924
TSPAN16	chr19:11420463-11420964	12	-0.018730198797007287	0.030014953723794213	0	0.0487451525208015	0.030014953723794213	4.3914383461639e-05	unsupported	True	0.0004445165668585	-0.0004445165668585
TSPAN16	chr19:11268813-11269314	13	-0.010922833074555662	0.002072952682151751	0	0.012995785756707413	0.0023681773819456877	6.379786729971892e-08	unsupported	True	0.0004415194514226	0.0004415194514226
TSPAN16	chr19:11450534-11451035	14	0.004226614487636862	0.04838416707887961	2	0.044157552591242745	0.05139628930732982	0.00010980952908891093	unsupported	True	0.0003507238194089	0.0003507238194089
TSPAN16	chr19:11165017-11165518	15	-0.017067096634456914	0.0447845929022081	0	0.06185168953666501	0.047795504565942275	0.0001323936784263557	unsupported	True	0.0002924191471941	-0.0002924191471941
TSPAN16	chr19:11262234-11262735	16	-0.015570384022479353	0.04361507556884088	0	0.05918545959132023	0.04361507556884088	0.00011258700930578288	unsupported	True	0.0002651331670166	0.0002651331670166
TSPAN16	chr19:11457044-11457545	17	-0.009357203603954417	0.051644541723050996	0	0.06100174532700541	0.0722604073581066	0.00022764970629495288	unsupported	True	0.0002550783529214	0.0002550783529214
TSPAN16	chr19:11365329-11365830	18	-0.007481170255558504	0.007175936814712013	3	0.014657107070270518	0.009978649878564045	1.0495391690301958e-06	unsupported	True	0.0002007365009062	0.0002007365009062
TSPAN16	chr19:11203793-11204294	19	-0.023516654115970956	0.006109600558145261	0	0.02962625467411622	0.006109600558145261	1.1058656957806178e-06	unsupported	True	0.0001916844077245	-0.0001916844077245
HGH1	chr8:144094716-144095217	0	-0.0011014842312937645	0.07193113974933162	5	0.07303262398062538	0.08134423736440408	0.00042732729941715694	unsupported	True	0.0013887771117739	-0.0013887771117739
HGH1	chr8:144147648-144148149	1	0.0031649071002268227	0.0711844524516065	5	0.06801954535137968	0.08679854290701716	0.0004202728240239729	unsupported	True	0.0013801379210401	-0.0013801379210401
HGH1	chr8:144137582-144138083	2	-0.0005137154955786396	0.06642175384558369	5	0.06693546934116233	0.08664719010123821	0.0003852309176532027	unsupported	True	0.0011453311468499	-0.0011453311468499
HGH1	chr8:144272910-144273411	3	0.004271251686640918	0.06917906574502562	2	0.06490781405838471	0.07967050111736955	0.00035774141859820494	unsupported	True	0.0011316626609587	0.0011316626609587
HGH1	chr8:144019663-144020164	4	0.002571240351682277	0.0451921928814648	4	0.04262095252978253	0.05819479804406022	0.00011209099703172758	unsupported	True	0.0010749533925628	0.0010749533925628
HGH1	chr8:144104647-144105148	5	0.0024028692055189024	0.07032575364197989	5	0.067922884436461	0.09776152195263184	0.000466980202902861	unsupported	True	0.0009080126382713	0.0009080126382713
HGH1	chr8:144082344-144082845	6	-0.0010648899995277833	0.0822666512709051	5	0.08333154127043288	0.09388870815411837	0.0006436452926006912	unsupported	True	0.0008360614488684	-0.0008360614488684
HGH1	chr8:144104087-144104588	7	0.0022773364767119404	0.07350012345233745	5	0.07122278697562551	0.09149475546664708	0.0004789643981106885	unsupported	True	0.0007165462264295	-0.0007165462264295
HGH1	chr8:144049106-144049607	8	0.002672712942972541	0.03185819715022112	3	0.029185484207248577	0.014270361849103814	1.3268538349012983e-05	unsupported	True	0.0006118559966811	0.0006118559966811
HGH1	chr8:143995580-143996081	9	-0.008033666847507047	0.030898868124867432	2	0.03893253497237448	0.04945275390685755	5.949024186958944e-05	unsupported	True	0.0005738455143715	0.0005738455143715
HGH1	chr8:144274751-144275252	10	0.002918429221881152	0.0747272674693066	2	0.07180883824742544	0.08807071733308657	0.000472594361832896	unsupported	True	0.0005707956433806	0.0005707956433806
HGH1	chr8:144050291-144050792	11	-4.023612457343931e-05	0.03471291685320237	4	0.034753152977775814	0.04399765226925449	5.307803336379573e-05	unsupported	True	0.0005541303897498	0.0005541303897498
HGH1	chr8:144266165-144266666	12	-0.006809414147756106	0.051834044461525196	2	0.0586434586092813	0.07698598966055989	0.00023401644073563972	unsupported	True	0.0005377306546615	0.0005377306546615
HGH1	chr8:143989783-143990284	13	-0.0004926402744722505	0.06639227744521958	5	0.06688491771969184	0.07838273621458314	0.0003480696716182375	unsupported	True	0.0005308852942603	-0.0005308852942603
HGH1	chr8:144078373-144078874	14	-0.0021216026481298937	0.08588356732453467	5	0.08800516997266457	0.10145188926384364	0.000766793460468906	unsupported	True	0.000520749104792	-0.000520749104792
HGH1	chr8:144060529-144061030	15	0.005633133039588601	0.05779978486557863	4	0.05216665182599003	0.06157933396233424	0.0001856753164903268	unsupported	True	0.0004873640930876	0.0004873640930876
HGH1	chr8:144008290-144008791	16	-0.005692185545063301	0.012976665229785125	4	0.018668850774848426	0.023257745264665328	5.634408034850722e-06	unsupported	True	0.0003610691711912	0.0003610691711912
HGH1	chr8:144256638-144257139	17	0.006058074620565907	0.08549351665984697	2	0.07943544203928107	0.1039421152024289	0.0007058932817640578	unsupported	True	0.0003563368348987	0.0003563368348987
HGH1	chr8:144270290-144270791	18	0.004280709073146318	0.07261907497060528	2	0.06833836589745897	0.08210844833707273	0.0004074770443424851	unsupported	True	0.0003465416191005	0.0003465416191005
HGH1	chr8:144233489-144233990	19	-0.0038829169938110145	0.08279221496848231	5	0.08667513196229333	0.09805930176197522	0.000703676114463829	unsupported	True	0.0003199093100382	-0.0003199093100382
PHAX	chr5:126776796-126777297	0	-0.009518417771251531	0.03730858751758959	1	0.04682700528884112	0.05181077628556313	9.05159869187744e-05	unsupported	True	0.0026628558110229	-0.0026628558110229
PHAX	chr5:126516148-126516649	1	-0.006723324524633385	0.0395013229537883	0	0.046224647478421685	0.05066684089596101	9.25143443738069e-05	unsupported	True	0.0015079286087462	-0.0015079286087462
PHAX	chr5:126520125-126520626	2	0.0018061538630709782	0.050436518056840476	4	0.048630364193769496	0.04762190811624761	0.0001168044561580323	unsupported	True	0.0014462836557494	0.0014462836557494
PHAX	chr5:126680028-126680529	3	0.012590226318778297	0.05877932560467836	0	0.046189099285900065	0.06798627437696106	0.0001845802946553786	unsupported	True	0.0011195945984469	-0.0011195945984469
PHAX	chr5:126477536-126478037	4	-0.0336713213561516	-0.005950708937445135	2	0.027720612418706464	0.015537371929422696	0.0	unsupported	True	0.0011017206580582	0.0011017206580582
PHAX	chr5:126600654-126601155	5	0.0015507651710695324	0.06197268189592071	1	0.06042191672485118	0.06854198196649502	0.0002566560152129054	unsupported	True	0.0007637002670693	0.0007637002670693
PHAX	chr5:126595058-126595559	6	-0.019726002146209023	0.022755324532992987	1	0.042481326679202014	0.0472483638823238	4.567387713082449e-05	unsupported	True	0.0006628197962624	0.0006628197962624
PHAX	chr5:126515299-126515800	7	-0.008393750714606267	0.029767057801368166	2	0.038160808515974434	0.043710677195252	4.965248778690552e-05	unsupported	True	0.000635003346629	-0.000635003346629
PHAX	chr5:126640260-126640761	8	-0.008222401474921918	0.021397208016204636	0	0.029619609491126554	0.04028259057168904	2.553017721500721e-05	unsupported	True	0.0005930613209783	0.0005930613209783
PHAX	chr5:126503749-126504250	9	-0.01177117552434078	0.02084520159051904	5	0.03261637711485982	0.031849364561379476	2.1654222320642872e-05	unsupported	True	0.0005370279905608	0.0005370279905608
PHAX	chr5:126647048-126647549	10	0.016457755862287853	0.06503698401498806	0	0.0485792281527002	0.06891584182153425	0.00021773591419198274	unsupported	True	0.0004766726851198	-0.0004766726851198
PHAX	chr5:126508942-126509443	11	-0.011063397322048491	0.056932063414372326	0	0.06799546073642082	0.08197681370492235	0.00031734223739365066	unsupported	True	0.0004493702721676	-0.0004493702721676
PHAX	chr5:126539044-126539545	12	-0.0326856655296586	0.0076917531683268715	2	0.040377418697985466	0.03526914281276106	1.0953648364951097e-05	unsupported	True	0.0004454701471276	-0.0004454701471276
PHAX	chr5:126675996-126676497	13	-0.013542033450294554	0.019440690385817316	1	0.032982723836111866	0.03115691143017414	1.9978027282738423e-05	unsupported	True	0.0004445150652742	0.0004445150652742
PHAX	chr5:126716606-126717107	14	0.014865679496954352	0.07233161402228311	0	0.057465934525328756	0.09128943260461853	0.0003794540020548478	unsupported	True	0.0003776045546199	0.0003776045546199
PHAX	chr5:126751786-126752287	15	0.0012317158182056879	0.03366003719522153	2	0.032428321377015845	0.024536496330680828	2.6782530491542244e-05	unsupported	True	0.0003071235714218	-0.0003071235714218
PHAX	chr5:126540126-126540627	16	-0.006740410469770854	0.06063709141492688	4	0.06737750188469774	0.07282468759660429	0.00029753077699727723	unsupported	True	0.0002437634480747	0.0002437634480747
PHAX	chr5:126656339-126656840	17	0.007534424196149644	0.0504196851147246	1	0.042885260918574954	0.052048810755020096	0.00011254313189114367	unsupported	True	0.0002339952650817	0.0002339952650817
PHAX	chr5:126482545-126483046	18	-0.022161502422398532	0.05205585887094463	0	0.07421736129334316	0.07004753427645855	0.00027062504019659435	unsupported	True	0.0001774715682187	0.0001774715682187
PHAX	chr5:126454072-126454573	19	-0.027762276304198488	0.034768659634368856	2	0.06253093593856734	0.06712533812339047	0.00014593832721714688	unsupported	True	0.0001617387336459	-0.0001617387336459
HSD11B2	chr16:67399856-67400357	0	0.005222474700517456	0.10606954250371751	5	0.10084706780320006	0.10786833806860098	0.0011538462915739952	unsupported	True	0.0015665801199713	0.0015665801199713
HSD11B2	chr16:67430382-67430883	1	-0.00966508991913924	0.03093505904073545	5	0.04060014895987469	0.043938630467528994	5.518551405672685e-05	unsupported	True	0.0015658807128961	0.0015658807128961
HSD11B2	chr16:67528524-67529025	2	0.003781685948140076	0.06543323802738539	5	0.06165155207924532	0.08713654429844525	0.00035151410731613713	unsupported	True	0.0014007229084259	0.0014007229084259
HSD11B2	chr16:67356396-67356897	3	-0.006906511070492724	0.13161071374445302	5	0.13851722481494574	0.152388377263458	0.002778093578981797	unsupported	True	0.0010634815710147	-0.0010634815710147
HSD11B2	chr16:67393306-67393807	4	0.007905960276212157	0.05075860876688646	3	0.0428526484906743	0.05894547846867111	0.00012821471633409198	unsupported	True	0.0009547740590193	0.0009547740590193
HSD11B2	chr16:67537219-67537720	5	8.859733648566867e-05	0.023823035387964285	5	0.023734438051478617	0.033279576785634465	1.8817149884830777e-05	unsupported	True	0.0008877810142376	-0.0008877810142376
HSD11B2	chr16:67529034-67529535	6	0.0042240682532592	0.10390989310653745	5	0.09968582485327825	0.13086923247507246	0.001355588451091704	unsupported	True	0.0007872554633434	0.0007872554633434
HSD11B2	chr16:67423778-67424279	7	-0.003668122889239645	0.034943564326675294	3	0.03861168721591494	0.033789745836407564	4.559013796359106e-05	unsupported	True	0.0007135554672574	0.0007135554672574
HSD11B2	chr16:67396219-67396720	8	0.00987353713300762	0.06773612853828401	5	0.05786259140527639	0.0786507516360446	0.00030826280656798976	unsupported	True	0.0006448358049848	0.0006448358049848
HSD11B2	chr16:67481026-67481527	9	-0.007878462800438042	0.046510469110601825	5	0.05438893191103987	0.06611197632241234	0.0001672404741165552	unsupported	True	0.0006124602975461	-0.0006124602975461
HSD11B2	chr16:67441123-67441624	10	-0.0036678767774703156	0.034871769382387355	1	0.03853964615985767	0.03871027416220923	5.202450468539866e-05	unsupported	True	0.0006007169642294	0.0006007169642294
HSD11B2	chr16:67415643-67416144	11	0.00016367679992131733	0.1148178144990844	5	0.11465413769916309	0.13518202111804864	0.0017795817518084722	unsupported	True	0.000499770519873	-0.000499770519873
HSD11B2	chr16:67431080-67431581	12	-0.0018445622707289214	0.07228995438069138	5	0.0741345166514203	0.07171139950102746	0.0003843143572664475	unsupported	True	0.0004935287261634	0.0004935287261634
HSD11B2	chr16:67563109-67563610	13	-0.004977796287325759	0.06665834017526479	5	0.07163613646259054	0.08003354015242957	0.00038217183537634655	unsupported	True	0.0004920069386892	0.0004920069386892
HSD11B2	chr16:67385143-67385644	14	-0.008813918420770095	0.009428686862298247	0	0.01824260528306834	0.015069280718420196	2.5919737392178662e-06	unsupported	True	0.0004505839937645	0.0004505839937645
HSD11B2	chr16:67537889-67538390	15	-0.007697527396516426	0.06865538400266073	5	0.07635291139917716	0.0792117304003378	0.000415230936594692	unsupported	True	0.0004182316122022	-0.0004182316122022
HSD11B2	chr16:67399332-67399833	16	0.004601791787793066	0.1022028143936581	5	0.09760102260586503	0.12304138623463336	0.0012273500331521697	unsupported	True	0.0003717434801544	0.0003717434801544
HSD11B2	chr16:67284831-67285332	17	-0.0062489745368747235	0.026994905877033144	5	0.03324388041390787	0.03165063467074927	2.840376769369773e-05	unsupported	True	0.0003106984358515	0.0003106984358515
HSD11B2	chr16:67326565-67327066	18	-0.003250843323268584	0.05495672661677485	3	0.05820756994004343	0.056282985189985875	0.00018004350107952852	unsupported	True	0.000281665799194	0.000281665799194
HSD11B2	chr16:67460071-67460572	19	-0.0038656480749730813	0.032579576046707324	3	0.03644522412168041	0.0263324225222908	3.126632723504214e-05	unsupported	True	0.0002307909137622	0.0002307909137622
ZNF114	chr19:48414726-48415227	0	0.03318916920020792	0.1363346693053575	1	0.10314550010514958	0.10140403890830102	0.001425974791794256	unsupported	True	0.0029251315921644	0.0029251315921644
ZNF114	chr19:48393990-48394491	1	-0.0018268904196639402	0.03903063951395788	3	0.04085752993362182	0.048833016079427964	7.78737920807996e-05	unsupported	True	0.001563811279534	0.001563811279534
ZNF114	chr19:48271089-48271590	2	0.008882481531102281	0.04376095299844604	3	0.034878471467343755	0.0229465519105299	3.502366983369601e-05	unsupported	True	0.0013957686040985	0.0013957686040985
ZNF114	chr19:48152395-48152896	3	0.0294059224526299	0.1049765979796483	1	0.0755706755270184	0.08523206387003666	0.0006761589540803414	unsupported	True	0.0010555184669954	0.0010555184669954
ZNF114	chr19:48314337-48314838	4	0.013290789854522617	0.0748491033857649	4	0.06155831353124229	0.052884550498172145	0.0002436700390652546	unsupported	True	0.0008192609966398	0.0008192609966398
ZNF114	chr19:48332737-48333238	5	0.009854950606239291	0.03732016597424598	4	0.02746521536800669	0.02503145431044323	2.565740077069825e-05	unsupported	True	0.0007834724008446	0.0007834724008446
ZNF114	chr19:48363928-48364429	6	0.0011458619396063172	0.03589521598635698	3	0.03474935404675067	0.029513222418128742	3.6812892074826626e-05	unsupported	True	0.0006783638730539	-0.0006783638730539
ZNF114	chr19:48329981-48330482	7	0.005211997955979546	0.04848901088184584	3	0.04327701292586629	0.047580098932113596	9.984491302715974e-05	unsupported	True	0.000574003921988	0.000574003921988
ZNF114	chr19:48124200-48124701	8	0.036671647498901394	0.08882195802726157	3	0.05215031052836018	0.04909369466905533	0.0002274065443419656	unsupported	True	0.0005115608105205	0.0005115608105205
ZNF114	chr19:48271649-48272150	9	0.017861328087589733	0.06608814387205061	1	0.04822681578446088	0.04446733983644772	0.00014172722778177035	unsupported	True	0.0005111001165852	0.0005111001165852
ZNF114	chr19:48203806-48204307	10	0.003771592070185299	0.05626403221691012	3	0.05249244014672482	0.06493621606813352	0.00019178498054886126	unsupported	True	0.0004522019485422	0.0004522019485422
ZNF114	chr19:48183511-48184012	11	-0.013594815571189786	-0.0008460609015582578	0	0.012748754669631528	0.020173707325883736	0.0	unsupported	True	0.0004150653967836	-0.0004150653967836
ZNF114	chr19:48372760-48373261	12	-0.01138189518526789	0.030876277257754877	3	0.04225817244302277	0.05520106996654696	7.202497875702816e-05	unsupported	True	0.0003775456858704	0.0003775456858704
ZNF114	chr19:48308482-48308983	13	0.008050251511072266	0.0701011424824752	4	0.06205089097140294	0.08648208943108243	0.0003761831091220159	unsupported	True	0.0003563172198632	0.0003563172198632
ZNF114	chr19:48340922-48341423	14	-0.006391824989604743	0.01692664002554452	3	0.023318465015149264	0.021098626116957	8.327696578658948e-06	unsupported	True	0.0003465906086703	0.0003465906086703
ZNF114	chr19:48390529-48391030	15	0.0014943246792809305	0.043247567481820196	3	0.04175324280253927	0.04145963045105162	7.486474035439658e-05	unsupported	True	0.0003382066055544	-0.0003382066055544
ZNF114	chr19:48434490-48434991	16	0.023139188286776153	0.07427244120455187	3	0.05113325291777572	0.044146483773084146	0.00016765914175242427	unsupported	True	0.0003289843767771	0.0003289843767771
ZNF114	chr19:48362995-48363496	17	0.002197679596018838	0.04384747885227841	3	0.04164979925625957	0.041791653245148955	7.63215341627198e-05	unsupported	True	0.0003234214758785	0.0003234214758785
ZNF114	chr19:48321173-48321674	18	0.0006887758148730644	0.040098484380500746	3	0.03940970856562768	0.034170936903197675	5.399929222299972e-05	unsupported	True	0.0003129599743243	-0.0003129599743243
ZNF114	chr19:48277359-48277860	19	0.004889275484638659	0.04792179285201341	4	0.04303251736737475	0.047674387765248905	9.831390234542947e-05	unsupported	True	0.0002740184119205	0.0002740184119205
GP5	chr3:194269695-194270196	0	0.0	0.0	0	0.0	0.0	0.0	unsupported	True	0.0028601468488873	0.0028601468488873
GP5	chr3:194491984-194492485	1	0.0	0.0	0	0.0	0.0	0.0	unsupported	True	0.0028371536343207	0.0028371536343207
GP5	chr3:194296929-194297430	2	0.0	0.0	0	0.0	0.0	0.0	unsupported	True	0.0015405315965539	0.0015405315965539
GP5	chr3:194255280-194255781	3	0.0	0.0	0	0.0	0.0	0.0	unsupported	True	0.0009973022242215	0.0009973022242215
GP5	chr3:194265415-194265916	4	0.0	0.0	0	0.0	0.0	0.0	unsupported	True	0.0009719419430869	0.0009719419430869
GP5	chr3:194315583-194316084	5	0.0	0.0	0	0.0	0.0	0.0	unsupported	True	0.0008125515985391	-0.0008125515985391
GP5	chr3:194300370-194300871	6	0.0	0.0	0	0.0	0.0	0.0	unsupported	True	0.0005950028686584	0.0005950028686584
GP5	chr3:194343841-194344342	7	0.0	0.0	0	0.0	0.0	0.0	unsupported	True	0.000525147220873	-0.000525147220873
GP5	chr3:194277745-194278246	8	0.0	0.0	0	0.0	0.0	0.0	unsupported	True	0.0004236348948927	0.0004236348948927
GP5	chr3:194486775-194487276	9	0.0	0.0	0	0.0	0.0	0.0	unsupported	True	0.0004134665389539	-0.0004134665389539
GP5	chr3:194250519-194251020	10	0.0	0.0	0	0.0	0.0	0.0	unsupported	True	0.0003757287107964	0.0003757287107964
GP5	chr3:194352913-194353414	11	0.0	0.0	0	0.0	0.0	0.0	unsupported	True	0.0003666827852742	0.0003666827852742
GP5	chr3:194401837-194402338	12	0.0	0.0	0	0.0	0.0	0.0	unsupported	True	0.0003291386490264	0.0003291386490264
GP5	chr3:194376080-194376581	13	0.0	0.0	0	0.0	0.0	0.0	unsupported	True	0.0002573583447537	-0.0002573583447537
GP5	chr3:194537600-194538101	14	0.0	0.0	0	0.0	0.0	0.0	unsupported	True	0.0002222355995848	0.0002222355995848
GP5	chr3:194549030-194549531	15	0.0	0.0	0	0.0	0.0	0.0	unsupported	True	0.0002124254110154	0.0002124254110154
GP5	chr3:194397943-194398444	16	0.0	0.0	0	0.0	0.0	0.0	unsupported	True	0.0001795135642086	0.0001795135642086
GP5	chr3:194410080-194410581	17	0.0	0.0	0	0.0	0.0	0.0	unsupported	True	0.0001575043065072	0.0001575043065072
GP5	chr3:194271132-194271633	18	0.0	0.0	0	0.0	0.0	0.0	unsupported	True	0.0001327289993043	0.0001327289993043
GP5	chr3:194277010-194277511	19	0.0	0.0	0	0.0	0.0	0.0	unsupported	True	0.0001323347814674	0.0001323347814674
KCNA7	chr19:49186085-49186586	0	0.0	0.0	0	0.0	0.0	0.0	unsupported	True	0.0017731251864048	0.0017731251864048
KCNA7	chr19:49107998-49108499	1	0.0	0.0	0	0.0	0.0	0.0	unsupported	True	0.0017061026572881	0.0017061026572881
KCNA7	chr19:49149215-49149716	2	0.0	0.0	0	0.0	0.0	0.0	unsupported	True	0.0016881116579892	-0.0016881116579892
KCNA7	chr19:48965717-48966218	3	0.0	0.0	0	0.0	0.0	0.0	unsupported	True	0.0013267207762567	-0.0013267207762567
KCNA7	chr19:49085033-49085534	4	0.0	0.0	0	0.0	0.0	0.0	unsupported	True	0.0009867544784541	-0.0009867544784541
KCNA7	chr19:49142790-49143291	5	0.0	0.0	0	0.0	0.0	0.0	unsupported	True	0.0008473031303139	-0.0008473031303139
KCNA7	chr19:48993194-48993695	6	0.0	0.0	0	0.0	0.0	0.0	unsupported	True	0.0008189465652852	-0.0008189465652852
KCNA7	chr19:49074834-49075335	7	0.0	0.0	0	0.0	0.0	0.0	unsupported	True	0.0006838541618023	0.0006838541618023
KCNA7	chr19:49118979-49119480	8	0.0	0.0	0	0.0	0.0	0.0	unsupported	True	0.0006065512053183	-0.0006065512053183
KCNA7	chr19:49165354-49165855	9	0.0	0.0	0	0.0	0.0	0.0	unsupported	True	0.0006007149911721	0.0006007149911721
KCNA7	chr19:49114093-49114594	10	0.0	0.0	0	0.0	0.0	0.0	unsupported	True	0.0005201858599844	-0.0005201858599844
KCNA7	chr19:49150117-49150618	11	0.0	0.0	0	0.0	0.0	0.0	unsupported	True	0.0004497611846718	-0.0004497611846718
KCNA7	chr19:49127890-49128391	12	0.0	0.0	0	0.0	0.0	0.0	unsupported	True	0.0003925025978722	-0.0003925025978722
KCNA7	chr19:49064799-49065300	13	0.0	0.0	0	0.0	0.0	0.0	unsupported	True	0.0003855881837737	0.0003855881837737
KCNA7	chr19:49058537-49059038	14	0.0	0.0	0	0.0	0.0	0.0	unsupported	True	0.0003774665187656	0.0003774665187656
KCNA7	chr19:49057550-49058051	15	0.0	0.0	0	0.0	0.0	0.0	unsupported	True	0.0003572359000523	0.0003572359000523
KCNA7	chr19:49196483-49196984	16	0.0	0.0	0	0.0	0.0	0.0	unsupported	True	0.0002421523206472	0.0002421523206472
KCNA7	chr19:48933419-48933920	17	0.0	0.0	0	0.0	0.0	0.0	unsupported	True	0.0001968367023523	-0.0001968367023523
KCNA7	chr19:48976105-48976606	18	0.0	0.0	0	0.0	0.0	0.0	unsupported	True	0.0001950927337963	0.0001950927337963
KCNA7	chr19:48944626-48945127	19	0.0	0.0	0	0.0	0.0	0.0	unsupported	True	0.0001852623758546	0.0001852623758546
PGA5	chr11:61393142-61393643	0	0.0	0.0	0	0.0	0.0	0.0	unsupported	True	0.0037161709510933	0.0037161709510933
PGA5	chr11:61162074-61162575	1	0.0	0.0	0	0.0	0.0	0.0	unsupported	True	0.0034873544951116	0.0034873544951116
PGA5	chr11:61362015-61362516	2	0.0	0.0	0	0.0	0.0	0.0	unsupported	True	0.0020917356540994	0.0020917356540994
PGA5	chr11:61345062-61345563	3	0.0	0.0	0	0.0	0.0	0.0	unsupported	True	0.0012880977256682	-0.0012880977256682
PGA5	chr11:61332932-61333433	4	0.0	0.0	0	0.0	0.0	0.0	unsupported	True	0.0009887328130947	0.0009887328130947
PGA5	chr11:61161402-61161903	5	0.0	0.0	0	0.0	0.0	0.0	unsupported	True	0.0007131407689554	0.0007131407689554
PGA5	chr11:61281437-61281938	6	0.0	0.0	0	0.0	0.0	0.0	unsupported	True	0.0006185800245234	-0.0006185800245234
PGA5	chr11:61336153-61336654	7	0.0	0.0	0	0.0	0.0	0.0	unsupported	True	0.0003917233188109	-0.0003917233188109
PGA5	chr11:61294021-61294522	8	0.0	0.0	0	0.0	0.0	0.0	unsupported	True	0.0003515256050405	-0.0003515256050405
PGA5	chr11:61187475-61187976	9	0.0	0.0	0	0.0	0.0	0.0	unsupported	True	0.0002822432641297	-0.0002822432641297
PGA5	chr11:61385512-61386013	10	0.0	0.0	0	0.0	0.0	0.0	unsupported	True	9.1849175735204e-05	9.1849175735204e-05
PGA5	chr11:61204513-61205014	11	0.0	0.0	0	0.0	0.0	0.0	unsupported	True	7.297377354009475e-05	-7.297377354009475e-05
PGA5	chr11:61148209-61148710	12	0.0	0.0	0	0.0	0.0	0.0	unsupported	True	6.376877942685112e-05	-6.376877942685112e-05
PGA5	chr11:61294640-61295141	13	0.0	0.0	0	0.0	0.0	0.0	unsupported	True	6.031295239145645e-05	6.031295239145645e-05
PGA5	chr11:61392332-61392833	14	0.0	0.0	0	0.0	0.0	0.0	unsupported	True	4.4064672403324105e-05	-4.4064672403324105e-05
PGA5	chr11:61211500-61212001	15	0.0	0.0	0	0.0	0.0	0.0	unsupported	True	3.939885693443589e-05	3.939885693443589e-05
PGA5	chr11:61277655-61278156	16	0.0	0.0	0	0.0	0.0	0.0	unsupported	True	1.2771464461688962e-05	-1.2771464461688962e-05
PGA5	chr11:61265943-61266444	17	0.0	0.0	0	0.0	0.0	0.0	unsupported	True	1.1649077655929182e-05	-1.1649077655929182e-05
PGA5	chr11:61369638-61370139	18	0.0	0.0	0	0.0	0.0	0.0	unsupported	True	6.767635812821928e-06	-6.767635812821928e-06
PGA5	chr11:61273171-61273672	19	0.0	0.0	0	0.0	0.0	0.0	unsupported	True	4.618162621809383e-06	-4.618162621809383e-06
TAF6L	chr11:62831902-62832403	0	-0.025198960679577716	0.012270859559544356	2	0.03746982023912207	0.046064624859104966	2.1179911150031443e-05	unsupported	True	0.0016335491281286	-0.0016335491281286
TAF6L	chr11:62841817-62842318	1	-0.02211917451139301	0.011040846791154515	2	0.03316002130254753	0.03404530496994678	1.246448711910757e-05	unsupported	True	0.0011331224670776	-0.0011331224670776
TAF6L	chr11:62787121-62787622	2	-0.0210814341182869	0.006882253115558851	2	0.027963687233845753	0.03754712895710405	7.226064126899357e-06	unsupported	True	0.0009915764480868	-0.0009915764480868
TAF6L	chr11:62678895-62679396	3	-0.024715526080446724	-0.001234999949748983	2	0.02348052613069774	0.038311878553950206	0.0	unsupported	True	0.0009373719543836	-0.0009373719543836
TAF6L	chr11:62727329-62727830	4	-0.023561944447256837	0.006141195985458479	2	0.029703140432715318	0.03876908921592054	7.071978380215215e-06	unsupported	True	0.0008782419913169	-0.0008782419913169
TAF6L	chr11:62855736-62856237	5	-0.023939593775695604	0.013680962450060504	2	0.03762055622575611	0.04242370208144204	2.1834860799650816e-05	unsupported	True	0.0008478461552929	-0.0008478461552929
TAF6L	chr11:62905919-62906420	6	-0.025439323179909587	-0.008459769848228722	1	0.016979553331680865	0.02135296418661093	0.0	unsupported	True	0.0007654600100322	0.0007654600100322
TAF6L	chr11:62754009-62754510	7	-0.020125362994981525	0.022644318107313894	2	0.04276968110229542	0.048170370942937614	4.66525352825225e-05	unsupported	True	0.0007342392384713	-0.0007342392384713
TAF6L	chr11:62665013-62665514	8	-0.018741265985839216	0.008510939825514648	2	0.027252205811353864	0.03275283828147383	7.596755009916595e-06	unsupported	True	0.0007228748204294	-0.0007228748204294
TAF6L	chr11:62831112-62831613	9	-0.010833684828494795	0.026769816052624185	2	0.03760350088111898	0.05229163955107248	5.2638793367324913e-05	unsupported	True	0.0005857309563139	0.0005857309563139
TAF6L	chr11:62707292-62707793	10	-0.031118427082855962	0.012379127515691162	2	0.04349755459854712	0.05112804758366425	2.753049925398764e-05	unsupported	True	0.0005640675516469	0.0005640675516469
TAF6L	chr11:62646452-62646953	11	-0.016535542464419736	0.03013856593193023	2	0.046674108396349966	0.055005519402586446	7.737575221921031e-05	unsupported	True	0.0005585672555633	-0.0005585672555633
TAF6L	chr11:62771085-62771586	12	-0.02347396337200708	0.017512085675042855	2	0.04098604904704993	0.0443317240774263	3.181914826074725e-05	unsupported	True	0.0005517994535177	-0.0005517994535177
TAF6L	chr11:62805271-62805772	13	-0.02316978428386074	0.013631281793333894	2	0.03680106607719463	0.0399658434072517	2.004869357178671e-05	unsupported	True	0.0005511051596303	0.0005511051596303
TAF6L	chr11:62791771-62792272	14	-0.020274716519505343	0.012074201239191848	2	0.03234891775869719	0.04175281874156061	1.630812253037453e-05	unsupported	True	0.0005292439777309	0.0005292439777309
TAF6L	chr11:62931454-62931955	15	-0.02665999281134323	-0.010199232185416445	3	0.016460760625926784	0.026399579146862837	0.0	unsupported	True	0.0005100243218399	0.0005100243218399
TAF6L	chr11:62923540-62924041	16	-0.0212403205186304	-0.0005315061640575413	0	0.020708814354572856	0.02873341743557905	0.0	unsupported	True	0.0004868465740405	0.0004868465740405
TAF6L	chr11:62761239-62761740	17	-0.018161196883439947	0.014757640204234519	2	0.032918837087674464	0.04104564395584829	1.9940152533420508e-05	unsupported	True	0.0004863584980368	-0.0004863584980368
TAF6L	chr11:62728185-62728686	18	-0.023039247968108783	0.021462687583408517	2	0.044501935551517297	0.05174542127515516	4.942366319157945e-05	unsupported	True	0.0004412974606864	-0.0004412974606864
TAF6L	chr11:62880599-62881100	19	-0.017620618759509564	0.012805551433193417	2	0.03042617019270298	0.031862027914289194	1.2414207173792161e-05	unsupported	True	0.0004224284247973	0.0004224284247973
GPR183	chr13:99356212-99356713	0	0.0	0.0	0	0.0	0.0	0.0	unsupported	True	0.0020465879725302	0.0020465879725302
GPR183	chr13:99200526-99201027	1	0.0	0.0	0	0.0	0.0	0.0	unsupported	True	0.0017787088263443	0.0017787088263443
GPR183	chr13:99452981-99453482	2	0.0	0.0	0	0.0	0.0	0.0	unsupported	True	0.001521774777022	0.001521774777022
GPR183	chr13:99442209-99442710	3	0.0	0.0	0	0.0	0.0	0.0	unsupported	True	0.0013193395273536	0.0013193395273536
GPR183	chr13:99349307-99349808	4	0.0	0.0	0	0.0	0.0	0.0	unsupported	True	0.0012086570422879	0.0012086570422879
GPR183	chr13:99201345-99201846	5	0.0	0.0	0	0.0	0.0	0.0	unsupported	True	0.0012032914984568	0.0012032914984568
GPR183	chr13:99265799-99266300	6	0.0	0.0	0	0.0	0.0	0.0	unsupported	True	0.0011717751810819	0.0011717751810819
GPR183	chr13:99375620-99376121	7	0.0	0.0	0	0.0	0.0	0.0	unsupported	True	0.0006552977675168	0.0006552977675168
GPR183	chr13:99210930-99211431	8	0.0	0.0	0	0.0	0.0	0.0	unsupported	True	0.0005550727080671	-0.0005550727080671
GPR183	chr13:99425570-99426071	9	0.0	0.0	0	0.0	0.0	0.0	unsupported	True	0.0005246339607781	0.0005246339607781
GPR183	chr13:99215485-99215986	10	0.0	0.0	0	0.0	0.0	0.0	unsupported	True	0.0004452634489648	0.0004452634489648
GPR183	chr13:99436781-99437282	11	0.0	0.0	0	0.0	0.0	0.0	unsupported	True	0.0003167683296048	-0.0003167683296048
GPR183	chr13:99380088-99380589	12	0.0	0.0	0	0.0	0.0	0.0	unsupported	True	0.0002696769000109	0.0002696769000109
GPR183	chr13:99346568-99347069	13	0.0	0.0	0	0.0	0.0	0.0	unsupported	True	0.0002265440401108	0.0002265440401108
GPR183	chr13:99269538-99270039	14	0.0	0.0	0	0.0	0.0	0.0	unsupported	True	0.0002230392859565	0.0002230392859565
GPR183	chr13:99420199-99420700	15	0.0	0.0	0	0.0	0.0	0.0	unsupported	True	0.0002130187833929	0.0002130187833929
GPR183	chr13:99367226-99367727	16	0.0	0.0	0	0.0	0.0	0.0	unsupported	True	0.0002100713834648	0.0002100713834648
GPR183	chr13:99176511-99177012	17	0.0	0.0	0	0.0	0.0	0.0	unsupported	True	0.0001958382832435	-0.0001958382832435
GPR183	chr13:99258994-99259495	18	0.0	0.0	0	0.0	0.0	0.0	unsupported	True	0.0001398066263603	0.0001398066263603
GPR183	chr13:99312500-99313001	19	0.0	0.0	0	0.0	0.0	0.0	unsupported	True	0.0001063650560042	-0.0001063650560042
RAMACL	chr6:166565334-166565835	0	0.0	0.0	0	0.0	0.0	0.0	unsupported	True	0.0035219553515214	0.0035219553515214
RAMACL	chr6:166640302-166640803	1	0.0	0.0	0	0.0	0.0	0.0	unsupported	True	0.0015746278978883	0.0015746278978883
RAMACL	chr6:166597641-166598142	2	0.0	0.0	0	0.0	0.0	0.0	unsupported	True	0.0014514310996605	0.0014514310996605
RAMACL	chr6:166578472-166578973	3	0.0	0.0	0	0.0	0.0	0.0	unsupported	True	0.0013196587687643	0.0013196587687643
RAMACL	chr6:166563805-166564306	4	0.0	0.0	0	0.0	0.0	0.0	unsupported	True	0.0008640363929048	0.0008640363929048
RAMACL	chr6:166439647-166440148	5	0.0	0.0	0	0.0	0.0	0.0	unsupported	True	0.0008594041887805	0.0008594041887805
RAMACL	chr6:166705019-166705520	6	0.0	0.0	0	0.0	0.0	0.0	unsupported	True	0.0006709586856117	0.0006709586856117
RAMACL	chr6:166435417-166435918	7	0.0	0.0	0	0.0	0.0	0.0	unsupported	True	0.0006183678543613	0.0006183678543613
RAMACL	chr6:166627735-166628236	8	0.0	0.0	0	0.0	0.0	0.0	unsupported	True	0.0005046806501909	0.0005046806501909
RAMACL	chr6:166553667-166554168	9	0.0	0.0	0	0.0	0.0	0.0	unsupported	True	0.0004807393994081	0.0004807393994081
RAMACL	chr6:166490515-166491016	10	0.0	0.0	0	0.0	0.0	0.0	unsupported	True	0.0003890536662512	0.0003890536662512
RAMACL	chr6:166706977-166707478	11	0.0	0.0	0	0.0	0.0	0.0	unsupported	True	0.0003726027325379	0.0003726027325379
RAMACL	chr6:166495105-166495606	12	0.0	0.0	0	0.0	0.0	0.0	unsupported	True	0.0002887637016585	0.0002887637016585
RAMACL	chr6:166456500-166457001	13	0.0	0.0	0	0.0	0.0	0.0	unsupported	True	0.0002609865500633	-0.0002609865500633
RAMACL	chr6:166713371-166713872	14	0.0	0.0	0	0.0	0.0	0.0	unsupported	True	0.000257729535149	0.000257729535149
RAMACL	chr6:166511251-166511752	15	0.0	0.0	0	0.0	0.0	0.0	unsupported	True	0.0002094258507646	0.0002094258507646
RAMACL	chr6:166671435-166671936	16	0.0	0.0	0	0.0	0.0	0.0	unsupported	True	0.0002056474567146	0.0002056474567146
RAMACL	chr6:166484492-166484993	17	0.0	0.0	0	0.0	0.0	0.0	unsupported	True	0.0001660060781632	0.0001660060781632
RAMACL	chr6:166687499-166688000	18	0.0	0.0	0	0.0	0.0	0.0	unsupported	True	0.0001583955306758	-0.0001583955306758
RAMACL	chr6:166474150-166474651	19	0.0	0.0	0	0.0	0.0	0.0	unsupported	True	0.0001557701984424	-0.0001557701984424
TNNC2	chr20:45791646-45792147	0	-0.0007554130798860222	0.07076934688742485	3	0.07152475996731088	0.09960961273605635	0.0005042000080651152	unsupported	True	0.0027356813084029	-0.0027356813084029
TNNC2	chr20:45934954-45935455	1	0.006622001303018454	0.08058729665461974	3	0.07396529535160128	0.10061290392940324	0.0005997196337609053	unsupported	True	0.0017987706232587	-0.0017987706232587
TNNC2	chr20:45889996-45890497	2	-0.006929845518538353	0.059528461953237445	3	0.0664583074717758	0.09277083358298298	0.0003670163377842926	unsupported	True	0.0012897971710964	0.0012897971710964
TNNC2	chr20:45880888-45881389	3	0.007679452158204677	0.07926069263729299	3	0.07158124047908831	0.09901956501776155	0.0005617952949887494	unsupported	True	0.0012374555977964	-0.0012374555977964
TNNC2	chr20:45971678-45972179	4	0.004438905769177531	0.07982470287749403	3	0.0753857971083165	0.10659439412074967	0.0006414476337679264	unsupported	True	0.0008204656178124	-0.0008204656178124
TNNC2	chr20:45934419-45934920	5	0.01362425613506627	0.0792938179743827	3	0.06566956183931644	0.09167777831717264	0.0004773836364150962	unsupported	True	0.0008109135567449	-0.0008109135567449
TNNC2	chr20:45812251-45812752	6	0.011694007660846687	0.07746439157112832	3	0.06577038391028163	0.08514103077356422	0.00043378186814388805	unsupported	True	0.0007698509832214	-0.0007698509832214
TNNC2	chr20:45948736-45949237	7	-0.009560548229064277	0.048669069622888556	3	0.05822961785195283	0.07460435468553053	0.00021142734796864745	unsupported	True	0.0006760801915351	0.0006760801915351
TNNC2	chr20:45799104-45799605	8	-0.007535312514372896	0.05870785358689274	3	0.06624316610126564	0.05354707939188903	0.0002082442756455128	unsupported	True	0.0005685816268893	0.0005685816268893
TNNC2	chr20:45972222-45972723	9	-0.005125974168959302	0.0647640639024214	3	0.0698900380713807	0.09593752091781518	0.0004342480346134512	unsupported	True	0.0005294126057621	-0.0005294126057621
TNNC2	chr20:45917716-45918217	10	0.006064854160791831	0.04716452522947906	3	0.04109967106868723	0.04094716045019273	7.93738787557769e-05	unsupported	True	0.0004318702506872	0.0004318702506872
TNNC2	chr20:45980453-45980954	11	0.031551717095633085	0.09149330719721713	3	0.05994159010158404	0.07340974808416725	0.00040259772784443336	unsupported	True	0.0003539512171837	0.0003539512171837
TNNC2	chr20:45765144-45765645	12	-0.0038323756847596637	0.04563719011138436	5	0.049469565796144026	0.048618984008773125	0.00010976474546273569	unsupported	True	0.0003509188115611	0.0003509188115611
TNNC2	chr20:45857243-45857744	13	0.011985169048194558	0.08091990624908046	3	0.0689347372008859	0.09142657909899206	0.0005099950552342022	unsupported	True	0.0003199939722997	-0.0003199939722997
TNNC2	chr20:45822756-45823257	14	0.003741454677753544	0.05012943143270115	0	0.0463879767549476	0.06271452034267433	0.00014583652747940224	unsupported	True	0.0002978884354741	0.0002978884354741
TNNC2	chr20:45911924-45912425	15	-0.0299373876973278	0.02331386617578529	3	0.053251253873113094	0.06725712323546829	8.34992212306561e-05	unsupported	True	0.0002958661735711	-0.0002958661735711
TNNC2	chr20:45962924-45963425	16	-0.008209710803675684	0.07553889157890185	3	0.08374860238257753	0.078171027192917	0.0004945315397581469	unsupported	True	0.0002864965579294	0.0002864965579294
TNNC2	chr20:45846585-45847086	17	-0.009553494851403742	0.05064851824799388	3	0.06020201309939762	0.06127263496633445	0.00018682901123433652	unsupported	True	0.000271467971845	0.000271467971845
TNNC2	chr20:45910788-45911289	18	-0.01670963895646444	0.04504911697468006	3	0.0617587559311445	0.09223472592603627	0.0002566133718254043	unsupported	True	0.0002691494935914	-0.0002691494935914
TNNC2	chr20:45919633-45920134	19	0.003485781071245022	0.09595150399133069	0	0.09246572292008567	0.09389288710480288	0.0008330388373657542	unsupported	True	0.0002143307669803	0.0002143307669803
PPP1R8	chr1:27831028-27831529	0	-0.00790162713233812	0.03623122974840633	0	0.04413285688074445	0.05076859177307519	8.117835262885686e-05	unsupported	True	0.0025036372195925	0.0025036372195925
PPP1R8	chr1:27725564-27726065	1	-0.009038363926500198	0.050250350946116094	0	0.05928871487261629	0.05281074892964155	0.00015733794097468585	unsupported	True	0.0020313728833815	-0.0020313728833815
PPP1R8	chr1:27772870-27773371	2	-0.006586094442748057	0.05592578342385123	0	0.06251187786659929	0.06239376111708112	0.000218130195067014	unsupported	True	0.0014795405952469	-0.0014795405952469
PPP1R8	chr1:27959710-27960211	3	-0.0004122260204543748	0.06538676493647959	0	0.06579899095693396	0.08027849854578396	0.00034538885983269264	unsupported	True	0.0009550597500067	-0.0009550597500067
PPP1R8	chr1:27914536-27915037	4	-0.01235439858082664	0.05512258367768542	0	0.06747698225851206	0.06317547948059575	0.00023498154976525146	unsupported	True	0.0008822084222973	-0.0008822084222973
PPP1R8	chr1:27981042-27981543	5	-0.005417564157314806	0.03735377202279916	0	0.042771336180113965	0.04357742873691828	6.96223828515079e-05	unsupported	True	0.000744627592307	-0.000744627592307
PPP1R8	chr1:27726121-27726622	6	0.01284283611987417	0.054737684701618584	0	0.041894848581744415	0.07043158185213548	0.00016151560602160154	unsupported	True	0.0006610262782301	-0.0006610262782301
PPP1R8	chr1:27865333-27865834	7	-1.8540458636194373e-05	0.14186022698031697	0	0.14187876743895317	0.16249259408242872	0.003270480991230429	unsupported	True	0.0006068141729694	0.0006068141729694
PPP1R8	chr1:27891437-27891938	8	-0.005153787738721846	0.04525413071531209	1	0.05040791845403394	0.059146021165564645	0.00013492192391320831	unsupported	True	0.0005780058394123	-0.0005780058394123
PPP1R8	chr1:27830515-27831016	9	-0.00882235449187655	0.05409570621099841	0	0.06291806070287495	0.061934490960710874	0.0002108000431183813	unsupported	True	0.0005362122485119	-0.0005362122485119
PPP1R8	chr1:27689009-27689510	10	-0.011739894942144238	0.051844422350310254	1	0.06358431729245449	0.07492116271128199	0.0002469770285350883	unsupported	True	0.0005066791783426	-0.0005066791783426
PPP1R8	chr1:27857987-27858488	11	0.013043274230299851	0.047537165381916296	0	0.03449389115161645	0.06621510542658014	0.00010857567671161819	unsupported	True	0.0004388736943919	0.0004388736943919
PPP1R8	chr1:27872237-27872738	12	0.002589935788284755	0.044318033360937016	0	0.041728097572652265	0.04971620902369077	9.19405443141135e-05	unsupported	True	0.0003905225606655	-0.0003905225606655
PPP1R8	chr1:27970720-27971221	13	-0.002835275707257674	0.04724711844619964	0	0.05008239415345731	0.06111355322791536	0.00014460987251716857	unsupported	True	0.0003590432249517	0.0003590432249517
PPP1R8	chr1:27943624-27944125	14	-0.027218354286080406	0.028008381781134403	1	0.05522673606721481	0.05484045500136837	8.48278469163328e-05	unsupported	True	0.0003377647986522	0.0003377647986522
PPP1R8	chr1:27863034-27863535	15	0.007691091429758686	0.02545128662612207	0	0.017760195196363383	0.039566368518446374	1.788478271556239e-05	unsupported	True	0.0003287054294282	0.0003287054294282
PPP1R8	chr1:27935087-27935588	16	-0.006194447583573142	0.04722707038326795	0	0.05342151796684109	0.03973496327080784	0.00010024899932034164	unsupported	True	0.0002658234260638	0.0002658234260638
PPP1R8	chr1:27997799-27998300	17	-0.012651544689955335	0.04683547660045958	0	0.059487021290414915	0.0660708802291427	0.00018408027720137282	unsupported	True	0.0002473798956917	-0.0002473798956917
PPP1R8	chr1:27844021-27844522	18	-0.018959484623767873	0.012735928314785943	3	0.03169541293855382	0.03618140530807777	1.460536622804768e-05	unsupported	True	0.0002420465632847	-0.0002420465632847
PPP1R8	chr1:27718601-27719102	19	-0.01055548535470882	0.030179120281053216	1	0.04073460563576203	0.02372059472797588	2.9160546955983494e-05	unsupported	True	0.0002329680326205	0.0002329680326205
ELP6	chr3:47380690-47381191	0	0.0019901249709708083	0.03797304542752521	0	0.0359829204565544	0.02577938186045589	3.522445945064772e-05	unsupported	True	0.0019875234552374	-0.0019875234552374
ELP6	chr3:47578067-47578568	1	0.006862811689518808	0.05645041349908653	0	0.04958760180956772	0.051436860064963605	0.0001439841483974613	unsupported	True	0.0012654887559614	-0.0012654887559614
ELP6	chr3:47447460-47447961	2	-0.003703057880152696	0.05073602552096825	2	0.05443908340112095	0.06375516244562132	0.00017609320749668023	unsupported	True	0.0012574372839247	0.0012574372839247
ELP6	chr3:47611531-47612032	3	0.0033167054460217465	0.04944527006704851	2	0.04612856462102677	0.04001399993036771	9.126550501155552e-05	unsupported	True	0.0010771625525563	-0.0010771625525563
ELP6	chr3:47618919-47619420	4	0.011066162671852245	0.05118250698457512	0	0.040116344312722874	0.0358377110156896	7.358396194701175e-05	unsupported	True	0.0009546228698973	-0.0009546228698973
ELP6	chr3:47573720-47574221	5	-0.0049318197971162155	0.09073797104441012	0	0.09566979084152633	0.08937930703627955	0.0007758912811905605	unsupported	True	0.0008845369628385	0.0008845369628385
ELP6	chr3:47513239-47513740	6	0.006827405945187603	0.0375581600751488	0	0.030730754129961194	0.019735673283037936	2.2778728249350998e-05	unsupported	True	0.0008281458457368	-0.0008281458457368
ELP6	chr3:47391945-47392446	7	0.003226847910137202	0.058888531806949515	0	0.055661683896812315	0.07098434637470122	0.0002326749638251748	unsupported	True	0.0007470399687727	0.0007470399687727
ELP6	chr3:47420970-47421471	8	0.0062325707217786	0.054163696174212676	0	0.047931125452434074	0.05157003604902372	0.00013388235866110748	unsupported	True	0.0006964708075109	0.0006964708075109
ELP6	chr3:47405053-47405554	9	-0.011484018388087977	0.10636148044055538	0	0.11784549882864336	0.12856940443275292	0.0016115174213975096	unsupported	True	0.0006849187682259	0.0006849187682259
ELP6	chr3:47540154-47540655	10	-0.009870995824757211	0.0628063963675578	0	0.07267739219231502	0.08605325266937056	0.00039279911609147513	unsupported	True	0.0006510208912108	0.0006510208912108
ELP6	chr3:47578665-47579166	11	0.0011510654415506324	0.065688098814152	0	0.06453703337260136	0.06340816415339433	0.00026880718302544926	unsupported	True	0.0005962984369063	0.0005962984369063
ELP6	chr3:47522047-47522548	12	0.002355659210542537	0.029237330525898948	0	0.02688167131535641	0.02857510544098394	2.2458555810429322e-05	unsupported	True	0.00047581851835	0.00047581851835
ELP6	chr3:47634854-47635355	13	-0.012701112932947808	0.05810941859281308	0	0.07081053152576089	0.059400226468713936	0.0002444176056064131	unsupported	True	0.0004527190377012	-0.0004527190377012
ELP6	chr3:47482243-47482744	14	-0.003970096717890215	0.013962101558182836	1	0.01793219827607305	0.020013431243467335	5.010786266028435e-06	unsupported	True	0.0004294330455418	0.0004294330455418
ELP6	chr3:47571291-47571792	15	-0.01002497998529204	0.08343263297036009	0	0.09345761295565214	0.11130156046275215	0.0008678644259128914	unsupported	True	0.0003812230644823	-0.0003812230644823
ELP6	chr3:47613609-47614110	16	-0.008941626314841189	0.055722394895195974	0	0.06466402121003717	0.08533130737652464	0.00030746867870212936	unsupported	True	0.0002653302023688	-0.0002653302023688
ELP6	chr3:47440177-47440678	17	-0.000549135700019529	0.026664456983809787	0	0.027213592683829314	0.032605482647880074	2.365970129554415e-05	unsupported	True	0.0002565811512715	-0.0002565811512715
ELP6	chr3:47381240-47381741	18	0.004267850011701085	0.06983567751784482	0	0.06556782750614373	0.060551952995179174	0.0002772657976608575	unsupported	True	0.0002174418255096	-0.0002174418255096
ELP6	chr3:47365083-47365584	19	-0.01379656797157456	0.03746201393046587	4	0.05125858190204043	0.06161375369917485	0.00011831379262788404	unsupported	True	0.0002173172771264	-0.0002173172771264
NPIPA1	chr16:14974758-14975259	0	0.012550930137508211	0.04300729505374415	3	0.030456364916235937	0.03562554781886259	4.666397675600867e-05	unsupported	True	0.0059142368885625	0.0059142368885625
NPIPA1	chr16:15055891-15056392	1	0.008737563994534856	0.02322792930401068	5	0.014490365309475823	0.007888912671322426	2.6552595437021582e-06	unsupported	True	0.0025902806983403	-0.0025902806983403
NPIPA1	chr16:15094128-15094629	2	0.007826333467770204	0.029619245326672015	5	0.02179291185890181	0.022979886533256028	1.4833277829162991e-05	unsupported	True	0.0022497510109014	0.0022497510109014
NPIPA1	chr16:15014198-15014699	3	0.011561066615012286	0.038932586912364196	3	0.02737152029735191	0.04130563314696985	4.401710396657087e-05	unsupported	True	0.001219972030596	-0.001219972030596
NPIPA1	chr16:14833378-14833879	4	0.009522233748474116	0.029876287907579166	4	0.020354054159105052	0.011755522380443962	7.148575269520545e-06	unsupported	True	0.0006606702202356	0.0006606702202356
NPIPA1	chr16:15022102-15022603	5	0.004739662081709578	0.02724846246843603	4	0.022508800386726452	0.027242962165952938	1.670893150323055e-05	unsupported	True	0.0004343600432464	0.0004343600432464
NPIPA1	chr16:14958962-14959463	6	0.009503043171138027	0.08905652025150568	4	0.07955347708036765	0.07621798125147304	0.0005399857879890641	unsupported	True	0.0003632768164661	-0.0003632768164661
NPIPA1	chr16:14989743-14990244	7	0.005070163625194457	0.015729315411474567	4	0.010659151786280109	0.021853086320547065	3.663913812248723e-06	unsupported	True	0.0002993839551997	0.0002993839551997
NPIPA1	chr16:14927878-14928379	8	-0.005317702859077979	0.009674828198747208	2	0.014992531057825187	0.022464168594006892	3.258431299346005e-06	unsupported	True	0.0002902430130703	-0.0002902430130703
NPIPA1	chr16:15016918-15017419	9	0.012075176991605093	0.03976977807730884	0	0.027694601085703745	0.04527427651739104	4.9865456648934985e-05	unsupported	True	0.0001298861774208	0.0001298861774208
NPIPA1	chr16:14855239-14855740	10	0.0017777888005414666	0.019414819498055336	2	0.01763703069751387	0.026194585251111693	8.969543790760729e-06	unsupported	True	0.000102898172066	0.000102898172066
NPIPA1	chr16:14955091-14955592	11	0.001576329876643242	0.017672514400994897	4	0.016096184524351655	0.015286212006009249	4.348316674458719e-06	unsupported	True	7.060053941231375e-05	7.060053941231375e-05
MRPL12	chr17:81609705-81610206	0	-9.906550648351023e-05	0.04642582622443196	1	0.04652489173091547	0.08191428736531116	0.0001769313006002818	unsupported	True	0.0024309361531489	0.0024309361531489
MRPL12	chr17:81683641-81684142	1	0.00032852638753666865	0.051603578593177116	0	0.051275052205640444	0.05336329962548831	0.00014119802003479705	unsupported	True	0.0017315152737889	-0.0017315152737889
MRPL12	chr17:81733663-81734164	2	0.005172223836988743	0.03853910036563773	0	0.03336687652864898	0.04205566862629899	5.408062086727486e-05	unsupported	True	0.0013488853380191	-0.0013488853380191
MRPL12	chr17:81666405-81666906	3	0.005718019764692709	0.05265179382084029	0	0.04693377405614758	0.05998818159214738	0.00014823963866251498	unsupported	True	0.0011907387326132	-0.0011907387326132
MRPL12	chr17:81672244-81672745	4	0.00669926987658107	0.04180138166911808	2	0.03510211179253701	0.04805658462913989	7.051423265212952e-05	unsupported	True	0.0009024121153659	-0.0009024121153659
MRPL12	chr17:81611059-81611560	5	0.002275321195111519	0.026156203534560347	0	0.02388088233944883	0.03510087033320451	2.1925169627879628e-05	unsupported	True	0.0007573770590887	-0.0007573770590887
MRPL12	chr17:81809581-81810082	6	0.004085522525566034	0.029194240603139736	0	0.025108718077573703	0.03170173135510232	2.3238318765496827e-05	unsupported	True	0.000754689402037	0.000754689402037
MRPL12	chr17:81833076-81833577	7	0.0014528275227693298	0.053551944983755796	0	0.052099117460986465	0.06071689600064209	0.00016940069066383125	unsupported	True	0.0006334724352589	-0.0006334724352589
MRPL12	chr17:81711991-81712492	8	0.006011654267314567	0.05563732283640403	0	0.04962566856908947	0.06079152555064128	0.00016784779377547885	unsupported	True	0.000559899558459	-0.000559899558459
MRPL12	chr17:81612176-81612677	9	-0.00601385533501916	0.02859960150352873	0	0.03461345683854789	0.04545508710394035	4.4997403115659956e-05	unsupported	True	0.0004962378658142	-0.0004962378658142
MRPL12	chr17:81820112-81820613	10	0.01306269946551952	0.0600027377252054	0	0.04694003825968589	0.04986272392287519	0.00014043989792540806	unsupported	True	0.0004695633979503	0.0004695633979503
MRPL12	chr17:81574188-81574689	11	0.033431979757904726	0.08319831569182758	1	0.04976633593392285	0.05146622607227905	0.00021309463927013348	unsupported	True	0.0004617960924249	0.0004617960924249
MRPL12	chr17:81569751-81570252	12	0.001586642620318552	0.0164007580055719	5	0.014814115385253346	0.015205400141737274	3.694345399935401e-06	unsupported	True	0.0004357707178446	0.0004357707178446
MRPL12	chr17:81601438-81601939	13	0.002467762738212489	0.03823310965562091	0	0.035765346917408423	0.04233073043323814	5.7883905635132494e-05	unsupported	True	0.0004237967594147	-0.0004237967594147
MRPL12	chr17:81736233-81736734	14	0.0034851099953267443	0.024055961371996917	1	0.020570851376670172	0.015963675480038013	7.899650450656046e-06	unsupported	True	0.0003581745389468	-0.0003581745389468
MRPL12	chr17:81566402-81566903	15	0.021043161057145186	0.09010469527071105	1	0.06906153421356587	0.08900051181441763	0.0005538295809790947	unsupported	True	0.0003272772703466	-0.0003272772703466
MRPL12	chr17:81552892-81553393	16	0.011622309166869257	0.06157165618075431	0	0.04994934701388505	0.05837787122999161	0.00017953904257827445	unsupported	True	0.0002958622263572	0.0002958622263572
MRPL12	chr17:81570856-81571357	17	0.02565914855726681	0.059040126811414025	5	0.033380978254147216	0.04406156939054264	8.683729833862271e-05	unsupported	True	0.0002835252312	-0.0002835252312
MRPL12	chr17:81703118-81703619	18	0.006021788151664223	0.054031874924583445	0	0.04801008677291922	0.05455546497482133	0.00014152096800274706	unsupported	True	0.0002368807310926	-0.0002368807310926
MRPL12	chr17:81854728-81855229	19	0.0012444028955546542	0.05261930877648818	0	0.051374905880933526	0.04942312273621169	0.00013360612254515014	unsupported	True	0.0002223989208744	0.0002223989208744
CACNA1F	chrX:49155727-49156228	0	0.0	0.0	0	0.0	0.0	0.0	unsupported	True	0.0039769942987505	0.0039769942987505
CACNA1F	chrX:49155175-49155676	1	0.0	0.0	0	0.0	0.0	0.0	unsupported	True	0.0026203736143522	0.0026203736143522
CACNA1F	chrX:49190880-49191381	2	0.0	0.0	0	0.0	0.0	0.0	unsupported	True	0.002375370750783	-0.002375370750783
CACNA1F	chrX:49071802-49072303	3	0.0	0.0	0	0.0	0.0	0.0	unsupported	True	0.0010303415825938	0.0010303415825938
CACNA1F	chrX:49269475-49269976	4	0.0	0.0	0	0.0	0.0	0.0	unsupported	True	0.0008399499626612	-0.0008399499626612
CACNA1F	chrX:49268944-49269445	5	0.0	0.0	0	0.0	0.0	0.0	unsupported	True	0.0006138804192496	0.0006138804192496
CACNA1F	chrX:49079704-49080205	6	0.0	0.0	0	0.0	0.0	0.0	unsupported	True	0.000585039064796	0.000585039064796
CACNA1F	chrX:49235202-49235703	7	0.0	0.0	0	0.0	0.0	0.0	unsupported	True	0.0004631885500289	0.0004631885500289
CACNA1F	chrX:49163643-49164144	8	0.0	0.0	0	0.0	0.0	0.0	unsupported	True	0.000360380769162	-0.000360380769162
CACNA1F	chrX:49123581-49124082	9	0.0	0.0	0	0.0	0.0	0.0	unsupported	True	0.0003340816595781	-0.0003340816595781
CACNA1F	chrX:49166338-49166839	10	0.0	0.0	0	0.0	0.0	0.0	unsupported	True	0.0003047271151061	0.0003047271151061
CACNA1F	chrX:49101003-49101504	11	0.0	0.0	0	0.0	0.0	0.0	unsupported	True	0.0002275336479457	-0.0002275336479457
CACNA1F	chrX:49186209-49186710	12	0.0	0.0	0	0.0	0.0	0.0	unsupported	True	0.0001554369903994	0.0001554369903994
CACNA1F	chrX:49073845-49074346	13	0.0	0.0	0	0.0	0.0	0.0	unsupported	True	0.000115968465783	-0.000115968465783
CACNA1F	chrX:49248299-49248800	14	0.0	0.0	0	0.0	0.0	0.0	unsupported	True	9.9124037473404e-05	-9.9124037473404e-05
CACNA1F	chrX:49111718-49112219	15	0.0	0.0	0	0.0	0.0	0.0	unsupported	True	9.51811945099847e-05	9.51811945099847e-05
CACNA1F	chrX:49214468-49214969	16	0.0	0.0	0	0.0	0.0	0.0	unsupported	True	3.989667135461143e-05	3.989667135461143e-05
CACNA1F	chrX:49234068-49234569	17	0.0	0.0	0	0.0	0.0	0.0	unsupported	True	3.0052008152485505e-05	3.0052008152485505e-05
CACNA1F	chrX:49172450-49172951	18	0.0	0.0	0	0.0	0.0	0.0	unsupported	True	2.530509921921801e-05	-2.530509921921801e-05
CACNA1F	chrX:49200016-49200517	19	0.0	0.0	0	0.0	0.0	0.0	unsupported	True	2.5056540144322572e-05	2.5056540144322572e-05
CASTOR2	chr7:75073587-75074088	0	0.0005233891814756537	0.06156440574831969	5	0.061041016566844034	0.06373594699921985	0.00023951675131046098	unsupported	True	0.0022829679360665	-0.0022829679360665
CASTOR2	chr7:74890552-74891053	1	0.0010539233986224437	0.0741326909697772	5	0.07307876757115477	0.06400656448054694	0.0003467572075815168	unsupported	True	0.0022809970913428	0.0022809970913428
CASTOR2	chr7:75092792-75093293	2	0.005163034773968944	0.066108267273831	5	0.060945232499862056	0.06680754140605981	0.00026916649664256696	unsupported	True	0.0022104858931013	-0.0022104858931013
CASTOR2	chr7:74993840-74994341	3	-0.0010472562761713073	0.0678580003550205	5	0.0689052566311918	0.062151596805374715	0.00029060675383310114	unsupported	True	0.0014779764268216	0.0014779764268216
CASTOR2	chr7:74943875-74944376	4	-0.016550869381735982	0.002118853366222435	4	0.018669722747958417	0.019652672600915803	7.774283799363315e-07	unsupported	True	0.0011665742609334	-0.0011665742609334
CASTOR2	chr7:75046292-75046793	5	0.003225115345408817	0.09315830054624699	5	0.08993318520083818	0.08315769248232623	0.000696697034965662	unsupported	True	0.0008546856417544	0.0008546856417544
CASTOR2	chr7:75031406-75031907	6	0.004396045419356301	0.09261048328318389	5	0.08821443786382759	0.06841475488923104	0.0005589199311350338	unsupported	True	0.0008364688391322	-0.0008364688391322
CASTOR2	chr7:74874774-74875275	7	0.012714056633451102	0.0900890272472286	5	0.0773749706137775	0.054415022007496455	0.000379307302415551	unsupported	True	0.0008143126495598	-0.0008143126495598
CASTOR2	chr7:75105453-75105954	8	0.008804877387445316	0.04892631932988542	0	0.040121441942440106	0.056856813411716486	0.00011160961090324795	unsupported	True	0.0007802580183877	-0.0007802580183877
CASTOR2	chr7:75156758-75157259	9	0.0040412826718773795	0.05097150972144821	5	0.04693022704957083	0.05978070155542092	0.00014300168665577157	unsupported	True	0.0006160014037203	-0.0006160014037203
CASTOR2	chr7:74964342-74964843	10	-0.0016888256903576943	0.0467993100421293	5	0.04848813573248699	0.06115436723205773	0.00013877218101503058	unsupported	True	0.0004454385923939	-0.0004454385923939
CASTOR2	chr7:74999139-74999640	11	0.002279266370295846	0.07100109674381604	5	0.06872183037352018	0.06594328558762423	0.0003217587434976223	unsupported	True	0.0002491889872547	0.0002491889872547
CASTOR2	chr7:74980421-74980922	12	0.0005505161505037813	0.032634281212491636	5	0.03208376506198785	0.036305782491733087	3.80132656392545e-05	unsupported	True	0.0002103364238062	0.0002103364238062
CASTOR2	chr7:75054734-75055235	13	0.008954607671600744	0.07035544195504564	2	0.0614008342834449	0.042291969270160455	0.00018269635199941238	unsupported	True	8.185685027621509e-05	-8.185685027621509e-05
CASTOR2	chr7:75077483-75077984	14	-0.0048356047651939545	0.08141808043137573	5	0.08625368519656969	0.11005567691819551	0.0007728780399255282	unsupported	True	6.632485432842724e-06	6.632485432842724e-06
RGL2	chr6:33312652-33313153	0	0.002659439714193104	0.06614496418661217	4	0.06348552447241906	0.0765957079014411	0.00032164435349770355	unsupported	True	0.0040484867360044	0.0040484867360044
RGL2	chr6:33410714-33411215	1	0.012467884263725052	0.036857827938504006	4	0.024389943674778952	0.03348556629764727	3.010219631164482e-05	unsupported	True	0.0014725201946344	-0.0014725201946344
RGL2	chr6:33427913-33428414	2	0.009954547622206173	0.03848101980283448	4	0.028526472180628305	0.04263508031219672	4.6801710393676116e-05	unsupported	True	0.0008571001044254	0.0008571001044254
RGL2	chr6:33289043-33289544	3	-0.004744050719844895	0.018868353780868485	0	0.02361240450071338	0.023967399991269702	1.067812865100816e-05	unsupported	True	0.0008233504486648	0.0008233504486648
RGL2	chr6:33430906-33431407	4	0.01873603233384592	0.030472272964705675	0	0.011736240630859755	0.02448204508812787	8.755512024192619e-06	unsupported	True	0.0007905787589204	-0.0007905787589204
RGL2	chr6:33248200-33248701	5	-0.00835223279478592	0.010979448651687327	4	0.019331681446473247	0.026445338694119296	5.613054972522694e-06	unsupported	True	0.0006864200860588	0.0006864200860588
RGL2	chr6:33148006-33148507	6	-0.01251994731746913	0.010201071066201493	3	0.022721018383670626	0.024132557157784687	5.593413286265178e-06	unsupported	True	0.000667379333291	0.000667379333291
RGL2	chr6:33249101-33249602	7	-0.002366406355826306	0.007978533065365234	3	0.01034493942119154	0.011303865187112032	9.329921085664067e-07	unsupported	True	0.000580050281945	0.000580050281945
RGL2	chr6:33322886-33323387	8	0.004573206145446302	0.030445575392319207	4	0.025872369246872903	0.03693012663059265	2.908983003891151e-05	unsupported	True	0.0005699142083971	0.0005699142083971
RGL2	chr6:33419847-33420348	9	-0.0044548352657605055	0.009304118866362943	5	0.013758954132123448	0.02033622274514974	2.6033404305769036e-06	unsupported	True	0.0004836159156412	0.0004836159156412
RGL2	chr6:33235248-33235749	10	0.03474139616477283	0.10636220568700173	4	0.0716208095222289	0.12257910505170289	0.0009337766433413875	unsupported	True	0.0004626721684849	0.0004626721684849
RGL2	chr6:33425763-33426264	11	0.025348509523379772	0.053792472265247984	4	0.028443962741868212	0.05042580621228391	7.715506761506702e-05	unsupported	True	0.0004274333585632	-0.0004274333585632
RGL2	chr6:33375151-33375652	12	0.023288176976118187	0.0776494539403388	4	0.05436127696422061	0.0754635124926375	0.00031854080384497504	unsupported	True	0.0004060583575654	0.0004060583575654
RGL2	chr6:33427412-33427913	13	0.008950503121478331	0.047126270751611146	4	0.03817576763013281	0.0526207030161132	9.466893654883742e-05	unsupported	True	0.0003653627015324	-0.0003653627015324
RGL2	chr6:33276878-33277379	14	0.001700575656583654	0.01146295850918589	0	0.009762382852602235	0.015240796433388347	1.7055333588613274e-06	unsupported	True	0.00035004482455	0.00035004482455
RGL2	chr6:33206704-33207205	15	0.030362805756315555	0.0679684261324713	4	0.03760562037615574	0.0642782520605926	0.0001642948799934669	unsupported	True	0.0003296313579869	-0.0003296313579869
RGL2	chr6:33162616-33163117	16	-0.0072267002052471396	0.025371124836443226	1	0.03259782504169036	0.027059004469581604	2.2378973452651642e-05	unsupported	True	0.0002919678396886	0.0002919678396886
RGL2	chr6:33271755-33272256	17	-0.0014898261788732848	0.013885666776218372	0	0.015375492955091656	0.016386388378607484	3.4984770686193347e-06	unsupported	True	0.0002535578204687	0.0002535578204687
RGL2	chr6:33345174-33345675	18	0.0020838697405965094	0.048132536994672195	4	0.046048667254075686	0.05501358577811283	0.0001219342669598204	unsupported	True	0.0002401076253103	0.0002401076253103
RGL2	chr6:33410211-33410712	19	0.001179700442166066	0.015327917815904153	0	0.014148217373738087	0.017252458291792328	3.7414149135998205e-06	unsupported	True	0.000206731839448	-0.000206731839448
DYTN	chr2:206643827-206644328	0	-0.0016360981397275365	0.020358964137344056	2	0.021995062277071594	0.020358964137344056	9.1166766323636e-06	unsupported	True	0.0035296024184236	0.0035296024184236
DYTN	chr2:206520898-206521399	1	-0.00813607515360065	0.0	0	0.00813607515360065	0.008732908570127422	0.0	unsupported	True	0.0019513246143564	0.0019513246143564
DYTN	chr2:206800461-206800962	2	0.03312864794270729	0.0620509128246954	4	0.02892226488198811	0.0620509128246954	0.00011135985293723431	unsupported	True	0.0011190993007472	0.0011190993007472
DYTN	chr2:206708152-206708653	3	0.02133018983809633	0.08708624053904185	4	0.06575605070094552	0.08708624053904185	0.0004986947624943606	unsupported	True	0.0010463120786488	0.0010463120786488
DYTN	chr2:206611688-206612189	4	0.08208445191397108	0.2008741032683427	4	0.11878965135437163	0.2008741032683427	0.004793210585180592	unsupported	True	0.0009275001920054	0.0009275001920054
DYTN	chr2:206765063-206765564	5	0.02863834781830929	0.07039598781386272	4	0.04175763999555343	0.07039598781386272	0.00020693395616161778	unsupported	True	0.0008689786643864	0.0008689786643864
DYTN	chr2:206781464-206781965	6	0.014494051732064044	0.04990944060274147	5	0.035415388870677425	0.04990944060274147	8.821804299147414e-05	unsupported	True	0.0008413365772954	0.0008413365772954
DYTN	chr2:206716657-206717158	7	0.015318992504198607	0.046346603427050534	2	0.031027610922851927	0.046346603427050534	6.664754559944114e-05	unsupported	True	0.0005690490576613	0.0005690490576613
DYTN	chr2:206693633-206694134	8	0.009172156792724328	0.0495041847772284	5	0.04033202798450407	0.0495041847772284	9.88402615500163e-05	unsupported	True	0.0005513704276198	0.0005513704276198
DYTN	chr2:206822851-206823352	9	0.003894727727986193	0.06422624462210819	5	0.06033151689412199	0.06422624462210819	0.00024886814056413625	unsupported	True	0.0004670987067026	0.0004670987067026
DYTN	chr2:206863580-206864081	10	-0.01084545065999152	0.00014952796422962517	2	0.010994978624221144	0.00014952796422962517	2.4583246196003596e-10	unsupported	True	0.0004597551578661	0.0004597551578661
DYTN	chr2:206642175-206642676	11	0.0003148448263359766	0.05280207027369273	5	0.052487225447356754	0.05280207027369273	0.00014633746162068928	unsupported	True	0.0003694068598262	0.0003694068598262
DYTN	chr2:206857222-206857723	12	-0.0018252526395850538	0.030464399669907993	5	0.032289652309493044	0.030464399669907993	2.9967369125151326e-05	unsupported	True	0.000305317373807	0.000305317373807
DYTN	chr2:206556318-206556819	13	0.008372740897187501	0.052389669796802436	2	0.044016928899614935	0.052389669796802436	0.0001208122744322886	unsupported	True	0.0002794098637095	0.0002794098637095
DYTN	chr2:206801551-206802052	14	-0.0010798142310893596	0.041341839165416235	5	0.042421653396505596	0.041341839165416235	7.250486987264509e-05	unsupported	True	0.0002429204900871	-0.0002429204900871
DYTN	chr2:206559132-206559633	15	0.003699805545335558	0.04079131622630626	5	0.037091510680970705	0.04079131622630626	6.171773224333241e-05	unsupported	True	0.0002193346316875	0.0002193346316875
DYTN	chr2:206570153-206570654	16	0.005208526194919127	0.01800860963240774	2	0.012800083437488612	0.01800860963240774	4.151195327037019e-06	unsupported	True	0.0001945785980602	0.0001945785980602
DYTN	chr2:206838027-206838528	17	-0.0009470277805900404	0.021334178775310565	2	0.022281206555900605	0.021334178775310565	1.0141228420417314e-05	unsupported	True	0.0001496514895747	0.0001496514895747
DYTN	chr2:206651247-206651748	18	-0.005485920385267957	0.02404473031911408	5	0.029530650704382037	0.02404473031911408	1.707311783131611e-05	unsupported	True	0.0001144147462983	0.0001144147462983
DYTN	chr2:206866950-206867451	19	0.0006898676336929521	0.028982464568299327	2	0.028292596934606375	0.028982464568299327	2.3765307593464687e-05	unsupported	True	9.295967287317832e-05	-9.295967287317832e-05
LIPJ	chr10:88553110-88553611	0	0.00477084896241622	0.007870097521191857	2	0.0030992485587756366	0.007870097521191857	1.919626053850913e-07	unsupported	True	0.0029900890317841	0.0029900890317841
LIPJ	chr10:88583163-88583664	1	0.0015159640382906433	0.0033548316178047127	2	0.0018388675795140694	0.0033548316178047127	2.069626186435966e-08	unsupported	True	0.0026225796449368	-0.0026225796449368
LIPJ	chr10:88565030-88565531	2	-0.007927052966737364	0.0	0	0.007927052966737364	0.0	0.0	unsupported	True	0.0015380417234832	0.0015380417234832
LIPJ	chr10:88532138-88532639	3	-0.004408838762330777	0.0	0	0.004408838762330777	0.0	0.0	unsupported	True	0.001327989833193	0.001327989833193
LIPJ	chr10:88544766-88545267	4	0.032307247607557626	0.0783600221444487	2	0.04605277453689108	0.0783600221444487	0.0002827775323651806	unsupported	True	0.0007437560216768	0.0007437560216768
LIPJ	chr10:88437340-88437841	5	0.03280306691382896	0.05588800446854781	2	0.023084937554718847	0.05588800446854781	7.210508782275057e-05	unsupported	True	0.0006893273318266	0.0006893273318266
LIPJ	chr10:88507311-88507812	6	-0.0011087262945340829	4.419724795154578e-05	2	0.0011529235424856286	4.419724795154578e-05	2.2521170737851627e-12	unsupported	True	0.0006790053765632	0.0006790053765632
LIPJ	chr10:88582660-88583161	7	0.011414987260255804	0.02911446399924448	2	0.017699476738988675	0.02911446399924448	1.500299710390038e-05	unsupported	True	0.0006525918520844	0.0006525918520844
LIPJ	chr10:88436307-88436808	8	-0.0036095713501359777	0.0	0	0.0036095713501359777	0.0	0.0	unsupported	True	0.000577708722629	-0.000577708722629
LIPJ	chr10:88488969-88489470	9	0.0071077314861378305	0.011060778462846683	2	0.003953046976708853	0.011060778462846683	4.836190094361876e-07	unsupported	True	0.0005632532999035	0.0005632532999035
LIPJ	chr10:88499512-88500013	10	0.001283994823641071	0.0045295809868277125	2	0.0032455861631866412	0.0045295809868277125	6.659002857918215e-08	unsupported	True	0.0004823743117821	0.0004823743117821
LIPJ	chr10:88687810-88688311	11	0.007187223944274305	0.023578646991270907	2	0.016391423046996603	0.023578646991270907	9.112854161328754e-06	unsupported	True	0.0003677869653538	0.0003677869653538
LIPJ	chr10:88652696-88653197	12	-0.0013578804718865016	0.0	0	0.0013578804718865016	0.0	0.0	unsupported	True	0.0002790462028529	-0.0002790462028529
LIPJ	chr10:88500099-88500600	13	-0.006381161295226784	0.0	0	0.006381161295226784	0.0	0.0	unsupported	True	0.0002751663853545	0.0002751663853545
LIPJ	chr10:88464237-88464738	14	-0.004768198372128672	0.0	0	0.004768198372128672	0.0	0.0	unsupported	True	0.0001727617096772	0.0001727617096772
LIPJ	chr10:88624976-88625477	15	-0.007166718008836819	0.0	0	0.007166718008836819	0.0	0.0	unsupported	True	0.0001205638625241	0.0001205638625241
LIPJ	chr10:88693330-88693831	16	0.006662433959131222	0.015201772521747061	2	0.00853933856261584	0.015201772521747061	1.9733889477004982e-06	unsupported	True	0.0001151074998457	0.0001151074998457
LIPJ	chr10:88466774-88467275	17	-0.00831938082754174	0.0	0	0.00831938082754174	0.0	0.0	unsupported	True	5.007175449368864e-05	-5.007175449368864e-05
LIPJ	chr10:88576334-88576835	18	0.01612431151552826	0.029944573374160344	2	0.013820261858632082	0.029944573374160344	1.239231750116264e-05	unsupported	True	4.788792610662816e-05	4.788792610662816e-05
SPINDOC	chr11:63813126-63813627	0	-0.028331410396676575	0.013708357219086899	2	0.042039767615763474	0.04011429513338538	2.311771392092057e-05	unsupported	True	0.0048370643332919	0.0048370643332919
SPINDOC	chr11:63839134-63839635	1	-0.028100699088814293	0.00025900615728061767	2	0.02835970524609491	0.02381701383219326	1.7494402335502244e-07	unsupported	True	0.0010640586889309	-0.0010640586889309
SPINDOC	chr11:63779010-63779511	2	-0.01157354146761707	0.0009653913670372968	0	0.012538932834654367	0.011391388755913306	1.3789250470296212e-07	unsupported	True	0.0009972636988748	0.0009972636988748
SPINDOC	chr11:63871967-63872468	3	-0.010744102379440713	0.04309264776934984	2	0.05383675014879055	0.055835428081883215	0.0001295364126256348	unsupported	True	0.0007399163741351	0.0007399163741351
SPINDOC	chr11:63813825-63814326	4	-0.016463086638575805	0.0391969143697774	0	0.05566000100835321	0.06142664215667383	0.00013401452321248395	unsupported	True	0.0007375502672537	0.0007375502672537
SPINDOC	chr11:63838601-63839102	5	-0.027427523061264794	0.02350916311615073	2	0.05093668617741552	0.04873379598685058	5.8357690653868335e-05	unsupported	True	0.0007033001475888	-0.0007033001475888
SPINDOC	chr11:63682545-63683046	6	-0.03069477296613407	0.03023220800927489	2	0.06092698097540896	0.0657626501406463	0.00012113198443350625	unsupported	True	0.0006267457418343	-0.0006267457418343
SPINDOC	chr11:63938610-63939111	7	-0.02401134702250136	0.017252472003264283	2	0.04126381902576565	0.04095980621671662	2.9159404111903608e-05	unsupported	True	0.0005670132535479	-0.0005670132535479
SPINDOC	chr11:63681734-63682235	8	-0.02988863371510426	-0.003691969696691984	5	0.026196664018412273	0.026349420539220448	0.0	unsupported	True	0.0005644783609043	-0.0005644783609043
SPINDOC	chr11:63767341-63767842	9	-0.026340702941510176	0.06088569395694095	2	0.08722639689845113	0.08915580843896123	0.0004734922075250396	unsupported	True	0.0004469968397375	0.0004469968397375
SPINDOC	chr11:63866208-63866709	10	-0.013731378070639884	0.046837876845669146	2	0.06056925491630903	0.07719262205161774	0.00021899047458336562	unsupported	True	0.0004348533708864	0.0004348533708864
SPINDOC	chr11:63920226-63920727	11	-0.011064319612347231	0.05902174966406759	0	0.07008606927641482	0.08035026741217383	0.0003323771118920538	unsupported	True	0.0003308189175604	0.0003308189175604
SPINDOC	chr11:63762748-63763249	12	-0.014919230287288693	0.03332678883359523	0	0.04824601912088392	0.058246528676067985	9.36537134291139e-05	unsupported	True	0.000320615960258	0.000320615960258
SPINDOC	chr11:63961591-63962092	13	-0.026103508081487044	0.008429313160045153	2	0.034532821241532195	0.05145452155134199	1.4977791945003297e-05	unsupported	True	0.0003092050273115	0.0003092050273115
SPINDOC	chr11:63763797-63764298	14	-0.01544387157997276	0.0593961971412774	2	0.07484006872125015	0.0800896722415947	0.00035601585050281927	unsupported	True	0.0003017336950216	0.0003017336950216
SPINDOC	chr11:63917715-63918216	15	-0.03253741083198044	0.014893102825894218	2	0.04743051365787466	0.05372016723656537	3.794725554661668e-05	unsupported	True	0.0002941623954615	-0.0002941623954615
SPINDOC	chr11:63681148-63681649	16	-0.027390196775940245	0.0078939616582049	2	0.035284158434145146	0.033753301864339835	9.401367715661977e-06	unsupported	True	0.0002878179285047	-0.0002878179285047
SPINDOC	chr11:63916312-63916813	17	-0.027861495229926477	0.01827363428879992	2	0.04613512951872639	0.04891404141446641	4.123729980694056e-05	unsupported	True	0.000271087740496	-0.000271087740496
SPINDOC	chr11:63974232-63974733	18	-0.026603297618675782	0.01650249415508986	2	0.04310579177376564	0.0373679465660815	2.6581803763371257e-05	unsupported	True	0.0002291247622071	-0.0002291247622071
SPINDOC	chr11:63704870-63705371	19	-0.016476876422922	0.1093409663712875	2	0.1258178427942095	0.14402986332891404	0.0019814252417185443	unsupported	True	0.0002277675819925	0.0002277675819925
FHOD1	chr16:67247367-67247868	0	-0.0012428331816313482	0.02608796233968905	5	0.027330795521320398	0.05660803097079488	4.036179577834399e-05	unsupported	True	0.0011843532912878	0.0011843532912878
FHOD1	chr16:67226760-67227261	1	-0.009204661533161797	0.04008383463336006	5	0.04928849616652185	0.08517889114970925	0.00016828554424454457	unsupported	True	0.0011585068001079	-0.0011585068001079
FHOD1	chr16:67254958-67255459	2	0.008679919558917297	0.07250998769367244	3	0.06383006813475514	0.10959609235583781	0.0005072455072434521	unsupported	True	0.0011519900982818	0.0011519900982818
FHOD1	chr16:67246085-67246586	3	-0.009807671672824316	0.0066619622300342065	5	0.01646963390285852	0.028974223245540415	3.17905406356094e-06	unsupported	True	0.0011052508776733	0.0011052508776733
FHOD1	chr16:67183444-67183945	4	-0.012431745007145079	0.03926372054654595	5	0.051695465553691027	0.08828912937457864	0.0001792054177194187	unsupported	True	0.0010745631478677	-0.0010745631478677
FHOD1	chr16:67347004-67347505	5	-0.011921264116304675	0.019006101522321513	5	0.03092736563862619	0.04618837207694694	2.7149924689165306e-05	unsupported	True	0.001030156407154	0.001030156407154
FHOD1	chr16:67163444-67163945	6	-0.002400907877133174	0.04789691516650893	3	0.0502978230436421	0.08166350909348934	0.0001967364223999185	unsupported	True	0.0009783904744291	-0.0009783904744291
FHOD1	chr16:67326565-67327066	7	-0.009099576953671548	0.03771065061443039	5	0.046810227568101936	0.08039537204080154	0.00014191745913717324	unsupported	True	0.0008343830429818	0.0008343830429818
FHOD1	chr16:67396219-67396720	8	-0.005079037898498662	0.04903809294842471	3	0.05411713084692338	0.08443344419806434	0.00022406954957587718	unsupported	True	0.0008338823488838	0.0008338823488838
FHOD1	chr16:67191877-67192378	9	-0.011041217908864911	0.03825644633732835	5	0.049297664246193265	0.08492774716951003	0.00016016977750245756	unsupported	True	0.0006862528837034	-0.0006862528837034
FHOD1	chr16:67109618-67110119	10	-0.009561765839134158	0.036980293233838286	5	0.046542059072972444	0.07661114388013351	0.00013185842697106858	unsupported	True	0.0006160531377626	-0.0006160531377626
FHOD1	chr16:67198181-67198682	11	-0.006257315744481418	0.03787559948563042	5	0.04413291523011184	0.07878942012090574	0.0001317012920561798	unsupported	True	0.0005487798362533	0.0005487798362533
FHOD1	chr16:67178058-67178559	12	-0.012684272662910584	0.03775364162522392	5	0.0504379142881345	0.07032838389895796	0.00013392035935162812	unsupported	True	0.0005167132660764	0.0005167132660764
FHOD1	chr16:67248688-67249189	13	-0.0028968235396139635	0.05790727434498233	5	0.06080409788459629	0.09554255630247706	0.0003364053003745284	unsupported	True	0.0004455302645352	0.0004455302645352
FHOD1	chr16:67170231-67170732	14	-0.009874196366065024	0.027410065127531556	5	0.03728426149359658	0.060114338551216256	6.143469203352918e-05	unsupported	True	0.0004019774427389	0.0004019774427389
FHOD1	chr16:67160780-67161281	15	-0.010007621851918605	0.03501422348977312	5	0.04502184534169173	0.07512276695834566	0.00011842390204511115	unsupported	True	0.000393560623951	-0.000393560623951
FHOD1	chr16:67393306-67393807	16	-0.005349406608342509	0.026065446395507477	5	0.03141485300384998	0.058649190180281516	4.802442997970006e-05	unsupported	True	0.0003851398351602	0.0003851398351602
FHOD1	chr16:67164452-67164953	17	-0.010164783907120034	0.03275447551053173	5	0.04291925941765177	0.06136340275939011	8.626453853418468e-05	unsupported	True	0.0003417096346122	-0.0003417096346122
FHOD1	chr16:67237082-67237583	18	-0.009812219810155271	0.03383947580557728	3	0.04365169561573255	0.06143151131472017	9.074358751060658e-05	unsupported	True	0.0003410039348043	0.0003410039348043
FHOD1	chr16:67260657-67261158	19	-0.012096797857409495	0.01714794787063342	3	0.029244745728042913	0.05617392382810747	2.817051361717526e-05	unsupported	True	0.0002625214526733	0.0002625214526733
PNPLA5	chr22:43991860-43992361	0	0.0	0.0	0	0.0	0.0	0.0	unsupported	True	0.0016315210517565	0.0016315210517565
PNPLA5	chr22:43826260-43826761	1	0.0	0.0	0	0.0	0.0	0.0	unsupported	True	0.0015194776430585	0.0015194776430585
PNPLA5	chr22:43744600-43745101	2	0.0	0.0	0	0.0	0.0	0.0	unsupported	True	0.0013636870319493	0.0013636870319493
PNPLA5	chr22:43886078-43886579	3	0.0	0.0	0	0.0	0.0	0.0	unsupported	True	0.0012815923829304	0.0012815923829304
PNPLA5	chr22:43796532-43797033	4	0.0	0.0	0	0.0	0.0	0.0	unsupported	True	0.0012027826920801	0.0012027826920801
PNPLA5	chr22:43993071-43993572	5	0.0	0.0	0	0.0	0.0	0.0	unsupported	True	0.0008786643517744	0.0008786643517744
PNPLA5	chr22:44024452-44024953	6	0.0	0.0	0	0.0	0.0	0.0	unsupported	True	0.000809711118206	0.000809711118206
PNPLA5	chr22:44012429-44012930	7	0.0	0.0	0	0.0	0.0	0.0	unsupported	True	0.0006281491917349	0.0006281491917349
PNPLA5	chr22:43734704-43735205	8	0.0	0.0	0	0.0	0.0	0.0	unsupported	True	0.0005938224020524	0.0005938224020524
PNPLA5	chr22:43782638-43783139	9	0.0	0.0	0	0.0	0.0	0.0	unsupported	True	0.0004867571386665	-0.0004867571386665
PNPLA5	chr22:43862284-43862785	10	0.0	0.0	0	0.0	0.0	0.0	unsupported	True	0.0004645546075292	0.0004645546075292
PNPLA5	chr22:43923462-43923963	11	0.0	0.0	0	0.0	0.0	0.0	unsupported	True	0.0004614732657761	-0.0004614732657761
PNPLA5	chr22:43740879-43741380	12	0.0	0.0	0	0.0	0.0	0.0	unsupported	True	0.0004440247401657	0.0004440247401657
PNPLA5	chr22:43745713-43746214	13	0.0	0.0	0	0.0	0.0	0.0	unsupported	True	0.0004164964404903	0.0004164964404903
PNPLA5	chr22:43891819-43892320	14	0.0	0.0	0	0.0	0.0	0.0	unsupported	True	0.0004130233206421	0.0004130233206421
PNPLA5	chr22:44023918-44024419	15	0.0	0.0	0	0.0	0.0	0.0	unsupported	True	0.0003877908530244	0.0003877908530244
PNPLA5	chr22:43896562-43897063	16	0.0	0.0	0	0.0	0.0	0.0	unsupported	True	0.0003580077730258	0.0003580077730258
PNPLA5	chr22:43955093-43955594	17	0.0	0.0	0	0.0	0.0	0.0	unsupported	True	0.0003443083959595	0.0003443083959595
PNPLA5	chr22:43792731-43793232	18	0.0	0.0	0	0.0	0.0	0.0	unsupported	True	0.0003186280977515	0.0003186280977515
PNPLA5	chr22:43828637-43829138	19	0.0	0.0	0	0.0	0.0	0.0	unsupported	True	0.0002838909579653	0.0002838909579653
ZNF594	chr17:5078181-5078682	0	0.016356901537571623	0.04645335423253521	1	0.030096452694963586	0.046919077777217856	6.559667953798011e-05	unsupported	True	0.0019853887556066	-0.0019853887556066
ZNF594	chr17:5031509-5032010	1	0.02129805338234312	0.0443163787150998	0	0.023018325332756683	0.04640843937804327	4.7340730294702896e-05	unsupported	True	0.0014071001663081	0.0014071001663081
ZNF594	chr17:5096949-5097450	2	0.03508718676249193	0.07046356623858874	0	0.03537637947609681	0.05204110631099416	0.00012972525222824943	unsupported	True	0.0012635048998033	0.0012635048998033
ZNF594	chr17:5122934-5123435	3	0.05118641854635833	0.1145164153701576	1	0.06332999682379926	0.10831680717400997	0.0007855486042814853	unsupported	True	0.0010997667755632	0.0010997667755632
ZNF594	chr17:5297483-5297984	4	-0.012852508349464869	0.05371331497540282	3	0.06656582332486768	0.07849380976273673	0.0002806523432213486	unsupported	True	0.0010974816893772	-0.0010974816893772
ZNF594	chr17:5281998-5282499	5	0.018327377484355832	0.04519978716918596	1	0.02687240968483013	0.044833186088032	5.445560721692645e-05	unsupported	True	0.0008526313526516	-0.0008526313526516
ZNF594	chr17:5191703-5192204	6	0.010816755015781028	0.03768398183040075	1	0.026867226814619727	0.0506835620030442	5.1315286335168194e-05	unsupported	True	0.0007820580775379	-0.0007820580775379
ZNF594	chr17:5249451-5249952	7	0.008610946893496731	0.04310843035333554	0	0.03449748345983881	0.05413343269315972	8.05035796833581e-05	unsupported	True	0.0007357867872831	0.0007357867872831
ZNF594	chr17:5050198-5050699	8	0.0014278017009392184	0.046191603928747854	0	0.04476380222780864	0.06527633732127025	0.00013497265443164862	unsupported	True	0.0007041991614064	0.0007041991614064
ZNF594	chr17:5097450-5097951	9	0.020300056122407192	0.05592900307894157	1	0.03562894695653438	0.053758574208440546	0.00010712425301883261	unsupported	True	0.0005807395708585	0.0005807395708585
ZNF594	chr17:5307165-5307666	10	0.027699455305558524	0.09787167271650059	1	0.07017221741094207	0.10131016367690804	0.0006957852664436546	unsupported	True	0.0005573222345736	0.0005573222345736
ZNF594	chr17:5111662-5112163	11	0.031090476356938093	0.0750390568038915	1	0.043948580446953406	0.05271777484305133	0.0001738558422412545	unsupported	True	0.0004663977248907	0.0004663977248907
ZNF594	chr17:5272325-5272826	12	0.005574657547828383	0.030742416632578744	0	0.02516775908475036	0.03555142506198934	2.750676809246755e-05	unsupported	True	0.0004422013667933	0.0004422013667933
ZNF594	chr17:5122368-5122869	13	0.04287033411469993	0.09669299539843476	1	0.05382266128373483	0.08019966034811785	0.0004173810344135679	unsupported	True	0.000440015529833	0.000440015529833
ZNF594	chr17:5183845-5184346	14	0.032878495256832126	0.07630450790206676	1	0.043426012645234637	0.054155270744420794	0.00017944893357258875	unsupported	True	0.0003877942438468	0.0003877942438468
ZNF594	chr17:5062327-5062828	15	-0.007883330107115947	0.018170424276659436	0	0.026053754383775385	0.036786672147900414	1.7415096469676416e-05	unsupported	True	0.0003632825463787	0.0003632825463787
ZNF594	chr17:5124833-5125334	16	-0.010337380910853544	0.0030217429848283794	0	0.013359123895681923	0.016335255447747506	6.59418960553805e-07	unsupported	True	0.0003451674364174	0.0003451674364174
ZNF594	chr17:5313689-5314190	17	0.005806214984481831	0.05038585149153365	3	0.044579636507051816	0.06930248267235195	0.00015566605459644086	unsupported	True	0.0002958100816395	-0.0002958100816395
ZNF594	chr17:5282506-5283007	18	0.030390470933359153	0.08110366188641246	1	0.05071319095305331	0.06735104701562612	0.0002770165733041571	unsupported	True	0.0002567740229537	0.0002567740229537
ZNF594	chr17:5116817-5117318	19	0.009639230576046275	0.036880401915614446	4	0.02724117133956817	0.04677635938198521	4.69945873605557e-05	unsupported	True	0.0002217598610731	-0.0002217598610731
OSCP1	chr1:36450267-36450768	0	0.025152295239241222	0.10160412066848844	1	0.07645182542924722	0.10456955813489621	0.0008122775569629493	unsupported	True	0.0020692214749022	0.0020692214749022
OSCP1	chr1:36561135-36561636	1	0.00189001547481849	0.04568536539602792	1	0.043795349921209425	0.059783448238963505	0.00011961511564295761	unsupported	True	0.0014707313888251	0.0014707313888251
OSCP1	chr1:36420743-36421244	2	0.0071668583641822485	0.027387831552530516	5	0.020220973188348267	0.01745355639804067	9.665929764908691e-06	unsupported	True	0.001462342813504	0.001462342813504
OSCP1	chr1:36321081-36321582	3	0.01490574316217922	0.07118083811514922	1	0.05627509495297	0.07567415527363833	0.00030312860124068723	unsupported	True	0.0014453075932646	-0.0014453075932646
OSCP1	chr1:36366199-36366700	4	0.012519057270744007	0.09020592398883558	1	0.07768686671809157	0.11445652889183613	0.0008020902480151062	unsupported	True	0.001313013402039	-0.001313013402039
OSCP1	chr1:36594002-36594503	5	-0.014031933220709667	0.015454685930243241	2	0.02948661915095291	0.016619361510393338	7.573550037774392e-06	unsupported	True	0.0008431181931269	0.0008431181931269
OSCP1	chr1:36289548-36290049	6	0.003221585480914039	0.03121505673864215	1	0.02799347125772811	0.052480005640723776	4.585796273822276e-05	unsupported	True	0.0006899797002121	0.0006899797002121
OSCP1	chr1:36323441-36323942	7	0.044129428967112964	0.10714687903129451	1	0.06301745006418155	0.11893883885320758	0.0008030896811756013	unsupported	True	0.0005978509041617	-0.0005978509041617
OSCP1	chr1:36368952-36369453	8	0.018247712624989497	0.10090383264615935	1	0.08265612002116984	0.11900463394951326	0.0009925366455324099	unsupported	True	0.000549770902415	-0.000549770902415
OSCP1	chr1:36373815-36374316	9	0.023980800791474872	0.0627817873781443	1	0.03880098658666943	0.05907087702271925	0.00014389637820035357	unsupported	True	0.0005497651571994	-0.0005497651571994
OSCP1	chr1:36400898-36401399	10	-0.0070380283630016895	0.010384222667167053	3	0.017422251030168742	0.01805751499973518	3.2669030274985328e-06	unsupported	True	0.0004376710804287	-0.0004376710804287
OSCP1	chr1:36421409-36421910	11	-0.0024081493156939424	0.061219050965903736	2	0.06362720028159768	0.07605493699761322	0.00029624894849935457	unsupported	True	0.0004114261610351	0.0004114261610351
OSCP1	chr1:36385747-36386248	12	0.011329619167035516	0.06319200849186768	1	0.05186238932483216	0.0640453275405456	0.00020989501841337056	unsupported	True	0.0004099487452855	0.0004099487452855
OSCP1	chr1:36322701-36323202	13	0.05359688502594429	0.08361587445754173	1	0.03001898943159744	0.09280919496913845	0.00023295702395504885	unsupported	True	0.0003407551138715	0.0003407551138715
OSCP1	chr1:36441492-36441993	14	-0.023109201471791442	0.005310569922517725	1	0.028419771394309165	0.038442218331247856	5.8018988431603734e-06	unsupported	True	0.000312410115248	-0.000312410115248
OSCP1	chr1:36306747-36307248	15	0.017117344392876856	0.0723178680300771	1	0.055200523637200245	0.07196514120535834	0.00028728370546133794	unsupported	True	0.0003041995332666	0.0003041995332666
OSCP1	chr1:36397698-36398199	16	0.01394135976807232	0.07993216056448932	1	0.065990800796417	0.09097110747942114	0.0004798532410383153	unsupported	True	0.0002946625955109	0.0002946625955109
OSCP1	chr1:36486533-36487034	17	-0.004938381627154517	0.0020326715100023748	1	0.006971053137156891	0.018118286199330782	2.5673359893435296e-07	unsupported	True	0.000284605979687	-0.000284605979687
OSCP1	chr1:36429582-36430083	18	-0.013863775818956158	0.035377255784657696	5	0.04924103160361386	0.05772267118863106	0.00010055361879273764	unsupported	True	0.000279935822101	-0.000279935822101
OSCP1	chr1:36553755-36554256	19	-0.01606987381212882	0.01512158058970905	1	0.03119145440183787	0.03333495616001374	1.5722901810659337e-05	unsupported	True	0.0002164744857886	0.0002164744857886
CHCHD1	chr10:73848985-73849486	0	0.03565693442755717	0.05801167905575721	5	0.022354744628200036	0.01777524758106877	2.305158578459436e-05	unsupported	True	0.0022016331446588	0.0022016331446588
CHCHD1	chr10:73874413-73874914	1	0.02204732177370422	0.05323272831781381	5	0.03118540654410959	0.028264812703734425	4.6921971078244814e-05	unsupported	True	0.0018057551253195	-0.0018057551253195
CHCHD1	chr10:73798993-73799494	2	0.015506191791800851	0.036928137805596416	3	0.021421946013795566	0.013517046103860404	1.0692964460495497e-05	unsupported	True	0.0012252718471585	0.0012252718471585
CHCHD1	chr10:73772432-73772933	3	0.023615824886254716	0.05982073465820094	5	0.03620490977194622	0.04099141146254187	8.877937524109542e-05	unsupported	True	0.0011563798005339	0.0011563798005339
CHCHD1	chr10:73744083-73744584	4	0.013401215710586304	0.045657955689717956	5	0.03225673997913165	0.03477449140038467	5.121506432840287e-05	unsupported	True	0.0010559476772819	-0.0010559476772819
CHCHD1	chr10:73914944-73915445	5	0.020472888695299278	0.046989456182278184	4	0.026516567486978906	0.03655255658468922	4.554445209672217e-05	unsupported	True	0.0009632485808114	0.0009632485808114
CHCHD1	chr10:73873548-73874049	6	0.029170418633067054	0.0548515562966735	5	0.025681137663606447	0.013142519275457808	1.851321461799915e-05	unsupported	True	0.000934687344008	0.000934687344008
CHCHD1	chr10:73647271-73647772	7	0.018194883898661873	0.04594039715971572	5	0.027745513261053848	0.033855457626464136	4.315351707649205e-05	unsupported	True	0.0007726754475044	0.0007726754475044
CHCHD1	chr10:73887656-73888157	8	0.03578416172536957	0.0788261199811757	5	0.043041958255806125	0.02863736850578598	9.716173918755727e-05	unsupported	True	0.0007565356314386	-0.0007565356314386
CHCHD1	chr10:73785198-73785699	9	0.018776528597180937	0.04626555731647315	5	0.027489028719292215	0.03416311226341594	4.344848334792861e-05	unsupported	True	0.000535536816694	-0.000535536816694
CHCHD1	chr10:73655907-73656408	10	-0.005505992675657598	0.07641472051314165	2	0.08192071318879925	0.0903264091936834	0.0005654386609409189	unsupported	True	0.000443845331102	0.000443845331102
CHCHD1	chr10:73855408-73855909	11	0.006937031647601711	0.03008375227002868	3	0.023146720622426967	0.025043763378026832	1.7438979426521177e-05	unsupported	True	0.0003887871129574	-0.0003887871129574
CHCHD1	chr10:73730267-73730768	12	0.02168703976145523	0.051882823028342975	5	0.030195783266887745	0.033649532867134735	5.271678760290304e-05	unsupported	True	0.0003558396584335	0.0003558396584335
CHCHD1	chr10:73811636-73812137	13	0.02002663963761837	0.054289628493196025	5	0.03426298885557766	0.029221968009208482	5.43565113739699e-05	unsupported	True	0.0002800234963018	-0.0002800234963018
CHCHD1	chr10:73781759-73782260	14	0.01961736403736911	0.058798527213223165	5	0.03918116317585406	0.04219560478230068	9.721001020678457e-05	unsupported	True	0.0002691892201213	-0.0002691892201213
CHCHD1	chr10:73910819-73911320	15	0.023491619040237176	0.050860564525215375	5	0.0273689454849782	0.02259529188718908	3.145264670974716e-05	unsupported	True	0.000257627718231	0.000257627718231
CHCHD1	chr10:73839157-73839658	16	0.029967020971112573	0.047929815541145976	4	0.017962794570033403	0.011973822425098077	1.0308903491232465e-05	unsupported	True	0.0002340023244474	-0.0002340023244474
CHCHD1	chr10:73879567-73880068	17	0.019527707708545266	0.05209354606496085	3	0.03256583835641558	0.023679659340577294	4.017183169486458e-05	unsupported	True	0.0002217676717663	-0.0002217676717663
CHCHD1	chr10:73644081-73644582	18	0.01858793029867819	0.052654789808195976	5	0.03406685950951779	0.03373204911017085	6.050798727596277e-05	unsupported	True	0.0002141596790169	0.0002141596790169
CHCHD1	chr10:73860097-73860598	19	0.029211862994135453	0.05129013636194456	3	0.022078273367809105	0.007260272711145314	8.22151576859358e-06	unsupported	True	0.0002097933033651	-0.0002097933033651
ABRA	chr8:106772783-106773284	0	0.0	0.0	0	0.0	0.0	0.0	unsupported	True	0.0067841290579308	0.0067841290579308
ABRA	chr8:106657331-106657832	1	0.0	0.0	0	0.0	0.0	0.0	unsupported	True	0.0029064902946147	0.0029064902946147
ABRA	chr8:106831750-106832251	2	0.0	0.0	0	0.0	0.0	0.0	unsupported	True	0.0016119369521118	-0.0016119369521118
ABRA	chr8:106640999-106641500	3	0.0	0.0	0	0.0	0.0	0.0	unsupported	True	0.0012956730114265	0.0012956730114265
ABRA	chr8:106765199-106765700	4	0.0	0.0	0	0.0	0.0	0.0	unsupported	True	0.0006671904581614	0.0006671904581614
ABRA	chr8:106705060-106705561	5	0.0	0.0	0	0.0	0.0	0.0	unsupported	True	0.0004049643172766	-0.0004049643172766
ABRA	chr8:106658004-106658505	6	0.0	0.0	0	0.0	0.0	0.0	unsupported	True	0.0002069785430622	0.0002069785430622
ABRA	chr8:106856438-106856939	7	0.0	0.0	0	0.0	0.0	0.0	unsupported	True	0.0002016832594191	-0.0002016832594191
ABRA	chr8:106725802-106726303	8	0.0	0.0	0	0.0	0.0	0.0	unsupported	True	9.815643163659452e-05	9.815643163659452e-05
ABRA	chr8:106763023-106763524	9	0.0	0.0	0	0.0	0.0	0.0	unsupported	True	4.642135940231717e-05	-4.642135940231717e-05
ABRA	chr8:106849615-106850116	10	0.0	0.0	0	0.0	0.0	0.0	unsupported	True	4.610199941237342e-05	-4.610199941237342e-05
ABRA	chr8:106783125-106783626	11	0.0	0.0	0	0.0	0.0	0.0	unsupported	True	7.948942643654629e-06	-7.948942643654629e-06
ABRA	chr8:106916128-106916629	12	0.0	0.0	0	0.0	0.0	0.0	unsupported	True	2.0490476643655725e-06	-2.0490476643655725e-06
ABRA	chr8:106642752-106643253	13	0.0	0.0	0	0.0	0.0	0.0	unsupported	True	8.139426898312796e-07	-8.139426898312796e-07
ABRA	chr8:106891661-106892162	14	0.0	0.0	0	0.0	0.0	0.0	unsupported	True	5.948858215684058e-07	-5.948858215684058e-07
EHD1	chr11:64924441-64924942	0	0.002346401007434518	0.03650544667209171	1	0.034159045664657196	0.04598271924385046	5.734004716332032e-05	unsupported	True	0.0030342894908455	-0.0030342894908455
EHD1	chr11:64887804-64888305	1	-0.01481403446515042	0.01777989858779263	5	0.03259393305294305	0.04459675819349192	2.5844571680522455e-05	unsupported	True	0.0013753728617468	-0.0013753728617468
EHD1	chr11:64745754-64746255	2	0.0030921793184621824	0.033256537018047067	1	0.030164357699584886	0.04639123359456472	4.653792631513311e-05	unsupported	True	0.0012282556262146	0.0012282556262146
EHD1	chr11:64831348-64831849	3	0.009988880985648256	0.03653997070790561	1	0.02655108972225735	0.028548997943701707	2.7697553791379995e-05	unsupported	True	0.0007898115623804	0.0007898115623804
EHD1	chr11:64917108-64917609	4	0.0035964533529037686	0.03101097659509752	1	0.02741452324219375	0.023578700774136065	2.0045459310534334e-05	unsupported	True	0.0007129213637735	-0.0007129213637735
EHD1	chr11:64767649-64768150	5	0.011624235080625898	0.05288617549635241	1	0.04126194041572651	0.04785379428047631	0.00010442589055627157	unsupported	True	0.0007016079916127	0.0007016079916127
EHD1	chr11:64777570-64778071	6	0.008647350112244871	0.04311432042917876	1	0.03446697031693389	0.034143878883760186	5.073848698308784e-05	unsupported	True	0.000670441150279	-0.000670441150279
EHD1	chr11:64708269-64708770	7	0.017773849353304182	0.07603862441555886	5	0.05826477506225468	0.06033885468772965	0.00026732365363418034	unsupported	True	0.0006625667412463	0.0006625667412463
EHD1	chr11:64763093-64763594	8	-0.009276073028788804	0.011741634078337414	5	0.021017707107126218	0.020957879339934954	5.1720321161163195e-06	unsupported	True	0.0006100714332047	-0.0006100714332047
EHD1	chr11:64723000-64723501	9	0.016244592112722313	0.03738223718011611	4	0.021137645067393795	0.028184682823782267	2.22707601989109e-05	unsupported	True	0.0005952455757354	-0.0005952455757354
EHD1	chr11:64826808-64827309	10	0.009685741402615123	0.04424919283776533	4	0.0345634514351502	0.04891881299447766	7.481666875875043e-05	unsupported	True	0.0005843437317731	0.0005843437317731
EHD1	chr11:64743884-64744385	11	0.008659021165572356	0.03328322092059065	1	0.02462419975501829	0.026143687156194986	2.142665175916211e-05	unsupported	True	0.0004913235377961	0.0004913235377961
EHD1	chr11:65013825-65014326	12	0.007876941117550025	0.03422463158672741	1	0.026347690469177384	0.03741357360086787	3.3737315838969696e-05	unsupported	True	0.000488852778953	-0.000488852778953
EHD1	chr11:64778789-64779290	13	0.011231139322268163	0.04833413528950676	1	0.037102995967238594	0.046566610275726235	8.350982199636731e-05	unsupported	True	0.0004658391428269	-0.0004658391428269
EHD1	chr11:64878474-64878975	14	0.010990850795622516	0.04600844205446546	1	0.03501759125884294	0.04713790797098637	7.594411065755407e-05	unsupported	True	0.0003615449955538	-0.0003615449955538
EHD1	chr11:65002579-65003080	15	0.003409599794543125	0.024433103628455778	2	0.021023503833912653	0.0298091986338707	1.5312074601836256e-05	unsupported	True	0.0003246728237448	0.0003246728237448
EHD1	chr11:65027177-65027678	16	0.01059842703739655	0.04569668227124661	1	0.03509825523385006	0.04648454936166518	7.455535164858904e-05	unsupported	True	0.0003155214256563	-0.0003155214256563
EHD1	chr11:64844286-64844787	17	-0.007287147379742968	0.02411418230889629	1	0.031401329688639255	0.032794501245513724	2.4832566601884184e-05	unsupported	True	0.0003136392797395	0.0003136392797395
EHD1	chr11:64725455-64725956	18	0.019494740700981495	0.05696387967247205	1	0.037469138971490554	0.0392568747550375	8.378938370065376e-05	unsupported	True	0.0002782991214566	-0.0002782991214566
EHD1	chr11:64744663-64745164	19	0.007699671216846251	0.040728567313141874	5	0.033028896096295626	0.037653567363172116	5.06523175022419e-05	unsupported	True	0.0002739184921112	0.0002739184921112
CINP	chr14:102362670-102363171	0	0.023333485545029845	0.0419026328920607	2	0.018569147347030853	0.02471539736504702	1.9230955891395024e-05	unsupported	True	0.0023118021197531	-0.0023118021197531
CINP	chr14:102316798-102317299	1	0.016429314346552926	0.04896843606249399	3	0.03253912171594107	0.04311081792745016	6.869234192138061e-05	unsupported	True	0.0013364882567065	0.0013364882567065
CINP	chr14:102509652-102510153	2	0.01800608877548302	0.037682241706857154	3	0.019676152931374133	0.021866583991665745	1.621279394156774e-05	unsupported	True	0.000915238658148	-0.000915238658148
CINP	chr14:102263015-102263516	3	0.0164031405672127	0.034406678093362425	3	0.018003537526149724	0.03619200634550427	2.2418845906694668e-05	unsupported	True	0.0009070842461347	-0.0009070842461347
CINP	chr14:102190829-102191330	4	0.012148227134472441	0.05023156173739964	2	0.038083334602927205	0.04905023646395299	9.383238491112334e-05	unsupported	True	0.0008175742904677	0.0008175742904677
CINP	chr14:102437961-102438462	5	0.023479159002480203	0.05491964542612932	3	0.03144048642364912	0.04835044533642108	8.348673167857403e-05	unsupported	True	0.0007805417383692	-0.0007805417383692
CINP	chr14:102372923-102373424	6	0.0055384246238685654	0.05374777827562605	3	0.048209353651757485	0.05154317887273514	0.0001335558837689219	unsupported	True	0.0007228719081962	0.0007228719081962
CINP	chr14:102206938-102207439	7	0.019776830491474863	0.03335771505790441	0	0.013580884566429544	0.012493337506305598	5.659822678635194e-06	unsupported	True	0.0007139205361431	0.0007139205361431
CINP	chr14:102235243-102235744	8	0.011731487040077043	0.029140220325120834	3	0.01740873328504379	0.026156168464951935	1.3268875786974443e-05	unsupported	True	0.0006626672768227	0.0006626672768227
CINP	chr14:102504652-102505153	9	0.024612490810813726	0.031980644781939876	5	0.0073681539711261505	0.01747426997889267	4.117607531046673e-06	unsupported	True	0.0005634011946844	0.0005634011946844
CINP	chr14:102392533-102393034	10	0.011326836547653565	0.04887242344345361	4	0.03754558689580005	0.038520310800411975	7.068260629409381e-05	unsupported	True	0.0005606633990982	-0.0005606633990982
CINP	chr14:102417004-102417505	11	0.015505204945750015	0.05739514172740105	3	0.04188993678165104	0.05237420970638947	0.00012592220512953675	unsupported	True	0.0005336097711259	0.0005336097711259
CINP	chr14:102256880-102257381	12	0.0008067989257955244	0.046651260994829025	5	0.045844462069033504	0.0603205516123963	0.00012900768227236525	unsupported	True	0.0005163237190735	-0.0005163237190735
CINP	chr14:102294304-102294805	13	0.018148978345510554	0.0331920921704522	1	0.015043113824941647	0.029034754443352757	1.4497413522871289e-05	unsupported	True	0.0005078944468376	-0.0005078944468376
CINP	chr14:102479587-102480088	14	0.012859636020268522	0.041347469178312994	1	0.02848783315804447	0.043485766274029225	5.122187554745028e-05	unsupported	True	0.0005062642102128	-0.0005062642102128
CINP	chr14:102474892-102475393	15	0.018036252744992223	0.03224790578601615	1	0.014211653041023925	0.023963964992670873	1.0982590458471246e-05	unsupported	True	0.0004474586387415	-0.0004474586387415
CINP	chr14:102275488-102275989	16	0.019156038190109644	0.036043401685647514	5	0.01688736349553787	0.02723480405324145	1.6577226766388637e-05	unsupported	True	0.0004217695033786	0.0004217695033786
CINP	chr14:102207754-102208255	17	0.014428753123248468	0.07354933075296899	3	0.05912057762972052	0.05453492468117917	0.00023713306330742475	unsupported	True	0.0003935309898778	0.0003935309898778
CINP	chr14:102319440-102319941	18	0.015896083898182416	0.0425188454136212	3	0.026622761515438784	0.03417143601100263	3.868100903008038e-05	unsupported	True	0.0003898989757794	-0.0003898989757794
CINP	chr14:102500292-102500793	19	0.002155560706763024	0.012735559183639198	3	0.010579998476876174	0.010104015883274349	1.3614372962615356e-06	unsupported	True	0.0002669743331722	-0.0002669743331722
ERCC1	chr19:45423584-45424085	0	0.0002639506221262633	0.05714901969874988	4	0.056885069076623614	0.06406889720352393	0.0002082832394320441	unsupported	True	0.002236284764843	0.002236284764843
ERCC1	chr19:45528590-45529091	1	-0.027600911129942937	-0.0009228023185304163	1	0.02667810881141252	0.01683843984859569	0.0	unsupported	True	0.0020008979587077	0.0020008979587077
ERCC1	chr19:45496840-45497341	2	-0.009147935828871752	0.04632701682036327	4	0.05547495264923502	0.050861955313538834	0.00013071466895437216	unsupported	True	0.0009589680952255	-0.0009589680952255
ERCC1	chr19:45526119-45526620	3	0.0063832435304095655	0.05964007747187418	4	0.05325683394146461	0.06686554560798598	0.00021238113439881547	unsupported	True	0.0008749301931201	0.0008749301931201
ERCC1	chr19:45553526-45554027	4	-0.01352697890669645	0.0343985724158781	4	0.04792555132257455	0.058746522146369606	9.684778619268778e-05	unsupported	True	0.000799487969016	0.000799487969016
ERCC1	chr19:45300519-45301020	5	-0.01658332119988304	0.005502822504308283	3	0.022086143704191322	0.027807233899141488	3.3795835554213404e-06	unsupported	True	0.0007832610007315	0.0007832610007315
ERCC1	chr19:45405287-45405788	6	0.006533806378540975	0.0558863058120336	4	0.049352499433492625	0.06872017158462959	0.00018953908960632005	unsupported	True	0.0007804511368461	0.0007804511368461
ERCC1	chr19:45529302-45529803	7	-0.01592709682831829	0.02373592306677335	1	0.03966301989509164	0.04646301063879055	4.374206187577879e-05	unsupported	True	0.0007785013776321	0.0007785013776321
ERCC1	chr19:45326092-45326593	8	-0.0020484475277772253	0.041610821727759074	4	0.0436592692555363	0.05521242944041987	0.00010030431399096965	unsupported	True	0.0006215366987818	0.0006215366987818
ERCC1	chr19:45478387-45478888	9	-0.004206317718713257	0.043759178835160895	4	0.04796549655387415	0.048756812160701796	0.00010233717190740463	unsupported	True	0.0005944503195676	0.0005944503195676
ERCC1	chr19:45385434-45385935	10	-0.013526002226359272	0.018762385247369083	4	0.03228838747372836	0.017184826704428138	1.0410691143361745e-05	unsupported	True	0.0005755963669169	0.0005755963669169
ERCC1	chr19:45523675-45524176	11	0.009546847951358413	0.06948576155107722	4	0.059938913599718806	0.07216669484292827	0.00030056714370516757	unsupported	True	0.0005732530040039	-0.0005732530040039
ERCC1	chr19:45469601-45470102	12	0.0006606885510539703	0.04899563411222407	4	0.048334945561170094	0.055389656165229215	0.00013117385615520522	unsupported	True	0.0004889010559369	0.0004889010559369
ERCC1	chr19:45455657-45456158	13	0.03417335217549872	0.09374279763232873	3	0.05956944545683002	0.11423925224137356	0.0006379355715547483	unsupported	True	0.0004418484020292	0.0004418484020292
ERCC1	chr19:45506324-45506825	14	0.002078623294926024	0.04277534050812612	4	0.0406967172132001	0.04267546746646932	7.429013385713803e-05	unsupported	True	0.0003996593738135	0.0003996593738135
ERCC1	chr19:45450646-45451147	15	0.004958454527346545	0.06786729882002253	4	0.06290884429267599	0.07550853961620212	0.0003223801862123804	unsupported	True	0.0003351671433517	-0.0003351671433517
ERCC1	chr19:45615936-45616437	16	0.009972610196052204	0.0639750027673337	4	0.0540023925712815	0.05776189693979373	0.00019955598720533253	unsupported	True	0.0003148681182221	-0.0003148681182221
ERCC1	chr19:45444160-45444661	17	0.02285958153024301	0.07315842658173136	4	0.05029884505148835	0.0899829896757418	0.000331117998330855	unsupported	True	0.0002495304466652	-0.0002495304466652
ERCC1	chr19:45273469-45273970	18	0.0026588095848445645	0.03852068544231797	4	0.035861875857473406	0.045898228087303046	6.340491564002796e-05	unsupported	True	0.0002362266498372	0.0002362266498372
ERCC1	chr19:45607245-45607746	19	0.022847521383606226	0.07508963888266951	4	0.05224211749906328	0.092504292056519	0.00036287969777448753	unsupported	True	0.0002289723507031	0.0002289723507031
BOLA1	chr1:149899317-149899818	0	0.011548493388143849	0.05746951398988546	1	0.04592102060174161	0.05913036092522301	0.00015604849555672485	unsupported	True	0.0025410053760635	-0.0025410053760635
BOLA1	chr1:149899954-149900455	1	0.002379377689809491	0.024916454861318747	1	0.022537077171509254	0.017671267274907268	9.923195277807155e-06	unsupported	True	0.0020734777161466	-0.0020734777161466
BOLA1	chr1:149927605-149928106	2	0.012187009823756369	0.06921025550700156	1	0.0570232456832452	0.07785865947876534	0.00030727647191015943	unsupported	True	0.0012152155556177	-0.0012152155556177
BOLA1	chr1:149886525-149887026	3	0.016416104642528847	0.05364203133963301	1	0.03722592669710416	0.045824744647958084	9.150625610743535e-05	unsupported	True	0.001187591888457	-0.001187591888457
BOLA1	chr1:149813463-149813964	4	0.011816835671222279	0.07359126132143122	1	0.06177442565020894	0.07392860972570388	0.000336083740353914	unsupported	True	0.0010461477890005	-0.0010461477890005
BOLA1	chr1:149938997-149939498	5	-0.009370291467811438	0.036004640562330686	1	0.045374932030142125	0.045287394303921855	7.398638373031152e-05	unsupported	True	0.0009989830699475	0.0009989830699475
BOLA1	chr1:149917645-149918146	6	0.012193974939430795	0.07483049157193872	1	0.06263651663250792	0.08043942364254392	0.00037702933832501695	unsupported	True	0.0008301198982322	-0.0008301198982322
BOLA1	chr1:149928131-149928632	7	0.020565180799931294	0.0493110790328086	1	0.028745898232877303	0.044991200514278844	6.377463348927287e-05	unsupported	True	0.0006834535712559	-0.0006834535712559
BOLA1	chr1:149887825-149888326	8	0.018719365166753796	0.055716069528860365	1	0.03699670436210657	0.04589623807620961	9.46064182286101e-05	unsupported	True	0.0005805290430966	-0.0005805290430966
BOLA1	chr1:149942172-149942673	9	0.004317023073096696	0.05143792709955384	2	0.04712090402645714	0.0667685128703543	0.00016183363007264985	unsupported	True	0.0005302793653402	0.0005302793653402
BOLA1	chr1:149936635-149937136	10	0.02074100523872256	0.06561908775384327	2	0.04487808251512071	0.04977601269017918	0.00014658333073099095	unsupported	True	0.0003716519902939	0.0003716519902939
BOLA1	chr1:149888332-149888833	11	0.016210288542285456	0.04315671932949618	2	0.026946430787210728	0.031035860229239147	3.609220862454037e-05	unsupported	True	0.0003609704052188	-0.0003609704052188
BOLA1	chr1:149792825-149793326	12	0.012268715796506817	0.04676186547686289	1	0.03449314968035607	0.04792769031861817	7.730564029610866e-05	unsupported	True	0.0003565800243967	-0.0003565800243967
BOLA1	chr1:149937348-149937849	13	0.0006271298469332451	0.03823386894751352	1	0.03760673910058028	0.03803547969885379	5.468935762920899e-05	unsupported	True	0.0002845278114906	0.0002845278114906
BOLA1	chr1:149870418-149870919	14	0.007501670785029803	0.03701631740341431	1	0.029514646618384505	0.054875857932791386	5.995316587101507e-05	unsupported	True	0.0002639690780697	-0.0002639690780697
BOLA1	chr1:149916581-149917082	15	0.013543735374026453	0.09821941060303824	1	0.08467567522901179	0.10251753830202509	0.0008526173410853739	unsupported	True	0.0002342500407852	-0.0002342500407852
BOLA1	chr1:149961949-149962450	16	0.023413382583471427	0.05511387454585226	1	0.03170049196238083	0.04872572868521412	8.513052037092885e-05	unsupported	True	0.0001865718814594	0.0001865718814594
BOLA1	chr1:149919186-149919687	17	0.02994829804457561	0.08664931313071214	2	0.056701015086136536	0.06794469100864585	0.00033381933392262773	unsupported	True	0.0001771506501912	0.0001771506501912
BOLA1	chr1:150001495-150001996	18	0.02649629699121242	0.1111086657272041	2	0.08461236873599168	0.08697708820785159	0.0008176861657085683	unsupported	True	0.0001763880458064	0.0001763880458064
BOLA1	chr1:149983210-149983711	19	0.0019935572108258203	0.04391526796792612	1	0.0419217107571003	0.06410630562390554	0.00011801991133030783	unsupported	True	0.0001690933859007	-0.0001690933859007
ATXN7L3	chr17:44221931-44222432	0	0.0047220318401775645	0.046608508322629846	3	0.04188647648245228	0.0468129064813855	9.139125447335075e-05	unsupported	True	0.002548248136547	0.002548248136547
ATXN7L3	chr17:44041352-44041853	1	-0.0006438963127960663	0.037930745588026483	3	0.03857464190082255	0.04800573116735843	7.024030219136353e-05	unsupported	True	0.0012365607727541	0.0012365607727541
ATXN7L3	chr17:44210291-44210792	2	-0.03332031200126341	0.011374968342290662	3	0.04469528034355407	0.035533428692985786	1.8065458057851005e-05	unsupported	True	0.0012141564068725	-0.0012141564068725
ATXN7L3	chr17:44168345-44168846	3	-0.006684380825187653	0.053365020954656894	3	0.060049401779844545	0.05017438133235664	0.00016078569074833723	unsupported	True	0.0009395390157479	0.0009395390157479
ATXN7L3	chr17:44221081-44221582	4	-0.010394609147708185	0.05402397024368872	3	0.0644185793913969	0.0642639865784357	0.00022364814684446723	unsupported	True	0.000884986345953	-0.000884986345953
ATXN7L3	chr17:44199140-44199641	5	-0.027332167511353936	0.024827682459749464	3	0.0521598499711034	0.048732652484308275	6.310918419631233e-05	unsupported	True	0.0008224689678809	-0.0008224689678809
ATXN7L3	chr17:44078298-44078799	6	0.0012131568501330282	0.041862186579726096	4	0.04064902972959307	0.05729312790239424	9.749326743424666e-05	unsupported	True	0.0008196050795316	0.0008196050795316
ATXN7L3	chr17:44093190-44093691	7	-0.00414203101522589	0.048098145663335964	3	0.05224017667856185	0.04600187962674559	0.00011558688171345786	unsupported	True	0.0007800279067186	-0.0007800279067186
ATXN7L3	chr17:44219652-44220153	8	0.0007207385397861563	0.05760657897873984	4	0.05688584043895368	0.043046111668801484	0.00014106205025767252	unsupported	True	0.0007614785669306	-0.0007614785669306
ATXN7L3	chr17:44066415-44066916	9	0.0010384625278792644	0.056240256898475866	3	0.0552017943705966	0.05488753080321243	0.00017040180259839796	unsupported	True	0.0006653280078237	0.0006653280078237
ATXN7L3	chr17:44141600-44142101	10	0.0017039956678836178	0.046878622193840085	3	0.04517462652595647	0.037238031428473796	7.885988216561089e-05	unsupported	True	0.0006144540392024	0.0006144540392024
ATXN7L3	chr17:44070530-44071031	11	-0.010161982157604426	0.04103236079656519	3	0.05119434295416962	0.04195926316071841	8.814066672235465e-05	unsupported	True	0.0005931821279762	0.0005931821279762
ATXN7L3	chr17:44308273-44308774	12	-0.007781258728314206	0.047355636260351636	3	0.05513689498866584	0.04816358396959855	0.00012575717642999726	unsupported	True	0.0004900885891068	-0.0004900885891068
ATXN7L3	chr17:44345666-44346167	13	-0.011203992934540353	0.058618702104291674	3	0.06982269503883202	0.064107032597977	0.00026238468408556435	unsupported	True	0.0004686831575029	0.0004686831575029
ATXN7L3	chr17:44123489-44123990	14	0.0020898386326825853	0.05433082654057145	3	0.052240987907888864	0.05669220239098866	0.00016090925424432724	unsupported	True	0.0003132078870752	-0.0003132078870752
ATXN7L3	chr17:44199953-44200454	15	-0.006244160992705813	0.04873663845974496	3	0.054980799452450775	0.0527592504737737	0.0001413725978346887	unsupported	True	0.0002720010087978	-0.0002720010087978
ATXN7L3	chr17:44212846-44213347	16	0.01111060186159511	0.0623251837049253	3	0.051214581843330186	0.06806990120307149	0.00021727628079929573	unsupported	True	0.0002437095866217	0.0002437095866217
ATXN7L3	chr17:44304471-44304972	17	-0.01545723471532791	0.05778964919955187	1	0.07324688391487978	0.07994331396636667	0.0003383929911356064	unsupported	True	0.0002193430891825	-0.0002193430891825
ATXN7L3	chr17:44318441-44318942	18	0.010402806727058242	0.03779759174193536	5	0.027394785014877118	0.03476117553668193	3.5993699056368726e-05	unsupported	True	0.0001922997999801	0.0001922997999801
ATXN7L3	chr17:44186570-44187071	19	-0.00022499468248434197	0.05285750210938679	3	0.05308249679187113	0.052043605763844064	0.00014602437508884488	unsupported	True	0.0001864896598247	-0.0001864896598247
RECQL4	chr8:144526877-144527378	0	0.004655428580317346	0.06508094865155882	1	0.060425520071241474	0.09111460596610471	0.00035831275909039206	unsupported	True	0.0022836043524628	0.0022836043524628
RECQL4	chr8:144444289-144444790	1	0.0012410972672319913	0.037769341017254474	2	0.036528243750022484	0.06419216817280322	8.856257685383546e-05	unsupported	True	0.0011263239723623	-0.0011263239723623
RECQL4	chr8:144528419-144528920	2	0.008141313139197522	0.07590129241908437	1	0.06775997927988685	0.10154830873020643	0.0005222700603469714	unsupported	True	0.0011243321387939	-0.0011243321387939
RECQL4	chr8:144465615-144466116	3	0.012999954998650726	0.08642887581638288	1	0.07342892081773215	0.10968421264371707	0.0006960975923843184	unsupported	True	0.0010346301992519	-0.0010346301992519
RECQL4	chr8:144462692-144463193	4	0.005814188007431244	0.052113429370987306	2	0.046299241363556065	0.06890841090658356	0.00016626305760028925	unsupported	True	0.0009756876561211	-0.0009756876561211
RECQL4	chr8:144522216-144522717	5	0.003777423596036156	0.03946644042589233	2	0.035689016829856174	0.05799911175769366	8.169281937562047e-05	unsupported	True	0.0009570777314356	-0.0009570777314356
RECQL4	chr8:144478905-144479406	6	0.00915101506068691	0.06245528632050441	1	0.0533042712598175	0.07978151077924371	0.00026560330210164567	unsupported	True	0.0009314924161205	-0.0009314924161205
RECQL4	chr8:144508024-144508525	7	0.0014091655555485028	0.059915910951275776	2	0.058506745395727276	0.08111538169474974	0.0002843487495156534	unsupported	True	0.0009215609368638	0.0009215609368638
RECQL4	chr8:144422376-144422877	8	0.012707126361763233	0.07605852563766559	1	0.06335139927590236	0.08945824629968191	0.00043104686871248425	unsupported	True	0.0009108168495799	-0.0009108168495799
RECQL4	chr8:144517659-144518160	9	0.008590557501320826	0.053207717480218956	2	0.04461715997889813	0.07965568863472508	0.00018910079208851174	unsupported	True	0.0005961444820534	-0.0005961444820534
RECQL4	chr8:144644420-144644921	10	-0.026928447135501955	0.013395220250299671	2	0.04032366738580163	0.03915831693395937	2.1151145837615453e-05	unsupported	True	0.0004489162529252	0.0004489162529252
RECQL4	chr8:144428343-144428844	11	0.004216097193568771	0.046029369606525095	1	0.04181327241295632	0.07231678801914806	0.00013918367950578709	unsupported	True	0.0004456028051136	-0.0004456028051136
RECQL4	chr8:144509579-144510080	12	0.004224077573212114	0.05342930259876528	2	0.04920522502555316	0.0773587625970681	0.00020337625318972777	unsupported	True	0.000414171598662	0.000414171598662
RECQL4	chr8:144477706-144478207	13	0.0032085972820354728	0.04470633952477678	1	0.04149774224274131	0.07266318705454308	0.0001348056277876347	unsupported	True	0.0003846632885492	-0.0003846632885492
RECQL4	chr8:144373739-144374240	14	0.005131698183864484	0.047365056743816004	1	0.04223335855995152	0.07109879725010546	0.00014222499773096502	unsupported	True	0.0003304594857328	0.0003304594857328
RECQL4	chr8:144472389-144472890	15	-0.012262992774880833	0.06141856266761729	2	0.07368155544249813	0.08364949899462615	0.00037854871676499077	unsupported	True	0.0003302970765021	-0.0003302970765021
RECQL4	chr8:144508763-144509264	16	0.006398409867730739	0.05588351821140502	1	0.04948510834367428	0.07853834368392873	0.00021719008903382404	unsupported	True	0.0003067816505841	0.0003067816505841
RECQL4	chr8:144486211-144486712	17	0.021891500095723847	0.16633929429422015	1	0.1444477941984963	0.16939212897177428	0.004070042978993296	unsupported	True	0.0002599624734403	0.0002599624734403
RECQL4	chr8:144646007-144646508	18	-0.003910896945576419	0.01068679234271004	0	0.014597689288286458	0.030246175305490466	4.718478179940241e-06	unsupported	True	0.0002546957832567	-0.0002546957832567
RECQL4	chr8:144500768-144501269	19	0.0025158693522296703	0.022598085695805483	0	0.020082216343575814	0.029678910029634714	1.3468872440163716e-05	unsupported	True	0.00022331323049	0.00022331323049
