gene	enhancer	enhancer_index	global_concordance	max_regional_concordance	best_domain	local_advantage	regional_specificity	regional_evidence_score	predicted_class	screen_only	prior_score	prior_signed_score
FBXL5	chr4:15469616-15470117	0	0.028086035170663697	0.05769825203803971	4	0.02961221686737601	0.017399515213283083	2.9728344555040685e-05	unsupported	True	0.0075834755635877	0.0075834755635877
FBXL5	chr4:15805566-15806067	1	-0.008271114768414132	0.025242196919523292	5	0.033513311687937426	0.0459750068436513	3.889253924946265e-05	unsupported	True	0.004666632273246	0.004666632273246
FBXL5	chr4:15457494-15457995	2	0.002788637077786129	0.028976095240489413	1	0.026187458162703285	0.03186517112509464	2.4179619481956716e-05	unsupported	True	0.004118410602552	0.004118410602552
FBXL5	chr4:15702875-15703376	3	0.003599589802751784	0.04370626448507364	5	0.04010667468232186	0.043244456416419934	7.58037668586192e-05	unsupported	True	0.004098194213395	0.004098194213395
FBXL5	chr4:15718016-15718517	4	-0.011370903379798075	0.020716901639031476	4	0.03208780501882955	0.04355418645590922	2.8953076649889356e-05	unsupported	True	0.0040287990542195	0.0040287990542195
FBXL5	chr4:15714476-15714977	5	-0.017756166936355743	0.025842511050018956	4	0.0435986779863747	0.05774526234843362	6.506154768429389e-05	unsupported	True	0.0039501960089582	0.0039501960089582
FBXL5	chr4:15735522-15736023	6	-0.015008002737076358	0.02475460911201528	4	0.039762611849091634	0.04140880697834121	4.0759016401394024e-05	unsupported	True	0.0031124300525386	0.0031124300525386
FBXL5	chr4:15681446-15681947	7	0.009226153338594738	0.0483478427280813	4	0.03912168938948656	0.05246688769668687	9.923845726518172e-05	unsupported	True	0.0027249202630218	-0.0027249202630218
FBXL5	chr4:15563896-15564397	8	0.0013345772802342956	0.03674759020473576	4	0.03541301292450146	0.03072535574434072	3.998422314428189e-05	unsupported	True	0.0024583424995407	0.0024583424995407
FBXL5	chr4:15479446-15479947	9	0.010454682678630525	0.03960422344150102	4	0.02914954076287049	0.01989396829709281	2.296649075042444e-05	unsupported	True	0.0014536895798591	0.0014536895798591
FBXL5	chr4:15478931-15479432	10	0.00965000482366557	0.043149233946478474	4	0.033499229122812904	0.03583428257808737	5.179723976877029e-05	unsupported	True	0.0010876095772099	-0.0010876095772099
FBXL5	chr4:15778674-15779175	11	0.011612108607024817	0.04308585192081206	5	0.031473743313787245	0.04233042405230446	5.740314699043944e-05	unsupported	True	0.0009548219402187	0.0009548219402187
FBXL5	chr4:15606542-15607043	12	-0.005104269478853806	0.034731843247310136	4	0.03983611272616394	0.04061794732456718	5.619824547361383e-05	unsupported	True	0.0009058372890338	0.0009058372890338
FBXL5	chr4:15806125-15806626	13	0.006935562894001399	0.021960882732690694	2	0.015025319838689294	0.020499443320312102	6.764186696272144e-06	unsupported	True	0.0008944101199297	0.0008944101199297
FBXL5	chr4:15729873-15730374	14	0.004446247540280776	0.02920497620830225	5	0.024758728668021476	0.016415566655563214	1.1869736447280092e-05	unsupported	True	0.0008829899783176	0.0008829899783176
FBXL5	chr4:15510926-15511427	15	-0.015950971730488935	0.0003014602462858858	1	0.016252431976774822	0.02179331129126485	1.0677550371763994e-07	unsupported	True	0.0005371153256863	-0.0005371153256863
FBXL5	chr4:15738850-15739351	16	-0.00455933945217805	0.06205157145482419	5	0.06661091090700225	0.07936415095916788	0.00032803677354682526	unsupported	True	0.0004792073208028	0.0004792073208028
FBXL5	chr4:15643465-15643966	17	0.01563161164224388	0.040080897636962105	5	0.024449285994718226	0.030057985462393317	2.9455302692512018e-05	unsupported	True	0.000369476328628	0.000369476328628
FBXL5	chr4:15654521-15655022	18	0.014223291441825544	0.05586775693566846	5	0.041644465493842917	0.07225746404682153	0.0001681129785091626	unsupported	True	0.0002957125137976	-0.0002957125137976
FBXL5	chr4:15547833-15548334	19	0.0049856794313541345	0.06509743570344534	1	0.060111756272091206	0.06516217894128748	0.00025498750313288874	unsupported	True	0.0002867516309647	0.0002867516309647
GPR107	chr9:130208949-130209450	0	0.008355528935695338	0.05149877153842693	0	0.043143242602731585	0.05241175434602958	0.000116449693385435	unsupported	True	0.0092902558068229	0.0092902558068229
GPR107	chr9:130111686-130112187	1	0.011299835630595403	0.026173190438832337	1	0.014873354808236934	0.017842465618007848	6.945771181367409e-06	unsupported	True	0.0081287429377248	0.0081287429377248
GPR107	chr9:130138113-130138614	2	0.015010180512675123	0.050690381275860924	0	0.0356802007631858	0.035026728523403494	6.335084668021813e-05	unsupported	True	0.0042110809717711	0.0042110809717711
GPR107	chr9:130185467-130185968	3	0.011247740383875597	0.07599847610888152	5	0.06475073572500592	0.08681907529144725	0.00042723295730173993	unsupported	True	0.0037567505678775	0.0037567505678775
GPR107	chr9:130128627-130129128	4	-0.011564399351150294	-0.0037341934938890636	0	0.00783020585726123	0.013298110844787865	0.0	unsupported	True	0.0024584640620038	0.0024584640620038
GPR107	chr9:130067009-130067510	5	0.023490734689875493	0.07959164389675592	5	0.056100909206880434	0.07478176943895111	0.000333912833935912	unsupported	True	0.0017672413511487	0.0017672413511487
GPR107	chr9:130201273-130201774	6	0.0020221413109947953	0.08431105038921234	2	0.08228890907821755	0.09559313564493213	0.0006632122088293387	unsupported	True	0.0015994142208012	0.0015994142208012
GPR107	chr9:130172791-130173292	7	0.01093426173954042	0.08182030878322563	2	0.07088604704368522	0.0793176900780339	0.000460036118829217	unsupported	True	0.0014898888842768	0.0014898888842768
GPR107	chr9:130172075-130172576	8	0.01567706216301259	0.06978366959224581	2	0.05410660742923322	0.07296319336876146	0.0002754913330205209	unsupported	True	0.0014087363271945	0.0014087363271945
GPR107	chr9:130053641-130054142	9	0.0215824978098442	0.05120685301589338	5	0.02962435520604918	0.039873517543454376	6.048693001662014e-05	unsupported	True	0.0013470679159435	0.0013470679159435
GPR107	chr9:130184960-130185461	10	0.018880696139735455	0.06283612139158473	0	0.04395542525184928	0.0609733786208047	0.00016840776671206683	unsupported	True	0.0012204619174378	0.0012204619174378
GPR107	chr9:130240532-130241033	11	0.015580038977376304	0.03669536780349689	0	0.021115328826120584	0.028441478441772965	2.2037446053257592e-05	unsupported	True	0.0011180632432921	0.0011180632432921
GPR107	chr9:130138768-130139269	12	-0.004529164615920899	0.11897567411697875	2	0.12350483873289965	0.1271189090834389	0.0018678943320768516	unsupported	True	0.0010949374114682	0.0010949374114682
GPR107	chr9:130042999-130043500	13	0.01819384564847456	0.059799981090403444	2	0.041606135441928885	0.05705949998745842	0.00014196666713481033	unsupported	True	0.0010022383390131	-0.0010022383390131
GPR107	chr9:130255241-130255742	14	0.008442716360221796	0.036094095007879565	4	0.02765137864765777	0.026232846113845222	2.6181731098592675e-05	unsupported	True	0.0009905842182586	0.0009905842182586
GPR107	chr9:129963004-129963505	15	-0.014971187768291287	0.11800655765774508	2	0.13297774542603635	0.1395907019762659	0.002190491632325316	unsupported	True	0.0009190412460998	0.0009190412460998
GPR107	chr9:130265509-130266010	16	0.006618568546283137	0.08072606474310665	4	0.07410749619682351	0.07977341150778863	0.00047723697839797155	unsupported	True	0.0008652800018488	0.0008652800018488
GPR107	chr9:130137530-130138031	17	0.024098199390154014	0.08108820317348443	4	0.05699000378333042	0.05208939812676086	0.00024071641243695756	unsupported	True	0.0007540213636108	0.0007540213636108
GPR107	chr9:130140456-130140957	18	0.024116025779369697	0.07354634375631998	2	0.049430317976950286	0.06525403645356781	0.00023722577425471398	unsupported	True	0.0007319226596804	0.0007319226596804
GPR107	chr9:130107050-130107551	19	0.0091245665836494	0.033248283923	5	0.0241237173393506	0.02126643172551737	1.70572137520507e-05	unsupported	True	0.0007269765529577	0.0007269765529577
CTSL	chr9:87725842-87726343	0	0.011171270600154893	0.044626279767684705	5	0.03345500916752981	0.03275802400547517	4.8906832229062596e-05	unsupported	True	0.0140157223628229	0.0140157223628229
CTSL	chr9:87631370-87631871	1	-0.011934806498452926	0.023987297366584386	2	0.03592210386503731	0.04452658141409763	3.8367405859650806e-05	unsupported	True	0.0077416983647851	0.0077416983647851
CTSL	chr9:87678630-87679131	2	-0.005917596288244171	0.04466548857341483	2	0.050583084861659	0.05701988037144423	0.00012882605342210543	unsupported	True	0.0044805274433108	0.0044805274433108
CTSL	chr9:87684529-87685030	3	0.009853410291317456	0.035714278155201694	5	0.025860867863884238	0.03530148018956714	3.260452576274886e-05	unsupported	True	0.0026958588632878	0.0026958588632878
CTSL	chr9:87600617-87601118	4	0.0037678487342678413	0.03438175841757946	5	0.03061390968331162	0.056574141266633377	5.9547680787719246e-05	unsupported	True	0.0026148480201956	-0.0026148480201956
CTSL	chr9:87837340-87837841	5	-0.006887374955824066	0.02740532611302007	3	0.034292701068844134	0.023973921549113413	2.2530755148701775e-05	unsupported	True	0.002061698088485	0.002061698088485
CTSL	chr9:87588300-87588801	6	-0.011193434998382278	0.05582198059354853	5	0.0670154155919308	0.0667051747700081	0.00024953960481945196	unsupported	True	0.0015142234867633	0.0015142234867633
CTSL	chr9:87873818-87874319	7	0.009465083588459053	0.10326950489523753	5	0.09380442130677848	0.10273247034821363	0.0009951834268097657	unsupported	True	0.0014166833994579	0.0014166833994579
CTSL	chr9:87662819-87663320	8	0.011630795664035982	0.04508906116072878	2	0.0334582654966928	0.0412523088596027	6.223330654633649e-05	unsupported	True	0.0011166702818268	-0.0011166702818268
CTSL	chr9:87640361-87640862	9	0.023912290586019454	0.0428668367454234	4	0.018954546159403948	0.033316380857432076	2.7070273609899074e-05	unsupported	True	0.001028101984952	-0.001028101984952
CTSL	chr9:87620656-87621157	10	0.016780256955866463	0.036182775350024614	2	0.01940251839415815	0.023464683156440784	1.647307493095252e-05	unsupported	True	0.0010081059303998	-0.0010081059303998
CTSL	chr9:87622887-87623388	11	0.003908742018499952	0.045006402311397506	1	0.041097660292897555	0.027381457062143823	5.064632653940445e-05	unsupported	True	0.0009572940379359	0.0009572940379359
CTSL	chr9:87713548-87714049	12	-0.018293341069666857	0.020763735315744273	2	0.03905707638541113	0.04436721403961477	3.598051489814244e-05	unsupported	True	0.0007189122200773	0.0007189122200773
CTSL	chr9:87601199-87601700	13	0.0026692652655236106	0.045459545934062116	2	0.0427902806685385	0.04550154276711079	8.851081722784047e-05	unsupported	True	0.0006985831799228	-0.0006985831799228
CTSL	chr9:87801132-87801633	14	-0.012917038445638256	0.040718174360893505	4	0.05363521280653176	0.05544168165243981	0.0001210806379861133	unsupported	True	0.0006270410837188	0.0006270410837188
CTSL	chr9:87761850-87762351	15	-0.021537103747315378	0.017293984725824503	2	0.03883108847313988	0.047388760149535136	3.1823649437671714e-05	unsupported	True	0.0005877496033853	0.0005877496033853
CTSL	chr9:87603174-87603675	16	-0.010269826204032427	0.029484720819305234	5	0.03975454702333766	0.04115121681165475	4.82354695774397e-05	unsupported	True	0.0005796924471746	0.0005796924471746
CTSL	chr9:87651322-87651823	17	-0.014817892569193889	0.0018363243777419986	5	0.016654216946935887	0.005137631487555099	1.5712184396195696e-07	unsupported	True	0.0004055477427323	0.0004055477427323
CTSL	chr9:87597788-87598289	18	-0.012464382914131739	0.05038726153952277	4	0.06285164445365451	0.0683973086760938	0.0002166089585000832	unsupported	True	0.0003622176820683	0.0003622176820683
CTSL	chr9:87824685-87825186	19	0.0003833676662139989	0.013778254914544557	4	0.013394887248330557	0.03358955013981916	6.199225940502312e-06	unsupported	True	0.0002493628718804	0.0002493628718804
MTERF1	chr7:91630628-91631129	0	-0.017314221766203137	-0.0014558479492925212	1	0.015858373816910614	0.018828398093703767	0.0	unsupported	True	0.0094372041368134	0.0094372041368134
MTERF1	chr7:91622067-91622568	1	0.008416560570634946	0.06905541967199655	2	0.0606388591013616	0.08379593092235421	0.00035089058914993416	unsupported	True	0.0052397930978104	-0.0052397930978104
MTERF1	chr7:91569672-91570173	2	-0.01810392976175766	0.05254324864271503	4	0.07064717840447268	0.08517303600369566	0.0003161650573970591	unsupported	True	0.0044536839392285	0.0044536839392285
MTERF1	chr7:91829938-91830439	3	-0.03571395289189944	-0.009005928569323229	2	0.026708024322576213	0.01703384822923082	0.0	unsupported	True	0.0037426176072514	0.0037426176072514
MTERF1	chr7:91565645-91566146	4	-0.0017318764294987428	0.14025328122958242	3	0.14198515765908115	0.16703619915093976	0.003326339535048488	unsupported	True	0.0028249473894764	0.0028249473894764
MTERF1	chr7:91880533-91881034	5	-0.026106215473860002	0.010461057098908278	1	0.03656727257276828	0.035118060002995104	1.343379318932035e-05	unsupported	True	0.0026177748301814	0.0026177748301814
MTERF1	chr7:91643040-91643541	6	-0.011169141602003356	0.09785698922722307	2	0.10902613082922642	0.1219310161189569	0.001300878220142911	unsupported	True	0.0024463265046403	0.0024463265046403
MTERF1	chr7:91941359-91941860	7	-0.03211187151002676	0.006677380895246114	4	0.038789252405272874	0.04315738847710041	1.117822164285482e-05	unsupported	True	0.0020295155489832	-0.0020295155489832
MTERF1	chr7:91940646-91941147	8	-0.02627642868378916	0.0158754365658279	4	0.04215186524961706	0.024058517569944628	1.6099461053961248e-05	unsupported	True	0.0019134304729473	0.0019134304729473
MTERF1	chr7:91690622-91691123	9	-0.013463844270451051	0.03191481911815084	1	0.04537866338860189	0.05591410653489279	8.097770732839923e-05	unsupported	True	0.0017753854396565	-0.0017753854396565
MTERF1	chr7:91632911-91633412	10	-0.024049906373668047	0.03157118128449475	2	0.0556210876581628	0.07427365481861907	0.00013042627896197903	unsupported	True	0.0017728946472241	0.0017728946472241
MTERF1	chr7:91985657-91986158	11	-0.02678667348696928	0.0059255101145667425	2	0.03271218360153602	0.0415960869800261	8.062834706093124e-06	unsupported	True	0.0017305789805617	0.0017305789805617
MTERF1	chr7:91784415-91784916	12	-0.01840772559775449	0.016083857117108892	4	0.034491582714863384	0.03223907728397445	1.7884875981463558e-05	unsupported	True	0.0014851961391864	0.0014851961391864
MTERF1	chr7:91624259-91624760	13	-0.018375922974352383	-0.004997145049040414	2	0.013378777925311969	0.021719907926192127	0.0	unsupported	True	0.0008857811538575	0.0008857811538575
MTERF1	chr7:91915524-91916025	14	0.01666748917247754	0.07404565579528698	1	0.05737816662280944	0.06147831986533178	0.00026119703421255625	unsupported	True	0.0008155118803221	0.0008155118803221
MTERF1	chr7:91570541-91571042	15	-0.030964905405813557	-0.016759485054154036	4	0.01420542035165952	0.011513442413616883	0.0	unsupported	True	0.0005348813782039	-0.0005348813782039
MTERF1	chr7:92025717-92026218	16	-0.015831429759264416	0.016260521472217765	3	0.03209195123148218	0.032986904565545525	1.7213617833854897e-05	unsupported	True	0.0005026228337913	-0.0005026228337913
MTERF1	chr7:91552275-91552776	17	-0.01666546422339153	-0.005141503103075224	1	0.011523961120316305	0.012705957980005206	0.0	unsupported	True	0.0002538906838519	0.0002538906838519
MTERF1	chr7:91667363-91667864	18	-0.010541601275206317	0.06690667354820086	3	0.07744827482340717	0.08160006362583279	0.0004228357352400036	unsupported	True	0.0002206068807222	-0.0002206068807222
MTERF1	chr7:91826318-91826819	19	-0.009887834380770478	0.08359250847152855	3	0.09348034285229903	0.0941681737411274	0.000735854249794218	unsupported	True	0.0001864492908622	0.0001864492908622
EPG5	chr18:45967146-45967647	0	-0.01485381590223461	0.0502901492335252	4	0.0651439651357598	0.07226501311821001	0.0002367473898451211	unsupported	True	0.0080620359287211	0.0080620359287211
EPG5	chr18:45849970-45850471	1	-0.01436446106734075	0.0322862821638969	4	0.04665074323123765	0.05805838608956454	8.744632533436203e-05	unsupported	True	0.00519211064341	0.00519211064341
EPG5	chr18:45879886-45880387	2	-0.028828688813224077	0.004568305444607603	4	0.03339699425783168	0.04150511249101659	6.3323383349615085e-06	unsupported	True	0.0032130922454655	-0.0032130922454655
EPG5	chr18:45973981-45974482	3	-0.00550344557700351	0.051984297129353596	4	0.057487742706357106	0.06042231396083179	0.00018056966222495765	unsupported	True	0.0031987953716361	0.0031987953716361
EPG5	chr18:45665034-45665535	4	-0.011798762612993407	0.028635026042512283	4	0.04043378865550569	0.04888576522937409	5.6601043368119035e-05	unsupported	True	0.0031861826481529	0.0031861826481529
EPG5	chr18:46072028-46072529	5	-0.015031252525783396	0.022544761702916687	4	0.037576014228700085	0.045764629436564355	3.876915282315564e-05	unsupported	True	0.0028698995296122	0.0028698995296122
EPG5	chr18:45691208-45691709	6	-0.011449993398164162	0.022725919702847767	5	0.03417591310101193	0.032818675872155145	2.5489578225259624e-05	unsupported	True	0.0024938451479005	0.0024938451479005
EPG5	chr18:45920395-45920896	7	-0.020736760092220443	0.03504142205637665	5	0.05577818214859709	0.07060535236540343	0.0001380014670965655	unsupported	True	0.0019039213195386	-0.0019039213195386
EPG5	chr18:45722859-45723360	8	-0.014677199124452738	0.00811402225280478	4	0.022791221377257517	0.01796988616870076	3.3231436886544537e-06	unsupported	True	0.0018663262623524	-0.0018663262623524
EPG5	chr18:45827678-45828179	9	-0.018920376547751482	0.01752238035005226	5	0.03644275689780374	0.03482058275341714	2.2235165290611174e-05	unsupported	True	0.0017528408379624	0.0017528408379624
EPG5	chr18:46027970-46028471	10	-0.010130417254552725	0.026115445376491544	4	0.03624586263104427	0.04508317314219763	4.267468782550384e-05	unsupported	True	0.0015441309274391	0.0015441309274391
EPG5	chr18:46104074-46104575	11	-0.01425620405718534	0.059385788945358724	4	0.07364199300254406	0.07463497736359422	0.0003264002399851343	unsupported	True	0.0014162042768283	0.0014162042768283
EPG5	chr18:45775080-45775581	12	-0.017012670585150713	0.038975384264409545	4	0.05598805484956026	0.06275928138848424	0.00013695053942377122	unsupported	True	0.0012997511230289	0.0012997511230289
EPG5	chr18:45760742-45761243	13	0.001368573746345177	0.02809482140853665	1	0.026726247662191473	0.03553946673767109	2.668548935809572e-05	unsupported	True	0.0011528320512049	0.0011528320512049
EPG5	chr18:46035580-46036081	14	-0.008188434621122597	0.02139024197276143	3	0.02957867659388403	0.037043241072442105	2.34370752468302e-05	unsupported	True	0.0010993539105548	-0.0010993539105548
EPG5	chr18:45670124-45670625	15	-0.004623234271870751	0.04311092323563058	4	0.04773415750750133	0.05245377035749619	0.00010794270470267724	unsupported	True	0.0010712183933309	0.0010712183933309
EPG5	chr18:45833794-45834295	16	-0.010742674200444113	0.024005811432438465	5	0.034748485632882575	0.050274960204558766	4.193764202555904e-05	unsupported	True	0.0010050079589779	0.0010050079589779
EPG5	chr18:45881216-45881717	17	-0.009867830395536256	0.0450011737667678	3	0.05486900416230406	0.0687267638797585	0.0001696980354403113	unsupported	True	0.0009901929616482	-0.0009901929616482
EPG5	chr18:46098059-46098560	18	-0.011256263649280675	0.05014571858037565	4	0.06140198222965632	0.07212569294886821	0.00022207836396086891	unsupported	True	0.0008069977702246	0.0008069977702246
EPG5	chr18:45660709-45661210	19	0.0006097227177410502	0.05204919602571233	4	0.05143947330797128	0.06298156359662103	0.0001686257821517354	unsupported	True	0.0007219957237951	0.0007219957237951
PTGS1	chr9:122393385-122393886	0	-0.005279523940557042	0.0	1	0.005279523940557042	0.004201097283499185	0.0	unsupported	True	0.0182053720796763	0.0182053720796763
PTGS1	chr9:122390078-122390579	1	-0.010592562357934251	0.0	1	0.010592562357934251	0.0133562498592421	0.0	unsupported	True	0.0064780918789798	0.0064780918789798
PTGS1	chr9:122350489-122350990	2	0.0022820171644546204	0.02681477718317527	4	0.02453276001872065	0.02681477718317527	1.763984625769407e-05	unsupported	True	0.0062354083882111	0.0062354083882111
PTGS1	chr9:122376008-122376509	3	-0.012096448408284357	0.0	1	0.012096448408284357	0.01161826505806713	0.0	unsupported	True	0.0047174986589272	0.0047174986589272
PTGS1	chr9:122303978-122304479	4	-0.005301637031805674	0.0	1	0.005301637031805674	0.004213151981545306	0.0	unsupported	True	0.0039986872793377	0.0039986872793377
PTGS1	chr9:122332086-122332587	5	0.004392517013464156	0.058170863982244775	0	0.053778346968780616	0.058170863982244775	0.00018197782800746036	unsupported	True	0.0023254210061182	0.0023254210061182
PTGS1	chr9:122228011-122228512	6	0.0011158332084430227	0.032175219139441706	4	0.031059385930998683	0.032175219139441706	3.215406549870881e-05	unsupported	True	0.0007728827230219	-0.0007728827230219
PTGS1	chr9:122320509-122321010	7	-0.012594107226685296	0.0	1	0.012594107226685296	0.006745252277308856	0.0	unsupported	True	0.0007052765256647	0.0007052765256647
PTGS1	chr9:122375415-122375916	8	-0.013363252984430009	0.0	1	0.013363252984430009	0.013472622779759816	0.0	unsupported	True	0.0003728276438166	0.0003728276438166
PTGS1	chr9:122336765-122337266	9	0.031480937808443556	0.09964761650417148	0	0.06816667869572793	0.09964761650417148	0.0006768710889876099	unsupported	True	0.0002314274506956	-0.0002314274506956
PTGS1	chr9:122319003-122319504	10	-0.011941879657496829	0.0	1	0.011941879657496829	0.014191410016027587	0.0	unsupported	True	0.0001953701566914	0.0001953701566914
PTGS1	chr9:122264615-122265116	11	0.007053386093284322	0.02491514458481939	0	0.017861758491535068	0.02491514458481939	1.1087944323123514e-05	unsupported	True	0.0001708742033874	0.0001708742033874
PTGS1	chr9:122340130-122340631	12	0.0006391060019169403	0.024924997915068216	4	0.024285891913151277	0.024924997915068216	1.5087744435061114e-05	unsupported	True	9.295137984650318e-05	-9.295137984650318e-05
PTGS1	chr9:122283502-122284003	13	0.0171872133594356	0.11294841620353951	4	0.09576120284410392	0.11294841620353951	0.0012216586757606352	unsupported	True	9.159193948220084e-05	9.159193948220084e-05
PTGS1	chr9:122254302-122254803	14	0.010695968193324086	0.07734652300055139	4	0.06665055480722731	0.07734652300055139	0.00039873591906702176	unsupported	True	7.197340004920996e-05	-7.197340004920996e-05
PTGS1	chr9:122309733-122310234	15	0.011387606229415181	0.11051376039883158	0	0.0991261541694164	0.11051376039883158	0.0012106565901234515	unsupported	True	5.7257789066739057e-05	5.7257789066739057e-05
PTGS1	chr9:122314041-122314542	16	0.0021962717396856605	0.038248056270676435	4	0.036051784530990776	0.038248056270676435	5.2740653410906226e-05	unsupported	True	4.095165403852397e-05	-4.095165403852397e-05
PTGS1	chr9:122346485-122346986	17	0.008889627677684116	0.037310077950801455	0	0.02842045027311734	0.037310077950801455	3.956245807152181e-05	unsupported	True	3.979585789720578e-05	3.979585789720578e-05
PTGS1	chr9:122464971-122465472	18	-0.00516390783605975	0.0	1	0.00516390783605975	0.0021403378244024486	0.0	unsupported	True	2.958520440493473e-05	2.958520440493473e-05
PTGS1	chr9:122318194-122318695	19	-0.01194711265883485	0.0	1	0.01194711265883485	0.007141514086395156	0.0	unsupported	True	9.56050856427695e-06	9.56050856427695e-06
PCNX4	chr14:59997357-59997858	0	-0.0032958428587282736	0.06233997632190009	5	0.06563581918062836	0.08199561433821713	0.00033550435894665975	unsupported	True	0.0095043756655528	0.0095043756655528
PCNX4	chr14:60249589-60250090	1	0.02497077760728913	0.09305137207269687	4	0.06808059446540773	0.0952125617852249	0.0006031708863837872	unsupported	True	0.0068058443927325	-0.0068058443927325
PCNX4	chr14:60211065-60211566	2	0.006677393209256121	0.050455374498295597	3	0.04377798128903947	0.0576034600638237	0.00012723650649348984	unsupported	True	0.0066826849558	-0.0066826849558
PCNX4	chr14:59964967-59965468	3	0.019464488641900847	0.047696152565042886	3	0.02823166392314204	0.022683588176206776	3.0544398510975275e-05	unsupported	True	0.0033281378652832	-0.0033281378652832
PCNX4	chr14:60165175-60165676	4	0.02711728556718365	0.07611544052647497	4	0.048998154959291315	0.07314332351571118	0.000272789206295377	unsupported	True	0.0028993882783915	0.0028993882783915
PCNX4	chr14:60248867-60249368	5	0.02864666293097368	0.05550898502999563	4	0.026862322099021948	0.03287379573172733	4.90181245496496e-05	unsupported	True	0.0027830521107448	-0.0027830521107448
PCNX4	chr14:60051863-60052364	6	0.03851917559796424	0.07256223098977005	0	0.034043055391805806	0.027816401936641588	6.871319008124163e-05	unsupported	True	0.0026392778390208	-0.0026392778390208
PCNX4	chr14:60222761-60223262	7	0.03196905452817215	0.10115085180110799	4	0.06918179727293583	0.10850687012429625	0.0007593091287170186	unsupported	True	0.0016422580023524	-0.0016422580023524
PCNX4	chr14:60164610-60165111	8	0.006531118187611101	0.039089089346913374	4	0.03255797115930227	0.04092264463157541	5.208067199275854e-05	unsupported	True	0.0015799969466216	0.0015799969466216
PCNX4	chr14:60218657-60219158	9	0.00937318321773765	0.07842189783529584	3	0.06904871461755818	0.07322395519500353	0.0003965026827505008	unsupported	True	0.0015226160448055	-0.0015226160448055
PCNX4	chr14:60315120-60315621	10	0.0009184130873777221	0.030359061402383595	3	0.029440648315005872	0.044504708971830564	3.977788385554648e-05	unsupported	True	0.0008941735541715	0.0008941735541715
PCNX4	chr14:60299384-60299885	11	0.022771797587304236	0.08528087295135779	1	0.06250907536405356	0.094364109397862	0.0005030388851167921	unsupported	True	0.0008249768966198	-0.0008249768966198
PCNX4	chr14:60223986-60224487	12	0.01336172361011816	0.05412079474240202	0	0.04075907113228386	0.029793373689401006	6.57215999478804e-05	unsupported	True	0.0007564493452705	-0.0007564493452705
PCNX4	chr14:60091654-60092155	13	0.03043337160605092	0.0675996973111471	4	0.037166325705096176	0.04481270495738493	0.00011258889042503975	unsupported	True	0.0005974480811707	-0.0005974480811707
PCNX4	chr14:60247855-60248356	14	0.021444739854199223	0.04736782836758776	0	0.025923088513388537	0.031715755791634145	3.894442377456443e-05	unsupported	True	0.0005743713076928	-0.0005743713076928
PCNX4	chr14:60184248-60184749	15	0.027254052397016504	0.0411400858754087	0	0.013886033478392193	0.01831570496372599	1.0463260574402434e-05	unsupported	True	0.0005585231336267	-0.0005585231336267
PCNX4	chr14:60241005-60241506	16	0.02954513588335579	0.12401642713572555	4	0.09447129125236976	0.10952665747727418	0.0012832134436686058	unsupported	True	0.000501122119635	-0.000501122119635
PCNX4	chr14:60296920-60297421	17	0.028860028399069176	0.1170190528389789	1	0.08815902443990972	0.12808778091623052	0.001321390122010052	unsupported	True	0.0002730530424338	0.0002730530424338
PCNX4	chr14:60190128-60190629	18	0.02003764394676057	0.045977944992818064	1	0.025940301046057494	0.03482803836801439	4.153876521322703e-05	unsupported	True	0.0002549856882137	-0.0002549856882137
PCNX4	chr14:60289564-60290065	19	0.006626540260658516	0.05546279970516885	2	0.04883625944451033	0.08203850928471584	0.00022220915150754814	unsupported	True	0.0002164280877672	-0.0002164280877672
PARVB	chr22:44182537-44183038	0	-0.012467456972020098	0.02003090107013399	2	0.03249835804215409	0.03764704731884551	2.450715090641966e-05	unsupported	True	0.0095069583191603	0.0095069583191603
PARVB	chr22:43896562-43897063	1	0.0016564090482127103	0.05187749411511005	4	0.05022108506689734	0.05874305854292887	0.000153045877760635	unsupported	True	0.0049698951672685	0.0049698951672685
PARVB	chr22:44002904-44003405	2	-0.0037144506146958535	0.04698545417198994	0	0.05069990478668579	0.06252706394509563	0.00014894934889969464	unsupported	True	0.0029949786617693	0.0029949786617693
PARVB	chr22:43995962-43996463	3	0.0014265998164258525	0.01900790530207256	5	0.01758130548564671	0.026949105979032786	9.005954366662654e-06	unsupported	True	0.0028836770543161	0.0028836770543161
PARVB	chr22:44179626-44180127	4	0.024143564679398554	0.114786019889614	4	0.09064245521021544	0.09499190294412915	0.0009883419876174605	unsupported	True	0.0028650561400572	0.0028650561400572
PARVB	chr22:44024452-44024953	5	0.005967323230464801	0.03622805510767481	0	0.03026073187721001	0.03469681683164795	3.803768526544698e-05	unsupported	True	0.0025227124241906	0.0025227124241906
PARVB	chr22:44023918-44024419	6	0.010447631550841057	0.045953913744491225	0	0.035506282193650165	0.04217960515032743	6.882246364698189e-05	unsupported	True	0.0023854397748994	0.0023854397748994
PARVB	chr22:44275659-44276160	7	0.030271900359600062	0.15449237366774557	4	0.12422047330814551	0.15500475182260293	0.002974714138601202	unsupported	True	0.0020545117970374	0.0020545117970374
PARVB	chr22:44026769-44027270	8	-0.004301950511414658	0.03237076144935136	0	0.03667271196076602	0.03350186288236338	3.9770852426158794e-05	unsupported	True	0.0019539452935451	0.0019539452935451
PARVB	chr22:44145456-44145957	9	-0.0039405505199956005	0.005729786459484279	2	0.00967033697947988	0.013495618357267872	7.477782571369391e-07	unsupported	True	0.0018069854001716	0.0018069854001716
PARVB	chr22:44139617-44140118	10	0.021472665923670625	0.10628117678221236	4	0.08480851085854173	0.10784099947936963	0.000972030061322805	unsupported	True	0.0016237550568484	0.0016237550568484
PARVB	chr22:44014267-44014768	11	0.0015463282995385119	0.04991538189447065	4	0.04836905359493214	0.05253463201412651	0.00012683750270049967	unsupported	True	0.0015731917576121	0.0015731917576121
PARVB	chr22:44068359-44068860	12	0.010797352983601677	0.02176759540172656	1	0.010970242418124882	0.007794364952424341	1.8612616019645414e-06	unsupported	True	0.0012972685993484	0.0012972685993484
PARVB	chr22:44154294-44154795	13	-0.0009168737161511062	0.02136321317462732	2	0.022280086890778424	0.03551807478247629	1.690568885674772e-05	unsupported	True	0.0011218810022883	0.0011218810022883
PARVB	chr22:43891819-43892320	14	0.01542276492037927	0.11178646697314798	4	0.09636370205276872	0.10554882336359794	0.0011369885805531908	unsupported	True	0.0010707861072718	0.0010707861072718
PARVB	chr22:44291945-44292446	15	-0.01007323517261121	0.006321802465966841	4	0.016395037638578053	0.03163904101570692	3.2792660366998293e-06	unsupported	True	0.0009503707593162	0.0009503707593162
PARVB	chr22:44195896-44196397	16	0.009313037109131039	0.09078823838079302	0	0.08147520127166198	0.08943546341821779	0.0006615532281183733	unsupported	True	0.0009070753181667	0.0009070753181667
PARVB	chr22:43955093-43955594	17	0.009237638883186438	0.02536574349817122	4	0.016128104614984783	0.017851452299046725	7.30305349876253e-06	unsupported	True	0.0008345249294201	0.0008345249294201
PARVB	chr22:44074118-44074619	18	-0.0027001736541269273	0.03674321577177988	0	0.039443389425906805	0.04527017155124605	6.56090169868399e-05	unsupported	True	0.0008330787564784	0.0008330787564784
PARVB	chr22:43998557-43999058	19	0.021006210525098552	0.04348725898146932	1	0.02248104845637077	0.022879613947306466	2.2368006935729595e-05	unsupported	True	0.0006736360374135	0.0006736360374135
PACSIN2	chr22:43110416-43110917	0	0.01036614573318037	0.05129857972492597	1	0.0409324339917456	0.03773261686010155	7.923003305415318e-05	unsupported	True	0.004949236616817	0.004949236616817
PACSIN2	chr22:42926191-42926692	1	0.015652796254000567	0.045608124895811376	5	0.02995532864181081	0.03452917369526235	4.7173977052985614e-05	unsupported	True	0.0044714374089481	0.0044714374089481
PACSIN2	chr22:42995078-42995579	2	-0.004893969227680703	0.028341453215158963	1	0.03323542244283967	0.03830375535320979	3.607984583860853e-05	unsupported	True	0.0039499958802386	0.0039499958802386
PACSIN2	chr22:43030691-43031192	3	-0.010150393576027227	0.04090650442827068	0	0.051056898004297906	0.07519953315424817	0.00015705867863285324	unsupported	True	0.0039046641129744	0.0039046641129744
PACSIN2	chr22:43103884-43104385	4	-0.0030708328821141624	0.04933472144961079	1	0.05240555433172495	0.07992269805782058	0.0002066332165503299	unsupported	True	0.0038275525726117	0.0038275525726117
PACSIN2	chr22:42688302-42688803	5	0.004069933342717369	0.0432198262952276	2	0.039149892952510236	0.044021144703097606	7.448604713504137e-05	unsupported	True	0.0032815780061174	0.0032815780061174
PACSIN2	chr22:42769995-42770496	6	0.0008421676568972434	0.04434214298553536	5	0.04349997532863812	0.06070612184088767	0.0001170949533509725	unsupported	True	0.0031026141223194	0.0031026141223194
PACSIN2	chr22:42978606-42979107	7	-0.002558697517040996	0.05441453869107489	0	0.05697323620811589	0.07798397595508431	0.00024176376724693795	unsupported	True	0.0028449790806746	0.0028449790806746
PACSIN2	chr22:42856350-42856851	8	0.002943429191381265	0.04994686112285727	2	0.047003431931476006	0.03044729317066981	7.14803151059788e-05	unsupported	True	0.0027485555997739	0.0027485555997739
PACSIN2	chr22:43036184-43036685	9	-0.00971729863279684	0.028378026918981714	5	0.03809532555177855	0.0424937786170193	4.593875664323767e-05	unsupported	True	0.0014660199080376	0.0014660199080376
PACSIN2	chr22:43143160-43143661	10	0.01690330212335618	0.0432538310186699	1	0.026350528895313717	0.018181363577289715	2.0722415024622114e-05	unsupported	True	0.0013869582101867	-0.0013869582101867
PACSIN2	chr22:42867675-42868176	11	0.002500828271039674	0.05348464305252954	1	0.05098381478148987	0.0644678048967388	0.00017579410695648442	unsupported	True	0.0012432384211455	0.0012432384211455
PACSIN2	chr22:42939862-42940363	12	0.005006143507973233	0.04143340161850121	0	0.03642725811052798	0.05195448125568361	7.841516950984018e-05	unsupported	True	0.0011995438835348	0.0011995438835348
PACSIN2	chr22:42931452-42931953	13	0.003732416334503732	0.02312503266604654	5	0.01939261633154281	0.015152734376879777	6.795317769799885e-06	unsupported	True	0.0011570698307623	-0.0011570698307623
PACSIN2	chr22:43152324-43152825	14	0.009527240920723786	0.05948984387919242	1	0.04996260295846863	0.06139413365417251	0.0001824797850688066	unsupported	True	0.0009656578085102	0.0009656578085102
PACSIN2	chr22:43089173-43089674	15	0.011534321937690457	0.04289618300300402	5	0.031361861065313565	0.01901393900010652	2.5579530694310356e-05	unsupported	True	0.000950039314956	0.000950039314956
PACSIN2	chr22:42857081-42857582	16	0.014429931430672624	0.03925395070621283	2	0.024824019275540204	0.012669470107522455	1.2345648954211831e-05	unsupported	True	0.000887808116817	-0.000887808116817
PACSIN2	chr22:43001249-43001750	17	0.014313917655888679	0.06529801354891657	1	0.05098409589302789	0.05791482869111225	0.00019280774176492487	unsupported	True	0.000846223300648	0.000846223300648
PACSIN2	chr22:42895704-42896205	18	-0.00596216694831017	0.05582459537132209	1	0.06178676231963226	0.07031763474985138	0.0002425410628571851	unsupported	True	0.0008416714526494	0.0008416714526494
PACSIN2	chr22:42959008-42959509	19	0.011125703168214601	0.05160207671899803	4	0.04047637355078343	0.049320963515153735	0.0001030149669694052	unsupported	True	0.0007855527388246	0.0007855527388246
CNIH2	chr11:66420678-66421179	0	-0.0037950898886789436	0.05219991731495068	4	0.055995007203629626	0.0686368685417267	0.0002006210879227063	unsupported	True	0.0050587166454716	0.0050587166454716
CNIH2	chr11:66418058-66418559	1	-0.027792925176551825	0.010798816462500358	1	0.038591741639052185	0.04819314252390079	2.008425768374459e-05	unsupported	True	0.0047864840506245	0.0047864840506245
CNIH2	chr11:66371215-66371716	2	-0.028297426740766962	0.019360895225461423	1	0.047658321966228386	0.06322113686207251	5.833463472987876e-05	unsupported	True	0.0041845008380003	0.0041845008380003
CNIH2	chr11:66291579-66292080	3	-0.024643538095296305	0.038246084608458276	1	0.06288962270375459	0.07494793351716064	0.00018027090275396274	unsupported	True	0.0036464544138933	0.0036464544138933
CNIH2	chr11:66416997-66417498	4	0.0014761496795382906	0.036432160300679736	4	0.034956010621141446	0.047394402734035904	6.035786111994403e-05	unsupported	True	0.0033429827006091	0.0033429827006091
CNIH2	chr11:66371967-66372468	5	-0.033513567929790045	0.014372573192753901	1	0.04788614112254395	0.06058447671348649	4.169708847662792e-05	unsupported	True	0.0025284196006249	0.0025284196006249
CNIH2	chr11:66267419-66267920	6	-0.02427078759633995	0.022331747007158523	1	0.046602534603498474	0.051724911440259494	5.38309435891784e-05	unsupported	True	0.0024673202876669	-0.0024673202876669
CNIH2	chr11:66399469-66399970	7	-0.03439197995131498	0.032731568083600095	1	0.06712354803491508	0.07361867234059856	0.00016174456534693383	unsupported	True	0.0022648189940357	0.0022648189940357
CNIH2	chr11:66408382-66408883	8	-0.024915418687745584	0.014548275231521201	1	0.03946369391926678	0.05000747251979565	2.871072422743259e-05	unsupported	True	0.0021679450521437	0.0021679450521437
CNIH2	chr11:66257449-66257950	9	-0.028636500484614937	0.03053490966651871	1	0.05917141015113365	0.06161573440568286	0.00011132691851490382	unsupported	True	0.002006567596974	0.002006567596974
CNIH2	chr11:66280348-66280849	10	-0.03062721060849239	0.019627046974094862	3	0.05025425758258725	0.051506829585694136	5.080338403423508e-05	unsupported	True	0.0019702518718167	-0.0019702518718167
CNIH2	chr11:66344906-66345407	11	-0.028559082312196598	0.012243903820373535	1	0.040802986132570135	0.051396797188123594	2.567721477660872e-05	unsupported	True	0.0018941863235405	-0.0018941863235405
CNIH2	chr11:66142835-66143336	12	-0.028244632118226195	0.02883321827211385	1	0.057077850390340044	0.0686999943197391	0.00011306219941386938	unsupported	True	0.0018268272888003	0.0018268272888003
CNIH2	chr11:66316863-66317364	13	-0.038929742477780326	0.03314997296942158	1	0.0720797154472019	0.0801053712679641	0.00019140702788518664	unsupported	True	0.0014664959918127	-0.0014664959918127
CNIH2	chr11:66312078-66312579	14	-0.02732288152621061	0.024702627528996667	1	0.05202550905520728	0.06334341307664566	8.140684972366845e-05	unsupported	True	0.0011407221791828	0.0011407221791828
CNIH2	chr11:66258149-66258650	15	-0.03358968169805133	0.01611269038701367	1	0.049702372085065	0.05192778094108105	4.158578867707359e-05	unsupported	True	0.0010725317179915	0.0010725317179915
CNIH2	chr11:66347496-66347997	16	-0.02651551010947133	0.01662177491757374	1	0.04313728502704507	0.045254728768947886	3.244846607653235e-05	unsupported	True	0.0010030012446319	0.0010030012446319
CNIH2	chr11:66328230-66328731	17	-0.03507313491220046	0.022467438999317167	1	0.05754057391151762	0.060250512450155905	7.7891219884245e-05	unsupported	True	0.0007242400467282	-0.0007242400467282
CNIH2	chr11:66161280-66161781	18	0.038163711812053316	0.09679741147814444	0	0.058633699666091124	0.08068299899527272	0.0004579236507538877	unsupported	True	0.0006349941410506	0.0006349941410506
CNIH2	chr11:66419772-66420273	19	-0.0079930389065153	0.04246462164394849	4	0.050457660550463794	0.06081371604984427	0.00013030344913661336	unsupported	True	0.000621939520853	0.000621939520853
TMEM191C	chr22:21567439-21567940	0	-0.009832777416317743	0.012701724433304765	0	0.02253450184962251	0.023259898731925747	6.657611795772016e-06	unsupported	True	0.0261827492030933	-0.0261827492030933
TMEM191C	chr22:21587852-21588353	1	-0.00876743104884615	0.09603077089873428	2	0.10479820194758044	0.11968947698980051	0.001204537196964214	unsupported	True	0.0100537335844738	-0.0100537335844738
TMEM191C	chr22:21575858-21576359	2	-0.01727046647296936	0.030318040086021122	5	0.04758850655899048	0.043456170835198815	6.269813956116842e-05	unsupported	True	0.0047843740399491	-0.0047843740399491
TMEM191C	chr22:21608545-21609046	3	0.02002890643413612	0.07575243557186966	4	0.05572352913773354	0.038562897843635396	0.00016278143639793618	unsupported	True	0.0024015349680002	-0.0024015349680002
TMEM191C	chr22:21556326-21556827	4	-0.02785670373513304	-0.005511522486826717	5	0.022345181248306326	0.014677367702131962	0.0	unsupported	True	0.0011498656011263	0.0011498656011263
TMEM191C	chr22:21593130-21593631	5	-0.0032377182859112366	0.09577104138872264	4	0.09900875967463388	0.10782253919380826	0.0010223918643384765	unsupported	True	0.0002070703068384	-0.0002070703068384
MMP2	chr16:55502818-55503319	0	-0.003965217186873901	0.024179649599447302	0	0.028144866786321204	0.04722527933358235	3.213836181960106e-05	unsupported	True	0.0049330944925308	0.0049330944925308
MMP2	chr16:55495773-55496274	1	0.003660256065082577	0.05764767051854892	0	0.05398741445346634	0.07566817889336294	0.000235498189921381	unsupported	True	0.004564761931229	0.004564761931229
MMP2	chr16:55280635-55281136	2	0.0036595793918553724	0.04633971386767828	0	0.04268013447582291	0.05941291201136213	0.000117505979220179	unsupported	True	0.0044080280196142	0.0044080280196142
MMP2	chr16:55543426-55543927	3	-0.008783185159959107	0.00017721315703454215	0	0.00896039831699365	0.019358269184521434	3.073900481472344e-08	unsupported	True	0.0038540209200025	0.0038540209200025
MMP2	chr16:55478972-55479473	4	0.0019472094301186032	0.03498971490149152	0	0.03304250547137291	0.051468839401818386	5.9505587814357004e-05	unsupported	True	0.0034617701529614	0.0034617701529614
MMP2	chr16:55465007-55465508	5	0.006770076504727211	0.03167608756704112	0	0.02490601106231391	0.04126444873821544	3.255455469903037e-05	unsupported	True	0.0031557963332425	-0.0031557963332425
MMP2	chr16:55242427-55242928	6	-0.0008997138149291993	0.02752181944477654	0	0.028421533259705742	0.04660674953275528	3.645637306061347e-05	unsupported	True	0.0030683702846318	0.0030683702846318
MMP2	chr16:55480271-55480772	7	-0.004578540400909578	0.015505606000562196	0	0.020084146401471773	0.03562201372793854	1.1093295696186981e-05	unsupported	True	0.0026093955304974	0.0026093955304974
MMP2	chr16:55500594-55501095	8	-0.009656950024164411	-0.004920452819469769	0	0.004736497204694642	0.017957521904072165	0.0	unsupported	True	0.0023493172667365	0.0023493172667365
MMP2	chr16:55508783-55509284	9	-0.011065895522852585	-0.00593553080540748	0	0.005130364717445105	0.010717314483336756	0.0	unsupported	True	0.0021930638276066	0.0021930638276066
MMP2	chr16:55428639-55429140	10	-0.003951237818639795	0.016794593240019504	0	0.0207458310586593	0.030216448897890047	1.0527948469219162e-05	unsupported	True	0.0015073925936579	0.0015073925936579
MMP2	chr16:55494969-55495470	11	-0.012985000302518267	-0.01117177159052319	0	0.0018132287119950775	0.010162939544055116	0.0	unsupported	True	0.0013912675746695	0.0013912675746695
MMP2	chr16:55499818-55500319	12	-0.006720036624254526	0.0070350477407005825	0	0.013755084364955109	0.03054673039916304	2.955936085224578e-06	unsupported	True	0.0013413279403587	0.0013413279403587
MMP2	chr16:55370987-55371488	13	0.0024653375259019654	0.019402617904114204	0	0.01693728037821224	0.025428955790133736	8.356656190862441e-06	unsupported	True	0.0012839187451137	-0.0012839187451137
MMP2	chr16:55388414-55388915	14	0.0059943910782714206	0.022415769646658	0	0.01642137856838658	0.03008584331990569	1.1074533918658611e-05	unsupported	True	0.0011478596264997	0.0011478596264997
MMP2	chr16:55613468-55613969	15	0.014085914041962005	0.10155958479548656	0	0.08747367075352455	0.12428852963098486	0.0011041531571596372	unsupported	True	0.0008001963861302	0.0008001963861302
MMP2	chr16:55509392-55509893	16	-0.009477399417037553	0.009135823307861932	0	0.018613222724899486	0.04326693896917624	7.357418103519942e-06	unsupported	True	0.0007798994775019	0.0007798994775019
MMP2	chr16:55384512-55385013	17	-0.006721314300681829	-0.005398757056291232	0	0.0013225572443905974	0.010043639634544396	0.0	unsupported	True	0.0006818942491874	-0.0006818942491874
MMP2	chr16:55585553-55586054	18	0.009589430708122957	0.040896746518565605	3	0.031307315810442646	0.0336756435192748	4.311719475123549e-05	unsupported	True	0.000650937897559	0.000650937897559
MMP2	chr16:55390896-55391397	19	0.001351340651681952	0.02340965232952043	1	0.02205831167783848	0.015391300463294573	7.947719829048615e-06	unsupported	True	0.0005915975486736	-0.0005915975486736
PANX1	chr11:94152182-94152683	0	-0.015016494147399584	0.0	4	0.015016494147399584	0.014230704676626904	0.0	unsupported	True	0.0137637231610336	0.0137637231610336
PANX1	chr11:93981486-93981987	1	-0.022031165529307204	0.0	4	0.022031165529307204	0.013719225908762067	0.0	unsupported	True	0.0082392587630001	0.0082392587630001
PANX1	chr11:94302764-94303265	2	0.001142143327244044	0.05623300070212805	2	0.055090857374884006	0.05623300070212805	0.0001742055749195262	unsupported	True	0.0065491801833209	0.0065491801833209
PANX1	chr11:94329244-94329745	3	-0.009500238323827168	0.08621710681732168	1	0.09571734514114885	0.08621710681732168	0.0007115043091009928	unsupported	True	0.002743164238692	0.002743164238692
PANX1	chr11:94128615-94129116	4	-0.005671839836039541	0.05971200665400135	1	0.06538384649004089	0.08570621098180378	0.00033461424691062503	unsupported	True	0.0026439713720891	0.0026439713720891
PANX1	chr11:93986765-93987266	5	0.010570139701690674	0.10214511568919406	1	0.09157497598750339	0.11748294810768098	0.0010989280383680096	unsupported	True	0.0018059789466203	-0.0018059789466203
PANX1	chr11:94167544-94168045	6	-0.016728272169248083	0.0	4	0.016728272169248083	0.012268146473420264	0.0	unsupported	True	0.0014233344238382	-0.0014233344238382
PANX1	chr11:94199383-94199884	7	-0.002779412310497061	0.021231368593808284	3	0.024010780904305345	0.031097348510680828	1.585286042086166e-05	unsupported	True	0.0012492886173946	0.0012492886173946
PANX1	chr11:94129196-94129697	8	-0.00727654701889621	0.03843551175780666	1	0.045712058776702875	0.059811176463984414	0.00010508622575199868	unsupported	True	0.0011178424429309	0.0011178424429309
PANX1	chr11:94028444-94028945	9	0.021992366376909753	0.07106749130595462	2	0.04907512492904487	0.07106749130595462	0.0002478582527947889	unsupported	True	0.0011048358126958	0.0011048358126958
PANX1	chr11:94327819-94328320	10	-0.0015286191683527603	0.03063865619817759	1	0.03216727536653035	0.03063865619817759	3.019629806158704e-05	unsupported	True	0.0010542899724704	0.0010542899724704
PANX1	chr11:94211387-94211888	11	0.016000471658361562	0.06953111605755544	3	0.053530644399193875	0.07630214261380985	0.0002840000426155474	unsupported	True	0.0007802961897289	0.0007802961897289
PANX1	chr11:94310110-94310611	12	-0.0007959694554732887	0.033774010024031235	3	0.03456997947950453	0.033774010024031235	3.9433413937387446e-05	unsupported	True	0.0007544499555743	0.0007544499555743
PANX1	chr11:94299481-94299982	13	-0.004133371207276831	0.028434685699346214	1	0.032568056906623045	0.03685836016275566	3.413314375680249e-05	unsupported	True	0.000625902579411	0.000625902579411
PANX1	chr11:94075534-94076035	14	0.0060720813058019124	0.06157098093318746	3	0.05549889962738555	0.08323851430078086	0.00028443613272472043	unsupported	True	0.0005275864854347	0.0005275864854347
PANX1	chr11:94281967-94282468	15	-0.001997096646492726	0.03203649748137683	3	0.034033594127869556	0.03781870352061361	4.123438113609472e-05	unsupported	True	0.0003642352646975	0.0003642352646975
MXD3	chr5:177455162-177455663	0	-0.008025013092637881	0.09883629853021468	4	0.10686131162285256	0.13679989473879245	0.001444849913028733	unsupported	True	0.0048873373473503	-0.0048873373473503
MXD3	chr5:177447655-177448156	1	0.07169622673224331	0.12212979388325211	1	0.0504335671510088	0.1661289876641795	0.0010232617246456787	unsupported	True	0.0046949962456218	0.0046949962456218
MXD3	chr5:177426182-177426683	2	0.008984500917887562	0.07775883383113061	1	0.06877433291324304	0.1224515739869344	0.000654847987583701	unsupported	True	0.0042524192301353	-0.0042524192301353
MXD3	chr5:177351682-177352183	3	0.006663539825481175	0.08602399289195072	1	0.07936045306646954	0.12698338099974554	0.0008669032311089461	unsupported	True	0.0038737413611425	-0.0038737413611425
MXD3	chr5:177446236-177446737	4	0.0027089424750337135	0.08716684772590817	4	0.08445790525087446	0.13188916339347592	0.000970958705076859	unsupported	True	0.0035662290941552	-0.0035662290941552
MXD3	chr5:177382620-177383121	5	0.009257016177359788	0.04219964436354573	1	0.03294262818618594	0.05977703824087545	8.310007750843415e-05	unsupported	True	0.0034888132671607	0.0034888132671607
MXD3	chr5:177390433-177390934	6	0.007268247248598176	0.10831673487433398	4	0.1010484876257358	0.1495941995153757	0.0016373447519345994	unsupported	True	0.0030378537879191	-0.0030378537879191
MXD3	chr5:177303504-177304005	7	0.013176470250535423	0.09189293080625163	1	0.07871646055571621	0.13144922949696847	0.0009508361958692174	unsupported	True	0.0020180066303707	-0.0020180066303707
MXD3	chr5:177400418-177400919	8	-0.010998802386456386	0.054048924029861826	4	0.06504772641631822	0.08276392721097248	0.00029097807356159383	unsupported	True	0.0019136144483775	-0.0019136144483775
MXD3	chr5:177455695-177456196	9	0.013124651935968613	0.08091162124334993	4	0.06778696930738132	0.1269294760978906	0.0006961768991758633	unsupported	True	0.0017986239848498	-0.0017986239848498
MXD3	chr5:177367020-177367521	10	0.02662123048981757	0.09635851193584465	1	0.06973728144602707	0.12621982644887725	0.0008481695495115556	unsupported	True	0.0016288348653828	0.0016288348653828
MXD3	chr5:177456236-177456737	11	0.012851012434762039	0.08662315946616744	4	0.0737721470314054	0.13322253872410783	0.0008513421749327666	unsupported	True	0.001490005262952	-0.001490005262952
MXD3	chr5:177312113-177312614	12	0.018427489185145546	0.10004898170832062	1	0.08162149252317508	0.14188272960177764	0.0011586352568333427	unsupported	True	0.0013218887505169	-0.0013218887505169
MXD3	chr5:177454378-177454879	13	0.019338103054956493	0.10261390968001109	4	0.0832758066250546	0.14434758901191297	0.0012334871154598798	unsupported	True	0.0013034526819005	-0.0013034526819005
MXD3	chr5:177318039-177318540	14	0.04022562215523958	0.11145944738871282	1	0.07123382523347324	0.14677682152961544	0.0011653614047366107	unsupported	True	0.0011275499479226	0.0011275499479226
MXD3	chr5:177370697-177371198	15	-0.008877788911559813	0.055056832491995424	1	0.06393462140355524	0.09685902361432569	0.0003409474186841335	unsupported	True	0.0009873264658442	-0.0009873264658442
MXD3	chr5:177446924-177447425	16	0.017752803231864296	0.10507514310543646	4	0.08732233987357216	0.14952988323527328	0.0013719975909551375	unsupported	True	0.0009700510978825	-0.0009700510978825
MXD3	chr5:177402409-177402910	17	-0.022829426616604392	0.046240836571218996	4	0.06907026318782339	0.0814432818743811	0.0002601189901522869	unsupported	True	0.0009280781557901	-0.0009280781557901
MXD3	chr5:177184289-177184790	18	0.03859150720367003	0.10638760606518638	4	0.06779609886151636	0.1326819385382436	0.0009569903289074917	unsupported	True	0.0008988187421856	0.0008988187421856
MXD3	chr5:177457543-177458044	19	0.004330226993843862	0.08238550447584604	4	0.07805527748200218	0.12427251708561687	0.0007991497578832902	unsupported	True	0.0005476455801806	0.0005476455801806
CEBPZOS	chr2:37324555-37325056	0	0.002077915568546295	0.06008757023264197	4	0.058009654664095675	0.06476400986764984	0.0002257452667463577	unsupported	True	0.0073372092337909	-0.0073372092337909
CEBPZOS	chr2:37196286-37196787	1	-0.00788947344927294	0.042650274720239814	4	0.05053974816951275	0.05664928957918206	0.00012210947790549103	unsupported	True	0.0067031882430406	0.0067031882430406
CEBPZOS	chr2:37344428-37344929	2	-0.0040366655869496304	0.034847086423102885	4	0.038883752010052515	0.04696612827944613	6.363842124810935e-05	unsupported	True	0.0059837964508041	0.0059837964508041
CEBPZOS	chr2:37231381-37231882	3	-0.008873740994001844	0.02593177049905916	4	0.034805511493061006	0.036748496382900224	3.316803658567592e-05	unsupported	True	0.004177341557921	0.004177341557921
CEBPZOS	chr2:37318172-37318673	4	-0.006644744409667986	0.017882770432599747	2	0.024527514842267735	0.022637262295842092	9.929154113983107e-06	unsupported	True	0.003688479440545	0.003688479440545
CEBPZOS	chr2:37344945-37345446	5	-0.0077138615268015544	0.04244924500262227	4	0.05016310652942382	0.04119015154421453	8.770973200153536e-05	unsupported	True	0.0032358057679618	0.0032358057679618
CEBPZOS	chr2:37156296-37156797	6	-0.013266864281351091	0.04836864080958169	4	0.06163550509093278	0.0591064698027161	0.0001762097213069824	unsupported	True	0.0031481107101888	0.0031481107101888
CEBPZOS	chr2:37156851-37157352	7	0.0023135993389155813	0.06230087001568175	4	0.059987270676766166	0.06823647965815588	0.0002550174081729015	unsupported	True	0.0028475909478267	-0.0028475909478267
CEBPZOS	chr2:37084205-37084706	8	-0.01167783725482765	0.04150267452936404	4	0.05318051178419169	0.051692473104600206	0.00011409218763364292	unsupported	True	0.0028214753692721	0.0028214753692721
CEBPZOS	chr2:37323773-37324274	9	-0.0011755406895712888	0.053533019630094214	4	0.054708560319665506	0.04734755909483092	0.00013866747971329665	unsupported	True	0.0009291341713012	-0.0009291341713012
CEBPZOS	chr2:37357570-37358071	10	-0.012249900103323547	0.012795904689154286	2	0.02504580479247783	0.02508651412799484	8.039819645215685e-06	unsupported	True	0.000863534379536	-0.000863534379536
CEBPZOS	chr2:37196825-37197326	11	-0.009346130834691237	0.03491935644712801	4	0.04426548728181924	0.053886415974237795	8.329343638497727e-05	unsupported	True	0.0008072957830616	0.0008072957830616
CEBPZOS	chr2:37083622-37084123	12	-0.004361989815604357	0.046191174142903114	4	0.05055316395850747	0.04751800997183936	0.0001109597802597419	unsupported	True	0.0006165574401126	-0.0006165574401126
CEBPZOS	chr2:37316172-37316673	13	-0.023587762222143017	-0.005507221792320788	4	0.01808054042982223	0.021863680882918943	0.0	unsupported	True	0.0006092856904461	-0.0006092856904461
CEBPZOS	chr2:37132960-37133461	14	-0.018392128651361198	0.017796911074204166	0	0.036189039725565364	0.044084952841360485	2.8393051504384885e-05	unsupported	True	0.0002292200775402	-0.0002292200775402
CEBPZOS	chr2:37122255-37122756	15	-0.018665414431809045	0.02561680155526858	4	0.04428221598707763	0.05253241261732201	5.959112667669794e-05	unsupported	True	0.0002120518908006	-0.0002120518908006
CEBPZOS	chr2:37239345-37239846	16	-0.018868336545307843	0.03363879165838454	4	0.05250712820369238	0.05607152032552572	9.903780004779964e-05	unsupported	True	0.0001841349643124	-0.0001841349643124
CEBPZOS	chr2:37249638-37250139	17	-0.0008894501021481817	0.04748695151678177	2	0.04837640161892995	0.0489236155897177	0.00011238967015209417	unsupported	True	0.0001404638813482	0.0001404638813482
CEBPZOS	chr2:37149870-37150371	18	-0.024993000331268948	-0.015743867659441926	4	0.009249132671827021	0.01502005873325252	0.0	unsupported	True	0.0001142017334482	0.0001142017334482
CEBPZOS	chr2:37099146-37099647	19	-0.015394281529993984	0.006429815849229624	4	0.021824097379223608	0.03690568865117263	5.178788074129715e-06	unsupported	True	8.489877054683692e-05	8.489877054683692e-05
RASL12	chr15:65081061-65081562	0	0.0017251133713193628	0.0785574303959588	1	0.07683231702463944	0.09272381460228675	0.0005596577080569128	unsupported	True	0.0080169143597079	0.0080169143597079
RASL12	chr15:65071462-65071963	1	0.004226505320342197	0.09190633082958612	1	0.08767982550924391	0.10897903255997632	0.0008781891219133033	unsupported	True	0.0061465664873317	0.0061465664873317
RASL12	chr15:64911603-64912104	2	-0.012547942433015819	0.014248934949096466	1	0.026796877382112283	0.01836634685295356	7.012766433961456e-06	unsupported	True	0.0052360782147866	0.0052360782147866
RASL12	chr15:65101470-65101971	3	-0.0029263489300431155	0.060484801293997977	1	0.06341115022404109	0.06192939542872214	0.0002375246733730488	unsupported	True	0.0030394800809309	0.0030394800809309
RASL12	chr15:65133031-65133532	4	-0.003912140338988611	0.05394300215303958	1	0.05785514249202819	0.05575415502605732	0.00017400203157570037	unsupported	True	0.0030106090449357	0.0030106090449357
RASL12	chr15:65067753-65068254	5	0.005374419958813465	0.07766252366842218	1	0.07228810370960871	0.09293174798772158	0.0005217259485495681	unsupported	True	0.0025302009715209	0.0025302009715209
RASL12	chr15:64989690-64990191	6	-0.006880971722311775	0.048762245265914245	1	0.05564321698822602	0.057738221599934435	0.00015666043501914794	unsupported	True	0.0019937025130869	-0.0019937025130869
RASL12	chr15:65083198-65083699	7	0.009587246116801668	0.06847353481932927	1	0.05888628870252761	0.08065858055965233	0.00032522768433287225	unsupported	True	0.0015949722203798	0.0015949722203798
RASL12	chr15:65054226-65054727	8	-0.0010900802226191956	0.07615782581562912	1	0.07724790603824831	0.09787072963296563	0.0005757766903429881	unsupported	True	0.001480304622459	0.001480304622459
RASL12	chr15:64905454-64905955	9	0.002178062500200264	0.07911308056826588	1	0.07693501806806562	0.08714254464741879	0.0005303988740605612	unsupported	True	0.0014798057292382	0.0014798057292382
RASL12	chr15:65029404-65029905	10	-0.006956907495266512	0.04656752188760184	1	0.05352442938286835	0.050728346275683726	0.0001264404049593568	unsupported	True	0.001473174177932	-0.001473174177932
RASL12	chr15:65049252-65049753	11	-0.004150134431533205	0.06188286302754796	4	0.06603299745908117	0.06188286302754796	0.0002528726200059773	unsupported	True	0.0014464605073753	-0.0014464605073753
RASL12	chr15:65133590-65134091	12	-0.01080125257471413	0.0411913645288013	4	0.05199261710351543	0.046242893814966726	9.903594759242601e-05	unsupported	True	0.0012722071983062	-0.0012722071983062
RASL12	chr15:65208641-65209142	13	-0.01249216695055576	0.026243301060574438	4	0.038735468011130196	0.033190012521059215	3.373919268086504e-05	unsupported	True	0.0012129041424489	0.0012129041424489
RASL12	chr15:65184694-65185195	14	-0.007362802726037722	0.05754771909226894	1	0.06491052181830666	0.05754771909226894	0.00021496676975597478	unsupported	True	0.0010631925509653	0.0010631925509653
RASL12	chr15:65033651-65034152	15	-0.012433500769258003	0.02747113265843264	4	0.03990463342769064	0.02768601777374006	3.0350118083943166e-05	unsupported	True	0.0009815797327313	0.0009815797327313
RASL12	chr15:65077814-65078315	16	-0.00439513844497646	0.04482008647266797	4	0.04921522491764443	0.05442751980216715	0.00012005789065271902	unsupported	True	0.0008203343985672	0.0008203343985672
RASL12	chr15:65003665-65004166	17	-0.013172710844182913	0.018746708881567414	1	0.031919419725750325	0.025023458852589428	1.4973639135352846e-05	unsupported	True	0.0007708989396459	0.0007708989396459
RASL12	chr15:65101982-65102483	18	0.001736712153587272	0.07745521643663293	1	0.07571850428304566	0.07745521643663293	0.0004542588218212519	unsupported	True	0.0005887112868865	0.0005887112868865
RASL12	chr15:65001505-65002006	19	0.0034903518234712014	0.07421899735616594	1	0.07072864553269474	0.08567548753480805	0.0004497456886925305	unsupported	True	0.0005648521514578	0.0005648521514578
GNPAT	chr1:231093463-231093964	0	0.007939782247401687	0.05249429418500353	1	0.04455451193760184	0.07550708549066791	0.00017660032505169176	unsupported	True	0.0071860263636734	0.0071860263636734
GNPAT	chr1:231421151-231421652	1	0.021080950599916083	0.06817693941799577	1	0.047095988818079686	0.04495929213774669	0.00014435800967971672	unsupported	True	0.0055002265761043	0.0055002265761043
GNPAT	chr1:231140289-231140790	2	0.0028899940333703793	0.03529038982835744	1	0.03240039579498706	0.028914209240787164	3.306116025494629e-05	unsupported	True	0.0052079837717617	0.0052079837717617
GNPAT	chr1:231337697-231338198	3	-0.0023742949395730456	0.05996182441783984	0	0.062336119357412886	0.07314662849745969	0.00027340654955401294	unsupported	True	0.0035163227847759	-0.0035163227847759
GNPAT	chr1:231357765-231358266	4	0.012717239436145458	0.07149790364757261	0	0.05878066421142715	0.08079711018519423	0.00033956555169510383	unsupported	True	0.0035008932222543	0.0035008932222543
GNPAT	chr1:231422111-231422612	5	0.0047487344441479885	0.05293043313251705	0	0.048181698688369065	0.05185281289631816	0.00013223909733407098	unsupported	True	0.0033788400186799	0.0033788400186799
GNPAT	chr1:231106275-231106776	6	-0.005407515179724769	0.05327197721078315	1	0.058679492390507924	0.06592595732905619	0.0002060827350110309	unsupported	True	0.0032599987265938	0.0032599987265938
GNPAT	chr1:231192715-231193216	7	0.02963452430869881	0.06371232659858439	4	0.03407780228988558	0.05000991213658271	0.00010858032445650242	unsupported	True	0.001903584672568	0.001903584672568
GNPAT	chr1:231161799-231162300	8	-0.00819520677846168	0.062790764607445	0	0.07098597138590668	0.08233932212262299	0.00036700804850198026	unsupported	True	0.0017784020686265	-0.0017784020686265
GNPAT	chr1:231240971-231241472	9	-0.0011042612668357857	0.06873217257513332	0	0.06983643384196911	0.0844705109021324	0.0004054592820720779	unsupported	True	0.0015737768983492	-0.0015737768983492
GNPAT	chr1:231161078-231161579	10	-0.009743525417795208	0.06293163471194367	0	0.07267516012973887	0.08684099916533501	0.00039717309589120363	unsupported	True	0.0013924953575595	-0.0013924953575595
GNPAT	chr1:231162582-231163083	11	-0.010222153486320298	0.058598214846028764	0	0.06882036833234906	0.07925117279661328	0.0003196002248951521	unsupported	True	0.0013250632813478	-0.0013250632813478
GNPAT	chr1:231156738-231157239	12	0.016421095275745663	0.060674523605940486	0	0.04425342833019483	0.0739735491495215	0.0001986230984515835	unsupported	True	0.0009126365697875	-0.0009126365697875
GNPAT	chr1:231188153-231188654	13	0.007569581309896606	0.04557503648457191	0	0.0380054551746753	0.050953086569411415	8.825584156271477e-05	unsupported	True	0.0007827830371611	0.0007827830371611
GNPAT	chr1:231211235-231211736	14	0.017006551289669825	0.056242681681556855	1	0.03923613039188703	0.042352389855223126	9.346093268471211e-05	unsupported	True	0.0007424697331853	0.0007424697331853
GNPAT	chr1:231381399-231381900	15	0.02127787234401618	0.05417885694904159	0	0.03290098460502541	0.052947547162509136	9.438100097279592e-05	unsupported	True	0.0006195198389609	0.0006195198389609
GNPAT	chr1:231121492-231121993	16	0.01640081062996328	0.06685988244944165	1	0.05045907181947837	0.06588631994318471	0.00022227986128442242	unsupported	True	0.0005920162702361	0.0005920162702361
GNPAT	chr1:231384508-231385009	17	-0.00902625792594822	0.03741927038012326	0	0.046445528306071474	0.057718127703073316	0.00010031166918281792	unsupported	True	0.0005654364779815	-0.0005654364779815
GNPAT	chr1:231283451-231283952	18	-0.002207411888119431	0.03063355390625304	1	0.03284096579437247	0.029300633626218722	2.9477477483130138e-05	unsupported	True	0.0005052975697724	-0.0005052975697724
GNPAT	chr1:231177322-231177823	19	0.011316850320706052	0.049849544083826296	1	0.03853269376312024	0.048176624427363306	9.253945316124268e-05	unsupported	True	0.0004752032655949	-0.0004752032655949
RUFY1	chr5:179530282-179530783	0	0.0124626912652037	0.031261728684063975	0	0.018799037418860274	0.026548607461558675	1.560236193259609e-05	unsupported	True	0.0079633546769811	0.0079633546769811
RUFY1	chr5:179678364-179678865	1	0.013923180771651463	0.039585156492601546	2	0.02566197572095008	0.03297346210975712	3.349554164588475e-05	unsupported	True	0.0044886582669805	-0.0044886582669805
RUFY1	chr5:179541062-179541563	2	0.06181249303185565	0.1461610102951664	4	0.08434851726331075	0.1481964784660446	0.0018270350238091739	unsupported	True	0.0037160162183569	0.0037160162183569
RUFY1	chr5:179623570-179624071	3	0.014728349210764526	0.04291224611817599	4	0.028183896907411465	0.03607075568096047	4.362520989270032e-05	unsupported	True	0.0035579481222826	-0.0035579481222826
RUFY1	chr5:179408090-179408591	4	-0.0031008206507402566	0.021110031559397897	0	0.024210852210138155	0.01605033747935998	8.203196743438613e-06	unsupported	True	0.0029971369509832	0.0029971369509832
RUFY1	chr5:179559395-179559896	5	0.020533858762449002	0.05549901647887765	4	0.03496515771642865	0.04683493618050108	9.088468602028042e-05	unsupported	True	0.0026545107867028	-0.0026545107867028
RUFY1	chr5:179406801-179407302	6	0.0352649364053631	0.11095936236921478	4	0.07569442596385167	0.07965001664274549	0.0006689809071367754	unsupported	True	0.002379555436254	0.002379555436254
RUFY1	chr5:179495852-179496353	7	-0.016207039802326507	0.01792849882157375	0	0.03413553862390026	0.038794147655360295	2.3741978174047958e-05	unsupported	True	0.0021530075015694	0.0021530075015694
RUFY1	chr5:179698579-179699080	8	0.0221346932728044	0.05692690412925964	4	0.03479221085645524	0.03903767584066871	7.73185224771796e-05	unsupported	True	0.0020742817134335	-0.0020742817134335
RUFY1	chr5:179678988-179679489	9	0.00985840166027485	0.0414973957257668	2	0.03163899406549195	0.03712671983784409	4.874500173164507e-05	unsupported	True	0.0019522765211192	0.0019522765211192
RUFY1	chr5:179439537-179440038	10	0.06127926087376602	0.15924140103149648	4	0.09796214015773046	0.15611615669432305	0.0024353540389677316	unsupported	True	0.001730103009442	0.001730103009442
RUFY1	chr5:179550314-179550815	11	0.030957544142478192	0.08133061404395472	4	0.05037306990147653	0.059676485907513094	0.00024448696632633403	unsupported	True	0.0017136867231508	-0.0017136867231508
RUFY1	chr5:179622659-179623160	12	0.033747766630252314	0.07910620383325404	4	0.04535843720300172	0.07343520750043497	0.00026349534859566913	unsupported	True	0.0016972783520771	-0.0016972783520771
RUFY1	chr5:179475933-179476434	13	0.006706422481284621	0.040961607225864144	3	0.034255184744579524	0.03295540970650322	4.624129820216814e-05	unsupported	True	0.0014454800078329	0.0014454800078329
RUFY1	chr5:179732461-179732962	14	0.02314538261525461	0.069511857187334	4	0.046366474572079396	0.05259002934889637	0.00016949870370392217	unsupported	True	0.0010422340708838	-0.0010422340708838
RUFY1	chr5:179422376-179422877	15	0.018963950583882117	0.11242365495796809	4	0.09345970437408598	0.13065846058366345	0.0013728391014680113	unsupported	True	0.0008297891372843	0.0008297891372843
RUFY1	chr5:179598010-179598511	16	0.03820973631793806	0.10059917494530092	4	0.06238943862736286	0.08718112339264822	0.0005471771559233098	unsupported	True	0.0006827906214459	0.0006827906214459
RUFY1	chr5:179475114-179475615	17	-0.0006575109012404509	0.012523101473618672	4	0.013180612374859122	0.018598084990965647	3.0698398248378755e-06	unsupported	True	0.0006460546394342	0.0006460546394342
RUFY1	chr5:179550828-179551329	18	0.030239952317374204	0.08356889439865746	4	0.053328942081283255	0.07927754219829937	0.0003533115234704555	unsupported	True	0.0005132982173822	-0.0005132982173822
RUFY1	chr5:179607526-179608027	19	0.0075835440066736835	0.05711275562381126	0	0.04952921161713758	0.03850009696314832	0.00010890714001867255	unsupported	True	0.0004812325746901	-0.0004812325746901
SRPRA	chr11:126153964-126154465	0	-0.00889407532132836	0.03794390096091171	2	0.04683797628224007	0.06196508545784413	0.00011012531239564045	unsupported	True	0.0088273936143512	0.0088273936143512
SRPRA	chr11:126282824-126283325	1	-0.006518905269968496	0.05736893470513927	2	0.06388783997510776	0.0804446851302208	0.00029484403545256704	unsupported	True	0.0068970209359019	0.0068970209359019
SRPRA	chr11:126283380-126283881	2	0.009827034677810143	0.07219440777039952	2	0.062367373092589384	0.08560857519328594	0.00038545907878679864	unsupported	True	0.0041659168588516	0.0041659168588516
SRPRA	chr11:126304384-126304885	3	-0.004751027625759987	0.05163785232404091	2	0.056388879949800894	0.07693592223783505	0.0002240220688086944	unsupported	True	0.0041152971041037	0.0041152971041037
SRPRA	chr11:126140839-126141340	4	-0.020836603406113655	0.022851728455809593	2	0.04368833186192325	0.0488518665959123	4.87714513622449e-05	unsupported	True	0.0036064228406169	0.0036064228406169
SRPRA	chr11:126194033-126194534	5	0.0008702430317831161	0.07237688722370943	2	0.07150664419192632	0.09362822830470689	0.0004845661845466511	unsupported	True	0.0034372989708009	0.0034372989708009
SRPRA	chr11:126416421-126416922	6	-0.007528071593243345	0.054801147830661645	2	0.06232921942390499	0.07582696653923438	0.00025900313775305945	unsupported	True	0.0018200079124353	0.0018200079124353
SRPRA	chr11:126375641-126376142	7	0.015203356760701644	0.07376540538504579	2	0.05856204862434415	0.08039868583131973	0.00034731052484320853	unsupported	True	0.001506101201747	-0.001506101201747
SRPRA	chr11:126355368-126355869	8	-0.009603113578005409	0.04589947993241833	2	0.05550259351042374	0.06523719902979053	0.00016619438556521996	unsupported	True	0.0014296063797152	-0.0014296063797152
SRPRA	chr11:126268744-126269245	9	-0.0007587013835616906	0.05720423649774258	4	0.05796293788130427	0.07674852154026454	0.00025447703814481925	unsupported	True	0.0012635254125262	-0.0012635254125262
SRPRA	chr11:126163019-126163520	10	-0.014754400137528207	0.01886315569761971	2	0.033617555835147916	0.04507470886651892	2.8583368916970707e-05	unsupported	True	0.0012513093864483	0.0012513093864483
SRPRA	chr11:126113525-126114026	11	-0.018561905755449214	0.020283789676559073	2	0.03884569543200829	0.04409018628392929	3.474032949584067e-05	unsupported	True	0.0010279426904207	0.0010279426904207
SRPRA	chr11:126415066-126415567	12	0.0006149595098465008	0.02779131352664878	1	0.02717635401680228	0.01902265391452395	1.4367174669283579e-05	unsupported	True	0.0009486066865666	-0.0009486066865666
SRPRA	chr11:126282300-126282801	13	0.009852996783442126	0.06249478246716141	4	0.052641785683719286	0.06108072391614401	0.0002009456221658797	unsupported	True	0.0009426244466721	0.0009426244466721
SRPRA	chr11:126332120-126332621	14	-0.01605869276103814	0.01943657029361655	1	0.0354952630546547	0.03528738147162398	2.434498239281116e-05	unsupported	True	0.0008364427442663	0.0008364427442663
SRPRA	chr11:126127871-126128372	15	0.01370309214218145	0.11471746435887019	4	0.10101437221668874	0.13549324604632207	0.0015701109977539563	unsupported	True	0.0007256580704792	0.0007256580704792
SRPRA	chr11:126167159-126167660	16	0.008519976665276947	0.0890693966373567	4	0.08054941997207976	0.10663548196262071	0.0007650550109239006	unsupported	True	0.0006237693870403	0.0006237693870403
SRPRA	chr11:126390550-126391051	17	-0.012015250588206003	0.04802897861608548	2	0.060044229204291484	0.05652152487731863	0.0001630003343239711	unsupported	True	0.0005215467749303	-0.0005215467749303
SRPRA	chr11:126333985-126334486	18	0.012180107784545254	0.07879155572043511	4	0.06661144793588986	0.06834277519947113	0.00035869156167214273	unsupported	True	0.0004111398051785	0.0004111398051785
SRPRA	chr11:126135725-126136226	19	-0.011299220946084463	0.03125653769183394	4	0.0425557586379184	0.05077868137963305	6.754304336197677e-05	unsupported	True	0.0003606851574227	-0.0003606851574227
PCSK6	chr15:101489490-101489991	0	0.02224982665039009	0.06611021476699358	5	0.04386038811660349	0.04222566585928818	0.00012243837164867784	unsupported	True	0.0082374299181524	0.0082374299181524
PCSK6	chr15:101521686-101522187	1	-0.0017527012548848775	0.029569023119205357	5	0.03132172437409023	0.021272592058597724	1.9701670531356324e-05	unsupported	True	0.0038220487206445	0.0038220487206445
PCSK6	chr15:101613414-101613915	2	0.015408432700723946	0.06293960460332822	3	0.04753117190260427	0.053794492777940205	0.00016093123695661414	unsupported	True	0.0032808040156138	0.0032808040156138
PCSK6	chr15:101615827-101616328	3	-0.0015414893935917807	0.020228413146108914	3	0.021769902539700695	0.0311515228393452	1.3718214265489711e-05	unsupported	True	0.0025818300870424	0.0025818300870424
PCSK6	chr15:101580358-101580859	4	0.004080562413628844	0.060787031880097805	5	0.05670646946646896	0.048453210350663786	0.00016701908665045902	unsupported	True	0.002571082505614	0.002571082505614
PCSK6	chr15:101172861-101173362	5	0.00024998349916848607	0.050164367892445876	5	0.04991438439327739	0.06313159201599763	0.00015807667948202077	unsupported	True	0.0024975535972434	0.0024975535972434
PCSK6	chr15:101201330-101201831	6	0.02516772730079459	0.10442470218535954	3	0.07925697488456496	0.09630755947021062	0.0007970785367425255	unsupported	True	0.0023712472209366	0.0023712472209366
PCSK6	chr15:101480226-101480727	7	0.023155869523070197	0.043487372973557294	3	0.020331503450487096	0.04010312222505925	3.5457723871924814e-05	unsupported	True	0.002268520937172	0.002268520937172
PCSK6	chr15:101614670-101615171	8	0.02072176087760579	0.0983799813643353	5	0.07765822048672952	0.09262957048097903	0.0007076912416206498	unsupported	True	0.0022481280503735	0.0022481280503735
PCSK6	chr15:101458696-101459197	9	0.024599462656804013	0.07333158946005018	1	0.048732126803246165	0.06452821560068858	0.00023059830979058003	unsupported	True	0.0021400116547656	0.0021400116547656
PCSK6	chr15:101207740-101208241	10	0.0015329901386451873	0.04058194292459553	1	0.03904895278595034	0.043895079815022685	6.955975925415612e-05	unsupported	True	0.0020309968284357	-0.0020309968284357
PCSK6	chr15:101502417-101502918	11	0.01526175443556875	0.08530575406937475	3	0.070043999633806	0.08968015015185919	0.0005358529058063532	unsupported	True	0.0018272846830926	0.0018272846830926
PCSK6	chr15:101433906-101434407	12	0.011838761624631725	0.13495566050230665	5	0.12311689887767492	0.12864803023653681	0.002137528499409701	unsupported	True	0.0015116066717454	0.0015116066717454
PCSK6	chr15:101310167-101310668	13	0.00776505640087149	0.04137623446309361	2	0.03361117806222212	0.04644221885660516	6.458737879354893e-05	unsupported	True	0.0014848262993947	-0.0014848262993947
PCSK6	chr15:101251807-101252308	14	0.018337640263148845	0.05601713457126557	3	0.03767949430811673	0.04680791513599752	9.879734024760316e-05	unsupported	True	0.0011729337843106	0.0011729337843106
PCSK6	chr15:101255640-101256141	15	0.012355298458141201	0.1084811360108392	5	0.09612583755269799	0.11494367332596367	0.0011986142410888238	unsupported	True	0.001161616001072	0.001161616001072
PCSK6	chr15:101372111-101372612	16	0.006828591438116438	0.05226824678519352	1	0.04543965534707708	0.04051415147602939	9.622318081935049e-05	unsupported	True	0.0010370819088122	0.0010370819088122
PCSK6	chr15:101244153-101244654	17	0.012653079774136156	0.05528479103207917	2	0.04263171125794302	0.06140487364019848	0.00014472424085233747	unsupported	True	0.0008670878611553	0.0008670878611553
PCSK6	chr15:101451367-101451868	18	0.01913561904662714	0.04227765919784589	4	0.02314204015121875	0.032721861220919336	3.201478390171736e-05	unsupported	True	0.0008040842684777	0.0008040842684777
PCSK6	chr15:101428739-101429240	19	0.01849064799405092	0.09836665243956323	1	0.07987600444551231	0.08231197760128571	0.0006467363339218735	unsupported	True	0.0007923797511559	0.0007923797511559
ZNF596	chr8:406629-407130	0	-0.00285946910512221	0.01836913106199639	0	0.0212286001671186	0.019437041173364967	7.579492451736312e-06	unsupported	True	0.0092927963836902	0.0092927963836902
ZNF596	chr8:333087-333588	1	0.0021938221865727553	0.023750590033774686	3	0.02155676784720193	0.05019471011204125	2.569898662238433e-05	unsupported	True	0.009208297610365	0.009208297610365
ZNF596	chr8:354555-355056	2	-0.004716540021835027	0.005920337307936384	2	0.010636877329771411	0.018315573391409407	1.1534031182452882e-06	unsupported	True	0.0041926737365653	0.0041926737365653
ZNF596	chr8:379440-379941	3	0.007992186340872566	0.04228457868216147	3	0.034292392341288905	0.05271546062670005	7.643949290283567e-05	unsupported	True	0.0037518952260582	0.0037518952260582
ZNF596	chr8:265696-266197	4	0.0018682921982235005	0.03535369682116279	3	0.03348540462293929	0.04101835660002783	4.855887770790597e-05	unsupported	True	0.0037161763914301	0.0037161763914301
ZNF596	chr8:353583-354084	5	-0.006059996114301993	0.029554287016293625	3	0.035614283130595614	0.045941317163191636	4.835575139561039e-05	unsupported	True	0.0030063651758552	0.0030063651758552
ZNF596	chr8:346707-347208	6	-0.008580241257941603	0.007418477333162685	2	0.015998718591104286	0.010882530022196368	1.291605386304388e-06	unsupported	True	0.0027797704033445	0.0027797704033445
ZNF596	chr8:220258-220759	7	-0.004138007274598825	0.04907105685708295	4	0.05320906413168178	0.07086904021480075	0.00018504083652894096	unsupported	True	0.0027068980848512	0.0027068980848512
ZNF596	chr8:393068-393569	8	-0.01190774005035355	-0.008578602208894805	5	0.003329137841458744	0.011715609657699615	0.0	unsupported	True	0.0011283563143565	0.0011283563143565
ZNF596	chr8:308155-308656	9	0.0009742206313736693	0.047176521110548736	3	0.04620230047917507	0.05649173822701043	0.0001231329970334706	unsupported	True	0.0007171012474191	0.0007171012474191
ZNF596	chr8:232116-232617	10	6.966914014001685e-05	0.03166134434787463	0	0.031591675207734614	0.02786495665809186	2.7871502339220342e-05	unsupported	True	0.0005646387954679	0.0005646387954679
ZNF596	chr8:205596-206097	11	0.008030376180479599	0.10488771535951423	0	0.09685733917903463	0.1091942056533446	0.0011093197708261422	unsupported	True	0.0005547236978024	0.0005547236978024
ZNF596	chr8:364004-364505	12	-0.00546728312948547	0.019832989335952598	1	0.02530027246543807	0.028262972065622644	1.4181795084134556e-05	unsupported	True	0.00054624459712	0.00054624459712
ZNF596	chr8:240252-240753	13	0.00617264198877077	0.03436210307185084	0	0.028189461083080073	0.03817491187372258	3.697809659734376e-05	unsupported	True	0.000536292427507	0.000536292427507
ZNF596	chr8:343170-343671	14	-0.0062824884069796715	-0.008245872672441819	3	-0.0019633842654621474	0.013303694290425085	0.0	unsupported	True	0.0005079293297721	0.0005079293297721
ZNF596	chr8:347389-347890	15	-0.014247290120460962	0.02220739279311434	2	0.0364546829135753	0.04308021951832079	3.487617168325933e-05	unsupported	True	0.0004875425285187	-0.0004875425285187
ZNF596	chr8:276194-276695	16	-0.005083181310029004	0.019104098762206007	3	0.02418728007223501	0.01736880217789704	8.02570988814154e-06	unsupported	True	0.0003476961460091	-0.0003476961460091
ZNF596	chr8:274133-274634	17	-0.008797731761714066	0.022446649587849355	3	0.03124438134956342	0.03963435735737527	2.779683042097384e-05	unsupported	True	0.0003223873390361	0.0003223873390361
ZNF596	chr8:384925-385426	18	-0.008584826380557659	0.010665610646695963	2	0.01925043702725362	0.03054560022542842	6.271551348257624e-06	unsupported	True	0.0001667468803912	-0.0001667468803912
ZNF596	chr8:306989-307490	19	-0.006380378841674515	-0.003416511125543809	0	0.0029638677161307058	0.008293044796986164	0.0	unsupported	True	0.0001666561862545	0.0001666561862545
PLSCR1	chr3:146544497-146544998	0	0.009767724887112098	0.07821984845184923	1	0.06845212356473714	0.08861166365689223	0.00047445473609559276	unsupported	True	0.0174569161976041	0.0174569161976041
PLSCR1	chr3:146655317-146655818	1	-0.004491435201565161	0.0344934846812186	1	0.03898491988278376	0.03812027988117132	5.1261321449290135e-05	unsupported	True	0.0071535241952474	0.0071535241952474
PLSCR1	chr3:146611029-146611530	2	-0.011761215056914713	0.0615625447116343	3	0.073323759768549	0.10446724320217829	0.00047156484739900546	unsupported	True	0.0049462853671608	0.0049462853671608
PLSCR1	chr3:146469237-146469738	3	-0.01118311607849904	0.05578020634122063	1	0.06696332241971967	0.08363855784206133	0.0003124090782690137	unsupported	True	0.0043954229648772	0.0043954229648772
PLSCR1	chr3:146640755-146641256	4	-0.002772807367640809	0.038532731080645914	1	0.04130553844828672	0.04785334412163924	7.616411012219099e-05	unsupported	True	0.0029999790775602	0.0029999790775602
PLSCR1	chr3:146589861-146590362	5	-0.015133469571634958	0.04044845597929803	2	0.05558192555093299	0.06466649631486196	0.00014538341546953571	unsupported	True	0.0017949728023981	-0.0017949728023981
PLSCR1	chr3:146373746-146374247	6	-0.021198737217769652	0.006128287309732544	2	0.027327024527502197	0.029609671241140795	4.958668207723814e-06	unsupported	True	0.0015532625980927	0.0015532625980927
PLSCR1	chr3:146459795-146460296	7	-0.02246853236481568	0.008523632729462608	1	0.03099216509427829	0.03735521290830454	9.86797092564388e-06	unsupported	True	0.0010850107494227	-0.0010850107494227
PLSCR1	chr3:146577594-146578095	8	-0.021585911562965535	0.0116624205738684	0	0.03324833213683394	0.052306694993087294	2.0282236537276653e-05	unsupported	True	0.0009394611874327	0.0009394611874327
PLSCR1	chr3:146629089-146629590	9	-0.004379181707600344	0.03564806508501067	2	0.040027246792611014	0.06490187937889921	9.260809570879205e-05	unsupported	True	0.0008800572653309	-0.0008800572653309
PLSCR1	chr3:146680511-146681012	10	-0.009204466876311912	0.07372060702273175	3	0.08292507389904366	0.10693972307188351	0.000653753195872826	unsupported	True	0.0006186207440873	-0.0006186207440873
PLSCR1	chr3:146551314-146551815	11	-0.008695575640200345	0.03218954981319301	3	0.04088512545339336	0.037491381579436406	4.9341424362674965e-05	unsupported	True	0.0002492706180893	0.0002492706180893
PLSCR1	chr3:146550436-146550937	12	-0.002296309323258878	0.04326434366191919	3	0.04556065298517807	0.06729434525064214	0.00013264736628559783	unsupported	True	0.0002280076147932	0.0002280076147932
PLSCR1	chr3:146383092-146383593	13	0.00013021843831081321	0.048999398131253334	0	0.04886917969294252	0.06824738124156451	0.00016342247598711751	unsupported	True	0.000178641305623	-0.000178641305623
PLSCR1	chr3:146598503-146599004	14	0.01470710159773789	0.1456839658744619	3	0.130976864276724	0.16703907346100716	0.0031873108169392277	unsupported	True	0.0001335824104079	-0.0001335824104079
PLSCR1	chr3:146681880-146682381	15	-0.011360025661583619	0.039175085921253676	3	0.05053511158283729	0.07402993026364493	0.00014655833649591436	unsupported	True	4.517584161918807e-05	-4.517584161918807e-05
PLSCR1	chr3:146646206-146646707	16	0.0058288708773495575	0.04608598053471268	1	0.04025710965736312	0.049763678550744685	9.232597416578143e-05	unsupported	True	1.559748206443646e-05	1.559748206443646e-05
PLSCR1	chr3:146512670-146513171	17	0.03116315842683474	0.0816962742704205	1	0.05053311584358576	0.0702167972400875	0.0002898807290536633	unsupported	True	3.894749609993311e-07	-3.894749609993311e-07
MED14	chrX:40501222-40501723	0	-0.0022631260286618705	0.054709507859555466	0	0.056972633888217335	0.09177264278815209	0.0002860502581863486	unsupported	True	0.0062630297138356	0.0062630297138356
MED14	chrX:40622788-40623289	1	-0.020867960345953528	-0.019771054854136463	4	0.001096905491817065	0.00630568560449726	0.0	unsupported	True	0.0055081562802141	0.0055081562802141
MED14	chrX:40735075-40735576	2	-0.00999709791424788	0.01315786036221192	1	0.023154958276459803	0.036745077066420974	1.1195111889038401e-05	unsupported	True	0.0052518184825117	0.0052518184825117
MED14	chrX:40580617-40581118	3	-0.005873543129278861	0.008230776497288813	4	0.014104319626567673	0.021121980497581738	2.4520402076227173e-06	unsupported	True	0.0047021270008711	-0.0047021270008711
MED14	chrX:40647375-40647876	4	-0.01357348287791147	0.007683158076424177	4	0.021256640954335645	0.026592823652191712	4.343090300127222e-06	unsupported	True	0.0045544851478631	-0.0045544851478631
MED14	chrX:40543850-40544351	5	-0.003348406892689975	0.05540594831379656	4	0.05875435520648654	0.0662463181681161	0.00021565434024806192	unsupported	True	0.0033971540246741	-0.0033971540246741
MED14	chrX:40780054-40780555	6	-0.002258459924079226	0.0007870157660554053	0	0.003045475690134631	0.01073508093301437	2.573024329272529e-08	unsupported	True	0.0021845636450927	0.0021845636450927
MED14	chrX:40607545-40608046	7	-0.012958329321055827	0.005775266586351414	2	0.018733595907407242	0.014980204259716537	1.620730926251418e-06	unsupported	True	0.0015998770792155	-0.0015998770792155
MED14	chrX:40735625-40736126	8	-0.009468545865644832	0.001921867480172365	3	0.011390413345817196	0.008126025062854942	1.7788571759732887e-07	unsupported	True	0.0015310611802065	-0.0015310611802065
MED14	chrX:40845513-40846014	9	0.0007410383257460274	0.040534423815344424	0	0.0397933854895984	0.04905762729203048	7.913004860621662e-05	unsupported	True	0.0014609146701355	0.0014609146701355
MED14	chrX:40530989-40531490	10	0.010418936961762534	0.0322325610377823	4	0.021813624076019764	0.04499129291125386	3.163378159465398e-05	unsupported	True	0.0014607992077723	0.0014607992077723
MED14	chrX:40877818-40878319	11	-0.016507691171601273	0.005672495066214717	2	0.02218018623781599	0.03266646860520455	4.109996982558284e-06	unsupported	True	0.0014540143388145	0.0014540143388145
MED14	chrX:40866794-40867295	12	0.008921062313244008	0.024070456793804505	4	0.015149394480560498	0.03395507268839996	1.2381813868079002e-05	unsupported	True	0.0011751046953806	0.0011751046953806
MED14	chrX:40755568-40756069	13	-0.0043720064490569924	0.05531971016267369	0	0.05969171661173068	0.07773037876257213	0.00025667569607963484	unsupported	True	0.0010606056869758	0.0010606056869758
MED14	chrX:40720357-40720858	14	0.02155748039496435	0.047405730291269176	4	0.025848249896304826	0.0559180553479692	6.851947783033778e-05	unsupported	True	0.0009026259987457	0.0009026259987457
MED14	chrX:40550013-40550514	15	0.0010869082308572675	0.05343482050810619	0	0.05234791227724892	0.06235640865181637	0.00017442342712649855	unsupported	True	0.0008573109566145	-0.0008573109566145
MED14	chrX:40700367-40700868	16	-0.028917075296277378	0.002683323832397337	4	0.03160039912867472	0.032500119795936325	2.7558185410844244e-06	unsupported	True	0.0005057156021284	0.0005057156021284
MED14	chrX:40575336-40575837	17	0.006716972015233471	0.06798262925900367	1	0.0612656572437702	0.07829414060432359	0.00032609513184467915	unsupported	True	0.00031206487492	0.00031206487492
MED14	chrX:40677601-40678102	18	-0.01643830804532482	0.1422751904401688	4	0.1587134984854936	0.17130850944473533	0.003868316290719416	unsupported	True	0.0002917773943237	-0.0002917773943237
MED14	chrX:40788814-40789315	19	5.678051125233645e-05	0.01736294692514959	0	0.017306166413897255	0.028886896925660703	8.680109522817647e-06	unsupported	True	0.0001965544413409	-0.0001965544413409
CEP57	chr11:95739362-95739863	0	-0.009204581900441272	0.021645095962854338	1	0.030849677863295608	0.02856457079713967	1.9073827554282535e-05	unsupported	True	0.0060434555081874	0.0060434555081874
CEP57	chr11:95697945-95698446	1	-0.02011714103390446	0.0008469557717514063	0	0.020964096805655866	0.0312179955716814	5.542962023225622e-07	unsupported	True	0.0058591512929829	0.0058591512929829
CEP57	chr11:95725170-95725671	2	-0.0003977030714170175	0.04569783750186677	0	0.046095540573283786	0.06646819701814974	0.0001400130318415399	unsupported	True	0.0054534084425831	0.0054534084425831
CEP57	chr11:95702529-95703030	3	-0.024391990534445497	0.010226856736813218	3	0.03461884727125872	0.04740712120274092	1.6784111598903195e-05	unsupported	True	0.0047501725972387	0.0047501725972387
CEP57	chr11:95764190-95764691	4	-0.011931499223815275	0.02106855306556015	5	0.03300005228937543	0.03858219459299525	2.682478597207115e-05	unsupported	True	0.0035494723324872	0.0035494723324872
CEP57	chr11:95668056-95668557	5	-0.009189976634252401	0.017056966364985722	1	0.026246942999238125	0.021350593547368697	9.558516057863384e-06	unsupported	True	0.0028769227832462	-0.0028769227832462
CEP57	chr11:95705457-95705958	6	-0.006143144743013053	0.020567266977827205	1	0.02671041172084026	0.024004585383629155	1.3187163081930173e-05	unsupported	True	0.0023422677583505	-0.0023422677583505
CEP57	chr11:95655422-95655923	7	0.017919924028044116	0.0726507410397415	5	0.054730817011697394	0.07713597098785283	0.00030671070236914654	unsupported	True	0.0022016823473716	-0.0022016823473716
CEP57	chr11:95727426-95727927	8	0.006576398661810181	0.06584379683700593	4	0.05926739817519575	0.07917920807557811	0.0003089881913319874	unsupported	True	0.0020674356559112	-0.0020674356559112
CEP57	chr11:95923859-95924360	9	0.0009573447495131697	0.04309039027364641	5	0.04213304552413324	0.06231088153134028	0.00011312723580554667	unsupported	True	0.0015093611506694	-0.0015093611506694
CEP57	chr11:95738240-95738741	10	-0.015650149797460218	0.0012020000334246864	3	0.016852149830884903	0.009766547811396764	1.9783397261316728e-07	unsupported	True	0.0013704535647155	0.0013704535647155
CEP57	chr11:95795789-95796290	11	-0.00038662819299380727	0.018526607293768527	0	0.018913235486762336	0.022439780089568793	7.86285600526542e-06	unsupported	True	0.0011353604354396	0.0011353604354396
CEP57	chr11:95715702-95716203	12	-0.01740612346675084	0.021921661694706898	3	0.03932778516145774	0.043629960644623884	3.761471548848448e-05	unsupported	True	0.0009903174315443	-0.0009903174315443
CEP57	chr11:95687922-95688423	13	-0.025208029539200264	-0.00013366785225509437	3	0.02507436168694517	0.03390602790325061	0.0	unsupported	True	0.0008325909405852	0.0008325909405852
CEP57	chr11:95789578-95790079	14	0.0005301137493102242	0.03326754806155879	5	0.03273743431224856	0.04519355474269834	4.922003696449986e-05	unsupported	True	0.000820599841475	0.000820599841475
CEP57	chr11:95891837-95892338	15	0.0019700356137338434	0.04227682176991291	5	0.04030678615617907	0.03802208826276643	6.479126629427612e-05	unsupported	True	0.0007592086078476	-0.0007592086078476
CEP57	chr11:95675156-95675657	16	0.019037778782274115	0.031088210902498036	5	0.012050432120223921	0.02137043521355906	8.005928680924302e-06	unsupported	True	0.0007084517441517	0.0007084517441517
CEP57	chr11:95747418-95747919	17	-0.010429483066070031	0.014756087578922546	5	0.025185570644992578	0.028457322359442476	1.0575893116550487e-05	unsupported	True	0.0005095938547388	0.0005095938547388
CEP57	chr11:95790185-95790686	18	0.0021338330788202168	0.0454188014099729	5	0.04328496833115268	0.05659701083817621	0.00011126697159908426	unsupported	True	0.000485170486187	0.000485170486187
CEP57	chr11:95699150-95699651	19	-0.01640369261695755	0.01517749229589252	3	0.03158118491285007	0.02711087973629067	1.2994873378152275e-05	unsupported	True	0.0004014046482719	-0.0004014046482719
TERF2IP	chr16:75746596-75747097	0	-0.009592060016578745	0.038721319773067045	4	0.04831337978964579	0.03759701429907513	7.033490881515663e-05	unsupported	True	0.0075060369158335	0.0075060369158335
TERF2IP	chr16:75564948-75565449	1	-0.003222605242147678	0.09052334114346722	1	0.0937459463856149	0.09882509629429977	0.0008386491650851079	unsupported	True	0.0063925432225127	0.0063925432225127
TERF2IP	chr16:75591096-75591597	2	-0.020035413394409993	0.046742469019173595	1	0.0667778824135836	0.05917137199353243	0.00018469533711005948	unsupported	True	0.0044795829408651	-0.0044795829408651
TERF2IP	chr16:75566686-75567187	3	-0.01630865606060738	0.021535604475401336	5	0.037844260536008714	0.035998335093256964	2.9338608059055943e-05	unsupported	True	0.0034879810130522	-0.0034879810130522
TERF2IP	chr16:75789140-75789641	4	0.010697246052977484	0.10120331212870196	4	0.09050606607572448	0.1002074681810845	0.0009178516730977858	unsupported	True	0.0034533298363799	0.0034533298363799
TERF2IP	chr16:75498858-75499359	5	-0.027811073038665573	0.03203168379282621	1	0.05984275683149179	0.05949492753712182	0.00011404370049215924	unsupported	True	0.0027044495630851	-0.0027044495630851
TERF2IP	chr16:75860614-75861115	6	-0.0121703479785262	0.020556150815157093	1	0.03272649879368329	0.03188998331955201	2.145337542097441e-05	unsupported	True	0.0019355992397713	-0.0019355992397713
TERF2IP	chr16:75732824-75733325	7	-0.005898717602878617	0.061434121397161603	1	0.06733283900004022	0.07621515059522353	0.0003152665469012836	unsupported	True	0.0017720025519988	-0.0017720025519988
TERF2IP	chr16:75861756-75862257	8	-0.0044609323972578515	0.05972459472831258	1	0.06418552712557044	0.07551238329083196	0.0002894732927054755	unsupported	True	0.0015234648845623	0.0015234648845623
TERF2IP	chr16:75733443-75733944	9	-0.003383657743247014	0.06282693384255013	1	0.06621059158579715	0.08043815669255336	0.00033460732449423715	unsupported	True	0.0013421821333934	-0.0013421821333934
TERF2IP	chr16:75867588-75868089	10	-0.02033025077287208	0.034421905123693405	1	0.054752155896565485	0.036229445280279694	6.828067600423301e-05	unsupported	True	0.0012759333299305	-0.0012759333299305
TERF2IP	chr16:75517165-75517666	11	-0.01655593020422065	0.03215662440218189	1	0.04871255460640254	0.04013916054221747	6.287523831809113e-05	unsupported	True	0.0012275872955884	-0.0012275872955884
TERF2IP	chr16:75885583-75886084	12	0.03196434051442004	0.048572914725466126	2	0.016608574211046084	0.03869629705140098	3.121734216997273e-05	unsupported	True	0.0010794865452827	0.0010794865452827
TERF2IP	chr16:75501716-75502217	13	0.000490052645322312	0.04970503395962106	1	0.049214981314298745	0.054507953498286146	0.0001333391174109839	unsupported	True	0.0010643983461206	-0.0010643983461206
TERF2IP	chr16:75579220-75579721	14	-0.025812041025042417	0.030779214052615644	1	0.05659125507765806	0.060921379351780824	0.00010611495142006011	unsupported	True	0.0010622322260906	-0.0010622322260906
TERF2IP	chr16:75868519-75869020	15	-0.024587390472528475	0.03582866813802555	1	0.060416058610554026	0.04995097798034986	0.00010812523132513064	unsupported	True	0.0010360610410579	-0.0010360610410579
TERF2IP	chr16:75599740-75600241	16	-0.036053824274976304	0.1061845262013026	1	0.14223835047627892	0.13382429007056196	0.0020212167512971657	unsupported	True	0.0010357542866575	0.0010357542866575
TERF2IP	chr16:75811138-75811639	17	0.0218363238295176	0.10970892858933458	4	0.08787260475981698	0.10791965955750796	0.0010403896918691692	unsupported	True	0.0008007522596022	0.0008007522596022
TERF2IP	chr16:75566063-75566564	18	-0.0022574855825692	0.04548080404809965	1	0.04773828963066885	0.04604298994620894	9.996742535975075e-05	unsupported	True	0.0007782042963354	0.0007782042963354
TERF2IP	chr16:75764107-75764608	19	-0.01609061510818438	0.07165748821726747	1	0.08774810332545185	0.09250832175742957	0.0005816746285307295	unsupported	True	0.0007074747712282	0.0007074747712282
TMX1	chr14:51093296-51093797	0	0.023533258272499497	0.03895185114518314	4	0.015418592872683642	0.05658025551921278	3.3981124575323065e-05	unsupported	True	0.0078644097476868	0.0078644097476868
TMX1	chr14:51095901-51096402	1	0.02755527360539917	0.04964591735601807	4	0.022090643750618897	0.04812019161493913	5.277390853020474e-05	unsupported	True	0.0064160458191012	0.0064160458191012
TMX1	chr14:51327948-51328449	2	0.018076175368403814	0.06439701449661984	2	0.04632083912821603	0.0835468309878471	0.00024921382629358003	unsupported	True	0.0049319350275447	0.0049319350275447
TMX1	chr14:51094976-51095477	3	0.004709353925122167	0.021145477178147642	5	0.016436123253025476	0.021124615943206748	7.341853281857093e-06	unsupported	True	0.0040250331949189	-0.0040250331949189
TMX1	chr14:51239914-51240415	4	0.0051166768180373814	0.027323488225796347	5	0.022206811407758965	0.03008456478868036	1.8254337670618048e-05	unsupported	True	0.0034098446834744	-0.0034098446834744
TMX1	chr14:51394418-51394919	5	-0.008951229698718368	0.014279755880143071	5	0.02323098557886144	0.032474898373091546	1.0772989061888904e-05	unsupported	True	0.0031451658212699	0.0031451658212699
TMX1	chr14:51283310-51283811	6	-0.01628382617895955	0.029680682506797673	5	0.04596450868575722	0.048631448581161876	6.634584223779826e-05	unsupported	True	0.0031301892728706	-0.0031301892728706
TMX1	chr14:51395233-51395734	7	0.03197714195463923	0.10746255317427564	2	0.07548541121963641	0.1187933260272461	0.0009636342377288146	unsupported	True	0.0020030639423643	0.0020030639423643
TMX1	chr14:51139041-51139542	8	-0.004201492320474204	0.04929466928163393	2	0.053496161602108135	0.06329603030813812	0.00016691641672348325	unsupported	True	0.0015595777074585	-0.0015595777074585
TMX1	chr14:51282509-51283010	9	-0.013105528153238842	0.04370487765669796	2	0.056810405809936806	0.06332109348856502	0.0001572194260408976	unsupported	True	0.0015181080938673	-0.0015181080938673
TMX1	chr14:51304460-51304961	10	0.0171006245003999	0.056891441253612965	2	0.03979081675321307	0.06058448469147499	0.00013714854608622878	unsupported	True	0.0014428102134302	0.0014428102134302
TMX1	chr14:51310323-51310824	11	0.03490563304546712	0.08060259615735846	2	0.04569696311189134	0.08328565036817379	0.0003067655249041663	unsupported	True	0.0012426797585552	0.0012426797585552
TMX1	chr14:51285227-51285728	12	0.02830057796586462	0.08531600064718267	4	0.057015422681318054	0.10422612354395008	0.0005069900342411366	unsupported	True	0.0008406682959039	0.0008406682959039
TMX1	chr14:51219813-51220314	13	-0.012775272488582186	0.023362959849041968	5	0.03613823233762416	0.055808294838041006	4.7118724067623484e-05	unsupported	True	0.0007489893438036	-0.0007489893438036
TMX1	chr14:51367255-51367756	14	-0.026754725312865196	-8.366923080535405e-05	5	0.02667105608205984	0.024844140045073272	0.0	unsupported	True	0.0006545210515301	-0.0006545210515301
TMX1	chr14:51115210-51115711	15	-0.027037958918913956	0.025250716016938096	5	0.052288674935852056	0.05347182288879012	7.06002637852262e-05	unsupported	True	0.000519180659797	-0.000519180659797
TMX1	chr14:51396284-51396785	16	0.010603307992288117	0.07575308828000726	2	0.06514978028771914	0.09434324917694101	0.0004656119600634809	unsupported	True	0.0003532867890585	0.0003532867890585
TMX1	chr14:51182232-51182733	17	-0.015419107944471048	0.02291547241453522	2	0.03833458035900627	0.05277333529429691	4.635900124490236e-05	unsupported	True	0.0003179500886653	-0.0003179500886653
TMX1	chr14:51357866-51358367	18	-0.02111296820410207	0.0014865851955577429	5	0.022599553399659814	0.019389196436160206	6.514025750212812e-07	unsupported	True	0.0002793198381657	-0.0002793198381657
TMX1	chr14:51176976-51177477	19	0.017323865449206863	0.029729614888723423	5	0.01240574943951656	0.01886627886656138	6.958226130129281e-06	unsupported	True	0.0002442491178494	0.0002442491178494
CLINT1	chr5:157671247-157671748	0	0.008867773977811145	0.025355383986305075	0	0.016487610008493928	0.02052949018821351	8.582346860854943e-06	unsupported	True	0.0129160101790485	0.0129160101790485
CLINT1	chr5:157718449-157718950	1	0.0017208100613802374	0.018013258724095614	5	0.016292448662715377	0.025067698615884402	7.356870521349881e-06	unsupported	True	0.0085687966246636	0.0085687966246636
CLINT1	chr5:157892908-157893409	2	-0.0022568911898097	0.0378285376087847	1	0.0400854287985944	0.03782466380421746	5.7356304633471136e-05	unsupported	True	0.0042651534714634	0.0042651534714634
CLINT1	chr5:157731479-157731980	3	0.000818007915863366	0.01979506262301583	0	0.01897705470715246	0.03161194629681109	1.1875090418106332e-05	unsupported	True	0.0031865716097589	-0.0031865716097589
CLINT1	chr5:157714321-157714822	4	-0.004551442092543412	0.04698459888576351	5	0.05153604097830692	0.05044335350856867	0.00012214354695661678	unsupported	True	0.0020168551184152	0.0020168551184152
CLINT1	chr5:157962105-157962606	5	-0.019942347415712654	0.020830099886593546	5	0.0407724473023062	0.04674567253000819	3.970082621418175e-05	unsupported	True	0.0018871417637358	0.0018871417637358
CLINT1	chr5:157651494-157651995	6	0.011247741718070872	0.029688738311231488	3	0.018440996593160616	0.02286601843170265	1.2518914648827502e-05	unsupported	True	0.0018518433842849	0.0018518433842849
CLINT1	chr5:157759563-157760064	7	-0.017606987635363495	0.02756632868313672	3	0.04517331631850022	0.052322442035733364	6.51551742086366e-05	unsupported	True	0.0017640104508204	0.0017640104508204
CLINT1	chr5:157858909-157859410	8	-0.00251108913201122	0.016604339612908053	0	0.019115428744919272	0.026813105127633262	8.510454650815736e-06	unsupported	True	0.0015233954416681	-0.0015233954416681
CLINT1	chr5:157652122-157652623	9	-0.00829153907555106	0.020683308691608403	0	0.028974847767159466	0.03034440337460971	1.8185271088400235e-05	unsupported	True	0.0011480171711052	0.0011480171711052
CLINT1	chr5:157915637-157916138	10	-0.0065084684869655355	0.01271330593316421	1	0.019221774420129747	0.02148733139506169	5.250908567688532e-06	unsupported	True	0.0008730153382066	-0.0008730153382066
CLINT1	chr5:157796367-157796868	11	-0.007445220039468514	0.012091678186690009	0	0.019536898226158523	0.032377094438379814	7.648566840349864e-06	unsupported	True	0.0007212633145086	0.0007212633145086
CLINT1	chr5:157978061-157978562	12	0.00947475841860037	0.0393015601624452	0	0.029826801743844833	0.04445670153116288	5.2113916831592465e-05	unsupported	True	0.0007163907739127	0.0007163907739127
CLINT1	chr5:157743398-157743899	13	-0.0019950148611704833	0.02050134654181572	0	0.022496361402986203	0.030614998402888605	1.4119811801126872e-05	unsupported	True	0.0006973289890317	-0.0006973289890317
CLINT1	chr5:157961147-157961648	14	0.0012293312235238663	0.037292886862127936	3	0.03606355563860407	0.03525594819511161	4.7416221846224044e-05	unsupported	True	0.0006864449574159	0.0006864449574159
CLINT1	chr5:157971453-157971954	15	-0.0034841102451098073	0.021022691648590764	4	0.02450680189370057	0.028227759132366838	1.4542911569580115e-05	unsupported	True	0.0004513130407957	-0.0004513130407957
CLINT1	chr5:157959364-157959865	16	-0.003943650110339681	0.031007635722487777	1	0.03495128583282746	0.04052600366572442	4.3920329583014e-05	unsupported	True	0.0004417184945318	-0.0004417184945318
CLINT1	chr5:157784196-157784697	17	-0.0026700971968896875	0.024756742362031164	3	0.027426839558920852	0.03576251075264486	2.4282716218394436e-05	unsupported	True	0.0003700212381536	-0.0003700212381536
CLINT1	chr5:157761984-157762485	18	0.00622582255316199	0.012342416547458249	5	0.006116593994296259	0.01361978139192933	1.0282056601573573e-06	unsupported	True	0.0003321565906558	0.0003321565906558
CLINT1	chr5:157745326-157745827	19	0.017174743894623416	0.04222796123297994	0	0.025053217338356526	0.05144096983659427	5.4421783219661123e-05	unsupported	True	0.0002288274142698	0.0002288274142698
ZMYM5	chr13:19781893-19782394	0	0.0183077692525572	0.07470216303025815	1	0.056394393777700946	0.0886181246745813	0.00037332894666507595	unsupported	True	0.0102018670227282	0.0102018670227282
ZMYM5	chr13:19871195-19871696	1	0.015799903990769568	0.04953604127189137	1	0.033736137281121806	0.05174296041970381	8.647049091321934e-05	unsupported	True	0.008808528030163	0.008808528030163
ZMYM5	chr13:19957231-19957732	2	0.014346921012619977	0.06530436767876978	0	0.050957446666149805	0.07984164893601836	0.00026569255486798087	unsupported	True	0.0052421148040852	-0.0052421148040852
ZMYM5	chr13:19960029-19960530	3	0.017447893618829702	0.06474819882569476	1	0.047300305206865054	0.08438685068419921	0.0002584439761542736	unsupported	True	0.003878963830742	-0.003878963830742
ZMYM5	chr13:19863428-19863929	4	0.01601177683368497	0.06168573399595583	1	0.045673957162270865	0.07414605710378329	0.00020890144222755652	unsupported	True	0.0038559262847097	0.0038559262847097
ZMYM5	chr13:19908407-19908908	5	-0.001515266811353867	0.0266008837018739	5	0.02811615051322777	0.044409236001942215	3.3214309316948205e-05	unsupported	True	0.0031092842234698	0.0031092842234698
ZMYM5	chr13:19994790-19995291	6	0.012264976243260279	0.03907029836113628	1	0.026805322117876	0.047307121416792414	4.954436662435411e-05	unsupported	True	0.0025947395884829	-0.0025947395884829
ZMYM5	chr13:19927082-19927583	7	0.0003199247195327828	0.05275806883725325	1	0.05243814411772047	0.05682164342526293	0.0001571990776272443	unsupported	True	0.0024921849416716	0.0024921849416716
ZMYM5	chr13:19864254-19864755	8	0.019030227505080998	0.05978434647535058	1	0.04075411897026958	0.07958217198739691	0.0001938986489472677	unsupported	True	0.0014082049050927	0.0014082049050927
ZMYM5	chr13:19782756-19783257	9	0.015229020356807633	0.057347530124481294	1	0.04211850976767366	0.07342244252514096	0.00017734401757225383	unsupported	True	0.0011788910630572	0.0011788910630572
ZMYM5	chr13:19710409-19710910	10	-0.0060402960771621965	0.025002274330231042	5	0.03104257040739324	0.03441630111847208	2.6711691093019233e-05	unsupported	True	0.0005042800047988	0.0005042800047988
ZMYM5	chr13:19811024-19811525	11	0.0075372876342046004	0.10036020408965424	1	0.09282291645544964	0.10520854852436087	0.0009800940992506755	unsupported	True	0.0003877866132169	-0.0003877866132169
ZMYM5	chr13:19929691-19930192	12	-0.0078377152365978	0.00976431788744686	5	0.01760203312404466	0.015512617673624853	2.6661822496417324e-06	unsupported	True	0.000344675394223	0.000344675394223
ZMYM5	chr13:19958359-19958860	13	0.017469839296473576	0.05762352208508877	1	0.0401536827886152	0.0704119782423288	0.0001629189977552035	unsupported	True	0.000278077803717	-0.000278077803717
ZMYM5	chr13:19767330-19767831	14	0.018453568701915706	0.056287583146770986	1	0.03783401444485528	0.060217513407716104	0.0001282383273716902	unsupported	True	0.000218703558595	0.000218703558595
ZMYM5	chr13:19754132-19754633	15	-0.012757469967697674	0.017349584534401153	0	0.03010705450209883	0.03574561366415474	1.867153853608185e-05	unsupported	True	7.626448117653148e-05	7.626448117653148e-05
ZMYM5	chr13:19839046-19839547	16	-0.004936780562109733	0.006807418421567614	0	0.011744198983677347	0.015373481441908459	1.2290741211200665e-06	unsupported	True	4.824564400228393e-05	4.824564400228393e-05
RPL18A	chr19:18001159-18001660	0	-0.03859896522564621	0.006783733327426362	2	0.04538269855307257	0.05040075068326696	1.551658299146322e-05	unsupported	True	0.0071311746224457	0.0071311746224457
RPL18A	chr19:17755868-17756369	1	-0.013968561076419398	0.012039807937949872	1	0.02600836901436927	0.047614495247881465	1.4909801523680575e-05	unsupported	True	0.0043238401749237	-0.0043238401749237
RPL18A	chr19:17874032-17874533	2	-0.026863487828471214	0.031187808617915577	2	0.05805129644638679	0.050379646296731646	9.121198303736091e-05	unsupported	True	0.0042772302202002	0.0042772302202002
RPL18A	chr19:17966815-17967316	3	-0.011897003130303474	0.02398176672596487	2	0.035878769856268346	0.047948248917048325	4.125641336739292e-05	unsupported	True	0.004102290911748	-0.004102290911748
RPL18A	chr19:17784271-17784772	4	-0.0174335838333074	0.034803212393588696	2	0.0522367962268961	0.07242004859596084	0.00013166025043653582	unsupported	True	0.002988193257738	0.002988193257738
RPL18A	chr19:17814756-17815257	5	-0.035996739309518	0.01857113388450576	4	0.05456787319402376	0.042700550551889926	4.3272194730412705e-05	unsupported	True	0.0028803312208612	0.0028803312208612
RPL18A	chr19:17865479-17865980	6	-0.040406963153201574	0.005113003696853967	2	0.04551996685005554	0.04884285802457889	1.1367870366442788e-05	unsupported	True	0.0022525394595617	-0.0022525394595617
RPL18A	chr19:17757083-17757584	7	-0.01895217445410333	0.0088704629292166	1	0.02782263738331993	0.04351799432787846	1.0740226791572515e-05	unsupported	True	0.0021559423903973	-0.0021559423903973
RPL18A	chr19:17717302-17717803	8	-0.017605864000473488	0.016090245546719374	1	0.03369610954719286	0.051522236022619725	2.7934257741366082e-05	unsupported	True	0.002077831204007	-0.002077831204007
RPL18A	chr19:17830102-17830603	9	-0.01712893471615093	0.03776316838313107	2	0.054892103099282	0.05853952606865793	0.00012134656791331666	unsupported	True	0.0016529772192834	0.0016529772192834
RPL18A	chr19:17841961-17842462	10	-0.007841676302276397	0.04426799846870434	2	0.05210967477098074	0.07016905293904527	0.00016186534000646664	unsupported	True	0.0014832302889757	0.0014832302889757
RPL18A	chr19:17921557-17922058	11	-0.008911124621404977	0.010542915602411428	2	0.019454040223816405	0.017907429391543713	3.6728550306049426e-06	unsupported	True	0.0013418681708586	0.0013418681708586
RPL18A	chr19:18006940-18007441	12	-0.01792095749252078	0.03136817536020352	2	0.04928913285272429	0.061467426703583836	9.503541309999147e-05	unsupported	True	0.0013169975388523	0.0013169975388523
RPL18A	chr19:17947973-17948474	13	-0.014177524516335737	0.03233798392178858	2	0.04651550843812431	0.06424439938896162	9.663756679748001e-05	unsupported	True	0.0012681102746701	-0.0012681102746701
RPL18A	chr19:17753877-17754378	14	-0.03286374051055013	0.020412773347199584	1	0.053276513857749716	0.05337646345664271	5.8048046377890884e-05	unsupported	True	0.0011258902914492	-0.0011258902914492
RPL18A	chr19:17932715-17933216	15	-0.006343455407907521	0.032399214579170915	2	0.03874266998707843	0.06120900449091149	7.683150591665987e-05	unsupported	True	0.0010611023928859	-0.0010611023928859
RPL18A	chr19:17737486-17737987	16	-0.03370303561663432	0.003016606620111238	5	0.03671964223674556	0.05246144871701244	5.811087306511584e-06	unsupported	True	0.0009824188529163	0.0009824188529163
RPL18A	chr19:17747380-17747881	17	-0.020023516438514875	0.029612221314901817	2	0.04963573775341669	0.07354616406865874	0.00010809995026086583	unsupported	True	0.00083792453023	-0.00083792453023
RPL18A	chr19:17766560-17767061	18	-0.022115113137282857	0.012389224751339046	2	0.0345043378886219	0.04663554225985883	1.9935854736342137e-05	unsupported	True	0.000755135514792	-0.000755135514792
RPL18A	chr19:17719219-17719720	19	-0.022804625643854624	0.03645585009024087	2	0.05926047573409549	0.07940333677380212	0.0001715422556954569	unsupported	True	0.0006101116065688	0.0006101116065688
SLC25A17	chr22:40683048-40683549	0	0.015163035103528403	0.05994101293165028	0	0.04477797782812187	0.04655587554144607	0.00012495770872434373	unsupported	True	0.0104706153994507	0.0104706153994507
SLC25A17	chr22:40679919-40680420	1	0.03369020702047133	0.05907360765284976	0	0.025383400632378428	0.02585888439724674	3.877511399506596e-05	unsupported	True	0.0050843172735752	0.0050843172735752
SLC25A17	chr22:40733902-40734403	2	-0.003249214282508865	0.02901135711917069	0	0.03226057140167955	0.01922778205230892	1.7995722650381297e-05	unsupported	True	0.0035821781313347	0.0035821781313347
SLC25A17	chr22:40742476-40742977	3	-0.005428112740770338	0.061973483682985775	1	0.06740159642375611	0.060589827893491245	0.00025309048118671605	unsupported	True	0.0035005300866387	0.0035005300866387
SLC25A17	chr22:40818511-40819012	4	0.023182261974975048	0.06552368948935287	0	0.042341427514377826	0.047323352373051915	0.0001312923258097688	unsupported	True	0.0032582295080507	0.0032582295080507
SLC25A17	chr22:40951007-40951508	5	0.03424973145671993	0.07312371880004044	0	0.03887398734332051	0.04862425530085176	0.00013821981960302984	unsupported	True	0.0026117013339956	-0.0026117013339956
SLC25A17	chr22:40711518-40712019	6	0.012698487777648197	0.10610874998919717	0	0.09341026221154897	0.09262219343040065	0.000918038407792469	unsupported	True	0.0023184769310899	0.0023184769310899
SLC25A17	chr22:40636610-40637111	7	0.03601082742708456	0.07365542082624105	0	0.03764459339915649	0.05209149108185206	0.00014443555508780503	unsupported	True	0.001826001838009	-0.001826001838009
SLC25A17	chr22:40727485-40727986	8	0.022061572422277353	0.09233775627223614	0	0.07027618384995879	0.0793106666605818	0.0005146584267998046	unsupported	True	0.0017303616810855	0.0017303616810855
SLC25A17	chr22:40922697-40923198	9	0.0265794743917871	0.05468034173197867	4	0.02810086734019157	0.02869507199258692	4.409184413208132e-05	unsupported	True	0.001451460439219	0.001451460439219
SLC25A17	chr22:40721282-40721783	10	-0.000395890376451387	0.0966439343699201	0	0.09703982474637149	0.10404094874137859	0.0009757283172312662	unsupported	True	0.0013606395508905	0.0013606395508905
SLC25A17	chr22:40856459-40856960	11	0.033771375788330095	0.06847007190739739	0	0.03469869611906729	0.041592991107332285	9.881755240107738e-05	unsupported	True	0.001291319714966	-0.001291319714966
SLC25A17	chr22:40714364-40714865	12	0.013545605100831814	0.12120798160330211	0	0.10766237650247029	0.12748072976363958	0.00166356479947842	unsupported	True	0.0010743206396697	0.0010743206396697
SLC25A17	chr22:40768183-40768684	13	0.010502272678827067	0.05767047728687605	0	0.04716820460804898	0.06148800680914242	0.0001672604676272862	unsupported	True	0.0009695536746757	0.0009695536746757
SLC25A17	chr22:40734408-40734909	14	0.011130737444819738	0.11133043634127708	0	0.10019969889645734	0.12042622409778975	0.0013433877914625489	unsupported	True	0.0009377151357336	0.0009377151357336
SLC25A17	chr22:40651575-40652076	15	0.0309360970810505	0.07171013910827283	0	0.04077404202722233	0.04873241679764702	0.00014248930926638224	unsupported	True	0.0007059021080115	-0.0007059021080115
SLC25A17	chr22:40748966-40749467	16	0.015675939955383838	0.06293564367857821	0	0.047259703723194366	0.042808425038124466	0.00012732594936031602	unsupported	True	0.0006951915404602	0.0006951915404602
SLC25A17	chr22:40694394-40694895	17	0.030407995837433005	0.07485636936783109	1	0.044448373530398086	0.05426477237104416	0.00018055213105435585	unsupported	True	0.0006177089143615	-0.0006177089143615
SLC25A17	chr22:40679234-40679735	18	0.019715877974827035	0.050496963307763494	0	0.03078108533293646	0.02253902553840752	3.503356447197111e-05	unsupported	True	0.000563034396438	0.000563034396438
SLC25A17	chr22:40666301-40666802	19	0.004994711877846253	0.08027136607915147	0	0.07527665420130522	0.06323075853975169	0.0003820756438874003	unsupported	True	0.0005427852574391	0.0005427852574391
SNX25	chr4:185209290-185209791	0	-0.0028620063493292294	0.051545233672084814	0	0.05440724002141405	0.0711530841220043	0.00019954412122670168	unsupported	True	0.0051207427422501	0.0051207427422501
SNX25	chr4:185106008-185106509	1	0.01541188707500601	0.08558802220452201	0	0.070176135129516	0.06576701132263447	0.00039501223124760584	unsupported	True	0.0050811815362215	0.0050811815362215
SNX25	chr4:185396322-185396823	2	0.007607640408617898	0.06466800018644937	0	0.05706035977783148	0.08814049652515564	0.000325236612671667	unsupported	True	0.0041488788562001	-0.0041488788562001
SNX25	chr4:185261327-185261828	3	0.008703491276036512	0.06460917567753008	5	0.055905684401493565	0.04267681297581542	0.00015414950989450966	unsupported	True	0.0039325900507512	0.0039325900507512
SNX25	chr4:185425741-185426242	4	0.004522972181154354	0.041615103230184705	0	0.03709213104903035	0.06630776842127653	0.00010235219807220013	unsupported	True	0.0032122168458213	-0.0032122168458213
SNX25	chr4:185209801-185210302	5	-0.0029094316644538583	0.042425489671000224	0	0.04533492133545408	0.0493343987664017	9.488762355874746e-05	unsupported	True	0.0029401312804557	0.0029401312804557
SNX25	chr4:185183537-185184038	6	0.016530410011312825	0.0705539820459074	5	0.05402357203459458	0.07967300832676587	0.0003036798961999217	unsupported	True	0.0024021305380667	-0.0024021305380667
SNX25	chr4:185134385-185134886	7	0.007301403188374356	0.0696762532006579	0	0.062374850012283545	0.057495395710352504	0.0002498776255076317	unsupported	True	0.0023282862812854	-0.0023282862812854
SNX25	chr4:185304952-185305453	8	-0.005499607240843359	0.03289428015071213	2	0.038393887391555484	0.03988897898183956	5.0377358711687696e-05	unsupported	True	0.0023010157999614	0.0023010157999614
SNX25	chr4:185203739-185204240	9	0.0037231584178113774	0.05293174649832942	0	0.04920858808051804	0.07244661117031367	0.00018870143526350815	unsupported	True	0.0021129607565736	0.0021129607565736
SNX25	chr4:185504366-185504867	10	-0.012896124675818611	0.034952254273006425	2	0.047848378948825036	0.04546622173933573	7.603810513719626e-05	unsupported	True	0.0017443917596072	0.0017443917596072
SNX25	chr4:185142970-185143471	11	0.007698195878153133	0.05404027367765408	0	0.04634207779950095	0.06124496787976044	0.00015337813510062523	unsupported	True	0.0013867088516408	-0.0013867088516408
SNX25	chr4:185396858-185397359	12	0.002866219995284007	0.07423983556363706	0	0.07137361556835305	0.09239194151381824	0.0004895632306355859	unsupported	True	0.0011149593098321	0.0011149593098321
SNX25	chr4:185128707-185129208	13	0.016370747185760502	0.07441205328915777	0	0.05804130610339727	0.06796010518448602	0.0002935178432446261	unsupported	True	0.0011143901290676	0.0011143901290676
SNX25	chr4:185471066-185471567	14	0.010582316881185154	0.0802573550006634	0	0.06967503811947826	0.09977211280763264	0.0005579190967034979	unsupported	True	0.0010595726479069	-0.0010595726479069
SNX25	chr4:185227327-185227828	15	0.006071781723748653	0.03422244181336681	3	0.028150660089618158	0.03744539027459621	3.6074302106129244e-05	unsupported	True	0.001034609661816	0.001034609661816
SNX25	chr4:185090574-185091075	16	0.017509991903258346	0.0456977510344113	5	0.028187759131152956	0.030823747151964384	3.970459884386858e-05	unsupported	True	0.0009898214542996	-0.0009898214542996
SNX25	chr4:185128141-185128642	17	0.01515752652003416	0.060668344418973036	0	0.04551081789893888	0.06585333549710198	0.00018182540398670708	unsupported	True	0.0009465270521018	0.0009465270521018
SNX25	chr4:185054982-185055483	18	0.00011404838409969284	0.03488662352752757	0	0.034772575143427874	0.048848247032345374	5.92576979856466e-05	unsupported	True	0.0008439118650896	0.0008439118650896
SNX25	chr4:185127628-185128129	19	0.006304426859407946	0.0548696850247176	0	0.048565258165309655	0.05708524169445269	0.0001521184925578525	unsupported	True	0.000772407309215	0.000772407309215
LOXL1	chr15:73926177-73926678	0	0.020789228920087326	0.06600625541249668	0	0.04521702649240935	0.06830024885366223	0.00020384937348648694	unsupported	True	0.0079628629822509	0.0079628629822509
LOXL1	chr15:74053959-74054460	1	0.03515859812136407	0.11751973431643684	0	0.08236113619507276	0.12409510791708986	0.0012011238517379672	unsupported	True	0.0070066083398375	0.0070066083398375
LOXL1	chr15:73840967-73841468	2	0.056989406411310034	0.08147801653414027	4	0.02448861012283024	0.050096197379905165	9.995611005767493e-05	unsupported	True	0.0061859468735545	0.0061859468735545
LOXL1	chr15:74036804-74037305	3	0.04438180969360307	0.06926843414737978	5	0.024886624453776707	0.03981207268267066	6.86303403683077e-05	unsupported	True	0.0041084881342481	0.0041084881342481
LOXL1	chr15:73897891-73898392	4	0.06567428112372312	0.09930364967238475	0	0.03362936854866164	0.0503160041478531	0.00016803125351927176	unsupported	True	0.0035295914379441	0.0035295914379441
LOXL1	chr15:73927554-73928055	5	0.028178401161934173	0.11634422140721208	1	0.08816582024527791	0.10329926420732742	0.0010596008499084192	unsupported	True	0.0030263203085738	0.0030263203085738
LOXL1	chr15:73992100-73992601	6	0.021211456765914394	0.10726733738963701	0	0.08605588062372262	0.12112363341642118	0.0011180904651633772	unsupported	True	0.0018368018265318	-0.0018368018265318
LOXL1	chr15:73874224-73874725	7	0.04357676177905514	0.06854929449805577	5	0.024972532719000635	0.03536482722892066	6.05392617994098e-05	unsupported	True	0.0013252905768403	0.0013252905768403
LOXL1	chr15:73908213-73908714	8	0.016970349176475587	0.10246605470115616	0	0.08549570552468058	0.11528028825418596	0.0010099023178487682	unsupported	True	0.0012171634995342	-0.0012171634995342
LOXL1	chr15:73891165-73891666	9	0.019402395358002845	0.08679303297684224	0	0.0673906376188394	0.09936168624782714	0.0005811702620323357	unsupported	True	0.0011187186495015	0.0011187186495015
LOXL1	chr15:73936189-73936690	10	0.005795385423928501	0.0465591244121325	0	0.040763738988204	0.05529876186675823	0.00010495284704377976	unsupported	True	0.0009902824134778	0.0009902824134778
LOXL1	chr15:73951063-73951564	11	0.006225568763098655	0.08441671833111329	0	0.07819114956801464	0.08884521741191617	0.0005864353179863836	unsupported	True	0.0008469567698192	0.0008469567698192
LOXL1	chr15:73927017-73927518	12	0.017892545939645555	0.07149268436436411	0	0.05360013842471856	0.07739768878538401	0.00029658931942373235	unsupported	True	0.0007786685350011	0.0007786685350011
LOXL1	chr15:73924555-73925056	13	0.0065896760753432395	0.0800249837679999	0	0.07343530769265666	0.08046863670381658	0.0004728867627348993	unsupported	True	0.0007615235968678	0.0007615235968678
LOXL1	chr15:73836745-73837246	14	0.023278578079014504	0.0884109208264967	0	0.0651323427474822	0.10035647846968047	0.0005778937891156221	unsupported	True	0.0007247452344971	0.0007247452344971
LOXL1	chr15:73872223-73872724	15	0.02790597102552078	0.0509634401389401	0	0.02305746911341932	0.049426752660687745	5.80807813068321e-05	unsupported	True	0.000685394826949	0.000685394826949
LOXL1	chr15:73958999-73959500	16	0.0020774246858383367	0.044477526900258926	0	0.04240010221442059	0.04830586581600057	9.109769853219366e-05	unsupported	True	0.0006675252062158	0.0006675252062158
LOXL1	chr15:73809702-73810203	17	-0.019090066597795517	0.06306053979784046	0	0.08215060639563598	0.07931274781852686	0.0004108766431976368	unsupported	True	0.0006632012817786	0.0006632012817786
LOXL1	chr15:74040429-74040930	18	0.004260061318348982	0.06011619197534164	0	0.05585613065699266	0.05236725618821497	0.00017584180350914487	unsupported	True	0.0006161789772208	0.0006161789772208
LOXL1	chr15:73796337-73796838	19	0.0022098322222998974	0.04349935958659638	0	0.04128952736429648	0.06129181657087948	0.0001100842702810257	unsupported	True	0.000527631259104	-0.000527631259104
UBA5	chr3:132722485-132722986	0	-0.012895162249021022	0.017992527388374483	4	0.030887689637395507	0.04515374657764963	2.5094086371208495e-05	unsupported	True	0.0137835860246156	-0.0137835860246156
UBA5	chr3:132752719-132753220	1	-0.007126641256253195	0.007595696347366482	1	0.014722337603619677	0.029090704351633724	3.253108914502973e-06	unsupported	True	0.0055962514636997	0.0055962514636997
UBA5	chr3:132553830-132554331	2	-0.007340520983954337	0.010609630640015992	0	0.017950151623970328	0.03364699564047267	6.407884543312874e-06	unsupported	True	0.0038251975096596	0.0038251975096596
UBA5	chr3:132659618-132660119	3	-0.007446963999061298	0.03285172792629611	4	0.04029869192535741	0.05517611985522625	7.304665330727043e-05	unsupported	True	0.0029435702490585	0.0029435702490585
UBA5	chr3:132660274-132660775	4	-0.016209583831076846	0.009161131849973456	4	0.0253707156810503	0.03256434590945488	7.568750887171553e-06	unsupported	True	0.0028275881648992	0.0028275881648992
UBA5	chr3:132778732-132779233	5	-0.023871567325427962	0.004284969744220164	2	0.028156537069648126	0.0426385309069034	5.144334892805159e-06	unsupported	True	0.0020779170410566	0.0020779170410566
UBA5	chr3:132694946-132695447	6	-0.0005098618701937956	0.03895186042660407	3	0.03946172229679786	0.048837946445862326	7.506917372249518e-05	unsupported	True	0.0018474445862992	0.0018474445862992
UBA5	chr3:132780885-132781386	7	-0.0046790648976836186	0.019835925328413516	2	0.024514990226097134	0.032595477427639075	1.5850447781732215e-05	unsupported	True	0.0017548513013855	0.0017548513013855
UBA5	chr3:132828400-132828901	8	-0.013619766262610588	0.023602824572527107	2	0.037222590835137695	0.04707031286178162	4.13540131830078e-05	unsupported	True	0.0017390411720366	0.0017390411720366
UBA5	chr3:132535977-132536478	9	-0.022947434470895513	-0.007039301201678667	4	0.015908133269216845	0.019014645177350683	0.0	unsupported	True	0.0017036838885312	0.0017036838885312
UBA5	chr3:132521876-132522377	10	-0.008752777556473095	0.02467815009990936	3	0.033430927656382455	0.048325436618476963	3.9869135220392454e-05	unsupported	True	0.0016276542654179	0.0016276542654179
UBA5	chr3:132642157-132642658	11	-0.024331714261231187	0.010301451647085102	3	0.03463316590831629	0.03692477129793673	1.3173720221864636e-05	unsupported	True	0.0009906103459043	-0.0009906103459043
UBA5	chr3:132679696-132680197	12	-0.0037251065223989715	0.027497964197169808	0	0.031223070719568778	0.04049110055650206	3.4764479868239926e-05	unsupported	True	0.0009765783557927	0.0009765783557927
UBA5	chr3:132788323-132788824	13	-0.005922640862309937	0.012802416498110838	0	0.018725057360420773	0.039944779497148	9.575801541821545e-06	unsupported	True	0.000759203297892	0.000759203297892
UBA5	chr3:132731067-132731568	14	-0.011672699623395103	0.0270310748846609	0	0.038703774508056	0.05286325938316498	5.530578656741548e-05	unsupported	True	0.0006320797021647	0.0006320797021647
UBA5	chr3:132737478-132737979	15	-0.012745464336207987	0.007708922056755887	0	0.020454386392963875	0.0249905444624085	3.9405407993732155e-06	unsupported	True	0.0003661021409424	-0.0003661021409424
UBA5	chr3:132592525-132593026	16	-0.022173914054582335	0.012376765125900526	2	0.03455067918048286	0.03692172730143635	1.5788677309907187e-05	unsupported	True	0.0003658363556217	0.0003658363556217
UBA5	chr3:132814804-132815305	17	0.003310254541120227	0.028498277954046688	0	0.02518802341292646	0.05808372608241745	4.169338681773412e-05	unsupported	True	0.0003371776079679	0.0003371776079679
UBA5	chr3:132821199-132821700	18	0.0013560751383405224	0.061702442042459976	4	0.06034636690411945	0.08531680809777487	0.00031767868826182026	unsupported	True	0.0002229314730244	0.0002229314730244
UBA5	chr3:132751224-132751725	19	0.001211877398229684	0.022420446817448897	0	0.02120856941921921	0.030481814755428056	1.4494273697821094e-05	unsupported	True	0.0002008287691121	0.0002008287691121
GCK	chr7:44145293-44145794	0	0.027182441747558725	0.042636324945347456	3	0.015453883197788731	0.02687935969531624	1.7710723704605275e-05	unsupported	True	0.007091748667264	0.007091748667264
GCK	chr7:44268066-44268567	1	0.01952848942424906	0.038003225158308535	2	0.018474735734059475	0.03331112969542411	2.3387728897387074e-05	unsupported	True	0.0043084085091654	0.0043084085091654
GCK	chr7:44325941-44326442	2	0.019478247568965233	0.04095807800713872	2	0.02147983043817349	0.0274670806812512	2.4164784179657385e-05	unsupported	True	0.0041409113762314	0.0041409113762314
GCK	chr7:44189204-44189705	3	0.029809724988735915	0.048960130249604404	2	0.01915040526086849	0.02997352872459787	2.81033704416084e-05	unsupported	True	0.003299435646505	0.003299435646505
GCK	chr7:44309652-44310153	4	-0.004338255952611757	0.049819170971702416	2	0.054157426924314175	0.05770247907926945	0.00015568579577324767	unsupported	True	0.0030423058812524	0.0030423058812524
GCK	chr7:44082376-44082877	5	0.0005804759913995489	0.051454791435784464	4	0.050874315444384914	0.03869457205672617	0.0001012918372721076	unsupported	True	0.0025833034767933	-0.0025833034767933
GCK	chr7:44324701-44325202	6	0.022356611672214158	0.044611758168899285	2	0.022255146496685127	0.0339605660081476	3.371744956747564e-05	unsupported	True	0.0025739776768797	0.0025739776768797
GCK	chr7:44044403-44044904	7	0.00653283951077478	0.04100858805924241	4	0.034475748548467626	0.029168229894895148	4.1238095060698964e-05	unsupported	True	0.0022892780493122	0.0022892780493122
GCK	chr7:44325342-44325843	8	0.021223836103310696	0.03059769485134837	5	0.009373858748037672	0.015424891260976582	4.424143704480852e-06	unsupported	True	0.0022522774549615	0.0022522774549615
GCK	chr7:44039105-44039606	9	0.009708060187400197	0.024576288067936748	4	0.014868227880536551	0.017435303540376923	6.370961935491924e-06	unsupported	True	0.0021431957116499	0.0021431957116499
GCK	chr7:44214294-44214795	10	0.021359766042265846	0.05485439253084437	2	0.033494626488578524	0.038414763087517775	7.058049636565831e-05	unsupported	True	0.0017096744081322	0.0017096744081322
GCK	chr7:44065709-44066210	11	0.011432513304589453	0.07697598809526915	4	0.06554347479067969	0.056304746719893474	0.0002840728597935262	unsupported	True	0.0014648276948602	-0.0014648276948602
GCK	chr7:44104663-44105164	12	-0.014086667635814313	0.06358225837486764	0	0.07766892601068195	0.04921535022912711	0.00024304339853377073	unsupported	True	0.0014422627876861	-0.0014422627876861
GCK	chr7:44257782-44258283	13	-0.006475091982378108	0.014791307502821397	2	0.021266399485199504	0.039522859696929674	1.2432225940620738e-05	unsupported	True	0.0011861808293383	0.0011861808293383
GCK	chr7:44200662-44201163	14	0.009483747512246005	0.05735080233754963	4	0.04786705482530363	0.036764807484351666	0.00010092726420476754	unsupported	True	0.0010174253396033	0.0010174253396033
GCK	chr7:44111660-44112161	15	0.009308237840911693	0.05526195135915857	4	0.045953713518246876	0.03825112938795555	9.713843252813491e-05	unsupported	True	0.0009331980495817	0.0009331980495817
GCK	chr7:44065103-44065604	16	0.024085308812993603	0.07636197808034283	4	0.052276669267349224	0.05197364484230318	0.00020747618491233298	unsupported	True	0.0008502295505379	-0.0008502295505379
GCK	chr7:44104005-44104506	17	-0.0200404315157137	0.03902825840905427	0	0.05906868992476797	0.044752004655297294	0.00010316894864676876	unsupported	True	0.0008194939571222	-0.0008194939571222
GCK	chr7:44123400-44123901	18	0.0013578674210801883	0.05066809327902447	4	0.04931022585794428	0.042533986306122505	0.00010626925600431014	unsupported	True	0.0008139379272718	-0.0008139379272718
GCK	chr7:44073965-44074466	19	-0.008893181975447638	0.018048689655972477	2	0.026941871631420117	0.023968263376730796	1.1654939091495141e-05	unsupported	True	0.0006060906986813	0.0006060906986813
MRS2	chr6:24430976-24431477	0	-0.018542445780177882	0.030652223709671904	1	0.04919466948984978	0.05820663992497406	8.777130656103044e-05	unsupported	True	0.0088103768210193	0.0088103768210193
MRS2	chr6:24402636-24403137	1	-0.005956131868010299	0.04732065182117491	3	0.05327678368918521	0.08905794292647512	0.00022452327912460035	unsupported	True	0.0067940488163834	0.0067940488163834
MRS2	chr6:24359829-24360330	2	-0.011845853249183805	0.08164280585918356	3	0.09348865910836736	0.11381525160727723	0.0008687149900951593	unsupported	True	0.0061663650728752	0.0061663650728752
MRS2	chr6:24274417-24274918	3	-0.014877667449700805	0.042415623589314874	3	0.057293291039015676	0.05828061317404558	0.00014162950536021485	unsupported	True	0.0058596208830247	-0.0058596208830247
MRS2	chr6:24494643-24495144	4	-0.011105615189291037	0.04859232234629601	3	0.05969793753558705	0.08152456912294789	0.0002364914776882551	unsupported	True	0.0025492674251742	0.0025492674251742
MRS2	chr6:24522306-24522807	5	-0.024664260209585565	0.03716400154209453	2	0.061828261751680096	0.07083787516180477	0.000162770250549944	unsupported	True	0.0022751152851429	-0.0022751152851429
MRS2	chr6:24282931-24283432	6	-0.02521459322216838	0.07129103183380911	3	0.09650562505597748	0.10271541958623717	0.0007066806064194383	unsupported	True	0.0020970468300024	-0.0020970468300024
MRS2	chr6:24403356-24403857	7	-0.015922306572260257	0.027995062256567334	3	0.04391736882882759	0.04385971625859263	5.3924182300506865e-05	unsupported	True	0.0016589872600923	-0.0016589872600923
MRS2	chr6:24495436-24495937	8	-0.01321286895850254	0.03979939054753235	3	0.05301225950603489	0.04549188173299424	9.598130233362981e-05	unsupported	True	0.001538191683641	0.001538191683641
MRS2	chr6:24536478-24536979	9	-0.0056341168482762416	0.08612706743568743	3	0.09176118428396367	0.10070872729245704	0.0007959133287295694	unsupported	True	0.0011869889638729	0.0011869889638729
MRS2	chr6:24283573-24284074	10	-0.036595456557587	0.03907148387158552	3	0.07566694042917252	0.07751515720103455	0.00022916733334763957	unsupported	True	0.0011131411843482	-0.0011131411843482
MRS2	chr6:24259661-24260162	11	-0.0010429988750092173	0.06669545352877695	1	0.06773845240378618	0.08585395500037549	0.0003878750162442338	unsupported	True	0.0007735440172297	0.0007735440172297
MRS2	chr6:24358210-24358711	12	-0.02225130050955042	0.044099707504403736	3	0.06635100801395416	0.06394287863787379	0.00018710070241092177	unsupported	True	0.0007113887662251	-0.0007113887662251
MRS2	chr6:24341550-24342051	13	-0.027042436642865087	0.03361876389139297	3	0.06066120053425805	0.05801439894722028	0.00011831193009045435	unsupported	True	0.0006486971593906	-0.0006486971593906
MRS2	chr6:24524759-24525260	14	-0.002614592188346404	0.07584306748577228	3	0.07845765967411869	0.08926852811708527	0.0005311896607835577	unsupported	True	0.0005642659101844	0.0005642659101844
MRS2	chr6:24275037-24275538	15	-0.015304043436753928	0.024249592258348416	1	0.03955363569510234	0.047569627770564935	4.5626862192463603e-05	unsupported	True	0.0003945088512515	0.0003945088512515
MRS2	chr6:24306908-24307409	16	-0.01917688867829135	0.0668949694074749	3	0.08607185808576626	0.1005810284191381	0.0005791228618563076	unsupported	True	0.0003874850491228	-0.0003874850491228
MRS2	chr6:24330018-24330519	17	-0.022260022329715468	0.050930527759107135	3	0.07319055008882261	0.0700139098682733	0.0002609861848989894	unsupported	True	0.0003499554458048	-0.0003499554458048
MRS2	chr6:24389183-24389684	18	-0.024340858935502408	0.039915376276918296	3	0.0642562352124207	0.0684501296165967	0.0001755617006068183	unsupported	True	0.0003498754775738	-0.0003498754775738
MRS2	chr6:24268875-24269376	19	-0.007599254177989039	0.0853930182588251	3	0.09299227243681414	0.10486260983916465	0.000832702535636605	unsupported	True	0.0003391605527702	0.0003391605527702
TRIM38	chr6:26087442-26087943	0	0.0012791760331939434	1.4160554696110921e-05	4	-0.0012650154784978325	1.4160554696110921e-05	0.0	unsupported	True	0.009178713823423	0.009178713823423
TRIM38	chr6:25935176-25935677	1	0.0006527192936170578	0.011919611811723843	4	0.011266892518106785	0.011919611811723843	1.6007679303566088e-06	unsupported	True	0.0064581779650938	0.0064581779650938
TRIM38	chr6:25991811-25992312	2	0.002716822303506074	0.006431851767712363	4	0.003715029464206289	0.006431851767712363	1.5368600315259495e-07	unsupported	True	0.0059353957285647	0.0059353957285647
TRIM38	chr6:26027128-26027629	3	-0.00874856372536739	0.0	1	0.00874856372536739	0.004232560243134234	0.0	unsupported	True	0.0032870612873822	0.0032870612873822
TRIM38	chr6:25992377-25992878	4	-0.007524224645169013	0.003144928003239296	0	0.01066915264840831	0.003144928003239296	1.055240240010611e-07	unsupported	True	0.0030052522169132	0.0030052522169132
TRIM38	chr6:26026161-26026662	5	-0.008751115107553756	0.006398148572226832	0	0.015149263679780589	0.006398148572226832	6.201548808279754e-07	unsupported	True	0.0027084108073551	0.0027084108073551
TRIM38	chr6:26126009-26126510	6	-0.0021187311500195987	0.011845676619198503	0	0.0139644077692181	0.011845676619198503	1.959486460167301e-06	unsupported	True	0.0020788333754815	0.0020788333754815
TRIM38	chr6:26017576-26018077	7	-0.009779834359369601	0.0035524081305919604	0	0.013332242489961562	0.0035524081305919604	1.682476143397505e-07	unsupported	True	0.001957344687759	0.001957344687759
TRIM38	chr6:26056266-26056767	8	-0.010076088119809805	0.0	1	0.010076088119809805	0.0109052551110433	0.0	unsupported	True	0.0018887567686339	0.0018887567686339
TRIM38	chr6:26031976-26032477	9	-0.008628056857331236	0.007944650789301311	0	0.016572707646632545	0.007944650789301311	1.0460274798583744e-06	unsupported	True	0.0016785036180537	0.0016785036180537
TRIM38	chr6:26103630-26104131	10	-0.009069054515562421	4.016773178695891e-05	0	0.009109222247349379	4.016773178695891e-05	1.469724436421202e-11	unsupported	True	0.0012481328155264	-0.0012481328155264
TRIM38	chr6:26122857-26123358	11	-0.011136793663838782	0.004246947662977252	0	0.015383741326816034	0.004246947662977252	2.774698419550586e-07	unsupported	True	0.0009243637846754	-0.0009243637846754
TRIM38	chr6:26033455-26033956	12	-0.0098093574531435	0.0021096530606596834	0	0.011919010513803183	0.0021096530606596834	5.304717771037615e-08	unsupported	True	0.0009242913939074	-0.0009242913939074
TRIM38	chr6:26055180-26055681	13	-0.01000532628005626	0.0	1	0.01000532628005626	0.000655053047903916	0.0	unsupported	True	0.0006295714661618	0.0006295714661618
TRIM38	chr6:26065872-26066373	14	-0.00019094220504913234	0.01794388167187735	0	0.018134823876926484	0.01794388167187735	5.839102991638271e-06	unsupported	True	0.0005059567609868	0.0005059567609868
TRIM38	chr6:25890369-25890870	15	-0.014538457520977547	0.0	1	0.014538457520977547	0.009485389906132735	0.0	unsupported	True	0.0005055046324479	-0.0005055046324479
TRIM38	chr6:26020158-26020659	16	-0.007272334059240517	0.015023853904576173	0	0.022296187963816688	0.015023853904576173	5.032610512788139e-06	unsupported	True	0.0004952629921967	-0.0004952629921967
TRIM38	chr6:26064498-26064999	17	-0.009941362774269226	0.007696435075429867	0	0.017637797849699093	0.007696435075429867	1.0447769464105863e-06	unsupported	True	0.000486386286602	0.000486386286602
TRIM38	chr6:26123779-26124280	18	-0.008638760428966543	0.01102672876975768	0	0.019665489198724226	0.01102672876975768	2.3911021979299207e-06	unsupported	True	0.0003722456795829	-0.0003722456795829
TRIM38	chr6:26043541-26044042	19	-0.00858106575400762	0.005364083355130367	0	0.013945149109137987	0.005364083355130367	4.0124921728318576e-07	unsupported	True	0.0002997118604999	-0.0002997118604999
SKA2	chr17:59220931-59221432	0	0.008275212964620072	0.044374538992160484	4	0.036099326027540415	0.060907855466602386	9.756774248020972e-05	unsupported	True	0.0061323137957023	0.0061323137957023
SKA2	chr17:59155299-59155800	1	0.0009821888619697997	0.03316085867977699	4	0.03217866981780719	0.04235153269968191	4.5192148352148434e-05	unsupported	True	0.0047230627027759	-0.0047230627027759
SKA2	chr17:59220237-59220738	2	0.007125478009639825	0.03594163898163723	4	0.028816160971997403	0.04497260519646229	4.657812965263557e-05	unsupported	True	0.0044206771633718	-0.0044206771633718
SKA2	chr17:59165906-59166407	3	0.019777377180963184	0.07295956181549912	2	0.05318218463453593	0.07217780615883818	0.000280060634256899	unsupported	True	0.0043548347438128	0.0043548347438128
SKA2	chr17:59166817-59167318	4	0.019994700206785034	0.08512579588475057	2	0.06513109567796553	0.0816002724695087	0.0004524193573475076	unsupported	True	0.0042153423021999	0.0042153423021999
SKA2	chr17:59154710-59155211	5	0.000705169122473177	0.03146080241513931	1	0.030755633292666132	0.04196573553562908	4.0605915701688156e-05	unsupported	True	0.0028919333840042	-0.0028919333840042
SKA2	chr17:59209750-59210251	6	0.004530319446600929	0.04322596622005889	4	0.038695646773457965	0.05010495283825867	8.380838608486842e-05	unsupported	True	0.0027722631703601	0.0027722631703601
SKA2	chr17:59161857-59162358	7	0.016932524373537407	0.07054097013850116	4	0.05360844576496376	0.06039455569459668	0.00022838755488090038	unsupported	True	0.0023562995724953	0.0023562995724953
SKA2	chr17:59106677-59107178	8	0.004096181646924504	0.03794835359734955	2	0.033852171950425045	0.05217308253395683	6.702332568409913e-05	unsupported	True	0.0021941678985703	-0.0021941678985703
SKA2	chr17:59106073-59106574	9	-0.003016417369930923	0.02714412403707089	2	0.030160541407001813	0.04136197118322568	3.3862279658957926e-05	unsupported	True	0.0018927988584042	0.0018927988584042
SKA2	chr17:58970403-58970904	10	0.026191391886603774	0.09400394669384826	2	0.06781255480724449	0.1038250373198304	0.0006618480444144843	unsupported	True	0.001688309356184	-0.001688309356184
SKA2	chr17:59234063-59234564	11	0.011261802389033371	0.07504233647824929	0	0.06378053408921591	0.05791392728848517	0.0002771899727127799	unsupported	True	0.001541990882022	0.001541990882022
SKA2	chr17:59193807-59194308	12	0.013878981667813511	0.055354901755329665	2	0.041475920087516154	0.05043370543140011	0.00011579051642313937	unsupported	True	0.001210563732672	0.001210563732672
SKA2	chr17:59093722-59094223	13	-0.034316688433982	-0.005323968688224727	2	0.028992719745757276	0.03062427920162323	0.0	unsupported	True	0.0011396932672725	0.0011396932672725
SKA2	chr17:59290505-59291006	14	0.00019924962579437715	0.025174237462122336	5	0.02497498783632796	0.03322640257261707	2.089031230137343e-05	unsupported	True	0.0007924058433311	-0.0007924058433311
SKA2	chr17:59097157-59097658	15	-0.014153123801300951	0.043728454181242334	4	0.057881577982543286	0.06365838316166815	0.00016112394677727704	unsupported	True	0.0005166122818055	-0.0005166122818055
SKA2	chr17:58977132-58977633	16	-0.0017538825690163623	0.03859646826920538	2	0.04035035083822174	0.04305211202882975	6.704854282392081e-05	unsupported	True	0.0004667829144866	0.0004667829144866
SKA2	chr17:59085467-59085968	17	-0.0003281790623956676	0.02302563037617411	4	0.023353809438569777	0.028063661223458616	1.5090846095599114e-05	unsupported	True	0.0004640089769647	0.0004640089769647
SKA2	chr17:58978372-58978873	18	0.03581267901613967	0.07020940419235969	2	0.034396725176220014	0.05008545903214862	0.00012095506034441613	unsupported	True	0.000392144402709	0.000392144402709
SKA2	chr17:59004796-59005297	19	-0.004055290516368787	0.03468867763940754	2	0.038743968155776326	0.05048432620807494	6.784977438608123e-05	unsupported	True	0.000387783609292	-0.000387783609292
MXD4	chr4:2364707-2365208	0	-0.001048333010951172	0.06839908466904536	5	0.06944741767999653	0.0801978812659795	0.00038095114783283883	unsupported	True	0.0114004688429602	0.0114004688429602
MXD4	chr4:2401992-2402493	1	-0.005507975937128226	0.008664123261519281	5	0.014172099198647507	0.011296727963678855	1.3871118324863119e-06	unsupported	True	0.008145737653346	0.008145737653346
MXD4	chr4:2366859-2367360	2	0.026692907870398748	0.05761430905577444	2	0.030921401185375695	0.04015811289229443	7.154228708857191e-05	unsupported	True	0.0047633208630741	0.0047633208630741
MXD4	chr4:2162933-2163434	3	-0.004698249984373525	0.060026793809511765	5	0.06472504379388529	0.0689025284033494	0.0002677026429708474	unsupported	True	0.0040013677153296	0.0040013677153296
MXD4	chr4:2366267-2366768	4	0.024718525456830835	0.0551176970501481	5	0.030399171593317266	0.03271297565501356	5.481164833539295e-05	unsupported	True	0.0024836337408541	0.0024836337408541
MXD4	chr4:2172020-2172521	5	0.002086171006482946	0.05503141168225359	5	0.052945240675770645	0.0741610030238645	0.00021607930555770277	unsupported	True	0.0019077537342289	0.0019077537342289
MXD4	chr4:2292560-2293061	6	0.024490524656580616	0.05046095273961658	2	0.025970428083035964	0.02058876281530705	2.6981420162232122e-05	unsupported	True	0.0016270931101857	0.0016270931101857
MXD4	chr4:2242009-2242510	7	0.00046921653899279484	0.03000249777408818	5	0.029533281235095382	0.028240680348666218	2.5023281893615852e-05	unsupported	True	0.0012481387978438	-0.0012481387978438
MXD4	chr4:2390746-2391247	8	0.0026562020887223765	0.0385788892239021	2	0.03592268713517972	0.03385480855204803	4.691793586098309e-05	unsupported	True	0.0012238734947713	0.0012238734947713
MXD4	chr4:2219990-2220491	9	-0.013579515524884582	0.011062987296639903	5	0.024642502821524484	0.016028452273054775	4.369671780772381e-06	unsupported	True	0.0010782211184743	-0.0010782211184743
MXD4	chr4:2141667-2142168	10	-0.011787836302222283	0.011549615726111255	1	0.02333745202833354	0.015108247967147785	4.072256050144725e-06	unsupported	True	0.0010325064503495	-0.0010325064503495
MXD4	chr4:2336726-2337227	11	-0.007996792182970657	0.03680694138092103	5	0.04480373356389168	0.0689088821578795	0.00011363683787433478	unsupported	True	0.0010260522276527	0.0010260522276527
MXD4	chr4:2142596-2143097	12	-0.018238522723070652	0.007325474954194067	1	0.025563997677264718	0.018598471452010084	3.4829064509039595e-06	unsupported	True	0.0009229301165295	-0.0009229301165295
MXD4	chr4:2354085-2354586	13	0.007027536230135234	0.029035462787065727	3	0.022007926556930492	0.027569061444735463	1.7616915122284122e-05	unsupported	True	0.0009225983325725	-0.0009225983325725
MXD4	chr4:2210969-2211470	14	0.010672479371504335	0.04174863903199889	3	0.031076159660494554	0.03435236339686711	4.4568322475178746e-05	unsupported	True	0.0006805638946487	0.0006805638946487
MXD4	chr4:2135141-2135642	15	-0.008881896219938247	0.051132900505541846	5	0.060014796725480095	0.05429692204514811	0.00016662262778512784	unsupported	True	0.0005465160287905	-0.0005465160287905
MXD4	chr4:2332549-2333050	16	-0.009672927541791866	0.028503111195159508	0	0.03817603873695137	0.03553053484536026	3.866204969814498e-05	unsupported	True	0.0005293378591226	0.0005293378591226
MXD4	chr4:2262063-2262564	17	-0.000858293016703085	0.028314309418112575	5	0.02917260243481566	0.03644069768145777	3.0100092514121177e-05	unsupported	True	0.0005021411101845	-0.0005021411101845
MXD4	chr4:2220828-2221329	18	0.00090514859465307	0.049174363200409965	2	0.048269214605756894	0.056915174280827506	0.00013509430675771674	unsupported	True	0.0003251863788665	-0.0003251863788665
MXD4	chr4:2179675-2180176	19	-0.02530494711516962	0.021650433354935227	5	0.04695538047010485	0.04944201125836292	5.026296300225998e-05	unsupported	True	0.0001763307469148	-0.0001763307469148
PAXBP1	chr21:32813427-32813928	0	-0.0013442093082657622	0.06764678305928976	5	0.06899099236755551	0.07783728980717804	0.00036326808659962415	unsupported	True	0.0072830562928152	0.0072830562928152
PAXBP1	chr21:32771827-32772328	1	0.010766413477768539	0.07662764787356947	5	0.06586123439580094	0.08552386524445059	0.0004316211142642137	unsupported	True	0.0053649668103479	-0.0053649668103479
PAXBP1	chr21:32629755-32630256	2	0.0036150694010838986	0.08530174247757734	5	0.08168667307649344	0.10706423407466294	0.000746025247947588	unsupported	True	0.0045202172148865	0.0045202172148865
PAXBP1	chr21:32793868-32794369	3	0.00036431784551418716	0.03506221953947959	2	0.0346979016939654	0.0472742633005932	5.7513180737475655e-05	unsupported	True	0.0040775814839997	0.0040775814839997
PAXBP1	chr21:32727790-32728291	4	0.007956602568376069	0.07777554166941698	5	0.06981893910104092	0.0780130462434905	0.00042362689676183105	unsupported	True	0.0033615065067169	-0.0033615065067169
PAXBP1	chr21:32794623-32795124	5	0.0017898678790739973	0.02410453495374448	5	0.02231466707467048	0.03434716493907483	1.847481356395893e-05	unsupported	True	0.0030467836023967	0.0030467836023967
PAXBP1	chr21:32771161-32771662	6	0.007103561315492721	0.046458427060636937	5	0.03935486574514421	0.04132767082574311	7.556207346941907e-05	unsupported	True	0.0029604630344107	0.0029604630344107
PAXBP1	chr21:32795199-32795700	7	-0.009821399348486914	0.017720126508432913	1	0.027541525856919827	0.019548147484258215	9.540264652781564e-06	unsupported	True	0.002097368607077	0.002097368607077
PAXBP1	chr21:32612291-32612792	8	0.009760737810970591	0.06651360350758152	5	0.056752865696610935	0.07084068648771932	0.0002674120874498631	unsupported	True	0.0018603489936103	-0.0018603489936103
PAXBP1	chr21:32796081-32796582	9	-0.009302556462895567	0.043952372704700246	3	0.05325492916759581	0.057100613335710856	0.00013365429189523428	unsupported	True	0.0018327314175394	0.0018327314175394
PAXBP1	chr21:32826513-32827014	10	-0.004751431936525016	0.02732280562885095	3	0.03207423756537597	0.01758722151602983	1.5412705064302506e-05	unsupported	True	0.0017283877172992	0.0017283877172992
PAXBP1	chr21:32824148-32824649	11	-0.008331165304024855	0.03812359238949981	5	0.04645475769352467	0.04302437784935095	7.61971303285505e-05	unsupported	True	0.0017264467380852	0.0017264467380852
PAXBP1	chr21:32850054-32850555	12	0.026327852762038396	0.10858028653074862	2	0.08225243376871022	0.103961010241318	0.0009284750366965356	unsupported	True	0.0012645443496223	0.0012645443496223
PAXBP1	chr21:32719040-32719541	13	0.006596730334524103	0.10096829277673797	5	0.09437156244221387	0.11348404813707486	0.0010813367866307107	unsupported	True	0.0007922151026548	0.0007922151026548
PAXBP1	chr21:32600945-32601446	14	0.00719608887598358	0.06962932090021443	5	0.062433232024230845	0.0749915738769588	0.0003260021361555	unsupported	True	0.0006844605601759	0.0006844605601759
PAXBP1	chr21:32642258-32642759	15	0.006573501910842981	0.03971373895675922	5	0.03314023704591624	0.058777988621438404	7.735904643730074e-05	unsupported	True	0.0006063848113174	0.0006063848113174
PAXBP1	chr21:32599021-32599522	16	-0.009695297347325433	0.05696171630405253	0	0.06665701365137797	0.06110328159057042	0.00023200292163287227	unsupported	True	0.0004486183752106	0.0004486183752106
PAXBP1	chr21:32844669-32845170	17	0.004393593487123004	0.095908693467719	2	0.091515099980596	0.10759424187887506	0.0009443647395071478	unsupported	True	0.0004011819491855	0.0004011819491855
PAXBP1	chr21:32846013-32846514	18	0.03821644408445536	0.13539055868492067	2	0.09717411460046531	0.14749410359837678	0.0019404999298984174	unsupported	True	0.0002571734628471	-0.0002571734628471
PAXBP1	chr21:32868124-32868625	19	0.034577807741639474	0.11724364349622048	2	0.082665835754581	0.11609645109202552	0.0011252118862833617	unsupported	True	0.0002172673424041	-0.0002172673424041
THADA	chr2:43162811-43163312	0	0.018900942547872328	0.04184817299314981	1	0.02294723044527748	0.028461360261770395	2.73314348497008e-05	unsupported	True	0.0049350238885967	0.0049350238885967
THADA	chr2:43424242-43424743	1	0.020498430099186237	0.08179974053681666	1	0.061301310437630416	0.07172760987222902	0.00035967317118294485	unsupported	True	0.0037917308551375	0.0037917308551375
THADA	chr2:43516983-43517484	2	0.01746949024752068	0.07077769393851376	1	0.05330820369099308	0.08625180512451666	0.0003254307970951456	unsupported	True	0.003639991237742	-0.003639991237742
THADA	chr2:43349306-43349807	3	0.017073473007107907	0.06791772171694371	1	0.05084424870983581	0.052574514093211906	0.00018155165454541986	unsupported	True	0.0036150622808933	0.0036150622808933
THADA	chr2:43131039-43131540	4	-0.004096753394023261	0.01549154964756757	3	0.01958830304159083	0.021641704437064313	6.567243795728589e-06	unsupported	True	0.0030365062813506	0.0030365062813506
THADA	chr2:43448648-43449149	5	0.031969339439646485	0.062256633296963154	1	0.03028729385731667	0.06779760817204059	0.00012783814942755523	unsupported	True	0.002589984699122	0.002589984699122
THADA	chr2:43226467-43226968	6	0.05065348112600209	0.0952845586083357	1	0.044631077482333616	0.06322008140531707	0.00026885303838398387	unsupported	True	0.0025448741392392	0.0025448741392392
THADA	chr2:43269016-43269517	7	0.014271750397487975	0.07190463416741598	1	0.057632883769928006	0.08421698148194494	0.0003490011863319044	unsupported	True	0.0021074985958388	0.0021074985958388
THADA	chr2:43636964-43637465	8	0.05682604373094167	0.09485398099433473	1	0.03802793726339306	0.05581519299799178	0.00020133105178658036	unsupported	True	0.0021036869758412	0.0021036869758412
THADA	chr2:43123998-43124499	9	0.009833870833047051	0.06803565370616686	3	0.05820178287311981	0.061372718724695643	0.0002430234672664903	unsupported	True	0.0019779037040359	0.0019779037040359
THADA	chr2:43227472-43227973	10	0.047677505224289096	0.0869448135120237	1	0.0392673082877346	0.07023497157551209	0.00023978842955711633	unsupported	True	0.0018248793009817	0.0018248793009817
THADA	chr2:43345419-43345920	11	0.038822576627172416	0.08231543868397155	1	0.043492862056799135	0.05328515559049776	0.0001907679982813096	unsupported	True	0.0017938193979263	0.0017938193979263
THADA	chr2:43415507-43416008	12	0.04675507939406962	0.10333280641342847	1	0.05657772701935885	0.09865300770654996	0.000576758562728242	unsupported	True	0.0017204392836016	0.0017204392836016
THADA	chr2:43100968-43101469	13	0.05039339437198004	0.08918419530746659	1	0.03879080093548655	0.058446250017809044	0.0002021963429750615	unsupported	True	0.0016446887127789	0.0016446887127789
THADA	chr2:43255134-43255635	14	-0.00798687458564248	0.060674010092462094	2	0.06866088467810458	0.08335488890550848	0.00034725073319059646	unsupported	True	0.0014364587358706	0.0014364587358706
THADA	chr2:43676177-43676678	15	0.059612273026161886	0.0952632386601642	1	0.035650965634002316	0.059384099826262526	0.00020168185040027255	unsupported	True	0.0013164514977802	0.0013164514977802
THADA	chr2:43399735-43400236	16	0.04686238965020207	0.08588602609863596	1	0.039023636448433895	0.07220875349082063	0.00024201377929085772	unsupported	True	0.0013153145921175	0.0013153145921175
THADA	chr2:43178848-43179349	17	0.05040347139146163	0.08970423497572756	1	0.03930076358426593	0.09170608569217431	0.0003233047549717855	unsupported	True	0.001055611344235	0.001055611344235
THADA	chr2:43168649-43169150	18	0.04788648084733095	0.09057632987168324	1	0.042689849024352286	0.08386862714439315	0.0003242939690947761	unsupported	True	0.0010524717629009	0.0010524717629009
THADA	chr2:43343904-43344405	19	0.05164499712715876	0.10111761848671912	1	0.049472621359560355	0.10468475629929301	0.0005236911099519667	unsupported	True	0.0010267628443885	0.0010267628443885
NOL4L	chr20:32681329-32681830	0	-0.004195971091464773	0.043031253971379364	1	0.04722722506284414	0.05279199619795669	0.00010728636090663824	unsupported	True	0.0045657037049345	0.0045657037049345
NOL4L	chr20:32483395-32483896	1	-0.019123012200820074	0.022992895939833082	1	0.042115908140653156	0.05490117799836189	5.316447219597783e-05	unsupported	True	0.0042571950156149	-0.0042571950156149
NOL4L	chr20:32482743-32483244	2	-0.029352346453053207	-0.007392787707033128	1	0.02195955874602008	0.016677807248323556	0.0	unsupported	True	0.0035555542272836	-0.0035555542272836
NOL4L	chr20:32673516-32674017	3	-0.00821311889332721	0.03720659998150617	2	0.04541971887483338	0.06220358363987824	0.00010511866401282359	unsupported	True	0.0030413815708643	0.0030413815708643
NOL4L	chr20:32484111-32484612	4	-0.02212459964271578	0.03833363448982355	2	0.060458234132539326	0.07059662473434672	0.00016361359728790314	unsupported	True	0.0029991522597116	-0.0029991522597116
NOL4L	chr20:32301889-32302390	5	-0.010329827739270537	0.020710608592799135	2	0.03104043633206967	0.03786032065322435	2.433912529340294e-05	unsupported	True	0.0024997617867703	0.0024997617867703
NOL4L	chr20:32509528-32510029	6	-0.017517294500784167	0.02479778067741199	2	0.04231507517819616	0.04178428511023948	4.3845084113800524e-05	unsupported	True	0.0022657765787274	0.0022657765787274
NOL4L	chr20:32610339-32610840	7	-0.01229025223932303	0.04427902527507939	1	0.05656927751440242	0.05653927605074372	0.00014162141441735726	unsupported	True	0.0022605061138944	0.0022605061138944
NOL4L	chr20:32545719-32546220	8	-0.025908048231316472	0.02497114723326808	1	0.05087919546458455	0.06288697497989479	7.989864887565079e-05	unsupported	True	0.0020864498754596	0.0020864498754596
NOL4L	chr20:32477320-32477821	9	-0.025844958432074946	0.02398037542140174	2	0.04982533385347669	0.054136420584599505	6.468383084628774e-05	unsupported	True	0.0020542276909321	-0.0020542276909321
NOL4L	chr20:32672455-32672956	10	-0.014994688939353176	0.009512495183419194	3	0.02450718412277237	0.03240533068988927	7.554475572296192e-06	unsupported	True	0.0019676408121857	0.0019676408121857
NOL4L	chr20:32536255-32536756	11	-0.006955990284164834	0.07062244331253903	1	0.07757843359670387	0.0983622194546118	0.0005389048160086599	unsupported	True	0.001896788049486	0.001896788049486
NOL4L	chr20:32685541-32686042	12	-0.009736990211873981	0.036441392015471565	2	0.04617838222734555	0.0580847019450779	9.774519952127005e-05	unsupported	True	0.0018904520483185	0.0018904520483185
NOL4L	chr20:32315875-32316376	13	-0.010880950824792556	0.03430972325359644	1	0.045190674078389	0.060627180025398325	9.400120106191164e-05	unsupported	True	0.0015229494568244	0.0015229494568244
NOL4L	chr20:32475722-32476223	14	-0.03100849835710701	0.09849660232007641	2	0.12950510067718343	0.1412814988545658	0.0018021602949545076	unsupported	True	0.0014374448639294	-0.0014374448639294
NOL4L	chr20:32583476-32583977	15	-0.025443321778810056	0.044830052082691536	2	0.07027337386150159	0.07581127585018502	0.0002388327359522363	unsupported	True	0.0013325765347731	-0.0013325765347731
NOL4L	chr20:32465505-32466006	16	-0.027922409593923437	0.021018500157366348	2	0.048940909751289785	0.04815770410619963	4.953812154543547e-05	unsupported	True	0.001310442980733	-0.001310442980733
NOL4L	chr20:32358787-32359288	17	-0.02604570189858531	0.023208077509656238	2	0.04925377940824155	0.051189928760425475	5.851446685545067e-05	unsupported	True	0.0012583011813386	-0.0012583011813386
NOL4L	chr20:32304328-32304829	18	-0.009804602744598137	0.023493152104046077	2	0.033297754848644216	0.039749539610596824	3.109484132199281e-05	unsupported	True	0.0011891699644031	0.0011891699644031
NOL4L	chr20:32663378-32663879	19	-0.009244215074397192	0.06989594533770495	1	0.07914016041210215	0.0996719379195322	0.0005513429321803157	unsupported	True	0.0011293269375506	0.0011293269375506
PLA2G12A	chr4:109826621-109827122	0	-0.003336196111714114	0.04322817120768214	5	0.046564367319396255	0.05735420864684384	0.00011544785313999171	unsupported	True	0.0098415739316678	0.0098415739316678
PLA2G12A	chr4:109616273-109616774	1	-0.03388425719672014	0.03126666529487863	2	0.06515092249159876	0.0505162484129703	0.0001029042292670234	unsupported	True	0.0075059870519485	0.0075059870519485
PLA2G12A	chr4:109559931-109560432	2	-0.02701084393919046	0.006360695414739988	2	0.033371539353930446	0.024537929555823675	5.2085729976902495e-06	unsupported	True	0.0051281524156197	-0.0051281524156197
PLA2G12A	chr4:109625201-109625702	3	0.036750839516183874	0.10390689724758753	5	0.06715605773140365	0.08929335604646851	0.000623087037450473	unsupported	True	0.0040839038792628	0.0040839038792628
PLA2G12A	chr4:109560823-109561324	4	-0.025637352890352783	0.059153119513686486	2	0.08479047240403927	0.052414982162812755	0.00026289368251112096	unsupported	True	0.0032490105443806	-0.0032490105443806
PLA2G12A	chr4:109703257-109703758	5	-0.03009326499040835	0.02239975266633345	5	0.0524930176567418	0.04685097367412494	5.508880905837243e-05	unsupported	True	0.0028022840778565	-0.0028022840778565
PLA2G12A	chr4:109684772-109685273	6	-0.011907317565605223	0.05034917504875822	5	0.062256492614363446	0.07576209549333666	0.00023748106471201374	unsupported	True	0.0019770294902402	0.0019770294902402
PLA2G12A	chr4:109820541-109821042	7	-0.03180384772940613	0.04240102381161948	2	0.07420487154102562	0.05291514701153047	0.00016649023556983972	unsupported	True	0.0019058147812793	-0.0019058147812793
PLA2G12A	chr4:109593571-109594072	8	-0.003843585599599878	0.049106499290378566	5	0.05295008488997845	0.06035402155483076	0.00015693212284158996	unsupported	True	0.001789229953411	0.001789229953411
PLA2G12A	chr4:109659705-109660206	9	-0.016053947276515695	0.08244635404186161	5	0.09850030131837731	0.10898936377298359	0.0008851016113131726	unsupported	True	0.0014907967312168	0.0014907967312168
PLA2G12A	chr4:109815229-109815730	10	0.00044127076411833323	0.040268237833492794	5	0.03982696706937446	0.051552456313178174	8.267785921032413e-05	unsupported	True	0.0014871296542788	-0.0014871296542788
PLA2G12A	chr4:109575120-109575621	11	0.01101842245281644	0.042080449417701254	5	0.031062026964884814	0.041421826212499645	5.414263698744709e-05	unsupported	True	0.0012855854462138	-0.0012855854462138
PLA2G12A	chr4:109681551-109682052	12	-0.007231772051014076	0.03912764322951741	5	0.04635941528053149	0.0540684891920479	9.80767066363751e-05	unsupported	True	0.0004523653977755	-0.0004523653977755
PLA2G12A	chr4:109662693-109663194	13	-0.012366855615800329	0.039441583690342445	4	0.051808439306142776	0.05433722436813057	0.00011103305891591874	unsupported	True	0.0004076448785606	-0.0004076448785606
PLA2G12A	chr4:109658819-109659320	14	-0.011544117897586526	0.031249575651207128	5	0.04279369354879366	0.048465986663266514	6.481282553447398e-05	unsupported	True	0.0003513815881461	-0.0003513815881461
PLA2G12A	chr4:109729857-109730358	15	-0.014239755213889989	0.035577536369519235	5	0.04981729158340922	0.049089769912898436	8.70055547381547e-05	unsupported	True	0.0003322989230634	-0.0003322989230634
PLA2G12A	chr4:109682313-109682814	16	-0.005833536973650544	0.014273198017862058	5	0.020106734991512602	0.03148524125372712	9.03586784146777e-06	unsupported	True	0.000304679453636	0.000304679453636
PLA2G12A	chr4:109562804-109563305	17	-0.022303752540209807	0.012714176181932945	4	0.03501792872214275	0.04597161305514276	2.046767075137575e-05	unsupported	True	0.0001036920954956	0.0001036920954956
NUMB	chr14:73126484-73126985	0	-0.004251359373895592	0.032597800374993685	0	0.036849159748889276	0.04237504459595706	5.0900969397471e-05	unsupported	True	0.0068169089340172	0.0068169089340172
NUMB	chr14:73508491-73508992	1	0.002640518531984812	0.020864643706010506	2	0.018224125174025694	0.02566992293787665	9.760728381820695e-06	unsupported	True	0.0061278975395981	0.0061278975395981
NUMB	chr14:73591854-73592355	2	-0.0076017535853212135	0.028424228981285563	0	0.03602598256660677	0.03736973328471401	3.826700964515391e-05	unsupported	True	0.0053063769207084	0.0053063769207084
NUMB	chr14:73463428-73463929	3	-0.0031173767152154423	0.03176129501734286	1	0.0348786717325583	0.04245044569012134	4.702625490792926e-05	unsupported	True	0.0042701960326376	0.0042701960326376
NUMB	chr14:73612479-73612980	4	0.021075908392447575	0.06877703414698903	1	0.047701125754541454	0.06720392477471214	0.00022047873554031987	unsupported	True	0.0034010071075485	0.0034010071075485
NUMB	chr14:73397737-73398238	5	-0.007226575723825944	0.016982507811001128	2	0.02420908353482707	0.031437430644887396	1.2924900733739896e-05	unsupported	True	0.0028427956342389	0.0028427956342389
NUMB	chr14:73283907-73284408	6	0.003969498838515441	0.055197325094119	1	0.05122782625560356	0.06090021627669706	0.00017220382541588075	unsupported	True	0.0023936282280584	0.0023936282280584
NUMB	chr14:73210183-73210684	7	0.009396100736213553	0.04664113313672238	2	0.037245032400508825	0.058258793339475104	0.00010120429284558796	unsupported	True	0.001885402268725	0.001885402268725
NUMB	chr14:73235420-73235921	8	-0.006815949575723959	0.03278161282056245	1	0.03959756239628641	0.05224189396843716	6.781373765138933e-05	unsupported	True	0.0014951298344557	0.0014951298344557
NUMB	chr14:73142214-73142715	9	0.003447384815794916	0.021519581077680688	2	0.018072196261885772	0.02565705545151385	9.978185186076885e-06	unsupported	True	0.0012016870201626	0.0012016870201626
NUMB	chr14:73245986-73246487	10	0.0009879046770090594	0.03655290652207617	1	0.03556500184506711	0.03969975612552062	5.160984922179361e-05	unsupported	True	0.0012003102080245	0.0012003102080245
NUMB	chr14:73361380-73361881	11	0.008775745531515116	0.0240696212429078	0	0.015293875711392685	0.0245135477106499	9.02387314825991e-06	unsupported	True	0.0011043393980863	-0.0011043393980863
NUMB	chr14:73490692-73491193	12	0.016389506053329287	0.06596108887318702	1	0.04957158281985774	0.0767863995316546	0.0002510758297900451	unsupported	True	0.0009394529915544	-0.0009394529915544
NUMB	chr14:73239059-73239560	13	0.01833777751722246	0.05366502305193895	1	0.035327245534716493	0.06468472009181049	0.00012263171453292295	unsupported	True	0.0009370788788966	0.0009370788788966
NUMB	chr14:73280022-73280523	14	-0.003205179724227676	0.01336205513769834	1	0.016567234861926017	0.017691109912861266	3.916321791877475e-06	unsupported	True	0.0009230002136231	0.0009230002136231
NUMB	chr14:73129434-73129935	15	-0.0006105864494924698	0.04622606515976085	0	0.046836651609253314	0.05857064139482429	0.00012680977924049876	unsupported	True	0.0009101638640059	0.0009101638640059
NUMB	chr14:73569001-73569502	16	0.0021732802623927604	0.05826563298436936	1	0.0560923527219766	0.06953456759699178	0.00022725679813790693	unsupported	True	0.0009094416756185	0.0009094416756185
NUMB	chr14:73458443-73458944	17	0.0099087555843842	0.07068630371661633	1	0.06077754813223213	0.08190660453060188	0.00035188225853390346	unsupported	True	0.0006701811578452	-0.0006701811578452
NUMB	chr14:73277807-73278308	18	0.00972559842653174	0.06811837152532214	1	0.0583927730987904	0.07488959307809992	0.0002978823890769986	unsupported	True	0.0006645815408809	0.0006645815408809
NUMB	chr14:73526415-73526916	19	0.006711484966521835	0.10816260388887253	1	0.10145111892235069	0.12619021522336482	0.0013847126389090628	unsupported	True	0.0004887113412471	0.0004887113412471
USO1	chr4:75724268-75724769	0	-0.006795871622625592	0.04949397534941265	5	0.05628984697203824	0.07375082966704094	0.000205470423470411	unsupported	True	0.0092250851125575	-0.0092250851125575
USO1	chr4:75630351-75630852	1	-0.005218569479389757	0.05142128251269285	5	0.05663985199208261	0.07041272679295224	0.0002050766323916028	unsupported	True	0.0080144239862589	0.0080144239862589
USO1	chr4:75940829-75941330	2	-0.004585162264922817	0.06314470722198888	5	0.0677298694869117	0.08044399623668619	0.0003440414977737359	unsupported	True	0.0056841225253968	0.0056841225253968
USO1	chr4:75940067-75940568	3	-0.01064590640431121	0.06597628818790263	5	0.07662219459221384	0.08777087545572881	0.00044370354190413397	unsupported	True	0.0048521189143431	0.0048521189143431
USO1	chr4:75673247-75673748	4	-0.010329642495076678	0.045587812928973265	5	0.05591745542404994	0.0668061724954642	0.0001702992550666031	unsupported	True	0.0041845746612256	-0.0041845746612256
USO1	chr4:75885732-75886233	5	-0.0044567828020362745	0.042688378710427195	5	0.04714516151246347	0.05667369854512812	0.0001140586808543804	unsupported	True	0.0024407483210701	0.0024407483210701
USO1	chr4:75917240-75917741	6	0.004207733377103508	0.061625455001807675	1	0.05741772162470417	0.07076535731821652	0.00025039566056614317	unsupported	True	0.0022217565834769	-0.0022217565834769
USO1	chr4:75630906-75631407	7	-0.00955216147275644	0.05144866475854358	4	0.06100082623130002	0.06213516413923353	0.00019500568627295564	unsupported	True	0.0020487417575513	0.0020487417575513
USO1	chr4:75904632-75905133	8	0.002620208120936477	0.048113745902568644	5	0.04549353778163217	0.03779113356530973	8.271967131961255e-05	unsupported	True	0.00118321750781	-0.00118321750781
USO1	chr4:75848159-75848660	9	-0.02015097546305628	0.060659707631210785	5	0.08081068309426706	0.09676606371984978	0.00047434263925547347	unsupported	True	0.0010411280573163	0.0010411280573163
USO1	chr4:75803984-75804485	10	0.0116394161116416	0.0801629359950143	1	0.0685235198833727	0.07134045017615015	0.00039187641289969164	unsupported	True	0.0010148198740355	-0.0010148198740355
USO1	chr4:75919893-75920394	11	-0.00715209814628054	0.040802720283279276	0	0.047954818429559815	0.0610695832119002	0.00011949406216873207	unsupported	True	0.0006376552447449	-0.0006376552447449
USO1	chr4:75672347-75672848	12	-0.01724179644897471	0.04227383001847974	1	0.059515626467454445	0.07495299920715037	0.0001885782589464587	unsupported	True	0.000599477508635	-0.000599477508635
USO1	chr4:75915930-75916431	13	-0.014048291848348066	0.02305132407342635	5	0.037099615921774416	0.04897042447079697	4.187927535834032e-05	unsupported	True	0.0004204864684566	-0.0004204864684566
USO1	chr4:75696008-75696509	14	-0.018006626370894556	0.008201527436792278	5	0.026208153807686832	0.03099867673740487	6.6630692369810696e-06	unsupported	True	0.000349993179786	0.000349993179786
USO1	chr4:75841553-75842054	15	-0.01877412558823065	0.03619682070216438	5	0.054970946290395034	0.06713507379878948	0.0001335835898725958	unsupported	True	0.0001666460901023	-0.0001666460901023
USO1	chr4:75714695-75715196	16	-0.009843863384515626	0.031975552104182486	5	0.04181941548869811	0.03585514810913764	4.7945464572343203e-05	unsupported	True	0.0001319632429351	0.0001319632429351
USO1	chr4:75952001-75952502	17	-0.00504871622177731	0.09841760426040252	5	0.10346632048217984	0.1256402156493016	0.001279382679599197	unsupported	True	0.000110885478512	-0.000110885478512
USO1	chr4:75589831-75590332	18	-0.01820121558552717	0.022275204070689114	0	0.04047641965621629	0.045608821456317436	4.112184876584927e-05	unsupported	True	9.904565353047786e-05	-9.904565353047786e-05
USO1	chr4:75684258-75684759	19	-0.005708284796690727	0.033644840048182446	5	0.039353124844873175	0.04885251170277803	6.468217107947485e-05	unsupported	True	4.808104518209923e-05	-4.808104518209923e-05
BORCS5	chr12:12266766-12267267	0	-0.0033331516544908273	0.06930204405498952	4	0.07263519570948035	0.06500095229239893	0.0003271996832636372	unsupported	True	0.0050799204605966	-0.0050799204605966
BORCS5	chr12:12583486-12583987	1	0.0033799425055743744	0.10154233162228933	4	0.09816238911671496	0.10773409484959236	0.0010738544435541337	unsupported	True	0.0049052871934972	0.0049052871934972
BORCS5	chr12:12323511-12324012	2	-0.0006659364752273532	0.09733876459913357	4	0.09800470107436092	0.11494387191453938	0.0010965250580040123	unsupported	True	0.004888869464099	0.004888869464099
BORCS5	chr12:12521131-12521632	3	0.0058097773503701135	0.11706188840778514	4	0.11125211105741503	0.1078698191271859	0.0014048298833881784	unsupported	True	0.0041859686359982	0.0041859686359982
BORCS5	chr12:12599591-12600092	4	0.002337373248179165	0.09770385467140888	4	0.09536648142322972	0.0942836565819897	0.0008785042663312098	unsupported	True	0.0041827286850226	0.0041827286850226
BORCS5	chr12:12365792-12366293	5	-0.0018719699950684808	0.11982831246356106	4	0.12170028245862954	0.13964364283396363	0.002036442720015244	unsupported	True	0.0030471612255793	0.0030471612255793
BORCS5	chr12:12513395-12513896	6	-0.022593739292151232	0.040030748268858406	4	0.06262448756100963	0.07269325077294825	0.00018223508088173197	unsupported	True	0.0026264944112485	0.0026264944112485
BORCS5	chr12:12356254-12356755	7	-0.018531968107351502	0.042413285513306254	4	0.06094525362065775	0.06269386970982632	0.00016205665922814337	unsupported	True	0.0024248604369948	0.0024248604369948
BORCS5	chr12:12320095-12320596	8	0.0026989090258084415	0.08370022513699868	2	0.08100131611119024	0.07747914162674921	0.0005252952844134991	unsupported	True	0.0018996768883905	0.0018996768883905
BORCS5	chr12:12528321-12528822	9	0.02547350477887794	0.09818690307518625	4	0.07271339829630831	0.056815135517544184	0.00040563185267553174	unsupported	True	0.001880705433695	0.001880705433695
BORCS5	chr12:12507234-12507735	10	-0.0055252310274257685	0.07990311227083759	3	0.08542834329826335	0.08946489139802766	0.0006106864992739843	unsupported	True	0.001508077844604	0.001508077844604
BORCS5	chr12:12349495-12349996	11	0.004343379445390027	0.08010644726320082	4	0.0757630678178108	0.07012563502321206	0.0004256002065656359	unsupported	True	0.0013649190860318	0.0013649190860318
BORCS5	chr12:12542894-12543395	12	0.0035655821224842496	0.11036193690364124	4	0.10679635478115698	0.11400180133429365	0.0013436540237211944	unsupported	True	0.0011932346345007	0.0011932346345007
BORCS5	chr12:12333323-12333824	13	0.011263428444011389	0.13797600624937092	2	0.12671257780535955	0.14083475815515006	0.0024622556832371747	unsupported	True	0.0009118348989134	-0.0009118348989134
BORCS5	chr12:12612377-12612878	14	-0.009994540198598235	0.031836583982089384	3	0.041831124180687615	0.04177806993835826	5.563836651718335e-05	unsupported	True	0.0008981930873197	-0.0008981930873197
BORCS5	chr12:12587208-12587709	15	-0.008835016692004217	0.02201509716632909	4	0.030850113858333306	0.0492614218422007	3.3456793871165535e-05	unsupported	True	0.0008978006349317	0.0008978006349317
BORCS5	chr12:12376599-12377100	16	0.001463853200337341	0.0803190342845529	4	0.07885518108421556	0.07294513190379658	0.0004620032444528706	unsupported	True	0.0006936626402005	-0.0006936626402005
BORCS5	chr12:12561539-12562040	17	-0.0021241767742130758	0.09497986776795193	2	0.09710404454216501	0.0979513593965429	0.0009033984635668209	unsupported	True	0.0006837958044155	0.0006837958044155
BORCS5	chr12:12327696-12328197	18	0.01660845008452633	0.06332170131671294	1	0.046713251232186614	0.037442674091791	0.00011075402743796938	unsupported	True	0.0006535219287053	0.0006535219287053
BORCS5	chr12:12521748-12522249	19	-0.004019420550909467	0.09346061177148905	4	0.09748003232239852	0.1058303736431877	0.0009641722180786428	unsupported	True	0.0005306196804292	0.0005306196804292
RIOX2	chr3:97972154-97972655	0	0.02694848105187917	0.0681461646817195	4	0.041197683629840325	0.061980744282388325	0.0001740087165184049	unsupported	True	0.0093114073112949	0.0093114073112949
RIOX2	chr3:98005374-98005875	1	-0.001327444945225542	0.05172509709437098	3	0.05305254203959652	0.07225508638043966	0.00019827864269546255	unsupported	True	0.0083500434758923	0.0083500434758923
RIOX2	chr3:98023146-98023647	2	-0.0059436687574044265	0.04170079287648034	3	0.04764446163388476	0.033799332537769095	6.715291360729025e-05	unsupported	True	0.0068075558461683	0.0068075558461683
RIOX2	chr3:97992111-97992612	3	-0.015867725456830944	0.03663492901060221	2	0.05250265446743316	0.05447236523499479	0.00010477383698667958	unsupported	True	0.0032927355727588	0.0032927355727588
RIOX2	chr3:97872344-97872845	4	0.003034867329773672	0.0690751467671318	3	0.06604027943735813	0.06762639522407649	0.00030849416704235535	unsupported	True	0.0029562236509025	0.0029562236509025
RIOX2	chr3:97817901-97818402	5	-0.0016771171954001796	0.07595868222920188	3	0.07763579942460205	0.08008526694632291	0.0004722718702674469	unsupported	True	0.0025967895367074	0.0025967895367074
RIOX2	chr3:97821723-97822224	6	0.01653184306846433	0.08984705716738393	0	0.07331521409891961	0.08313839310303507	0.0005476455842791003	unsupported	True	0.0019895995606427	0.0019895995606427
RIOX2	chr3:97970916-97971417	7	0.00386963800755618	0.0801089284630603	3	0.07623929045550411	0.09047155437718338	0.0005525503016399431	unsupported	True	0.001551204799584	0.001551204799584
RIOX2	chr3:97901393-97901894	8	-0.018231945691288422	0.024197801829023133	1	0.042429747520311555	0.04615514741481633	4.738779549719298e-05	unsupported	True	0.0014284179553278	0.0014284179553278
RIOX2	chr3:98004720-98005221	9	-0.0019608453752720874	0.03557666403665487	4	0.037537509411926955	0.018226080086731294	2.4340189268364447e-05	unsupported	True	0.0007212072510587	0.0007212072510587
RIOX2	chr3:98039512-98040013	10	-0.0024255039579962993	0.06065454827141444	3	0.06308005222941074	0.0562114425536475	0.00021507015476146673	unsupported	True	0.0006555691462577	0.0006555691462577
RIOX2	chr3:97991175-97991676	11	0.0061932745075744325	0.07229390495164967	3	0.06610063044407524	0.05801398707205607	0.00027722985592426087	unsupported	True	0.0006479600063462	0.0006479600063462
RIOX2	chr3:97898362-97898863	12	-0.015410693385930112	0.006118011668774963	1	0.021528705054705076	0.02498142171270412	3.29037471894152e-06	unsupported	True	0.000627347232501	0.000627347232501
RIOX2	chr3:97979631-97980132	13	-0.014003988852481549	0.04311286955625745	3	0.057116858408738994	0.06581595596297896	0.0001620699267321188	unsupported	True	0.0006013712984991	0.0006013712984991
RIOX2	chr3:97959816-97960317	14	-0.01126869297144259	0.027970444370038244	3	0.03923913734148084	0.02977781611621633	3.268222840904645e-05	unsupported	True	0.0005806160629158	0.0005806160629158
RIOX2	chr3:97928111-97928612	15	-0.01657217960205597	0.00805362887273405	0	0.02462580847479002	0.022247654874503454	4.4123133657796745e-06	unsupported	True	0.000493186745147	0.000493186745147
RIOX2	chr3:98003638-98004139	16	-0.015129332774692373	0.025571547710129542	3	0.040700880484821914	0.04777846771460267	4.972708897329368e-05	unsupported	True	0.0004719923092565	0.0004719923092565
RIOX2	chr3:97816756-97817257	17	-0.008576362357620626	0.026792011431598452	2	0.03536837378921908	0.03556259526782418	3.3698755200167526e-05	unsupported	True	0.0004672591813572	0.0004672591813572
RIOX2	chr3:97949646-97950147	18	0.0006731079019027108	0.08018158960946334	0	0.07950848170756063	0.08920688790749688	0.0005687042986190403	unsupported	True	0.0004645649059148	0.0004645649059148
RIOX2	chr3:98026992-98027493	19	-0.004170629950028968	0.04802113898114224	4	0.05219176893117121	0.07221974764094893	0.00018100494495724826	unsupported	True	0.0004398869751205	0.0004398869751205
TMBIM4	chr12:66188966-66189467	0	0.001202758822499975	0.044987467453233246	2	0.04378470863073327	0.054679200808088704	0.00010770507506788073	unsupported	True	0.0096549788948751	0.0096549788948751
TMBIM4	chr12:66107346-66107847	1	-0.009591454308153126	0.005197899944475412	1	0.014789354252628537	0.007423467621566215	5.706685591688848e-07	unsupported	True	0.0059651596485881	0.0059651596485881
TMBIM4	chr12:66241563-66242064	2	-0.00835719152158048	0.014697719105131804	1	0.023054910626712284	0.024921242050645078	8.444677516177554e-06	unsupported	True	0.0054277078603664	0.0054277078603664
TMBIM4	chr12:66046432-66046933	3	-0.003245469427283461	0.017070543674370046	2	0.020316013101653506	0.02356604912199609	8.172832831553036e-06	unsupported	True	0.003278449582186	0.003278449582186
TMBIM4	chr12:66302161-66302662	4	0.004839770512880029	0.03782876491954736	5	0.03298899440666733	0.045403053956977246	5.665996544456139e-05	unsupported	True	0.0029448978227198	-0.0029448978227198
TMBIM4	chr12:66235117-66235618	5	0.012974501429691615	0.034372420198709584	1	0.02139791876901797	0.04940104595314895	3.633438310885927e-05	unsupported	True	0.0025821154774574	0.0025821154774574
TMBIM4	chr12:65991761-65992262	6	-0.00927070341830865	0.010092956840041965	1	0.019363660258350616	0.020274546821934317	3.962388238975309e-06	unsupported	True	0.0024028082574856	0.0024028082574856
TMBIM4	chr12:66269680-66270181	7	0.012576966075357028	0.04599505616318741	5	0.03341809008783038	0.03914492973233648	6.016837698660665e-05	unsupported	True	0.0017484064071094	0.0017484064071094
TMBIM4	chr12:66118152-66118653	8	-0.021561115859449743	-0.007469539809612143	1	0.0140915760498376	0.020574522940079925	0.0	unsupported	True	0.0017362243975157	-0.0017362243975157
TMBIM4	chr12:66189486-66189987	9	0.002485244140572372	0.023048125521980448	2	0.020562881381408077	0.007733688759485786	3.6652725196022275e-06	unsupported	True	0.0014903770211676	0.0014903770211676
TMBIM4	chr12:66209795-66210296	10	0.002188931432051065	0.05243418723329709	5	0.050245255801246023	0.06584491542872713	0.00017347298289049313	unsupported	True	0.0013375014072725	0.0013375014072725
TMBIM4	chr12:66279101-66279602	11	-0.0008620566104699763	0.03557187492693991	1	0.03643393153740988	0.028884115635533943	3.743448558529235e-05	unsupported	True	0.0010206052459162	-0.0010206052459162
TMBIM4	chr12:66296648-66297149	12	0.014603089342482535	0.10564033137708519	2	0.09103724203460264	0.11924027742673611	0.001146758122656286	unsupported	True	0.0007639129120559	-0.0007639129120559
TMBIM4	chr12:66254957-66255458	13	0.005339428944831055	0.061094723938645755	2	0.0557552949938147	0.07291411422421819	0.00024837131058440265	unsupported	True	0.000706382464692	0.000706382464692
TMBIM4	chr12:66130536-66131037	14	0.003275812736075714	0.04321897812974749	5	0.03994316539367177	0.03595204854373526	6.206412176414128e-05	unsupported	True	0.0006434862757435	-0.0006434862757435
TMBIM4	chr12:66257982-66258483	15	0.015467284510630997	0.025569825736158597	1	0.0101025412255276	0.046784721230660756	1.208543941680573e-05	unsupported	True	0.0006405317840373	0.0006405317840373
TMBIM4	chr12:66087311-66087812	16	-0.001890845796602946	0.031654418592257066	1	0.03354526438886001	0.03887305279814578	4.127757816160731e-05	unsupported	True	0.0006021988420054	0.0006021988420054
TMBIM4	chr12:66160657-66161158	17	-0.010227855128747788	0.002832110376016949	5	0.013059965504764737	0.017226176816348568	6.371491464554032e-07	unsupported	True	0.0005179932572127	0.0005179932572127
TMBIM4	chr12:66268806-66269307	18	-0.0018709583255606115	0.020852217436273034	4	0.022723175761833646	0.03909526731000457	1.8524455847607187e-05	unsupported	True	0.0005057772429407	-0.0005057772429407
TMBIM4	chr12:66251328-66251829	19	0.006516873486187037	0.09443451595450673	5	0.08791764246831969	0.10988988298233954	0.0009123563590037014	unsupported	True	0.0004712575594779	-0.0004712575594779
PRSS48	chr4:151325386-151325887	0	0.007598080467751423	0.05593249060074109	1	0.04833441013298967	0.05593249060074109	0.00015121147143898705	unsupported	True	0.0076578248026205	0.0076578248026205
PRSS48	chr4:151358179-151358680	1	-0.0012334328734172027	0.01799503510856684	1	0.019228467981984042	0.01799503510856684	6.226587278932955e-06	unsupported	True	0.0071938368679451	0.0071938368679451
PRSS48	chr4:151359601-151360102	2	-0.005922941100519881	0.0	2	0.005922941100519881	0.008124185509423615	0.0	unsupported	True	0.0059978662932895	0.0059978662932895
PRSS48	chr4:151324552-151325053	3	0.010653284011808314	0.058996342169873844	1	0.04834305815806553	0.058996342169873844	0.00016826132007308927	unsupported	True	0.0037982051091388	0.0037982051091388
PRSS48	chr4:151237364-151237865	4	-0.009577889633679462	0.0	2	0.009577889633679462	0.010874664405575803	0.0	unsupported	True	0.0030037354618456	0.0030037354618456
PRSS48	chr4:151199440-151199941	5	0.004792548273632584	0.027880423346730687	1	0.023087875073098105	0.027880423346730687	1.794662101443439e-05	unsupported	True	0.0028154772143581	0.0028154772143581
PRSS48	chr4:151148153-151148654	6	-0.008055730200631753	0.00010039109118237051	4	0.008156121291814124	0.00010039109118237051	8.220041783967192e-11	unsupported	True	0.002015975126274	-0.002015975126274
PRSS48	chr4:151346110-151346611	7	-0.010038029988947334	0.04174704732817296	4	0.0517850773171203	0.04174704732817296	9.025185927025493e-05	unsupported	True	0.0017613115431526	0.0017613115431526
PRSS48	chr4:151408624-151409125	8	0.017004866391835963	0.07302757345963626	1	0.0560227070678003	0.07302757345963626	0.0002987705805765287	unsupported	True	0.0016565926718625	0.0016565926718625
PRSS48	chr4:151171530-151172031	9	-0.0075594806751099666	0.0	2	0.0075594806751099666	0.005228882062716878	0.0	unsupported	True	0.0015428146406635	0.0015428146406635
PRSS48	chr4:151226175-151226676	10	-0.0028925077462341486	0.03414715080006918	1	0.037039658546303325	0.03414715080006918	4.318927555898958e-05	unsupported	True	0.0014834835455965	0.0014834835455965
PRSS48	chr4:151220383-151220884	11	-0.004733749304697574	0.017283552372694702	1	0.022017301677392277	0.017283552372694702	6.5770343951649e-06	unsupported	True	0.0011337180827422	0.0011337180827422
PRSS48	chr4:151165550-151166051	12	-0.00877500028304322	0.0	2	0.00877500028304322	0.012839606054124836	0.0	unsupported	True	0.0009846495665527	0.0009846495665527
PRSS48	chr4:151362648-151363149	13	0.003499685823320991	0.055497341870895674	1	0.051997656047574684	0.055497341870895674	0.00016015043837833763	unsupported	True	0.0009482978014726	0.0009482978014726
PRSS48	chr4:151422845-151423346	14	-0.005265333480111016	0.02657936998938909	1	0.03184470346950011	0.02657936998938909	2.2497101850351136e-05	unsupported	True	0.0006716179168151	0.0006716179168151
PRSS48	chr4:151216572-151217073	15	-0.010560952014011868	0.0	2	0.010560952014011868	0.013846189372923578	0.0	unsupported	True	0.0004890519692051	-0.0004890519692051
PRSS48	chr4:151173838-151174339	16	-0.005683634993092842	0.00987537486406313	1	0.015559009857155972	0.00987537486406313	1.5173617649327782e-06	unsupported	True	0.000408284546915	0.000408284546915
PRSS48	chr4:151143724-151144225	17	-0.004793588557531506	0.0	2	0.004793588557531506	0.007102334035553216	0.0	unsupported	True	0.000336771524232	-0.000336771524232
PRSS48	chr4:151238467-151238968	18	-0.005935893337265748	0.020046272695619195	1	0.025982166032884942	0.020046272695619195	1.0441012639604597e-05	unsupported	True	0.0003065330986736	0.0003065330986736
PRSS48	chr4:151243044-151243545	19	0.0032163194428268724	0.03506334738819148	1	0.031847027945364606	0.03506334738819148	3.915395685468226e-05	unsupported	True	0.0002286815867322	0.0002286815867322
TCHP	chr12:110043113-110043614	0	0.007836500593555234	0.059987174321853264	5	0.05215067372829803	0.06703287503752538	0.00020970373958037589	unsupported	True	0.016473564561223	0.016473564561223
TCHP	chr12:109899987-109900488	1	0.010590768024983595	0.039194033682587975	3	0.02860326565760438	0.02852637304770246	3.198027091869106e-05	unsupported	True	0.0057499674539852	0.0057499674539852
TCHP	chr12:109845249-109845750	2	0.010479815460228949	0.0495935452655585	0	0.03911372980532955	0.030376233943642514	5.892347017648904e-05	unsupported	True	0.0035756974985434	0.0035756974985434
TCHP	chr12:110077722-110078223	3	-0.009568476922915691	0.02811717925885034	0	0.03768565618176603	0.0508311131510146	5.386137693908562e-05	unsupported	True	0.0034924127410814	0.0034924127410814
TCHP	chr12:109889578-109890079	4	0.01295525714476164	0.05782678442303008	4	0.044871527278268444	0.026862253075063038	6.970153320217046e-05	unsupported	True	0.0026519514365957	-0.0026519514365957
TCHP	chr12:110023630-110024131	5	0.010738116994547324	0.057295176066006745	5	0.04655705907145942	0.05442721844175814	0.00014518432743032574	unsupported	True	0.0015523391119671	0.0015523391119671
TCHP	chr12:109770356-109770857	6	0.011255140577223434	0.04957703249810607	1	0.03832189192088264	0.017980628459122565	3.4161138547574265e-05	unsupported	True	0.0014857462508067	-0.0014857462508067
TCHP	chr12:109828232-109828733	7	0.0071503764303419304	0.04278395707101143	1	0.0356335806406695	0.03544813226317362	5.404229351764504e-05	unsupported	True	0.0013005666423126	0.0013005666423126
TCHP	chr12:110093911-110094412	8	0.011070753276740232	0.07053925899221984	5	0.05946850571547961	0.08660631627159253	0.00036330174658113584	unsupported	True	0.001264308207579	0.001264308207579
TCHP	chr12:110058802-110059303	9	0.02017967899825243	0.057369514275502596	3	0.037189835277250165	0.061349586200763404	0.000130893194044742	unsupported	True	0.0011639027668506	0.0011639027668506
TCHP	chr12:109944907-109945408	10	0.005822743390905469	0.07205489884433372	0	0.06623215545342825	0.06366989965576575	0.0003038551259378856	unsupported	True	0.0007559264781821	-0.0007559264781821
TCHP	chr12:109900613-109901114	11	0.00994147144575585	0.05318047812576838	3	0.04323900668001253	0.04919239719674364	0.00011311649318119818	unsupported	True	0.0007027561082237	0.0007027561082237
TCHP	chr12:109908423-109908924	12	0.03419971992308741	0.07125897516872129	2	0.03705925524563388	0.053121209196283894	0.00014028273091092216	unsupported	True	0.0005742475659721	0.0005742475659721
TCHP	chr12:109851329-109851830	13	0.01627763822630644	0.07302423796183845	0	0.056746599735532005	0.07978635073653842	0.0003306248398968016	unsupported	True	0.0005638767306742	0.0005638767306742
TCHP	chr12:109859534-109860035	14	0.0076280681430476865	0.03409381312509351	5	0.026465744982045826	0.029895657480310138	2.6975394758272025e-05	unsupported	True	0.0005632504066065	0.0005632504066065
TCHP	chr12:110024426-110024927	15	0.01623350442923336	0.06212888557130798	5	0.04589538114207462	0.03913841697125593	0.00011160041259564133	unsupported	True	0.0005626772206127	0.0005626772206127
TCHP	chr12:109880302-109880803	16	0.013206880870781996	0.03976571351875565	3	0.026558832647973655	0.027569356754607005	2.9116850401754715e-05	unsupported	True	0.0005422032046162	0.0005422032046162
TCHP	chr12:109775212-109775713	17	0.010573480774813232	0.07274996499262967	0	0.06217648421781644	0.06663631723470988	0.00030141852263737285	unsupported	True	0.0004965148200015	0.0004965148200015
TCHP	chr12:109805216-109805717	18	0.009112434677264466	0.08855181725417906	0	0.07943938257691459	0.0997171502010332	0.0007014604614850851	unsupported	True	0.0004907808562204	-0.0004907808562204
TCHP	chr12:109927435-109927936	19	0.01380789624954389	0.025243098813085504	0	0.011435202563541613	0.02101156894137274	6.06519840345979e-06	unsupported	True	0.0004640027532814	0.0004640027532814
GTF3A	chr13:27348427-27348928	0	0.009544565108810646	0.03107727969208644	4	0.021532714583275794	0.03889876737885746	2.603020688918585e-05	unsupported	True	0.015375083273262	0.015375083273262
GTF3A	chr13:27572150-27572651	1	-0.011089188465294332	0.016241645664555836	3	0.02733083412985017	0.034462776377425536	1.529794798472831e-05	unsupported	True	0.0065116837265581	0.0065116837265581
GTF3A	chr13:27374596-27375097	2	-0.021984455305092365	0.003522031739550746	3	0.02550648704464311	0.02778198538705266	2.4957851262377545e-06	unsupported	True	0.0031555589369753	0.0031555589369753
GTF3A	chr13:27359137-27359638	3	-0.029766130881446192	0.007765737639141666	3	0.03753186852058786	0.04472484019170045	1.3035620176434162e-05	unsupported	True	0.0029362732666451	0.0029362732666451
GTF3A	chr13:27504741-27505242	4	-0.010443713930292383	0.05677809697314424	3	0.06722181090343662	0.08514589412154917	0.0003249785903054298	unsupported	True	0.0016605261987439	-0.0016605261987439
GTF3A	chr13:27450402-27450903	5	-0.017177169383374307	0.03073266086541983	3	0.04790983024879414	0.05183310236618175	7.631888188534652e-05	unsupported	True	0.0015871344016188	0.0015871344016188
GTF3A	chr13:27405618-27406119	6	-0.02876975609062745	0.02399945481130467	2	0.05276921090193212	0.06248710741614992	7.913569069479925e-05	unsupported	True	0.0015559003142946	0.0015559003142946
GTF3A	chr13:27540085-27540586	7	-0.029321957564378318	0.03295926151053341	3	0.06228121907491173	0.05213027394489532	0.00010701005423434318	unsupported	True	0.0012772157205489	0.0012772157205489
GTF3A	chr13:27489455-27489956	8	-0.009312842576828873	0.019375448047779378	2	0.028688290624608252	0.036331736606653176	2.0194940734847745e-05	unsupported	True	0.0012634461145657	-0.0012634461145657
GTF3A	chr13:27449896-27450397	9	-0.020763183454940926	0.019923036258175594	3	0.04068621971311652	0.04844225187655354	3.926695175540398e-05	unsupported	True	0.0011259881529285	0.0011259881529285
GTF3A	chr13:27352423-27352924	10	-0.014576587741148422	0.05886995972380966	4	0.07344654746495807	0.07850589241635114	0.0003394434079545964	unsupported	True	0.0010702942480936	0.0010702942480936
GTF3A	chr13:27424337-27424838	11	-0.018654099652152072	0.025484170112511112	3	0.04413826976466319	0.047427518872993485	5.334776207849991e-05	unsupported	True	0.0010338362093381	-0.0010338362093381
GTF3A	chr13:27361912-27362413	12	-0.02112870890500652	0.03686525602617231	3	0.05799396493117884	0.06628865134660147	0.0001417226418162975	unsupported	True	0.0010295498947728	0.0010295498947728
GTF3A	chr13:27296519-27297020	13	-0.0017029204291525576	0.03818591017499516	4	0.03988883060414772	0.028927157044715258	4.406159401469848e-05	unsupported	True	0.0009826572839632	0.0009826572839632
GTF3A	chr13:27505349-27505850	14	-0.021256562300142806	-0.0008828612127063532	3	0.02037370108743645	0.030955377383480035	0.0	unsupported	True	0.0008427082086689	0.0008427082086689
GTF3A	chr13:27481759-27482260	15	-0.012637921011295196	0.03812383903810197	3	0.05076176004939717	0.04206324369487231	8.140218441146007e-05	unsupported	True	0.0008204434576954	0.0008204434576954
GTF3A	chr13:27533048-27533549	16	-0.03155491262595765	0.0372498540330909	0	0.06880476665904856	0.09332868759510733	0.00023919839450801857	unsupported	True	0.0005824346498313	-0.0005824346498313
GTF3A	chr13:27321331-27321832	17	-0.022393163185491546	0.01961142919062772	3	0.04200459237611927	0.04983144543524118	4.1049654244448445e-05	unsupported	True	0.0005768709741124	0.0005768709741124
GTF3A	chr13:27395297-27395798	18	0.015246827980029373	0.0978655586267046	4	0.08261873064667523	0.0879725118712863	0.0007113042280027745	unsupported	True	0.000573450481873	0.000573450481873
GTF3A	chr13:27575419-27575920	19	-0.009391111004989705	0.049309543093317934	0	0.05870065409830764	0.07268605073100312	0.00021038995067634278	unsupported	True	0.0004490648627642	-0.0004490648627642
DMRT3	chr9:927168-927669	0	0.02876207079263482	0.14422830663378347	4	0.11546623584114865	0.14422830663378347	0.002401906056749502	unsupported	True	0.0078024204570746	0.0078024204570746
DMRT3	chr9:969266-969767	1	0.02407877569043962	0.08891609451549001	3	0.0648373188250504	0.08891609451549001	0.0005126085020926378	unsupported	True	0.0067725370926067	0.0067725370926067
DMRT3	chr9:918157-918658	2	0.03186261443210504	0.06923039479460516	4	0.03736778036250012	0.06923039479460516	0.00017909807506070633	unsupported	True	0.0066301011631668	0.0066301011631668
DMRT3	chr9:1102784-1103285	3	0.01937464705801201	0.13088616949712656	4	0.11151152243911455	0.13088616949712656	0.001910325007354231	unsupported	True	0.0050162719245422	0.0050162719245422
DMRT3	chr9:1120734-1121235	4	0.005497167677448643	0.1654380897556232	4	0.15994092207817456	0.1654380897556232	0.004377544898085584	unsupported	True	0.0037664022752821	0.0037664022752821
DMRT3	chr9:899474-899975	5	-0.01499091166123475	0.0027363205743153258	4	0.017727232235550075	0.0027363205743153258	1.3273177006180004e-07	unsupported	True	0.0033098332770171	0.0033098332770171
DMRT3	chr9:1083550-1084051	6	0.03918519998147936	0.09594114259623075	3	0.05675594261475139	0.09594114259623075	0.0005224215863244336	unsupported	True	0.0019419603750983	0.0019419603750983
DMRT3	chr9:1050035-1050536	7	-0.01462741740538581	0.008636891477542524	4	0.023264308882928332	0.008636891477542524	1.7354219286000153e-06	unsupported	True	0.0016572568870261	0.0016572568870261
DMRT3	chr9:935390-935891	8	0.016732168334522953	0.03396116923514207	3	0.01722900090061912	0.03396116923514207	1.987125798026662e-05	unsupported	True	0.0014884923679395	0.0014884923679395
DMRT3	chr9:971431-971932	9	-0.011367198034218252	0.026862931771241823	3	0.038230129805460075	0.026862931771241823	2.7587515530772713e-05	unsupported	True	0.0012280405103765	0.0012280405103765
DMRT3	chr9:1051795-1052296	10	-0.006005905986061124	0.002091934792137541	3	0.008097840778198665	0.002091934792137541	3.5437699346508946e-08	unsupported	True	0.0009502949796867	0.0009502949796867
DMRT3	chr9:1102064-1102565	11	0.0003947122782077579	0.07545887994333847	4	0.07506416766513072	0.07545887994333847	0.0004274185655891156	unsupported	True	0.0008999039074649	0.0008999039074649
DMRT3	chr9:977062-977563	12	0.0036129976210086817	0.024975881974571512	4	0.02136288435356283	0.024975881974571512	1.332605361791794e-05	unsupported	True	0.0007929177741753	0.0007929177741753
DMRT3	chr9:893728-894229	13	-0.006723274315580025	0.012777051487443257	5	0.019500325803023282	0.012777051487443257	3.1834875602346585e-06	unsupported	True	0.0004772590378807	0.0004772590378807
DMRT3	chr9:875445-875946	14	0.0075736328912709575	0.11347761103987167	4	0.10590397814860071	0.11347761103987167	0.0013637433404434924	unsupported	True	0.000476053458309	0.000476053458309
DMRT3	chr9:1057877-1058378	15	-0.004947660733973537	0.0	0	0.004947660733973537	0.002665373043183358	0.0	unsupported	True	0.0003989437004203	-0.0003989437004203
DMRT3	chr9:1009013-1009514	16	-0.002144843249164139	0.012955063724694365	4	0.015099906973858504	0.012955063724694365	2.5342728963551647e-06	unsupported	True	0.0002790645864516	-0.0002790645864516
DMRT3	chr9:1042425-1042926	17	-0.013373369895079125	0.018513904423023444	3	0.031887274318102565	0.018513904423023444	1.0929830643826149e-05	unsupported	True	0.0002038747003889	0.0002038747003889
DMRT3	chr9:976534-977035	18	-0.011272610839931637	0.019937963858119776	4	0.031210574698051413	0.019937963858119776	1.2406902646978306e-05	unsupported	True	0.0001594931164896	0.0001594931164896
DMRT3	chr9:1005019-1005520	19	-0.005423843219836404	0.0022718769188745137	3	0.007695720138710917	0.0022718769188745137	3.972088027384584e-08	unsupported	True	0.0001531999696113	0.0001531999696113
CCDC149	chr4:25088324-25088825	0	0.014787934657877753	0.060986586738276165	4	0.04619865208039841	0.045086707708088376	0.00012703171340616286	unsupported	True	0.0074652521092277	0.0074652521092277
CCDC149	chr4:25030004-25030505	1	0.0055165377547646294	0.07622019124319959	1	0.07070365348843496	0.06760371454597698	0.0003643195268156483	unsupported	True	0.005587724621778	0.005587724621778
CCDC149	chr4:24727760-24728261	2	-0.006181768344592551	0.04054372301207024	3	0.04672549135666279	0.054986850323446135	0.0001041684847732165	unsupported	True	0.005245400037863	0.005245400037863
CCDC149	chr4:24947781-24948282	3	0.0006870525875671605	0.12950440948714606	4	0.1288173568995789	0.13162221159525572	0.0021957764540521353	unsupported	True	0.0036661315943458	0.0036661315943458
CCDC149	chr4:25018949-25019450	4	-0.004363542302105519	0.05679288930236215	4	0.06115643160446767	0.04474544291420241	0.00015541212974794238	unsupported	True	0.0030270672318079	0.0030270672318079
CCDC149	chr4:25088977-25089478	5	-0.0036509277874145767	0.04264374030990772	4	0.04629466809732229	0.043685830191526234	8.6243596316726e-05	unsupported	True	0.0023931359428738	0.0023931359428738
CCDC149	chr4:25095669-25096170	6	0.012436948537049866	0.04667654251218554	5	0.03423959397513567	0.06071742025568395	9.703772273784733e-05	unsupported	True	0.0019895283778892	0.0019895283778892
CCDC149	chr4:24993485-24993986	7	-0.0017298238577667714	0.045040965428003406	4	0.04677078928577018	0.05247378757311445	0.00011054135978331115	unsupported	True	0.0016084649946441	0.0016084649946441
CCDC149	chr4:25065312-25065813	8	0.0021527897414419643	0.04638686762381355	1	0.04423407788237158	0.030687465634275338	6.296700665807076e-05	unsupported	True	0.0015873445834026	0.0015873445834026
CCDC149	chr4:24896301-24896802	9	-0.0022043927693094355	0.05370763906192512	1	0.055912031831234554	0.052571247678785536	0.00015786636918695309	unsupported	True	0.0014213184035522	0.0014213184035522
CCDC149	chr4:25103404-25103905	10	0.006923855416701435	0.03847426488741688	2	0.03155040947071544	0.040801325760659785	4.952786481311084e-05	unsupported	True	0.0013387292450224	0.0013387292450224
CCDC149	chr4:25013882-25014383	11	-0.006541225735480446	0.027254657668595233	1	0.03379588340407568	0.03743613626222185	3.4482246645053725e-05	unsupported	True	0.0012934865362955	0.0012934865362955
CCDC149	chr4:24877754-24878255	12	-0.006317192377484365	0.04054180872077104	2	0.0468590010982554	0.027915398370663445	5.303224063049958e-05	unsupported	True	0.001254979930923	0.001254979930923
CCDC149	chr4:24662472-24662973	13	-0.0070573904662361	0.0981091805041957	4	0.1051665709704318	0.12153271562972957	0.0012539509939867705	unsupported	True	0.0011841729149669	0.0011841729149669
CCDC149	chr4:24842217-24842718	14	0.008492145744761965	0.0866985324139637	4	0.07820638666920174	0.07526862651671898	0.0005103498108006782	unsupported	True	0.001108261616431	0.001108261616431
CCDC149	chr4:24799931-24800432	15	0.007781401800573012	0.067212667025586	4	0.059431265225012984	0.04842881161972626	0.0001934505268691349	unsupported	True	0.0010352378393922	0.0010352378393922
CCDC149	chr4:24749242-24749743	16	0.0011953939019554655	0.044787610482341506	4	0.04359221658038604	0.046323645810656865	9.044187918606032e-05	unsupported	True	0.0009268404519678	0.0009268404519678
CCDC149	chr4:24839466-24839967	17	-0.0023956743949750943	0.10229562235536749	4	0.10469129675034258	0.11019138749882126	0.001180090406212042	unsupported	True	0.0007977929777525	0.0007977929777525
CCDC149	chr4:25075162-25075663	18	0.0013370267155721326	0.04321756850962325	4	0.04188054179405112	0.051491802004596035	9.319888381829262e-05	unsupported	True	0.000739888198113	0.000739888198113
CCDC149	chr4:24802657-24803158	19	-0.000966802698065184	0.02310192798636477	1	0.024068730684429954	0.02331748367989836	1.2965315655701036e-05	unsupported	True	0.0007306156982013	0.0007306156982013
CDHR2	chr5:176743155-176743656	0	-0.01625479957450478	0.005504468003316179	2	0.02175926757782096	0.0269118248451685	3.223315168495017e-06	unsupported	True	0.0033972596830113	0.0033972596830113
CDHR2	chr5:176629793-176630294	1	-0.020194658683802998	0.001481676184014054	4	0.021676334867817053	0.024480793314635048	7.862572066425342e-07	unsupported	True	0.003383199415879	0.003383199415879
CDHR2	chr5:176543243-176543744	2	-0.013968051855726724	0.012463303789253423	4	0.02643135564498015	0.035250428487709186	1.1612267180807352e-05	unsupported	True	0.0032734849030721	0.0032734849030721
CDHR2	chr5:176619099-176619600	3	-0.015182449747644742	-0.005013185041050763	2	0.010169264706593979	0.010603041471626957	0.0	unsupported	True	0.0028277354450757	0.0028277354450757
CDHR2	chr5:176553869-176554370	4	-0.0021003925494629825	0.05504235364479903	4	0.05714274619426201	0.06851004415910321	0.00021548267183658018	unsupported	True	0.0027816601400161	0.0027816601400161
CDHR2	chr5:176725471-176725972	5	-0.02038634163190311	0.002981028738865782	4	0.02336737037076889	0.03089333758960171	2.151992905642815e-06	unsupported	True	0.0026102710006322	0.0026102710006322
CDHR2	chr5:176737057-176737558	6	-0.013265575988016075	-0.006697880722638626	2	0.006567695265377449	0.007367398383802003	0.0	unsupported	True	0.0024597083597365	0.0024597083597365
CDHR2	chr5:176672253-176672754	7	-0.017062573772998732	0.018057220974946848	4	0.035119794747945576	0.046223759641191964	2.931353187346565e-05	unsupported	True	0.0024069553155504	0.0024069553155504
CDHR2	chr5:176693312-176693813	8	-0.014587140576011686	0.007183413421246963	4	0.02177055399725865	0.02258591905041404	3.5321416329339197e-06	unsupported	True	0.0023716670919833	0.0023716670919833
CDHR2	chr5:176700235-176700736	9	-0.00843145579267903	0.03138039707961661	4	0.03981185287229564	0.04830440649988771	6.0347262694755336e-05	unsupported	True	0.0023642973638015	0.0023642973638015
CDHR2	chr5:176630330-176630831	10	-0.01862405436744204	0.008964153079731151	4	0.02758820744717319	0.04106650890521743	1.0155949483960451e-05	unsupported	True	0.0023258786651312	0.0023258786651312
CDHR2	chr5:176543833-176544334	11	-0.018591489581102544	0.027183361731829274	4	0.04577485131293182	0.0537028011709392	6.682316567358129e-05	unsupported	True	0.0022076681834993	0.0022076681834993
CDHR2	chr5:176722779-176723280	12	-0.017934583399427367	0.016581108917325404	2	0.03451569231675277	0.042792240929503976	2.4490361235052058e-05	unsupported	True	0.0019706001232767	0.0019706001232767
CDHR2	chr5:176744130-176744631	13	-0.021881548848112022	-0.008924727624222775	2	0.012956821223889248	0.02511618568913004	0.0	unsupported	True	0.0018517981864957	0.0018517981864957
CDHR2	chr5:176609915-176610416	14	-0.013503086211933267	0.008568966374103584	4	0.022072052586036853	0.02441808676900286	4.618306939782367e-06	unsupported	True	0.0016859761957085	0.0016859761957085
CDHR2	chr5:176660736-176661237	15	-0.012714051634934732	0.007201046609641055	5	0.019915098244575786	0.021438425161221398	3.0744749199742337e-06	unsupported	True	0.0016815916822196	0.0016815916822196
CDHR2	chr5:176733233-176733734	16	0.0007724150413661674	0.060423095303942326	4	0.05965068026257616	0.06850798813951536	0.0002469218850652832	unsupported	True	0.0014864100259117	0.0014864100259117
CDHR2	chr5:176447496-176447997	17	-0.007338685352988342	0.022625555475664826	4	0.029964240828653167	0.035018876438127684	2.374131318498094e-05	unsupported	True	0.0012339209241334	0.0012339209241334
CDHR2	chr5:176704734-176705235	18	-0.013707088736011756	0.0038651793926501934	4	0.01757226812866195	0.016049053874664463	1.0900512360779671e-06	unsupported	True	0.0011651162428134	0.0011651162428134
CDHR2	chr5:176739335-176739836	19	-0.0005126836994257853	0.06910001993811973	5	0.06961270363754551	0.07420756633494734	0.00035695614521115486	unsupported	True	0.0008888761197383	0.0008888761197383
FMN1	chr15:33255252-33255753	0	0.019869221685607192	0.07040640881600793	5	0.05053718713040074	0.04643550528113037	0.00016522411501560652	unsupported	True	0.0075852872487662	0.0075852872487662
FMN1	chr15:32908376-32908877	1	-0.0038599435627505356	0.016775925644289414	0	0.02063586920703995	0.02883189629535684	9.981193298532308e-06	unsupported	True	0.0069638468492297	0.0069638468492297
FMN1	chr15:33150463-33150964	2	0.0073419620477223335	0.06425653711974237	5	0.05691457507202004	0.056139814684128396	0.00020531079728902324	unsupported	True	0.0036899075912702	0.0036899075912702
FMN1	chr15:33151803-33152304	3	-0.01243033182800865	0.04523297534871762	5	0.05766330717672627	0.06057954051649155	0.00015800858277221087	unsupported	True	0.0034984845227005	0.0034984845227005
FMN1	chr15:32798083-32798584	4	-0.000521344457062552	0.0760792153367871	2	0.07660055979384965	0.09313784819701916	0.000542780414346046	unsupported	True	0.0026163146911393	0.0026163146911393
FMN1	chr15:33021765-33022266	5	-0.005388209812587636	0.04358718428128708	5	0.04897539409387471	0.04362828554398506	9.313328054154453e-05	unsupported	True	0.0025785229755612	0.0025785229755612
FMN1	chr15:33154868-33155369	6	-0.0032561604889917405	0.051955210828904815	5	0.05521137131789655	0.07071545978074305	0.00020284860016017345	unsupported	True	0.002040168777811	0.002040168777811
FMN1	chr15:32861580-32862081	7	0.011353291379279184	0.18470706146349186	5	0.17335377008421268	0.18894949424250912	0.006050099595590984	unsupported	True	0.0017943450529954	0.0017943450529954
FMN1	chr15:33194580-33195081	8	-0.0015508849442653347	0.05832863319382909	5	0.059879518138094424	0.06967347106040817	0.00024334786694227766	unsupported	True	0.0016254668796367	0.0016254668796367
FMN1	chr15:32718798-32719299	9	0.0014629997379997626	0.1361872198000819	5	0.13472422006208212	0.1449709576015655	0.0026598860989418545	unsupported	True	0.0015494111942497	0.0015494111942497
FMN1	chr15:33310451-33310952	10	0.006721971236544662	0.06712472203691065	5	0.060402750800365994	0.06126514063845151	0.0002484006067755144	unsupported	True	0.0015047214306352	0.0015047214306352
FMN1	chr15:32899156-32899657	11	-0.015265646414511003	0.10163375983467655	5	0.11689940624918756	0.12876758857782974	0.0015298782142113738	unsupported	True	0.0014687647872127	0.0014687647872127
FMN1	chr15:33111064-33111565	12	0.0011919681870949884	0.04054820413148281	5	0.03935623594438782	0.050675592249079714	8.086936123671621e-05	unsupported	True	0.001326344425638	0.001326344425638
FMN1	chr15:33127122-33127623	13	-0.0005828955243843256	0.052301203015778105	3	0.05288409854016243	0.06605805648049312	0.00018271010882166234	unsupported	True	0.0013082297134435	0.0013082297134435
FMN1	chr15:32910525-32911026	14	0.01617892684299736	0.18321242825920572	5	0.16703350141620837	0.178452174946146	0.005461102919391838	unsupported	True	0.0010960620876489	0.0010960620876489
FMN1	chr15:32810654-32811155	15	0.0040990806077334935	0.06970003835649456	1	0.06560095774876107	0.06556493749370422	0.0002997884167704174	unsupported	True	0.0008842066094163	0.0008842066094163
FMN1	chr15:33132679-33133180	16	-0.0157180761470506	0.0015117462132490792	0	0.017229822360299678	0.016316160264807276	4.249889632784289e-07	unsupported	True	0.0007908661607024	-0.0007908661607024
FMN1	chr15:33086428-33086929	17	-0.00011565531928673243	0.10318050982410458	5	0.10329616514339131	0.10669413154952913	0.0011371621629877296	unsupported	True	0.0007526216794242	0.0007526216794242
FMN1	chr15:32844098-32844599	18	0.007612663482177977	0.13107087150074584	5	0.12345820801856786	0.13740405273521522	0.00222344145430785	unsupported	True	0.0006742854486276	0.0006742854486276
FMN1	chr15:33250020-33250521	19	0.004018940580807821	0.07404371439913315	3	0.07002477381832534	0.09280433266374358	0.0004811806604056079	unsupported	True	0.0006250017220453	0.0006250017220453
POU4F2	chr4:146646308-146646809	0	0.022541468253780613	0.0618554749276716	1	0.03931400667389098	0.03258630339090962	7.924293443459253e-05	unsupported	True	0.0192219432368728	0.0192219432368728
POU4F2	chr4:146637795-146638296	1	0.016146431382448125	0.05156914234542236	1	0.03542271096297424	0.035265393405767356	6.441995796691992e-05	unsupported	True	0.0117754874947899	0.0117754874947899
POU4F2	chr4:146636807-146637308	2	-0.0021939222726075082	0.04943771975588129	1	0.0516316420284888	0.04943771975588129	0.00012619228365489654	unsupported	True	0.0071736230039414	0.0071736230039414
POU4F2	chr4:146639025-146639526	3	0.006250405959638434	0.0736516859450341	1	0.06740127998539566	0.0736516859450341	0.00036562301815905215	unsupported	True	0.0019106631251698	0.0019106631251698
POU4F2	chr4:146654952-146655453	4	-0.0030953954202601838	0.05517946275024744	1	0.05827485817050762	0.04388757789843666	0.00014112381435025425	unsupported	True	0.001813683577347	0.001813683577347
POU4F2	chr4:146647596-146648097	5	0.02780589686673195	0.057930800939406606	1	0.030124904072674655	0.05701633224854789	9.950261218966643e-05	unsupported	True	0.0009069530359925	0.0009069530359925
POU4F2	chr4:146522146-146522647	6	0.015759285047845496	0.0704889320623928	1	0.05472964701454731	0.04906396260021996	0.00018928064125768742	unsupported	True	0.0006904177046414	0.0006904177046414
POU4F2	chr4:146520763-146521264	7	0.004901173837670929	0.11186684063239484	5	0.10696566679472391	0.11186684063239484	0.0013385886812836085	unsupported	True	0.0002774523508331	-0.0002774523508331
POU4F2	chr4:146661349-146661850	8	-0.0033140386938209808	0.07775713850071196	0	0.08107117719453294	0.07775713850071196	0.000490170329215794	unsupported	True	0.0001449737282033	-0.0001449737282033
POU4F2	chr4:146787646-146788147	9	0.005937185907715964	0.06374320838555082	0	0.05780602247783486	0.054949126446328905	0.00020247331763478644	unsupported	True	0.0001209281552118	-0.0001209281552118
POU4F2	chr4:146488439-146488940	10	-0.004680163131688908	0.059487625322864855	3	0.06416778845455376	0.059487625322864855	0.00022707553027832885	unsupported	True	7.682956080597675e-05	-7.682956080597675e-05
POU4F2	chr4:146646828-146647329	11	0.007704299928854172	0.02890160838050864	1	0.02119730845165447	0.04729575934972763	2.8975099372709002e-05	unsupported	True	7.065688953780296e-05	-7.065688953780296e-05
POU4F2	chr4:146761949-146762450	12	-0.006743326628857053	0.028024017191112475	1	0.03476734381996953	0.028024017191112475	2.7304378390241362e-05	unsupported	True	6.575685800900092e-05	-6.575685800900092e-05
POU4F2	chr4:146779526-146780027	13	0.014784636313928257	0.045369408098870176	1	0.03058477178494192	0.04312009961273998	5.983401047009797e-05	unsupported	True	4.846099783737753e-05	-4.846099783737753e-05
POU4F2	chr4:146745037-146745538	14	0.004986089473215507	0.08227131579037826	0	0.07728522631716275	0.08227131579037826	0.0005231104180677298	unsupported	True	2.329035120600409e-05	-2.329035120600409e-05
POU4F2	chr4:146578125-146578626	15	0.0044072537465352475	0.05214588548257427	2	0.04773863173603902	0.05214588548257427	0.00012981057104135107	unsupported	True	2.100563577752104e-05	-2.100563577752104e-05
POU4F2	chr4:146711032-146711533	16	0.006988087775729984	0.08520377021544738	3	0.0782156824397174	0.09153354312458901	0.0006100043400697676	unsupported	True	1.5550965433011257e-05	-1.5550965433011257e-05
POU4F2	chr4:146653036-146653537	17	0.00639586075773457	0.04164693152940023	1	0.03525107077166566	0.04164693152940023	6.114181564798069e-05	unsupported	True	1.3150642970781609e-05	-1.3150642970781609e-05
RFPL2	chr22:32204353-32204854	0	-0.00010858091644537657	0.043269565318712906	1	0.04337814623515828	0.05793429903085861	0.00010873998718567701	unsupported	True	0.0089302163092269	0.0089302163092269
RFPL2	chr22:32202368-32202869	1	0.0020989631260188227	0.05020204085230705	1	0.048103077726288225	0.05598089250998796	0.00013518672754017974	unsupported	True	0.0078163368275104	0.0078163368275104
RFPL2	chr22:32159087-32159588	2	-0.005070998522360198	0.027280242829317253	4	0.032351241351677454	0.034977052589276414	3.0868987965719756e-05	unsupported	True	0.0054798419206407	0.0054798419206407
RFPL2	chr22:32204869-32205370	3	-0.0038515545489751068	0.0522201852100957	1	0.05607173975907081	0.06459395905611053	0.00018913606229184655	unsupported	True	0.005228282145249	0.005228282145249
RFPL2	chr22:32337492-32337993	4	-0.0038966233248670023	0.08399645617339078	1	0.08789307949825778	0.10340287198194964	0.0007633931274838613	unsupported	True	0.003262220813729	0.003262220813729
RFPL2	chr22:32175782-32176283	5	0.003397585437130624	0.04134083368809284	1	0.037943248250962215	0.04109101841691	6.445559812747073e-05	unsupported	True	0.0028502038935794	0.0028502038935794
RFPL2	chr22:32058772-32059273	6	0.0053784690032127125	0.0802303664409185	4	0.07485189743770577	0.08930140757942615	0.0005362902408787822	unsupported	True	0.0025035240776506	0.0025035240776506
RFPL2	chr22:32237929-32238430	7	0.004612940136330633	0.04343269379140161	1	0.03881975365507098	0.044459123280195176	7.496014802406864e-05	unsupported	True	0.0023758613815468	0.0023758613815468
RFPL2	chr22:32325438-32325939	8	0.0005491448075940933	0.09032923536738398	1	0.08978009055978989	0.10730657690729825	0.0008702313289331558	unsupported	True	0.0010859009292964	0.0010859009292964
RFPL2	chr22:32328768-32329269	9	0.0048610271740418855	0.08991086776242346	1	0.08504984058838158	0.09941893735337468	0.000760247166195149	unsupported	True	0.0008731823319535	0.0008731823319535
RFPL2	chr22:32281038-32281539	10	0.001651911474640389	0.045493406992781045	1	0.04384149551814066	0.05022974297789345	0.00010018317207833292	unsupported	True	0.0008392230221948	0.0008392230221948
RFPL2	chr22:32103513-32104014	11	0.0002519466536960249	0.03947847004668131	1	0.03922652339298529	0.04532454908186341	7.018973851986821e-05	unsupported	True	0.0007658744555358	0.0007658744555358
RFPL2	chr22:32336026-32336527	12	0.006021819020341055	0.04794540074248306	0	0.04192358172214201	0.04714580283751792	9.476508749490873e-05	unsupported	True	0.0005260190400899	0.0005260190400899
RFPL2	chr22:32079695-32080196	13	-0.007014455970533211	0.008708525619271663	1	0.015722981589804876	0.021899977202863567	2.998632215421904e-06	unsupported	True	0.0003956256556279	-0.0003956256556279
RFPL2	chr22:32266088-32266589	14	0.0001308093832026466	0.04160480746253557	4	0.04147399807933293	0.058156429729092615	0.00010034994914505371	unsupported	True	0.0003271974263352	-0.0003271974263352
RFPL2	chr22:32060278-32060779	15	0.0027770545520260266	0.04681776803744019	0	0.04404071348541416	0.05252710369322111	0.00010830499995590212	unsupported	True	0.0003261865519254	0.0003261865519254
RFPL2	chr22:32336965-32337466	16	0.005873370617244721	0.03954260339380118	1	0.03366923277655646	0.04427637750789476	5.89482016822974e-05	unsupported	True	0.0002329489118725	-0.0002329489118725
RFPL2	chr22:32233082-32233583	17	0.0028961453083919753	0.028854789194453074	0	0.0259586438860611	0.032581823734853965	2.4404802436019926e-05	unsupported	True	0.000224895163635	0.000224895163635
RFPL2	chr22:32134626-32135127	18	0.020370974443750703	0.07070394581264722	3	0.050332971368896515	0.06565731649792894	0.00023365729752030553	unsupported	True	0.0001825551025471	0.0001825551025471
RFPL2	chr22:32312004-32312505	19	-0.0024225238777982553	0.1333592179425779	1	0.13578174182037617	0.15075017723583467	0.002729746054523629	unsupported	True	0.0001396246126485	0.0001396246126485
DCAF5	chr14:69090110-69090611	0	-0.00356851544166618	0.05714278758540772	5	0.0607113030270739	0.08792530788124606	0.0003050316292997093	unsupported	True	0.0085288721392353	0.0085288721392353
DCAF5	chr14:68978626-68979127	1	-0.005851942307739855	0.047572302262348536	2	0.05342424457008839	0.0641888142782345	0.0001631367900830774	unsupported	True	0.0043801223225087	0.0043801223225087
DCAF5	chr14:69191756-69192257	2	0.004105949718414987	0.0475356561926325	2	0.04342970647421752	0.041229202993641675	8.511602373526145e-05	unsupported	True	0.0041906472801089	0.0041906472801089
DCAF5	chr14:69259853-69260354	3	-8.598184329543744e-05	0.04743676040079687	0	0.04752274224409231	0.053452509848805174	0.00012049932591994771	unsupported	True	0.0034167571613491	0.0034167571613491
DCAF5	chr14:68962113-68962614	4	-0.016062564228608446	0.04580801840458712	5	0.061870582633195566	0.08041285434691336	0.00022790360194111317	unsupported	True	0.0034002941035601	0.0034002941035601
DCAF5	chr14:68979198-68979699	5	-0.0029704641869300907	0.044823636702151136	0	0.047794100889081224	0.06465668215066926	0.00013851436027167445	unsupported	True	0.003241254376076	0.003241254376076
DCAF5	chr14:69011138-69011639	6	-0.011816295378644714	0.0079942878620269	0	0.019810583240671614	0.020409975484421333	3.232358537350035e-06	unsupported	True	0.0026268769198253	0.0026268769198253
DCAF5	chr14:68955534-68956035	7	-0.007919186289042495	0.07162288690655468	2	0.07954207319559717	0.10313415286174421	0.0005875586632872217	unsupported	True	0.0020541492411259	0.0020541492411259
DCAF5	chr14:69048374-69048875	8	-0.008199336809781275	0.034820622594126424	0	0.043019959403907695	0.035918145563619115	5.380472728152554e-05	unsupported	True	0.001844453310219	0.001844453310219
DCAF5	chr14:69287255-69287756	9	0.003949218122702533	0.05250394400503701	5	0.048554725882334476	0.07326482134256045	0.00018677507936747822	unsupported	True	0.0014761273867185	0.0014761273867185
DCAF5	chr14:69260405-69260906	10	-0.0052288923496515574	0.03531493213909018	5	0.040543824488741734	0.037740603205153794	5.403708664207433e-05	unsupported	True	0.0012955205498982	-0.0012955205498982
DCAF5	chr14:69298417-69298918	11	-0.0022185443094526274	0.06635072139915378	2	0.06856926570860641	0.07235352521720899	0.0003291810631670289	unsupported	True	0.0012579204640187	0.0012579204640187
DCAF5	chr14:69079400-69079901	12	-0.002199903790612367	0.0771950494825887	2	0.07939495327320108	0.06831658836159892	0.0004187053571376608	unsupported	True	0.0010116893236194	0.0010116893236194
DCAF5	chr14:69281412-69281913	13	-0.008424259325622307	0.03455138658085616	5	0.04297564590647847	0.062241133055901586	9.241987642304984e-05	unsupported	True	0.0010058666442937	0.0010058666442937
DCAF5	chr14:69191231-69191732	14	-0.0024061507370103075	0.04499411728646229	0	0.0474002680234726	0.0714022857825464	0.00015228202679082003	unsupported	True	0.0009621042496629	0.0009621042496629
DCAF5	chr14:69287976-69288477	15	0.007984040578590444	0.11751943149454894	3	0.10953539091595849	0.13032003387847504	0.0016775494408669525	unsupported	True	0.0007991272607775	-0.0007991272607775
DCAF5	chr14:69038389-69038890	16	-0.0083914403596763	0.05696662301375348	2	0.06535806337342978	0.08740621064501872	0.0003254332645792257	unsupported	True	0.0007457728535199	0.0007457728535199
DCAF5	chr14:69246277-69246778	17	-0.00923128597346348	0.02222150131245096	5	0.03145278728591444	0.036015076652767215	2.5171951039437188e-05	unsupported	True	0.0007196135481329	-0.0007196135481329
DCAF5	chr14:69008491-69008992	18	-0.010605189523385988	0.08750078243844764	2	0.09810597196183363	0.10833402029505165	0.0009299770722117102	unsupported	True	0.0007115483977232	-0.0007115483977232
DCAF5	chr14:68939761-68940262	19	-0.011307145857724264	0.09443156615659715	2	0.10573871201432142	0.12111314020875047	0.0012093234467968543	unsupported	True	0.0006814406938829	-0.0006814406938829
TERF1	chr8:73102031-73102532	0	0.017685170757034383	0.1045570582170179	4	0.08687188745998352	0.10895728321616402	0.0009896665209139454	unsupported	True	0.006941097298202	0.006941097298202
TERF1	chr8:72864545-72865046	1	-0.008172187993455302	0.08457471577346025	5	0.09274690376691555	0.10165302018839005	0.0007973706639743866	unsupported	True	0.0065455805329591	0.0065455805329591
TERF1	chr8:73174242-73174743	2	0.016764012775382184	0.1266082455519231	4	0.10984423277654091	0.13837382909767335	0.0019243905228676819	unsupported	True	0.0040670071698057	0.0040670071698057
TERF1	chr8:72964410-72964911	3	0.011537790122961925	0.07493025300967475	4	0.06339246288671282	0.04409063017478333	0.0002094310789864057	unsupported	True	0.003679293807264	0.003679293807264
TERF1	chr8:73103973-73104474	4	0.009381279372970461	0.09837041906141651	3	0.08898913968844605	0.07966907397265734	0.0006974150240377827	unsupported	True	0.003544605790918	0.003544605790918
TERF1	chr8:73111444-73111945	5	-0.01110007628803306	0.04727663492255343	0	0.05837671121058649	0.03740593232221684	0.00010323492929514672	unsupported	True	0.0035435043757346	0.0035435043757346
TERF1	chr8:72912974-72913475	6	-0.012591794656573858	0.037541596341106764	3	0.05013339099768062	0.04374709228595733	8.233585677966898e-05	unsupported	True	0.0030402542634669	0.0030402542634669
TERF1	chr8:72994812-72995313	7	-0.006614056341311442	0.10536602199672414	5	0.11198007833803558	0.133083573229137	0.0015702391596375336	unsupported	True	0.0025226254665291	0.0025226254665291
TERF1	chr8:72895219-72895720	8	-0.008820892531658377	0.024125115667745355	3	0.03294600819940373	0.030899224364463684	2.4559514895282677e-05	unsupported	True	0.0025003199576382	0.0025003199576382
TERF1	chr8:73092970-73093471	9	0.029976815291463968	0.10849549915037783	4	0.07851868385891386	0.12044403642693464	0.0010260535682329785	unsupported	True	0.0023982006204938	-0.0023982006204938
TERF1	chr8:73008536-73009037	10	0.005578744329533746	0.12921634884804337	4	0.12363760451850962	0.16008829523082888	0.0025575705783852853	unsupported	True	0.001080545979377	-0.001080545979377
TERF1	chr8:72882401-72882902	11	-0.02065765046871245	0.04420103608470178	5	0.06485868655341423	0.07266470005628722	0.00020831669859855862	unsupported	True	0.0008629528219342	0.0008629528219342
TERF1	chr8:72874494-72874995	12	-0.009153850838442274	0.03544771557175719	4	0.04460156641019946	0.053291800837344756	8.425559695073185e-05	unsupported	True	0.0008526235585514	0.0008526235585514
TERF1	chr8:73185918-73186419	13	0.0012272756828396784	0.10255811341150849	5	0.10133083772866881	0.12462280983566294	0.0012951175703082001	unsupported	True	0.0007967200090048	0.0007967200090048
TERF1	chr8:72888575-72889076	14	-0.004552464057359632	0.11568629861868078	5	0.12023876267604042	0.13440872242964277	0.001869622291961503	unsupported	True	0.0007106020284173	0.0007106020284173
TERF1	chr8:73035990-73036491	15	0.02157949909197038	0.06484349532588982	4	0.04326399623391944	0.07694736172780917	0.00021586726197718765	unsupported	True	0.0003405833609265	-0.0003405833609265
TERF1	chr8:72918632-72919133	16	0.021312024928382824	0.1271630337222842	4	0.10585100879390139	0.13336146009965402	0.0017950899824813076	unsupported	True	0.0002804840797169	-0.0002804840797169
TERF1	chr8:72928906-72929407	17	-0.003747716337353872	0.03872242578441969	4	0.04247014212177356	0.03765609441632352	6.192721433124244e-05	unsupported	True	0.0002546022585658	-0.0002546022585658
TERF1	chr8:72905357-72905858	18	-0.007554188339876543	0.03175755618495752	3	0.03931174452483406	0.04400294738700328	5.493525681132614e-05	unsupported	True	0.0002016920874532	0.0002016920874532
TERF1	chr8:72872202-72872703	19	-0.012637698609602769	0.03977728954625801	5	0.05241498815586078	0.055103685627743614	0.00011488711570190895	unsupported	True	0.0001808287813301	0.0001808287813301
SAXO1	chr9:18935577-18936078	0	-0.005749396548234059	0.017448122873478137	1	0.023197519421712196	0.03568822968744714	1.4444924070199902e-05	unsupported	True	0.0084081760877545	0.0084081760877545
SAXO1	chr9:19155318-19155819	1	0.00913278745443877	0.06227905548167678	1	0.053146268027238014	0.0810256887675559	0.0002681868766197868	unsupported	True	0.0075041039546946	0.0075041039546946
SAXO1	chr9:18850639-18851140	2	0.04897654622714497	0.25489066441874547	3	0.2059141181916005	0.2737227265680387	0.014366497814672287	regional_candidate	True	0.0042783299792491	0.0042783299792491
SAXO1	chr9:19115460-19115961	3	-0.006850290706478578	0.027839521007527943	1	0.03468981171400652	0.039101578188160784	3.7762260842260255e-05	unsupported	True	0.0032476480036447	0.0032476480036447
SAXO1	chr9:19013092-19013593	4	0.002035488368665415	0.05366213838412019	1	0.05162665001545478	0.06447426848753894	0.00017861928372429095	unsupported	True	0.003068059851282	0.003068059851282
SAXO1	chr9:18761765-18762266	5	0.0108808110906939	0.07659233695881598	3	0.06571152586812208	0.09770698052643036	0.0004917591676596234	unsupported	True	0.0028140789659114	0.0028140789659114
SAXO1	chr9:19028816-19029317	6	-0.0003386748468857465	0.03327284058356448	1	0.033611515430450226	0.045752473739735636	5.1167306215343955e-05	unsupported	True	0.0022766468834069	0.0022766468834069
SAXO1	chr9:18980295-18980796	7	0.005610555405563847	0.0981632020757663	5	0.09255264667020245	0.11264367265167222	0.0010233975217377683	unsupported	True	0.0021160607719135	0.0021160607719135
SAXO1	chr9:18846947-18847448	8	-0.0013699409565525668	0.061527275201797085	1	0.06289721615834966	0.08582337168799647	0.0003321273793053591	unsupported	True	0.0020892844318857	0.0020892844318857
SAXO1	chr9:19129721-19130222	9	0.048170762023832005	0.2555870605414898	3	0.20741629851765778	0.2711414510781693	0.014374000609588475	regional_candidate	True	0.0019753827936893	0.0019753827936893
SAXO1	chr9:19171963-19172464	10	-0.002882584646273926	0.04017493353451812	3	0.043057518180792044	0.053464270082253705	9.248425502415036e-05	unsupported	True	0.0012883465368556	-0.0012883465368556
SAXO1	chr9:18977126-18977627	11	0.01093750488376441	0.05590139757063251	2	0.0449638926868681	0.06925957400283547	0.00017408701724938114	unsupported	True	0.0010748487938354	0.0010748487938354
SAXO1	chr9:18770002-18770503	12	-0.01003349142901126	0.04933153328639162	1	0.059365024715402885	0.07497362377853425	0.00021956533240960932	unsupported	True	0.0009272682208847	0.0009272682208847
SAXO1	chr9:18849980-18850481	13	-7.800373199774723e-05	0.06642296765640658	5	0.06650097138840433	0.08348023960570324	0.00036874823582984026	unsupported	True	0.0005461839803149	0.0005461839803149
SAXO1	chr9:18969085-18969586	14	-0.00954335965188586	0.06300538660105456	1	0.07254874625294043	0.0858471456471204	0.0003924040238288414	unsupported	True	0.0005114353154701	-0.0005114353154701
SAXO1	chr9:18820309-18820810	15	0.007734828552013799	0.03484141786540632	1	0.027106589313392524	0.04060586888267772	3.8349482170694425e-05	unsupported	True	0.0005100298351818	-0.0005100298351818
SAXO1	chr9:19102751-19103252	16	0.008885532318097168	0.060650347099631595	1	0.05176481478153443	0.061557404249997984	0.00019326279376074697	unsupported	True	0.000465400974773	0.000465400974773
SAXO1	chr9:19102159-19102660	17	-0.011135968711545374	0.04146042821339225	1	0.05259639692493762	0.06494715241946945	0.00014162825094638174	unsupported	True	0.0004567589194713	-0.0004567589194713
SAXO1	chr9:18831157-18831658	18	0.016292452380598156	0.10671290171754645	1	0.09042044933694829	0.1090265461371609	0.0010520002534798165	unsupported	True	0.000418798589044	0.000418798589044
SAXO1	chr9:18855560-18856061	19	-0.002581895741076818	0.0416748266604448	3	0.04425672240152162	0.058678181104093036	0.0001082255228931742	unsupported	True	0.0003670416144495	-0.0003670416144495
PPA1	chr10:70381752-70382253	0	-0.017854952798789573	0.028435825985421208	0	0.046290778784210784	0.039798983244267463	5.2388059531072394e-05	unsupported	True	0.0060387832358394	-0.0060387832358394
PPA1	chr10:70255174-70255675	1	0.024483306350633262	0.05958277877478755	2	0.03509947242415429	0.05962038699991031	0.00012468555221763496	unsupported	True	0.0056589508165564	0.0056589508165564
PPA1	chr10:70094168-70094669	2	-0.00011363542974950221	0.03558119416828547	3	0.03569482959803497	0.06627796040822122	8.417729543240222e-05	unsupported	True	0.0047970680047185	0.0047970680047185
PPA1	chr10:70052532-70053033	3	-0.0013413523516311546	0.05901286615658772	0	0.06035421850821887	0.0738388082642628	0.0002629898683491211	unsupported	True	0.0040559614671809	0.0040559614671809
PPA1	chr10:70145488-70145989	4	-0.015153265416200287	0.033976055131350526	0	0.049129320547550814	0.044099268728482334	7.361140355047069e-05	unsupported	True	0.0033564284788967	0.0033564284788967
PPA1	chr10:70273182-70273683	5	-0.032654890463388785	0.032499026065058036	2	0.06515391652844682	0.05270394253579216	0.00011159737449835757	unsupported	True	0.0026551051455166	-0.0026551051455166
PPA1	chr10:70363737-70364238	6	-0.03848122308415474	0.00016419469956074093	2	0.03864541778371548	0.046363786000672556	2.9419550485024677e-07	unsupported	True	0.0021064001127064	-0.0021064001127064
PPA1	chr10:70233215-70233716	7	0.0047310179107713105	0.05766558777773616	0	0.05293456986696485	0.05509927237385585	0.00016819069891017347	unsupported	True	0.0018542024718706	0.0018542024718706
PPA1	chr10:70255825-70256326	8	-0.027671588081282415	0.010534671450420802	0	0.038206259531703216	0.03449843468060818	1.3885288481287191e-05	unsupported	True	0.001557777718965	-0.001557777718965
PPA1	chr10:70337051-70337552	9	-0.004345053300189554	0.04875759378422559	0	0.053102647084415144	0.038206879256042624	9.892362016059374e-05	unsupported	True	0.0015504152175282	-0.0015504152175282
PPA1	chr10:70085692-70086193	10	0.016944548773779336	0.050783042204152654	3	0.03383849343037332	0.03730399992203114	6.410400072456136e-05	unsupported	True	0.0014173335924347	0.0014173335924347
PPA1	chr10:70104913-70105414	11	0.018120467896803934	0.04791734048827513	3	0.029796872591471197	0.04388557687370719	6.265925129628535e-05	unsupported	True	0.0013381251163418	0.0013381251163418
PPA1	chr10:70274630-70275131	12	-0.014302568734913743	0.04296495846417775	0	0.05726752719909149	0.05463996733084645	0.00013444147173379667	unsupported	True	0.0011623919585628	-0.0011623919585628
PPA1	chr10:70107171-70107672	13	0.011175911842885543	0.055345175281543785	0	0.04416926343865824	0.047862558827065235	0.00011700268750663408	unsupported	True	0.001123841762383	0.001123841762383
PPA1	chr10:70283690-70284191	14	-0.02939216036227395	0.023499156326294714	0	0.05289131668856867	0.039122466270074284	4.862536493619012e-05	unsupported	True	0.0011040769079351	-0.0011040769079351
PPA1	chr10:70170335-70170836	15	-0.009562264448627044	0.046618108693105974	0	0.05618037314173302	0.06793076577202632	0.0001779122204072021	unsupported	True	0.0010444180587298	-0.0010444180587298
PPA1	chr10:70382484-70382985	16	-0.0066622167345386845	0.05174116583590731	0	0.05840338257044599	0.06660717212567632	0.00020127748941009115	unsupported	True	0.001009691843043	0.001009691843043
PPA1	chr10:70221462-70221963	17	0.00302247194826838	0.04356774148391202	0	0.04054526953564364	0.04401035339132214	7.77427850589835e-05	unsupported	True	0.0009469637272202	0.0009469637272202
PPA1	chr10:70157972-70158473	18	0.010158360127542801	0.06463132035214697	0	0.05447296022460417	0.07570320942430955	0.00026652521154010617	unsupported	True	0.0008073447728364	0.0008073447728364
PPA1	chr10:70061568-70062069	19	0.005340376969013251	0.0589799352969846	0	0.05363955832797135	0.054208736546738794	0.0001714978856743908	unsupported	True	0.0007564868875361	0.0007564868875361
CORO6	chr17:29470671-29471172	0	-0.007543201687267183	0.035316978186682994	5	0.042860179873950174	0.06264412439409846	9.482391230313359e-05	unsupported	True	0.0105465036385817	0.0105465036385817
CORO6	chr17:29622678-29623179	1	-0.015837689803458486	0.039274996073709816	2	0.055112685877168305	0.0788017852119035	0.00017057044527062272	unsupported	True	0.0097100322683249	0.0097100322683249
CORO6	chr17:29750097-29750598	2	-0.008561295855777458	0.0117465512969419	3	0.02030784715271936	0.029404371439805656	7.014329542897357e-06	unsupported	True	0.0058192139212563	0.0058192139212563
CORO6	chr17:29591555-29592056	3	-0.016167914505863294	0.028662420444368467	3	0.04483033495023176	0.0729412139953247	9.372551452118056e-05	unsupported	True	0.0033442767544265	-0.0033442767544265
CORO6	chr17:29572734-29573235	4	-0.013652542101665034	0.07077443840081335	2	0.08442698050247838	0.1116532933451986	0.0006671588120531585	unsupported	True	0.0029865421432148	0.0029865421432148
CORO6	chr17:29617017-29617518	5	-0.01361892593924701	0.03369226186691272	3	0.047311187806159734	0.07120273231175211	0.00011349864549266419	unsupported	True	0.0021226273670226	0.0021226273670226
CORO6	chr17:29580258-29580759	6	-0.018210326979989793	0.031523242756683355	3	0.049733569736673144	0.07462573088166527	0.00011699548897495069	unsupported	True	0.0015845441022868	-0.0015845441022868
CORO6	chr17:29568381-29568882	7	-0.016439236106898392	0.04785587379995895	3	0.06429510990685734	0.07890635711526219	0.00024278686491980935	unsupported	True	0.0010929988951792	-0.0010929988951792
CORO6	chr17:29642252-29642753	8	-0.010722642833189295	0.02966221392324538	3	0.040384856756434676	0.04975174803216433	5.959783092853401e-05	unsupported	True	0.0010409384874276	0.0010409384874276
CORO6	chr17:29566831-29567332	9	-0.015018489344750465	0.03374477824688174	3	0.04876326759163221	0.07003807608102464	0.00011524805000962085	unsupported	True	0.0009153096731076	0.0009153096731076
CORO6	chr17:29615441-29615942	10	-0.013514791544424283	0.030922980851188674	3	0.04443777239561296	0.07248389295776535	9.960362443620736e-05	unsupported	True	0.0007961198207481	-0.0007961198207481
CORO6	chr17:29562011-29562512	11	-0.004733371472510775	0.02222363711333014	5	0.026957008585840915	0.05512434180362853	3.302404373894534e-05	unsupported	True	0.0007529469906864	0.0007529469906864
CORO6	chr17:29592856-29593357	12	-0.017888147870722373	0.018268469046781324	5	0.0361566169175037	0.04996735842139292	3.300474123712876e-05	unsupported	True	0.0005544999101684	-0.0005544999101684
CORO6	chr17:29613286-29613787	13	-0.01439125628292185	0.015147118336124355	3	0.029538374619046206	0.044992394110032606	2.013055347467515e-05	unsupported	True	0.0005397345428407	-0.0005397345428407
CORO6	chr17:29639462-29639963	14	-0.018432227577390478	0.04412287730873694	3	0.06255510488612742	0.07179816594952987	0.0001981709232637935	unsupported	True	0.0005122993097735	-0.0005122993097735
CORO6	chr17:29652367-29652868	15	-0.0169743367893927	0.06178463967453451	3	0.07875897646392721	0.09581167888848316	0.00046622872985230404	unsupported	True	0.0004703379768064	0.0004703379768064
CORO6	chr17:29536816-29537317	16	-0.005360258571806868	0.058782747087792485	5	0.06414300565959935	0.09008001479205384	0.0003396468830623172	unsupported	True	0.0003984666115385	0.0003984666115385
CORO6	chr17:29553698-29554199	17	0.00598367968431369	0.04444809415442951	5	0.038464414470115824	0.06797841651236497	0.00011622065364597306	unsupported	True	0.0003960620767854	0.0003960620767854
CORO6	chr17:29530518-29531019	18	-0.013889148843956232	0.03898911367914272	5	0.05287826252309895	0.05576694990578757	0.00011497341504222	unsupported	True	0.0003833396257942	0.0003833396257942
CORO6	chr17:29577833-29578334	19	-0.014756544477021018	0.03496137812528065	3	0.049717922602301665	0.06382615403169119	0.0001109430735739821	unsupported	True	0.0003654768137529	-0.0003654768137529
TM9SF3	chr10:96673484-96673985	0	-0.005511062158060162	0.031023555878511452	1	0.03653461803657161	0.03895794567552068	4.4156251010854716e-05	unsupported	True	0.0098739134126546	0.0098739134126546
TM9SF3	chr10:96420597-96421098	1	-0.011067187270377955	0.004675104019626511	3	0.015742291290004467	0.0375093845799321	2.760572523816068e-06	unsupported	True	0.007277237503947	0.007277237503947
TM9SF3	chr10:96375224-96375725	2	0.025592429927233793	0.04029959033710103	0	0.014707160409867238	0.019570363484503424	1.1599208433344965e-05	unsupported	True	0.0059010325822884	0.0059010325822884
TM9SF3	chr10:96502942-96503443	3	-7.978188559214846e-05	0.03375541852116977	0	0.03383520040676192	0.0352528061675158	4.026298258817886e-05	unsupported	True	0.0027788940420057	0.0027788940420057
TM9SF3	chr10:96421792-96422293	4	0.02447124539065058	0.060213493253413124	0	0.03574224786276255	0.061271939332182626	0.00013186736010948157	unsupported	True	0.0022210449084581	0.0022210449084581
TM9SF3	chr10:96586041-96586542	5	0.008113646182304472	0.02351383613191328	1	0.015400189949608806	0.03349488563865087	1.2129085686362093e-05	unsupported	True	0.0019265645090657	0.0019265645090657
TM9SF3	chr10:96413230-96413731	6	0.00308840584418858	0.043932780592609605	3	0.04084437474842102	0.05329757044958623	9.563753106015057e-05	unsupported	True	0.0018395911768778	-0.0018395911768778
TM9SF3	chr10:96732186-96732687	7	-0.001193336163659857	0.019646821184781713	1	0.02084015734844157	0.026554426883818972	1.0872520087669175e-05	unsupported	True	0.0016249577509014	0.0016249577509014
TM9SF3	chr10:96499293-96499794	8	0.027231186605616013	0.0813092431599719	4	0.05407805655435589	0.05359543387402381	0.00023566158009455618	unsupported	True	0.0015112768502086	0.0015112768502086
TM9SF3	chr10:96441115-96441616	9	0.01177336779756695	0.06709248845507274	0	0.055319120657505785	0.06708409511811657	0.0002489824489095477	unsupported	True	0.0012500618512932	0.0012500618512932
TM9SF3	chr10:96627634-96628135	10	-0.009309008479303016	0.03278482993828595	0	0.042093838417588965	0.038777229506150424	5.351410198088293e-05	unsupported	True	0.0011839500051624	-0.0011839500051624
TM9SF3	chr10:96667348-96667849	11	0.02409769580003012	0.07643127980088621	3	0.05233358400085609	0.06048901847321001	0.00024195140424662778	unsupported	True	0.0010406617853486	0.0010406617853486
TM9SF3	chr10:96400916-96401417	12	0.013142849396095476	0.08376679903973024	3	0.07062394964363476	0.08703589742847795	0.0005148993382674664	unsupported	True	0.0009653773327263	-0.0009653773327263
TM9SF3	chr10:96586804-96587305	13	0.011525312943954119	0.03627997638787122	3	0.0247546634439171	0.041444730924124706	3.722145503729674e-05	unsupported	True	0.0009589493762448	-0.0009589493762448
TM9SF3	chr10:96574982-96575483	14	0.023768518086916674	0.08267603043544726	0	0.05890751234853059	0.06091352019846597	0.0002966634189853331	unsupported	True	0.0009411169253388	0.0009411169253388
TM9SF3	chr10:96555955-96556456	15	0.02686646170395943	0.09163656813322696	0	0.06477010642926753	0.09248913568668121	0.0005489517169787528	unsupported	True	0.0007669849011254	0.0007669849011254
TM9SF3	chr10:96720236-96720737	16	0.017110352790620467	0.04242037451941432	3	0.025310021728793854	0.04075432433519361	4.3756312352142604e-05	unsupported	True	0.0007262259703616	-0.0007262259703616
TM9SF3	chr10:96640839-96641340	17	-0.003550862655993174	0.01945880939556418	0	0.023009672051557354	0.024256785088123928	1.0860752911551836e-05	unsupported	True	0.0006704308173071	0.0006704308173071
TM9SF3	chr10:96714884-96715385	18	0.005863664673999521	0.028218778289922128	1	0.022355113615922607	0.0493611227120169	3.113867422693838e-05	unsupported	True	0.0004608104500556	0.0004608104500556
TM9SF3	chr10:96390273-96390774	19	-0.0035353926843793683	0.01763344568224479	1	0.021168838366624157	0.039692369326943464	1.481635021702279e-05	unsupported	True	0.0003942636473963	-0.0003942636473963
NBDY	chrX:56728986-56729487	0	0.0012128302034035065	0.08214512943802509	5	0.08093229923462159	0.10065782975881837	0.0006691927996192562	unsupported	True	0.0148569633476293	0.0148569633476293
NBDY	chrX:56618375-56618876	1	0.005328167059522701	0.044697211207020526	5	0.039369044147497825	0.02244874979464214	3.950276153525157e-05	unsupported	True	0.0113244124719209	0.0113244124719209
NBDY	chrX:56733419-56733920	2	0.0017867264022024217	0.06854479642938105	5	0.06675807002717862	0.08212142238458146	0.00037578092115663674	unsupported	True	0.0039045730390852	-0.0039045730390852
NBDY	chrX:56801355-56801856	3	0.0013528158753642646	0.02608778227809771	5	0.024734966402733444	0.019162864246374773	1.2365421054246612e-05	unsupported	True	0.0026570957151815	-0.0026570957151815
NBDY	chrX:56788772-56789273	4	0.007981154450244695	0.06315564769288316	5	0.05517449324263847	0.06879885140962466	0.00023973516059630785	unsupported	True	0.0026035173816602	-0.0026035173816602
NBDY	chrX:56788119-56788620	5	0.0043839280281402155	0.08319130577547228	5	0.07880737774733206	0.08385033155721999	0.0005497302078210807	unsupported	True	0.002254819871766	-0.002254819871766
NBDY	chrX:56730022-56730523	6	-0.011906721165458642	0.0420742470191869	5	0.05398096818464554	0.06813716589024416	0.00015475371645016513	unsupported	True	0.0021629631489027	0.0021629631489027
NBDY	chrX:56804221-56804722	7	0.00488669553007675	0.06046885984802174	5	0.05558216431794499	0.0549696122798903	0.00018475232290395655	unsupported	True	0.0018389658175523	-0.0018389658175523
NBDY	chrX:56798089-56798590	8	-0.0005207241279044579	0.03181040446290479	5	0.03233112859080925	0.035025082609393195	3.602211632045944e-05	unsupported	True	0.0014362978584925	-0.0014362978584925
NBDY	chrX:56803469-56803970	9	0.005581751749028028	0.07997577877675492	5	0.07439402702772689	0.09169973045799196	0.0005455877430311826	unsupported	True	0.0012633052120971	-0.0012633052120971
FOXM1	chr12:2853558-2854059	0	-0.018354867995532716	0.004679799458087361	5	0.023034667453620077	0.026689047372787676	2.8770159007272238e-06	unsupported	True	0.0063230700461801	0.0063230700461801
FOXM1	chr12:2812347-2812848	1	-0.012903087622986097	0.04450252497065598	5	0.057405612593642075	0.06120744388576748	0.00015636633297932325	unsupported	True	0.0052718440176962	-0.0052718440176962
FOXM1	chr12:2845898-2846399	2	-0.010527634227452693	0.07231689798240558	2	0.08284453220985827	0.09557582831719666	0.0005726004822595478	unsupported	True	0.0047347332823095	0.0047347332823095
FOXM1	chr12:2902187-2902688	3	-0.004213645608270043	0.07524517560868951	5	0.07945882121695956	0.09736504250474673	0.000582135166804888	unsupported	True	0.00415962556505	0.00415962556505
FOXM1	chr12:2834836-2835337	4	-0.00968842030404418	0.07247956584905048	2	0.08216798615309466	0.08644691052822083	0.0005148345724580834	unsupported	True	0.003799629899086	0.003799629899086
FOXM1	chr12:2891204-2891705	5	-0.01084382197535006	0.0479432522414426	2	0.05878707421679266	0.07469624181885895	0.00021052713929878072	unsupported	True	0.0034553577646905	0.0034553577646905
FOXM1	chr12:2752561-2753062	6	-0.014724191095596867	0.007735819155239494	2	0.02246001025083636	0.023276932073770476	4.044287283106395e-06	unsupported	True	0.0030767445442012	0.0030767445442012
FOXM1	chr12:2890530-2891031	7	-0.014235693856437557	0.03609700610154756	5	0.050332699957985116	0.053468688510763474	9.714510951038803e-05	unsupported	True	0.0027873908867771	-0.0027873908867771
FOXM1	chr12:2794113-2794614	8	-0.015196744485726622	0.05486060697114542	5	0.07005735145687204	0.07687120798858921	0.00029544594164880415	unsupported	True	0.0015531666601041	-0.0015531666601041
FOXM1	chr12:2783960-2784461	9	-0.016734225125175084	0.04078818748002906	5	0.057522412605204146	0.06005395134403049	0.00014090067950762387	unsupported	True	0.001397065502758	-0.001397065502758
FOXM1	chr12:2813323-2813824	10	-0.018891828920977936	0.027243526629000023	5	0.046135355549977955	0.045541330929698934	5.724043375306647e-05	unsupported	True	0.001254561374859	-0.001254561374859
FOXM1	chr12:2841010-2841511	11	-0.006189413402322448	0.06279783011340356	2	0.06898724351572601	0.07524172205174225	0.00032596589003681226	unsupported	True	0.0010919154233957	0.0010919154233957
FOXM1	chr12:2739778-2740279	12	-0.007780976555221791	0.0545009903190142	5	0.062281966874236	0.07801986474029723	0.00026483288159366087	unsupported	True	0.0010093219240375	-0.0010093219240375
FOXM1	chr12:2794678-2795179	13	-0.013771344611195686	0.044350105446339126	5	0.058121450057534815	0.06645444073160638	0.0001712991093949428	unsupported	True	0.0010024285799146	-0.0010024285799146
FOXM1	chr12:2944561-2945062	14	-0.015989933424322464	0.03759763289644722	5	0.053587566320769685	0.052875583184768926	0.00010653190853098792	unsupported	True	0.0007489721934967	0.0007489721934967
FOXM1	chr12:2795663-2796164	15	-0.011785359865383862	0.03924800596389279	2	0.05103336582927665	0.05303443669860243	0.00010622574111619425	unsupported	True	0.0006890211223581	0.0006890211223581
FOXM1	chr12:2806218-2806719	16	-0.002562909479243268	0.050461261784524224	2	0.05302417126376749	0.07422735343724253	0.00019860764943706338	unsupported	True	0.000603314201622	-0.000603314201622
FOXM1	chr12:2845268-2845769	17	-0.013709381702422967	0.05064690922207735	2	0.06435629092450032	0.06953240463475115	0.0002266372032872272	unsupported	True	0.0005157211029088	0.0005157211029088
FOXM1	chr12:2877554-2878055	18	-0.004365206502883176	0.0504442568813302	5	0.05480946338421338	0.05478731408068983	0.00015147720692931452	unsupported	True	0.0005041610083082	0.0005041610083082
FOXM1	chr12:2964102-2964603	19	-0.02391118261155736	0.04593603900018371	2	0.06984722161174108	0.0796762504470469	0.0002556416237199314	unsupported	True	0.000323313695218	0.000323313695218
PLXDC1	chr17:38922955-38923456	0	-0.015251443954884937	0.025279993766573177	2	0.04053143772145811	0.045201585153916465	4.631510328466114e-05	unsupported	True	0.0066252941921674	-0.0066252941921674
PLXDC1	chr17:39209672-39210173	1	-0.006979030812390111	0.045733864043599394	4	0.052712894855989505	0.05368400792284589	0.00012941949336141322	unsupported	True	0.0050538495601393	0.0050538495601393
PLXDC1	chr17:38967271-38967772	2	-0.0068180732764075045	0.04024833546809619	5	0.04706640874450369	0.04270937272443923	8.090626994985433e-05	unsupported	True	0.0037574550498921	0.0037574550498921
PLXDC1	chr17:39151309-39151810	3	-0.010740609690037508	0.02823750563160808	5	0.03897811532164559	0.040045685961491724	4.4076074049883354e-05	unsupported	True	0.0036897399096103	0.0036897399096103
PLXDC1	chr17:39152790-39153291	4	-0.013849375614828635	0.02768065700511298	5	0.04153003261994161	0.041608496833480696	4.78322370537706e-05	unsupported	True	0.00342140359725	0.00342140359725
PLXDC1	chr17:39164753-39165254	5	-0.006944204670039126	0.022247431878191462	5	0.029191636548230586	0.022705738341423864	1.4745990765700176e-05	unsupported	True	0.0033845685864042	0.0033845685864042
PLXDC1	chr17:39154233-39154734	6	-0.01322687259770111	0.032542465957468444	5	0.045769338555169556	0.03694408708689877	5.5026264919005906e-05	unsupported	True	0.0021323186323506	0.0021323186323506
PLXDC1	chr17:39167356-39167857	7	0.004292491456031844	0.04698233985018579	4	0.04268984839415394	0.05589712977087304	0.00011211113843677047	unsupported	True	0.0020873315689812	0.0020873315689812
PLXDC1	chr17:39239534-39240035	8	-0.008778703901239589	0.030100801002412886	5	0.038879504903652475	0.06405016945287693	7.495818489476871e-05	unsupported	True	0.0019876525192964	0.0019876525192964
PLXDC1	chr17:39069338-39069839	9	-0.003474839306358458	0.03247466165833279	4	0.03594950096469125	0.03235020045498597	3.776717295861973e-05	unsupported	True	0.0016655140973534	0.0016655140973534
PLXDC1	chr17:38925279-38925780	10	-0.008441981403546796	0.04472900974332223	5	0.053170991146869025	0.04585360894020231	0.00010905298615324594	unsupported	True	0.0016336582934524	0.0016336582934524
PLXDC1	chr17:38983074-38983575	11	-0.007835057088779962	0.05999359051940442	5	0.06782864760818438	0.07117278571888797	0.00028962228599673927	unsupported	True	0.0014094413453558	0.0014094413453558
PLXDC1	chr17:39013960-39014461	12	0.013417151628864265	0.059746830645096685	5	0.04632967901623242	0.04760490187377293	0.000131772819373749	unsupported	True	0.001054536501723	0.001054536501723
PLXDC1	chr17:39014472-39014973	13	0.0063536489331627805	0.02837343617659018	0	0.0220197872434274	0.012035249193576104	7.5193472220827235e-06	unsupported	True	0.0010084829837638	0.0010084829837638
PLXDC1	chr17:39197466-39197967	14	-0.017082901971208358	0.03748123160257302	5	0.054564133573781384	0.057700737204252395	0.00011800556220592737	unsupported	True	0.0009815888417558	-0.0009815888417558
PLXDC1	chr17:39183718-39184219	15	-0.012078230739957056	0.03097442923983963	5	0.04305265997979668	0.05020941308465361	6.695583746613851e-05	unsupported	True	0.000976528013774	0.000976528013774
PLXDC1	chr17:39195044-39195545	16	-0.01769915795830738	0.03389357350114852	2	0.05159273145945591	0.053559014111074506	9.365661465338082e-05	unsupported	True	0.0009446950459018	-0.0009446950459018
PLXDC1	chr17:39056733-39057234	17	-0.010073324437708905	0.040011857256439506	5	0.05008518169414841	0.04778309191687787	9.575737070325288e-05	unsupported	True	0.0009386319864264	-0.0009386319864264
PLXDC1	chr17:39165896-39166397	18	-0.006701161853942488	0.021178510640445344	2	0.02787967249438783	0.027210755734044637	1.6066589106154546e-05	unsupported	True	0.0008409000682756	-0.0008409000682756
PLXDC1	chr17:39199765-39200266	19	-0.018850260580752152	0.03537563693435482	5	0.054225897515106966	0.04949107579895017	9.493752623754586e-05	unsupported	True	0.0007073698836815	-0.0007073698836815
PLSCR5	chr3:146611029-146611530	0	-0.013374788678313255	0.016052188169350747	1	0.029426976847664002	0.03882213396899365	1.8338309305729266e-05	unsupported	True	0.0129459311893378	0.0129459311893378
PLSCR5	chr3:146598503-146599004	1	-0.009758808668883932	0.006442105397539781	0	0.01620091406642371	0.020684610356267917	2.1588113299396584e-06	unsupported	True	0.0126093406777948	0.0126093406777948
PLSCR5	chr3:146747846-146748347	2	-0.003788981624710006	0.028935878712313238	2	0.032724860337023244	0.045263134689259826	4.2860684712892e-05	unsupported	True	0.0037744113484446	0.0037744113484446
PLSCR5	chr3:146469237-146469738	3	-0.01657167698685175	0.018654758969917876	4	0.03522643595676962	0.034326150276687895	2.2557109464896953e-05	unsupported	True	0.003271601470067	0.003271601470067
PLSCR5	chr3:146640755-146641256	4	-0.016479542083597466	0.004320170737293434	2	0.0207997128208909	0.020386859062714435	1.8319287153024266e-06	unsupported	True	0.0027498279500866	0.0027498279500866
PLSCR5	chr3:146681880-146682381	5	-0.009008812159626364	0.007854430373775765	1	0.01686324253340213	0.021115820021869326	2.7968149482009015e-06	unsupported	True	0.0026724093801798	0.0026724093801798
PLSCR5	chr3:146544497-146544998	6	-0.011942658876828143	0.039381510445156365	4	0.05132416932198451	0.06652750094551381	0.00013446693568326624	unsupported	True	0.0019382925984745	0.0019382925984745
PLSCR5	chr3:146577594-146578095	7	-0.010931421590095957	0.029439351481582967	1	0.040370773071678925	0.03971884875613032	4.7205429854653275e-05	unsupported	True	0.0012756650210322	0.0012756650210322
PLSCR5	chr3:146629089-146629590	8	-0.01102870676276665	-0.003946799728830896	2	0.007081907033935754	0.013397075001454595	0.0	unsupported	True	0.0012346422068627	0.0012346422068627
PLSCR5	chr3:146551314-146551815	9	-0.015582271166582281	0.005094258436606015	4	0.020676529603188297	0.021740003135346846	2.2899089962117243e-06	unsupported	True	0.0007030714480518	-0.0007030714480518
PLSCR5	chr3:146459795-146460296	10	-0.010466965382286964	0.03115716262632243	4	0.041624128008609394	0.04268856817196628	5.536236546036948e-05	unsupported	True	0.0004168408179511	-0.0004168408179511
PLSCR5	chr3:146724397-146724898	11	-0.007359728600280797	0.005923612187311327	2	0.013283340787592125	0.022573666395717347	1.776217052816854e-06	unsupported	True	0.000275052593835	-0.000275052593835
PLSCR5	chr3:146589861-146590362	12	-0.0008395261430256547	0.040909293078469564	1	0.04174881922149522	0.049580812346643514	8.467979731325914e-05	unsupported	True	0.0001683952699978	0.0001683952699978
PLSCR5	chr3:146646206-146646707	13	-0.0050666039781471425	0.033627725332075205	2	0.03869432931022235	0.046463823919900143	6.0458833526982275e-05	unsupported	True	0.0001094163618774	-0.0001094163618774
PLSCR5	chr3:146655317-146655818	14	-0.0074350592092228334	0.0087192197912915	2	0.016154279000514332	0.018930516012881503	2.6664144665013115e-06	unsupported	True	3.378285686524775e-05	-3.378285686524775e-05
PLSCR5	chr3:146709419-146709920	15	-0.016212448073692244	-0.004698851227410507	0	0.011513596846281737	0.020080565176413708	0.0	unsupported	True	3.314082767053178e-05	-3.314082767053178e-05
PLSCR5	chr3:146680511-146681012	16	-0.0074230125931155685	0.01992834467828126	1	0.02735135727139683	0.030953232153253938	1.6871593906030266e-05	unsupported	True	2.845411280569153e-05	-2.845411280569153e-05
PLSCR5	chr3:146750037-146750538	17	-0.012995905162167089	0.015911971664616355	4	0.028907876826783446	0.04113929723688588	1.8923308121502456e-05	unsupported	True	2.4589594918111896e-05	2.4589594918111896e-05
PLSCR5	chr3:146512670-146513171	18	-0.007087256743975161	0.057301856353446	4	0.06438911309742117	0.07192034435209024	0.00026535843234939054	unsupported	True	1.8068429384804636e-05	-1.8068429384804636e-05
PLSCR5	chr3:146550436-146550937	19	-0.015791486254154802	0.0049094223015998745	0	0.020700908555754675	0.029239037930172136	2.971548867515911e-06	unsupported	True	1.3486530553125184e-05	-1.3486530553125184e-05
MOV10L1	chr22:50244788-50245289	0	-0.025633479850597215	0.0	1	0.025633479850597215	0.016791414719342146	0.0	unsupported	True	0.0055756980456535	0.0055756980456535
MOV10L1	chr22:50169747-50170248	1	-0.02871035787873558	0.0	1	0.02871035787873558	0.03551410191989721	0.0	unsupported	True	0.0044409688583214	0.0044409688583214
MOV10L1	chr22:50014892-50015393	2	-0.028170662878299134	0.0	1	0.028170662878299134	0.04124224833492929	0.0	unsupported	True	0.0043837164638817	0.0043837164638817
MOV10L1	chr22:50089630-50090131	3	-0.016390320143568053	0.0	1	0.016390320143568053	0.021378845659543767	0.0	unsupported	True	0.0042264883393108	0.0042264883393108
MOV10L1	chr22:49970690-49971191	4	-0.021835391634818554	0.0	1	0.021835391634818554	0.030782599632057525	0.0	unsupported	True	0.0026999464385845	0.0026999464385845
MOV10L1	chr22:50260925-50261426	5	-0.027490156119697774	0.0	1	0.027490156119697774	0.03131779793632182	0.0	unsupported	True	0.0026436089833171	0.0026436089833171
MOV10L1	chr22:50307413-50307914	6	-0.02524074422700483	0.0036320836250125985	3	0.02887282785201743	0.02800045780336569	2.9363667161391793e-06	unsupported	True	0.002388770623399	-0.002388770623399
MOV10L1	chr22:50171113-50171614	7	-0.01882148782049238	0.0008737736296086866	0	0.019695261450101066	0.0064241723598444	1.1055486751046879e-07	unsupported	True	0.0023385914598732	0.0023385914598732
MOV10L1	chr22:49999451-49999952	8	-0.01742368729132382	0.0	1	0.01742368729132382	0.02135833639231459	0.0	unsupported	True	0.0021080409737858	0.0021080409737858
MOV10L1	chr22:50267532-50268033	9	-0.023657938210202154	0.0	1	0.023657938210202154	0.03823681562006774	0.0	unsupported	True	0.0016764645483352	0.0016764645483352
MOV10L1	chr22:49961966-49962467	10	-0.017955450364534806	0.006156392133624856	3	0.02411184249815966	0.00835689358261265	1.2405136418790697e-06	unsupported	True	0.00157051351682	0.00157051351682
MOV10L1	chr22:50270150-50270651	11	-0.0278083057814622	0.004318285859319318	0	0.032126591640781514	0.01668256033175221	2.3144017300427006e-06	unsupported	True	0.0014686880515854	-0.0014686880515854
MOV10L1	chr22:49998898-49999399	12	-0.014428034724840399	0.0	1	0.014428034724840399	0.02517263506824672	0.0	unsupported	True	0.0014035327185398	0.0014035327185398
MOV10L1	chr22:50200697-50201198	13	-0.025663750127690677	0.0	1	0.025663750127690677	0.0154083659742252	0.0	unsupported	True	0.0013661109975256	0.0013661109975256
MOV10L1	chr22:50170461-50170962	14	-0.025990626518666952	0.0	1	0.025990626518666952	0.018027059038628977	0.0	unsupported	True	0.0013453165304388	0.0013453165304388
MOV10L1	chr22:50261520-50262021	15	-0.03266180936120635	0.0	1	0.03266180936120635	0.029680788562910166	0.0	unsupported	True	0.0010234884541846	0.0010234884541846
MOV10L1	chr22:50030193-50030694	16	-0.022057150262160766	0.0	1	0.022057150262160766	0.02691505686838322	0.0	unsupported	True	0.0009749826977901	0.0009749826977901
MOV10L1	chr22:49960185-49960686	17	-0.023202622842573663	0.0012145968369114747	3	0.02441721967948514	0.024485831690066993	7.261782151576238e-07	unsupported	True	0.0009442872242698	0.0009442872242698
MOV10L1	chr22:49971263-49971764	18	-0.019127730800233868	0.0	1	0.019127730800233868	0.017587739127776794	0.0	unsupported	True	0.0009285888691858	0.0009285888691858
MOV10L1	chr22:50059079-50059580	19	-0.028990986617542066	0.0	1	0.028990986617542066	0.01564160673438912	0.0	unsupported	True	0.0007812184484015	-0.0007812184484015
VEZF1	chr17:57849884-57850385	0	-0.002711080290270447	0.056432694386559366	4	0.05914377467682981	0.06194314941289931	0.0002067440918555773	unsupported	True	0.0070131597746447	-0.0070131597746447
VEZF1	chr17:58083086-58083587	1	-0.0009549624443842212	0.04577014460622175	4	0.04672510705060597	0.04949445376577249	0.00010584957660995402	unsupported	True	0.0055307642603335	-0.0055307642603335
VEZF1	chr17:58007068-58007569	2	0.0024911404302216476	0.049646496972294944	4	0.0471553565420733	0.051988777067194084	0.00012171083583273454	unsupported	True	0.0033396952070174	-0.0033396952070174
VEZF1	chr17:57940157-57940658	3	0.023230233566804263	0.04528331754448301	2	0.022053083977678748	0.035845353869961884	3.5796489648325115e-05	unsupported	True	0.0029362568322108	0.0029362568322108
VEZF1	chr17:57860663-57861164	4	0.06315383730009681	0.096360178850174	4	0.03320634155007719	0.06593604374885731	0.00021098010947742803	unsupported	True	0.0022003613388138	0.0022003613388138
VEZF1	chr17:57893008-57893509	5	0.05762216417952144	0.08333098261711373	4	0.02570881843759229	0.09019567274146635	0.0001932298969663071	unsupported	True	0.001968244005069	0.001968244005069
VEZF1	chr17:57921316-57921817	6	0.06929563855864046	0.10084078276079637	4	0.031545144202155914	0.05352929005613825	0.00017027865405343996	unsupported	True	0.0019364371674264	0.0019364371674264
VEZF1	chr17:57898976-57899477	7	0.049164688732566984	0.07078830593739578	4	0.021623617204828798	0.06304792951390734	9.650741717065935e-05	unsupported	True	0.0019270242530508	0.0019270242530508
VEZF1	chr17:57881854-57882355	8	0.06784433635025476	0.10693296672869365	4	0.03908863037843889	0.0964859081819324	0.0004032978980598065	unsupported	True	0.0018855505337401	0.0018855505337401
VEZF1	chr17:57935355-57935856	9	0.05337496288590611	0.06514036476358406	4	0.011765401877677953	0.07220216877945612	5.533592770508025e-05	unsupported	True	0.0017269017759304	0.0017269017759304
VEZF1	chr17:57906854-57907355	10	0.03327761721533326	0.05696776189747571	1	0.02369014468214245	0.057892520783578816	7.813027103892417e-05	unsupported	True	0.0016021176198402	0.0016021176198402
VEZF1	chr17:57833246-57833747	11	0.029635494442810082	0.07751879413023859	4	0.04788329968742851	0.07391647371485882	0.00027436728064173817	unsupported	True	0.0015759769290379	0.0015759769290379
VEZF1	chr17:57875230-57875731	12	0.060986993431210085	0.0941055230079936	4	0.03311852957678352	0.1064518161350845	0.0003317716206695296	unsupported	True	0.001562218583913	0.001562218583913
VEZF1	chr17:57912058-57912559	13	0.05605648175217169	0.0777873452737472	4	0.021730863521575508	0.07242747190204234	0.0001224303978343582	unsupported	True	0.001538214035048	0.001538214035048
VEZF1	chr17:57892432-57892933	14	0.053024540129130805	0.07982799301953894	4	0.026803452890408135	0.09283144962992455	0.00019862828260096393	unsupported	True	0.0014448330215541	0.0014448330215541
VEZF1	chr17:57944801-57945302	15	0.029790940493268272	0.04678581108376864	5	0.01699487059050037	0.02863314522466772	2.2766752209854993e-05	unsupported	True	0.0014410007257821	0.0014410007257821
VEZF1	chr17:57987177-57987678	16	0.0569003325524568	0.08907762615115293	4	0.03217729359869613	0.0877951026733253	0.00025164507733675434	unsupported	True	0.0011927951426878	0.0011927951426878
VEZF1	chr17:57874463-57874964	17	0.05796024723010121	0.07739739961007881	4	0.019437152379977604	0.0665362863815453	0.00010009619451725216	unsupported	True	0.001190979746343	0.001190979746343
VEZF1	chr17:57925334-57925835	18	0.05641058289307779	0.12871147634274102	4	0.07230089344966323	0.11888337470918817	0.001106323304002377	unsupported	True	0.0011343634702512	0.0011343634702512
VEZF1	chr17:57941845-57942346	19	0.033305503203530665	0.051203415891047814	1	0.01789791268751715	0.07025639307129293	6.438536608077599e-05	unsupported	True	0.0011078593511864	0.0011078593511864
ANXA7	chr10:73413819-73414320	0	0.010457650547787837	0.05137774078215046	4	0.040920090234362626	0.05060582001980012	0.00010639275441910894	unsupported	True	0.0236993690110052	0.0236993690110052
ANXA7	chr10:73358579-73359080	1	0.007895100153737292	0.041337187365442014	2	0.03344208721170472	0.049346224152979	6.82163103240468e-05	unsupported	True	0.0082686669580099	0.0082686669580099
ANXA7	chr10:73551283-73551784	2	-0.004573778462854499	0.03183448532205459	2	0.036408263784909085	0.052471706930808715	6.0816720048842005e-05	unsupported	True	0.0026789063227862	0.0026789063227862
ANXA7	chr10:73252428-73252929	3	0.008903794296597555	0.054943932720093645	4	0.046040138423496094	0.059358744773561706	0.00015015544001259433	unsupported	True	0.0026155397664691	0.0026155397664691
ANXA7	chr10:73529326-73529827	4	0.004456853781977455	0.06245129430188633	4	0.057994440519908874	0.0769864064763456	0.0002788315128013586	unsupported	True	0.0015886378780167	-0.0015886378780167
ANXA7	chr10:73545493-73545994	5	-0.013133798474493629	0.032926700302897835	2	0.04606049877739146	0.057950044440516525	8.788821025205387e-05	unsupported	True	0.0010077663135889	0.0010077663135889
ANXA7	chr10:73495769-73496270	6	0.009917114205952222	0.046527436628943056	4	0.03661032242299084	0.0369737573830786	6.298052362477071e-05	unsupported	True	0.0008689752100376	-0.0008689752100376
ANXA7	chr10:73453056-73453557	7	0.016328170175924608	0.04941005270550503	2	0.03308188252958043	0.062311003124625404	0.00010185216741021244	unsupported	True	0.0007103719456956	0.0007103719456956
ANXA7	chr10:73247069-73247570	8	0.006591281074969241	0.0456305129960871	4	0.039039231921117856	0.038807743551854006	6.91313451757044e-05	unsupported	True	0.0006768615729094	0.0006768615729094
ANXA7	chr10:73506985-73507486	9	0.002997910351315529	0.06224214184544873	2	0.0592442314941332	0.07445239782154316	0.0002745423131284139	unsupported	True	0.0004493394518389	-0.0004493394518389
ANXA7	chr10:73439923-73440424	10	-0.01515998800569017	0.06415318469543403	4	0.0793131727011242	0.08838091071262849	0.00044969909737845634	unsupported	True	0.0004247854609602	-0.0004247854609602
ANXA7	chr10:73553720-73554221	11	0.009522213625457816	0.060956451647763185	1	0.05143423802230537	0.06330002062124218	0.00019846130375754604	unsupported	True	0.0003565880205987	0.0003565880205987
ANXA7	chr10:73460539-73461040	12	0.001608971131749356	0.07312197702085753	0	0.07151300588910817	0.07065867164121807	0.00036948637368145127	unsupported	True	0.0002246821319464	0.0002246821319464
ANXA7	chr10:73562039-73562540	13	0.0062594960506994965	0.04701128181549756	2	0.040751785764798064	0.06461827900699565	0.00012379529086193293	unsupported	True	0.0001810540064307	0.0001810540064307
ANXA7	chr10:73554745-73555246	14	0.0279205541970698	0.04852074550924432	1	0.020600191312174516	0.059527606198714146	5.9500023493044705e-05	unsupported	True	0.000175551228314	-0.000175551228314
ANXA7	chr10:73553217-73553718	15	0.011938170996726507	0.04877037887281593	1	0.03683220787608942	0.05665919438099701	0.000101778085572551	unsupported	True	0.000152059585251	0.000152059585251
ANXA7	chr10:73536500-73537001	16	0.01151821349086518	0.0616411233129757	2	0.05012290982211052	0.06478487669681315	0.00020016145829320555	unsupported	True	9.601872071360136e-05	9.601872071360136e-05
ANXA7	chr10:73561522-73562023	17	0.011871272736076152	0.05173268816263135	2	0.0398614154265552	0.04978215148195626	0.00010265767495395052	unsupported	True	7.35711187263312e-05	-7.35711187263312e-05
WFDC1	chr16:84144975-84145476	0	-0.02671112454478018	0.024574926631969345	2	0.051286051176749524	0.06018046285702437	7.584850322709486e-05	unsupported	True	0.0070611425626891	-0.0070611425626891
WFDC1	chr16:84279819-84280320	1	-0.00897903476970085	0.0370230646001914	2	0.046002099369892246	0.06741080575583167	0.00011480995185955884	unsupported	True	0.0041649344950085	0.0041649344950085
WFDC1	chr16:84313042-84313543	2	-0.011013805808937682	0.022186026506487377	5	0.03319983231542506	0.05165126277082144	3.804489250373719e-05	unsupported	True	0.0038210162865062	0.0038210162865062
WFDC1	chr16:84406246-84406747	3	-0.012936940632342823	0.022284560033491694	2	0.035221500665834515	0.04640542012427852	3.64234122090133e-05	unsupported	True	0.0036962279728895	0.0036962279728895
WFDC1	chr16:84186842-84187343	4	-0.020077237595333797	0.02982092579761823	2	0.04989816339295203	0.07178931457398627	0.00010682317691421687	unsupported	True	0.0028460071759193	-0.0028460071759193
WFDC1	chr16:84299890-84300391	5	-0.024088358091529004	0.04980529086791435	2	0.07389364895944335	0.07680514039976648	0.00028266554958814954	unsupported	True	0.0026311005491308	0.0026311005491308
WFDC1	chr16:84356622-84357123	6	-0.013780447465848283	0.015863208475433686	2	0.029643655941281967	0.03753661266204765	1.7651347897529084e-05	unsupported	True	0.002550216786561	0.002550216786561
WFDC1	chr16:84278922-84279423	7	-0.011194745558132593	0.025108968232749974	2	0.03630371379088257	0.05192359093372459	4.733088681552789e-05	unsupported	True	0.0020719783890275	0.0020719783890275
WFDC1	chr16:84350337-84350838	8	0.0017881600850110685	0.024852991823541386	2	0.023064831738530318	0.039357227512778176	2.256074646355526e-05	unsupported	True	0.0019698180468902	0.0019698180468902
WFDC1	chr16:84362482-84362983	9	-0.022819298085167507	0.04077668737218543	2	0.06359598545735293	0.06487102732772972	0.00016822572884341337	unsupported	True	0.0018581682260338	0.0018581682260338
WFDC1	chr16:84308061-84308562	10	-0.02219694346973624	0.021020075296511675	2	0.043217018766247915	0.047868640497461465	4.348506919615943e-05	unsupported	True	0.0015950755707661	0.0015950755707661
WFDC1	chr16:84357123-84357624	11	-0.018372228814659643	0.006779360917953959	2	0.025151589732613604	0.02482416424894803	4.232810557825849e-06	unsupported	True	0.0015237008138859	0.0015237008138859
WFDC1	chr16:84342297-84342798	12	-0.0019780697031676437	0.016124736069825674	2	0.018102805772993318	0.036693808985538076	1.0711031647831889e-05	unsupported	True	0.0012925133570606	0.0012925133570606
WFDC1	chr16:84294733-84295234	13	-0.01855316205093726	0.06075293009850812	2	0.07930609214944538	0.08832029933929486	0.0004255340446324072	unsupported	True	0.0011759868675162	0.0011759868675162
WFDC1	chr16:84291311-84291812	14	-0.02190680323729044	0.020088487974367093	2	0.04199529121165753	0.043274443765317014	3.6507268578295334e-05	unsupported	True	0.00115031073352	0.00115031073352
WFDC1	chr16:84374008-84374509	15	-0.0002853415224694573	0.03632571379515503	2	0.036611055317624486	0.04673480367057771	6.215367708569242e-05	unsupported	True	0.0011366104908838	0.0011366104908838
WFDC1	chr16:84368422-84368923	16	-0.011052207694126098	0.03664363343287231	2	0.04769584112699841	0.055477609254768856	9.696093157766578e-05	unsupported	True	0.0009998601496585	0.0009998601496585
WFDC1	chr16:84450171-84450672	17	-0.009310466185905314	0.07352208928401571	5	0.08283255546992102	0.09300312568353589	0.0005663911315992757	unsupported	True	0.0009612664947286	0.0009612664947286
WFDC1	chr16:84347949-84348450	18	-0.010365621666151995	0.06759669949843057	2	0.07796232116458257	0.08916078714692616	0.0004698769555968437	unsupported	True	0.0008715877201237	0.0008715877201237
WFDC1	chr16:84330252-84330753	19	-0.0031425482513926495	0.03845697787681843	2	0.04159952612821108	0.0579871682058552	9.276741104559006e-05	unsupported	True	0.0008705567004374	0.0008705567004374
LRRC17	chr7:102914527-102915028	0	-0.002682926585361803	0.037206745370377464	2	0.03988967195573927	0.045153786631799045	6.701566374741506e-05	unsupported	True	0.0181919148863153	0.0181919148863153
LRRC17	chr7:102912656-102913157	1	0.0035651420321173295	0.08020105731759701	0	0.07663591528547968	0.07315190237672174	0.000449612179468886	unsupported	True	0.0053033846433927	0.0053033846433927
LRRC17	chr7:102933742-102934243	2	-0.003336085512599668	0.07947673026533038	0	0.08281281577793005	0.10074018903238909	0.0006630408783107839	unsupported	True	0.0045532074197135	0.0045532074197135
LRRC17	chr7:103074634-103075135	3	-0.01584837533576314	0.040137022114437225	0	0.05598539745020037	0.05038551140754645	0.00011322063450171566	unsupported	True	0.004515782361506	-0.004515782361506
LRRC17	chr7:102830171-102830672	4	-0.0046842410028914636	0.10048774404009092	0	0.10517198504298239	0.1263453193804527	0.0013352799409845541	unsupported	True	0.0041704310250089	0.0041704310250089
LRRC17	chr7:102897500-102898001	5	-0.01990334423227758	-0.00319063914220425	0	0.01671270509007333	0.02231260884506316	0.0	unsupported	True	0.0036259858206284	0.0036259858206284
LRRC17	chr7:103061758-103062259	6	-0.006797461894188232	0.06951431133829451	0	0.07631177323248274	0.08046082870324414	0.0004268254149000329	unsupported	True	0.0008340349337679	0.0008340349337679
LRRC17	chr7:102841209-102841710	7	-0.006005602236779574	0.09755442436224998	0	0.10356002659902955	0.12398844324466178	0.001252622854063798	unsupported	True	0.0007070813824235	-0.0007070813824235
LRRC17	chr7:102991543-102992044	8	-0.01184769921991227	0.02122901933518084	2	0.03307671855509311	0.038823060330441785	2.7261021000773585e-05	unsupported	True	0.0006259523520151	-0.0006259523520151
LRRC17	chr7:102890625-102891126	9	-0.009965614134010438	0.06430364063965173	0	0.07426925477366217	0.09109404780955577	0.00043504544770239117	unsupported	True	0.0005977329838486	0.0005977329838486
LRRC17	chr7:103075200-103075701	10	-0.0061408193539086685	0.03574960185150971	2	0.041890421205418374	0.03840503386191977	5.751406831210575e-05	unsupported	True	0.0005528291217915	0.0005528291217915
LRRC17	chr7:102819080-102819581	11	0.014481828970955497	0.12675608581811731	0	0.11227425684716182	0.11802270380800631	0.001679633657660497	unsupported	True	0.0002191202343329	-0.0002191202343329
LRRC17	chr7:102811256-102811757	12	0.001535677081814386	0.09828195620241752	1	0.09674627912060313	0.09412080064221164	0.0008949394977894709	unsupported	True	0.0002071937223993	-0.0002071937223993
LRRC17	chr7:102917723-102918224	13	-0.001743038998525026	0.03487072854340212	0	0.03661376754192715	0.048901303934921425	6.24346786187717e-05	unsupported	True	0.000141783868475	0.000141783868475
MMADHC	chr2:149597504-149598005	0	0.012482371671660747	0.04806234640077863	0	0.035579974729117884	0.039193549771660965	6.702320689960648e-05	unsupported	True	0.0155757720659867	0.0155757720659867
MMADHC	chr2:149430884-149431385	1	0.012525530982125747	0.05213328648042384	0	0.03960775549829809	0.0586869287325379	0.00012118161001988239	unsupported	True	0.0071037515244406	0.0071037515244406
MMADHC	chr2:149553833-149554334	2	0.0015711165682734522	0.047251529470791566	4	0.04568041290251811	0.05810481666210971	0.00012541746739238408	unsupported	True	0.0027339454314699	0.0027339454314699
MMADHC	chr2:149661823-149662324	3	0.004613511754266891	0.06307148164029827	1	0.05845796988603138	0.05590446498598746	0.0002061214828294759	unsupported	True	0.0027056965426371	0.0027056965426371
MMADHC	chr2:149688710-149689211	4	0.021175640740202232	0.07417833650686574	4	0.05300269576666351	0.06744952721602894	0.0002651880552465956	unsupported	True	0.0025389928033468	0.0025389928033468
MMADHC	chr2:149587541-149588042	5	0.00692575729668491	0.033779631165848534	3	0.026853873869163623	0.03974031797356907	3.604899699702894e-05	unsupported	True	0.0020514150374302	0.0020514150374302
MMADHC	chr2:149677367-149677868	6	-6.920706927684392e-05	0.025795087971447247	4	0.02586429504072409	0.029310474776716777	1.9555121216001366e-05	unsupported	True	0.0019157350588526	0.0019157350588526
MMADHC	chr2:149536513-149537014	7	0.0006595571103668394	0.04914033331196545	4	0.04848077620159861	0.04137241293021164	9.8564043800241e-05	unsupported	True	0.001626856731862	0.001626856731862
MMADHC	chr2:149561228-149561729	8	0.011521374134204591	0.028598943253488333	1	0.017077569119283743	0.017900912277428686	8.742813256372163e-06	unsupported	True	0.0015376846078075	0.0015376846078075
MMADHC	chr2:149573684-149574185	9	0.002216076094882397	0.0421354914683732	3	0.0399194153734908	0.05526006803328563	9.294877094603305e-05	unsupported	True	0.0011274805282432	0.0011274805282432
MMADHC	chr2:149534263-149534764	10	0.02718410162050067	0.06399970912843402	3	0.03681560750793335	0.06878143577604391	0.0001620620054214239	unsupported	True	0.0010718546965113	0.0010718546965113
MMADHC	chr2:149446804-149447305	11	0.009163250216709653	0.023249783385545727	3	0.014086533168836074	0.018908220009314598	6.192609293018362e-06	unsupported	True	0.0007013867793618	0.0007013867793618
MMADHC	chr2:149490249-149490750	12	-0.02535423415217139	0.01923745771254945	3	0.04459169186472084	0.03925604885148249	3.367504726423527e-05	unsupported	True	0.0006550000871981	0.0006550000871981
MMADHC	chr2:149657419-149657920	13	0.02198575008424579	0.049335969634527126	3	0.027350219550281336	0.04254112645377605	5.7402852016291765e-05	unsupported	True	0.0006132119338243	0.0006132119338243
MMADHC	chr2:149727789-149728290	14	0.005519959081563256	0.033613355827914006	3	0.02809339674635075	0.02328136391946351	2.1984902551642278e-05	unsupported	True	0.000575990278198	0.000575990278198
MMADHC	chr2:149488572-149489073	15	0.016339332457907984	0.03291302734564211	1	0.016573694887734126	0.019342824433547835	1.055132645054008e-05	unsupported	True	0.0004412845745646	-0.0004412845745646
MMADHC	chr2:149666053-149666554	16	0.01642022081747702	0.06015866010600474	3	0.04373843928852772	0.04820152336370412	0.00012683006085588178	unsupported	True	0.0004351290891273	0.0004351290891273
MMADHC	chr2:149602496-149602997	17	-0.006873501960916793	0.013078460641688647	1	0.01995196260260544	0.022280274331662464	5.813836120198662e-06	unsupported	True	0.000391405565579	0.000391405565579
MMADHC	chr2:149442284-149442785	18	0.0038496085644871415	0.0555388033648821	0	0.05168919480039496	0.06547228608038601	0.00018795495980834958	unsupported	True	0.0002285967086685	0.0002285967086685
MMADHC	chr2:149720877-149721378	19	0.010040224231571769	0.044689250866010395	3	0.034649026634438626	0.037290196527127915	5.7741596243493165e-05	unsupported	True	0.0002147342971632	-0.0002147342971632
AURKB	chr17:8192071-8192572	0	-0.004471344520934781	0.03897765746407074	0	0.04344900198500552	0.023051076815914628	3.9037927927118586e-05	unsupported	True	0.0045692171110991	-0.0045692171110991
AURKB	chr17:8152216-8152717	1	0.012805295756757498	0.09348492035117649	4	0.08067962459441899	0.08143286143462683	0.0006141933736522874	unsupported	True	0.0033952092919162	0.0033952092919162
AURKB	chr17:8163437-8163938	2	0.011506179490377301	0.09828163324495633	4	0.08677545375457903	0.08881167764818079	0.0007574244709106627	unsupported	True	0.0027412108571039	0.0027412108571039
AURKB	chr17:8173293-8173794	3	-0.0044709957697555164	0.05440217462600388	4	0.05887317039575939	0.06292258216897148	0.00020153023925399734	unsupported	True	0.0026050766504975	-0.0026050766504975
AURKB	chr17:8073543-8074044	4	0.011568156400861415	0.08354147600709226	4	0.07197331960623085	0.07465345124008184	0.0004488730878732208	unsupported	True	0.0025156191989741	0.0025156191989741
AURKB	chr17:8222782-8223283	5	0.0009949147560943759	0.05490534809615969	4	0.05391043334006532	0.03781367812591266	0.00011192739476075214	unsupported	True	0.0023436593987696	-0.0023436593987696
AURKB	chr17:8057601-8058102	6	-0.012565629111449081	0.019754202138486082	0	0.03231983124993516	0.017076061289673546	1.0902253672073749e-05	unsupported	True	0.0021819618387979	-0.0021819618387979
AURKB	chr17:8154144-8154645	7	0.021701609209491178	0.11430423886982448	4	0.09260262966033331	0.10599921851471451	0.001121988276748298	unsupported	True	0.0021510827767601	0.0021510827767601
AURKB	chr17:8119488-8119989	8	-0.003960643309068242	0.04582699451090837	4	0.04978763781997661	0.029127227039329445	6.645719982575028e-05	unsupported	True	0.0021358877276023	-0.0021358877276023
AURKB	chr17:8126409-8126910	9	0.018359338233633737	0.09626779430111827	4	0.07790845606748453	0.08520565259434643	0.0006390488038843043	unsupported	True	0.0021173683943129	0.0021173683943129
AURKB	chr17:8295185-8295686	10	0.0032927008649194403	0.07037393877486746	4	0.06708123790994802	0.06017537433641296	0.00028407415784615915	unsupported	True	0.0020275352269634	0.0020275352269634
AURKB	chr17:8200042-8200543	11	-0.002935360119177805	0.03597080483379865	0	0.038906164952976455	0.021853101254020513	3.058311071164872e-05	unsupported	True	0.0020208334987218	-0.0020208334987218
AURKB	chr17:8118672-8119173	12	-0.007610276533182387	0.0628894921484754	4	0.07049976868165779	0.06228411421826469	0.0002761487439256336	unsupported	True	0.0019340010450942	-0.0019340010450942
AURKB	chr17:8079157-8079658	13	-0.0030900427280428386	0.038902064572711656	0	0.04199210730075449	0.051591090726808765	8.427815695196497e-05	unsupported	True	0.0018065798519426	-0.0018065798519426
AURKB	chr17:8220728-8221229	14	-0.0066181609387763116	0.05924395837496444	4	0.06586211931374075	0.04983131085590424	0.0001944384190756001	unsupported	True	0.0017439745681461	-0.0017439745681461
AURKB	chr17:8187431-8187932	15	-0.0010657285222363266	0.0697291161108389	4	0.07079484463307523	0.06669268025731306	0.0003292258778647537	unsupported	True	0.0017240482573912	0.0017240482573912
AURKB	chr17:8247846-8248347	16	0.00017724153210730792	0.06600546086078446	4	0.06582821932867715	0.05550563112282886	0.00024117318582341396	unsupported	True	0.0016278280867612	-0.0016278280867612
AURKB	chr17:8221263-8221764	17	-0.0025661347940763688	0.07361499135771471	4	0.07618112615179108	0.07165703741837698	0.0004018578927419661	unsupported	True	0.0015831653192401	-0.0015831653192401
AURKB	chr17:8249004-8249505	18	-3.0692800602290406e-05	0.07050646556865997	4	0.07053715836926226	0.07999114355156114	0.0003978220122270019	unsupported	True	0.0015613533629034	-0.0015613533629034
AURKB	chr17:8121489-8121990	19	0.012422973122773025	0.08598201225354095	4	0.07355903913076792	0.06690195010255102	0.0004231383901602434	unsupported	True	0.0014570651477909	0.0014570651477909
NOP58	chr2:202374939-202375440	0	0.012745572247431971	0.05802022340672533	4	0.045274651159293355	0.0516743762661881	0.00013574059629690614	unsupported	True	0.009188783013803	0.009188783013803
NOP58	chr2:202311923-202312424	1	0.006284612371216605	0.03340942251278412	4	0.027124810141567517	0.03097557285185562	2.8070815046733122e-05	unsupported	True	0.00916500063692	0.00916500063692
NOP58	chr2:202161392-202161893	2	0.01980575663159654	0.06109380904036142	0	0.04128805240876488	0.053246370423657985	0.00013431100833690153	unsupported	True	0.0034123952474026	0.0034123952474026
NOP58	chr2:202249535-202250036	3	-0.0007307709644461419	0.016823801903461107	1	0.01755457286790725	0.021251133692774746	6.276196267893951e-06	unsupported	True	0.0030448861403017	0.0030448861403017
NOP58	chr2:202265437-202265938	4	0.013124527669810288	0.050002432509830275	4	0.03687790484001999	0.04140576014837527	7.635159846859704e-05	unsupported	True	0.0027024812618867	0.0027024812618867
NOP58	chr2:202307650-202308151	5	-0.01037297226410858	0.0065017902370705675	1	0.01687476250117915	0.0337169880289621	3.6992986584058515e-06	unsupported	True	0.0026161887304043	-0.0026161887304043
NOP58	chr2:202171162-202171663	6	-0.0006103604068341721	0.04989667601065862	4	0.050507036417492795	0.06640629934977861	0.00016735272183089584	unsupported	True	0.0025711898103285	0.0025711898103285
NOP58	chr2:202133525-202134026	7	-0.006640950287969571	0.020514226598763917	2	0.02715517688673349	0.02857855540212375	1.5920183039243718e-05	unsupported	True	0.002217213609002	0.002217213609002
NOP58	chr2:202178272-202178773	8	0.010794894076766677	0.028458512865332082	0	0.017663618788565406	0.017083956117899035	8.587768571650993e-06	unsupported	True	0.0015244191979656	0.0015244191979656
NOP58	chr2:202238352-202238853	9	0.015851303919878136	0.038907919414058814	4	0.023056615494180678	0.029960657963021088	2.687725497946703e-05	unsupported	True	0.0014344422818355	0.0014344422818355
NOP58	chr2:202158691-202159192	10	0.015434954167196578	0.08000686558427439	4	0.06457191141707781	0.08414542377756222	0.0004347117717027796	unsupported	True	0.001399501461906	0.001399501461906
NOP58	chr2:202316948-202317449	11	-0.0021820723655640788	0.014361589732601368	2	0.016543662098165445	0.02094132962516094	4.97551935505114e-06	unsupported	True	0.0012739748572078	-0.0012739748572078
NOP58	chr2:202278877-202279378	12	0.010697551160289868	0.05738685287051975	4	0.04668930171022988	0.05365380398393702	0.00014375743172665106	unsupported	True	0.0011759625266178	-0.0011759625266178
NOP58	chr2:202183026-202183527	13	-0.004496824119307364	0.047293379071414	0	0.05179020319072137	0.06151490345214706	0.00015067052679635122	unsupported	True	0.0006276066963004	0.0006276066963004
NOP58	chr2:202375901-202376402	14	0.015816378112901517	0.06341897507621069	4	0.04760259696330918	0.05532958552494187	0.00016703492341923885	unsupported	True	0.0006020761127705	-0.0006020761127705
NOP58	chr2:202423087-202423588	15	-0.013028167137541022	0.036486017676925726	1	0.04951418481446675	0.058736834774395556	0.00010611252209294573	unsupported	True	0.0004353605839725	-0.0004353605839725
NOP58	chr2:202398247-202398748	16	0.0025701829784721395	0.10027535133673297	4	0.09770516835826083	0.10210432892777405	0.0010003590029553755	unsupported	True	0.000310520803642	-0.000310520803642
NOP58	chr2:202406211-202406712	17	0.02545322921712353	0.09113967449718693	0	0.0656864452800634	0.07930075390527327	0.00047474516382739045	unsupported	True	0.0002027440328585	-0.0002027440328585
NOP58	chr2:202339061-202339562	18	0.009796450421279869	0.05262688283012058	2	0.04283043240884071	0.04201128571621471	9.469478858078582e-05	unsupported	True	0.0001936266446668	0.0001936266446668
NOP58	chr2:202221527-202222028	19	0.012304777735390586	0.09181639787731677	4	0.07951162014192618	0.09858821227872082	0.0007197403403989073	unsupported	True	0.0001315373858663	-0.0001315373858663
FMNL3	chr12:49662928-49663429	0	-0.002173919641449817	0.007726247501792283	0	0.0099001671432421	0.01228116022284455	9.39399966327745e-07	unsupported	True	0.0096070585415379	0.0096070585415379
FMNL3	chr12:49703592-49704093	1	-0.011784601964988182	0.010325051816078035	3	0.02210965378106622	0.022550551522204955	5.147914790180487e-06	unsupported	True	0.0070215608963181	0.0070215608963181
FMNL3	chr12:49699281-49699782	2	-0.017305914048274314	0.008470313534366763	0	0.025776227582641077	0.02827144136700768	6.17258095654805e-06	unsupported	True	0.0040166818984759	0.0040166818984759
FMNL3	chr12:49636844-49637345	3	0.020048294687053037	0.09358453633846085	0	0.07353624165140782	0.09871609544628095	0.000679349862828013	unsupported	True	0.0038039980013467	0.0038039980013467
FMNL3	chr12:49810014-49810515	4	0.0250405156607887	0.03670399914631728	1	0.011663483485528578	0.020850814936371316	8.92616064402849e-06	unsupported	True	0.003123123712087	0.003123123712087
FMNL3	chr12:49644516-49645017	5	0.017761267504708828	0.057562881725813586	0	0.03980161422110476	0.04867403812199031	0.00011151687515503315	unsupported	True	0.0030084571722208	0.0030084571722208
FMNL3	chr12:49673475-49673976	6	0.040626960776949814	0.05535165138087108	1	0.014724690603921266	0.03950590721595386	3.219873426279144e-05	unsupported	True	0.0027528288066289	0.0027528288066289
FMNL3	chr12:49706865-49707366	7	0.03753053444466683	0.06969331414755986	0	0.03216277970289303	0.034640252875178676	7.764719061122644e-05	unsupported	True	0.0015817634503445	0.0015817634503445
FMNL3	chr12:49549225-49549726	8	0.005914225723513897	0.052175131624565246	4	0.04626090590105135	0.050156782300162885	0.00012106186327778266	unsupported	True	0.001569580665096	0.001569580665096
FMNL3	chr12:49567890-49568391	9	0.005334939042431903	0.03553391605626247	0	0.03019897701383057	0.02940780299176644	3.155715797347612e-05	unsupported	True	0.0009037078647899	-0.0009037078647899
FMNL3	chr12:49783789-49784290	10	-0.012073800712716342	0.01794081708314898	1	0.03001461779586532	0.03163816720441128	1.7036734393736864e-05	unsupported	True	0.0008401720820029	0.0008401720820029
FMNL3	chr12:49776284-49776785	11	0.0039432377321926716	0.024573509637508834	4	0.02063027190531616	0.025471913501641956	1.2913195049743365e-05	unsupported	True	0.0008128049518789	0.0008128049518789
FMNL3	chr12:49623220-49623721	12	0.024757976359539868	0.06345680709283283	0	0.03869883073329296	0.05725591281618379	0.00014060358767085617	unsupported	True	0.0007752018777476	-0.0007752018777476
FMNL3	chr12:49792773-49793274	13	0.0174326744618198	0.050401983720187345	1	0.032969309258367545	0.06730400047327498	0.00011184030866726188	unsupported	True	0.0007338233741898	0.0007338233741898
FMNL3	chr12:49654654-49655155	14	0.0355991440260155	0.06839260721489203	1	0.03279346318887653	0.06617004454670526	0.00014840819059484095	unsupported	True	0.0007146461054679	0.0007146461054679
FMNL3	chr12:49741218-49741719	15	0.01294524027083166	0.05125524074656362	0	0.03831000047573196	0.04998178046111569	9.814363919589344e-05	unsupported	True	0.0006946667998589	-0.0006946667998589
FMNL3	chr12:49580421-49580922	16	0.019650133980352244	0.10876552463432705	0	0.08911539065397481	0.10688041899525301	0.001035957936591307	unsupported	True	0.0006616092331872	0.0006616092331872
FMNL3	chr12:49828240-49828741	17	0.014221954000145887	0.05500444272322096	0	0.04078248872307508	0.04834999795476487	0.000108459588858651	unsupported	True	0.0005694073001648	-0.0005694073001648
FMNL3	chr12:49842858-49843359	18	0.015759913576224603	0.07443177093898959	0	0.058671857362764986	0.07613719679233151	0.00033249496411801727	unsupported	True	0.0005238831850438	-0.0005238831850438
FMNL3	chr12:49496604-49497105	19	0.013605169198194779	0.08597837341869413	0	0.07237320422049935	0.07491306584247617	0.0004661488279122368	unsupported	True	0.0004972564862488	0.0004972564862488
LHFPL1	chrX:112679903-112680404	0	-0.0016841184083203299	0.03789714342590457	1	0.0395812618342249	0.05128613429238003	7.693006082544445e-05	unsupported	True	0.0156050337845071	0.0156050337845071
LHFPL1	chrX:112642276-112642777	1	0.002600936323759134	0.03787863757499004	1	0.035277701251230906	0.03787863757499004	5.0616134766011784e-05	unsupported	True	0.0136680177177527	0.0136680177177527
LHFPL1	chrX:112808927-112809428	2	0.015433230933238814	0.10837240776103027	1	0.09293917682779146	0.12473012315772206	0.0012562870850298814	unsupported	True	0.0048784805723964	0.0048784805723964
LHFPL1	chrX:112812666-112813167	3	-0.0012820987196277107	0.05187504409700232	1	0.05315714281663003	0.07123635463455692	0.00019643632285477032	unsupported	True	0.0025337881790865	0.0025337881790865
LHFPL1	chrX:112818604-112819105	4	-0.00832254824815477	0.02335398527696931	1	0.031676533525124076	0.04354636384436921	3.221443717838309e-05	unsupported	True	0.0010669339853697	0.0010669339853697
LHFPL1	chrX:112800918-112801419	5	-0.012297786484291534	0.0	2	0.012297786484291534	0.017916951815125422	0.0	unsupported	True	0.000938649228894	-0.000938649228894
LHFPL1	chrX:112793860-112794361	6	0.02829896148738547	0.16744487016827606	1	0.13914590868089058	0.17366201859244582	0.004046198019151242	unsupported	True	0.00092467919517	0.00092467919517
LHFPL1	chrX:112774798-112775299	7	0.0059451786518583925	0.0580838603743815	1	0.0521386817225231	0.0580838603743815	0.00017590208682990494	unsupported	True	0.000917469820742	0.000917469820742
LHFPL1	chrX:112784664-112785165	8	-0.004849355648302331	0.0680314686548338	5	0.07288082430313612	0.07902264958412376	0.0003918092725457646	unsupported	True	0.0009046592378798	-0.0009046592378798
LHFPL1	chrX:112637033-112637534	9	-0.007020632424042644	0.007727194713666859	1	0.014747827137709502	0.019426564173658147	2.2138382742761484e-06	unsupported	True	0.0008079884591406	0.0008079884591406
LHFPL1	chrX:112786233-112786734	10	0.03806812722845621	0.2304687235069016	1	0.19240059627844538	0.2450726727960164	0.010867090837797336	regional_candidate	True	0.0006089801021811	0.0006089801021811
LHFPL1	chrX:112704098-112704599	11	-0.0118568111161141	0.0054703075027224555	5	0.017327118618836554	0.011781625501849823	1.1167174496898549e-06	unsupported	True	0.0006085208088027	-0.0006085208088027
LHFPL1	chrX:112540998-112541499	12	-0.004025238500165956	0.041773168684664845	1	0.0457984071848308	0.06122623653973368	0.00011713464312986017	unsupported	True	0.0003947301680295	0.0003947301680295
LHFPL1	chrX:112687205-112687706	13	-0.010028971237508627	0.0	2	0.010028971237508627	0.008675598606208439	0.0	unsupported	True	0.0003017795099908	0.0003017795099908
LHFPL1	chrX:112654911-112655412	14	0.005401846860827226	0.05419374684577134	1	0.04879189998494412	0.0687346792774164	0.00018174933017080667	unsupported	True	4.89908908368179e-05	4.89908908368179e-05
CCDC126	chr7:23544820-23545321	0	0.0055185106932543445	0.022711503063043502	4	0.01719299236978916	0.013976559853352395	5.457548906206637e-06	unsupported	True	0.0105743991650673	0.0105743991650673
CCDC126	chr7:23471039-23471540	1	0.008815195964321496	0.05737430399591245	5	0.048559108031590956	0.046765741889598256	0.00013029146257753906	unsupported	True	0.0070483232283911	-0.0070483232283911
CCDC126	chr7:23470460-23470961	2	0.0016365547879919281	0.03957565129128437	5	0.03793909650329244	0.03668483375676297	5.5080973869095394e-05	unsupported	True	0.0047106505038507	-0.0047106505038507
CCDC126	chr7:23474161-23474662	3	0.011367396211751049	0.0272185519584909	5	0.01585115574673985	0.014475223352143065	6.245270067895245e-06	unsupported	True	0.0046740836822785	-0.0046740836822785
CCDC126	chr7:23546905-23547406	4	0.0016307058903641685	0.03395044489892954	3	0.03231973900856537	0.04824646525862505	5.293937569681145e-05	unsupported	True	0.0028107589203071	0.0028107589203071
CCDC126	chr7:23597633-23598134	5	0.005205388783209342	0.020444267100085192	5	0.01523887831687585	0.010295048922157815	3.2073987988364362e-06	unsupported	True	0.0020365183313577	-0.0020365183313577
CCDC126	chr7:23531796-23532297	6	0.017115564119647902	0.030094117832935897	5	0.012978553713287995	0.0165071292525136	6.447323588432437e-06	unsupported	True	0.001612974817438	-0.001612974817438
CCDC126	chr7:23604063-23604564	7	-0.0014005159928923664	0.0293312506275506	3	0.03073176662044297	0.03689535243173086	3.325751307367455e-05	unsupported	True	0.0015067121701635	0.0015067121701635
CCDC126	chr7:23622645-23623146	8	-0.002328163210760039	0.02678664247787661	3	0.029114805688636648	0.04561824139474906	3.557711406309872e-05	unsupported	True	0.0012374683594786	0.0012374683594786
CCDC126	chr7:23680622-23681123	9	0.02043201430978731	0.040067522845814975	4	0.019635508536027666	0.02172646616820408	1.7093214411700953e-05	unsupported	True	0.0010903397031903	0.0010903397031903
CCDC126	chr7:23462799-23463300	10	0.0024550930099974787	0.045061871825517075	4	0.042606778815519594	0.034292917243085246	6.584038488493845e-05	unsupported	True	0.0010490513919249	-0.0010490513919249
CCDC126	chr7:23597104-23597605	11	0.00922382068418148	0.02340799310936484	3	0.014184172425183359	0.012007795272979516	3.986864334690294e-06	unsupported	True	0.0009502822173788	-0.0009502822173788
CCDC126	chr7:23699976-23700477	12	-0.004305978620545768	0.017513269361813025	3	0.02181924798235879	0.03413133140610827	1.3042481677480074e-05	unsupported	True	0.0009098310104902	0.0009098310104902
CCDC126	chr7:23630691-23631192	13	0.003249078613772039	0.03178408531499181	0	0.028535006701219768	0.050279715496989175	4.5601644884668045e-05	unsupported	True	0.0007631640206077	0.0007631640206077
CCDC126	chr7:23520547-23521048	14	0.0020282369598611724	0.04612644938966874	1	0.04409821242980757	0.04619140411578904	9.395765629222197e-05	unsupported	True	0.0006745182915875	0.0006745182915875
CCDC126	chr7:23469132-23469633	15	0.02032215630263332	0.05623001798441638	5	0.03590786168178306	0.042800736688953296	8.641895495721057e-05	unsupported	True	0.0005718353365447	-0.0005718353365447
CCDC126	chr7:23712349-23712850	16	-0.00040168725853939727	0.03545221544137068	2	0.035853902699910074	0.052572967514126295	6.682551388173629e-05	unsupported	True	0.0005675832103925	0.0005675832103925
CCDC126	chr7:23679835-23680336	17	0.020442264352030903	0.0396378031828631	5	0.019195538830832196	0.021561395810470108	1.6405397456871736e-05	unsupported	True	0.0005620080745729	-0.0005620080745729
CCDC126	chr7:23701526-23702027	18	-0.010507885909067177	0.030419435068937146	4	0.04092732097800432	0.04928617834523778	6.136060119723109e-05	unsupported	True	0.0004403656029155	0.0004403656029155
CCDC126	chr7:23490261-23490762	19	0.014430121054971474	0.03005328023605174	1	0.015623159181080265	0.020520775733506	9.635061982936861e-06	unsupported	True	0.0004167101100552	0.0004167101100552
BRD7	chr16:50245884-50246385	0	-0.007462798825465918	0.02538520709293326	4	0.03284800591839918	0.03781769302242036	3.1534413148398136e-05	unsupported	True	0.0101147162446962	0.0101147162446962
BRD7	chr16:50467836-50468337	1	0.00624051241467679	0.031640222398836154	4	0.025399709984159365	0.03540309938030187	2.845178836051548e-05	unsupported	True	0.0044166370477151	0.0044166370477151
BRD7	chr16:50372112-50372613	2	-0.0035841526202793706	0.04513082682235453	4	0.0487149794426339	0.051050470674760984	0.00011223687451065301	unsupported	True	0.0042503054083495	0.0042503054083495
BRD7	chr16:50451712-50452213	3	0.0021982342939839143	0.04740784582977217	4	0.04520961153578826	0.061948247054268775	0.00013277307662392065	unsupported	True	0.0041204344660615	0.0041204344660615
BRD7	chr16:50373124-50373625	4	0.016206151021573835	0.06414985291040652	0	0.047943701888832686	0.0471904454689126	0.00014513805748150377	unsupported	True	0.0027860365469271	0.0027860365469271
BRD7	chr16:50469601-50470102	5	-0.005378399965172281	0.024846995231407175	4	0.030225395196579456	0.03778043057043276	2.8373490619777458e-05	unsupported	True	0.0024350665504125	0.0024350665504125
BRD7	chr16:50323409-50323910	6	-0.0190340433484197	0.05847059933937149	1	0.07750464268779118	0.09145990893125167	0.00041447279380628116	unsupported	True	0.0023444233650807	0.0023444233650807
BRD7	chr16:50458950-50459451	7	0.0035215394953899974	0.05041950167324186	4	0.04689796217785186	0.04924010728739066	0.0001164317731829407	unsupported	True	0.0021674358013274	0.0021674358013274
BRD7	chr16:50386664-50387165	8	0.004999987029310141	0.039116350755975825	4	0.03411636372666568	0.03393002598808745	4.527987924752194e-05	unsupported	True	0.0018792088994738	0.0018792088994738
BRD7	chr16:50390506-50391007	9	0.007854863675398923	0.045022241582447	4	0.03716737790704808	0.050590712480059884	8.46564072041436e-05	unsupported	True	0.0017706039340151	0.0017706039340151
BRD7	chr16:50445538-50446039	10	0.0002471535522878179	0.019214704117931546	4	0.018967550565643726	0.022714390218282005	8.278392893060684e-06	unsupported	True	0.0012809226161723	0.0012809226161723
BRD7	chr16:50459607-50460108	11	-0.0024025660445504155	0.03698808475866506	4	0.03939065080321547	0.04922096752616335	7.171419811138758e-05	unsupported	True	0.0011805108157199	0.0011805108157199
BRD7	chr16:50210465-50210966	12	-0.010633930297454542	0.05035534864771362	4	0.06098927894516816	0.07066709268902385	0.00021702828099677042	unsupported	True	0.001145646889999	0.001145646889999
BRD7	chr16:50458134-50458635	13	-0.002785767780436524	0.02869307062091535	4	0.03147883840135188	0.04076502463419735	3.681997035077176e-05	unsupported	True	0.0009778602913934	0.0009778602913934
BRD7	chr16:50259378-50259879	14	-0.016302733578513192	0.00280500586217563	1	0.01910773944068882	0.00920964877636245	4.936125030906665e-07	unsupported	True	0.000916509274504	0.000916509274504
BRD7	chr16:50368816-50369317	15	0.009202923351229087	0.040771276100427675	0	0.031568352749198586	0.042428558804819924	5.460903542563368e-05	unsupported	True	0.0005857712109474	-0.0005857712109474
BRD7	chr16:50322513-50323014	16	-0.01853502711843917	0.022317077568138343	4	0.04085210468657752	0.04269219033130761	3.892245238334694e-05	unsupported	True	0.0004771809646712	0.0004771809646712
BRD7	chr16:50354913-50355414	17	0.006844105675654357	0.057938358099741155	1	0.0510942524240868	0.06849658000508872	0.00020277159665489712	unsupported	True	0.0004721996729222	-0.0004721996729222
BRD7	chr16:50407257-50407758	18	0.03206509357409881	0.05740169251084344	4	0.025336598936744628	0.024514171790465937	3.565252064229183e-05	unsupported	True	0.0004689147197449	0.0004689147197449
BRD7	chr16:50489095-50489596	19	-0.009668387144795605	0.05875611125061743	4	0.06842449839541304	0.09153826975779794	0.0003680165638644448	unsupported	True	0.0004152385766813	0.0004152385766813
SRPX	chrX:38219915-38220416	0	-0.000385130288872788	0.036386158460347144	1	0.036771288749219935	0.04333420609349554	5.797969175624967e-05	unsupported	True	0.0138626908367332	0.0138626908367332
SRPX	chrX:38199882-38200383	1	0.007931265395151387	0.034045400624320786	5	0.0261141352291694	0.016560044487640018	1.472297575548052e-05	unsupported	True	0.0130643102102882	0.0130643102102882
SRPX	chrX:38220650-38221151	2	0.014481352327199444	0.05498022359168584	3	0.0404988712644864	0.0614100784795928	0.00013673795275174526	unsupported	True	0.0079109810971495	0.0079109810971495
SRPX	chrX:38335258-38335759	3	0.013663510770798854	0.05906566207982793	3	0.045402151309029075	0.059923479972720725	0.00016069728323595304	unsupported	True	0.003649576763724	-0.003649576763724
SRPX	chrX:38175090-38175591	4	0.0024135145707674375	0.028518547724877018	5	0.02610503315410958	0.025250484041155437	1.8798420612904605e-05	unsupported	True	0.0033107076350418	0.0033107076350418
SRPX	chrX:38092446-38092947	5	-0.007610105501401191	0.02016323134010397	1	0.02777333684150516	0.04020483757998419	2.2514717721875623e-05	unsupported	True	0.0007127117072055	-0.0007127117072055
SRPX	chrX:38357763-38358264	6	0.016030201535791613	0.04320416793039665	4	0.027173966394605037	0.04379798439176065	5.142008662446483e-05	unsupported	True	0.0006883918793602	0.0006883918793602
SRPX	chrX:38327358-38327859	7	0.0061391293751514656	0.0515648059978318	1	0.045425676622680336	0.047566706972674816	0.00011141864677077167	unsupported	True	0.0004372709090961	-0.0004372709090961
SRPX	chrX:38024884-38025385	8	-0.004524835161401353	0.014316184398888692	2	0.018841019560290044	0.021650515854974718	5.839826340080539e-06	unsupported	True	0.0003843425946454	-0.0003843425946454
SRPX	chrX:38154072-38154573	9	-0.002274981728443445	0.03212069406133946	2	0.034395675789782906	0.04559622000650128	5.0375295660016446e-05	unsupported	True	0.0001442895719874	-0.0001442895719874
SRPX	chrX:38347631-38348132	10	0.0013053753748258734	0.03677659300694395	3	0.03547121763211807	0.050685710613732615	6.61200434349643e-05	unsupported	True	2.8708550869200102e-05	2.8708550869200102e-05
FAM234A	chr16:180184-180685	0	-0.0034839223753475924	0.039654857098854544	2	0.04313877947420214	0.048889720388351335	8.363379348199424e-05	unsupported	True	0.0077996530482384	0.0077996530482384
FAM234A	chr16:396493-396994	1	-0.014989929004833867	0.004372489005916455	2	0.019362418010750324	0.033132106089300686	2.8050290364711038e-06	unsupported	True	0.0053072723336209	0.0053072723336209
FAM234A	chr16:280407-280908	2	-0.017375195585520534	0.01789631234843117	3	0.0352715079339517	0.04221038798930046	2.6644459959702393e-05	unsupported	True	0.0041616965300743	0.0041616965300743
FAM234A	chr16:306823-307324	3	-0.030169002796303877	-0.0036033524517414648	3	0.026565650344562413	0.016298578477290576	0.0	unsupported	True	0.0039753911917359	0.0039753911917359
FAM234A	chr16:361353-361854	4	-0.01410054197571218	-0.0026632310935130266	5	0.011437310882199153	0.016097502667665894	0.0	unsupported	True	0.0036197408204236	0.0036197408204236
FAM234A	chr16:388210-388711	5	0.003785856907461713	0.023948246898598313	2	0.0201623899911366	0.03312238437603043	1.5993272260406566e-05	unsupported	True	0.0033923316745506	0.0033923316745506
FAM234A	chr16:278848-279349	6	0.00022380704988973145	0.06118413500355063	2	0.0609603279536609	0.060415703534378716	0.0002253387892168302	unsupported	True	0.0033436712213372	0.0033436712213372
FAM234A	chr16:275151-275652	7	-0.022675263437105526	0.01801324471965337	5	0.040688508156758896	0.021067012113339906	1.5440688474731877e-05	unsupported	True	0.0021037866787671	0.0021037866787671
FAM234A	chr16:229207-229708	8	-0.014154300037244263	0.018520717444886984	2	0.032675017482131245	0.025476750181038465	1.5417631569220812e-05	unsupported	True	0.0017389361191912	-0.0017389361191912
FAM234A	chr16:391752-392253	9	0.008071893153409544	0.043435419494955586	2	0.03536352634154604	0.051650169632711664	7.933618947658354e-05	unsupported	True	0.001463511617527	0.001463511617527
FAM234A	chr16:352565-353066	10	-0.015538568569131266	0.02180490274721272	2	0.03734347131634398	0.03245252459507522	2.64251418755633e-05	unsupported	True	0.0011645236295303	-0.0011645236295303
FAM234A	chr16:166118-166619	11	-0.013799884243166898	0.022367878039810968	5	0.03616776228297787	0.03820070437631244	3.09042206941343e-05	unsupported	True	0.0010318273615886	0.0010318273615886
FAM234A	chr16:138456-138957	12	-0.009377965092371486	0.02934332797481298	2	0.03872129306718446	0.038786748685232214	4.406995386309277e-05	unsupported	True	0.0009500365322394	-0.0009500365322394
FAM234A	chr16:275727-276228	13	-0.014260416554115297	0.018433942757482	3	0.032694359311597296	0.02303210046675931	1.3881123305219704e-05	unsupported	True	0.0008217627556169	0.0008217627556169
FAM234A	chr16:397614-398115	14	0.0029462999311194926	-0.00533517733275616	3	-0.008281477263875653	0.008334969065442045	0.0	unsupported	True	0.0006982157752395	-0.0006982157752395
FAM234A	chr16:181275-181776	15	-0.005943706688011538	0.03605942526718773	2	0.042003131955199266	0.049357545868718135	7.47573732069415e-05	unsupported	True	0.0006700992677455	0.0006700992677455
FAM234A	chr16:381787-382288	16	-0.006303626988168747	0.020840041620680295	3	0.027143668608849043	0.03200476974934735	1.8104304002321287e-05	unsupported	True	0.0006319825851675	-0.0006319825851675
FAM234A	chr16:106968-107469	17	-0.01647534666845213	0.041206395567631296	2	0.057681742236083425	0.07156675689121297	0.00017010392472745285	unsupported	True	0.0005254926566498	-0.0005254926566498
FAM234A	chr16:85504-86005	18	-0.01592457887357263	0.010257020018432867	2	0.026181598892005498	0.0364161483491876	9.779381257178708e-06	unsupported	True	0.0004383629689795	0.0004383629689795
FAM234A	chr16:362064-362565	19	-0.009128743238639884	0.00890253016002102	2	0.018031273398660903	0.023029773329173518	3.6968303034288056e-06	unsupported	True	0.0003498041874924	0.0003498041874924
HECTD2	chr10:91632903-91633404	0	-0.004026356017721514	0.007179225398472646	2	0.011205581416194162	0.012400945163095308	9.976237302852397e-07	unsupported	True	0.0086174140376007	0.0086174140376007
HECTD2	chr10:91598513-91599014	1	-0.014886450497668116	0.017903419236969375	2	0.03278986973463749	0.029012737055118528	1.7031950051160667e-05	unsupported	True	0.0083461638136896	0.0083461638136896
HECTD2	chr10:91422685-91423186	2	-0.0028285480822739565	0.10524182228573467	3	0.10807037036800862	0.10407649150086654	0.0011837163399352711	unsupported	True	0.0060508261138896	-0.0060508261138896
HECTD2	chr10:91389461-91389962	3	-0.0026326217794121914	0.010709648797866076	2	0.013342270577278267	0.022347154847020163	3.193208019443984e-06	unsupported	True	0.0059008445568401	-0.0059008445568401
HECTD2	chr10:91597221-91597722	4	-0.004717715798960713	0.02369194858844339	0	0.028409664387404103	0.055832840245652125	3.757998531359804e-05	unsupported	True	0.0027127906605962	0.0027127906605962
HECTD2	chr10:91368379-91368880	5	-0.018319681011265108	0.001299415798635101	1	0.01961909680990021	0.02369373038531982	6.040329015173652e-07	unsupported	True	0.0023895772798757	-0.0023895772798757
HECTD2	chr10:91409371-91409872	6	0.0011934227089830643	0.0271268837273422	2	0.02593346101835914	0.038900138205177064	2.7366013114352047e-05	unsupported	True	0.0019288779207473	-0.0019288779207473
HECTD2	chr10:91492980-91493481	7	-0.02457373797469055	0.004549116666018082	4	0.02912285464070863	0.024152529450348653	3.1998059211417006e-06	unsupported	True	0.0011199004973105	-0.0011199004973105
HECTD2	chr10:91543233-91543734	8	-0.00899300373061474	0.08456246739036219	2	0.09355547112097692	0.10436719616732339	0.0008256782657257401	unsupported	True	0.0010122712547503	0.0010122712547503
HECTD2	chr10:91590272-91590773	9	-0.0010330133016050336	0.005492299809631532	0	0.0065253131112365656	0.018706782380021346	6.704319239809219e-07	unsupported	True	0.0007241546043817	0.0007241546043817
HECTD2	chr10:91589224-91589725	10	0.003723014116587923	0.035044405930050995	0	0.03132139181346307	0.03988466158355289	4.3778982750488294e-05	unsupported	True	0.000700439232115	0.000700439232115
HECTD2	chr10:91527593-91528094	11	0.0032357548394594702	0.0719921717396562	3	0.06875641690019674	0.09796560102208178	0.0004849222575022839	unsupported	True	0.0006426854285807	-0.0006426854285807
HECTD2	chr10:91608656-91609157	12	0.0028408712219060083	0.03251472291259538	0	0.029673851690689368	0.055062672643964326	5.312650749085973e-05	unsupported	True	0.0006267853883719	0.0006267853883719
HECTD2	chr10:91381542-91382043	13	0.009188607446944662	0.015665314766646364	4	0.0064767073197017026	0.030949935222629017	3.1401698680209725e-06	unsupported	True	0.0006070590714051	0.0006070590714051
HECTD2	chr10:91591434-91591935	14	-0.0031757377045347856	0.041611092843297844	4	0.044786830547832626	0.06139786957767107	0.00011442284807793284	unsupported	True	0.0005983285956671	0.0005983285956671
HECTD2	chr10:91298197-91298698	15	0.010169410841610063	0.022757992264026573	4	0.01258858142241651	0.03004933852047518	8.608860192900228e-06	unsupported	True	0.0005837391056747	0.0005837391056747
HECTD2	chr10:91340817-91341318	16	0.0034742893750893487	0.016414740751089625	2	0.012940451376000276	0.02431905981814246	5.165712530457151e-06	unsupported	True	0.0005310877846029	-0.0005310877846029
HECTD2	chr10:91278140-91278641	17	-0.010841910165869051	0.019424065654831207	1	0.03026597582070026	0.048260320504461066	2.8371677848743065e-05	unsupported	True	0.00041659368425	0.00041659368425
HECTD2	chr10:91557273-91557774	18	0.0073952933186703824	0.011625076099773814	0	0.004229782781103432	0.014348905477259142	7.055578759962249e-07	unsupported	True	0.0003489329164004	0.0003489329164004
HECTD2	chr10:91313595-91314096	19	0.01074294778167515	0.044364235267078056	4	0.033621287485402905	0.05530059256648796	8.24854076134686e-05	unsupported	True	0.0002875777866078	-0.0002875777866078
PDK3	chrX:24395738-24396239	0	0.009276479950089846	0.057775431010734464	1	0.04849895106064462	0.047402884229442846	0.00013282514752077832	unsupported	True	0.0122202474720603	0.0122202474720603
PDK3	chrX:24464945-24465446	1	0.027151467632377538	0.05505050669569448	1	0.027899039063316942	0.031712713589569654	4.8706168951078846e-05	unsupported	True	0.0087091473883407	-0.0087091473883407
PDK3	chrX:24499115-24499616	2	0.056988174516133985	0.12476983262440483	0	0.06778165810827085	0.09286897657501073	0.0007854027917455532	unsupported	True	0.0051865425331509	0.0051865425331509
PDK3	chrX:24577045-24577546	3	-0.002401114330677711	0.029036456457313023	1	0.03143757078799073	0.04465595335084781	4.076354644047772e-05	unsupported	True	0.0026916739846094	0.0026916739846094
PDK3	chrX:24672740-24673241	4	0.017301388668477687	0.06587015833594441	2	0.04856876966746672	0.040934133612604263	0.0001309578125849126	unsupported	True	0.0026894707390599	-0.0026894707390599
PDK3	chrX:24594385-24594886	5	0.010135337080863822	0.05762252966984931	5	0.04748719258898548	0.035230312876110975	9.640183826704526e-05	unsupported	True	0.0021906727657707	-0.0021906727657707
PDK3	chrX:24567172-24567673	6	0.06338069599586416	0.1472924810987549	0	0.08391178510289074	0.13516733844357026	0.0016706108599133353	unsupported	True	0.0020349045086635	0.0020349045086635
PDK3	chrX:24647153-24647654	7	0.02407317611436076	0.04466513103812635	1	0.020591954923765594	0.009880393127896174	9.087416142592648e-06	unsupported	True	0.0019433210625917	-0.0019433210625917
PDK3	chrX:24646576-24647077	8	0.0308203564944652	0.09270392756023997	2	0.06188357106577477	0.07839489440124364	0.0004497397569425618	unsupported	True	0.0016463219630971	-0.0016463219630971
PDK3	chrX:24693537-24694038	9	0.018171324983876257	0.06036426383622271	1	0.04219293885234646	0.048852615623442855	0.00012442495894944975	unsupported	True	0.0014536255450362	0.0014536255450362
PDK3	chrX:24316076-24316577	10	0.004062752840477739	0.022898945932351686	5	0.018836193091873947	0.02529129373328507	1.0908867604678432e-05	unsupported	True	0.0007659875167339	0.0007659875167339
PDK3	chrX:24528569-24529070	11	0.026740817897711006	0.07718131879451891	2	0.050440500896807905	0.051570987426711595	0.00020076917418574466	unsupported	True	0.000665315857579	-0.000665315857579
PDK3	chrX:24563497-24563998	12	-0.0030493526604686598	0.034765226698664414	1	0.03781457935913307	0.04891403324437799	6.43039740884888e-05	unsupported	True	0.0005381631722683	-0.0005381631722683
PDK3	chrX:24619550-24620051	13	0.01314994387461566	0.051998459322967185	3	0.03884851544835152	0.030688377662029573	6.199245471984229e-05	unsupported	True	0.0004549454487237	0.0004549454487237
PDK3	chrX:24515467-24515968	14	0.008188901523278936	0.04804495715702081	2	0.03985605563374188	0.03876565455404983	7.423167293949127e-05	unsupported	True	0.0003855007998551	0.0003855007998551
PDK3	chrX:24494460-24494961	15	-0.004460247613708596	0.014043791726967585	4	0.01850403934067618	0.013908167839290957	3.6142721079210276e-06	unsupported	True	0.0002465466646215	-0.0002465466646215
PDK3	chrX:24490760-24491261	16	0.019606530066737037	0.0671659575685331	5	0.04755942750179606	0.03159528450738025	0.00010092717082106148	unsupported	True	0.0001391333830811	0.0001391333830811
PDK3	chrX:24655790-24656291	17	0.009396506244935753	0.06682810056083163	1	0.05743159431589588	0.07444784721999602	0.00028573414016004356	unsupported	True	9.291174412620474e-05	-9.291174412620474e-05
PDK3	chrX:24371342-24371843	18	0.022013001203503604	0.05981790082682668	1	0.03780489962332308	0.04476107060525507	0.00010122312088002649	unsupported	True	4.382257650766398e-05	-4.382257650766398e-05
PDK3	chrX:24392691-24393192	19	0.005822761291134516	0.050657406494978185	1	0.04483464520384367	0.049761925177191725	0.00011301962518976564	unsupported	True	4.256560366870255e-05	4.256560366870255e-05
ZNF292	chr6:87274475-87274976	0	0.0205470911074589	0.11204011065728431	5	0.09149301954982542	0.120902938151706	0.0012393624820632074	unsupported	True	0.0066750142810832	0.0066750142810832
ZNF292	chr6:87029695-87030196	1	0.02427375037601043	0.10837447275652813	5	0.0841007223805177	0.11239111507678322	0.0010243743700884581	unsupported	True	0.0055600030109865	0.0055600030109865
ZNF292	chr6:87277063-87277564	2	0.013968071906255966	0.05646046423045822	5	0.04249239232420225	0.049837919419379276	0.00011956815580825892	unsupported	True	0.0052017078528943	0.0052017078528943
ZNF292	chr6:87344561-87345062	3	0.024339606826918412	0.06432478137924257	4	0.03998517455232416	0.038627341589772816	9.935097540073303e-05	unsupported	True	0.005011997145399	0.005011997145399
ZNF292	chr6:87322300-87322801	4	0.0242237247994739	0.10530757773146251	5	0.08108385293198861	0.08975994983329823	0.0007664372461306403	unsupported	True	0.0025593301269537	0.0025593301269537
ZNF292	chr6:87155240-87155741	5	0.03132905573815872	0.11269582649585053	5	0.0813667707576918	0.08909028340532218	0.0008169307690391338	unsupported	True	0.0023963330975172	-0.0023963330975172
ZNF292	chr6:87066427-87066928	6	0.016360663461628882	0.08932002411773486	5	0.07295936065610598	0.09879278526787943	0.0006438060906430647	unsupported	True	0.0020625242432208	0.0020625242432208
ZNF292	chr6:87078079-87078580	7	0.04075490811985381	0.13345999087185675	4	0.09270508275200295	0.10835527271026392	0.0013406168887760861	unsupported	True	0.0020404938661691	0.0020404938661691
ZNF292	chr6:87155944-87156445	8	-0.004950956411125972	0.05674611582582814	5	0.061697072236954115	0.07310386543211755	0.0002559416921969928	unsupported	True	0.0018201125072457	-0.0018201125072457
ZNF292	chr6:87069433-87069934	9	-0.01361423399940564	0.03936193802481538	5	0.052976172024221016	0.07424880889296435	0.00015482694265094157	unsupported	True	0.0018044998456479	-0.0018044998456479
ZNF292	chr6:87408189-87408690	10	0.026106110461180766	0.10364518116941215	5	0.07753907070823139	0.07741530866147431	0.0006221520786588762	unsupported	True	0.0017949688048528	0.0017949688048528
ZNF292	chr6:87343451-87343952	11	0.02919434776237261	0.06395367482536754	0	0.034759327062994935	0.044928437605424414	9.987531925472055e-05	unsupported	True	0.0014222317458565	-0.0014222317458565
ZNF292	chr6:87152069-87152570	12	0.025774929285517507	0.10546554834937641	5	0.07969061906385891	0.08812135629226046	0.0007406260586272624	unsupported	True	0.0012392208001342	-0.0012392208001342
ZNF292	chr6:87123596-87124097	13	0.023263295518373927	0.055064390106818316	0	0.03180109458844439	0.02849388694632673	4.989586991344765e-05	unsupported	True	0.0008726398084213	0.0008726398084213
ZNF292	chr6:87162299-87162800	14	0.012069604546090835	0.04365704677986875	0	0.031587442233777914	0.028282651479431545	3.900218488372434e-05	unsupported	True	0.0007187479124361	-0.0007187479124361
ZNF292	chr6:87078926-87079427	15	0.005464270563269864	0.09175796976233135	5	0.08629369919906148	0.10032084669038892	0.0007943539714725913	unsupported	True	0.0006437722744658	0.0006437722744658
ZNF292	chr6:87101387-87101888	16	0.02783094296386489	0.11039600637591956	4	0.08256506341205468	0.10611034665546676	0.0009671802398608004	unsupported	True	0.0006090841434602	0.0006090841434602
ZNF292	chr6:87392973-87393474	17	0.009185009890273819	0.08595591697120959	5	0.07677090708093577	0.08478451706544657	0.0005594857124703943	unsupported	True	0.0005747762465872	-0.0005747762465872
ZNF292	chr6:87087279-87087780	18	0.013135615664684826	0.05599259070335517	0	0.04285697503867034	0.07315901682269978	0.0001755577219209222	unsupported	True	0.0005735495522732	0.0005735495522732
ZNF292	chr6:87102300-87102801	19	0.015522869246843984	0.06268884994841571	5	0.04716598070157173	0.06000893471293704	0.00017743328320247092	unsupported	True	0.0005427015549596	-0.0005427015549596
UBE2N	chr12:93537014-93537515	0	-0.009386447298450652	0.04224012823344594	1	0.05162657553189659	0.07860294346096944	0.00017141047406277372	unsupported	True	0.0183303936203495	0.0183303936203495
UBE2N	chr12:93520424-93520925	1	-0.0024766757623197935	0.08799176736722723	1	0.09046844312954702	0.08858861845431394	0.0007052077661446889	unsupported	True	0.0048788623991622	0.0048788623991622
UBE2N	chr12:93318712-93319213	2	-0.0022943012386062046	0.027696240482648037	1	0.02999054172125424	0.05111866702094657	4.2460455866172966e-05	unsupported	True	0.0031826294267243	0.0031826294267243
UBE2N	chr12:93569490-93569991	3	-0.004713535753051965	0.06417805402650131	1	0.06889158977955327	0.0910548423385123	0.0004025833395229993	unsupported	True	0.0027429953935831	-0.0027429953935831
UBE2N	chr12:93591421-93591922	4	-0.013919861687562351	0.04032228677189584	1	0.05424214845945819	0.06631583511677192	0.00014504383700200205	unsupported	True	0.0026627826949276	0.0026627826949276
UBE2N	chr12:93570097-93570598	5	-0.01720442898047623	0.04416505728490567	1	0.0613694862653819	0.08539197332070259	0.00023144528384309808	unsupported	True	0.0016115312599028	-0.0016115312599028
UBE2N	chr12:93441883-93442384	6	-0.01064856636723377	0.05440797307844237	1	0.06505653944567613	0.08409871173590672	0.0002976753330381487	unsupported	True	0.0015544427310291	0.0015544427310291
UBE2N	chr12:93396633-93397134	7	-0.005257557331257724	0.03963044916676391	1	0.04488800649802164	0.049625687402492395	8.828071638066096e-05	unsupported	True	0.0014023443222307	0.0014023443222307
UBE2N	chr12:93377610-93378111	8	-0.016481130206623482	0.052671069485790256	1	0.06915219969241373	0.0824381701918806	0.0003002662220290936	unsupported	True	0.0012819225237012	-0.0012819225237012
UBE2N	chr12:93433173-93433674	9	0.008081142611135976	0.06839755924840964	1	0.06031641663727366	0.06838444559052373	0.00028211973490390986	unsupported	True	0.001158704842269	0.001158704842269
UBE2N	chr12:93397383-93397884	10	-0.01374855094407981	0.05219902326270752	1	0.06594757420678733	0.06902036060708891	0.000237595617582277	unsupported	True	0.0011143823835846	-0.0011143823835846
UBE2N	chr12:93570684-93571185	11	-0.013895786870462685	0.04611741907897411	1	0.06001320594943679	0.08419036004185443	0.00023300980096306614	unsupported	True	0.0007744774107734	0.0007744774107734
UBE2N	chr12:93349591-93350092	12	-0.005243341172410436	0.08333418418779337	1	0.0885775253602038	0.07923704555236141	0.000584891089482158	unsupported	True	0.0006869819214667	0.0006869819214667
UBE2N	chr12:93467225-93467726	13	-0.009851362483322653	0.05735018445841377	1	0.06720154694173643	0.08722764728929314	0.00033617719429019505	unsupported	True	0.0005529883550609	-0.0005529883550609
UBE2N	chr12:93423487-93423988	14	-0.025965874005279704	0.015220761872879232	1	0.041186635878158934	0.03486363979381627	2.1855736077380468e-05	unsupported	True	0.0004300155122084	0.0004300155122084
UBE2N	chr12:93521582-93522083	15	-0.010869376792931963	0.03877027390787642	1	0.049639650700808384	0.05296322859976936	0.00010193000314560874	unsupported	True	0.0004099272304998	0.0004099272304998
UBE2N	chr12:93441382-93441883	16	-0.007835594664124354	0.05946112533374401	1	0.06729671999786836	0.08449335913114198	0.0003381034466542417	unsupported	True	0.0004056057817728	-0.0004056057817728
UBE2N	chr12:93502983-93503484	17	0.008284920658990823	0.06020839636948041	1	0.05192347571048959	0.049056548914223244	0.00015336201598369222	unsupported	True	0.000347808186167	-0.000347808186167
UBE2N	chr12:93354123-93354624	18	-0.013789758842858555	0.028669178789064116	4	0.04245893763192267	0.03813689633176191	4.642262804046884e-05	unsupported	True	0.0003368700701778	-0.0003368700701778
UBE2N	chr12:93503599-93504100	19	0.0021398157853216543	0.04381717691189048	2	0.04167736112656883	0.06286768845810184	0.00011480798599804978	unsupported	True	0.0002555977818288	0.0002555977818288
BTNL2	chr6:32254732-32255233	0	0.0	0.0	0	0.0	0.0	0.0	unsupported	True	0.01662872970154	0.01662872970154
BTNL2	chr6:32431877-32432378	1	0.0	0.0	0	0.0	0.0	0.0	unsupported	True	0.0116200342490729	0.0116200342490729
BTNL2	chr6:32521672-32522173	2	0.0	0.0	0	0.0	0.0	0.0	unsupported	True	0.0067645097201745	0.0067645097201745
BTNL2	chr6:32255477-32255978	3	0.0	0.0	0	0.0	0.0	0.0	unsupported	True	0.0028599807673775	0.0028599807673775
BTNL2	chr6:32487973-32488474	4	0.0	0.0	0	0.0	0.0	0.0	unsupported	True	0.0017461784399533	-0.0017461784399533
BTNL2	chr6:32413354-32413855	5	0.0	0.0	0	0.0	0.0	0.0	unsupported	True	0.0008988460865193	0.0008988460865193
BTNL2	chr6:32330139-32330640	6	0.0	0.0	0	0.0	0.0	0.0	unsupported	True	0.0008166084900591	-0.0008166084900591
BTNL2	chr6:32365985-32366486	7	0.0	0.0	0	0.0	0.0	0.0	unsupported	True	0.0006231121911628	-0.0006231121911628
BTNL2	chr6:32415402-32415903	8	0.0	0.0	0	0.0	0.0	0.0	unsupported	True	0.0005625279682579	-0.0005625279682579
BTNL2	chr6:32368378-32368879	9	0.0	0.0	0	0.0	0.0	0.0	unsupported	True	0.0004842367554494	0.0004842367554494
BTNL2	chr6:32439544-32440045	10	0.0	0.0	0	0.0	0.0	0.0	unsupported	True	0.0003624821393744	0.0003624821393744
BTNL2	chr6:32435114-32435615	11	0.0	0.0	0	0.0	0.0	0.0	unsupported	True	0.0002207561914939	0.0002207561914939
BTNL2	chr6:32276332-32276833	12	0.0	0.0	0	0.0	0.0	0.0	unsupported	True	0.000171218162003	-0.000171218162003
BTNL2	chr6:32337165-32337666	13	0.0	0.0	0	0.0	0.0	0.0	unsupported	True	0.0001273131193143	-0.0001273131193143
BTNL2	chr6:32315988-32316489	14	0.0	0.0	0	0.0	0.0	0.0	unsupported	True	0.0001134086707791	0.0001134086707791
BTNL2	chr6:32393597-32394098	15	0.0	0.0	0	0.0	0.0	0.0	unsupported	True	9.432950269600738e-05	-9.432950269600738e-05
BTNL2	chr6:32244878-32245379	16	0.0	0.0	0	0.0	0.0	0.0	unsupported	True	2.488010050550721e-05	2.488010050550721e-05
LRRC34	chr3:169811497-169811998	0	0.047340422785590634	0.10148171478162875	4	0.054141291996038114	0.022128007425296706	0.00012157904309419364	unsupported	True	0.0084413941210609	0.0084413941210609
LRRC34	chr3:169771704-169772205	1	0.05201321472509608	0.07734397416706622	4	0.025330759441970135	0.015125164924420328	2.9632944876057936e-05	unsupported	True	0.0055996040985798	-0.0055996040985798
LRRC34	chr3:169764864-169765365	2	0.03970421523170557	0.07739869229687472	4	0.03769447706516915	0.017604145598527722	5.136015167429365e-05	unsupported	True	0.0053801407229581	0.0053801407229581
LRRC34	chr3:169773098-169773599	3	0.03533430301572976	0.07524712717148127	3	0.03991282415575151	0.022664461388725368	6.80687515466489e-05	unsupported	True	0.0039279141451967	-0.0039279141451967
LRRC34	chr3:169668399-169668900	4	0.014995272118050377	0.09418153127447454	1	0.07918625915642416	0.07786030406979909	0.0005806730492504279	unsupported	True	0.0033281804835303	-0.0033281804835303
LRRC34	chr3:169694036-169694537	5	0.024855956322976575	0.05362282053752088	3	0.028766864214544302	0.043435840575759006	6.700240749142116e-05	unsupported	True	0.0033119536257842	0.0033119536257842
LRRC34	chr3:169744535-169745036	6	0.06192771818521142	0.10812400674169523	4	0.046196288556483805	0.04610565688742117	0.00023029442803069785	unsupported	True	0.0020999488276914	0.0020999488276914
LRRC34	chr3:169662421-169662922	7	0.05850095869870812	0.12147067150012965	4	0.06296971280142152	0.11300517268885611	0.0008643735484509051	unsupported	True	0.0020621993981243	0.0020621993981243
LRRC34	chr3:169812313-169812814	8	0.06865239183213963	0.13537971323075085	4	0.06672732139861122	0.10261025375868926	0.0009269323578045543	unsupported	True	0.0016040586507624	0.0016040586507624
LRRC34	chr3:169772534-169773035	9	0.029542375666898293	0.0690145262168154	1	0.03947215054991711	0.015571598872911367	4.241939861519789e-05	unsupported	True	0.0015556697720909	-0.0015556697720909
LRRC34	chr3:169813734-169814235	10	0.026974834528979502	0.05682883808196984	1	0.029854003552990338	0.010596790524101597	1.7978179245343265e-05	unsupported	True	0.0013316260778584	-0.0013316260778584
LRRC34	chr3:169879755-169880256	11	0.0203394854420697	0.06599178097014605	4	0.04565229552807634	0.03304990708884204	9.956867138313659e-05	unsupported	True	0.0012154113630288	0.0012154113630288
LRRC34	chr3:169863355-169863856	12	0.082720700863281	0.1473781849336166	4	0.0646574840703356	0.15484288718235203	0.0014755137657561856	unsupported	True	0.0008944408250883	0.0008944408250883
LRRC34	chr3:169764303-169764804	13	0.058239700599918696	0.10145775951587627	4	0.04321805891595757	0.05069510087242318	0.00022228825488068577	unsupported	True	0.0008720408234514	0.0008720408234514
LRRC34	chr3:169739349-169739850	14	0.0050058163316268126	0.09682266357642434	3	0.09181684724479752	0.0905724306422535	0.0008051845347965647	unsupported	True	0.0007651274417635	-0.0007651274417635
LRRC34	chr3:169886580-169887081	15	0.09325200876912505	0.16184861782580598	4	0.06859660905668093	0.15575968540362836	0.0017292855160243902	unsupported	True	0.0004814655502258	-0.0004814655502258
LRRC34	chr3:169905860-169906361	16	-0.011232134243257247	0.06917477250641613	3	0.08040690674967338	0.07973634775900412	0.00044350389068553004	unsupported	True	0.000419670290236	-0.000419670290236
LRRC34	chr3:169880595-169881096	17	-0.008735901241348043	0.02687118449086315	1	0.03560708573221119	0.035352805736842755	3.382572608752332e-05	unsupported	True	0.0003636809617678	-0.0003636809617678
LRRC34	chr3:169840973-169841474	18	0.0683417439517996	0.1152836066969423	4	0.04694186274514271	0.07453781669000305	0.000403370879383635	unsupported	True	0.0002507236254164	-0.0002507236254164
LRRC34	chr3:169818286-169818787	19	0.023191891176547356	0.1247604341714896	1	0.10156854299494225	0.08923825624829725	0.0011308035816420376	unsupported	True	0.0002072737397605	-0.0002072737397605
USP2	chr11:119315327-119315828	0	0.026763737998549985	0.07163659300762125	1	0.04487285500907126	0.07240345410608942	0.00023274368723637771	unsupported	True	0.0041929623437175	0.0041929623437175
USP2	chr11:119364013-119364514	1	0.03486078278167296	0.05834609500702484	3	0.023485312225351877	0.0290455127007685	3.980037646604803e-05	unsupported	True	0.0038593740245792	0.0038593740245792
USP2	chr11:119339808-119340309	2	0.02961092870572199	0.06402349925747013	1	0.03441257055174814	0.0544771714113754	0.00012002482234417144	unsupported	True	0.0030705494332591	0.0030705494332591
USP2	chr11:119316943-119317444	3	0.031487171121050574	0.07485218680253121	3	0.043365015681480636	0.06431847441563987	0.00020877559749311636	unsupported	True	0.0030393298759117	0.0030393298759117
USP2	chr11:119320804-119321305	4	0.028549328741465263	0.06379052366383729	1	0.03524119492237203	0.059741673348230655	0.00013430252438345237	unsupported	True	0.0028154307494947	0.0028154307494947
USP2	chr11:119374985-119375486	5	0.02565664159715599	0.060839820765449894	1	0.0351831791682939	0.049257980107110994	0.00010543859371699265	unsupported	True	0.002683755895775	0.002683755895775
USP2	chr11:119376139-119376640	6	0.029094560662641555	0.06717457267135962	1	0.038080012008718064	0.05461259380922254	0.00013969948102818787	unsupported	True	0.0021863830043366	0.0021863830043366
USP2	chr11:119340427-119340928	7	0.02811620485969394	0.07170369916544943	1	0.04358749430575549	0.07296552891941085	0.0002280453388888237	unsupported	True	0.002145668535504	0.002145668535504
USP2	chr11:119205699-119206200	8	0.029273446035336312	0.053085922555247286	4	0.023812476519910974	0.019139323579942302	2.419415835559974e-05	unsupported	True	0.0020772687828432	-0.0020772687828432
USP2	chr11:119375531-119376032	9	0.03117668466975417	0.07128930779515455	1	0.040112623125400385	0.06148442782331726	0.00017582093967800962	unsupported	True	0.0020433604154396	0.0020433604154396
USP2	chr11:119356667-119357168	10	0.03277789746091753	0.06393046279364285	1	0.031152565332725327	0.04739665610063001	9.4395081654271e-05	unsupported	True	0.0019534841777168	0.0019534841777168
USP2	chr11:119251986-119252487	11	0.01811734059681663	0.0669183206380997	1	0.04880098004128307	0.06797438281374107	0.00022198255730687374	unsupported	True	0.0018157859011628	0.0018157859011628
USP2	chr11:119374099-119374600	12	0.03540536754209137	0.06976354215475836	1	0.034358174612666985	0.05970332267203912	0.0001431057576601708	unsupported	True	0.0017814465417467	0.0017814465417467
USP2	chr11:119352805-119353306	13	0.028603403191083017	0.06988357705429295	1	0.04128017386320993	0.06776880920453632	0.00019549988170425238	unsupported	True	0.00174557760984	0.00174557760984
USP2	chr11:119334172-119334673	14	0.027443381812839805	0.04747257938102635	2	0.020029197568186545	0.015130272423265569	1.4386433000007649e-05	unsupported	True	0.0015597200356947	-0.0015597200356947
USP2	chr11:119315971-119316472	15	0.02995361679837731	0.06865319720003331	1	0.038699580401656	0.057705961640055724	0.00015331607984813127	unsupported	True	0.0015267245625916	0.0015267245625916
USP2	chr11:119206438-119206939	16	0.03256229169505314	0.061723389767427826	2	0.029161098072374686	0.037084356534193307	6.674894259434653e-05	unsupported	True	0.0014763287510292	0.0014763287510292
USP2	chr11:119320124-119320625	17	0.027642831065415374	0.06577241134165529	3	0.038129580276239916	0.042822002545699386	0.0001073922055774737	unsupported	True	0.0013883102488349	0.0013883102488349
USP2	chr11:119323463-119323964	18	0.03110723516401473	0.06954453058074446	3	0.03843729541672973	0.056109133381647136	0.00014998553016941664	unsupported	True	0.0013777689064475	0.0013777689064475
USP2	chr11:119222222-119222723	19	0.03082185635672054	0.06749055506612904	2	0.036668698709408504	0.04735480406522989	0.00011719323483106233	unsupported	True	0.0013645177121811	0.0013645177121811
RTN2	chr19:45528590-45529091	0	0.025828424065453548	0.061554755626692874	4	0.035726331561239326	0.03774094668200635	8.299708234461506e-05	unsupported	True	0.0109639005544422	0.0109639005544422
RTN2	chr19:45529302-45529803	1	0.017320459138320855	0.05228653971640362	2	0.03496608057808276	0.037003191837958735	6.765128384715615e-05	unsupported	True	0.0038114856938113	0.0038114856938113
RTN2	chr19:45423584-45424085	2	0.008514552602642505	0.0438528982934251	1	0.03533834569078259	0.035101550253741266	5.4396482079179235e-05	unsupported	True	0.0037004094674875	0.0037004094674875
RTN2	chr19:45645938-45646439	3	0.013060005704407332	0.053109542968448824	1	0.04004953726404149	0.049149894523227745	0.00010454244593196704	unsupported	True	0.0029632938483708	0.0029632938483708
RTN2	chr19:45385434-45385935	4	0.020708836886093835	0.042514499934048974	4	0.02180566304795514	0.019770923518777267	1.83287702808524e-05	unsupported	True	0.0027809965358276	0.0027809965358276
RTN2	chr19:45602003-45602504	5	-0.021066745869916904	0.02353529690600991	0	0.04460204277592682	0.040433283864979436	4.244372051752109e-05	unsupported	True	0.0022727387414556	-0.0022727387414556
RTN2	chr19:45645397-45645898	6	0.019423906572558287	0.06428426243766872	1	0.04486035586511043	0.061090429941112995	0.00017617349146891462	unsupported	True	0.0021238382368314	0.0021238382368314
RTN2	chr19:45444160-45444661	7	-0.03019271977224869	0.01892415229416875	1	0.04911687206641744	0.04887455493804009	4.5428662613865645e-05	unsupported	True	0.0019910184422872	-0.0019910184422872
RTN2	chr19:45523675-45524176	8	-0.003556957100317475	0.03910501117047907	1	0.042661968270796546	0.04076342571916131	6.800549047428962e-05	unsupported	True	0.0014478949659017	-0.0014478949659017
RTN2	chr19:45584641-45585142	9	0.005555918250768456	0.04317621597594575	1	0.0376202977251773	0.04142404247853049	6.728515917434985e-05	unsupported	True	0.0013507192277481	0.0013507192277481
RTN2	chr19:45630327-45630828	10	-0.016441106259955544	0.019202671783974504	3	0.03564377804393005	0.031387830438613595	2.148358168031809e-05	unsupported	True	0.0012088688612621	0.0012088688612621
RTN2	chr19:45406129-45406630	11	0.014291079670924854	0.0523594384377601	1	0.038068358766835245	0.04857229598366684	9.681614062675856e-05	unsupported	True	0.001192541591319	0.001192541591319
RTN2	chr19:45638976-45639477	12	-0.03429618017351206	0.008235660797131566	1	0.04253184097064363	0.04555514575860117	1.595695693253179e-05	unsupported	True	0.0011441929761808	-0.0011441929761808
RTN2	chr19:45584127-45584628	13	0.00490246555221649	0.0437551525458479	1	0.03885268699363141	0.042114401631151994	7.159470371447656e-05	unsupported	True	0.0011388428500712	0.0011388428500712
RTN2	chr19:45439601-45440102	14	-0.018513510961104745	0.02281014834682209	1	0.041323659307926836	0.03688917184309967	3.4771689077156944e-05	unsupported	True	0.0011353127515616	-0.0011353127515616
RTN2	chr19:45478387-45478888	15	0.003464903810501627	0.03665410512217307	1	0.03318920131167144	0.030956156243845425	3.765879786075776e-05	unsupported	True	0.0010574864528105	0.0010574864528105
RTN2	chr19:45442803-45443304	16	-0.01868639957389326	0.02887817895186182	0	0.047564578525755075	0.050686250150914644	6.96215389132872e-05	unsupported	True	0.0010019775425349	-0.0010019775425349
RTN2	chr19:45485240-45485741	17	-0.009909663483749078	0.04076999050347745	1	0.05067965398722653	0.05033894148420027	0.0001040107745380577	unsupported	True	0.0009818600124239	-0.0009818600124239
RTN2	chr19:45608140-45608641	18	-0.008551427107923712	0.024316333303598968	2	0.03286776041152268	0.03905739433245916	3.1215584161778125e-05	unsupported	True	0.000951406205185	0.000951406205185
RTN2	chr19:45370429-45370930	19	0.002272220361086509	0.0464399094971454	1	0.044167689136058896	0.052148970321367435	0.00010696502078549108	unsupported	True	0.000883558479879	0.000883558479879
PRPF39	chr14:45199073-45199574	0	-0.003792756441641076	0.04413642265497962	2	0.0479291790966207	0.057171712324974505	0.00012094232696536427	unsupported	True	0.0142113425311934	0.0142113425311934
PRPF39	chr14:45159843-45160344	1	-0.0008415947617474092	0.07813616833283131	2	0.07897776309457871	0.09987477208124836	0.0006163291952057566	unsupported	True	0.0076798053182613	0.0076798053182613
PRPF39	chr14:45134311-45134812	2	0.007176977754153809	0.03833866814830337	5	0.03116169039414956	0.050937877227962315	6.08553651217316e-05	unsupported	True	0.0046064418023183	0.0046064418023183
PRPF39	chr14:44961845-44962346	3	0.007210004511441517	0.03689610770559492	5	0.029686103194153404	0.04683088203491525	5.1293942870081515e-05	unsupported	True	0.0030664564009153	0.0030664564009153
PRPF39	chr14:45251848-45252349	4	-0.0068277866264993175	0.039798542863937414	2	0.046626329490436734	0.039881719393811806	7.400691032606511e-05	unsupported	True	0.0028408467583169	-0.0028408467583169
PRPF39	chr14:45083811-45084312	5	0.005439696140387006	0.037444786206759006	5	0.032005090066372	0.04357997782879692	5.2227280675165035e-05	unsupported	True	0.0028176897941957	0.0028176897941957
PRPF39	chr14:44988602-44989103	6	0.014961926997739135	0.01815948160110618	5	0.0031975546033670456	0.008276884127840329	4.806050073966155e-07	unsupported	True	0.0023002406388704	0.0023002406388704
PRPF39	chr14:44981283-44981784	7	0.007367967875999659	0.04675526587846004	3	0.03938729800246038	0.042869501053485776	7.894691227610622e-05	unsupported	True	0.0015563132278963	0.0015563132278963
PRPF39	chr14:45135595-45136096	8	0.01273835127555622	0.04307300168302167	5	0.030334650407465448	0.06353130590529577	8.301028688657903e-05	unsupported	True	0.0015010252636337	0.0015010252636337
PRPF39	chr14:44980361-44980862	9	0.007677479489116762	0.0465174572218689	5	0.03883997773275214	0.04432816302447065	8.008933239721514e-05	unsupported	True	0.001361434386238	-0.001361434386238
PRPF39	chr14:45253016-45253517	10	0.0075920402175584	0.05775853043625827	2	0.05016649021869987	0.06739901256069547	0.00019529152034913173	unsupported	True	0.0012433318959522	-0.0012433318959522
PRPF39	chr14:45104612-45105113	11	-0.0019916571277890077	0.021930698095761373	4	0.02392235522355038	0.02335110062660748	1.2250780162022856e-05	unsupported	True	0.0009069543103731	-0.0009069543103731
PAPPA2	chr1:176553132-176553633	0	0.0402590207726109	0.1414081071218294	1	0.10114908634921851	0.15134144953654052	0.002164682281941613	unsupported	True	0.0138429010406036	0.0138429010406036
PAPPA2	chr1:176479826-176480327	1	0.028020871244092978	0.1769471801489185	1	0.14892630890482553	0.18433269080545078	0.004857551733752046	unsupported	True	0.0041267795943432	0.0041267795943432
PAPPA2	chr1:176794468-176794969	2	-0.019022817053624706	0.016288340480815167	5	0.03531115753443988	0.04721640398484203	2.715699431438561e-05	unsupported	True	0.0036792178484642	0.0036792178484642
PAPPA2	chr1:176552525-176553026	3	0.035261529162885406	0.14032519944250973	1	0.10506367027962432	0.15984113555822416	0.00235655072653257	unsupported	True	0.0024925795155984	0.0024925795155984
PAPPA2	chr1:176982046-176982547	4	0.059805391403203206	0.18642277532698576	1	0.12661738392378255	0.1949035633057388	0.004600574675718776	unsupported	True	0.0024562032276643	0.0024562032276643
PAPPA2	chr1:176493841-176494342	5	0.03072858000456669	0.15764248990648594	1	0.12691390990191925	0.15793253594057466	0.003159760157084163	unsupported	True	0.0020073352779784	0.0020073352779784
PAPPA2	chr1:176559763-176560264	6	0.01858491330228533	0.11984628806373507	1	0.10126137476144974	0.11417363185672844	0.0013855883488582009	unsupported	True	0.0019194957183826	0.0019194957183826
PAPPA2	chr1:176638954-176639455	7	0.012869724695506098	0.10844313171972654	1	0.09557340702422044	0.12842528822895927	0.0013310355906557298	unsupported	True	0.0018855107055217	0.0018855107055217
PAPPA2	chr1:176843685-176844186	8	-0.004871159024392776	0.04240622762390341	5	0.047277386648296185	0.04508433778500693	9.038758796741406e-05	unsupported	True	0.0013258240268306	-0.0013258240268306
PAPPA2	chr1:176691484-176691985	9	0.022065881528049634	0.11332848769047754	1	0.0912626061624279	0.13242410341267438	0.0013696165688508997	unsupported	True	0.0011456548717219	0.0011456548717219
PAPPA2	chr1:176969949-176970450	10	0.026496317962070227	0.13216860679241696	1	0.10567228883034674	0.15103242216887647	0.0021094032640229174	unsupported	True	0.00111382431105	0.00111382431105
PAPPA2	chr1:176716978-176717479	11	0.004666641362249327	0.06972056969605646	1	0.06505392833380713	0.08146685461391463	0.00036950081685670644	unsupported	True	0.0010870277871689	0.0010870277871689
PAPPA2	chr1:176517275-176517776	12	-0.003753983235186893	0.03178831220528141	1	0.0355422954404683	0.04189630696902533	4.733568707202113e-05	unsupported	True	0.0010774902633465	0.0010774902633465
PAPPA2	chr1:176656262-176656763	13	0.02194400051759003	0.12539118820379028	1	0.10344718768620025	0.14083502946577212	0.0018268226818817107	unsupported	True	0.0010660802298766	0.0010660802298766
PAPPA2	chr1:176983723-176984224	14	-0.013266866404089566	0.023676663401588114	4	0.03694352980567768	0.033012363854728846	2.8875898820291362e-05	unsupported	True	0.0010359917881949	-0.0010359917881949
PAPPA2	chr1:176494424-176494925	15	-0.0016006267478774847	0.053633701523092596	1	0.05523432827097008	0.0676392251274195	0.00020037589315868645	unsupported	True	0.0009049331303199	0.0009049331303199
PAPPA2	chr1:176374888-176375389	16	-0.0010162405347127594	0.10380174629130956	1	0.10481798682602232	0.12825039914418535	0.001395401544959255	unsupported	True	0.0007831764966647	0.0007831764966647
PAPPA2	chr1:176363714-176364215	17	0.016408920245882162	0.07736536905273356	5	0.060956448806851395	0.06723556607035079	0.0003170774269003662	unsupported	True	0.0007487225252944	-0.0007487225252944
PAPPA2	chr1:176460433-176460934	18	0.004544711035603884	0.061388881521026936	5	0.05684417048542305	0.0787880988905079	0.0002749389535985025	unsupported	True	0.000739675233599	0.000739675233599
PAPPA2	chr1:176501511-176502012	19	0.008639510278967465	0.17273449346625996	1	0.1640949831872925	0.1689022843808464	0.004787512246488568	unsupported	True	0.0006534397200368	0.0006534397200368
GEMIN5	chr5:155056862-155057363	0	-0.010115073158838297	0.0403762744441525	3	0.0504913476029908	0.044110284220153034	8.992554154842602e-05	unsupported	True	0.0100871565294946	0.0100871565294946
GEMIN5	chr5:155053547-155054048	1	-0.016990791402290772	0.04420901251841426	3	0.06119980392070504	0.07777193368947988	0.00021041841370781137	unsupported	True	0.0058739066731132	0.0058739066731132
GEMIN5	chr5:155085422-155085923	2	-0.013937538831728076	0.05866431606003289	1	0.07260185489176096	0.07031908559699104	0.00029949870097710566	unsupported	True	0.0034143918668979	0.0034143918668979
GEMIN5	chr5:154740315-154740816	3	-0.013133722182312138	0.05530288633152661	0	0.06843660851383875	0.07927635294642192	0.00030004054114097454	unsupported	True	0.00301868819414	-0.00301868819414
GEMIN5	chr5:154814470-154814971	4	-0.022030583370272354	0.018658798076486762	0	0.04068938144675911	0.056873823560464165	4.317945723999675e-05	unsupported	True	0.0028556748260543	0.0028556748260543
GEMIN5	chr5:154857627-154858128	5	-0.010477763802470539	0.03514999410542193	0	0.045627757907892474	0.0499326124679986	8.00826939122609e-05	unsupported	True	0.0024895424076867	-0.0024895424076867
GEMIN5	chr5:154972431-154972932	6	-0.007106135163212189	0.06999930197934014	4	0.07710543714255233	0.07889836810270957	0.0004258402749636285	unsupported	True	0.0024262740447317	0.0024262740447317
GEMIN5	chr5:154945628-154946129	7	-0.014603812112747763	0.015397953700118127	1	0.030001765812865892	0.03697840728115734	1.708275953595301e-05	unsupported	True	0.0022200329049666	0.0022200329049666
GEMIN5	chr5:154850414-154850915	8	-0.011444338809684783	0.03765798698504078	0	0.049102325794725565	0.0509955163513459	9.429554134019547e-05	unsupported	True	0.0019354477557101	-0.0019354477557101
GEMIN5	chr5:155084623-155085124	9	-0.014142045878184024	0.02448238513459893	3	0.038624431012782956	0.023852423797393392	2.2555285953401616e-05	unsupported	True	0.0013925326015084	0.0013925326015084
GEMIN5	chr5:155075789-155076290	10	-0.008443606524827434	0.029058335111351252	0	0.03750194163617869	0.048408769252991715	5.275316523041779e-05	unsupported	True	0.0012542712730496	0.0012542712730496
GEMIN5	chr5:154937995-154938496	11	0.0015338954163175624	0.10326320832223843	4	0.10172931290592087	0.12644879449937127	0.0013283313383125493	unsupported	True	0.0010930955206629	-0.0010930955206629
GEMIN5	chr5:154985081-154985582	12	-0.02054305028784119	-0.01437659542892733	1	0.0061664548589138585	0.0074324341876326715	0.0	unsupported	True	0.0010534964041771	0.0010534964041771
GEMIN5	chr5:154835418-154835919	13	-0.004775863435707214	0.02667368035894021	5	0.03144954379464742	0.049980984731546094	4.192780249582673e-05	unsupported	True	0.0009871756920447	-0.0009871756920447
GEMIN5	chr5:154884919-154885420	14	-0.009770262920437605	0.047112531808614334	0	0.05688279472905194	0.07145767469395917	0.00019149888476732203	unsupported	True	0.0007495885827159	0.0007495885827159
GEMIN5	chr5:154940814-154941315	15	-0.011408792932092507	0.04175308766601452	0	0.05316188059810703	0.06494932497686991	0.00014416624100824975	unsupported	True	0.0007366570366586	-0.0007366570366586
GEMIN5	chr5:154967409-154967910	16	-0.0068504744969395135	0.0429090640781434	0	0.04975953857508291	0.06660829169183381	0.00014221771014920177	unsupported	True	0.0006973532521994	0.0006973532521994
GEMIN5	chr5:154771441-154771942	17	-0.008952465169498379	0.06203619561845354	0	0.07098866078795192	0.08264571127310676	0.00036396067489164087	unsupported	True	0.0006931999512696	-0.0006931999512696
GEMIN5	chr5:154740916-154741417	18	-0.007765666533841652	0.037174678103794115	1	0.04494034463763577	0.05678909731785663	9.48742991522496e-05	unsupported	True	0.0006642335186036	-0.0006642335186036
GEMIN5	chr5:154980391-154980892	19	0.006388375668979519	0.0404704830495916	0	0.034082107380612084	0.049844093723381215	6.875092290809381e-05	unsupported	True	0.0004470137310062	-0.0004470137310062
PTTG1	chr5:160508733-160509234	0	0.0020344540954370803	0.08739668774533128	3	0.0853622336498942	0.09091851555848826	0.0006782863550275842	unsupported	True	0.0069469496797252	-0.0069469496797252
PTTG1	chr5:160421560-160422061	1	0.04490059560341498	0.06902470396352256	1	0.02412410836010758	0.04519457337978638	7.525617040703969e-05	unsupported	True	0.0059407465879529	0.0059407465879529
PTTG1	chr5:160312340-160312841	2	0.08050140329745178	0.12312392746092878	1	0.04262252416347699	0.09430578645759966	0.0004949028641391251	unsupported	True	0.0050541118647421	0.0050541118647421
PTTG1	chr5:160536974-160537475	3	0.07665848939325066	0.10369778382587826	1	0.027039294432627592	0.06383194177722223	0.00017897933321184265	unsupported	True	0.0041523767668946	0.0041523767668946
PTTG1	chr5:160418904-160419405	4	0.04136742350762759	0.08595116452799491	1	0.044583741020367315	0.06798123896118546	0.00026050577050100026	unsupported	True	0.0040974881489047	0.0040974881489047
PTTG1	chr5:160439081-160439582	5	0.04672173277303889	0.08153424303850994	5	0.034812510265471046	0.07607946965473707	0.00021594485472581725	unsupported	True	0.0034214938725143	0.0034214938725143
PTTG1	chr5:160399847-160400348	6	0.025433478735674933	0.07004313973022835	1	0.04460966099455342	0.04957270800611198	0.00015489491904692934	unsupported	True	0.0026544670423645	-0.0026544670423645
PTTG1	chr5:160357766-160358267	7	0.08534643226585759	0.112551087649601	1	0.02720465538374342	0.0863005616990582	0.00026424485946099967	unsupported	True	0.0026478985410442	0.0026478985410442
PTTG1	chr5:160467593-160468094	8	0.02957764385073624	0.14372359602342583	5	0.11414595217268958	0.1461496439563338	0.0023976531197405816	unsupported	True	0.0022702439265678	0.0022702439265678
PTTG1	chr5:160391105-160391606	9	0.021995188460103274	0.13793905573486623	3	0.11594386727476295	0.13841029472105673	0.0022136218051107596	unsupported	True	0.0012635230077074	-0.0012635230077074
PTTG1	chr5:160438303-160438804	10	0.00836918310277886	0.1089856973450656	3	0.10061651424228674	0.0992215092868481	0.0010880393538354267	unsupported	True	0.0012191396839501	-0.0012191396839501
PTTG1	chr5:160356522-160357023	11	0.08122100405251825	0.1422283385989242	1	0.061007334546405945	0.13303648179217778	0.001154353805522794	unsupported	True	0.0008308795070817	0.0008308795070817
PTTG1	chr5:160287512-160288013	12	0.07072588868155529	0.12802660637891464	1	0.05730071769735935	0.111952905408625	0.0008212883534492579	unsupported	True	0.0007886530731491	0.0007886530731491
PTTG1	chr5:160345247-160345748	13	0.03311442794879712	0.11001423440991547	1	0.07689980646111835	0.1130145030179013	0.000956110983347249	unsupported	True	0.0006697732636206	0.0006697732636206
PTTG1	chr5:160506567-160507068	14	-0.0020489049153107936	0.04383290009206648	3	0.04588180500737728	0.04570370282458055	9.191620554552761e-05	unsupported	True	0.0006328055390755	-0.0006328055390755
PTTG1	chr5:160433921-160434422	15	0.025213557033877954	0.10537727381791587	3	0.08016371678403791	0.10386661568647464	0.0008774063739402833	unsupported	True	0.0003377056326835	-0.0003377056326835
PTTG1	chr5:160473525-160474026	16	-0.02018084804276111	0.14622062774647607	3	0.16640147578923717	0.17997867924104127	0.004379120322226896	unsupported	True	0.0003307059367887	-0.0003307059367887
PTTG1	chr5:160485496-160485997	17	-0.029320199711947343	0.04576102696367072	3	0.07508122667561806	0.05946033718761732	0.00020429347202859232	unsupported	True	0.0003119204624326	-0.0003119204624326
PTTG1	chr5:160556274-160556775	18	-0.029176459332029694	0.016094118923405377	3	0.04527057825543507	0.046176549272909206	3.3643775275156006e-05	unsupported	True	0.0002641773572558	-0.0002641773572558
PTTG1	chr5:160382256-160382757	19	-0.00783156838006669	0.06922508474972211	1	0.0770566531297888	0.09411272676032156	0.0005020211273814599	unsupported	True	0.0002521264714598	-0.0002521264714598
KCNK13	chr14:90127716-90128217	0	-0.015450707379692409	0.0023561927791458603	3	0.01780690015883827	0.02163911523993137	9.079013129380165e-07	unsupported	True	0.0065742326910049	0.0065742326910049
KCNK13	chr14:90250200-90250701	1	-0.009638416479827055	0.008420742309419726	4	0.01805915878924678	0.013086845638176019	1.9901365407777814e-06	unsupported	True	0.0054641475023518	0.0054641475023518
KCNK13	chr14:90060496-90060997	2	-0.004832561709369638	0.046077269439093474	4	0.05090983114846311	0.05618870026613802	0.00013180666683169323	unsupported	True	0.0050743445670595	0.0050743445670595
KCNK13	chr14:90087327-90087828	3	0.013241400941338946	0.042266930624287255	4	0.02902552968294831	0.042266930624287255	5.1853917918265174e-05	unsupported	True	0.0040116340469942	0.0040116340469942
KCNK13	chr14:89912601-89913102	4	-0.00948345673105496	0.008167615648989702	1	0.017651072380044663	0.009755573451033266	1.4064334648692773e-06	unsupported	True	0.0036145279329358	0.0036145279329358
KCNK13	chr14:90179804-90180305	5	-0.010605725172959365	0.01619006001627084	3	0.026795785189230207	0.02790570391673365	1.210620233785869e-05	unsupported	True	0.0026387356379916	0.0026387356379916
KCNK13	chr14:90028125-90028626	6	-0.010313412382624934	0.01262798590620759	3	0.022941398288832522	0.031592048838016515	9.152331993936045e-06	unsupported	True	0.0021393640256931	0.0021393640256931
KCNK13	chr14:90227204-90227705	7	0.01718260149463229	0.049754319513103634	1	0.03257171801847135	0.05363699077693101	8.692323111332534e-05	unsupported	True	0.0015861282335775	0.0015861282335775
KCNK13	chr14:90301521-90302022	8	-0.009711635795436387	0.012501558248037418	1	0.022213194043473806	0.026331305647151634	7.312191444997081e-06	unsupported	True	0.0014407604075653	0.0014407604075653
KCNK13	chr14:90248365-90248866	9	-0.004655269149155736	0.03800625487823559	4	0.042661524027391325	0.0419643744054917	6.804123623015863e-05	unsupported	True	0.0013896637124157	-0.0013896637124157
KCNK13	chr14:90331798-90332299	10	0.0013604931120210144	0.0379640167168722	4	0.03660352360485118	0.03834157517845693	5.328009631748685e-05	unsupported	True	0.0012980551602229	0.0012980551602229
KCNK13	chr14:90003438-90003939	11	-0.0008368673704637139	0.03440070773530027	4	0.03523757510576398	0.03440070773530027	4.17004526894619e-05	unsupported	True	0.0012315177572151	0.0012315177572151
KCNK13	chr14:89993809-89994310	12	0.011735181202179493	0.02895945818557637	1	0.017224276983396878	0.02895945818557637	1.4445143653944852e-05	unsupported	True	0.001166116965633	0.001166116965633
KCNK13	chr14:89919671-89920172	13	-0.0039867297004155386	0.01830464321456277	1	0.02229137291497831	0.01830464321456277	7.468946588847388e-06	unsupported	True	0.001055634912019	0.001055634912019
KCNK13	chr14:89936586-89937087	14	-0.011107171758284648	0.01674869989921919	1	0.02785587165750384	0.02258678536649655	1.053785646455761e-05	unsupported	True	0.0010345229588451	0.0010345229588451
KCNK13	chr14:90185856-90186357	15	0.0012309198587443855	0.03143720360680962	3	0.030206283748065235	0.03143720360680962	2.98528028868073e-05	unsupported	True	0.0009888180674126	0.0009888180674126
KCNK13	chr14:89973194-89973695	16	-0.010072687353915297	0.006398696236388213	4	0.01647138359030351	0.010315221714759223	1.0871767143441831e-06	unsupported	True	0.0008895562788683	0.0008895562788683
KCNK13	chr14:90115529-90116030	17	-0.0032145353651467173	0.08249978035503353	4	0.08571431572018025	0.09054620679735105	0.0006402895532392609	unsupported	True	0.0008614275764288	0.0008614275764288
KCNK13	chr14:90159268-90159769	18	0.009459937830340746	0.055888957102546974	4	0.04642901927220623	0.05522619093270951	0.00014330475659783977	unsupported	True	0.0008150815334309	0.0008150815334309
KCNK13	chr14:90123851-90124352	19	-0.010944263196178241	0.03859807681294258	4	0.049542340009120826	0.05536837623774617	0.00010587757090920223	unsupported	True	0.0008068635734569	0.0008068635734569
C1orf115	chr1:220754154-220754655	0	-0.0022852562690434987	0.011082187081561742	4	0.01336744335060524	0.025426941207537718	3.7667599877162166e-06	unsupported	True	0.016799552664316	0.016799552664316
C1orf115	chr1:220803621-220804122	1	-0.01049781369442594	0.02135858291454277	0	0.03185639660896871	0.04458533798211607	3.0336197832810022e-05	unsupported	True	0.0073579789842687	0.0073579789842687
C1orf115	chr1:220810098-220810599	2	-0.014986320737817214	0.005944647522244699	3	0.020930968260061914	0.021778690065325023	2.7098620474834684e-06	unsupported	True	0.0039754780763183	0.0039754780763183
C1orf115	chr1:220733004-220733505	3	-0.011784737530752964	-0.004574288079935799	3	0.007210449450817166	0.01975079225065085	0.0	unsupported	True	0.0029338638150433	0.0029338638150433
C1orf115	chr1:220611930-220612431	4	-0.008569967402045487	0.006063702824300829	3	0.014633670226346315	0.015992567606982117	1.4190881320493494e-06	unsupported	True	0.0027863402767895	0.0027863402767895
C1orf115	chr1:220787935-220788436	5	0.000691813357351798	0.037395287851915156	0	0.036703474494563355	0.06385066930611369	8.76374057072537e-05	unsupported	True	0.0019957863580207	-0.0019957863580207
C1orf115	chr1:220786524-220787025	6	-0.011958626496021134	0.009106389598708976	0	0.02106501609473011	0.02824919460116826	5.41893688116029e-06	unsupported	True	0.0016943065771736	-0.0016943065771736
C1orf115	chr1:220747993-220748494	7	-0.009985401094883939	0.003362187202689837	0	0.013347588297573775	0.026852559226814093	1.2050647322130003e-06	unsupported	True	0.001313599687977	0.001313599687977
C1orf115	chr1:220690048-220690549	8	-0.012326099422880496	0.00768219666970985	0	0.020008296092590347	0.032187012798873905	4.947390600244043e-06	unsupported	True	0.0013086678137814	0.0013086678137814
C1orf115	chr1:220808213-220808714	9	-0.01650441709264998	-0.014493184065473352	0	0.0020112330271766267	0.0076946522463167966	0.0	unsupported	True	0.0008504616873107	0.0008504616873107
C1orf115	chr1:220787187-220787688	10	-0.021852750180159832	-0.006689318187297189	3	0.015163431992862644	0.01661992939673145	0.0	unsupported	True	0.0008393728161711	-0.0008393728161711
C1orf115	chr1:220550906-220551407	11	-0.027157063552193456	0.0005568676018392147	3	0.027713931154032673	0.037004156058147414	5.710847844388859e-07	unsupported	True	0.0007298551746609	0.0007298551746609
C1orf115	chr1:220748536-220749037	12	-0.012530319382376516	-8.289701982445993e-05	3	0.012447422362552056	0.02090883682248068	0.0	unsupported	True	0.0006000317901183	-0.0006000317901183
C1orf115	chr1:220776628-220777129	13	-0.014288895607590193	0.018601680411669607	3	0.0328905760192598	0.03880277809435517	2.3740315059883615e-05	unsupported	True	0.0003039578339444	-0.0003039578339444
C1orf115	chr1:220700496-220700997	14	-0.013184041631416307	0.006811961741214142	0	0.01999600337263045	0.030112495560120717	4.101683544901095e-06	unsupported	True	0.0002796694503885	0.0002796694503885
C1orf115	chr1:220808760-220809261	15	-0.017718244985580136	-0.0018299104664319242	1	0.01588833451914821	0.01665119000226083	0.0	unsupported	True	0.0001130399713174	-0.0001130399713174
C1orf115	chr1:220680001-220680502	16	-0.014825247759322837	0.00042040437242012597	3	0.015245652131742962	0.02249880411741285	1.442024585563856e-07	unsupported	True	8.266276382139009e-05	-8.266276382139009e-05
C1orf115	chr1:220652937-220653438	17	0.0029512960520341786	0.025318516369827602	3	0.022367220317793424	0.04672953257885168	2.646316017891702e-05	unsupported	True	5.025584528140916e-05	-5.025584528140916e-05
C1orf115	chr1:220839362-220839863	18	-0.012178570263997353	0.02722638606349649	0	0.03940495632749384	0.05094917301387902	5.466105227965069e-05	unsupported	True	3.953502407032841e-05	3.953502407032841e-05
C1orf115	chr1:220690803-220691304	19	-0.008903067405771004	0.000677912950600513	0	0.009580980356371517	0.01601014424094851	1.0398701817031734e-07	unsupported	True	1.851964842650646e-05	-1.851964842650646e-05
SEC22B	chr1:120197386-120197887	0	-0.029657169767337368	0.024526776901862876	0	0.05418394666920025	0.07389976556102276	9.82096529831097e-05	unsupported	True	0.0207806755594447	0.0207806755594447
SEC22B	chr1:120176279-120176780	1	-0.029894131099442767	-0.0017907507677174428	4	0.028103380331725325	0.028187813691552762	0.0	unsupported	True	0.0064870074420109	0.0064870074420109
SEC22B	chr1:120069396-120069897	2	-0.002487294123306476	0.010684730669912202	5	0.013172024793218677	0.04203141903986077	5.91548246743599e-06	unsupported	True	0.0040656220685804	-0.0040656220685804
SEC22B	chr1:120217905-120218406	3	0.003037340431440645	0.025373282725860237	0	0.02233594229441959	0.02275281569371708	1.2894843822852222e-05	unsupported	True	0.0039841784523671	-0.0039841784523671
SEC22B	chr1:120180053-120180554	4	0.016680245514839525	0.06154440661733649	4	0.04486416110249697	0.07274201172082861	0.0002008507453750372	unsupported	True	0.0033818942750133	-0.0033818942750133
SEC22B	chr1:120014915-120015416	5	0.016356850546579853	0.05251732752081475	4	0.0361604769742349	0.04832876373673471	9.177881670750805e-05	unsupported	True	0.0028578184374673	-0.0028578184374673
SEC22B	chr1:120068634-120069135	6	0.021646151040027945	0.06539910796750688	4	0.043752956927478936	0.06435069889273617	0.00018413336999448138	unsupported	True	0.0025144768456143	-0.0025144768456143
UFL1	chr6:96680935-96681436	0	0.008163678745998573	0.08505682353201577	0	0.07689314478601719	0.08795446284149268	0.0005752473988562456	unsupported	True	0.0071685882677476	0.0071685882677476
UFL1	chr6:96521530-96522031	1	0.032099741329741395	0.09461985342456958	5	0.06252011209482819	0.061068587842091224	0.0003612600156382558	unsupported	True	0.0064281978573233	-0.0064281978573233
UFL1	chr6:96391687-96392188	2	0.020665546577293383	0.0696878352280086	4	0.049022288650715215	0.03294609626165021	0.00011255233770885788	unsupported	True	0.0052636475173781	0.0052636475173781
UFL1	chr6:96645428-96645929	3	-0.009837103028722451	0.022382463512495274	0	0.03221956654121773	0.04349253856573014	3.136478651588781e-05	unsupported	True	0.0046610803066562	0.0046610803066562
UFL1	chr6:96450387-96450888	4	0.0224434138047776	0.09188692247948263	4	0.06944350867470503	0.10042685703101224	0.0006408187833289574	unsupported	True	0.0028812051108739	0.0028812051108739
UFL1	chr6:96604620-96605121	5	0.04447052651572754	0.14411726246074924	5	0.0996467359450217	0.08208170288856886	0.0011787601334499068	unsupported	True	0.0028380662379527	-0.0028380662379527
UFL1	chr6:96683728-96684229	6	0.03159820550345604	0.09337458692575089	4	0.06177638142229485	0.025744076763018403	0.00014850069323058777	unsupported	True	0.0022485777899939	0.0022485777899939
UFL1	chr6:96675604-96676105	7	0.016384281313763717	0.08012524584776654	4	0.06374096453400283	0.08811893202199884	0.00045004633675239784	unsupported	True	0.0021886227455547	0.0021886227455547
UFL1	chr6:96575328-96575829	8	0.019370028776497985	0.03958247056614669	4	0.0202124417896487	0.043439743531207255	3.4754330933139514e-05	unsupported	True	0.0020245409648249	0.0020245409648249
UFL1	chr6:96634241-96634742	9	-0.0052631610769232305	0.10946626479776897	5	0.1147294258746922	0.11718272209825778	0.0014716980075537257	unsupported	True	0.0017265007227622	-0.0017265007227622
UFL1	chr6:96383803-96384304	10	-0.012776602618998809	0.03795070251838423	4	0.050727305137383036	0.06217546827210095	0.00011969628618292408	unsupported	True	0.0011746429111131	0.0011746429111131
UFL1	chr6:96616422-96616923	11	0.0056421817905532405	0.11425585901037086	5	0.10861367721981761	0.136135644989413	0.0016894091830499615	unsupported	True	0.0010767004285524	-0.0010767004285524
UFL1	chr6:96420178-96420679	12	0.005147270710571664	0.02065739858600475	5	0.015510127875433086	0.007271654972767414	2.3298302082262938e-06	unsupported	True	0.0008161871625399	-0.0008161871625399
UFL1	chr6:96468558-96469059	13	0.01659261570148547	0.04892022578839526	4	0.03232761008690979	0.049736052982290786	7.865627389070826e-05	unsupported	True	0.0007799694841625	0.0007799694841625
UFL1	chr6:96522047-96522548	14	0.023153231761944924	0.07296908528253158	5	0.049815853520586664	0.055707390304470306	0.00020249732548723002	unsupported	True	0.0007702700058377	0.0007702700058377
UFL1	chr6:96380261-96380762	15	0.003979775439830575	0.08395340153540969	0	0.0799736260955791	0.09893796666643133	0.0006642752410446123	unsupported	True	0.0006340593571573	0.0006340593571573
UFL1	chr6:96601656-96602157	16	0.035391059721676284	0.15014912012250667	5	0.11475806040083039	0.09430613484497317	0.0016249722037974396	unsupported	True	0.0004664934330753	-0.0004664934330753
UFL1	chr6:96659464-96659965	17	0.004849715126282087	0.05017509444977354	5	0.045325379323491455	0.04074481712672532	9.266207451522311e-05	unsupported	True	0.000426899021222	0.000426899021222
UFL1	chr6:96569301-96569802	18	0.02415026253412431	0.1012618238396147	0	0.07711156130549039	0.09151405389299946	0.0007145835855515548	unsupported	True	0.0002668969100929	-0.0002668969100929
UFL1	chr6:96459201-96459702	19	-0.0017547823864898222	0.018325576957942676	3	0.0200803593444325	0.015708647969920417	5.780533793037552e-06	unsupported	True	0.0002249328999624	0.0002249328999624
ZNF532	chr18:59013151-59013652	0	0.01908626836510213	0.063480874995726	5	0.04439460663062386	0.05268664099395076	0.00014848193811590912	unsupported	True	0.0070987426439407	0.0070987426439407
ZNF532	chr18:58926988-58927489	1	0.01864563528937022	0.05422765259832087	1	0.03558201730895065	0.021142217583889268	4.079452773222486e-05	unsupported	True	0.0048286895588976	0.0048286895588976
ZNF532	chr18:58784691-58785192	2	0.009726943490457428	0.05565119894804928	3	0.04592425545759185	0.07249703301552685	0.00018528355824279992	unsupported	True	0.0039442498666927	0.0039442498666927
ZNF532	chr18:58816234-58816735	3	0.0058432080190377106	0.05261474176004711	2	0.0467715337410094	0.05430788318357148	0.00013364475831115466	unsupported	True	0.003179920045935	0.003179920045935
ZNF532	chr18:59042090-59042591	4	0.025667634065117285	0.04694488388832723	5	0.021277249823209946	0.0244039670566788	2.4376098273278924e-05	unsupported	True	0.0026461926818221	0.0026461926818221
ZNF532	chr18:58793873-58794374	5	0.0205665489624264	0.07912505602825236	1	0.05855850706582596	0.062354752764900455	0.00028891732693475506	unsupported	True	0.0023431754629554	0.0023431754629554
ZNF532	chr18:58754671-58755172	6	0.013284740013131674	0.049863624761419284	3	0.03657888474828761	0.05802237163904393	0.00010583024031064498	unsupported	True	0.0022565586704999	0.0022565586704999
ZNF532	chr18:58752429-58752930	7	0.00015286363066854434	0.029293204509630483	3	0.02914034087896194	0.03954866152004969	3.3759289764552345e-05	unsupported	True	0.001998098445377	0.001998098445377
ZNF532	chr18:58937172-58937673	8	0.008532013484258217	0.06808842340783376	5	0.05955640992357555	0.06193635832757322	0.0002511582539659943	unsupported	True	0.0019302588232712	0.0019302588232712
ZNF532	chr18:58843217-58843718	9	0.022137099771967126	0.055739477133293525	2	0.0336023773613264	0.04613517544434403	8.64102122106512e-05	unsupported	True	0.001748914006534	0.001748914006534
ZNF532	chr18:58998105-58998606	10	0.025686913525108396	0.0867600503851702	5	0.061073136860061814	0.07885123921757453	0.0004178097260495256	unsupported	True	0.0015283761691205	0.0015283761691205
ZNF532	chr18:58779140-58779641	11	-0.004456146873918766	0.036656375128255876	3	0.04111252200217464	0.0419268329358877	6.31852478154243e-05	unsupported	True	0.0015064560649801	0.0015064560649801
ZNF532	chr18:58961319-58961820	12	0.01983576477994349	0.044211903561487215	3	0.024376138781543724	0.02756244466401749	2.9704473749920887e-05	unsupported	True	0.0013754194520579	0.0013754194520579
ZNF532	chr18:59083188-59083689	13	0.0052517339226194285	0.05205431943030497	2	0.04680258550768554	0.05899723173698729	0.0001437335831799148	unsupported	True	0.0013505558675761	0.0013505558675761
ZNF532	chr18:59053481-59053982	14	0.0219563466275119	0.08922746945729904	5	0.06727112282978713	0.08785862161768218	0.0005273654069391842	unsupported	True	0.0013202885674007	0.0013202885674007
ZNF532	chr18:58894735-58895236	15	0.02152081644679939	0.04764035605338732	2	0.026119539606587926	0.03630498928451565	4.517590164222855e-05	unsupported	True	0.0010770669109496	0.0010770669109496
ZNF532	chr18:58895323-58895824	16	0.01798619074311996	0.07045979004187321	3	0.05247359929875325	0.06971270091385563	0.0002577472904358118	unsupported	True	0.0010061181515848	0.0010061181515848
ZNF532	chr18:59002964-59003465	17	0.01936454675163797	0.12142666020782043	5	0.10206211345618246	0.1388223564155347	0.0017204340104523634	unsupported	True	0.0009911795954368	0.0009911795954368
ZNF532	chr18:59029829-59030330	18	0.017228424414604704	0.054776037466155454	3	0.03754761305155075	0.023946126387560593	4.925022465432531e-05	unsupported	True	0.0009776930031548	0.0009776930031548
ZNF532	chr18:59096001-59096502	19	0.010389631974834156	0.035649547978809724	4	0.02525991600397557	0.03300079338265817	2.9717365833029557e-05	unsupported	True	0.0009525767577545	0.0009525767577545
ZNF106	chr15:42575240-42575741	0	0.004536401853297377	0.03639718283481828	0	0.0318607809815209	0.033000630796402475	3.8268939629693856e-05	unsupported	True	0.0154272715859848	-0.0154272715859848
ZNF106	chr15:42605132-42605633	1	0.0007612024571225236	0.029820889661249295	2	0.029059687204126772	0.03302959719399859	2.862297745409461e-05	unsupported	True	0.0070748821404998	0.0070748821404998
ZNF106	chr15:42308715-42309216	2	-0.013350292735194867	0.015833178835912242	0	0.02918347157110711	0.03528500071995015	1.6304038818463643e-05	unsupported	True	0.0043482315438905	0.0043482315438905
ZNF106	chr15:42581335-42581836	3	0.000893539032299818	0.03230825148930833	5	0.03141471245700851	0.02698962457758961	2.7393239043240135e-05	unsupported	True	0.0036384305142721	0.0036384305142721
ZNF106	chr15:42548555-42549056	4	-7.287097293518949e-06	0.03765541628855079	0	0.037662703385844314	0.042025691306031704	5.960103606381801e-05	unsupported	True	0.0021410688553558	-0.0021410688553558
ZNF106	chr15:42386275-42386776	5	-0.012095943912307283	0.012088797528755642	5	0.024184741441062925	0.026202068004413874	7.660553006195157e-06	unsupported	True	0.0019822617831951	0.0019822617831951
ZNF106	chr15:42490889-42491390	6	0.008726272910298895	0.04586612948059294	0	0.03713985657029405	0.03294555487546129	5.612148334944422e-05	unsupported	True	0.0016130329128586	-0.0016130329128586
ZNF106	chr15:42273238-42273739	7	0.0024121093739644835	0.03937860446377701	0	0.03696649508981252	0.04480177572746555	6.521745159413219e-05	unsupported	True	0.0011743845422621	-0.0011743845422621
ZNF106	chr15:42595554-42596055	8	-0.012424127713049245	0.015368503239297553	1	0.027792630952346797	0.0208890693692714	8.922371988581508e-06	unsupported	True	0.0010425546456343	0.0010425546456343
ZNF106	chr15:42354793-42355294	9	-0.007304311638818909	0.024608769522364047	2	0.03191308116118296	0.05402759236938756	4.243011902553045e-05	unsupported	True	0.0010420963131021	-0.0010420963131021
ZNF106	chr15:42609977-42610478	10	-0.009473831937492724	0.023489312144985893	5	0.03296314408247862	0.03696399012670542	2.8620536701826e-05	unsupported	True	0.001040134745674	-0.001040134745674
ZNF106	chr15:42495343-42495844	11	0.005794874576656144	0.038997124149948645	0	0.0332022495732925	0.036455572971865045	4.720239330469478e-05	unsupported	True	0.0006662903658869	-0.0006662903658869
ZNF106	chr15:42461269-42461770	12	-0.007892840693805353	0.02528994294669112	0	0.033182783640496476	0.04833494501189596	4.0562236584562646e-05	unsupported	True	0.0004769063336972	0.0004769063336972
ZNF106	chr15:42547974-42548475	13	0.006209544506691859	0.06543932063858707	0	0.05922977613189521	0.05715644788790836	0.00022153589494245106	unsupported	True	0.0004349941882502	0.0004349941882502
ZNF106	chr15:42471499-42472000	14	-0.0067223639509883	0.024328158351548824	5	0.031050522302537124	0.022180900496835656	1.6755497117794457e-05	unsupported	True	0.0004324832974756	-0.0004324832974756
ZNF106	chr15:42504996-42505497	15	0.00018065397390599534	0.03690326504214333	5	0.036722611068237335	0.04354497545855156	5.901146487717952e-05	unsupported	True	0.0003959871405736	-0.0003959871405736
ZNF106	chr15:42352364-42352865	16	0.0006194269154805257	0.018264826030588453	0	0.01764539911510793	0.026325526160237672	8.48445764543099e-06	unsupported	True	0.0003423362255579	0.0003423362255579
ZNF106	chr15:42485126-42485627	17	0.004060128248477388	0.042877717374539874	5	0.038817589126062486	0.04169707518518218	6.940101288512998e-05	unsupported	True	0.0002775089361377	-0.0002775089361377
ZNF106	chr15:42398303-42398804	18	-0.0011689381336246806	0.032499000287174395	4	0.03366793842079908	0.03278767105891239	3.587542835433827e-05	unsupported	True	0.0002513298875758	0.0002513298875758
ZNF106	chr15:42402699-42403200	19	-0.010040673365696912	0.00454476090192752	0	0.01458543426762443	0.010602098480170831	7.027846034181583e-07	unsupported	True	0.0002432179189332	0.0002432179189332
SLC35D2	chr9:96169423-96169924	0	0.033250339484578034	0.08066965022620923	5	0.04741931074163119	0.08871552470171026	0.00033936342668884536	unsupported	True	0.0065866157184855	0.0065866157184855
SLC35D2	chr9:96493688-96494189	1	0.024638310370295617	0.062488892214539335	4	0.03785058184424372	0.07479797139414444	0.00017691522335676777	unsupported	True	0.0045008991791184	0.0045008991791184
SLC35D2	chr9:96418242-96418743	2	0.026211080219378558	0.08531483581378982	4	0.059103755594411264	0.07757022212948214	0.0003911421983260155	unsupported	True	0.0044023793573036	0.0044023793573036
SLC35D2	chr9:96383484-96383985	3	0.03747671421755375	0.09510439061017456	5	0.057627676392620814	0.09884260667794577	0.0005417212425837269	unsupported	True	0.0035077632419511	0.0035077632419511
SLC35D2	chr9:96419082-96419583	4	0.03743953752698097	0.08442281970375612	5	0.04698328217677515	0.09494131039748498	0.00037658102019966645	unsupported	True	0.0030006431429539	0.0030006431429539
SLC35D2	chr9:96177109-96177610	5	0.03589908520895926	0.07503808120616369	5	0.03913899599720443	0.06428077358915646	0.00018878717844833195	unsupported	True	0.0028163997139327	0.0028163997139327
SLC35D2	chr9:96502131-96502632	6	0.031722562323059166	0.08395442955231222	5	0.052231867229253055	0.07161746659200507	0.000314049510519702	unsupported	True	0.0025954233715369	0.0025954233715369
SLC35D2	chr9:96417194-96417695	7	0.017151742413893913	0.07534812666362369	4	0.05819638424972977	0.06771798467209385	0.00029694258618465747	unsupported	True	0.0023521978564063	-0.0023521978564063
SLC35D2	chr9:96510158-96510659	8	0.02292926503975133	0.0816490399815501	4	0.058719774941798766	0.09218183720808579	0.00044195782189775123	unsupported	True	0.002145214058775	0.002145214058775
SLC35D2	chr9:96232365-96232866	9	0.002689558128818387	0.030417880280560954	4	0.027728322151742566	0.02974564956348778	2.508857499369873e-05	unsupported	True	0.0020506839621601	0.0020506839621601
SLC35D2	chr9:96195574-96196075	10	0.007188325820359806	0.07189273602533142	2	0.06470441020497161	0.07593047299394651	0.0003532116341397223	unsupported	True	0.0015490373455073	0.0015490373455073
SLC35D2	chr9:96449785-96450286	11	0.020053823764102727	0.07896087289288421	4	0.05890704912878149	0.06616442402128629	0.0003077540272410131	unsupported	True	0.00149489836529	-0.00149489836529
SLC35D2	chr9:96163200-96163701	12	0.004838504702536019	0.06615157105431967	4	0.06131306635178364	0.0632255501943603	0.0002564400285043101	unsupported	True	0.0014790635756292	0.0014790635756292
SLC35D2	chr9:96186545-96187046	13	0.0318854778697423	0.08740625577367245	4	0.055520777903930146	0.05333573649259888	0.00025883103896206096	unsupported	True	0.0014165434124337	0.0014165434124337
SLC35D2	chr9:96243242-96243743	14	0.010237667546303833	0.05766793075674801	0	0.047430263210444176	0.06970803846684222	0.00019066578473699874	unsupported	True	0.0010690541388581	0.0010690541388581
SLC35D2	chr9:96218061-96218562	15	0.018012977173710323	0.07108179590897508	4	0.053068818735264756	0.0637489804870062	0.00024047562174810982	unsupported	True	0.0008220701516249	0.0008220701516249
SLC35D2	chr9:96317251-96317752	16	0.01577220092551292	0.08109719407299486	4	0.06532499314748194	0.07652094052345731	0.000405382970062304	unsupported	True	0.0006745914630801	-0.0006745914630801
SLC35D2	chr9:96394820-96395321	17	0.01903525971184663	0.1106374843882523	0	0.09160222467640566	0.1285481209647199	0.0013027888904191798	unsupported	True	0.0006151718977508	0.0006151718977508
SLC35D2	chr9:96409397-96409898	18	0.03087994525065347	0.18087073082606342	3	0.14999078557540996	0.1996495970014433	0.005416282537863609	unsupported	True	0.0005306919480125	-0.0005306919480125
SLC35D2	chr9:96327681-96328182	19	0.02450134309537395	0.07412135017323657	4	0.04962000707786261	0.06469730086473377	0.00023795032708324396	unsupported	True	0.0004220948537307	0.0004220948537307
CSAD	chr12:53324665-53325166	0	-0.01198567725752142	0.01248109971990325	5	0.02446677697742467	0.027330845955556977	8.346082833418845e-06	unsupported	True	0.0071938569359925	-0.0071938569359925
CSAD	chr12:53232123-53232624	1	-0.017794140067920388	0.016765380726927376	5	0.03455952079484777	0.039332050725338505	2.2789128791128998e-05	unsupported	True	0.0053326030852242	-0.0053326030852242
CSAD	chr12:53099378-53099879	2	-0.00757007354113051	0.01718806913052512	0	0.02475814267165563	0.02039144797641232	8.677471954753446e-06	unsupported	True	0.0048467247402526	-0.0048467247402526
CSAD	chr12:53321392-53321893	3	-0.0004908712642632861	0.0231684786686799	3	0.023659349932943184	0.03037328973865777	1.664915352446372e-05	unsupported	True	0.0035327411525083	0.0035327411525083
CSAD	chr12:53047166-53047667	4	-0.012665688133787552	0.010963495750078541	5	0.023629183883866093	0.022757783008089012	5.895596152832476e-06	unsupported	True	0.0029179765422785	-0.0029179765422785
CSAD	chr12:53052859-53053360	5	-0.016136641705649296	0.03261901164407973	1	0.048755653349729026	0.048200251646089404	7.6655811220866e-05	unsupported	True	0.0027198620277471	-0.0027198620277471
CSAD	chr12:53299429-53299930	6	-0.00045842787445740354	0.028479208154177555	3	0.028937636028634958	0.04198801509990113	3.460320331049718e-05	unsupported	True	0.0024236469062542	0.0024236469062542
CSAD	chr12:53213230-53213731	7	-0.01083203147364378	0.012829911272549803	3	0.023661942746193584	0.026929809811255024	8.175368519748922e-06	unsupported	True	0.0023395082429413	-0.0023395082429413
CSAD	chr12:53325505-53326006	8	-0.012759832515346816	0.01722514860671473	5	0.029984981122061546	0.022508487518722486	1.1625538272830945e-05	unsupported	True	0.0021011399169684	-0.0021011399169684
CSAD	chr12:53221446-53221947	9	-0.015448809968051796	0.0034373015021668322	5	0.01888611147021863	0.015095841281766515	9.799806432427284e-07	unsupported	True	0.0017195425054996	-0.0017195425054996
CSAD	chr12:53131028-53131529	10	0.01807254903090853	0.08438052967911469	5	0.06630798064820616	0.08542017466122605	0.0004779346352787582	unsupported	True	0.0014738299547621	-0.0014738299547621
CSAD	chr12:53028781-53029282	11	-0.028738607909965918	0.030729858413514333	1	0.059468466323480254	0.05833416508171167	0.00010660321041256847	unsupported	True	0.0010729222686901	0.0010729222686901
CSAD	chr12:53287649-53288150	12	0.0019193474209792567	0.054102406548774046	5	0.05218305912779479	0.0615161560101286	0.00017367420053088619	unsupported	True	0.0010225122281458	-0.0010225122281458
CSAD	chr12:53251820-53252321	13	-0.002584733067053313	0.023089166289117995	3	0.025673899356171308	0.034461689118563385	2.0428507871130213e-05	unsupported	True	0.0010028191584849	-0.0010028191584849
CSAD	chr12:53047703-53048204	14	-0.015860426716417925	0.009453785441604974	5	0.0253142121580229	0.028657615955448783	6.858201098334534e-06	unsupported	True	0.0008517735316842	-0.0008517735316842
CSAD	chr12:53054267-53054768	15	-0.0016279953858228807	0.020203518576086522	3	0.021831513961909403	0.03340020630599801	1.473194248506341e-05	unsupported	True	0.0008227124409653	0.0008227124409653
CSAD	chr12:53220907-53221408	16	-0.0202887545917333	-0.00541015401284509	5	0.01487860057888821	0.009857946636280871	0.0	unsupported	True	0.000800292201045	-0.000800292201045
CSAD	chr12:53190015-53190516	17	-0.009753728331894945	0.023833896339692545	5	0.03358762467158749	0.03399328264850958	2.7212437399602425e-05	unsupported	True	0.0006396535194823	-0.0006396535194823
CSAD	chr12:53234218-53234719	18	-0.013951873077994162	0.009310943183170207	5	0.023262816261164367	0.022526305959948735	4.8791699493035105e-06	unsupported	True	0.0006378304371578	-0.0006378304371578
CSAD	chr12:53230104-53230605	19	-0.011837512291610758	0.05457013982485996	1	0.06640765211647072	0.06380407610589078	0.0002312179874573166	unsupported	True	0.0005728397954072	-0.0005728397954072
ITGAX	chr16:31367919-31368420	0	-0.0041327090316192585	0.0	0	0.0041327090316192585	0.0	0.0	unsupported	True	0.0157521445439933	0.0157521445439933
ITGAX	chr16:31476832-31477333	1	-0.003790826039855098	0.0015890150120674866	3	0.005379841051922585	0.0015890150120674866	1.3583930313216227e-08	unsupported	True	0.0093805951380831	0.0093805951380831
ITGAX	chr16:31442899-31443400	2	0.026128115402610744	0.04481201985813892	3	0.01868390445552818	0.04481201985813892	3.751946847595843e-05	unsupported	True	0.0033654875030452	0.0033654875030452
ITGAX	chr16:31427431-31427932	3	0.030398212795343337	0.050216194361833506	3	0.01981798156649017	0.050216194361833506	4.997433379648479e-05	unsupported	True	0.0031510124806491	0.0031510124806491
ITGAX	chr16:31508144-31508645	4	0.019536415993362255	0.039480485858872504	3	0.01994406986551025	0.039480485858872504	3.108699648227119e-05	unsupported	True	0.0021242653283446	-0.0021242653283446
ITGAX	chr16:31451689-31452190	5	0.02560628120691001	0.04580177751143968	3	0.020195496304529666	0.04580177751143968	4.236616916371738e-05	unsupported	True	0.0017843584475654	0.0017843584475654
ITGAX	chr16:31487569-31488070	6	0.02795862509485235	0.04146234348400328	3	0.013503718389150932	0.04146234348400328	2.3214592396200567e-05	unsupported	True	0.0015586166358332	-0.0015586166358332
ITGAX	chr16:31472786-31473287	7	0.003199096466084462	0.0185945366610983	3	0.015395440195013838	0.0185945366610983	5.323078038518659e-06	unsupported	True	0.0014207844322431	0.0014207844322431
ITGAX	chr16:31471911-31472412	8	-0.007675674175165316	0.0	0	0.007675674175165316	0.0	0.0	unsupported	True	0.0013361364910307	0.0013361364910307
ITGAX	chr16:31214836-31215337	9	0.041209522595404426	0.050845466032472246	3	0.00963594343706782	0.050845466032472246	2.4911432775181166e-05	unsupported	True	0.0009127866641226	0.0009127866641226
ITGAX	chr16:31488718-31489219	10	0.024546233909063266	0.04653743143520793	5	0.021991197526144663	0.04653743143520793	4.762705173698162e-05	unsupported	True	0.0007837713232515	-0.0007837713232515
ITGAX	chr16:31459590-31460091	11	0.01540843174942321	0.03201467644920154	3	0.01660624469977833	0.03201467644920154	1.7020396274760523e-05	unsupported	True	0.0007581430535269	0.0007581430535269
ITGAX	chr16:31298934-31299435	12	0.01080040167650932	0.01793388051494225	5	0.007133478838432931	0.01793388051494225	2.2942984995885265e-06	unsupported	True	0.0007377389094773	0.0007377389094773
ITGAX	chr16:31458856-31459357	13	0.014029571668109895	0.03221492434110067	3	0.018185352672990773	0.03221492434110067	1.887278355976319e-05	unsupported	True	0.0006982976278952	0.0006982976278952
ITGAX	chr16:31215706-31216207	14	0.028382030033347293	0.04431196450519746	3	0.01592993447185017	0.04431196450519746	3.1279225991264795e-05	unsupported	True	0.0001327634493815	-0.0001327634493815
ITGAX	chr16:31488140-31488641	15	0.03175532335425423	0.04915202924034206	3	0.017396705886087827	0.04915202924034206	4.202908410271595e-05	unsupported	True	5.894814703308145e-05	-5.894814703308145e-05
ITGAX	chr16:31216735-31217236	16	0.055221187690740345	0.0643161505257946	3	0.00909496283505426	0.0643161505257946	3.7621925116567185e-05	unsupported	True	3.356961363844567e-05	-3.356961363844567e-05
ITGAX	chr16:31529379-31529880	17	0.002595114612524293	0.02886517987926364	3	0.026270065266739345	0.02886517987926364	2.188818185072968e-05	unsupported	True	2.818478904598558e-05	-2.818478904598558e-05
ITGAX	chr16:31333602-31334103	18	-0.010554924776015715	0.0	0	0.010554924776015715	0.0	0.0	unsupported	True	2.303684962501038e-06	-2.303684962501038e-06
ITGAX	chr16:31440518-31441019	19	0.004022660191156655	0.008927274766023865	5	0.00490461457486721	0.008927274766023865	3.908793145075034e-07	unsupported	True	1.989977018163706e-06	-1.989977018163706e-06
BTBD1	chr15:83107393-83107894	0	-0.005243647694186844	0.016873589883472557	0	0.0221172375776594	0.03267774515999094	1.2195242873178447e-05	unsupported	True	0.0125698006549068	0.0125698006549068
BTBD1	chr15:83067050-83067551	1	-0.0038995372926898327	0.03767171409689484	4	0.041571251389584674	0.062239965520653945	9.747153888845647e-05	unsupported	True	0.0121186361447634	0.0121186361447634
BTBD1	chr15:83077362-83077863	2	-0.011461636821478102	0.03149055120359987	5	0.04295218802507797	0.03642895418105565	4.9273369057752567e-05	unsupported	True	0.0025069127645038	0.0025069127645038
BTBD1	chr15:83174440-83174941	3	-0.005646996687766577	0.07743202251926054	4	0.08307901920702712	0.09433397846162767	0.0006068482652854809	unsupported	True	0.001984872049121	0.001984872049121
BTBD1	chr15:82952501-82953002	4	-0.004625640858811185	0.03298037250523442	4	0.0376060133640456	0.05371715184679701	6.662325243228421e-05	unsupported	True	0.0015371408084498	0.0015371408084498
BTBD1	chr15:83207665-83208166	5	-0.008850207048876235	0.014141143411024985	4	0.022991350459901222	0.0367245648020778	1.1940036821563504e-05	unsupported	True	0.0015338459397412	0.0015338459397412
BTBD1	chr15:82890312-82890813	6	-0.015913391538492277	0.01365306741355892	4	0.0295664589520512	0.022522289687325614	9.091637029952993e-06	unsupported	True	0.0015070093873286	0.0015070093873286
BTBD1	chr15:83090414-83090915	7	0.020053880277548633	0.06736391396100856	4	0.04731003368345993	0.049827844441862626	0.00015880079405054218	unsupported	True	0.001263396324454	0.001263396324454
BTBD1	chr15:83108480-83108981	8	-0.0031962874737667814	0.03004641627234678	3	0.03324270374611356	0.04353403913405679	4.3482848100612235e-05	unsupported	True	0.0012596573808688	0.0012596573808688
BTBD1	chr15:83010799-83011300	9	-0.01009811604891739	0.01447036171116972	0	0.02456847776008711	0.02924127410447328	1.0395704541874781e-05	unsupported	True	0.0011959359585273	-0.0011959359585273
BTBD1	chr15:83130254-83130755	10	-0.0074642424087504825	0.0069942360221341	2	0.014458478430884582	0.014262252395270056	1.4422846878529918e-06	unsupported	True	0.0011446002022397	0.0011446002022397
BTBD1	chr15:83092452-83092953	11	-0.0011952407183644974	0.11363688505044908	3	0.11483212576881358	0.13008261604755786	0.001697469530334136	unsupported	True	0.0009255738243052	0.0009255738243052
BTBD1	chr15:82985936-82986437	12	-0.008160690590967763	0.037907541523444645	4	0.04606823211441241	0.05193241835321616	9.069131784453813e-05	unsupported	True	0.0009125571627861	-0.0009125571627861
BTBD1	chr15:83019413-83019914	13	-0.004075606985525836	0.028144535107386567	5	0.0322201420929124	0.02057582173382199	1.8658585600571734e-05	unsupported	True	0.0008369823600706	0.0008369823600706
BTBD1	chr15:83061675-83062176	14	0.007790523428504222	0.04088711241670695	3	0.033096588988202724	0.034945424571778	4.7288985633155725e-05	unsupported	True	0.0006171245796137	-0.0006171245796137
BTBD1	chr15:83207002-83207503	15	-0.0033358271065512825	0.02075234333039297	0	0.02408817043694425	0.040081643213996834	2.003625162263251e-05	unsupported	True	0.0005193930232246	0.0005193930232246
BTBD1	chr15:82918903-82919404	16	-0.005656220362133275	0.0365895477845903	4	0.04224576814672358	0.05486076445297741	8.480122153515283e-05	unsupported	True	0.0004158759081425	0.0004158759081425
BTBD1	chr15:82944068-82944569	17	-0.005221666576584843	0.026188364611960127	3	0.03141003118854497	0.03709836489944892	3.051627466007705e-05	unsupported	True	0.0003928855790086	-0.0003928855790086
BTBD1	chr15:83018469-83018970	18	-0.009134514136101604	0.025649660140127636	1	0.03478417427622924	0.03993980582543304	3.563438455971837e-05	unsupported	True	0.000384927513908	-0.000384927513908
BTBD1	chr15:82937276-82937777	19	-0.010215632382830537	0.016833012281709935	0	0.02704864466454047	0.035357513681808964	1.60986354889338e-05	unsupported	True	0.0003815377732608	0.0003815377732608
SAMD9L	chr7:93232024-93232525	0	0.019504889513421844	0.04004940165297014	0	0.020544512139548297	0.04004940165297014	3.295246419137088e-05	unsupported	True	0.0184619681952307	-0.0184619681952307
SAMD9L	chr7:93016126-93016627	1	0.017302434714113826	0.06433524118302789	1	0.04703280646891406	0.06433524118302789	0.00019466987986753396	unsupported	True	0.0101766797767126	0.0101766797767126
SAMD9L	chr7:93178201-93178702	2	-0.009647870834623573	0.0009110518030821329	1	0.010558922637705706	0.0009110518030821329	8.764068268933004e-09	unsupported	True	0.0042554353555794	-0.0042554353555794
SAMD9L	chr7:93043352-93043853	3	0.01109499090893768	0.019222041817245964	0	0.008127050908308285	0.019222041817245964	3.0028387781804482e-06	unsupported	True	0.0024242045671334	-0.0024242045671334
SAMD9L	chr7:93055528-93056029	4	0.018348777301558053	0.03632630697816415	0	0.017977529676606097	0.03632630697816415	2.3723158564339176e-05	unsupported	True	0.0022955641945131	-0.0022955641945131
SAMD9L	chr7:93186954-93187455	5	-0.006252744180772963	0.0	2	0.006252744180772963	0.0	0.0	unsupported	True	0.0013844209101162	-0.0013844209101162
SAMD9L	chr7:93212814-93213315	6	0.0016092634350280267	0.01574228802109244	0	0.014133024586064413	0.01574228802109244	3.502440953930357e-06	unsupported	True	0.0013723134785799	-0.0013723134785799
SAMD9L	chr7:93016912-93017413	7	-0.003141775507585381	0.02314914390027452	1	0.0262909194078599	0.02314914390027452	1.408885317148409e-05	unsupported	True	0.0007767086447531	-0.0007767086447531
SAMD9L	chr7:93043943-93044444	8	0.05035701105239687	0.09662690044145485	0	0.046269889389057975	0.09662690044145485	0.00043201075477287363	unsupported	True	0.0007694036183838	-0.0007694036183838
SAMD9L	chr7:93008769-93009270	9	0.0029230807853296605	0.010019545248462507	0	0.0070964644631328466	0.010019545248462507	7.12423200504232e-07	unsupported	True	0.0006634171124923	-0.0006634171124923
SAMD9L	chr7:93245503-93246004	10	-0.014330267820175515	0.0	2	0.014330267820175515	0.0	0.0	unsupported	True	0.0006387116460006	-0.0006387116460006
SAMD9L	chr7:93185718-93186219	11	-0.005105827130309911	0.0	2	0.005105827130309911	0.0	0.0	unsupported	True	0.0003894108474889	-0.0003894108474889
SAMD9L	chr7:93174771-93175272	12	0.020716458592199515	0.07573973557103754	0	0.05502327697883802	0.07573973557103754	0.0003156414435051024	unsupported	True	0.0001185401172353	-0.0001185401172353
SAMD9L	chr7:93267125-93267626	13	-0.005828689420327456	0.0007186916665850622	1	0.006547381086912518	0.0007186916665850622	3.3818382961083583e-09	unsupported	True	6.764702604624434e-05	6.764702604624434e-05
SAMD9L	chr7:92992396-92992897	14	-0.009235896035150078	0.0	2	0.009235896035150078	0.0	0.0	unsupported	True	6.762922302657204e-05	-6.762922302657204e-05
SAMD9L	chr7:93284951-93285452	15	-0.009146211820091949	0.0	2	0.009146211820091949	0.0	0.0	unsupported	True	4.567995565677885e-05	-4.567995565677885e-05
SAMD9L	chr7:93279629-93280130	16	0.04388832917989765	0.08859541580289806	0	0.044707086623000415	0.08859541580289806	0.00035091252619822507	unsupported	True	3.7743863259129776e-05	-3.7743863259129776e-05
SAMD9L	chr7:93194428-93194929	17	0.0037214938192441246	0.00742887617316649	0	0.0037073823539223653	0.00742887617316649	2.0460376325966026e-07	unsupported	True	2.6345280314134503e-05	-2.6345280314134503e-05
SAMD9L	chr7:93118298-93118799	18	-0.0008176626917162902	0.018624605981554403	0	0.01944226867327069	0.018624605981554403	6.744055376692276e-06	unsupported	True	1.3010800808100614e-05	-1.3010800808100614e-05
SAMD9L	chr7:93130903-93131404	19	0.011012504969451484	0.08261351045424244	0	0.07160100548479095	0.08261351045424244	0.0004886762974712073	unsupported	True	3.2821641988080414e-07	-3.2821641988080414e-07
HABP4	chr9:96449785-96450286	0	-0.011017407956676313	0.012518427656240047	3	0.02353583561291636	0.02403522486119997	7.081538089955163e-06	unsupported	True	0.0061982592330421	-0.0061982592330421
HABP4	chr9:96417194-96417695	1	-0.01320227612762862	0.0006588221956329963	3	0.013861098323261616	0.01060236572388961	9.682079563963144e-08	unsupported	True	0.004197522378633	-0.004197522378633
HABP4	chr9:96409397-96409898	2	-0.010532644745482222	0.011317306494444198	2	0.02184995123992642	0.0276436786377261	6.835800590843141e-06	unsupported	True	0.002897243510132	-0.002897243510132
HABP4	chr9:96479055-96479556	3	-0.009790067328397772	0.023361775597596703	5	0.033151842925994476	0.042817587248553626	3.3161618241878925e-05	unsupported	True	0.0028301930362421	0.0028301930362421
HABP4	chr9:96493121-96493622	4	-0.0016876071681408533	0.040542422447169116	5	0.04223002961530997	0.052534418994704235	8.99445833084496e-05	unsupported	True	0.0025626701744642	0.0025626701744642
HABP4	chr9:96619067-96619568	5	-0.007384300292032894	0.013841003340081672	1	0.021225303632114566	0.02040502583329826	5.994578255499184e-06	unsupported	True	0.0025346069735765	0.0025346069735765
HABP4	chr9:96612016-96612517	6	-0.00606492410229926	0.026116100510478614	1	0.03218102461277787	0.023705272315758506	1.99229271778297e-05	unsupported	True	0.0024943323399341	0.0024943323399341
HABP4	chr9:96557455-96557956	7	-0.003636833961042117	0.02677884005019778	0	0.030415674011239898	0.04902061066192387	3.992711431029987e-05	unsupported	True	0.0024392423231451	0.0024392423231451
HABP4	chr9:96418242-96418743	8	-0.012049605169727891	0.007725644715954383	3	0.019775249885682272	0.015857175665975484	2.4226046668841102e-06	unsupported	True	0.0023626249033146	-0.0023626249033146
HABP4	chr9:96619639-96620140	9	-0.010068792403223243	0.00647107015965487	0	0.016539862562878115	0.013627664138544205	1.4585772202791544e-06	unsupported	True	0.002339461272556	0.002339461272556
HABP4	chr9:96566728-96567229	10	-0.022776575094658844	0.008032340804951247	1	0.03080891589961009	0.01898063068431719	4.697093254156686e-06	unsupported	True	0.0022927111558345	0.0022927111558345
HABP4	chr9:96419082-96419583	11	-0.021865835670532435	0.013861252697638892	1	0.03572708836817133	0.030929445113073075	1.5316947854358774e-05	unsupported	True	0.0017742952202544	0.0017742952202544
HABP4	chr9:96312526-96313027	12	0.018704540895508066	0.06549618231851131	2	0.04679164142300325	0.06971533189720241	0.0002136547565352035	unsupported	True	0.001501476022296	-0.001501476022296
HABP4	chr9:96317251-96317752	13	-0.007313091775194893	0.004327532026669332	3	0.011640623801864225	0.0074554874869665775	3.7557146683318337e-07	unsupported	True	0.0013932986112848	-0.0013932986112848
HABP4	chr9:96603873-96604374	14	-0.02177474429152641	0.01563825070122173	1	0.03741299499274814	0.043088284923121944	2.5209826387774534e-05	unsupported	True	0.0013812217694439	0.0013812217694439
HABP4	chr9:96468741-96469242	15	-0.0022191277501289364	0.02342922073994907	3	0.025648348490078007	0.04601743173939528	2.7652832741005505e-05	unsupported	True	0.0012314869829179	0.0012314869829179
HABP4	chr9:96493688-96494189	16	-0.023215930023787742	0.0011914230369343506	1	0.024407353060722094	0.010594895962416497	3.0809409392297895e-07	unsupported	True	0.0011190667558738	0.0011190667558738
HABP4	chr9:96343945-96344446	17	-0.0004307646822732716	0.0329899531990165	0	0.03342071788128977	0.05409060866498638	5.963748800919359e-05	unsupported	True	0.001007958566835	-0.001007958566835
HABP4	chr9:96383484-96383985	18	-0.021285556737909796	0.005948107773985651	1	0.027233664511895447	0.02988890936589055	4.841667712564316e-06	unsupported	True	0.0008657512424198	0.0008657512424198
HABP4	chr9:96344467-96344968	19	-0.004750417994426674	0.03909583463256687	2	0.04384625262699354	0.0614833228273064	0.00010539507117384666	unsupported	True	0.0005528236212327	0.0005528236212327
TMEM175	chr4:1009514-1010015	0	-0.0190359645419443	0.02155420161555765	3	0.04059016615750195	0.041540560152489664	3.634336355220311e-05	unsupported	True	0.0078664812935717	-0.0078664812935717
TMEM175	chr4:824665-825166	1	-0.0017395439488584203	0.031614508687790664	0	0.03335405263664908	0.05289875246945373	5.578025261858236e-05	unsupported	True	0.005526948195032	0.005526948195032
TMEM175	chr4:1046502-1047003	2	3.113486241881409e-05	0.016554816033042305	1	0.01652368117062349	0.02910128164568228	7.960553796971175e-06	unsupported	True	0.0046637883407369	0.0046637883407369
TMEM175	chr4:967729-968230	3	-0.0069381905473638395	0.023082393376727604	1	0.030020583924091442	0.03394123279700216	2.35194729834309e-05	unsupported	True	0.0042969317425474	0.0042969317425474
TMEM175	chr4:826792-827293	4	-0.00608482765458805	0.026894618525105465	0	0.03297944617969351	0.04385228442120685	3.889564423216605e-05	unsupported	True	0.0036932223288838	0.0036932223288838
TMEM175	chr4:973410-973911	5	-0.004466455188752394	0.017598921511979046	3	0.02206537670073144	0.037431049806683075	1.4535481015631874e-05	unsupported	True	0.002121549570955	0.002121549570955
TMEM175	chr4:986748-987249	6	-0.011401187837524059	0.028130164976852137	0	0.0395313528143762	0.05116283268769482	5.689427106920035e-05	unsupported	True	0.0016626451320987	0.0016626451320987
TMEM175	chr4:792205-792706	7	0.001618271829226148	0.03684334978185797	1	0.03522507795263182	0.05522082071020226	7.166612604239331e-05	unsupported	True	0.0015029648480258	0.0015029648480258
TMEM175	chr4:822674-823175	8	-0.020436067059702037	0.007145755420475929	3	0.027581822480177966	0.015144520764032415	2.984878387217538e-06	unsupported	True	0.0014451886185753	-0.0014451886185753
TMEM175	chr4:836611-837112	9	-0.022708121685867732	-0.0016573127219008954	3	0.021050808963966838	0.01017972453876023	0.0	unsupported	True	0.0014403644796196	-0.0014403644796196
TMEM175	chr4:803005-803506	10	-0.01713049983718054	0.013034354184774142	1	0.030164854021954682	0.03274652399822606	1.2875258371312463e-05	unsupported	True	0.0014357940343145	0.0014357940343145
TMEM175	chr4:1050753-1051254	11	-0.010437513849273805	0.03500890398542575	3	0.045446417834699555	0.042942939876910634	6.832347464716358e-05	unsupported	True	0.0011322589198011	-0.0011322589198011
TMEM175	chr4:1014594-1015095	12	-0.024257313676922687	0.03940889215467931	3	0.063666205831602	0.06215646729271149	0.00015595148637796195	unsupported	True	0.001034532388666	-0.001034532388666
TMEM175	chr4:1099843-1100344	13	-0.017632933630992408	0.020440971779269727	0	0.038073905410262135	0.058311583644584226	4.5382017772406214e-05	unsupported	True	0.0010324990596282	0.0010324990596282
TMEM175	chr4:825963-826464	14	0.007011509424804268	0.056855780853820606	1	0.04984427142901634	0.06615878629499453	0.000187489698264957	unsupported	True	0.0009355303714375	0.0009355303714375
TMEM175	chr4:1043547-1044048	15	-0.026686516556583117	0.014376558905722212	3	0.04106307546230533	0.04633408207400983	2.735312719236248e-05	unsupported	True	0.0009074243052089	-0.0009074243052089
TMEM175	chr4:1072760-1073261	16	-0.013192297235203706	0.050940215782562	3	0.06413251301776571	0.05830127159250334	0.00019046582641624535	unsupported	True	0.0008853134268081	-0.0008853134268081
TMEM175	chr4:1011267-1011768	17	-0.02753687388401074	0.01569074226947095	0	0.04322761615348169	0.039132175709673464	2.6542313241409337e-05	unsupported	True	0.0008208940869615	-0.0008208940869615
TMEM175	chr4:1035469-1035970	18	-0.021526036642473628	0.03970134097274261	3	0.06122737761521624	0.06760587492470237	0.00016433696892025	unsupported	True	0.0007956075384714	-0.0007956075384714
TMEM175	chr4:1080904-1081405	19	0.008545216908107557	0.054092105154654034	3	0.04554688824654648	0.06945042688414012	0.00017110689663329918	unsupported	True	0.0007733261122281	0.0007733261122281
SMIM13	chr6:11036088-11036589	0	0.007986932379822618	0.03657099695891371	2	0.028584064579091087	0.05629026484585807	5.884290107280817e-05	unsupported	True	0.017644891225882	0.017644891225882
SMIM13	chr6:10951517-10952018	1	-0.007792306476842328	0.0248152141158432	2	0.03260752059268553	0.03064947281179819	2.4800407271290145e-05	unsupported	True	0.004238304921348	0.004238304921348
SMIM13	chr6:11232438-11232939	2	-0.009021375084841852	0.023422120154148945	2	0.032443495238990795	0.03377270292711744	2.5663723076027186e-05	unsupported	True	0.0036492865009931	-0.0036492865009931
SMIM13	chr6:11214362-11214863	3	-2.552979920310164e-05	0.04309311722656059	2	0.04311864702576369	0.046592228277068375	8.657380727962128e-05	unsupported	True	0.0019448163919093	-0.0019448163919093
SMIM13	chr6:11064793-11065294	4	-0.0031441207061814634	0.0054015301682611315	1	0.008545650874442595	0.007948350376291114	3.6689260253982843e-07	unsupported	True	0.0018706494667239	-0.0018706494667239
SMIM13	chr6:11226043-11226544	5	0.00041190216612023005	0.047796829522664765	2	0.04738492735654454	0.053860527777157274	0.00012198597835389893	unsupported	True	0.0018443401426541	-0.0018443401426541
SMIM13	chr6:11023004-11023505	6	0.002477385537244736	0.032408378723536926	2	0.02993099318629219	0.03072346858088999	2.9802224231133756e-05	unsupported	True	0.001382679610535	-0.001382679610535
SMIM13	chr6:11035279-11035780	7	-0.010661322729360302	0.01938500473066111	5	0.03004632746002141	0.04688054004871717	2.730548616412989e-05	unsupported	True	0.0013068386041503	0.0013068386041503
SMIM13	chr6:10954465-10954966	8	-0.006408277792200347	0.028923712780558372	5	0.03533199057275872	0.039379297671471455	4.024297810411207e-05	unsupported	True	0.0012410112816857	-0.0012410112816857
SMIM13	chr6:11093480-11093981	9	-0.014739598258139266	0.015862246287514717	2	0.030601844545653983	0.0385277713559047	1.8701919413680242e-05	unsupported	True	0.0012206639832657	0.0012206639832657
SMIM13	chr6:11251990-11252491	10	-0.011876655157939592	0.03520065920421473	2	0.04707731436215432	0.06353102234299367	0.00010528059244682452	unsupported	True	0.0009364406750299	0.0009364406750299
SMIM13	chr6:11194721-11195222	11	-0.007058581415668004	0.033561942569599004	2	0.040620523985267006	0.04730825366781498	6.449551694136214e-05	unsupported	True	0.0009232281507153	-0.0009232281507153
SMIM13	chr6:11202818-11203319	12	-0.00528188460268613	0.051363054790973396	2	0.05664493939365953	0.06034624475963403	0.00017557481182563036	unsupported	True	0.0008706536631508	-0.0008706536631508
SMIM13	chr6:11068870-11069371	13	-0.0184747268081654	0.011870658021111072	5	0.03034538482927647	0.04175191048487984	1.503986007755518e-05	unsupported	True	0.0007928282113338	0.0007928282113338
SMIM13	chr6:11207080-11207581	14	-0.0009188024608855139	0.05217033374578461	2	0.05308913620667012	0.05697533852160505	0.00015780333903508376	unsupported	True	0.0007863509702162	-0.0007863509702162
SMIM13	chr6:11203403-11203904	15	9.588393338061958e-05	0.01982422240383887	4	0.01972833847045825	0.016041019336850076	6.273626132316694e-06	unsupported	True	0.0007651856071244	-0.0007651856071244
SMIM13	chr6:11172512-11173013	16	-0.008790960480718561	0.022763786143444258	2	0.03155474662416282	0.024002025142619017	1.724078676620184e-05	unsupported	True	0.000698846000451	-0.000698846000451
SMIM13	chr6:11215656-11216157	17	0.003186463463867767	0.03462839959359108	2	0.03144193612972332	0.026162692884154064	2.8485519533217024e-05	unsupported	True	0.0006361966781505	-0.0006361966781505
SMIM13	chr6:11241632-11242133	18	-0.00020917708777738012	0.04860679996236534	2	0.04881597705014272	0.04362168288851046	0.00010350502451796342	unsupported	True	0.000617386895966	-0.000617386895966
SMIM13	chr6:11229158-11229659	19	0.004659780999709772	0.015743253792613317	5	0.011083472792903545	0.005789000410973981	1.0101222480117055e-06	unsupported	True	0.0005960120408079	-0.0005960120408079
SERTM1	chr13:36612063-36612564	0	0.1081036387492706	0.16992149094588202	4	0.061817852196611414	0.17170843843858766	0.0018036566217268584	unsupported	True	0.0085218112750283	0.0085218112750283
SERTM1	chr13:36673701-36674202	1	0.06173664350684354	0.12391833021803214	4	0.0621816867111886	0.1322640369535296	0.0010191540276871254	unsupported	True	0.0065160826892828	0.0065160826892828
SERTM1	chr13:36600295-36600796	2	0.09102769278925885	0.16158624855558246	4	0.07055855576632361	0.1660190364490326	0.0018928315668638369	unsupported	True	0.0058902925356345	0.0058902925356345
SERTM1	chr13:36725441-36725942	3	0.0866749771681883	0.16785698484674363	4	0.08118200767855534	0.16785698484674363	0.002287381598719613	unsupported	True	0.005354186453471	0.005354186453471
SERTM1	chr13:36680852-36681353	4	0.09410072828861282	0.1539221143161726	4	0.059821386027559764	0.1539221143161726	0.0014172893112129436	unsupported	True	0.0047229761720806	0.0047229761720806
SERTM1	chr13:36787153-36787654	5	0.01922732565364112	0.09746250193712098	4	0.07823517628347987	0.10397937413934703	0.0007928423139828949	unsupported	True	0.0017618686098165	0.0017618686098165
SERTM1	chr13:36818926-36819427	6	-0.008034326555491456	0.022793104324313734	3	0.03082743087980519	0.03580599946105948	2.5159187500164613e-05	unsupported	True	0.0013474564704254	-0.0013474564704254
SERTM1	chr13:36778131-36778632	7	0.08615703954980584	0.14752804171032213	4	0.06137100216051629	0.15668867384060328	0.001418650441806693	unsupported	True	0.0013428670594772	0.0013428670594772
SERTM1	chr13:36764045-36764546	8	-0.018554325620838235	0.00033496801669233485	3	0.01888929363753057	0.01945093281717427	1.2307206667780297e-07	unsupported	True	0.0012330430422093	0.0012330430422093
SERTM1	chr13:36543684-36544185	9	-0.018386662859263707	0.0	5	0.018386662859263707	0.007468427227337174	0.0	unsupported	True	0.0011914668592434	0.0011914668592434
SERTM1	chr13:36696450-36696951	10	0.017036969316934276	0.11338643215078907	4	0.09634946283385479	0.11284945649182258	0.0012328489208822638	unsupported	True	0.0010841610962186	0.0010841610962186
SERTM1	chr13:36736010-36736511	11	0.030700752487034657	0.09770009162063009	4	0.06699933913359543	0.09770009162063009	0.0006395293213062133	unsupported	True	0.0010499744808335	0.0010499744808335
SERTM1	chr13:36705151-36705652	12	-0.011488318796483541	0.027175326328742953	3	0.03866364512522649	0.027599662888705585	2.8998887782209928e-05	unsupported	True	0.0008895359342224	0.0008895359342224
SERTM1	chr13:36686545-36687046	13	0.035376206870114384	0.1245988817043701	4	0.08922267483425572	0.1245988817043701	0.001385171438031397	unsupported	True	0.0007181285145722	0.0007181285145722
SERTM1	chr13:36835888-36836389	14	-0.015211379864800145	0.0	5	0.015211379864800145	0.00894239607824013	0.0	unsupported	True	0.0006214036405064	0.0006214036405064
SERTM1	chr13:36797850-36798351	15	0.010113992156289575	0.11679115940521095	4	0.10667716724892137	0.11716608490459351	0.0014597663988021896	unsupported	True	0.0004801487070515	0.0004801487070515
SERTM1	chr13:36530066-36530567	16	0.0414215938013854	0.08776933336965333	4	0.046347739568267925	0.09297959277590426	0.00037823263431888094	unsupported	True	0.0003746559990536	0.0003746559990536
SERTM1	chr13:36737461-36737962	17	0.03281144856074957	0.15076379315902325	4	0.11795234459827367	0.15076379315902325	0.0026810239226672168	unsupported	True	0.0002923960237243	0.0002923960237243
SERTM1	chr13:36549701-36550202	18	0.02634847905646304	0.06889415524987927	4	0.04254567619341623	0.06889415524987927	0.00020193899436856658	unsupported	True	0.0002915005954758	0.0002915005954758
SERTM1	chr13:36694422-36694923	19	-0.0059055973466306914	0.010177318022218959	3	0.01608291536884965	0.010177318022218959	1.6658330256739871e-06	unsupported	True	0.0002787281496748	0.0002787281496748
OTUD7B	chr1:150010537-150011038	0	0.011094222025196776	0.06451069431347445	4	0.05341647228827767	0.06735806946472277	0.000232111442552082	unsupported	True	0.007752797789112	0.007752797789112
OTUD7B	chr1:150061500-150062001	1	0.005971537237175629	0.04264013878677792	4	0.03666860154960229	0.06037112167635435	9.439352442926845e-05	unsupported	True	0.0046512717807862	0.0046512717807862
OTUD7B	chr1:149899317-149899818	2	0.0026975148162949876	0.06967192833684537	4	0.06697441352055038	0.06022331103096672	0.00028101621444466665	unsupported	True	0.0036297418974482	-0.0036297418974482
OTUD7B	chr1:149812192-149812693	3	-0.003820478360330692	0.04853730760439405	4	0.05235778596472474	0.05017129658545911	0.00012750061517678742	unsupported	True	0.0033007217014182	-0.0033007217014182
OTUD7B	chr1:149938997-149939498	4	-0.00413893633974861	0.04217951163582752	5	0.046318447975576126	0.06526906217038853	0.00012751548243831602	unsupported	True	0.0032879827750184	0.0032879827750184
OTUD7B	chr1:149927605-149928106	5	-0.003990346154808601	0.04937822204485103	4	0.053368568199659634	0.05671679781685232	0.0001494626584741969	unsupported	True	0.0025481282582953	-0.0025481282582953
OTUD7B	chr1:149899954-149900455	6	0.006950814265157162	0.05093321050728072	4	0.04398239624212356	0.04615665453075944	0.00010339850567658471	unsupported	True	0.0021718490891416	0.0021718490891416
OTUD7B	chr1:149942172-149942673	7	-0.012773640449472148	0.015912051300176523	5	0.02868569174964867	0.04292675385685492	1.959383947406238e-05	unsupported	True	0.0021711757161358	0.0021711757161358
OTUD7B	chr1:149917645-149918146	8	0.003623538050399539	0.06317131933083016	4	0.05954778128043062	0.05972092339648249	0.00022465290862017518	unsupported	True	0.0019241542716088	-0.0019241542716088
OTUD7B	chr1:150149631-150150132	9	-0.0009703897104423461	0.06010141267756447	4	0.061071802388006816	0.07754386908610435	0.0002846248954176918	unsupported	True	0.0015584000092574	0.0015584000092574
OTUD7B	chr1:149843419-149843920	10	0.01853768217873839	0.10140041775791399	4	0.0828627355791756	0.11634637513181842	0.0009775790098114352	unsupported	True	0.0014349807862259	0.0014349807862259
OTUD7B	chr1:149887825-149888326	11	0.004069288876569349	0.0738284650418224	4	0.06975917616525305	0.07838207773362951	0.0004036843877833988	unsupported	True	0.0012952447111991	-0.0012952447111991
OTUD7B	chr1:150050514-150051015	12	-0.003957170965897094	0.055530590577492364	0	0.05948776154338946	0.06526768663410452	0.00021560465798371368	unsupported	True	0.0011874958896918	0.0011874958896918
OTUD7B	chr1:149936635-149937136	13	-0.0029260675536659157	0.02236085956968889	4	0.025286927123354806	0.03808206504148737	2.1533024847315444e-05	unsupported	True	0.0011661235423832	0.0011661235423832
OTUD7B	chr1:149919186-149919687	14	0.0025378014275410556	0.032941655452130035	0	0.030403854024588978	0.0434274611708843	4.3494916338230515e-05	unsupported	True	0.0011293946298074	0.0011293946298074
OTUD7B	chr1:150135120-150135621	15	-0.0026564097250371074	0.03376642544033845	0	0.036422835165375554	0.043061440396941916	5.295992839765562e-05	unsupported	True	0.0010554384384486	0.0010554384384486
OTUD7B	chr1:149813463-149813964	16	-0.0005566155318277181	0.05487297577329178	4	0.0554295913051195	0.05550349236768727	0.00016881867979374798	unsupported	True	0.0009993498389977	-0.0009993498389977
OTUD7B	chr1:149886525-149887026	17	0.00020990236546750176	0.06382080618274937	4	0.06361090381728186	0.07412617752774905	0.0003009299809126591	unsupported	True	0.0009382877981622	-0.0009382877981622
OTUD7B	chr1:149849840-149850341	18	0.0017415439300869351	0.03686951066665655	4	0.035127966736569614	0.044357353000113516	5.7449467624386606e-05	unsupported	True	0.0008947775867074	0.0008947775867074
OTUD7B	chr1:150001495-150001996	19	0.006222262961561846	0.04767926809551605	4	0.04145700513395421	0.06429885779882777	0.00012709567256054166	unsupported	True	0.0008578506461888	0.0008578506461888
ZNF789	chr7:99580074-99580575	0	-0.015729242429130243	0.03764924771813011	2	0.05337849014726035	0.05134319541121111	0.00010318236600660904	unsupported	True	0.0086670369833228	0.0086670369833228
ZNF789	chr7:99393473-99393974	1	-0.012956104990926306	0.04713733797961248	2	0.060093442970538785	0.07464884594195896	0.00021145367511182203	unsupported	True	0.0077970529262653	0.0077970529262653
ZNF789	chr7:99392902-99393403	2	-0.008555096916322055	0.04625488640193462	2	0.05480998331825668	0.06248745252690639	0.00015842003628027757	unsupported	True	0.0044329938262658	0.0044329938262658
ZNF789	chr7:99375965-99376466	3	0.008632867884355253	0.08908457576374429	2	0.08045170787938903	0.0898237658148776	0.0006437674924223263	unsupported	True	0.0032838894569853	0.0032838894569853
ZNF789	chr7:99473230-99473731	4	-0.011404523115479199	0.04170957401919005	2	0.05311409713466925	0.04296921012398925	9.519254287801582e-05	unsupported	True	0.002886329571002	0.002886329571002
ZNF789	chr7:99579571-99580072	5	-0.013434668029446211	0.047025725877804354	3	0.06046039390725057	0.06262050137249506	0.00017804222816511872	unsupported	True	0.0027595009126573	0.0027595009126573
ZNF789	chr7:99465955-99466456	6	-0.014510667730911305	0.04759202864474042	3	0.06210269637565173	0.07984902375500848	0.00023600124000716608	unsupported	True	0.0021902233389715	0.0021902233389715
ZNF789	chr7:99631667-99632168	7	-0.013027536275986774	0.035082561650372164	3	0.04811009792635894	0.032122292857646645	5.421682424895258e-05	unsupported	True	0.0016426665298436	0.0016426665298436
ZNF789	chr7:99616641-99617142	8	-0.01529190195161441	0.036844493561270356	3	0.052136395512884764	0.05076370392788384	9.751398316644504e-05	unsupported	True	0.0015362761092785	0.0015362761092785
ZNF789	chr7:99500089-99500590	9	-0.00883277459605862	0.03858223384404783	3	0.04741500844010645	0.033207071696851345	6.07482513185127e-05	unsupported	True	0.0015113016185877	0.0015113016185877
ZNF789	chr7:99430844-99431345	10	-0.006220364678529159	0.04188745226816712	4	0.048107816946696275	0.03577280726326818	7.20862806602917e-05	unsupported	True	0.0011092250226858	-0.0011092250226858
ZNF789	chr7:99415494-99415995	11	-0.01494986184589873	0.038752145174927616	3	0.053702007020826344	0.0417171528027627	8.681623059154093e-05	unsupported	True	0.0009744648311086	0.0009744648311086
ZNF789	chr7:99452936-99453437	12	-0.009343348269521597	0.053219107268126224	3	0.06256245553764782	0.08721852184161036	0.00029039564121481935	unsupported	True	0.0009041552321872	0.0009041552321872
ZNF789	chr7:99325585-99326086	13	-0.01391636823369103	0.04190330540943955	2	0.05581967364313058	0.07120621310146476	0.00016655338549912752	unsupported	True	0.0008309152387906	0.0008309152387906
ZNF789	chr7:99439113-99439614	14	-0.008818598649542509	0.0407720988629041	3	0.04959069751244661	0.07191389494057322	0.00014540391389128004	unsupported	True	0.0007792051112568	-0.0007792051112568
ZNF789	chr7:99408405-99408906	15	-0.013226297779513587	0.04067211447536427	3	0.05389841225487786	0.04731659899233096	0.00010372566888846149	unsupported	True	0.0006036572821941	0.0006036572821941
ZNF789	chr7:99375098-99375599	16	-0.01039086839200486	0.048039087993869904	2	0.05842995638587477	0.07915872339991302	0.0002221923476615955	unsupported	True	0.0005939341436764	-0.0005939341436764
ZNF789	chr7:99551891-99552392	17	-0.016835678349305917	0.0384555022282066	3	0.05529118057751252	0.07788225957075881	0.00016559716359454356	unsupported	True	0.0005740849079293	0.0005740849079293
ZNF789	chr7:99358132-99358633	18	0.0018751763804856236	0.09715923913921479	1	0.09528406275872917	0.10569810331155025	0.000978524189075653	unsupported	True	0.0004553037179924	-0.0004553037179924
ZNF789	chr7:99472539-99473040	19	-0.014140764014991364	0.03620711848355003	3	0.05034788249854139	0.048211206507838354	8.78867031294321e-05	unsupported	True	0.0004115935178357	0.0004115935178357
SCARB1	chr12:124771750-124772251	0	-0.01297790824803205	0.049352946316750884	5	0.062330854564782934	0.06929214607431908	0.00021315728408637674	unsupported	True	0.0094402247317431	0.0094402247317431
SCARB1	chr12:124994034-124994535	1	-0.009743337849519305	0.03945316056310225	1	0.04919649841262156	0.054301583761654455	0.00010539705817397057	unsupported	True	0.0051763414812256	0.0051763414812256
SCARB1	chr12:124685155-124685656	2	-0.025837604536555	0.017624041029078576	5	0.043461645565633575	0.05592780009766675	4.283900723331061e-05	unsupported	True	0.0044546594346699	0.0044546594346699
SCARB1	chr12:124627228-124627729	3	-0.018283251299683844	0.05567806245257386	5	0.0739613137522577	0.08807608282455343	0.0003626993036576859	unsupported	True	0.002870614580875	0.002870614580875
SCARB1	chr12:124661346-124661847	4	0.002047472761436856	0.10179687385012853	5	0.09974940108869168	0.1331428363599335	0.0013519559532096997	unsupported	True	0.0027672270549508	0.0027672270549508
SCARB1	chr12:124792877-124793378	5	-0.01860916806613306	0.024869111687765785	5	0.04347827975389884	0.052022033730816944	5.624966647825139e-05	unsupported	True	0.0018632085625406	0.0018632085625406
SCARB1	chr12:124719199-124719700	6	0.001212261418739057	0.07510221119585579	4	0.07388994977711673	0.11245371721140585	0.0006240392569943019	unsupported	True	0.0018299832253511	0.0018299832253511
SCARB1	chr12:124993376-124993877	7	-0.021514532295882644	0.028744239092956307	1	0.050258771388838955	0.06317415979657945	9.126455887783877e-05	unsupported	True	0.0018132168621753	0.0018132168621753
SCARB1	chr12:124773885-124774386	8	-0.009962568124699362	0.0058599336539529945	5	0.015822501778652357	0.022949540724129552	2.1278541211908928e-06	unsupported	True	0.0017556506207503	0.0017556506207503
SCARB1	chr12:124833598-124834099	9	-0.013391263100534127	0.05218002192663289	5	0.06557128502716701	0.08969538566574625	0.0003068937568197894	unsupported	True	0.0014194154543989	-0.0014194154543989
SCARB1	chr12:124827667-124828168	10	-0.005760668841457369	0.02243419336338358	4	0.028194862204840947	0.030758973650237546	1.9455942553565107e-05	unsupported	True	0.0013206616782175	0.0013206616782175
SCARB1	chr12:124720638-124721139	11	0.015022290150225735	0.12103260912570221	5	0.10601031897547647	0.14127673719247283	0.0018126802088963038	unsupported	True	0.0012947178816399	0.0012947178816399
SCARB1	chr12:124727081-124727582	12	-0.024584831525126173	0.023041903655489127	5	0.047626735180615304	0.06112594420950136	6.708026176687978e-05	unsupported	True	0.0011489252136477	0.0011489252136477
SCARB1	chr12:124660692-124661193	13	-0.010469196512879144	0.07790132770858622	5	0.08837052422146537	0.11233301490769157	0.0007733208256773767	unsupported	True	0.0011072190535859	0.0011072190535859
SCARB1	chr12:124992759-124993260	14	0.0003720992081992858	0.07727857180099477	5	0.07690647259279548	0.08864551654668396	0.0005268400164284038	unsupported	True	0.0010857383665088	0.0010857383665088
SCARB1	chr12:124743733-124744234	15	0.005827609256377564	0.10369473762694008	5	0.09786712837056251	0.13715178686700064	0.0013918583288234554	unsupported	True	0.0009411737973616	0.0009411737973616
SCARB1	chr12:124713707-124714208	16	-0.021336784598907803	0.004805055551730501	1	0.026141840150638303	0.03453360365792056	4.337869354201254e-06	unsupported	True	0.0009274027831154	-0.0009274027831154
SCARB1	chr12:124639449-124639950	17	-0.015892772794828557	0.0413554442745756	1	0.05724821706940416	0.07321170834334408	0.00017333058280179694	unsupported	True	0.0009213280212206	-0.0009213280212206
SCARB1	chr12:124753131-124753632	18	-0.009262861832521247	0.09059889315024769	5	0.09986175498276893	0.12241758608371545	0.0011075565187733283	unsupported	True	0.0009170954170774	0.0009170954170774
SCARB1	chr12:124745883-124746384	19	-0.03336708081916186	-0.01664698106608091	1	0.016720099753080947	0.0299748341432802	0.0	unsupported	True	0.0008782295106936	-0.0008782295106936
FCAR	chr19:54855863-54856364	0	0.02124211507209464	0.02843533808290278	4	0.007193223010808138	0.02843533808290278	5.816213193941332e-06	unsupported	True	0.0333687015060253	0.0333687015060253
FCAR	chr19:54881237-54881738	1	0.02262947814041421	0.040698555094638114	4	0.018069076954223905	0.040698555094638114	2.9929120121783415e-05	unsupported	True	0.0071648854927963	0.0071648854927963
FCAR	chr19:54966129-54966630	2	-0.004052659289065977	0.0	0	0.004052659289065977	0.0	0.0	unsupported	True	0.0020887494370051	0.0020887494370051
FCAR	chr19:54919542-54920043	3	0.001885441389580143	0.016748248324490785	4	0.014862806934910643	0.016748248324490785	4.169074149981061e-06	unsupported	True	0.0006431536159544	0.0006431536159544
FCAR	chr19:54952547-54953048	4	0.0744704280875866	0.11808235158765519	4	0.043611923500068595	0.11808235158765519	0.0006081003152108586	unsupported	True	0.0003097709357553	-0.0003097709357553
FCAR	chr19:55005868-55006369	5	-0.01018663881492253	0.0	0	0.01018663881492253	0.0	0.0	unsupported	True	0.0002748586538601	-0.0002748586538601
FCAR	chr19:54923032-54923533	6	0.0002304260007441885	0.012710111279045215	4	0.012479685278301027	0.012710111279045215	2.0160548281730184e-06	unsupported	True	4.597609921940573e-05	-4.597609921940573e-05
FCAR	chr19:54893559-54894060	7	-0.009413049148264001	0.0	0	0.009413049148264001	0.0	0.0	unsupported	True	3.5553556258965285e-05	-3.5553556258965285e-05
LEKR1	chr3:157122969-157123470	0	-0.012883363871311813	0.026704982439643594	3	0.03958834631095541	0.039155596616238006	4.139553531963971e-05	unsupported	True	0.0051667345535265	0.0051667345535265
LEKR1	chr3:156751366-156751867	1	-0.015354752303725367	0.03436082644306584	3	0.04971557874679121	0.06144013530545487	0.00010495623996501563	unsupported	True	0.0048143619811244	0.0048143619811244
LEKR1	chr3:156816788-156817289	2	-0.012415316432464827	0.04924029890221828	3	0.06165561533468311	0.05967631775067364	0.0001811737754963765	unsupported	True	0.0047125729744766	0.0047125729744766
LEKR1	chr3:156680928-156681429	3	-0.01492311500045671	0.02336819381917164	5	0.03829130881962835	0.05162234142459697	4.6191605344348845e-05	unsupported	True	0.0033745590736565	0.0033745590736565
LEKR1	chr3:156734679-156735180	4	-0.024626666930889135	-0.0001264746507604216	4	0.024500192280128712	0.02722429906614781	0.0	unsupported	True	0.0033002507138459	0.0033002507138459
LEKR1	chr3:157077518-157078019	5	-0.018359399037541257	0.015174356354308508	3	0.033533755391849766	0.039465537520614234	2.008216325012115e-05	unsupported	True	0.0028052515732542	0.0028052515732542
LEKR1	chr3:157063125-157063626	6	-0.010808119577601414	0.050779782900742886	3	0.0615879024783443	0.05254065631347713	0.00016431671603181784	unsupported	True	0.0026520847020582	0.0026520847020582
LEKR1	chr3:157110494-157110995	7	-0.00985599501371987	0.029909567124031942	3	0.039765562137751814	0.05126122633590126	6.096860321222794e-05	unsupported	True	0.0026113805430791	0.0026113805430791
LEKR1	chr3:157070525-157071026	8	-0.020193106759375426	0.014899583070999768	4	0.035092689830375196	0.030978752866481114	1.6197750453469028e-05	unsupported	True	0.0024320638650311	0.0024320638650311
LEKR1	chr3:157174849-157175350	9	-0.017602267849495614	0.045007241422825674	3	0.06260950927232128	0.06770965020865119	0.00019079775709724865	unsupported	True	0.002256062512125	-0.002256062512125
LEKR1	chr3:156826030-156826531	10	-0.01781243133838941	0.03623731900703863	3	0.05404975034542804	0.06145456194360932	0.0001203660140021614	unsupported	True	0.0018367828840248	0.0018367828840248
LEKR1	chr3:156732235-156732736	11	-0.024987035871330325	0.030568680874177995	3	0.05555571674550832	0.0706233991024208	0.00011993724517674416	unsupported	True	0.0013668132294488	0.0013668132294488
LEKR1	chr3:157105263-157105764	12	-0.019850406595934803	0.04048173860120733	3	0.06033214519714213	0.05649308877032799	0.00013797590276562924	unsupported	True	0.0011421011461202	0.0011421011461202
LEKR1	chr3:157129663-157130164	13	-0.028342636487657162	0.012739564903156643	3	0.041082201390813804	0.046634827346897785	2.4407240254438518e-05	unsupported	True	0.0011035331096091	0.0011035331096091
LEKR1	chr3:156826584-156827085	14	-0.02386127879510941	0.0005107004638218629	3	0.02437197925893127	0.03428866585744546	4.267835185430344e-07	unsupported	True	0.0009649181234833	0.0009649181234833
LEKR1	chr3:157159965-157160466	15	-0.015999301672640586	0.046235007343844364	3	0.062234309016484954	0.0669583018757809	0.00019266606786754335	unsupported	True	0.0009465667873963	-0.0009465667873963
LEKR1	chr3:157063899-157064400	16	-0.01569409396527034	0.036293670643270146	3	0.05198776460854049	0.04252755336352567	8.024212768764527e-05	unsupported	True	0.0007250082411295	0.0007250082411295
LEKR1	chr3:156815934-156816435	17	-0.022796129465031387	0.02319113044973197	3	0.04598725991476336	0.05993846506300737	6.392416582492042e-05	unsupported	True	0.0006210367662494	0.0006210367662494
LEKR1	chr3:156675316-156675817	18	-0.01883524255749856	0.06125494261953845	3	0.080090185177037	0.07494408235143046	0.0003676696498120208	unsupported	True	0.0005699985167596	0.0005699985167596
LEKR1	chr3:156728431-156728932	19	-0.01166304593879192	0.014627422064238768	2	0.026290468003030688	0.0186238647521422	7.162026425854616e-06	unsupported	True	0.0005157023823942	0.0005157023823942
OTUD4	chr4:145279048-145279549	0	-0.013133825973775264	-0.006413150408086937	1	0.006720675565688327	0.016618849657192715	0.0	unsupported	True	0.0139776958796117	0.0139776958796117
OTUD4	chr4:145013356-145013857	1	-0.020218416594401628	0.02434188388132391	1	0.04456030047572554	0.04717126949395248	5.1165810894149736e-05	unsupported	True	0.006791831614758	0.006791831614758
OTUD4	chr4:145232250-145232751	2	-0.020615599849591142	-0.002406606625713746	1	0.018208993223877395	0.02281297260520273	0.0	unsupported	True	0.0056693279536589	0.0056693279536589
OTUD4	chr4:145293582-145294083	3	-0.0069102449997659075	0.006400306597021546	4	0.013310551596787453	0.027080252343984788	2.3070103287489214e-06	unsupported	True	0.0040125562249919	0.0040125562249919
OTUD4	chr4:145097995-145098496	4	-0.01351087526700857	0.05863844982002609	1	0.07214932508703466	0.08496565045370211	0.0003594662657167222	unsupported	True	0.0029423351969813	-0.0029423351969813
OTUD4	chr4:145234072-145234573	5	-0.0026223473752482115	0.030582542215012644	1	0.033204889590260855	0.03174428391099822	3.223600088917386e-05	unsupported	True	0.0019273268001029	0.0019273268001029
OTUD4	chr4:145179470-145179971	6	0.011679667129337512	0.05877713830114538	1	0.04709747117180787	0.064810348524978	0.00017941154392176384	unsupported	True	0.0017431103435581	-0.0017431103435581
OTUD4	chr4:145065929-145066430	7	0.01663753090210374	0.0678490762476227	4	0.05121154534551896	0.06184870178193761	0.0002149029655162415	unsupported	True	0.0012473820702609	-0.0012473820702609
OTUD4	chr4:145132588-145133089	8	0.02070980192206321	0.07579415854971809	4	0.05508435662765488	0.07794317142444934	0.0003254183884472499	unsupported	True	0.0012068022560635	-0.0012068022560635
OTUD4	chr4:145041240-145041741	9	0.016778231029190818	0.07148526477949979	4	0.05470703375030897	0.08563498622123211	0.00033489674772830457	unsupported	True	0.0010467948082433	-0.0010467948082433
OTUD4	chr4:145319681-145320182	10	-0.00871885368775827	0.04058563312314018	1	0.049304486810898454	0.05709322781555187	0.00011424662121860492	unsupported	True	0.0009268404458055	-0.0009268404458055
OTUD4	chr4:145180445-145180946	11	-0.002436169852626566	0.055663326038658645	1	0.05809949589128521	0.07059085247557575	0.00022829160628668922	unsupported	True	0.0007891832654377	-0.0007891832654377
OTUD4	chr4:145172297-145172798	12	0.017109086175364527	0.05022900822974393	2	0.0331199220543794	0.06912863058010557	0.00011500106515138729	unsupported	True	0.0006058463408339	0.0006058463408339
OTUD4	chr4:145276677-145277178	13	0.02151113385173366	0.04529543239598375	0	0.02378429854425009	0.04364580367758721	4.702050100626197e-05	unsupported	True	0.0003574365496759	0.0003574365496759
OTUD4	chr4:144969811-144970312	14	-0.008415373991032532	0.01408560272563659	4	0.022500976716669122	0.019266249089186064	6.106241498553706e-06	unsupported	True	0.0003564243359304	-0.0003564243359304
OTUD4	chr4:145050856-145051357	15	0.0004035250128995222	0.03976036642943822	4	0.039356841416538696	0.04797803057340361	7.50780582478521e-05	unsupported	True	0.0001148531828438	0.0001148531828438
OTUD4	chr4:145299589-145300090	16	-0.018399770899771316	0.006847028196713627	1	0.025246799096484942	0.02338697098224389	4.04280149153627e-06	unsupported	True	8.298180678104523e-05	-8.298180678104523e-05
OTUD4	chr4:145061243-145061744	17	-0.007237308666321692	0.04386466317563842	1	0.05110197184196011	0.06470175828177734	0.0001450335709381269	unsupported	True	4.9772755673237984e-05	4.9772755673237984e-05
OTUD4	chr4:145053185-145053686	18	-0.007057111230725296	0.015480725056323506	4	0.0225378362870488	0.03184141807049503	1.1109535941765993e-05	unsupported	True	1.3371292196910058e-05	-1.3371292196910058e-05
KAT6A	chr8:41852468-41852969	0	-0.009938476131538742	0.046350637711889346	5	0.056289113843428086	0.07139370167100553	0.00018626876088451415	unsupported	True	0.0071019387097649	0.0071019387097649
KAT6A	chr8:41791867-41792368	1	-0.00932982428153608	0.042735746595145126	5	0.052065570876681205	0.06255889917957944	0.00013919736947730406	unsupported	True	0.0038980112413965	0.0038980112413965
KAT6A	chr8:42140580-42141081	2	0.009216421002370986	0.07370029352402081	5	0.06448387252164983	0.0729072045859057	0.0003464900558855916	unsupported	True	0.0027958988183967	-0.0027958988183967
KAT6A	chr8:42196239-42196740	3	-0.01273423440202786	0.036329325152624756	5	0.049063559554652615	0.058426954691063876	0.00010414289216072805	unsupported	True	0.0027431291188042	0.0027431291188042
KAT6A	chr8:41929527-41930028	4	-0.01608212216113969	0.02171480851084463	2	0.03779693067198432	0.047131728260732544	3.868351263638453e-05	unsupported	True	0.002690733182898	0.002690733182898
KAT6A	chr8:41875717-41876218	5	-0.011386830327148196	0.03421931720501701	5	0.04560614753216521	0.06264914720522582	9.777096260960756e-05	unsupported	True	0.0025844622821122	0.0025844622821122
KAT6A	chr8:42171566-42172067	6	-0.0034144078882718727	0.0377092944758524	5	0.04112370236412428	0.042201670953615614	6.544406408499755e-05	unsupported	True	0.0025383478427764	-0.0025383478427764
KAT6A	chr8:42152583-42153084	7	-0.005258722072355895	0.046432352358415536	5	0.05169107443077143	0.05391571488565704	0.00012940516589366369	unsupported	True	0.0022750357055274	-0.0022750357055274
KAT6A	chr8:42051839-42052340	8	-0.002514363277486734	0.04671216180118213	5	0.04922652507866886	0.052622565296889995	0.00012100439986095858	unsupported	True	0.0022374505980362	-0.0022374505980362
KAT6A	chr8:42172880-42173381	9	-0.005135032404011904	0.023087272040040144	5	0.02822230444405205	0.03598917564490231	2.344968384046306e-05	unsupported	True	0.0019671627407709	-0.0019671627407709
KAT6A	chr8:42198289-42198790	10	-0.004579448022946736	0.04181711186849919	5	0.04639655989144593	0.050302813066794766	9.759601563347789e-05	unsupported	True	0.0018671988652095	0.0018671988652095
KAT6A	chr8:41864294-41864795	11	-0.0007417112124181786	0.04165075898712284	5	0.04239247019954102	0.05815397235147004	0.000102681222110385	unsupported	True	0.0014219525803161	0.0014219525803161
KAT6A	chr8:41810901-41811402	12	-0.0058916495196393	0.04971455959271553	5	0.05560620911235483	0.08138948255306794	0.0002249961943745607	unsupported	True	0.0014076205256941	0.0014076205256941
KAT6A	chr8:41872283-41872784	13	-0.02057736933298889	0.04012218999068064	5	0.06069955932366953	0.07403896399406361	0.0001803144374955589	unsupported	True	0.0013340626840931	0.0013340626840931
KAT6A	chr8:42179485-42179986	14	-0.01715258796141237	-0.0035692134293360107	5	0.01358337453207636	0.014616127802655947	0.0	unsupported	True	0.0012620016816931	0.0012620016816931
KAT6A	chr8:42005333-42005834	15	0.005435576712620948	0.06675121257326572	5	0.06131563586064477	0.0767070035254158	0.00031395356110914565	unsupported	True	0.0012240506132357	0.0012240506132357
KAT6A	chr8:41897344-41897845	16	-0.008382810921465382	0.04680789625823263	5	0.05519070717969801	0.056421935971599585	0.0001457582230704871	unsupported	True	0.0012168022585075	0.0012168022585075
KAT6A	chr8:42033358-42033859	17	-0.01677874137294724	-0.002698614574643949	5	0.01408012679830329	0.0204362759131361	0.0	unsupported	True	0.0012112066698007	0.0012112066698007
KAT6A	chr8:41827156-41827657	18	-0.004856892943682298	0.0517127946884016	5	0.0565696876320839	0.07027198740398347	0.0002055720305459076	unsupported	True	0.0010825853137605	0.0010825853137605
KAT6A	chr8:41995177-41995678	19	-0.00279534204494419	0.06555013476701278	5	0.06834547681195698	0.0859606845180682	0.00038510861302371144	unsupported	True	0.0010022152582086	0.0010022152582086
BUB1B	chr15:40340573-40341074	0	0.020783093407826907	0.07305004865275806	0	0.052266955244931156	0.03876332539212398	0.00014800239314143688	unsupported	True	0.0054643234543954	0.0054643234543954
BUB1B	chr15:40322460-40322961	1	0.028553416143644882	0.06962117221501676	2	0.04106775607137188	0.04360754126383658	0.00012468204173255685	unsupported	True	0.0053196527930218	0.0053196527930218
BUB1B	chr15:40081619-40082120	2	0.019623953147294728	0.047200804905051436	0	0.027576851757756708	0.038138129789931294	4.964248137488173e-05	unsupported	True	0.0044911610964286	0.0044911610964286
BUB1B	chr15:40160729-40161230	3	0.00012000761867432837	0.053313993812320826	4	0.0531939861936465	0.06347732878355257	0.0001800206793208551	unsupported	True	0.0035424702712752	-0.0035424702712752
BUB1B	chr15:40357919-40358420	4	-0.011305319922543229	0.03965327978322795	4	0.05095859970577118	0.04851181525526189	9.802664195563268e-05	unsupported	True	0.0027483530450284	-0.0027483530450284
BUB1B	chr15:40293811-40294312	5	0.015146520776355556	0.05041449559274339	4	0.03526797481638784	0.03701078828714538	6.580581671467518e-05	unsupported	True	0.0020786945861681	0.0020786945861681
BUB1B	chr15:40282989-40283490	6	-0.001781054910884482	0.03003439606513651	2	0.03181545097602099	0.03265194094071726	3.1200818666644674e-05	unsupported	True	0.0020575760701034	0.0020575760701034
BUB1B	chr15:40358524-40359025	7	-0.017359163003372244	0.04203835018646051	2	0.05939751318983275	0.0670896679782675	0.0001675211203604165	unsupported	True	0.0019470871205317	-0.0019470871205317
BUB1B	chr15:40069032-40069533	8	0.03067130044574271	0.07773351472544697	0	0.047062214279704265	0.04227104311183907	0.0001546406358084596	unsupported	True	0.001902900807062	0.001902900807062
BUB1B	chr15:40337973-40338474	9	0.007423551719403275	0.05576573748976145	4	0.048342185770358176	0.06906594540930826	0.0001861905753699117	unsupported	True	0.001789997528727	0.001789997528727
BUB1B	chr15:40366877-40367378	10	0.014097627278849471	0.08067956117294392	2	0.06658193389409445	0.058092854469050534	0.0003120632658491186	unsupported	True	0.0015703522746867	0.0015703522746867
BUB1B	chr15:40103278-40103779	11	0.029865201629928236	0.07830357087024507	2	0.04843836924031684	0.058120327636175785	0.0002204444325253957	unsupported	True	0.0014732196747787	0.0014732196747787
BUB1B	chr15:40232553-40233054	12	0.03849937437051739	0.09095748849006811	1	0.052458114119550724	0.06009400552836568	0.00028673604213400576	unsupported	True	0.0014598782844633	0.0014598782844633
BUB1B	chr15:40047471-40047972	13	-0.0007680928404350867	0.013373397651806196	5	0.014141490492241282	0.019445161817042606	3.6774646421055947e-06	unsupported	True	0.0012218845888959	0.0012218845888959
BUB1B	chr15:40217133-40217634	14	-0.012545325174082397	0.03793123460099051	2	0.050476559775072906	0.06161034742811826	0.00011796152659130384	unsupported	True	0.0012074805467656	-0.0012074805467656
BUB1B	chr15:40344488-40344989	15	0.018460794216099755	0.05357907149888495	2	0.0351182772827852	0.043322843542816375	8.151646557055926e-05	unsupported	True	0.0012059946938974	0.0012059946938974
BUB1B	chr15:40238898-40239399	16	0.0013926907221222882	0.06596586744890562	2	0.06457317672678332	0.06740335073977735	0.000287113039463497	unsupported	True	0.0011743425726147	-0.0011743425726147
BUB1B	chr15:40309937-40310438	17	0.007446865629402199	0.04003368044248258	4	0.03258681481308038	0.038447618692573154	5.015761494922615e-05	unsupported	True	0.0010889047265614	0.0010889047265614
BUB1B	chr15:40313540-40314041	18	-0.008728258894146952	0.04207464736975855	2	0.0508029062639055	0.047580476429935334	0.00010170395192974868	unsupported	True	0.0010613436607857	0.0010613436607857
BUB1B	chr15:40082271-40082772	19	0.028674852768165535	0.0591961769046963	1	0.030521324136530765	0.018415440946868443	3.3272018798714466e-05	unsupported	True	0.0010432019465913	0.0010432019465913
PHF11	chr13:49495901-49496402	0	-0.00470069512081974	0.05298409113702084	1	0.057684786257840584	0.07834040514518631	0.00023943773194638588	unsupported	True	0.0065177758757917	0.0065177758757917
PHF11	chr13:49401183-49401684	1	0.000323560816758253	0.04112395448733956	1	0.04080039367058131	0.0647053088980013	0.0001085673252040741	unsupported	True	0.0052147385213363	0.0052147385213363
PHF11	chr13:49641907-49642408	2	-0.007991218675374064	0.0182235536318521	0	0.026214772307226162	0.029042530647571178	1.3874380972825569e-05	unsupported	True	0.0048202981798808	0.0048202981798808
PHF11	chr13:49517380-49517881	3	0.00869191866587895	0.05490510729593749	1	0.04621318863005854	0.0652966701795355	0.0001656798583514913	unsupported	True	0.003478175268202	0.003478175268202
PHF11	chr13:49443849-49444350	4	-0.0069410611745319	0.06431341504598075	1	0.07125447622051265	0.09563820052303021	0.0004382734064432475	unsupported	True	0.003438819861842	-0.003438819861842
PHF11	chr13:49359214-49359715	5	-0.002974095427408914	0.03241675723398804	1	0.03539085266139696	0.05087404659283485	5.836558974282899e-05	unsupported	True	0.0024767240216143	0.0024767240216143
PHF11	chr13:49606972-49607473	6	-0.009193733134321121	0.045586471612522855	1	0.054780204746843975	0.07369857277280015	0.0001840427473998097	unsupported	True	0.0023320269496608	0.0023320269496608
PHF11	chr13:49377031-49377532	7	0.0031076657656227027	0.04636440106365774	1	0.04325673529803504	0.0555474504016265	0.00011140444586197591	unsupported	True	0.0018075197886522	0.0018075197886522
PHF11	chr13:49561007-49561508	8	-0.004325560371388612	0.01782230278385142	1	0.022147863155240033	0.01625108787863239	6.414725665377379e-06	unsupported	True	0.0017711540120907	0.0017711540120907
PHF11	chr13:49370348-49370849	9	-0.000297020452029725	0.05251010786461963	1	0.05280712831664936	0.07234156607976797	0.0002005965075992798	unsupported	True	0.0016307040536268	0.0016307040536268
PHF11	chr13:49495325-49495826	10	-0.00911581724349838	0.054476904402092956	1	0.06359272164559134	0.08621398121799395	0.0002986740796680436	unsupported	True	0.0015020657898405	0.0015020657898405
PHF11	chr13:49371689-49372190	11	0.003109482687657953	0.07428370088405221	1	0.07117421819639426	0.09066944219909048	0.00047937698752825405	unsupported	True	0.001360830440758	0.001360830440758
PHF11	chr13:49421327-49421828	12	-0.0013854607072484129	0.05254419212206766	1	0.05392965282931607	0.07847496204828551	0.00022237371829381065	unsupported	True	0.0012058854097891	0.0012058854097891
PHF11	chr13:49669664-49670165	13	-0.010038979631935941	0.019437182718595257	1	0.029476162350531198	0.041684437836352506	2.3882413093157625e-05	unsupported	True	0.0011986983886296	-0.0011986983886296
PHF11	chr13:49567961-49568462	14	-0.005796393949485362	0.054764973592964936	1	0.0605613675424503	0.07806063836547436	0.00025889916788005983	unsupported	True	0.0011547721998833	-0.0011547721998833
PHF11	chr13:49652647-49653148	15	-0.007662476009371204	0.027627663497986153	1	0.035290139507357356	0.045186117169477104	4.4055745740592357e-05	unsupported	True	0.0010973787857019	-0.0010973787857019
PHF11	chr13:49545954-49546455	16	-0.0008754983986962312	0.05000641856396981	3	0.05088191696266604	0.054222559558017566	0.00013796509712948315	unsupported	True	0.0010852912650573	0.0010852912650573
PHF11	chr13:49585339-49585840	17	-0.0015884831926265143	0.06270311023929276	1	0.06429159343191927	0.08238800144068073	0.0003321293389360719	unsupported	True	0.0010573848768364	-0.0010573848768364
PHF11	chr13:49347242-49347743	18	-0.027231774218602362	0.010376151916063996	1	0.03760792613466636	0.04293313260751359	1.6753605491988227e-05	unsupported	True	0.00037369746146	0.00037369746146
PHF11	chr13:49505053-49505554	19	-0.009806324189512463	0.02744775042862321	1	0.03725407461813567	0.032150491253403746	3.287518077007981e-05	unsupported	True	0.0003198432849052	-0.0003198432849052
GEN1	chr2:17878353-17878854	0	0.015868008879111804	0.04693164498395985	4	0.03106363610484805	0.058152921898498806	8.477925728407022e-05	unsupported	True	0.0158476904014023	0.0158476904014023
GEN1	chr2:17753607-17754108	1	-0.003572734123234923	0.047122551711710245	4	0.05069528583494517	0.06677420941845064	0.0001595163231562127	unsupported	True	0.0096490900332445	-0.0096490900332445
GEN1	chr2:17800153-17800654	2	0.012212484098596762	0.013808080815753942	4	0.0015955967171571803	0.03038380298104617	6.694198491620745e-07	unsupported	True	0.0043442649486703	0.0043442649486703
GEN1	chr2:17830495-17830996	3	0.005660189798549663	0.04069183734889717	4	0.0350316475503475	0.05199454053690498	7.411832694136723e-05	unsupported	True	0.0028008026799367	0.0028008026799367
GEN1	chr2:17614178-17614679	4	-0.009338929192206765	0.026731722017247835	0	0.0360706512094546	0.04858160180557215	4.684386808361459e-05	unsupported	True	0.0024082634468628	-0.0024082634468628
GEN1	chr2:17851708-17852209	5	-0.014677290091156413	0.02972043941713512	4	0.04439772950829153	0.04443427025199041	5.8631909620801406e-05	unsupported	True	0.0019162328448982	-0.0019162328448982
GEN1	chr2:17809181-17809682	6	-0.012233673873408232	0.019792871935441093	4	0.032026545808849324	0.03367336451107122	2.1345455509828783e-05	unsupported	True	0.0014581306677197	0.0014581306677197
GEN1	chr2:17765321-17765822	7	-0.012795066805556175	0.008148117899374007	0	0.02094318470493018	0.023785061695464696	4.058862223413178e-06	unsupported	True	0.001095613398831	-0.001095613398831
GEN1	chr2:17815130-17815631	8	-0.025051253512071527	-0.011506849341108816	5	0.01354440417096271	0.014787537823806969	0.0	unsupported	True	0.0007231831128214	-0.0007231831128214
GEN1	chr2:17803297-17803798	9	0.00015208930036857046	0.03716904733041185	4	0.037016958030043276	0.05644292072924044	7.765897165896811e-05	unsupported	True	0.0006452677122511	0.0006452677122511
GEN1	chr2:17850134-17850635	10	-0.0038001160579835725	0.030314327938205186	0	0.03411444399618876	0.04029693188259122	4.16733317286337e-05	unsupported	True	0.000573828936999	0.000573828936999
GEN1	chr2:17813572-17814073	11	-0.00449237776506689	0.0010368776588864858	1	0.005529255423953375	0.013799599509059629	7.911533150815554e-08	unsupported	True	0.0005061944614483	0.0005061944614483
GEN1	chr2:17608178-17608679	12	0.006741935511197259	0.06439562584422938	4	0.05765369033303212	0.07676873268014085	0.00028501508771660764	unsupported	True	0.0003129553882271	0.0003129553882271
GEN1	chr2:17690363-17690864	13	-0.010019412899867231	0.03846584811964013	4	0.048485261019507356	0.04806657494967807	8.964544500583544e-05	unsupported	True	0.0002993269271782	-0.0002993269271782
GEN1	chr2:17879062-17879563	14	-0.015339154725503245	-0.002540460490559343	0	0.012798694234943902	0.013095264391896707	0.0	unsupported	True	0.0002524767967569	0.0002524767967569
GEN1	chr2:17652928-17653429	15	0.01535230032156562	0.025312760966802482	4	0.009960460645236861	0.045170709410502385	1.138874458492011e-05	unsupported	True	0.0002387199385384	0.0002387199385384
GEN1	chr2:17829808-17830309	16	-0.024480492985613025	-0.014975620751628711	2	0.009504872233984314	0.005550862390389362	0.0	unsupported	True	0.0002334415757917	0.0002334415757917
GEN1	chr2:17660478-17660979	17	-0.019561265108248096	-0.0014091501397204183	2	0.01815211496852768	0.016478768322998053	0.0	unsupported	True	0.0001934218471871	-0.0001934218471871
GEN1	chr2:17822378-17822879	18	-0.004425390193169739	0.045769092449375735	4	0.050194482642545474	0.0596484643752634	0.00013703375254356048	unsupported	True	0.0001769764134257	0.0001769764134257
GEN1	chr2:17918783-17919284	19	-0.008130150238697747	0.017214770684351555	4	0.025344920923049304	0.026721978367455098	1.1658986261085246e-05	unsupported	True	0.0001626741501624	0.0001626741501624
SBK1	chr16:28330146-28330647	0	-0.001279439743957689	0.025307846410907508	1	0.026587286154865195	0.061104673394780706	4.111531549226297e-05	unsupported	True	0.0074603846777657	0.0074603846777657
SBK1	chr16:28136728-28137229	1	-0.05897855421413203	0.09760829343938503	2	0.15658684765351705	0.12139462811171495	0.001855416737025358	unsupported	True	0.0060663678939015	-0.0060663678939015
SBK1	chr16:28326845-28327346	2	-0.03173444787694511	0.024905524329694617	2	0.05663997220663973	0.05691795336977639	8.02912088003455e-05	unsupported	True	0.0051021581291846	0.0051021581291846
SBK1	chr16:28258388-28258889	3	-0.006055759364376542	0.016757499651495995	0	0.022813259015872535	0.043141073721147984	1.6492538261816013e-05	unsupported	True	0.0044099107190049	0.0044099107190049
SBK1	chr16:28280997-28281498	4	-0.00692161858067325	0.017819403048675065	4	0.024741021629348315	0.02720030035247392	1.199180284244832e-05	unsupported	True	0.0040881730591635	-0.0040881730591635
SBK1	chr16:28191616-28192117	5	0.0015694467738127918	0.04014314843438252	1	0.038573701660569726	0.054548837656829795	8.446722945083754e-05	unsupported	True	0.0024350106334442	0.0024350106334442
SBK1	chr16:28316978-28317479	6	-0.03933116702644042	0.049102383205341264	2	0.08843355023178168	0.08205205447641975	0.00035629447793113895	unsupported	True	0.0016729683033711	-0.0016729683033711
SBK1	chr16:28211009-28211510	7	-0.02619302418856157	0.06693668067272905	2	0.09312970486129063	0.09965179556553967	0.000621208697068624	unsupported	True	0.0016186280967226	-0.0016186280967226
SBK1	chr16:28211822-28212323	8	-0.019417409813379163	0.004345630362662666	2	0.02376304017604183	0.028843662781845355	2.978552054415226e-06	unsupported	True	0.0014222877403187	0.0014222877403187
SBK1	chr16:28131051-28131552	9	-0.04194376899461677	0.058602768620823864	2	0.10054653761544063	0.08586839235799801	0.0005059627988071134	unsupported	True	0.0013106467129759	-0.0013106467129759
SBK1	chr16:28292184-28292685	10	-0.009199035094255298	0.009189749110979643	2	0.01838878420523494	0.029045402973276704	4.908333657632502e-06	unsupported	True	0.0012209524455432	0.0012209524455432
SBK1	chr16:28182130-28182631	11	-0.021991881464159112	0.09441268774578952	2	0.11640456920994863	0.11586113360206356	0.0012733217652299757	unsupported	True	0.0011731841765895	0.0011731841765895
SBK1	chr16:28304116-28304617	12	-0.010317233705216887	0.020593591496679633	2	0.03091082520189652	0.044231801827568105	2.815641281827357e-05	unsupported	True	0.0010972288275285	0.0010972288275285
SBK1	chr16:28141961-28142462	13	-0.03761369881234098	0.02589715126392113	2	0.06351085007626212	0.042874870192515596	7.051844666469513e-05	unsupported	True	0.0009487869010446	0.0009487869010446
SBK1	chr16:28197749-28198250	14	-0.004647944460394181	0.042573229870991124	2	0.047221174331385306	0.037611134551436005	7.561184183406585e-05	unsupported	True	0.0007204994914241	-0.0007204994914241
SBK1	chr16:28201144-28201645	15	-0.0006081312032727965	0.021120457003195054	0	0.02172858820646785	0.041010858147555285	1.8820609227391245e-05	unsupported	True	0.0006958105609545	0.0006958105609545
SBK1	chr16:28321645-28322146	16	-0.014632900140605611	0.044910527674372175	2	0.05954342781497779	0.0683101152889945	0.00018266990745821108	unsupported	True	0.0006347971132557	-0.0006347971132557
SBK1	chr16:28277624-28278125	17	-0.011503805084521292	0.03879052025787674	2	0.050294325342398034	0.06813291366297466	0.00013292343411794189	unsupported	True	0.0006197320340461	0.0006197320340461
SBK1	chr16:28293191-28293692	18	-0.02529709961438525	0.03998691074304497	2	0.06528401035743023	0.07295242615797402	0.00019044273854801092	unsupported	True	0.0006087260778753	0.0006087260778753
SBK1	chr16:28250974-28251475	19	0.030176270186298922	0.04828079041487306	2	0.018104520228574134	0.06273698123297944	5.483842959516023e-05	unsupported	True	0.0005314625049847	0.0005314625049847
RPL31	chr2:101111904-101112405	0	-0.030918664003179424	0.039009877962911284	2	0.0699285419660907	0.06896490089305982	0.00018812962129698956	unsupported	True	0.0090137830802249	0.0090137830802249
RPL31	chr2:101106576-101107077	1	-0.04277250133709295	0.0014391568019245882	2	0.044211658139017534	0.03593675197781647	2.2865659931934272e-06	unsupported	True	0.0048806682975242	0.0048806682975242
RPL31	chr2:101113343-101113844	2	-0.02856444452202551	-0.003359758222808023	3	0.025204686299217488	0.02261305702399682	0.0	unsupported	True	0.0047235840670133	0.0047235840670133
RPL31	chr2:100875676-100876177	3	-0.020730448660671127	0.03253553470145566	5	0.05326598336212679	0.07462508508301603	0.00012932805223967673	unsupported	True	0.0034747725022335	0.0034747725022335
RPL31	chr2:100964511-100965012	4	-0.01907843988867537	0.025708344333322662	5	0.04478678422199803	0.062045217620111025	7.143849566207526e-05	unsupported	True	0.0034545449533461	0.0034545449533461
RPL31	chr2:101115103-101115604	5	-0.02442900248072518	0.03387799503818305	2	0.05830699751890823	0.07651876997297344	0.00015114937598805888	unsupported	True	0.0030780998031865	-0.0030780998031865
RPL31	chr2:100984787-100985288	6	-0.04373597050388113	-0.0014726800696490388	5	0.04226329043423209	0.055632437108671884	0.0	unsupported	True	0.0022153722357693	0.0022153722357693
RPL31	chr2:100972525-100973026	7	-0.0141468781470199	0.07076051435435918	4	0.08490739250137908	0.11372227412752688	0.0006832537450610417	unsupported	True	0.0021722686298173	0.0021722686298173
RPL31	chr2:100895379-100895880	8	-0.012002285876606145	0.011498888688404206	1	0.02350117456501035	0.043616662944694636	1.1786853170813877e-05	unsupported	True	0.0021438931179107	-0.0021438931179107
RPL31	chr2:101012648-101013149	9	-0.02866055680666495	0.03826725511734896	5	0.06692781192401391	0.08291809225057821	0.0002123651457148106	unsupported	True	0.0012870523387656	-0.0012870523387656
RPL31	chr2:101110272-101110773	10	-0.021322682024640358	0.008179657979665642	0	0.029502340004306002	0.03668829853838035	8.853585380034181e-06	unsupported	True	0.001251807788719	-0.001251807788719
RPL31	chr2:100858445-100858946	11	-0.016741576784093572	0.013627139020929373	2	0.030368715805022945	0.027159469002391842	1.1239639674957476e-05	unsupported	True	0.0010152917051298	-0.0010152917051298
RPL31	chr2:100893017-100893518	12	-0.03718796338469153	0.014706389235296151	5	0.051894352619987684	0.07560413563911153	5.769945451604493e-05	unsupported	True	0.0009046346458308	0.0009046346458308
RPL31	chr2:100921600-100922101	13	-0.01219647427054061	0.04072463852515964	5	0.05292111279570025	0.04940931720769226	0.00010648662391689063	unsupported	True	0.0008451959056961	0.0008451959056961
RPL31	chr2:100927937-100928438	14	-0.030630425608500197	0.027118812639775433	2	0.05774923824827563	0.08141331190124296	0.00012750063649827814	unsupported	True	0.0008059903442545	-0.0008059903442545
RPL31	chr2:101025519-101026020	15	-0.03176014212380162	0.01607421663527682	0	0.04783435875907844	0.05681182374719134	4.368260249059548e-05	unsupported	True	0.0007946158614067	0.0007946158614067
RPL31	chr2:100880834-100881335	16	-0.034336258617144635	0.010228448546481535	5	0.04456470716362617	0.048649156352136874	2.2175638603260526e-05	unsupported	True	0.0005697193663045	-0.0005697193663045
RPL31	chr2:100887653-100888154	17	-0.011746077290186018	0.014102899770825902	1	0.02584897706101192	0.05173232498942015	1.8858787969516877e-05	unsupported	True	0.0004481507482677	-0.0004481507482677
RPL31	chr2:101064796-101065297	18	-0.04782768272016052	0.026481568550439934	0	0.07430925127060045	0.08568781520574877	0.00016861867049640798	unsupported	True	0.000388261514165	-0.000388261514165
RPL31	chr2:100896138-100896639	19	-0.02041349395521873	0.009376885069946909	0	0.02979037902516564	0.05324942907181196	1.4874746652833139e-05	unsupported	True	0.0003608822710516	-0.0003608822710516
FNBP4	chr11:47914710-47915211	0	-0.021045692974905585	0.030573000510551358	5	0.051618693485456946	0.0756549648507465	0.00011939400081517714	unsupported	True	0.0101442273010681	0.0101442273010681
FNBP4	chr11:47614865-47615366	1	-0.010054087431788873	0.022515436506264575	1	0.03256952393805345	0.04254624215367264	3.119988471096324e-05	unsupported	True	0.0072701256605152	0.0072701256605152
FNBP4	chr11:47767208-47767709	2	-0.003562490865341046	0.03880810063078032	1	0.042370591496121365	0.06302736686571267	0.00010363729719398048	unsupported	True	0.0033787799061014	-0.0033787799061014
FNBP4	chr11:47613462-47613963	3	0.010547682485651664	0.10228016553361653	5	0.09173248304796487	0.12398986687470383	0.0011633242071463921	unsupported	True	0.0032011069390447	0.0032011069390447
FNBP4	chr11:47594182-47594683	4	-0.007084402522082835	0.04872806740891266	1	0.05581246993099549	0.060749617782134134	0.0001652167136784933	unsupported	True	0.0027450761940816	0.0027450761940816
FNBP4	chr11:47779307-47779808	5	0.0006140540887144149	0.06776552394152163	0	0.06715146985280722	0.09505544702172791	0.00043255499580812723	unsupported	True	0.0023030037150011	0.0023030037150011
FNBP4	chr11:47768220-47768721	6	0.001589330601839393	0.027835924881981607	1	0.026246594280142213	0.03819602888344577	2.7905950972660774e-05	unsupported	True	0.0022709688593222	-0.0022709688593222
FNBP4	chr11:47616938-47617439	7	-0.004677578952597068	0.04760932598209846	5	0.052286904934695524	0.06162406102538129	0.00015340350515688847	unsupported	True	0.0015650092989098	0.0015650092989098
FNBP4	chr11:47915776-47916277	8	0.005518084790294798	0.0703199238342832	1	0.06480183904398841	0.09786503707717648	0.00044595731062110585	unsupported	True	0.0014171603774911	0.0014171603774911
FNBP4	chr11:47651638-47652139	9	-0.010337363333784804	0.061802365274966874	1	0.07213972860875167	0.06972079473290592	0.00031084359968356874	unsupported	True	0.0013571173815649	0.0013571173815649
FNBP4	chr11:47766523-47767024	10	-0.004299422061902436	0.018797977185969105	5	0.02309739924787154	0.036847923526120825	1.5998792982168372e-05	unsupported	True	0.001272383104106	-0.001272383104106
FNBP4	chr11:47642418-47642919	11	-0.005953293613821359	0.04322013378831715	1	0.04917342740213851	0.06811734226622235	0.00014476856897752003	unsupported	True	0.0011014255370988	-0.0011014255370988
FNBP4	chr11:47776218-47776719	12	-0.002524571986952625	0.044130229358668935	5	0.04665480134562156	0.05956160705433809	0.00012263062347035624	unsupported	True	0.001057978377401	-0.001057978377401
FNBP4	chr11:47786783-47787284	13	-0.025035942843171156	-0.0031824836913047394	1	0.021853459151866417	0.03300960021255432	0.0	unsupported	True	0.0008253490843785	-0.0008253490843785
FNBP4	chr11:47599337-47599838	14	-0.01919016083816327	-0.005058629408885592	2	0.014131531429277677	0.023741693761989403	0.0	unsupported	True	0.0007574239661043	0.0007574239661043
FNBP4	chr11:47916474-47916975	15	0.009380362283554804	0.038747451473886634	5	0.02936708919033183	0.04694802900451413	5.342215578792853e-05	unsupported	True	0.0007317035319973	-0.0007317035319973
FNBP4	chr11:47578785-47579286	16	-0.006570692764764409	0.03232229516287508	1	0.03889298792763949	0.05462672187013104	6.867183304890009e-05	unsupported	True	0.0007276482785616	0.0007276482785616
FNBP4	chr11:47641860-47642361	17	-0.008351228775300442	0.025846594849018044	1	0.03419782362431849	0.05520677493756959	4.879711886383456e-05	unsupported	True	0.0006566379319289	0.0006566379319289
FNBP4	chr11:47735142-47735643	18	-0.009343816698835694	0.020524630337758604	1	0.029868447036594296	0.04395642066723756	2.6946992880965432e-05	unsupported	True	0.0005259308583981	0.0005259308583981
FNBP4	chr11:47732149-47732650	19	0.010953087507459755	0.050633030939070164	0	0.03967994343161041	0.0563133142966871	0.00011313996969717954	unsupported	True	0.0005112766127227	-0.0005112766127227
RAB22A	chr20:58228508-58229009	0	-0.0038315890901124802	0.04962230514307229	3	0.05345389423318477	0.058768672917096386	0.00015588422524444973	unsupported	True	0.0059457569203304	0.0059457569203304
RAB22A	chr20:58225246-58225747	1	-0.011455093933863538	0.07404349082857516	3	0.0854985847624387	0.08333216417540963	0.0005275437382390067	unsupported	True	0.0054291978368785	0.0054291978368785
RAB22A	chr20:58198644-58199145	2	0.015401236122997364	0.047025896349193616	2	0.031624660226196255	0.03824883476713914	5.688282535707218e-05	unsupported	True	0.0050749153727988	0.0050749153727988
RAB22A	chr20:58389384-58389885	3	-0.00599639905841614	0.039778795887937424	3	0.04577519494635356	0.041222827242721465	7.506190974236067e-05	unsupported	True	0.004163745579459	0.004163745579459
RAB22A	chr20:58388874-58389375	4	0.004047958826142245	0.047196126771207415	3	0.04314816794506517	0.05450626989356684	0.00011099800721010665	unsupported	True	0.0032773198830719	-0.0032773198830719
RAB22A	chr20:58498102-58498603	5	-0.001706468548147634	0.024830131478262876	2	0.02653660002641051	0.03370391039888191	2.2207751509772915e-05	unsupported	True	0.0030732068950701	0.0030732068950701
RAB22A	chr20:58365944-58366445	6	0.0022673814230298726	0.033836202112294794	3	0.03156882068926492	0.034562240309967796	3.691831357595151e-05	unsupported	True	0.0021235676357157	0.0021235676357157
RAB22A	chr20:58179466-58179967	7	0.01684610605678185	0.05291981857434362	3	0.03607371251756177	0.04490621308512163	8.572660391426399e-05	unsupported	True	0.0020082636605652	0.0020082636605652
RAB22A	chr20:58224707-58225208	8	0.00716041277172893	0.03639315708273517	3	0.02923274431100624	0.04521689875925988	4.8104985990651036e-05	unsupported	True	0.0016815414400048	0.0016815414400048
RAB22A	chr20:58213106-58213607	9	-0.0036459294313528597	0.021952075996941576	0	0.025598005428294435	0.01703681683493524	9.573487589556693e-06	unsupported	True	0.0015654598438089	0.0015654598438089
RAB22A	chr20:58458943-58459444	10	0.009952563434260172	0.03763717528670549	3	0.027684611852445314	0.03497550110983755	3.6443443493207825e-05	unsupported	True	0.0014144170824261	0.0014144170824261
RAB22A	chr20:58293386-58293887	11	0.005592964835387321	0.023572597073502094	3	0.017979632238114773	0.022379629067756056	9.485082685158647e-06	unsupported	True	0.0011157464480386	0.0011157464480386
RAB22A	chr20:58457411-58457912	12	0.02051148757278819	0.06905817259710172	2	0.04854668502431353	0.0918146408519461	0.00030781274756468515	unsupported	True	0.001070037115679	0.001070037115679
RAB22A	chr20:58384761-58385262	13	-0.018607565664055383	0.022566788578452224	0	0.04117435424250761	0.04319317812546131	4.013393261107307e-05	unsupported	True	0.0009712662979441	-0.0009712662979441
RAB22A	chr20:58271565-58272066	14	-0.00851101638912125	0.038935769538110794	3	0.047446785927232046	0.07359802574458343	0.00013596330899865748	unsupported	True	0.000941998161792	0.000941998161792
RAB22A	chr20:58212591-58213092	15	-0.004903060640760016	0.02598584347053931	2	0.030888904111299326	0.03376744936015757	2.7104261320109215e-05	unsupported	True	0.0008966024476686	0.0008966024476686
RAB22A	chr20:58268642-58269143	16	-0.015868420626201495	0.01962228081350546	2	0.03549070143970695	0.028276771323743833	1.969218418286648e-05	unsupported	True	0.000874763648247	0.000874763648247
RAB22A	chr20:58167383-58167884	17	0.021722141160812603	0.05399167519021362	3	0.03226953402940101	0.04484203567602362	7.812765993173994e-05	unsupported	True	0.000827427569982	0.000827427569982
RAB22A	chr20:58375953-58376454	18	0.0008009693590385494	0.05178891196880954	2	0.05098794260977099	0.08066024234642542	0.0002129922482925133	unsupported	True	0.0007034407888383	-0.0007034407888383
RAB22A	chr20:58360867-58361368	19	-0.012316050888232717	0.053397287716429126	3	0.06571333860466184	0.0769076426718319	0.00026986230779130915	unsupported	True	0.0006583880523608	0.0006583880523608
GPR143	chrX:9708921-9709422	0	-0.0006411160077484459	0.046223960912111534	5	0.04686507691985998	0.06233457447750886	0.00013503473316071331	unsupported	True	0.0126631327332042	0.0126631327332042
GPR143	chrX:9587553-9588054	1	-0.005099920922201104	0.027917699741754756	5	0.03301762066395586	0.046130373083602155	4.2521871696742676e-05	unsupported	True	0.0064762347060012	0.0064762347060012
GPR143	chrX:9682342-9682843	2	-0.011979189497072815	0.026201883892992668	5	0.03818107339006548	0.058221682229878245	5.824590547001294e-05	unsupported	True	0.0047958019329482	0.0047958019329482
GPR143	chrX:9670320-9670821	3	0.018315119090027695	0.06782344250648219	5	0.04950832341645449	0.06573624138252876	0.0002207307899102523	unsupported	True	0.0045618101884697	0.0045618101884697
GPR143	chrX:9878085-9878586	4	0.015995838034728607	0.04966123757235809	5	0.03366539953762948	0.06268995587712974	0.00010480916843474765	unsupported	True	0.0041200747135585	0.0041200747135585
GPR143	chrX:9578294-9578795	5	-0.007390109563030112	0.009460885666218555	3	0.016850995229248666	0.024662914291573988	3.931893477233874e-06	unsupported	True	0.0019257758809802	-0.0019257758809802
GPR143	chrX:9912250-9912751	6	0.002099972405894181	0.04628964901503833	5	0.04418967660914415	0.061262851646626454	0.0001253146713545127	unsupported	True	0.0017933051422068	0.0017933051422068
GPR143	chrX:9765679-9766180	7	0.021865876910305924	0.08438720589800765	5	0.06252132898770173	0.10810971934638096	0.0005703869076289297	unsupported	True	0.0013732050135024	0.0013732050135024
GPR143	chrX:9676768-9677269	8	0.005224627315001216	0.07931056241803668	2	0.07408593510303546	0.08831192230413014	0.0005189029440604126	unsupported	True	0.0008358550801764	0.0008358550801764
GPR143	chrX:9912817-9913318	9	-0.0027994544786732116	0.04764967704224928	5	0.050449131520922494	0.07153519881092894	0.00017196237880584106	unsupported	True	0.0008184309231696	0.0008184309231696
GPR143	chrX:9925984-9926485	10	-1.110259229512315e-05	0.04995461616990496	5	0.04996571876220008	0.08321800559658207	0.00020771366505988593	unsupported	True	0.0008165215673012	-0.0008165215673012
GPR143	chrX:9612029-9612530	11	-0.007613352969097999	0.0029692095956340803	5	0.010582562564732079	0.01636213756977213	5.141285720793686e-07	unsupported	True	0.0007791925658627	-0.0007791925658627
GPR143	chrX:9890431-9890932	12	0.007519138012417913	0.022753541525833965	1	0.015234403513416053	0.03508282647656226	1.2160992844689604e-05	unsupported	True	0.0005075786408421	-0.0005075786408421
GPR143	chrX:9602915-9603416	13	-0.008219503195961188	0.022090797933251086	5	0.030310301129212274	0.0498757807243274	3.339576229128786e-05	unsupported	True	0.0004578730065527	-0.0004578730065527
GPR143	chrX:9646693-9647194	14	0.00795134464174613	0.04558478528527347	1	0.03763344064352734	0.0692239929955504	0.00011875461221991563	unsupported	True	0.0004330898983482	-0.0004330898983482
GPR143	chrX:9786107-9786608	15	-0.005138961932889215	0.031978743075099285	1	0.0371177050079885	0.05958705362138232	7.072849503767358e-05	unsupported	True	0.0004171705629549	-0.0004171705629549
GPR143	chrX:9928003-9928504	16	0.009198422606237683	0.03642589842415062	1	0.02722747581791294	0.05997613648640428	5.9483448628120214e-05	unsupported	True	0.0003665977733089	-0.0003665977733089
GPR143	chrX:9841368-9841869	17	-0.006843342286214781	0.05288210298632984	5	0.05972544527254462	0.0739807635083882	0.00023366137226512077	unsupported	True	0.0002946609988825	0.0002946609988825
GPR143	chrX:9885115-9885616	18	0.007805019474603612	0.05729502104893202	5	0.04949000157432841	0.08476519772751973	0.00024035431891478946	unsupported	True	0.0002004726640134	-0.0002004726640134
GPR143	chrX:9778695-9779196	19	0.007550212679110539	0.016647513237228503	1	0.009097300558117964	0.025211056627405852	3.818149770722014e-06	unsupported	True	0.0001671399676331	-0.0001671399676331
NDUFAF7	chr2:37324555-37325056	0	0.01640121932053305	0.046390642761467565	5	0.029989423440934516	0.06760167536490043	9.404938616783865e-05	unsupported	True	0.0091210822884212	-0.0091210822884212
NDUFAF7	chr2:37344428-37344929	1	-0.011594734349218254	0.024633167970303595	3	0.036227902319521846	0.03760622052185496	3.356009215811134e-05	unsupported	True	0.0052734966382156	0.0052734966382156
NDUFAF7	chr2:37196286-37196787	2	-0.000707005270569378	0.025408496807234303	3	0.026115502077803682	0.03429102536402979	2.2754003664482444e-05	unsupported	True	0.0047145690213776	0.0047145690213776
NDUFAF7	chr2:37344945-37345446	3	-0.002820484345709844	0.039067106539792625	5	0.041887590885502465	0.052217593877344017	8.545027923325574e-05	unsupported	True	0.0036353373299257	0.0036353373299257
NDUFAF7	chr2:37231381-37231882	4	-0.0012300493960469353	0.03432915538122367	0	0.035559204777270606	0.05119560279446609	6.249536651522471e-05	unsupported	True	0.0023775211533068	0.0023775211533068
NDUFAF7	chr2:37084205-37084706	5	0.0005632057082093329	0.04255555004450237	5	0.041992344336293036	0.058073271337361086	0.00010377736044711033	unsupported	True	0.0022092632864557	0.0022092632864557
NDUFAF7	chr2:37318172-37318673	6	-0.009185456102626728	0.023289610484436337	3	0.03247506658706306	0.0402471892938562	3.0440223137551517e-05	unsupported	True	0.0019358483284257	0.0019358483284257
NDUFAF7	chr2:37395832-37396333	7	0.0059593081507470546	0.03883611319635197	0	0.03287680504560491	0.04223465642270241	5.3925518574719085e-05	unsupported	True	0.0019134509189925	-0.0019134509189925
NDUFAF7	chr2:37083622-37084123	8	0.0036225158279032947	0.0473077128064896	0	0.043685196978586305	0.06459428646741239	0.00013349357236167175	unsupported	True	0.0018182643761228	-0.0018182643761228
NDUFAF7	chr2:37323773-37324274	9	0.018908445140783377	0.058064595007580155	5	0.039156149866796774	0.05274361391796477	0.00011991714135317206	unsupported	True	0.0013978315563101	-0.0013978315563101
NDUFAF7	chr2:37156851-37157352	10	0.01556453663841237	0.053562723027108385	5	0.037998186388696016	0.06131658162573171	0.00012479680057343292	unsupported	True	0.0013643907361172	-0.0013643907361172
NDUFAF7	chr2:37331484-37331985	11	0.006213576577920857	0.05245334949006677	5	0.04623977291214591	0.06404372154383599	0.00015533362559616318	unsupported	True	0.001342809015726	0.001342809015726
NDUFAF7	chr2:37156296-37156797	12	0.004216334331254861	0.025435084017535924	3	0.021218749686281062	0.030267435885876617	1.6335355760264847e-05	unsupported	True	0.0012993251812171	0.0012993251812171
NDUFAF7	chr2:37375436-37375937	13	-0.016183779633429134	0.003589735318465564	0	0.019773514951894697	0.02290012383688437	1.6254893764909504e-06	unsupported	True	0.0012408367684439	0.0012408367684439
NDUFAF7	chr2:37376697-37377198	14	-0.00724305448367617	0.024704288421254068	0	0.03194734290493024	0.0359418658271414	2.8366627839221183e-05	unsupported	True	0.0011857756789921	0.0011857756789921
NDUFAF7	chr2:37249638-37250139	15	-0.014575674826469986	-0.006759706185113922	3	0.007815968641356065	0.01586406875884175	0.0	unsupported	True	0.0007786022614141	0.0007786022614141
NDUFAF7	chr2:37122255-37122756	16	-0.009305282073397628	0.0003765499098700201	4	0.009681831983267648	0.019362942327110947	7.059134253992589e-08	unsupported	True	0.0006833969031292	-0.0006833969031292
NDUFAF7	chr2:37362177-37362678	17	-0.015065617823400608	0.02277091643456203	5	0.03783653425796264	0.05102160531307062	4.395881509272376e-05	unsupported	True	0.0005800539565889	-0.0005800539565889
NDUFAF7	chr2:37149870-37150371	18	-0.0151819389765711	0.03973189539126436	3	0.05491383436783546	0.05970025135106942	0.00013025584254685798	unsupported	True	0.0004895427525423	-0.0004895427525423
NDUFAF7	chr2:37377631-37378132	19	-0.016465553884471427	0.003687177041019889	3	0.020152730925491316	0.019087710472200623	1.41834452344948e-06	unsupported	True	0.0004417667927042	-0.0004417667927042
STPG2	chr4:97646983-97647484	0	-0.009191538850804358	0.048023848636810605	1	0.05721538748761496	0.06548591525269805	0.00017993585289636797	unsupported	True	0.0067549896686542	0.0067549896686542
STPG2	chr4:98143307-98143808	1	-0.002311685415860337	0.06879957515660846	1	0.0711112605724688	0.08677934395746993	0.00042456138988046613	unsupported	True	0.0050106764896044	0.0050106764896044
STPG2	chr4:98142805-98143306	2	0.0035296662118639087	0.03730517801918598	3	0.03377551180732207	0.037105698587286476	4.6753235160951677e-05	unsupported	True	0.0047095700607793	0.0047095700607793
STPG2	chr4:98170640-98171141	3	-0.008688622073506406	0.009026969244220385	2	0.017715591317726792	0.020547023274191632	3.2858408809190646e-06	unsupported	True	0.0037533339992794	0.0037533339992794
STPG2	chr4:98203244-98203745	4	-0.009413302608083781	0.027116353691146025	2	0.03652965629922981	0.04131808159786436	4.092767036789069e-05	unsupported	True	0.0036330234478532	0.0036330234478532
STPG2	chr4:97396556-97397057	5	-0.003916509031382734	0.05960809267620876	1	0.06352460170759149	0.07674815987884992	0.0002906130737739808	unsupported	True	0.0030109214719636	0.0030109214719636
STPG2	chr4:97365299-97365800	6	-0.014051915420216539	0.026613294429560425	2	0.040665209849776965	0.05317182948332248	5.7544425662640386e-05	unsupported	True	0.0021166964755864	0.0021166964755864
STPG2	chr4:97745466-97745967	7	0.00039392774384538185	0.022997553282155584	3	0.0226036255383102	0.03970856112839345	2.0641625197639513e-05	unsupported	True	0.0016851575748238	0.0016851575748238
STPG2	chr4:98261021-98261522	8	-0.0009586493287139058	0.04395843056872831	1	0.044917079897442216	0.048781009798124095	9.631733983928084e-05	unsupported	True	0.0016709882706318	-0.0016709882706318
STPG2	chr4:98169967-98170468	9	-0.007823093528646843	0.06474849952317863	2	0.07257159305182546	0.08454303532340082	0.00039725941731728973	unsupported	True	0.0016188719132909	0.0016188719132909
STPG2	chr4:97986952-97987453	10	-0.009620292569021464	0.03445420683145172	2	0.044074499400473185	0.06245455400443515	9.484048279229167e-05	unsupported	True	0.001553667922299	0.001553667922299
STPG2	chr4:97317476-97317977	11	0.010816669245525818	0.05462739520966452	0	0.0438107259641387	0.07078166910451927	0.0001693993508839032	unsupported	True	0.0013823422192488	-0.0013823422192488
STPG2	chr4:97496258-97496759	12	-0.006628567829162042	0.03604744845778569	0	0.04267601628694773	0.06580881887089125	0.00010123775314609941	unsupported	True	0.001322160719861	0.001322160719861
STPG2	chr4:97239309-97239810	13	0.001695242832182675	0.016408078129787892	3	0.014712835297605217	0.03715427960500872	8.969390529059957e-06	unsupported	True	0.0011867332016728	-0.0011867332016728
STPG2	chr4:97396000-97396501	14	0.0009669071290299173	0.06974456992546807	1	0.06877766279643815	0.09112382128868396	0.00043710898905252664	unsupported	True	0.000906924728976	0.000906924728976
STPG2	chr4:98260127-98260628	15	-0.0007448489376511449	0.06522102629840867	1	0.06596587523605982	0.07032670526311076	0.0003025709501863122	unsupported	True	0.000815541067741	0.000815541067741
STPG2	chr4:98002983-98003484	16	-0.007206645785273458	0.017647023422050098	2	0.024853669207323556	0.038544750962377056	1.690546885257228e-05	unsupported	True	0.0007048142617471	-0.0007048142617471
STPG2	chr4:97140547-97141048	17	0.0007504132429777771	0.07741391144436797	1	0.07666349820139019	0.0923369217547986	0.0005480031263851626	unsupported	True	0.0006996317690095	0.0006996317690095
STPG2	chr4:97515191-97515692	18	0.0008658019457866859	0.03675049652233217	2	0.03588469457654549	0.06012408667843307	7.929046366679273e-05	unsupported	True	0.0006428585726796	0.0006428585726796
STPG2	chr4:97387008-97387509	19	-0.005998304262004433	0.049032997021721474	2	0.05503130128372591	0.0718662686026071	0.00019392031943320522	unsupported	True	0.0006224115577007	0.0006224115577007
DAGLA	chr11:61638354-61638855	0	-0.00576305473596815	0.03557860358624863	5	0.041341658322216784	0.062002680862325736	9.119840855142995e-05	unsupported	True	0.0073026632056968	0.0073026632056968
DAGLA	chr11:61890779-61891280	1	-0.008764256280692762	0.030992330783841213	5	0.03975658706453397	0.055014678538919094	6.778629749414628e-05	unsupported	True	0.0052040391500586	0.0052040391500586
DAGLA	chr11:61565877-61566378	2	0.0026387101757547413	0.04916617516961052	0	0.04652746499385578	0.07042205737468782	0.00016109591353755722	unsupported	True	0.0035147206709953	0.0035147206709953
DAGLA	chr11:61555434-61555935	3	-0.0006056584157007702	0.032844711200921646	5	0.033450369616622413	0.043912970489909706	4.8245763589109054e-05	unsupported	True	0.0030791113565088	0.0030791113565088
DAGLA	chr11:61816189-61816690	4	-0.014840838052318265	0.03697537827205346	4	0.05181621632437172	0.057801913538939126	0.00011074408491048695	unsupported	True	0.0030529368012468	-0.0030529368012468
DAGLA	chr11:61891311-61891812	5	-0.011974768763591768	0.019831437425633446	0	0.031806206189225215	0.05199228731598385	3.279480009092623e-05	unsupported	True	0.0029806088168061	0.0029806088168061
DAGLA	chr11:61814456-61814957	6	-0.005685093640284947	0.028326678950360378	5	0.03401177259064533	0.03451171481770817	3.3249985943986535e-05	unsupported	True	0.0023247259829673	0.0023247259829673
DAGLA	chr11:61871081-61871582	7	-0.010832402428116495	0.024476310353288504	5	0.035308712781405	0.05549579391473104	4.796096416530493e-05	unsupported	True	0.0019898463146527	0.0019898463146527
DAGLA	chr11:61745590-61746091	8	-0.0004966984590815686	0.03339398890410604	5	0.03389068736318761	0.06013603512984604	6.805867137589997e-05	unsupported	True	0.0017708846065508	0.0017708846065508
DAGLA	chr11:61777265-61777766	9	0.005645626646212808	0.037179922006748016	5	0.03153429536053521	0.039492348224521405	4.630251309281853e-05	unsupported	True	0.0017505257804642	0.0017505257804642
DAGLA	chr11:61587385-61587886	10	-0.009336811982808358	0.036414193308985404	5	0.04575100529179376	0.059128148673321404	9.850666498513574e-05	unsupported	True	0.0015300792048671	0.0015300792048671
DAGLA	chr11:61602920-61603421	11	-0.005726494761732166	0.034079414043827486	5	0.03980590880555965	0.04926821832624892	6.683539513305328e-05	unsupported	True	0.0015289890972529	0.0015289890972529
DAGLA	chr11:61632035-61632536	12	-0.01504843923184013	0.015789901260219886	0	0.030838340492060017	0.045965339591612066	2.2382102820861153e-05	unsupported	True	0.0013998430850071	0.0013998430850071
DAGLA	chr11:61834578-61835079	13	-0.01547420701540065	0.03755297625838629	0	0.05302718327378694	0.04893985650283475	9.745533370867694e-05	unsupported	True	0.0012038024377458	-0.0012038024377458
DAGLA	chr11:61773291-61773792	14	-0.0038562518213523674	0.043131371694773296	5	0.04698762351612566	0.08103439882770683	0.0001642276071118875	unsupported	True	0.0009708992743646	0.0009708992743646
DAGLA	chr11:61680075-61680576	15	-0.00908023928205793	0.017580109707757356	0	0.026660348989815286	0.04179672016698332	1.9589782520643154e-05	unsupported	True	0.0009527600042893	0.0009527600042893
DAGLA	chr11:61581277-61581778	16	-0.006300488218814632	0.028512948941342646	5	0.03481343716015728	0.0568018682627382	5.638345185396708e-05	unsupported	True	0.0008698470612028	0.0008698470612028
DAGLA	chr11:61752289-61752790	17	-0.0168395358434447	0.0340062860051415	4	0.0508458218485862	0.056998066968099115	9.855407855503871e-05	unsupported	True	0.0008372446078646	-0.0008372446078646
DAGLA	chr11:61816720-61817221	18	-0.020178387141431536	0.017860843423519332	0	0.03803923056495087	0.050878766098226225	3.456768193714371e-05	unsupported	True	0.0007964004102066	0.0007964004102066
DAGLA	chr11:61749629-61750130	19	-0.014956119333670389	0.06657524972122426	0	0.08153136905489465	0.08273754320538633	0.00044909700622343385	unsupported	True	0.0007398197054918	0.0007398197054918
AAGAB	chr15:67199719-67200220	0	0.013273438658980048	0.028852624970557583	5	0.015579186311577535	0.044141047690706356	1.9841419475964945e-05	unsupported	True	0.0062654195958031	0.0062654195958031
AAGAB	chr15:67090716-67091217	1	-0.00033784580079840456	0.03229222929984023	0	0.03263007510063863	0.06077847770879115	6.404215233468197e-05	unsupported	True	0.0044880894075545	0.0044880894075545
AAGAB	chr15:67175306-67175807	2	-0.006249548652984311	0.03588636858576897	2	0.04213591723875328	0.054128823993043224	8.184846847469401e-05	unsupported	True	0.0034879215538969	0.0034879215538969
AAGAB	chr15:67254477-67254978	3	0.014037775900173896	0.08070789798838342	5	0.06667012208820952	0.081336024883537	0.00043765332291385714	unsupported	True	0.0032892313262804	0.0032892313262804
AAGAB	chr15:67142721-67143222	4	0.00860656673515854	0.08850950731628533	5	0.07990294058112679	0.10144161064519064	0.000717412305813938	unsupported	True	0.0031515392235844	0.0031515392235844
AAGAB	chr15:67373277-67373778	5	-0.00618183673175734	0.014364621235649522	2	0.02054645796740686	0.02594758406206734	7.65822409805187e-06	unsupported	True	0.0027294940218909	-0.0027294940218909
AAGAB	chr15:67212676-67213177	6	0.010965039441350353	0.053393932121155716	2	0.04242889267980536	0.06567841108183166	0.0001487908552971964	unsupported	True	0.0027232193316565	0.0027232193316565
AAGAB	chr15:67303691-67304192	7	0.01186523036252065	0.06482555998641854	2	0.052960329623897885	0.07768271406225002	0.00026669897524935664	unsupported	True	0.0025084291813163	0.0025084291813163
AAGAB	chr15:67202023-67202524	8	0.014123137410886529	0.043931918855928564	2	0.029808781445042037	0.052750236040957424	6.907943915196889e-05	unsupported	True	0.0024842942096645	0.0024842942096645
AAGAB	chr15:67335293-67335794	9	0.007118268700780581	0.05983089265494888	5	0.0527126239541683	0.08343586713658716	0.00026314365433327764	unsupported	True	0.0021665204246894	0.0021665204246894
AAGAB	chr15:67150298-67150799	10	-0.0011446900034058495	0.046531616955572674	1	0.04767630695897852	0.03302308508680563	7.326024979928948e-05	unsupported	True	0.0018902211527399	0.0018902211527399
AAGAB	chr15:67121748-67122249	11	0.00697005419709253	0.06738815110577588	5	0.060418096908683355	0.06577755060352809	0.0002678109190295242	unsupported	True	0.0017053027818821	0.0017053027818821
AAGAB	chr15:67121019-67121520	12	-0.014467650387419165	0.027511906732999927	1	0.04197955712041909	0.014314552913204848	1.6532416248237217e-05	unsupported	True	0.0012228173353973	0.0012228173353973
AAGAB	chr15:67334524-67335025	13	-0.0036256305037913996	0.06462551029132874	5	0.06825114079512014	0.0768974502526086	0.00033917656692621464	unsupported	True	0.0010710807824192	0.0010710807824192
AAGAB	chr15:67383843-67384344	14	0.001906294836280458	0.03418863386228154	2	0.03228233902600108	0.036079728426507716	3.9820801883247095e-05	unsupported	True	0.0008933362622021	0.0008933362622021
AAGAB	chr15:67108544-67109045	15	0.01992475038602054	0.07328902316080746	5	0.05336427277478692	0.08029576222430436	0.0003140379644889794	unsupported	True	0.0008012052138473	0.0008012052138473
AAGAB	chr15:67305284-67305785	16	0.014076827791067644	0.04999490599757648	5	0.03591807820650884	0.056722568541558306	0.00010185790430191373	unsupported	True	0.0007850540267733	0.0007850540267733
AAGAB	chr15:67359558-67360059	17	0.00764361292158598	0.07854305346018127	5	0.07089944053859529	0.06955861369681149	0.000387348168785938	unsupported	True	0.0007397007698391	-0.0007397007698391
AAGAB	chr15:67133944-67134445	18	0.008942535149997705	0.0520434953940936	2	0.0431009602440959	0.059045251239058294	0.0001324458570994185	unsupported	True	0.0007176860095629	0.0007176860095629
AAGAB	chr15:67138831-67139332	19	-0.005914289830803483	0.0233778970654075	2	0.029292186896210985	0.030720749074299673	2.1037253466454262e-05	unsupported	True	0.0006733434822857	-0.0006733434822857
RSPH4A	chr6:116531909-116532410	0	0.030936483053438008	0.04522792262720289	2	0.014291439573764882	0.05992614807704447	3.873459157216641e-05	unsupported	True	0.0110564468506613	0.0110564468506613
RSPH4A	chr6:116680843-116681344	1	-0.005408646792719118	0.04332894230108831	2	0.048737589093807425	0.05491884131050921	0.00011597476350039611	unsupported	True	0.0091235932947082	-0.0091235932947082
RSPH4A	chr6:116571075-116571576	2	-0.00946269321916826	0.03594475067146207	2	0.04540744389063033	0.049113360493291375	8.016082559220657e-05	unsupported	True	0.0062475127406407	-0.0062475127406407
RSPH4A	chr6:116764357-116764858	3	0.006565020060813708	0.04338458898466217	2	0.03681956892384847	0.05810816169824048	9.282208583093013e-05	unsupported	True	0.0039937236862165	0.0039937236862165
RSPH4A	chr6:116668571-116669072	4	-0.004472881444783631	0.06019819797260353	2	0.06467107941738716	0.07518385430290214	0.00029269694309872835	unsupported	True	0.0037581665238873	-0.0037581665238873
RSPH4A	chr6:116645485-116645986	5	0.007839505776497375	0.030181888457973465	2	0.022342382681476092	0.04369785597934111	2.9467006907605697e-05	unsupported	True	0.0033888056831653	-0.0033888056831653
RSPH4A	chr6:116561337-116561838	6	-0.0146068650280595	0.021474407082366878	2	0.036081272110426374	0.037764705567822215	2.9260997407707232e-05	unsupported	True	0.0026394767730464	-0.0026394767730464
RSPH4A	chr6:116681535-116682036	7	-0.021303969914227158	0.06501651382856974	2	0.0863204837427969	0.08456552449937564	0.00047460345048385143	unsupported	True	0.0007091494447152	-0.0007091494447152
RSPH4A	chr6:116536099-116536600	8	-0.017158838718248227	0.06356855385873227	2	0.0807273925769805	0.0825965561221336	0.0004238626965706046	unsupported	True	0.0006380632231088	0.0006380632231088
RSPH4A	chr6:116779578-116780079	9	0.0027356636490536426	0.01971412377504742	2	0.016978460125993775	0.027468785427808187	9.194227271894306e-06	unsupported	True	0.0006020402812419	-0.0006020402812419
RSPH4A	chr6:116765361-116765862	10	-0.0082971800564278	0.03295520009003519	2	0.04125238014646299	0.056982981169841	7.746724842251687e-05	unsupported	True	0.0005650658897012	0.0005650658897012
RSPH4A	chr6:116497309-116497810	11	0.016531378905111728	0.06066349143707102	2	0.04413211253195929	0.06228419531139261	0.00016674774787224934	unsupported	True	0.000277893085331	-0.000277893085331
RSPH4A	chr6:116616136-116616637	12	0.013063308082918309	0.057354517149921166	2	0.04429120906700286	0.07302507566144273	0.00018550566615734606	unsupported	True	0.0002735285548871	0.0002735285548871
RSPH4A	chr6:116532785-116533286	13	-0.0019106421704013945	0.0	1	0.0019106421704013945	0.012819647772046666	0.0	unsupported	True	0.0001823513281576	-0.0001823513281576
RSPH4A	chr6:116486584-116487085	14	0.01120644038684467	0.03378442343253629	4	0.02257798304569162	0.03378442343253629	2.577022235541889e-05	unsupported	True	0.0001607628730806	-0.0001607628730806
RSPH4A	chr6:116577402-116577903	15	0.009247102899047215	0.12266344638908992	2	0.1134163434900427	0.13384615317554732	0.001862072979181817	unsupported	True	0.0001409602960715	-0.0001409602960715
RSPH4A	chr6:116564801-116565302	16	-0.0037381204870198313	0.0	1	0.0037381204870198313	0.013030348591550986	0.0	unsupported	True	2.9196566777870808e-05	2.9196566777870808e-05
RSPH4A	chr6:116696276-116696777	17	-0.011281247322380221	0.0001998952582856011	3	0.011481142580665822	0.015271603046148415	3.504872546579385e-08	unsupported	True	5.183943972381654e-06	-5.183943972381654e-06
DSTN	chr20:17681004-17681505	0	-0.027414295094834937	0.011929575387063988	3	0.03934387048189893	0.029368290589208347	1.3784173674907648e-05	unsupported	True	0.0103190858649983	-0.0103190858649983
DSTN	chr20:17504731-17505232	1	-0.0013467321286612772	0.023732326487321723	5	0.025079058615983	0.032548031556322694	1.9372080863119125e-05	unsupported	True	0.005620482883646	0.005620482883646
DSTN	chr20:17735244-17735745	2	-0.0016403381453835035	0.014815785004786976	0	0.01645612315017048	0.024356305520487516	5.938320167799782e-06	unsupported	True	0.0033034435844435	0.0033034435844435
DSTN	chr20:17568987-17569488	3	-0.02449612867320325	0.02029001866612218	1	0.04478614733932543	0.0269040299415022	2.444800854716996e-05	unsupported	True	0.0031811651019397	-0.0031811651019397
DSTN	chr20:17530965-17531466	4	-0.021324727591105402	0.013597752780337546	5	0.03492248037144295	0.04443210881568681	2.1099353527930582e-05	unsupported	True	0.0030169924567506	0.0030169924567506
DSTN	chr20:17457071-17457572	5	0.0006171652619777638	0.0334435468663761	3	0.03282638160439834	0.04331897732947986	4.755690024363221e-05	unsupported	True	0.002348902026524	0.002348902026524
DSTN	chr20:17527107-17527608	6	-0.03868087530334476	0.029295704645042827	5	0.06797657994838759	0.06061429486823504	0.00012070862873461435	unsupported	True	0.0020258821810982	0.0020258821810982
DSTN	chr20:17599623-17600124	7	-0.015558376292297274	0.048212099274055974	5	0.06377047556635325	0.08392001499217422	0.00025801279930940416	unsupported	True	0.001777433727914	0.001777433727914
DSTN	chr20:17419620-17420121	8	0.003838625259048832	0.03874971747602785	3	0.03491109221697902	0.05925005260797725	8.015317255891539e-05	unsupported	True	0.0016825735911214	0.0016825735911214
DSTN	chr20:17518633-17519134	9	0.01023612962285588	0.023104067424750303	1	0.012867937801894424	0.029706649341641432	8.831837427587238e-06	unsupported	True	0.0016824718077762	0.0016824718077762
DSTN	chr20:17570315-17570816	10	-0.017550314744661163	0.0265799674955709	3	0.04413028224023206	0.04944367357012477	5.799651278365406e-05	unsupported	True	0.0014303588570528	-0.0014303588570528
DSTN	chr20:17482504-17483005	11	-0.00029979299602830216	0.04289266477980174	1	0.04319245777583004	0.048494989596878604	8.984373872983257e-05	unsupported	True	0.0013645886686763	0.0013645886686763
DSTN	chr20:17636586-17637087	12	-0.021739746751785718	0.03512467910914768	1	0.056864425860933404	0.05891153862738341	0.00011766665009964947	unsupported	True	0.0011322212519423	0.0011322212519423
DSTN	chr20:17660898-17661399	13	-0.010190056631719667	0.03814659675627285	5	0.04833665338799251	0.0489729828468805	9.030024608507652e-05	unsupported	True	0.0009784544332403	-0.0009784544332403
DSTN	chr20:17617409-17617910	14	-0.015010338229526644	0.032685813543553564	3	0.04769615177308021	0.04276269803298182	6.666651270888998e-05	unsupported	True	0.0008118358899412	-0.0008118358899412
DSTN	chr20:17682197-17682698	15	-0.02208497267135996	0.029840888984564884	5	0.051925861655924846	0.05498917807692462	8.520649430068908e-05	unsupported	True	0.0007922986341676	-0.0007922986341676
DSTN	chr20:17431695-17432196	16	-0.02287848259403341	0.04204051963175553	5	0.06491900222578895	0.07096933414522044	0.00019369153558832959	unsupported	True	0.0007846405992497	0.0007846405992497
DSTN	chr20:17439612-17440113	17	-0.009560210730883893	0.05376055999573185	4	0.06332077072661574	0.058897786806537844	0.0002004974954496024	unsupported	True	0.0005843263769617	-0.0005843263769617
DSTN	chr20:17556743-17557244	18	-0.015516069110612502	0.03483905539897394	1	0.050355124509586444	0.03111473865275063	5.4585363028584394e-05	unsupported	True	0.0005136496929481	0.0005136496929481
DSTN	chr20:17646341-17646842	19	-0.023661198844682485	0.010438528598446453	3	0.03409972744312894	0.04700751680251282	1.6732371678595313e-05	unsupported	True	0.0004394521672891	-0.0004394521672891
CUL3	chr2:224605191-224605692	0	-0.006634628593754575	0.018819953765151533	0	0.02545458235890611	0.042577413155445734	2.0396882768652955e-05	unsupported	True	0.0099312428742492	0.0099312428742492
CUL3	chr2:224442622-224443123	1	0.016566166105784565	0.09415526468660668	4	0.07758909858082211	0.07770800435204372	0.000567689773402781	unsupported	True	0.006440502265437	0.006440502265437
CUL3	chr2:224652157-224652658	2	-0.027129741497354934	-0.02001464944219612	5	0.007115092055158815	0.009311761277161917	0.0	unsupported	True	0.0040854319413528	0.0040854319413528
CUL3	chr2:224628207-224628708	3	0.009100169730762022	0.12181308228054234	5	0.11271291254978032	0.1614205667147285	0.002216289415774155	unsupported	True	0.0037158565120984	0.0037158565120984
CUL3	chr2:224722691-224723192	4	-0.002072809475521245	0.042762906201979325	5	0.04483571567750057	0.054495656215243854	0.00010448482160642738	unsupported	True	0.0032540861343583	0.0032540861343583
CUL3	chr2:224562746-224563247	5	0.0063430253707911265	0.06960586317303862	4	0.06326283780224749	0.0731836796863646	0.000322261730501888	unsupported	True	0.0028193196398546	0.0028193196398546
CUL3	chr2:224585308-224585809	6	0.007125327723027781	0.05591521607627505	4	0.04878988835324727	0.06440427880399885	0.00017570112942782268	unsupported	True	0.0025003799011107	-0.0025003799011107
CUL3	chr2:224333740-224334241	7	0.008139471642316369	0.08014588080080222	0	0.07200640915848586	0.08931037662582733	0.0005154117094031026	unsupported	True	0.0019530043580617	-0.0019530043580617
CUL3	chr2:224466161-224466662	8	0.013983064434520789	0.0790554658654599	0	0.06507240143093912	0.09609747939421244	0.0004943570510458175	unsupported	True	0.0015652526353085	-0.0015652526353085
CUL3	chr2:224412031-224412532	9	0.004162053947885847	0.04568164799899061	5	0.041519594051104766	0.06761324565399654	0.00012824092609516386	unsupported	True	0.0013949548408279	0.0013949548408279
CUL3	chr2:224365509-224366010	10	0.02113741352114614	0.09630131614088247	4	0.07516390261973632	0.07262773364223715	0.0005257073342633964	unsupported	True	0.0013426496295932	-0.0013426496295932
CUL3	chr2:224428699-224429200	11	-0.0013007330330617906	0.04743670401040468	1	0.04873743704346647	0.04271553686697943	9.875590248014437e-05	unsupported	True	0.001145352181408	0.001145352181408
CUL3	chr2:224433476-224433977	12	0.006763793282822177	0.026978979300519776	4	0.0202151860176976	0.026865548126190002	1.4652069251802316e-05	unsupported	True	0.0009892785238378	-0.0009892785238378
CUL3	chr2:224558149-224558650	13	0.017757109618716006	0.10465848838596828	4	0.08690137876725228	0.13354279644192563	0.0012145673187728351	unsupported	True	0.0005459955256688	-0.0005459955256688
CUL3	chr2:224711827-224712328	14	-0.0004039620296117258	0.06880093004200939	0	0.06920489207162112	0.09861981534311146	0.000469564536485927	unsupported	True	0.0004804225015054	0.0004804225015054
CUL3	chr2:224404744-224405245	15	0.007540562026987918	0.038155191783814615	5	0.030614629756826696	0.0414363489487653	4.840209215218627e-05	unsupported	True	0.0004237990037621	0.0004237990037621
CUL3	chr2:224441984-224442485	16	0.0003303768859766132	0.07195744638440743	4	0.07162706949843081	0.07273468760844815	0.00037488192709061904	unsupported	True	0.0003502866883665	0.0003502866883665
CUL3	chr2:224410375-224410876	17	0.016948736587878026	0.06272724910095244	5	0.04577851251307441	0.05702320858891677	0.00016374557385833913	unsupported	True	0.0003287784904631	0.0003287784904631
CUL3	chr2:224514415-224514916	18	-0.01136758257567444	0.03905069257854994	4	0.05041827515422438	0.053871238734299456	0.00010606538841475149	unsupported	True	0.0002638427385661	0.0002638427385661
CUL3	chr2:224682086-224682587	19	5.971634299730512e-05	0.025377441098054072	5	0.025317724755056767	0.022582159740219758	1.450901660251097e-05	unsupported	True	0.0002581033184006	-0.0002581033184006
MAP3K3	chr17:63537871-63538372	0	-0.01364179153395472	0.015123496777759912	4	0.028765288311714633	0.024977283315161348	1.0865911148290679e-05	unsupported	True	0.0052749125207714	0.0052749125207714
MAP3K3	chr17:63694874-63695375	1	-0.007394520874402155	0.013733812517647152	3	0.02112833339204931	0.018409764468934168	5.3420086619897544e-06	unsupported	True	0.0044926410778138	0.0044926410778138
MAP3K3	chr17:63476340-63476841	2	-0.004933863443887796	0.04943813391817787	2	0.05437199736206567	0.06964094197197881	0.00018719834012546826	unsupported	True	0.0042926930237159	0.0042926930237159
MAP3K3	chr17:63499145-63499646	3	-0.01654147533125725	0.017850260917894586	2	0.03439173624915184	0.03459257960024615	2.1236435310867127e-05	unsupported	True	0.0029970880060303	0.0029970880060303
MAP3K3	chr17:63773489-63773990	4	-0.005812290634744767	0.03805942368483101	4	0.04387171431957578	0.05919902476205184	9.884651566749257e-05	unsupported	True	0.0029961326681044	-0.0029961326681044
MAP3K3	chr17:63635358-63635859	5	-0.012205703300542612	0.0013411322768778246	3	0.013546835577420436	0.01289862309311931	2.3434345412766208e-07	unsupported	True	0.0028918104511149	0.0028918104511149
MAP3K3	chr17:63522936-63523437	6	-0.0035885114721696813	0.07634250745826984	4	0.07993101893043952	0.09128003032262748	0.0005570030138720459	unsupported	True	0.0027997708506965	0.0027997708506965
MAP3K3	chr17:63477092-63477593	7	-0.009250695015600245	0.012671145303814635	4	0.02192184031941488	0.03212766866849644	8.924257510382243e-06	unsupported	True	0.0027751604121673	0.0027751604121673
MAP3K3	chr17:63600593-63601094	8	-0.0035182122452975407	0.05994446338054925	4	0.06346267562584679	0.07449883480781408	0.0002834111519477495	unsupported	True	0.0024080407749009	0.0024080407749009
MAP3K3	chr17:63610918-63611419	9	-0.008514767867551658	0.0484885530700103	4	0.057003320937561955	0.08063609757448251	0.00022287886333188512	unsupported	True	0.0019046544832112	0.0019046544832112
MAP3K3	chr17:63550075-63550576	10	-0.005835738176661127	0.04352818396909991	4	0.04936392214576103	0.0640357808735385	0.00013759508376023092	unsupported	True	0.0016746035377677	-0.0016746035377677
MAP3K3	chr17:63675878-63676379	11	0.006629084592168779	0.08749996372454108	4	0.0808708791323723	0.09065421326936554	0.0006414872524171153	unsupported	True	0.0014976668000208	0.0014976668000208
MAP3K3	chr17:63578447-63578948	12	-0.005585566588410871	0.0857337228482557	4	0.09131928943666658	0.10760106338980419	0.00084242407470635	unsupported	True	0.0014200270360165	0.0014200270360165
MAP3K3	chr17:63490131-63490632	13	-0.011754650888066825	0.02827406936634611	5	0.04002872025441293	0.05004465864379978	5.66392841842074e-05	unsupported	True	0.0014070146388612	0.0014070146388612
MAP3K3	chr17:63842791-63843292	14	-0.0074331531504226046	0.030108767621832573	4	0.037541920772255176	0.051606429712124854	5.8332861747259634e-05	unsupported	True	0.001214308608499	-0.001214308608499
MAP3K3	chr17:63700509-63701010	15	-0.00845380303367928	0.040932821270471875	4	0.04938662430415115	0.06623702452398832	0.00013390038824465428	unsupported	True	0.0010608355671402	0.0010608355671402
MAP3K3	chr17:63827169-63827670	16	-0.008365432541602314	0.038909578818033225	4	0.047275011359635535	0.06340174999123473	0.00011662439851412402	unsupported	True	0.0007310415239784	-0.0007310415239784
MAP3K3	chr17:63536750-63537251	17	0.006402122753098506	0.057026275327885685	2	0.05062415257478718	0.07192761778274424	0.0002076483334141382	unsupported	True	0.0007128800132766	0.0007128800132766
MAP3K3	chr17:63741624-63742125	18	-0.006823825606729458	0.039163593484257984	4	0.04598741909098744	0.06073872050381561	0.00010939241489999115	unsupported	True	0.0006748775150403	-0.0006748775150403
MAP3K3	chr17:63621892-63622393	19	-0.009115058076000828	0.041624933605199234	4	0.05073999168120006	0.0658256563460191	0.00013902699749811058	unsupported	True	0.0005596238222107	-0.0005596238222107
ATPSCKMT	chr5:10233415-10233916	0	0.021980416969241842	0.07713833437052725	4	0.05515791740128541	0.0754667220974736	0.0003210950451312587	unsupported	True	0.0105457181974611	0.0105457181974611
ATPSCKMT	chr5:10161135-10161636	1	0.00029308219138744513	0.054901333556196454	4	0.054608251364809006	0.060434696313655875	0.0001811871975473992	unsupported	True	0.0083970837101978	0.0083970837101978
ATPSCKMT	chr5:10333467-10333968	2	0.02238729859980318	0.08211122412637405	4	0.05972392552657087	0.10078623312765791	0.0004942561543638388	unsupported	True	0.0049705526480122	0.0049705526480122
ATPSCKMT	chr5:10075591-10076092	3	-0.0013721453693511826	0.0754601160346298	4	0.07683226140398099	0.07942798516927388	0.0004605052976562865	unsupported	True	0.0039791448717119	0.0039791448717119
ATPSCKMT	chr5:10153784-10154285	4	0.026941903645078605	0.08657799220900037	3	0.05963608856392176	0.10287416968886788	0.0005311571158981899	unsupported	True	0.003768164202696	0.003768164202696
ATPSCKMT	chr5:10307402-10307903	5	0.0203728904427823	0.06236242449135279	4	0.04198953404857049	0.07328706582830366	0.00019190724941778702	unsupported	True	0.0026272446646648	0.0026272446646648
ATPSCKMT	chr5:10138537-10139038	6	-0.002674456033462669	0.028259724834604837	3	0.030934180868067505	0.0393823498730611	3.442771311915729e-05	unsupported	True	0.0014975136679975	0.0014975136679975
ATPSCKMT	chr5:10306821-10307322	7	0.013731269846009373	0.07105639960400022	4	0.057325129757990846	0.07936441844953153	0.0003232764608522758	unsupported	True	0.0013161316641688	0.0013161316641688
ATPSCKMT	chr5:10213434-10213935	8	0.014751851358667736	0.04768003761625763	3	0.03292818625758989	0.028283641743347587	4.440580286729366e-05	unsupported	True	0.0010600923146575	0.0010600923146575
ATPSCKMT	chr5:10339175-10339676	9	0.023531712424084764	0.06851415625626274	4	0.044982443832177976	0.08288766952457685	0.00025545434226475073	unsupported	True	0.0008606457570841	-0.0008606457570841
ATPSCKMT	chr5:10118093-10118594	10	0.03502930343217176	0.11523669019099626	3	0.0802073867588245	0.10910558823377314	0.0010084448163999908	unsupported	True	0.0007425205321232	0.0007425205321232
ATPSCKMT	chr5:10323578-10324079	11	0.038077602657022966	0.08781454484487927	4	0.049736942187856306	0.08656920308962149	0.0003781019836061075	unsupported	True	0.0005982305175926	0.0005982305175926
ATPSCKMT	chr5:10259847-10260348	12	0.00012398150081673902	0.03171872811351224	0	0.031594746612695505	0.03906720447762044	3.915101057047465e-05	unsupported	True	0.0005737004040488	0.0005737004040488
ATPSCKMT	chr5:10124162-10124663	13	-0.00919439787937295	0.02492338522543544	1	0.03411778310480839	0.04176210254176391	3.551159585645913e-05	unsupported	True	0.0005408732565129	-0.0005408732565129
ATPSCKMT	chr5:10265340-10265841	14	-0.03271278830729482	-0.015185923155272223	0	0.0175268651520226	0.02490946141225435	0.0	unsupported	True	0.0005222378815033	-0.0005222378815033
ATPSCKMT	chr5:10123481-10123982	15	0.008197512233971775	0.04874953916638324	4	0.040552026932411465	0.048885332469710725	9.664105324069241e-05	unsupported	True	0.0004063130121079	-0.0004063130121079
ATPSCKMT	chr5:10202794-10203295	16	-0.00744079848482908	0.02737019050216937	4	0.03481098898699845	0.028869120972457085	2.7506019239279204e-05	unsupported	True	0.0003758246603938	0.0003758246603938
ATPSCKMT	chr5:10201472-10201973	17	0.004351876248323031	0.05193051696229557	4	0.04757864071397254	0.05433711511155738	0.00013425524249099333	unsupported	True	0.0003467753877041	0.0003467753877041
ATPSCKMT	chr5:10220197-10220698	18	0.009958786540795643	0.05432857705677231	4	0.04436979051597667	0.05638189460903378	0.0001359112397770271	unsupported	True	0.0003413805799527	0.0003413805799527
ATPSCKMT	chr5:10249990-10250491	19	0.01091969326118889	0.08436075603507306	4	0.07344106277388418	0.09709884742754649	0.0006015801407686386	unsupported	True	0.0003122507912858	-0.0003122507912858
TTC19	chr17:15999489-15999990	0	-0.01689041234495004	0.028308656089693796	4	0.04519906843464384	0.0292551962152408	3.743275154051052e-05	unsupported	True	0.0058512142042466	-0.0058512142042466
TTC19	chr17:15886855-15887356	1	-0.008177991126572073	0.04191169752557891	1	0.050089688652150986	0.0622263151602259	0.00013063443390279897	unsupported	True	0.0053605301277095	0.0053605301277095
TTC19	chr17:16053718-16054219	2	-0.028475564291105464	-0.01047399138832649	1	0.018001572902778977	0.01610731361149622	0.0	unsupported	True	0.0045389909480255	0.0045389909480255
TTC19	chr17:15965528-15966029	3	-0.034186428702147394	-0.013503682968865581	3	0.020682745733281813	0.017199246385709913	0.0	unsupported	True	0.0038638026263402	-0.0038638026263402
TTC19	chr17:15998409-15998910	4	-0.0216226455515763	0.03004560241820588	4	0.051668247969782186	0.03885910577310803	6.032501709952962e-05	unsupported	True	0.0038108513285071	-0.0038108513285071
TTC19	chr17:15871538-15872039	5	-0.014287952626835626	0.01120573654009948	3	0.025493689166935105	0.02478199627662172	7.079610769314094e-06	unsupported	True	0.0032799262440153	0.0032799262440153
TTC19	chr17:15964988-15965489	6	-0.011293136538069199	0.023267872097828157	5	0.03456100863589735	0.04919449761588598	3.956030271937146e-05	unsupported	True	0.0024077319852373	0.0024077319852373
TTC19	chr17:15892579-15893080	7	-0.017792072725522287	0.03302904365047062	1	0.05082111637599291	0.04830979479332042	8.109151095080989e-05	unsupported	True	0.0020784476544521	0.0020784476544521
TTC19	chr17:16083875-16084376	8	-0.022438760092012917	0.04839358815440936	4	0.07083234824642227	0.0764657316888761	0.00026211164291615313	unsupported	True	0.0019990063175107	-0.0019990063175107
TTC19	chr17:16144733-16145234	9	-0.020054583343585498	0.005227836276668305	5	0.025282419620253804	0.03465438677074997	4.5803517529874385e-06	unsupported	True	0.0017971807795133	-0.0017971807795133
TTC19	chr17:15944486-15944987	10	-0.03132324577279751	0.00255564289963995	1	0.03387888867243746	0.03205092193369374	2.7750438613109114e-06	unsupported	True	0.0017483856132288	-0.0017483856132288
TTC19	chr17:16044347-16044848	11	0.012230562811477158	0.09983778351074632	1	0.08760722069926916	0.09626757170261611	0.0008420053492476607	unsupported	True	0.0016937158174608	0.0016937158174608
TTC19	chr17:16081409-16081910	12	-0.023314397769888112	0.0005683791182645854	1	0.0238827768881527	0.021367859867473936	2.900574084066925e-07	unsupported	True	0.0013885828659541	-0.0013885828659541
TTC19	chr17:16129554-16130055	13	-0.001611958044947549	0.05204568744583908	1	0.05365764549078663	0.05186428863948874	0.00014483875620573922	unsupported	True	0.0012381909264667	0.0012381909264667
TTC19	chr17:16047472-16047973	14	0.009191236375500423	0.16254735575178578	1	0.15335611937628535	0.147623634459426	0.003679907588982262	unsupported	True	0.0009047982800445	0.0009047982800445
TTC19	chr17:15945012-15945513	15	-0.03485633233013419	0.00024286422239357076	5	0.03509919655252776	0.04109647477616427	3.5032028587655644e-07	unsupported	True	0.0004435694921147	-0.0004435694921147
TTC19	chr17:16087410-16087911	16	0.009332896185955626	0.17324379641899082	1	0.1639109002330352	0.1657848101043097	0.004707716090809576	unsupported	True	0.0003745161361619	0.0003745161361619
TTC19	chr17:16043185-16043686	17	0.00923466114001385	0.17767056103299103	1	0.1684358998929772	0.18449174112183955	0.005521118447498535	unsupported	True	0.0003560806391077	-0.0003560806391077
TTC19	chr17:15966499-15967000	18	-0.027945622135890795	0.004117423230727376	5	0.03206304536661817	0.03418383501160343	4.5128517168012874e-06	unsupported	True	0.0003467137380045	-0.0003467137380045
TTC19	chr17:15990668-15991169	19	-0.014725798353320373	0.02477602104057106	4	0.039501819393891434	0.02788664760875815	2.7292603688203467e-05	unsupported	True	0.0002969169093462	-0.0002969169093462
PDHX	chr11:35134762-35135263	0	0.030758104137900012	0.06374151131662066	5	0.03298340717872065	0.06880844524257844	0.00014466371625090148	unsupported	True	0.0084210934638633	0.0084210934638633
PDHX	chr11:35102210-35102711	1	0.0156528922276363	0.035797219037623305	5	0.020144326809987005	0.03968430476661225	2.861678390000091e-05	unsupported	True	0.0063887373780616	0.0063887373780616
PDHX	chr11:35065562-35066063	2	0.010292089932217054	0.027785587447956072	5	0.017493497515739018	0.03261887544821693	1.585496235728017e-05	unsupported	True	0.0037417333266401	0.0037417333266401
PDHX	chr11:35165999-35166500	3	0.0004541365777584341	0.025863381376270488	5	0.025409244798512053	0.04641827885648147	3.0504653373630405e-05	unsupported	True	0.0036560817555842	0.0036560817555842
PDHX	chr11:34916264-34916765	4	-0.01762343694324719	0.0002859933238544155	3	0.01790943026710161	0.021928170981717017	1.1231559817459483e-07	unsupported	True	0.0031596599917464	0.0031596599917464
PDHX	chr11:35118136-35118637	5	0.024781490889005026	0.06192493900918437	5	0.03714344812017934	0.08807820861066687	0.00020258919490592816	unsupported	True	0.0028371834509106	0.0028371834509106
PDHX	chr11:35043909-35044410	6	-0.008545327783397656	0.039305868632173294	4	0.04785119641557095	0.05363978552930779	0.00010088747016495452	unsupported	True	0.0023396115887157	0.0023396115887157
PDHX	chr11:35156389-35156890	7	-0.0014996958192016606	0.0314697230719109	5	0.03296941889111256	0.05109309465223817	5.301105188379978e-05	unsupported	True	0.001957201337979	0.001957201337979
PDHX	chr11:35009571-35010072	8	-0.016139719180104654	0.055890299990803013	1	0.07203001917090766	0.09347781257832294	0.00037632105034711904	unsupported	True	0.0013873767708261	0.0013873767708261
PDHX	chr11:34948115-34948616	9	-0.019291318721507265	0.02713547704200594	4	0.046426795763513204	0.0433543052332591	5.461832820232036e-05	unsupported	True	0.0013685368037809	-0.0013685368037809
PDHX	chr11:35139424-35139925	10	-0.029257231120779104	0.0056788144590579894	1	0.034936045579837094	0.03731881689732325	7.403878649515127e-06	unsupported	True	0.0012980517655191	-0.0012980517655191
PDHX	chr11:34890069-34890570	11	-0.034009926523602595	0.0037781457220128463	1	0.037788072245615444	0.032218587681837545	4.59981050247113e-06	unsupported	True	0.0011675959216348	-0.0011675959216348
PDHX	chr11:35050157-35050658	12	0.004986560422753791	0.03415017830940779	3	0.029163617886653996	0.06251046630306066	6.225684577470455e-05	unsupported	True	0.0010717828509312	0.0010717828509312
PDHX	chr11:35163253-35163754	13	-0.02150654507741233	0.009874329510915361	3	0.03138087458832769	0.032846129333843344	1.0177869020109121e-05	unsupported	True	0.0009008993916844	0.0009008993916844
PDHX	chr11:34890766-34891267	14	-0.009860215860557978	0.021941246632558486	3	0.03180146249311647	0.02996986316128402	2.0911883562077554e-05	unsupported	True	0.0008042672822173	0.0008042672822173
PDHX	chr11:34792694-34793195	15	-0.021944506994978547	0.0035481246098986933	1	0.02549263160487724	0.019671308319314455	1.779290169123599e-06	unsupported	True	0.0007827367458316	-0.0007827367458316
PDHX	chr11:35059528-35060029	16	-0.0003742496711975618	0.024939164388540335	5	0.025313414059737898	0.03840125522192074	2.424253556350368e-05	unsupported	True	0.0006727593262204	0.0006727593262204
PDHX	chr11:35158593-35159094	17	-0.022143847898273374	0.02430335660780593	3	0.0464472045060793	0.06280616313852827	7.08970398939136e-05	unsupported	True	0.0006525957294441	-0.0006525957294441
PDHX	chr11:35062362-35062863	18	-0.011466927040184587	0.03670572418345574	4	0.048172651223640325	0.052930521257333274	9.359238544710721e-05	unsupported	True	0.0006346177766175	-0.0006346177766175
PDHX	chr11:35170497-35170998	19	-0.026009604698275405	0.011422656274695782	1	0.037432260972971185	0.04079614082655779	1.744344461833407e-05	unsupported	True	0.0005362831759354	-0.0005362831759354
HOXD4	chr2:176158758-176159259	0	0.0048117321764007265	0.0034337804352928174	1	-0.001377951741107909	0.0034337804352928174	0.0	unsupported	True	0.0057339355215917	0.0057339355215917
HOXD4	chr2:176174873-176175374	1	0.03174864356062262	0.03127906771796975	4	-0.00046957584265287095	0.03127906771796975	0.0	unsupported	True	0.0036156177297704	0.0036156177297704
HOXD4	chr2:176162894-176163395	2	0.01286454802542528	0.032288598042945205	1	0.019424050017519925	0.032288598042945205	2.0250612564899898e-05	unsupported	True	0.0034801194525059	0.0034801194525059
HOXD4	chr2:176130509-176131010	3	0.01730424431223736	0.02460707020445746	1	0.007302825892220099	0.02460707020445746	4.421918799619071e-06	unsupported	True	0.0031311417509871	0.0031311417509871
HOXD4	chr2:176097491-176097992	4	0.020009634984793315	0.029654080199516958	1	0.009644445214723643	0.029654080199516958	8.480982478601774e-06	unsupported	True	0.0030925325254923	0.0030925325254923
HOXD4	chr2:176188370-176188871	5	0.029197711474156365	0.03117463389275716	4	0.0019769224186007954	0.03117463389275716	1.921287469245072e-06	unsupported	True	0.0027192016246121	0.0027192016246121
HOXD4	chr2:176122460-176122961	6	0.01757205684670896	0.031391637738575916	4	0.013819580891866957	0.031391637738575916	1.3618297589366455e-05	unsupported	True	0.002560620140542	0.002560620140542
HOXD4	chr2:176116417-176116918	7	0.03563878916999703	0.046458888178966415	4	0.010820099008969387	0.046458888178966415	2.33544078104947e-05	unsupported	True	0.002427060051943	0.002427060051943
HOXD4	chr2:176129430-176129931	8	0.025145131906205924	0.0295428107368474	4	0.004397678830641474	0.0295428107368474	3.838195866650352e-06	unsupported	True	0.0020696577513924	0.0020696577513924
HOXD4	chr2:176269129-176269630	9	0.001619833328355464	0.012960928439838423	4	0.011341095111482959	0.012960928439838423	1.905141415728259e-06	unsupported	True	0.0019990150307484	0.0019990150307484
HOXD4	chr2:176146097-176146598	10	-0.0037637846901210767	0.0	0	0.0037637846901210767	0.0	0.0	unsupported	True	0.0019376729223906	0.0019376729223906
HOXD4	chr2:176171730-176172231	11	-0.0013444952013729244	0.006245925490296166	1	0.0075904206916690906	0.006245925490296166	2.9611434374711975e-07	unsupported	True	0.0018529721655256	0.0018529721655256
HOXD4	chr2:176164595-176165096	12	0.012649476054252094	0.029716985421311452	1	0.017067509367059357	0.029716985421311452	1.5072304252581077e-05	unsupported	True	0.0014190985683218	0.0014190985683218
HOXD4	chr2:176130007-176130508	13	0.016596137612596547	0.022035822109026736	1	0.005439684496430189	0.022035822109026736	2.6413881593316585e-06	unsupported	True	0.0014080311386863	0.0014080311386863
HOXD4	chr2:176177893-176178394	14	0.016422057127662936	0.037097173011972344	4	0.020675115884309408	0.037097173011972344	2.845309955531838e-05	unsupported	True	0.0013941376558629	0.0013941376558629
HOXD4	chr2:176088209-176088710	15	-0.005389491008430174	0.004236033411099241	4	0.009625524419529415	0.004236033411099241	1.7272020862506422e-07	unsupported	True	0.0012758325685109	-0.0012758325685109
HOXD4	chr2:176056356-176056857	16	0.0003764898890650411	0.010159822311058775	4	0.009783332421993734	0.010159822311058775	1.0098550354842611e-06	unsupported	True	0.0012025266104758	0.0012025266104758
HOXD4	chr2:176297094-176297595	17	0.02470780952473977	0.03960633481827151	1	0.014898525293531743	0.03960633481827151	2.3370746874641053e-05	unsupported	True	0.0010567174457032	0.0010567174457032
HOXD4	chr2:176147994-176148495	18	0.00870790651230153	0.02398128294388788	4	0.01527337643158635	0.02398128294388788	8.783748288390858e-06	unsupported	True	0.0008159822886774	0.0008159822886774
HOXD4	chr2:176150826-176151327	19	0.01185909599179426	0.03176879037891618	1	0.019909694387121923	0.03176879037891618	2.0093979357354036e-05	unsupported	True	0.00058473556028	0.00058473556028
AADAT	chr4:170015249-170015750	0	-0.019268774236718286	0.03664247361963747	0	0.055911247856355754	0.07398900732295194	0.00015158323443375138	unsupported	True	0.0045200857977297	-0.0045200857977297
AADAT	chr4:170027106-170027607	1	-0.0064732161751181036	0.029806431209990176	4	0.03627964738510828	0.03374710331646581	3.649299759866404e-05	unsupported	True	0.003912674899491	0.003912674899491
AADAT	chr4:169922472-169922973	2	-0.004975734474277917	0.03540001037254759	4	0.04037574484682551	0.051045164416139266	7.295894468589338e-05	unsupported	True	0.0031507134934587	0.0031507134934587
AADAT	chr4:170004812-170005313	3	-0.02151693254459506	0.04434755161328983	0	0.06586448415788489	0.07891732131773052	0.0002305118617147525	unsupported	True	0.002978762914636	-0.002978762914636
AADAT	chr4:170005488-170005989	4	-0.021008925286980267	0.04145083702374026	0	0.06245976231072052	0.06374804278805124	0.00016504428380011786	unsupported	True	0.0029705538783156	-0.0029705538783156
AADAT	chr4:169971569-169972070	5	-0.016663740971841638	0.027179122959347695	4	0.04384286393118933	0.0377269887155707	4.495587927005138e-05	unsupported	True	0.002673817439088	-0.002673817439088
AADAT	chr4:169959152-169959653	6	-0.011650099299570796	0.041122985545358204	4	0.052773084844929	0.07582811236277642	0.00016456116891762002	unsupported	True	0.0026736165838788	0.0026736165838788
AADAT	chr4:170162320-170162821	7	-0.012848663297653782	0.016472265284861436	0	0.02932092858251522	0.04712528573991213	2.276067012997237e-05	unsupported	True	0.0026119392145426	0.0026119392145426
AADAT	chr4:169984322-169984823	8	-0.003933422329395548	0.028479177250393638	1	0.03241259957978919	0.031695977869527076	2.925805537898605e-05	unsupported	True	0.0022073255652372	0.0022073255652372
AADAT	chr4:170090015-170090516	9	-0.024025493335080503	0.012042822910263014	4	0.03606831624534352	0.03745741536517099	1.6270165698502616e-05	unsupported	True	0.0020875902764957	0.0020875902764957
AADAT	chr4:169956450-169956951	10	-0.020151276242314914	0.04892047689775835	0	0.06907175314007327	0.08157991010203992	0.0002756604010388128	unsupported	True	0.0020086346206815	-0.0020086346206815
AADAT	chr4:170035876-170036377	11	-0.009637097488268652	0.020388407244742165	1	0.030025504733010817	0.024436078156272197	1.495908816965825e-05	unsupported	True	0.0017793991490387	0.0017793991490387
AADAT	chr4:170169840-170170341	12	-0.007959858396137796	0.022901037377507302	1	0.0308608957736451	0.042129506197162464	2.9774882215004622e-05	unsupported	True	0.0017278697599917	0.0017278697599917
AADAT	chr4:169943853-169944354	13	-0.02209409728117671	0.026589741591665345	0	0.048683838872842056	0.05205219995846208	6.738108851712062e-05	unsupported	True	0.0016920249219216	-0.0016920249219216
AADAT	chr4:170047733-170048234	14	-0.006791219948322915	0.02396127937660805	1	0.030752499324930963	0.02448900096254454	1.8045191230176782e-05	unsupported	True	0.0016318437827087	0.0016318437827087
AADAT	chr4:170109488-170109989	15	-0.0002531126642848934	0.053913818787851245	4	0.054166931452136136	0.049473981138520966	0.00014448114918558022	unsupported	True	0.0012638540018818	0.0012638540018818
AADAT	chr4:169993502-169994003	16	-0.02001505439647921	0.03188247267329372	0	0.051897527069772936	0.06296101432903942	0.00010417664725373467	unsupported	True	0.001191187502733	-0.001191187502733
AADAT	chr4:169920881-169921382	17	-0.015723764958175075	0.05288190974736387	1	0.06860567470553894	0.0734031447220571	0.0002663065428372385	unsupported	True	0.0009522589485534	0.0009522589485534
AADAT	chr4:170138515-170139016	18	-0.00556989720032372	0.02879395071071333	1	0.034363847911037054	0.04259379601348436	4.214532350659635e-05	unsupported	True	0.000925978459083	0.000925978459083
AADAT	chr4:170033993-170034494	19	0.007634257555292404	0.04062170762141248	5	0.03298745006612007	0.047021554808020394	6.300919151677734e-05	unsupported	True	0.0008148216960326	0.0008148216960326
LRP12	chr8:104512517-104513018	0	0.006065617736394188	0.1000876695971348	2	0.09402205186074061	0.10808800866002595	0.0010171565915642429	unsupported	True	0.0089349386102809	0.0089349386102809
LRP12	chr8:104348519-104349020	1	-0.007795520873291606	0.028732842546340044	2	0.03652836341963165	0.03501746343942494	3.675305900376446e-05	unsupported	True	0.0044780614745704	0.0044780614745704
LRP12	chr8:104731917-104732418	2	-0.010557184877865873	0.05329858780259774	4	0.06385577268046361	0.07586782140878695	0.0002582102509330768	unsupported	True	0.0042138246529415	0.0042138246529415
LRP12	chr8:104588558-104589059	3	-0.006614950132102193	0.05052339297002928	2	0.05713834310213147	0.0702065442924694	0.00020267386416058763	unsupported	True	0.003273345805733	-0.003273345805733
LRP12	chr8:104345336-104345837	4	0.00955150055309899	0.10053488167496397	2	0.09098338112186498	0.12305951643212272	0.0011256258220336901	unsupported	True	0.0031154731755607	0.0031154731755607
LRP12	chr8:104360271-104360772	5	-0.0023544112792999263	0.06208415878160545	2	0.06443857006090538	0.0774903362413222	0.0003100089562150938	unsupported	True	0.0031056277073342	0.0031056277073342
LRP12	chr8:104405620-104406121	6	-0.013100936961249575	0.011265948599505993	4	0.02436688556075557	0.029715361453157216	8.157344549556033e-06	unsupported	True	0.0023925201891887	0.0023925201891887
LRP12	chr8:104401593-104402094	7	-0.008609460652288023	0.04276526648913018	2	0.0513747271414182	0.06966257201241607	0.00015305242531555565	unsupported	True	0.0020460301140222	0.0020460301140222
LRP12	chr8:104411968-104412469	8	-0.0091489440219367	0.022173010621802793	2	0.03132195464373949	0.03951429673409446	2.744275941483884e-05	unsupported	True	0.0016672015002402	0.0016672015002402
LRP12	chr8:104446541-104447042	9	-0.0028692344416472383	0.0351967822801723	0	0.038066016721819536	0.04642382885673789	6.219870638467381e-05	unsupported	True	0.0012478213971705	0.0012478213971705
LRP12	chr8:104589072-104589573	10	-0.0025223412669426832	0.05282483808727813	2	0.05534717935422081	0.06678834518648086	0.00019526947139093668	unsupported	True	0.0010460650270734	-0.0010460650270734
LRP12	chr8:104731067-104731568	11	-0.007213139092894995	0.05726579321331457	4	0.06447893230620956	0.07774022507317332	0.0002870508993123935	unsupported	True	0.0010059220385286	0.0010059220385286
LRP12	chr8:104640698-104641199	12	-0.0035114394206596997	0.03222645855584528	2	0.03573789797650498	0.038108315103138474	4.388957088653415e-05	unsupported	True	0.0009768643003771	0.0009768643003771
LRP12	chr8:104531620-104532121	13	-0.0011086024127601383	0.06973359209087476	2	0.0708421945036349	0.08686085354100173	0.0004290996256717001	unsupported	True	0.0009627303100054	0.0009627303100054
LRP12	chr8:104417026-104417527	14	-0.0035910467084301757	0.05515962767829438	2	0.05875067438672456	0.07051533471246384	0.0002285166000848912	unsupported	True	0.0009448239628764	0.0009448239628764
LRP12	chr8:104402107-104402608	15	-0.010050899846403998	0.031729979564400095	2	0.04178087941080409	0.05318852006774562	7.051236411377994e-05	unsupported	True	0.0009157753076258	0.0009157753076258
LRP12	chr8:104492137-104492638	16	-0.010984648503150184	0.03835058982414072	2	0.049335238327290906	0.06149536885444254	0.00011635142027966953	unsupported	True	0.0008822015744892	0.0008822015744892
LRP12	chr8:104341365-104341866	17	-0.0024552130544309146	0.03256792698765767	2	0.035023140042088584	0.037334001699706035	4.2584322222834716e-05	unsupported	True	0.0008807195046149	0.0008807195046149
LRP12	chr8:104442242-104442743	18	0.006404396592909484	0.0490844388489044	2	0.042680042255994914	0.04795453447785652	0.00010046119745979092	unsupported	True	0.000877082243564	0.000877082243564
LRP12	chr8:104347118-104347619	19	-0.0038860889971634167	0.018699664766496503	2	0.02258575376365992	0.03380273496974351	1.427645071070941e-05	unsupported	True	0.0008077100236447	0.0008077100236447
LVRN	chr5:115962997-115963498	0	0.021043524220399637	0.0839433543719877	4	0.06289983015158807	0.0839433543719877	0.00044322281931402456	unsupported	True	0.0127114253527261	0.0127114253527261
LVRN	chr5:116085116-116085617	1	0.02872139629218316	0.09341079433511182	4	0.06468939804292866	0.09341079433511182	0.0005644522912536234	unsupported	True	0.0122380452009844	0.0122380452009844
LVRN	chr5:115962485-115962986	2	0.024906261892794053	0.0658006403569717	4	0.04089437846417764	0.0658006403569717	0.00017706138299965755	unsupported	True	0.0070701874963523	0.0070701874963523
LVRN	chr5:115816403-115816904	3	0.0215091976560113	0.07573832486025625	4	0.05422912720424495	0.07573832486025625	0.0003110742090156187	unsupported	True	0.0033860085134289	0.0033860085134289
LVRN	chr5:115841637-115842138	4	0.017902776518380455	0.05892484294027353	4	0.04102206642189307	0.05892484294027353	0.00014243423937943404	unsupported	True	0.0020812061595128	-0.0020812061595128
LVRN	chr5:116042546-116043047	5	0.012296298257873282	0.12191834101079711	4	0.10962204275292384	0.12191834101079711	0.001629431018765028	unsupported	True	0.0018261278924773	0.0018261278924773
LVRN	chr5:115831068-115831569	6	0.00448445073761937	0.010953646640004453	4	0.006469195902385083	0.010953646640004453	7.761894868587635e-07	unsupported	True	0.0010732654199888	0.0010732654199888
LVRN	chr5:116133818-116134319	7	0.031658241232217554	0.1264825534862622	4	0.09482431225404464	0.1264825534862622	0.001516983828152386	unsupported	True	0.0010133047017679	0.0010133047017679
LVRN	chr5:115908122-115908623	8	0.006195395269635182	0.03941004170343898	2	0.0332146464338038	0.03941004170343898	5.15873741795957e-05	unsupported	True	0.0009345396980184	0.0009345396980184
LVRN	chr5:115862532-115863033	9	-0.0018233028094479455	0.11818899080409613	4	0.12001229361354408	0.11818899080409613	0.0016764082307066301	unsupported	True	0.0005783563396372	0.0005783563396372
LVRN	chr5:115842164-115842665	10	0.0073633628927277225	0.017508114127757008	2	0.010144751235029285	0.017508114127757008	3.109711786914141e-06	unsupported	True	0.00016181790795	-0.00016181790795
LVRN	chr5:116050522-116051023	11	0.02006316236432586	0.15392399314726288	4	0.133860830782937	0.15392399314726288	0.003171510539308334	unsupported	True	0.0001572692361807	0.0001572692361807
LVRN	chr5:116160179-116160680	12	0.003802333216620596	0.013874075690077602	4	0.010071742473457006	0.013874075690077602	1.9387094695521656e-06	unsupported	True	0.0001361038758605	-0.0001361038758605
LVRN	chr5:116078041-116078542	13	-0.0070123826266528634	0.0	0	0.0070123826266528634	0.00322072197740045	0.0	unsupported	True	0.0001298471872192	-0.0001298471872192
LVRN	chr5:116137724-116138225	14	0.010414801960746857	0.0372866662396681	4	0.026871864278921243	0.0372866662396681	3.735983142649834e-05	unsupported	True	0.00012556627974	0.00012556627974
LVRN	chr5:116068003-116068504	15	0.010875024238042699	0.027222545378130843	4	0.016347521140088146	0.027222545378130843	1.2114608070511877e-05	unsupported	True	0.0001092564780014	0.0001092564780014
LVRN	chr5:115954605-115955106	16	-0.000920394231445385	0.06762687060270044	4	0.06854726483414582	0.06762687060270044	0.00031349362417602367	unsupported	True	1.9116284025996947e-05	1.9116284025996947e-05
LVRN	chr5:115857541-115858042	17	0.01650952385308545	0.0436211899726396	4	0.027111666119554147	0.0436211899726396	5.1588301004569456e-05	unsupported	True	7.786591343449402e-06	7.786591343449402e-06
LVRN	chr5:115986374-115986875	18	0.0029336909018056493	0.056360030541799735	4	0.05342633963999409	0.056360030541799735	0.0001697062591083189	unsupported	True	6.5102821651660106e-06	6.5102821651660106e-06
LVRN	chr5:115961262-115961763	19	0.015041380164601926	0.04697953351552287	4	0.03193815335092094	0.04697953351552287	7.048994992868203e-05	unsupported	True	4.997623171058099e-06	-4.997623171058099e-06
DNAJB13	chr11:73983091-73983592	0	0.02629578694007432	0.045858163286818146	4	0.019562376346743827	0.045858163286818146	4.1139112887812705e-05	unsupported	True	0.0095048991663604	0.0095048991663604
DNAJB13	chr11:73975075-73975576	1	0.04546043370795564	0.10474608315381226	4	0.05928564944585662	0.10474608315381226	0.0006504668462319746	unsupported	True	0.008064657608339	0.008064657608339
DNAJB13	chr11:73876660-73877161	2	-0.01709666303850633	0.0	0	0.01709666303850633	0.010165316275848166	0.0	unsupported	True	0.0078319125194722	-0.0078319125194722
DNAJB13	chr11:73950764-73951265	3	0.017288902741121038	0.02717874378910786	4	0.009889841047986823	0.02717874378910786	7.305468471677739e-06	unsupported	True	0.0058313432138219	0.0058313432138219
DNAJB13	chr11:73982580-73983081	4	0.024505070289168932	0.029864491540998447	4	0.005359421251829515	0.029864491540998447	4.780002724348331e-06	unsupported	True	0.0038589537207185	0.0038589537207185
DNAJB13	chr11:73931268-73931769	5	-0.021792401829463636	0.0	0	0.021792401829463636	0.018022335382700008	0.0	unsupported	True	0.0020550259361929	-0.0020550259361929
DNAJB13	chr11:73855903-73856404	6	-0.02234323826820764	0.0	0	0.02234323826820764	0.019004791888034864	0.0	unsupported	True	0.0009322097258819	0.0009322097258819
DNAJB13	chr11:73889583-73890084	7	-0.007101926657953053	0.01224596859566669	5	0.019347895253619744	0.01224596859566669	2.9014828658178167e-06	unsupported	True	0.00082472261926	-0.00082472261926
DNAJB13	chr11:74000597-74001098	8	-0.02076456291750283	0.0	0	0.02076456291750283	0.01355449673794287	0.0	unsupported	True	0.0007855649575329	-0.0007855649575329
DNAJB13	chr11:73941946-73942447	9	-0.012369750649345389	0.00015775918732687192	5	0.01252750983667226	0.00015775918732687192	3.117841785727717e-10	unsupported	True	0.0006171824217576	-0.0006171824217576
DNAJB13	chr11:74005013-74005514	10	-0.012282951129158785	0.0	0	0.012282951129158785	0.011038071171305144	0.0	unsupported	True	0.0006087553076687	-0.0006087553076687
DNAJB13	chr11:74097476-74097977	11	-0.013484228340875917	0.004557450261934404	5	0.01804167860281032	0.004557450261934404	3.747320313084402e-07	unsupported	True	0.000522955930046	-0.000522955930046
DNAJB13	chr11:73818851-73819352	12	-0.019739410577717498	0.0	0	0.019739410577717498	0.0042924636594427875	0.0	unsupported	True	0.0004550024595708	-0.0004550024595708
DNAJB13	chr11:74071098-74071599	13	0.02655758950284559	0.04878712133312264	4	0.022229531830277052	0.04878712133312264	5.2910358383522986e-05	unsupported	True	0.0004272109708097	0.0004272109708097
DNAJB13	chr11:73964251-73964752	14	0.010019912144941646	0.02921536419824572	4	0.01919545205330407	0.02921536419824572	1.6384038257457052e-05	unsupported	True	0.0003416861520386	-0.0003416861520386
DNAJB13	chr11:74018450-74018951	15	0.09063911160930962	0.1437892709571777	4	0.05315015934786807	0.1437892709571777	0.0010988983831870347	unsupported	True	0.0002706293511512	-0.0002706293511512
DNAJB13	chr11:73863023-73863524	16	-0.011963424707848018	0.0	0	0.011963424707848018	0.012466162463278552	0.0	unsupported	True	0.0002399731977065	-0.0002399731977065
DNAJB13	chr11:73939826-73940327	17	-0.00850533805930259	0.0	0	0.00850533805930259	0.006968786939943239	0.0	unsupported	True	0.0002231266603404	-0.0002231266603404
DNAJB13	chr11:73994323-73994824	18	0.02539512454185959	0.05934401337038033	4	0.03394888882852074	0.05934401337038033	0.00011955820655673983	unsupported	True	0.0001870963939022	-0.0001870963939022
DNAJB13	chr11:74098005-74098506	19	-0.0059544788800592625	0.016019777489222634	4	0.021974256369281894	0.016019777489222634	5.6393252855389295e-06	unsupported	True	0.0001843949844609	-0.0001843949844609
BVES	chr6:105226904-105227405	0	-0.023654761527755835	-0.005478960318366704	4	0.01817580120938913	0.023477202912812994	0.0	unsupported	True	0.0118574018953146	0.0118574018953146
BVES	chr6:105179757-105180258	1	-0.01521016727693297	0.017336528787103473	2	0.03254669606403644	0.04179646987929338	2.3583521590325047e-05	unsupported	True	0.0091895712467997	0.0091895712467997
BVES	chr6:105214594-105215095	2	-0.023521352298130384	-0.00015340012998348683	1	0.023367952168146897	0.02643727754289375	0.0	unsupported	True	0.0068758373510486	0.0068758373510486
BVES	chr6:105136959-105137460	3	-0.02424521410740155	0.00026620244625570627	1	0.024511416553657257	0.029348144371935527	1.9149661408087702e-07	unsupported	True	0.0052200277012335	0.0052200277012335
BVES	chr6:105204190-105204691	4	-0.013481766534599097	0.02768344010585949	2	0.041165206640458585	0.050659659683754035	5.773147119272449e-05	unsupported	True	0.0026263896391999	0.0026263896391999
BVES	chr6:105164341-105164842	5	-0.016782545085739013	0.009985213549731078	4	0.02676775863547009	0.03455257771087043	9.235274689164488e-06	unsupported	True	0.0014952838906434	0.0014952838906434
BVES	chr6:105220157-105220658	6	-0.006751313794260665	0.03940258517925189	5	0.046153898973512554	0.057477864383290896	0.00010452826334554139	unsupported	True	0.0009982308422232	0.0009982308422232
BVES	chr6:104956818-104957319	7	-0.017197272966745013	0.007254573571884304	2	0.024451846538629318	0.037975110164969315	6.736318196871238e-06	unsupported	True	0.000993590118023	0.000993590118023
BVES	chr6:105136286-105136787	8	-0.0228998013934067	0.00551823616576846	1	0.02841803755917516	0.03481701786852907	5.459915701769956e-06	unsupported	True	0.0008502233445966	0.0008502233445966
BVES	chr6:105042714-105043215	9	-0.01677205957313843	0.013319594487570151	1	0.030091654060708583	0.032546286383960954	1.3044832442460828e-05	unsupported	True	0.0005796847767192	0.0005796847767192
BVES	chr6:105282971-105283472	10	-0.02107053250645024	-0.016919839010483346	2	0.004150693495966893	0.015004479665656583	0.0	unsupported	True	0.0004696993288901	-0.0004696993288901
BVES	chr6:105259988-105260489	11	0.023502943882639068	0.07761233653145301	2	0.05410939264881394	0.10400268484270674	0.00043676513989266677	unsupported	True	0.0004136427954311	-0.0004136427954311
BVES	chr6:105148366-105148867	12	-0.020129604936875472	-0.011962578690728542	5	0.00816702624614693	0.011289971610959765	0.0	unsupported	True	0.0003722842411613	0.0003722842411613
BVES	chr6:105058462-105058963	13	-0.008663783800447364	0.04063655772996279	2	0.04930034153041015	0.0695122989202345	0.0001392606737519147	unsupported	True	0.000359120459473	0.000359120459473
BVES	chr6:105209976-105210477	14	-0.013215110002362107	0.027354558373613357	1	0.04056966837597546	0.054057835484109265	5.99915133535396e-05	unsupported	True	0.0003566270249256	0.0003566270249256
BVES	chr6:105147770-105148271	15	-0.02108715484676004	-0.006649092010271973	5	0.014438062836488068	0.02313091177085888	0.0	unsupported	True	0.0002959120737775	-0.0002959120737775
BVES	chr6:105066763-105067264	16	-0.011945147939649911	0.014347872234380592	4	0.026293020174030506	0.02765238895795312	1.0431833153969823e-05	unsupported	True	0.0002506163127325	0.0002506163127325
BVES	chr6:105077805-105078306	17	-0.01395869838797321	0.01521046920735261	2	0.02916916759532582	0.04449064500469109	1.973946369163424e-05	unsupported	True	0.0002145914149622	0.0002145914149622
BVES	chr6:105087530-105088031	18	-0.012456258968383848	-0.006612815320303466	0	0.005843443648080382	0.012911530304669492	0.0	unsupported	True	0.000185967886	-0.000185967886
BVES	chr6:105036321-105036822	19	-0.004433966651172089	0.03654419183443318	5	0.040978158485605265	0.04574014770389217	6.849649712768184e-05	unsupported	True	0.0001542578395921	0.0001542578395921
ABRACL	chr6:139027664-139028165	0	-0.009781354158944372	0.011835099438205614	1	0.021616453597149986	0.03938528129245817	1.0076049856942654e-05	unsupported	True	0.0082848644005092	0.0082848644005092
ABRACL	chr6:139028800-139029301	1	-0.04749554965946612	-0.026722663108946523	5	0.020772886550519596	0.021509119353482136	0.0	unsupported	True	0.0067341456327025	0.0067341456327025
ABRACL	chr6:139155501-139156002	2	0.017376349742299343	0.05769638093012542	1	0.04032003118782608	0.052453166072653115	0.00012202284292650936	unsupported	True	0.0064269171407466	0.0064269171407466
ABRACL	chr6:138970919-138971420	3	-0.047065071527330034	-0.02397287022871255	5	0.023092201298617485	0.022681060420684823	0.0	unsupported	True	0.0054892404182165	-0.0054892404182165
ABRACL	chr6:139029547-139030048	4	-0.03885561686966665	-0.01940595596768513	4	0.019449660901981518	0.017706263721895793	0.0	unsupported	True	0.0031647127932792	0.0031647127932792
ABRACL	chr6:138971505-138972006	5	-0.042797436999956646	0.020939641955841796	2	0.06373707895579844	0.06606874664511969	8.81774378804522e-05	unsupported	True	0.002950300736097	-0.002950300736097
ABRACL	chr6:139081524-139082025	6	-0.017562328469544686	0.01842525287615113	1	0.03598758134569582	0.03343310638510294	2.2168833766955364e-05	unsupported	True	0.0023375540383648	0.0023375540383648
ABRACL	chr6:138909510-138910011	7	-0.033210256670390174	-0.018030966910801992	5	0.015179289759588183	0.026882007230969368	0.0	unsupported	True	0.0022696989541923	-0.0022696989541923
ABRACL	chr6:139135599-139136100	8	-0.046837973823882495	-0.0024641247017203782	2	0.044373849122162114	0.04700994415961066	0.0	unsupported	True	0.0021365467242972	-0.0021365467242972
ABRACL	chr6:139017175-139017676	9	-0.032241418587353306	0.027987926082419696	2	0.060229344669773005	0.06348906883056045	0.00010702317074812759	unsupported	True	0.0014313423132789	-0.0014313423132789
ABRACL	chr6:139149306-139149807	10	-0.05376653753580824	-0.018538604428750025	2	0.03522793310705821	0.036208395717875805	0.0	unsupported	True	0.0012563172872171	-0.0012563172872171
ABRACL	chr6:139150891-139151392	11	-0.04740591481592934	-0.015518493736988733	4	0.0318874210789406	0.03625889816455264	0.0	unsupported	True	0.0005405107819358	-0.0005405107819358
ABRACL	chr6:138987529-138988030	12	-0.04779714036902929	-0.023179378168946187	2	0.0246177622000831	0.022596392794782347	0.0	unsupported	True	0.0003066937724284	0.0003066937724284
ABRACL	chr6:139134789-139135290	13	-0.04479657339313997	-0.020455929227410453	5	0.02434064416572952	0.025785075880501915	0.0	unsupported	True	0.0002074013304537	-0.0002074013304537
ABRACL	chr6:139082354-139082855	14	-0.03024532058643581	-0.00410775189276341	2	0.026137568693672397	0.03195922302673116	0.0	unsupported	True	9.89520349736076e-05	9.89520349736076e-05
ABRACL	chr6:138988097-138988598	15	-0.04654993520061876	-0.02434795134554402	4	0.022201983855074738	0.017128740087638542	0.0	unsupported	True	6.978021400107994e-05	6.978021400107994e-05
ABRACL	chr6:138952794-138953295	16	-0.014586809513057944	0.009145273739003746	5	0.023732083252061692	0.02616174501093651	5.678050895685771e-06	unsupported	True	4.000525658156176e-05	4.000525658156176e-05
CNTN2	chr1:205042900-205043401	0	0.0035478937967012725	0.05404147958815256	4	0.05049358579145129	0.057772564109421054	0.00015764677373003997	unsupported	True	0.0070669358232273	0.0070669358232273
CNTN2	chr1:204962675-204963176	1	0.0017878329151632712	0.0508758376597311	4	0.04908800474456783	0.06309818230595865	0.00015758098154577114	unsupported	True	0.0048027148793752	0.0048027148793752
CNTN2	chr1:204991400-204991901	2	-0.002235084997653836	0.03650332474435302	4	0.03873840974200685	0.04336270770596937	6.131837027357983e-05	unsupported	True	0.0043066456242252	0.0043066456242252
CNTN2	chr1:204929057-204929558	3	-0.002806472380041248	0.027773339352043715	4	0.030579811732084964	0.035560948866337296	3.020203792857037e-05	unsupported	True	0.0031836057364299	0.0031836057364299
CNTN2	chr1:204923953-204924454	4	-0.003199179600503505	0.02194013717988759	2	0.025139316780391094	0.022591266635192158	1.2460440353005055e-05	unsupported	True	0.0028244213767691	0.0028244213767691
CNTN2	chr1:205028390-205028891	5	-0.0014548492480202845	0.024016560983965256	1	0.025471410231985542	0.03843069860033769	2.350942943293475e-05	unsupported	True	0.0026095354637618	-0.0026095354637618
CNTN2	chr1:204999820-205000321	6	0.013637978099722017	0.07094956538006957	2	0.05731158728034755	0.058556589529117936	0.00023810469037976022	unsupported	True	0.0023363887145005	0.0023363887145005
CNTN2	chr1:205048297-205048798	7	0.00031845264909639566	0.02585903043819149	0	0.025540577789095097	0.03524512965448015	2.3277807248619317e-05	unsupported	True	0.0022018791181154	0.0022018791181154
CNTN2	chr1:204941617-204942118	8	-0.007766725543997976	0.013577146408354184	1	0.02134387195235216	0.018595239600406405	5.388693553339436e-06	unsupported	True	0.0015662261099596	0.0015662261099596
CNTN2	chr1:205014664-205015165	9	0.00564527460686736	0.05872799156963348	1	0.05308271696276612	0.06915616174876901	0.00021559027853906685	unsupported	True	0.0014983082867381	-0.0014983082867381
CNTN2	chr1:204951176-204951677	10	-0.00833852819922476	0.03028609386910947	4	0.038624622068334225	0.04488766481587465	5.2509093378123425e-05	unsupported	True	0.0014424539054591	0.0014424539054591
CNTN2	chr1:205061494-205061995	11	-0.0019342877119807008	0.03981773486577007	1	0.04175202257775077	0.04634328711339392	7.70443692537982e-05	unsupported	True	0.0014163233212938	-0.0014163233212938
CNTN2	chr1:205227639-205228140	12	0.0007064072228036914	0.0301585936759399	1	0.029452186453136207	0.035450227739402776	3.148818706608966e-05	unsupported	True	0.0013197883495712	0.0013197883495712
CNTN2	chr1:205031406-205031907	13	-0.0073488107215698775	0.029085078047264786	4	0.03643388876883466	0.041152673265167417	4.360876762175627e-05	unsupported	True	0.0011692918082843	0.0011692918082843
CNTN2	chr1:205204027-205204528	14	0.01731106048277056	0.08518423878593921	1	0.06787317830316865	0.07216401996323826	0.00041723252032362107	unsupported	True	0.0011027868191649	-0.0011027868191649
CNTN2	chr1:204960728-204961229	15	0.004059834180870126	0.02715415600810898	0	0.023094321827238855	0.0330609356000775	2.0732738117599804e-05	unsupported	True	0.0010752349128479	0.0010752349128479
CNTN2	chr1:205210767-205211268	16	0.012739671080280861	0.06782503773627745	1	0.05508536665599659	0.06058185448128511	0.00022634392988334486	unsupported	True	0.0010262690515037	0.0010262690515037
CNTN2	chr1:204968931-204969432	17	0.011424456598930068	0.07681659275935443	1	0.06539213616042436	0.08119318346853063	0.00040784968795135724	unsupported	True	0.0009919429294704	-0.0009919429294704
CNTN2	chr1:205056177-205056678	18	-0.0029940717931358023	0.030146691727708515	0	0.033140763520844316	0.04214532386889688	4.2106734829990496e-05	unsupported	True	0.0009118623300203	0.0009118623300203
CNTN2	chr1:205077012-205077513	19	-0.002109153165433283	0.007330050677603725	0	0.009439203843037008	0.002278704693858805	1.5766321893064844e-07	unsupported	True	0.0008846021628843	0.0008846021628843
ARHGAP23	chr17:38510252-38510753	0	0.008962783913600635	0.030293886573689345	0	0.02133110266008871	0.019579002461745206	1.265199063642911e-05	unsupported	True	0.0093482144349679	0.0093482144349679
ARHGAP23	chr17:38606297-38606798	1	0.012517685738075667	0.03279837770751729	2	0.020280691969441624	0.015779939975949855	1.0496402564727315e-05	unsupported	True	0.0047141427759997	0.0047141427759997
ARHGAP23	chr17:38509295-38509796	2	0.012427122655496323	0.03304554172530855	4	0.020618419069812224	0.01744038018166201	1.1882947710332573e-05	unsupported	True	0.0038387423637389	0.0038387423637389
ARHGAP23	chr17:38511080-38511581	3	0.021373630566802145	0.07255165004117177	4	0.051178019474369625	0.04317010261315695	0.00016029273909104122	unsupported	True	0.0038126403249236	0.0038126403249236
ARHGAP23	chr17:38604793-38605294	4	0.014094239981555805	0.04768258131482001	3	0.03358834133326421	0.024308449551755644	3.8931897872638954e-05	unsupported	True	0.0025306149613193	0.0025306149613193
ARHGAP23	chr17:38601495-38601996	5	0.0043115570405613856	0.02542176998179407	3	0.021110212941232685	0.02767668751200356	1.4852942825171411e-05	unsupported	True	0.0023849684215666	0.0023849684215666
ARHGAP23	chr17:38414625-38415126	6	0.009302256148264578	0.033067285018812315	0	0.02376502887054774	0.011303205574621458	8.882567394246933e-06	unsupported	True	0.0021486449686652	0.0021486449686652
ARHGAP23	chr17:38453843-38454344	7	0.0074849336826328695	0.04364965361248476	3	0.03616471992985189	0.049745730316516315	7.852749049577468e-05	unsupported	True	0.0020530386625186	0.0020530386625186
ARHGAP23	chr17:38559369-38559870	8	0.016167496566050914	0.04666258753644799	0	0.030495090970397074	0.04544186428827303	6.466285731217371e-05	unsupported	True	0.0013285568698258	0.0013285568698258
ARHGAP23	chr17:38528143-38528644	9	0.017040778121758655	0.05307071683227275	3	0.03602993871051409	0.029820154413346903	5.702015126134776e-05	unsupported	True	0.0012549453747616	0.0012549453747616
ARHGAP23	chr17:38491954-38492455	10	0.007041819337842561	0.031607759813846774	2	0.024565940476004213	0.023224014916220843	1.803285179744054e-05	unsupported	True	0.0012351764754819	0.0012351764754819
ARHGAP23	chr17:38343987-38344488	11	-0.004682054787401942	0.02975405996726273	3	0.034436114754664675	0.028765637733177047	2.947368156801843e-05	unsupported	True	0.0011558950617711	-0.0011558950617711
ARHGAP23	chr17:38428136-38428637	12	-0.0060427666337029935	0.03394335518159552	2	0.03998612181529851	0.025697155476519795	3.487780180550177e-05	unsupported	True	0.0011073878304913	-0.0011073878304913
ARHGAP23	chr17:38605795-38606296	13	0.005647238985091524	0.035412615401342606	3	0.029765376416251082	0.02812391063993333	2.9644565631372774e-05	unsupported	True	0.0010789008063243	0.0010789008063243
ARHGAP23	chr17:38349056-38349557	14	0.010424540145894218	0.043262684636471024	3	0.03283814449057681	0.0400291536229636	5.686806913505848e-05	unsupported	True	0.0010409016812406	-0.0010409016812406
ARHGAP23	chr17:38351589-38352090	15	0.008292227503813266	0.03796735077805691	0	0.02967512327424364	0.014238109822981182	1.6041876366196074e-05	unsupported	True	0.00101528695415	-0.00101528695415
ARHGAP23	chr17:38401437-38401938	16	0.024428307036481633	0.06942428762117814	3	0.044995980584696504	0.07036270389820107	0.00021979999233165046	unsupported	True	0.0009697094016698	0.0009697094016698
ARHGAP23	chr17:38572699-38573200	17	-0.007229413268067628	0.04799894900038823	2	0.05522836226845586	0.05614040941627637	0.00014882279904944226	unsupported	True	0.0009320783252629	0.0009320783252629
ARHGAP23	chr17:38558077-38558578	18	0.003706369421748795	0.050858965329265274	2	0.04715259590751648	0.04745969518217476	0.00011381462513807673	unsupported	True	0.0009075508918025	-0.0009075508918025
ARHGAP23	chr17:38322110-38322611	19	0.011303711573706276	0.05596283909039499	2	0.04465912751668871	0.030665507222404558	7.664081698254996e-05	unsupported	True	0.0008610016129844	-0.0008610016129844
PGK1	chrX:77934945-77935446	0	-0.0031437313946084135	0.011363647568495793	3	0.014507378963104207	0.0169910150204108	2.801083374089414e-06	unsupported	True	0.0106871028772779	0.0106871028772779
PGK1	chrX:77841569-77842070	1	-0.006681270601606672	0.019940144821516622	3	0.026621415423123296	0.027030561748511206	1.4348764972122174e-05	unsupported	True	0.0070323044185179	0.0070323044185179
PGK1	chrX:77785332-77785833	2	-0.018223346263536784	0.010006214371608136	0	0.02822956063514492	0.031699652342360586	8.954233616797436e-06	unsupported	True	0.0044592394907978	-0.0044592394907978
PGK1	chrX:78139409-78139910	3	0.003203142483813096	0.04045870057136225	3	0.03725555808754916	0.03830173792791851	5.773264887222879e-05	unsupported	True	0.003633895723779	-0.003633895723779
PGK1	chrX:78097118-78097619	4	0.022367625168462087	0.0524018108733891	0	0.03003418570492701	0.04788078497872747	7.535696846332419e-05	unsupported	True	0.0036322153595494	0.0036322153595494
PGK1	chrX:77895310-77895811	5	-0.0026838670214442014	0.03357585902825529	3	0.03625972604969949	0.03011210385095387	3.666002450335814e-05	unsupported	True	0.0035490304358417	-0.0035490304358417
PGK1	chrX:77910315-77910816	6	0.008004859493705193	0.045649985199102135	3	0.037645125705396944	0.03811607237710821	6.550244870229554e-05	unsupported	True	0.0034350619603597	-0.0034350619603597
PGK1	chrX:77899068-77899569	7	0.0003338956207840719	0.03725952205282688	3	0.03692562643204281	0.03581829059838216	4.927992146223852e-05	unsupported	True	0.0029203127269665	-0.0029203127269665
PGK1	chrX:78119769-78120270	8	0.030381919501497393	0.06678419897626303	3	0.03640227947476564	0.04992172781692173	0.00012136456650622927	unsupported	True	0.002412826581141	0.002412826581141
PGK1	chrX:78103834-78104335	9	0.0018856498520512018	0.03446533270899061	3	0.03257968285693941	0.03030928405371195	3.403337394106327e-05	unsupported	True	0.0016372667920331	0.0016372667920331
PGK1	chrX:77785998-77786499	10	0.0029504340538588974	0.03798857722282168	3	0.03503814316896278	0.04068782724152585	5.4157500205479545e-05	unsupported	True	0.0002945781604189	0.0002945781604189
ZNF100	chr19:21604188-21604689	0	0.0027218310167828248	0.01847395965154664	3	0.015752128634763815	0.02578983323385374	7.504949500139298e-06	unsupported	True	0.0110295718610196	0.0110295718610196
ZNF100	chr19:21605131-21605632	1	0.014998770841969301	0.04635007344769825	4	0.03135130260572895	0.06318655303133984	9.18186030152503e-05	unsupported	True	0.0086972952531777	0.0086972952531777
ZNF100	chr19:21851880-21852381	2	0.0003955931990810191	0.039244758648270706	4	0.03884916544918968	0.04955094683037492	7.554666789454869e-05	unsupported	True	0.0043833918273773	0.0043833918273773
ZNF100	chr19:21691587-21692088	3	0.009427012994019086	0.07261242120674297	4	0.06318540821272388	0.0915126067231022	0.0004198640012053876	unsupported	True	0.0039907026295748	0.0039907026295748
ZNF100	chr19:21835983-21836484	4	0.0002919888812221278	0.03392950913269424	4	0.03363752025147211	0.03725889423027225	4.2523745534346836e-05	unsupported	True	0.0025104615597128	-0.0025104615597128
ZNF100	chr19:21586911-21587412	5	0.005806596097869498	0.02410701250804745	4	0.01830041641017795	0.04334410268290152	1.9122047012813497e-05	unsupported	True	0.0023546773123549	0.0023546773123549
ZNF100	chr19:21586112-21586613	6	-0.0017847272901297666	0.020255751739884406	3	0.022040479030014173	0.03029571356072292	1.352541441955051e-05	unsupported	True	0.0018663549398177	0.0018663549398177
ZNF100	chr19:21607482-21607983	7	-0.007990948359711134	0.06562656763536504	4	0.07361751599507617	0.08648020666153544	0.00041780878634853336	unsupported	True	0.0013708147497514	0.0013708147497514
ZNF100	chr19:21678131-21678632	8	-0.00127788872525517	0.0	2	0.00127788872525517	0.008948579559371502	0.0	unsupported	True	0.0012320535006194	0.0012320535006194
ZNF100	chr19:21791480-21791981	9	-0.013734345229678204	0.0	2	0.013734345229678204	0.013695356754049131	0.0	unsupported	True	0.0012092138257731	0.0012092138257731
ZNF100	chr19:21767375-21767876	10	-0.011000563798396524	0.0	2	0.011000563798396524	0.011435875391288906	0.0	unsupported	True	0.0010330610893006	0.0010330610893006
ZNF100	chr19:21603330-21603831	11	0.01308688752283977	0.04601131290435697	4	0.0329244253815172	0.05255215382349834	7.961104963792624e-05	unsupported	True	0.0009403325041531	0.0009403325041531
ZNF100	chr19:21602440-21602941	12	-0.011277579138751746	0.02663663507910232	1	0.03791421421785407	0.05430312839783884	5.484111429300459e-05	unsupported	True	0.000877629594458	0.000877629594458
ZNF100	chr19:21685730-21686231	13	-0.008023791909023864	0.026318782201224543	4	0.03434257411024841	0.04573135386261476	4.13345004174056e-05	unsupported	True	0.0008664681209203	0.0008664681209203
ZNF100	chr19:21597356-21597857	14	-3.974755334991738e-06	0.04172929545872886	4	0.04173327021406385	0.04457894321786003	7.763422797436279e-05	unsupported	True	0.0004876350079042	0.0004876350079042
ZNF100	chr19:21666347-21666848	15	-0.01759076829088732	0.005400920721054583	5	0.022991689011941905	0.02642787286556397	3.281715194377456e-06	unsupported	True	0.0003056072580743	0.0003056072580743
ZNF100	chr19:21820855-21821356	16	0.02062583757550216	0.07723210711940118	4	0.05660626954389902	0.09734098768344651	0.00042555742016181324	unsupported	True	0.0001622388404515	0.0001622388404515
ZNF100	chr19:21790073-21790574	17	0.011364044640531814	0.05907369199701422	4	0.04770964735648241	0.05907369199701422	0.00016649240820013666	unsupported	True	0.0001503654292837	-0.0001503654292837
ZNF100	chr19:21627974-21628475	18	0.0007279972656855753	0.0347091908054704	5	0.03398119353978482	0.05163576489714469	6.090230534303547e-05	unsupported	True	0.0001317296349708	-0.0001317296349708
ZNF100	chr19:21698202-21698703	19	0.00804194214814383	0.08491795173141146	4	0.07687600958326764	0.10116330948956831	0.0006604095897591663	unsupported	True	8.611067045654964e-05	8.611067045654964e-05
ZNF592	chr15:84914885-84915386	0	-0.011838802202257716	0.05972260170671511	1	0.07156140390897282	0.08325875861822708	0.00035583404870737854	unsupported	True	0.0147905806439459	0.0147905806439459
ZNF592	chr15:84747339-84747840	1	-0.0003671406637242324	0.05859040702602858	0	0.05895754768975281	0.06041353747639749	0.0002086893048076481	unsupported	True	0.0065927173498512	0.0065927173498512
ZNF592	chr15:84955292-84955793	2	-9.832679820668554e-05	0.03697947394912553	0	0.03707780074733221	0.05318868082514002	7.292793463569531e-05	unsupported	True	0.0061456850395039	0.0061456850395039
ZNF592	chr15:84944247-84944748	3	-0.008416881356335495	0.005315635656110552	1	0.013732517012446047	0.014785308131660176	1.0792839816248374e-06	unsupported	True	0.0023047729868859	0.0023047729868859
ZNF592	chr15:84631106-84631607	4	0.003654183225912274	0.042548830031560264	0	0.03889464680564799	0.04900287572533595	8.109592318779107e-05	unsupported	True	0.0022202047438044	-0.0022202047438044
ZNF592	chr15:84715950-84716451	5	-0.0001238749956263225	0.04095701954699577	0	0.04108089454262209	0.03613662610151686	6.080171641229009e-05	unsupported	True	0.0018378619658475	0.0018378619658475
ZNF592	chr15:84658101-84658602	6	0.007491960091410866	0.04403095402465352	1	0.036538993933242656	0.04781774447834443	7.693142336925281e-05	unsupported	True	0.001570181503217	0.001570181503217
ZNF592	chr15:84817109-84817610	7	-0.0053596076894094425	0.03303815193223723	1	0.03839775962164667	0.04523331563886655	5.738257785410071e-05	unsupported	True	0.0013322292662165	0.0013322292662165
ZNF592	chr15:84633625-84634126	8	0.0008657880049132502	0.053580362355906894	0	0.052714574350993644	0.06364618563142364	0.00017976648703782843	unsupported	True	0.0013047422184533	-0.0013047422184533
ZNF592	chr15:84600726-84601227	9	0.008842851578726035	0.06481959828649564	0	0.0559767467077696	0.06514210074554973	0.00023636096223140167	unsupported	True	0.0011818575863125	-0.0011818575863125
ZNF592	chr15:84809872-84810373	10	0.009944731766286869	0.03628320901499118	5	0.02633847724870431	0.03852355853434361	3.6814825876514275e-05	unsupported	True	0.0006892409581043	-0.0006892409581043
ZNF592	chr15:84654625-84655126	11	0.006124107447232427	0.040644442504523766	1	0.03452033505729134	0.04440621191155522	6.230456962541955e-05	unsupported	True	0.00068616055749	-0.00068616055749
ZNF592	chr15:84600209-84600710	12	0.009715000418720348	0.06309458073218589	0	0.05337958031346554	0.05711525475222157	0.00019236202130708426	unsupported	True	0.0006819551426361	0.0006819551426361
ZNF592	chr15:84748130-84748631	13	0.0046924826036563345	0.04013484042045627	0	0.03544235781679994	0.03874670913066881	5.5116162111197044e-05	unsupported	True	0.0006614345323615	-0.0006614345323615
ZNF592	chr15:84818142-84818643	14	-0.013099911604586676	0.02550846396839725	0	0.038608375572983925	0.047704028847588176	4.6980852809270055e-05	unsupported	True	0.0004696537470454	0.0004696537470454
ZNF592	chr15:84662335-84662836	15	-0.007884620444820004	0.01229523663912722	4	0.020179857083947223	0.024584958046470574	6.099924356376383e-06	unsupported	True	0.0004286874073744	0.0004286874073744
ZNF592	chr15:84818739-84819240	16	0.00551747124672923	0.03948335699119556	1	0.03396588574446633	0.04518367257920874	6.0595244600258164e-05	unsupported	True	0.0002094536013079	0.0002094536013079
ZNF592	chr15:84864465-84864966	17	0.01644040750696978	0.04724387291331796	1	0.030803465406348183	0.05203407100150225	7.572388293413933e-05	unsupported	True	0.0002029164233282	-0.0002029164233282
ZNF592	chr15:84707451-84707952	18	0.006070345852891909	0.06998247685924906	0	0.06391213100635715	0.09227348102033661	0.0004127142956376318	unsupported	True	0.0001902649557404	-0.0001902649557404
ZNF592	chr15:84706752-84707253	19	0.00018389950793361561	0.06053875134485663	0	0.06035485183692302	0.08854844016514761	0.00032353894308360075	unsupported	True	0.000183582307375	0.000183582307375
CRELD1	chr3:9915086-9915587	0	-0.014548417478753621	0.023656093701009934	5	0.038204511179763555	0.03292497309365177	2.9756586347545334e-05	unsupported	True	0.0075825002861637	0.0075825002861637
CRELD1	chr3:9952135-9952636	1	-0.020552635082929482	0.025432037914450062	3	0.045984672997379544	0.04291131540598023	5.018409451851072e-05	unsupported	True	0.0063396969248238	0.0063396969248238
CRELD1	chr3:9915846-9916347	2	-0.008774350193989837	0.031989825950142645	4	0.04076417614413248	0.029719123854516277	3.8754893575801456e-05	unsupported	True	0.0053772695044182	0.0053772695044182
CRELD1	chr3:10008921-10009422	3	-0.02129139734189307	0.026470408128880234	5	0.0477618054707733	0.0415714572071305	5.2557732600675015e-05	unsupported	True	0.0040460263270116	0.0040460263270116
CRELD1	chr3:9890308-9890809	4	-0.01788650139698843	0.018593265504589188	4	0.036479766901577615	0.027629272872442434	1.874032771181204e-05	unsupported	True	0.0028184644729032	0.0028184644729032
CRELD1	chr3:10026112-10026613	5	-0.020805152890045933	0.01728257644918143	3	0.03808772933922736	0.030082888586625466	1.9802184573926616e-05	unsupported	True	0.0027059037066516	0.0027059037066516
CRELD1	chr3:10087003-10087504	6	-0.0028468044017248006	0.02237012212345639	5	0.02521692652518119	0.03970774390268187	2.239936569992126e-05	unsupported	True	0.0025849594473534	0.0025849594473534
CRELD1	chr3:9932719-9933220	7	-0.01904278691881284	0.021150684926038443	5	0.04019347184485128	0.04947548388722388	4.206007159963347e-05	unsupported	True	0.001940374663441	0.001940374663441
CRELD1	chr3:9810249-9810750	8	-0.015125514198373434	0.027858602019013304	2	0.042984116217386736	0.038396672844839094	4.59791474615573e-05	unsupported	True	0.0016022331608502	0.0016022331608502
CRELD1	chr3:9986620-9987121	9	-0.02382994564202822	0.02011694981047028	3	0.0439468954524985	0.03515483147301502	3.1079595175094795e-05	unsupported	True	0.0014831153194513	-0.0014831153194513
CRELD1	chr3:9827157-9827658	10	-0.01769370440332494	0.01343534895890667	5	0.03112905336223161	0.03960920658446433	1.6565746376417124e-05	unsupported	True	0.001095451984301	0.001095451984301
CRELD1	chr3:9946352-9946853	11	-0.01809812405222355	0.016929288630238622	3	0.03502741268246217	0.023745203027357727	1.4080648454837089e-05	unsupported	True	0.0008686957484366	-0.0008686957484366
CRELD1	chr3:9916803-9917304	12	0.0008781253881464369	0.023016576277525964	4	0.02213845088937953	0.04009497369913534	2.043044771846409e-05	unsupported	True	0.0007699354901357	0.0007699354901357
CRELD1	chr3:9883758-9884259	13	-0.007973667544864477	0.04213738503159886	4	0.05011105257646334	0.03133708676548739	6.616978534644639e-05	unsupported	True	0.0007479372405454	0.0007479372405454
CRELD1	chr3:9809637-9810138	14	-0.003126558212925851	0.052736679348866444	4	0.055863237561792296	0.06653824846160646	0.00019602445106541946	unsupported	True	0.0007176175104381	0.0007176175104381
CRELD1	chr3:9947067-9947568	15	-0.015705414421731827	0.0068837290654615475	4	0.022589143487193375	0.014855898642879116	2.310055746740313e-06	unsupported	True	0.0006691542968592	-0.0006691542968592
CRELD1	chr3:9933499-9934000	16	-0.024554987847308214	0.01662314063585791	3	0.041178128483166127	0.032137083456296706	2.1998149240824714e-05	unsupported	True	0.0006614835567678	-0.0006614835567678
CRELD1	chr3:9792782-9793283	17	-0.02320932414304023	0.01855679464129788	5	0.04176611878433811	0.02405262219668829	1.8641871527533372e-05	unsupported	True	0.0006508848933104	-0.0006508848933104
CRELD1	chr3:9970710-9971211	18	-0.014401129572174397	0.01966843257197454	4	0.03406956214414894	0.03574545656741089	2.395284763601092e-05	unsupported	True	0.000522359259695	-0.000522359259695
CRELD1	chr3:9806914-9807415	19	-0.015816700739192988	0.01288711364331448	3	0.028703814382507468	0.03196949379531936	1.1825813644840835e-05	unsupported	True	0.0004913435715952	-0.0004913435715952
USP11	chrX:47321319-47321820	0	-0.0075547373135263	0.04108149208734566	4	0.048636229400871964	0.05848440563573543	0.00011685470078553113	unsupported	True	0.0068199970097832	0.0068199970097832
USP11	chrX:47217724-47218225	1	-0.01084078692194024	0.040746449763924206	4	0.05158723668586444	0.06123271143003017	0.00012871096030205937	unsupported	True	0.00461145660965	0.00461145660965
USP11	chrX:47146545-47147046	2	-0.016950440816701145	0.08066227983416525	4	0.0976127206508664	0.11796799706217881	0.0009288404410464465	unsupported	True	0.004415340244705	-0.004415340244705
USP11	chrX:47361988-47362489	3	-0.00842882051540171	0.03490678752764263	4	0.043335608043044344	0.046573990664994014	7.045279528548391e-05	unsupported	True	0.0042120284869104	0.0042120284869104
USP11	chrX:47296709-47297210	4	0.006102861928928428	0.015726108266595987	5	0.009623246337667559	0.023117814204762888	3.4985624726711034e-06	unsupported	True	0.0030025854124574	0.0030025854124574
USP11	chrX:47316205-47316706	5	-0.01513011476073168	0.06930344072110793	1	0.08443355548183962	0.10146528351575788	0.0005937277498275023	unsupported	True	0.0028346778061808	0.0028346778061808
USP11	chrX:47366166-47366667	6	-0.014820911830491447	0.06092965193255828	1	0.07575056376304973	0.08966928985326461	0.0004138646155797006	unsupported	True	0.0025783934734145	0.0025783934734145
USP11	chrX:47282983-47283484	7	-0.007164575372885359	0.03723123868622033	4	0.04439581405910569	0.04716346149006277	7.795701136497477e-05	unsupported	True	0.0018595337022934	0.0018595337022934
USP11	chrX:47249142-47249643	8	-0.0046422008359267635	0.056991142740957575	4	0.06163334357688434	0.05989956908945932	0.00021040051181858558	unsupported	True	0.001658645072193	0.001658645072193
USP11	chrX:47193501-47194002	9	-0.008235138525921682	0.048805809887060854	4	0.05704094841298254	0.06567261708778889	0.00018282794813808434	unsupported	True	0.0015563690869445	0.0015563690869445
USP11	chrX:47233387-47233888	10	-0.010266852165996324	0.05108267228436924	4	0.06134952445036557	0.07254790076309135	0.00022735769588073972	unsupported	True	0.0014363366565423	0.0014363366565423
USP11	chrX:47263811-47264312	11	0.00926913834708842	0.02155001373050422	3	0.0122808753834158	0.03054965751279385	8.085059522003106e-06	unsupported	True	0.0011956196092646	0.0011956196092646
USP11	chrX:47144898-47145399	12	-0.003446590550995904	0.06868339133413257	4	0.07212998188512847	0.08815025040479116	0.0004367079563053781	unsupported	True	0.0011788314223939	0.0011788314223939
USP11	chrX:47271397-47271898	13	-0.005907276390344601	0.04055819730452161	4	0.046465473694866206	0.0633872297517494	0.00011945677464169948	unsupported	True	0.0011377652008964	0.0011377652008964
USP11	chrX:47247163-47247664	14	-0.012349441996610453	0.017560822512803574	0	0.029910264509414027	0.03951928824426024	2.0757460559298708e-05	unsupported	True	0.001105100829627	0.001105100829627
USP11	chrX:47145407-47145908	15	-0.011054458453436285	0.05622192791009609	4	0.06727638636353236	0.08832739078946582	0.00033409024227644716	unsupported	True	0.001032199877177	-0.001032199877177
USP11	chrX:47190498-47190999	16	-0.005924139539436368	0.07447240140664642	4	0.08039654094608278	0.09422657180271644	0.0005641649647618283	unsupported	True	0.000977601950553	0.000977601950553
USP11	chrX:47232734-47233235	17	-0.007171542966112864	0.02867668009784976	4	0.035848223063962625	0.0410610397492631	4.221107837222547e-05	unsupported	True	0.0008674416785023	0.0008674416785023
USP11	chrX:47264375-47264876	18	-0.019961623025385573	0.006396833154650079	4	0.026358456180035652	0.02761033670889661	4.65539671974916e-06	unsupported	True	0.0006238982241394	0.0006238982241394
USP11	chrX:47093229-47093730	19	-0.012025599289165497	0.055480889804304934	4	0.06750648909347043	0.08666772862249514	0.000324598384511921	unsupported	True	0.0005648896200326	0.0005648896200326
DCP1A	chr3:53219840-53220341	0	-0.00843245489247656	0.035261334923085204	2	0.04369378981556177	0.05004790249840605	7.710887128155634e-05	unsupported	True	0.0108378329076915	0.0108378329076915
DCP1A	chr3:53494151-53494652	1	-0.006285286188870935	0.02511203291653658	4	0.031397319105407516	0.029812082507992776	2.3505351683406138e-05	unsupported	True	0.0042209892279732	0.0042209892279732
DCP1A	chr3:53495637-53496138	2	-0.01817952517167249	0.0405224521270687	2	0.058701977298741194	0.0774101221374533	0.00018413917823446378	unsupported	True	0.0038223826731312	0.0038223826731312
DCP1A	chr3:53207462-53207963	3	-0.004790327627442367	0.026809890099485555	5	0.03160021772692792	0.03091000722211216	2.6186907561508858e-05	unsupported	True	0.003736237048484	0.003736237048484
DCP1A	chr3:53196534-53197035	4	-0.006986123703385652	0.058126111531636576	2	0.06511223523502223	0.08118969677908272	0.00030728035422735773	unsupported	True	0.0032446143516777	0.0032446143516777
DCP1A	chr3:53347390-53347891	5	-0.009197751389133488	0.029085074563008732	2	0.03828282595214222	0.04733484385263189	5.270540067331213e-05	unsupported	True	0.0025882275417548	-0.0025882275417548
DCP1A	chr3:53160922-53161423	6	-0.011987977534945187	0.0226065792301547	4	0.034594556765099885	0.048189747537359634	3.7687495074944216e-05	unsupported	True	0.0017671487723618	-0.0017671487723618
DCP1A	chr3:53270005-53270506	7	-0.015987835944349688	0.023466626922178463	4	0.03945446286652815	0.037962755220024506	3.5148316529442505e-05	unsupported	True	0.0017323929608015	0.0017323929608015
DCP1A	chr3:53384982-53385483	8	-0.005803047750552026	0.03722387698388875	4	0.04302692473444078	0.049067431534583275	7.858781901033801e-05	unsupported	True	0.0014509629799264	0.0014509629799264
DCP1A	chr3:53495033-53495534	9	-0.013177828634887166	0.053191361203187036	2	0.0663691898380742	0.07719862647237198	0.0002725318058967465	unsupported	True	0.0013544710868546	0.0013544710868546
DCP1A	chr3:53195840-53196341	10	-0.019280152000698728	0.03574398485315683	2	0.05502413685385556	0.08788747204703243	0.00017285549051233168	unsupported	True	0.0012750498224194	-0.0012750498224194
DCP1A	chr3:53374964-53375465	11	-0.023595001126742912	0.014837188891188083	2	0.038432190017930995	0.04075651042605385	2.324040817103322e-05	unsupported	True	0.0012492803470588	0.0012492803470588
DCP1A	chr3:53232583-53233084	12	0.0035553266840499262	0.06802707791644806	2	0.06447175123239814	0.09237651562272148	0.0004051472172661237	unsupported	True	0.0011922617769745	0.0011922617769745
DCP1A	chr3:53223183-53223684	13	0.005586099333712274	0.06878505401958973	2	0.06319895468587745	0.07651442909511558	0.00033261920401901726	unsupported	True	0.0011844207021981	0.0011844207021981
DCP1A	chr3:53148577-53149078	14	-0.0049141521787234325	0.041118975295205404	2	0.046033127473928834	0.058427347872728165	0.0001105933308430459	unsupported	True	0.0008816459551792	0.0008816459551792
DCP1A	chr3:53290770-53291271	15	-0.006824636524130266	0.04785316509490825	1	0.05467780161903852	0.06845719148394938	0.00017911864321787805	unsupported	True	0.0007520547627228	-0.0007520547627228
DCP1A	chr3:53299479-53299980	16	0.0082435291121262	0.08037430106068415	2	0.07213077194855795	0.07713852107356135	0.0004472075197214501	unsupported	True	0.0007473874846483	0.0007473874846483
DCP1A	chr3:53254801-53255302	17	-0.01555907439543488	0.012862172241747858	2	0.028421246637182738	0.04204094753564137	1.5368445460986538e-05	unsupported	True	0.0006542909334261	0.0006542909334261
DCP1A	chr3:53295540-53296041	18	-0.009179493468157022	0.05214656185888907	4	0.061326055327046096	0.07787334677944877	0.0002490345193663347	unsupported	True	0.0004977264992733	0.0004977264992733
DCP1A	chr3:53168797-53169298	19	-0.0015582862692481883	0.06182812715135721	2	0.0633864134206054	0.08615873048080747	0.0003376615124534375	unsupported	True	0.0004779344129241	0.0004779344129241
ZNF737	chr19:20565600-20566101	0	-0.015512856602921397	0.009807685582687528	4	0.025320542185608926	0.019464200923269358	4.83366017599157e-06	unsupported	True	0.0136781411815432	0.0136781411815432
ZNF737	chr19:20661415-20661916	1	-0.014868453625125152	0.02422421246951417	4	0.03909266609463932	0.03426365431641653	3.244730543268835e-05	unsupported	True	0.0113739578076307	0.0113739578076307
ZNF737	chr19:20424752-20425253	2	-0.012870045850738913	0.014804297845291152	4	0.027674343696030064	0.02584699898983377	1.0589495499916684e-05	unsupported	True	0.0083982977596585	0.0083982977596585
ZNF737	chr19:20424081-20424582	3	-0.0011945313010252481	0.07835677783324514	4	0.07955130913427039	0.10364525859072368	0.000646060723126897	unsupported	True	0.0048028756869452	-0.0048028756869452
ZNF737	chr19:20388394-20388895	4	-0.005340536754415839	0.011370381887612814	5	0.01671091864202865	0.027996883657276546	5.319674611469657e-06	unsupported	True	0.0024901638149868	0.0024901638149868
ZNF737	chr19:20423399-20423900	5	-0.014419527010550808	0.004065657812408266	4	0.018485184822959074	0.022380123383455724	1.6819655524919956e-06	unsupported	True	0.0019886658936172	0.0019886658936172
ZNF737	chr19:20504400-20504901	6	-0.0043277849750109855	0.02698023820802715	4	0.03130802318303814	0.04261610969521931	3.5997739358711076e-05	unsupported	True	0.0003847017652379	-0.0003847017652379
ZNF737	chr19:20443501-20444002	7	-0.013125889445496988	0.01025336746838538	5	0.023379256913882367	0.028375886283318226	6.802157142217967e-06	unsupported	True	0.0003499538041027	0.0003499538041027
ZNF737	chr19:20449948-20450449	8	-0.0008753184132697195	0.06511354136664306	5	0.06598885977991278	0.09386914365316099	0.0004033339655859666	unsupported	True	0.0001903323312192	-0.0001903323312192
TFR2	chr7:100745162-100745663	0	-0.018528920049514612	0.030062614860170544	1	0.04859153490968515	0.06018434321936376	8.79166024404971e-05	unsupported	True	0.0104741142680446	0.0104741142680446
TFR2	chr7:100570040-100570541	1	-0.0200257026468814	0.017420825448228556	1	0.037446528095109954	0.0319731809086857	2.085768632786618e-05	unsupported	True	0.0044056411832652	0.0044056411832652
TFR2	chr7:100633197-100633698	2	-0.019748693753710946	0.03480891662685827	1	0.054557610380569214	0.06740250647725501	0.0001280035143971716	unsupported	True	0.0043895894690432	0.0043895894690432
TFR2	chr7:100691568-100692069	3	-0.002644494527329875	0.053139662439047296	5	0.055784156966377174	0.06780006451525239	0.00020098320739526997	unsupported	True	0.0027108049211144	-0.0027108049211144
TFR2	chr7:100604040-100604541	4	-0.013949200661423905	0.05699248656363592	2	0.07094168722505982	0.08036222106728586	0.0003249159641072178	unsupported	True	0.0020690553350857	0.0020690553350857
TFR2	chr7:100675891-100676392	5	-0.0038663893362718147	0.08021599082620498	5	0.0840823801624768	0.0960321229060227	0.0006477127988493543	unsupported	True	0.0019882838385772	-0.0019882838385772
TFR2	chr7:100559700-100560201	6	-0.0203679522109183	0.022651400421293332	4	0.04301935263221163	0.027611025511126278	2.690552466618898e-05	unsupported	True	0.0018317976580224	-0.0018317976580224
TFR2	chr7:100483630-100484131	7	-0.017383335912193383	0.005376006278478806	1	0.022759342190672188	0.023232645933637344	2.84261567558691e-06	unsupported	True	0.0017316467469572	0.0017316467469572
TFR2	chr7:100493810-100494311	8	0.0037023779196862575	0.10335252390784233	5	0.09965014598815608	0.11391893813488328	0.0011732618631289334	unsupported	True	0.0017060516137012	-0.0017060516137012
TFR2	chr7:100656225-100656726	9	-0.018060458201515386	0.013582707619567657	1	0.03164316582108304	0.02493019834011556	1.0714995993322105e-05	unsupported	True	0.0016935625003439	0.0016935625003439
TFR2	chr7:100626486-100626987	10	-0.013576704588770907	0.025049473858766085	4	0.03862617844753699	0.033795500685747354	3.269935873724634e-05	unsupported	True	0.0014979662119677	0.0014979662119677
TFR2	chr7:100694034-100694535	11	-0.014038711278965242	0.01283823903292965	5	0.026876950311894892	0.022175538904060876	7.651729851775728e-06	unsupported	True	0.0014424693834664	-0.0014424693834664
TFR2	chr7:100662295-100662796	12	0.006082343597882104	0.093976838417845	5	0.08789449481996289	0.09635663174217651	0.0007959102816597806	unsupported	True	0.0010691459615052	-0.0010691459615052
TFR2	chr7:100489781-100490282	13	-0.018441225729200317	0.002451687674512652	5	0.02089291340371297	0.007578144942780151	3.8817454752892844e-07	unsupported	True	0.0010419751177719	-0.0010419751177719
TFR2	chr7:100673224-100673725	14	-0.01604414664621104	0.007551039582291799	5	0.02359518622850284	0.01378376973772282	2.4558292388743593e-06	unsupported	True	0.0010253943402983	-0.0010253943402983
TFR2	chr7:100604598-100605099	15	-0.010387125276139515	0.018388871510491452	5	0.028775996786630967	0.031387708674388164	1.660906052076472e-05	unsupported	True	0.0010089766567609	0.0010089766567609
TFR2	chr7:100705750-100706251	16	-0.017957931692508308	0.00778385191821467	2	0.025741783610722976	0.012355690846032882	2.475712638085309e-06	unsupported	True	0.0009428207156812	-0.0009428207156812
TFR2	chr7:100646343-100646844	17	-0.014508771485829013	0.012897676408522676	1	0.02740644789435169	0.03680504017466895	1.300982706770459e-05	unsupported	True	0.0009163696955189	0.0009163696955189
TFR2	chr7:100509247-100509748	18	-0.01075876770754769	0.06562998662771173	3	0.07638875433525942	0.09251323698271666	0.00046380520780709057	unsupported	True	0.0008797807882294	0.0008797807882294
TFR2	chr7:100601883-100602384	19	-0.0002219160771289663	0.05306736160799387	5	0.053289277685122836	0.0598851661954902	0.00016935054115508515	unsupported	True	0.000824276410442	-0.000824276410442
ADAMTS14	chr10:70653131-70653632	0	-0.004577426856214885	0.023261327538379076	5	0.027838754394593962	0.03604402441554162	2.3340898563983305e-05	unsupported	True	0.0054346354075649	0.0054346354075649
ADAMTS14	chr10:70674851-70675352	1	0.008182948181021504	0.07163149215063809	5	0.06344854396961659	0.09113355934601217	0.0004141941787443444	unsupported	True	0.0047373488234668	0.0047373488234668
ADAMTS14	chr10:70664810-70665311	2	-0.002735707701666268	0.008566238971287672	5	0.01130194667295394	0.02145182690191056	2.0768623979153888e-06	unsupported	True	0.0045013739639291	0.0045013739639291
ADAMTS14	chr10:70589783-70590284	3	-0.0013503115208455157	0.017618227059477676	1	0.018968538580323192	0.030174395228550872	1.0084042084492407e-05	unsupported	True	0.0044263019506568	0.0044263019506568
ADAMTS14	chr10:70664065-70664566	4	-0.0014228014950862778	0.022643172169461427	5	0.024065973664547706	0.045294778523405285	2.4682482986414123e-05	unsupported	True	0.0037544660083703	0.0037544660083703
ADAMTS14	chr10:70782367-70782868	5	0.004877836731986773	0.03535064074286931	1	0.030472804010882537	0.03535064074286931	3.808088197649348e-05	unsupported	True	0.0031674398422278	0.0031674398422278
ADAMTS14	chr10:70761122-70761623	6	0.012329090342195006	0.05073345579744745	5	0.03840436545525244	0.05073345579744745	9.884836400002612e-05	unsupported	True	0.0027719246707562	0.0027719246707562
ADAMTS14	chr10:70758987-70759488	7	0.0016746877532403076	0.028540920107974294	1	0.026866232354733986	0.043826744673278885	3.360577768381185e-05	unsupported	True	0.0020888049171671	0.0020888049171671
ADAMTS14	chr10:70571488-70571989	8	0.004728916906772572	0.04559065369229325	5	0.04086173678552068	0.052316935471592	9.746191443725959e-05	unsupported	True	0.001996634307181	0.001996634307181
ADAMTS14	chr10:70536327-70536828	9	0.011513546910438537	0.03464163984573371	1	0.02312809293529517	0.05033975119426029	4.033196026959295e-05	unsupported	True	0.0014442225668821	0.0014442225668821
ADAMTS14	chr10:70693902-70694403	10	-0.0001265044642895152	0.05000870663215977	5	0.050135211096449285	0.06764583749306502	0.00016960144513168668	unsupported	True	0.0013453307093183	0.0013453307093183
ADAMTS14	chr10:70569057-70569558	11	0.019350932494175518	0.0731378072491116	1	0.053786874754936084	0.06650134032803773	0.0002616065688657659	unsupported	True	0.0012416895279021	0.0012416895279021
ADAMTS14	chr10:70672281-70672782	12	0.010975431946441775	0.05107391435607178	4	0.04009848240963001	0.05107391435607178	0.00010459868487646097	unsupported	True	0.0011143229894823	0.0011143229894823
ADAMTS14	chr10:70585071-70585572	13	0.007634133481204044	0.022111016639291495	1	0.014476883158087452	0.022687452944181247	7.262222024676765e-06	unsupported	True	0.0011028012680593	0.0011028012680593
ADAMTS14	chr10:70597331-70597832	14	0.010790426426464694	0.015553592934570497	1	0.004763166508105803	0.015553592934570497	1.1522778685533551e-06	unsupported	True	0.0010969912737243	0.0010969912737243
ADAMTS14	chr10:70888365-70888866	15	0.010444152674632709	0.045646840919953115	1	0.035202688245320406	0.045646840919953115	7.334952114577807e-05	unsupported	True	0.0008440769298254	0.0008440769298254
ADAMTS14	chr10:70903201-70903702	16	0.0045425922945350845	0.043089725593019546	1	0.038547133298484464	0.050006701130548226	8.306040029144093e-05	unsupported	True	0.0006837560549836	0.0006837560549836
ADAMTS14	chr10:70778951-70779452	17	0.011437369206923226	0.04488274725525569	1	0.03344537804833247	0.04488274725525569	6.73744097480594e-05	unsupported	True	0.0006663060701731	0.0006663060701731
ADAMTS14	chr10:70816348-70816849	18	0.003344282708179195	0.03122338313022922	1	0.027879100422050024	0.04635852858611373	4.0354164259029135e-05	unsupported	True	0.000624958026875	0.000624958026875
ADAMTS14	chr10:70887726-70888227	19	0.0017633613989321729	0.02822902251494028	1	0.026465661116008107	0.02985190849461928	2.230235317981025e-05	unsupported	True	0.0005973941426429	0.0005973941426429
ITGA9	chr3:37910963-37911464	0	0.015298588257387294	0.08639002423128764	3	0.07109143597390034	0.07486011151637341	0.0004597601778969137	unsupported	True	0.0037867057659444	0.0037867057659444
ITGA9	chr3:37453936-37454437	1	-0.012796845561931672	0.0464402222183013	3	0.059237067780232966	0.04811927703660604	0.00013237529343242257	unsupported	True	0.0035859890747996	0.0035859890747996
ITGA9	chr3:37610456-37610957	2	0.016793661904889134	0.0780341807611891	3	0.06124051885629997	0.0595093765492625	0.0002843866053986289	unsupported	True	0.0035574690752888	0.0035574690752888
ITGA9	chr3:37862088-37862589	3	-0.003631849966907623	0.06851210531924753	3	0.07214395528615516	0.07626301049963935	0.0003769477949741437	unsupported	True	0.0033950667663989	0.0033950667663989
ITGA9	chr3:37635227-37635728	4	-0.006007905007878118	0.057327527106573094	3	0.06333543211445121	0.07345306201914586	0.0002666980566381597	unsupported	True	0.003394341728706	0.003394341728706
ITGA9	chr3:37694218-37694719	5	-0.004952560260883107	0.02078041673331888	1	0.02573297699420199	0.02000441603512489	1.0697201153960226e-05	unsupported	True	0.0030926346923908	0.0030926346923908
ITGA9	chr3:37670706-37671207	6	0.015500211862715774	0.09034351656017707	3	0.0748433046974613	0.10379905859569974	0.0007018484762110664	unsupported	True	0.002639238487988	0.002639238487988
ITGA9	chr3:37586159-37586660	7	0.022595591285440662	0.1249907775671155	1	0.10239518628167485	0.12697690312578805	0.0016251080476834268	unsupported	True	0.0024109412671516	0.0024109412671516
ITGA9	chr3:37308231-37308732	8	0.007093254172248639	0.06012296247963881	3	0.05302970830739017	0.07566169291210002	0.00024123241481985384	unsupported	True	0.0020328835975702	0.0020328835975702
ITGA9	chr3:37320811-37321312	9	-0.0013169488867560693	0.07259804590735187	3	0.07391499479410794	0.07802312403636599	0.0004186786519795812	unsupported	True	0.0017667462491476	0.0017667462491476
ITGA9	chr3:37367645-37368146	10	0.0009634352251309945	0.07589662040842098	3	0.07493318518328998	0.060649963773315385	0.0003449269887661934	unsupported	True	0.0017616101655041	0.0017616101655041
ITGA9	chr3:37806068-37806569	11	-0.0010193838021762853	0.053246543351672386	1	0.05426592715384867	0.04860682494672661	0.00014044811037558692	unsupported	True	0.00169582145415	0.00169582145415
ITGA9	chr3:37325920-37326421	12	0.0061782339669225325	0.08732753058085184	3	0.0811492966139293	0.11500520462932054	0.0008149921663497037	unsupported	True	0.0015364251742198	0.0015364251742198
ITGA9	chr3:37644519-37645020	13	-0.002343948793360257	0.10922765624809676	3	0.11157160504145701	0.1400683582100962	0.0017069717504878098	unsupported	True	0.0014822684952996	0.0014822684952996
ITGA9	chr3:37456263-37456764	14	-0.020042945204588023	0.035071866474183595	3	0.05511481167877162	0.053650778743318556	0.00010370584559531878	unsupported	True	0.0013864292427211	0.0013864292427211
ITGA9	chr3:37741611-37742112	15	-0.00790669743812109	0.08309853770161234	1	0.09100523513973342	0.07946696498581088	0.0006009611320264456	unsupported	True	0.0013750549603423	0.0013750549603423
ITGA9	chr3:37671446-37671947	16	-0.004236824599314112	0.04784671023639503	5	0.05208353483570914	0.056308053569275845	0.0001403211222070201	unsupported	True	0.0012778948234634	0.0012778948234634
ITGA9	chr3:37763211-37763712	17	-0.0016366293862959532	0.07904965201255525	3	0.0806862813988512	0.09594994310382468	0.0006119900827897625	unsupported	True	0.0011875021621322	0.0011875021621322
ITGA9	chr3:37387328-37387829	18	0.0006386023399017428	0.10313291431808515	1	0.1024943119781834	0.11704815284777792	0.0012372618416181206	unsupported	True	0.001157890413703	-0.001157890413703
ITGA9	chr3:37511368-37511869	19	-0.01036881297378866	0.03318611513263286	3	0.04355492810642152	0.029924198198746824	4.325300040894025e-05	unsupported	True	0.0011020236738397	-0.0011020236738397
SLC13A3	chr20:46747882-46748383	0	-0.004861568992813674	0.033032632948530066	4	0.03789420194134374	0.04039223367015884	5.056078718308341e-05	unsupported	True	0.0075100609420709	0.0075100609420709
SLC13A3	chr20:46513352-46513853	1	0.00568040392280552	0.053382356082398164	4	0.047701952159592644	0.03644139556321645	9.279592192018397e-05	unsupported	True	0.0066629567682608	0.0066629567682608
SLC13A3	chr20:46459093-46459594	2	0.0005966083258372982	0.035626608658730935	4	0.035030000332893635	0.030642932215879905	3.824238287343859e-05	unsupported	True	0.0046628139780781	0.0046628139780781
SLC13A3	chr20:46802731-46803232	3	-0.010560535694107014	0.027129276288339048	2	0.03768981198244606	0.035329470023189875	3.6124288505021246e-05	unsupported	True	0.0038458646556843	0.0038458646556843
SLC13A3	chr20:46651114-46651615	4	0.006114200453644339	0.0734677993376255	2	0.06735359888398115	0.08307836520775906	0.00041109839323917775	unsupported	True	0.0025001070103029	0.0025001070103029
SLC13A3	chr20:46709515-46710016	5	0.0290288443475407	0.10077966421509403	2	0.07175081986755333	0.08963913816244265	0.0006481827175671884	unsupported	True	0.0021787543109002	0.0021787543109002
SLC13A3	chr20:46483383-46483884	6	-0.022047537250385434	0.025989200668008926	2	0.04803673791839436	0.0489409174917682	6.109962388355523e-05	unsupported	True	0.0018022721913502	0.0018022721913502
SLC13A3	chr20:46749136-46749637	7	-0.018700195173005852	0.0016812087442732869	2	0.020381403917279137	0.015530118905101765	5.321456507023876e-07	unsupported	True	0.0017667636885909	0.0017667636885909
SLC13A3	chr20:46689362-46689863	8	-0.005921621965254565	0.030163336074805595	4	0.03608495804006016	0.029388753231928615	3.1987974405470553e-05	unsupported	True	0.0015275546375897	0.0015275546375897
SLC13A3	chr20:46450579-46451080	9	-0.020387307720858863	0.0054782214949365745	5	0.025865529215795435	0.037025682504100495	5.246431767035276e-06	unsupported	True	0.0015184675934583	0.0015184675934583
SLC13A3	chr20:46450005-46450506	10	-0.015609435911512088	0.011943881622698176	5	0.027553317534210264	0.04369379503041889	1.4379346684983985e-05	unsupported	True	0.0015063575251795	0.0015063575251795
SLC13A3	chr20:46780508-46781009	11	-0.011328436451921414	0.0022883395600810786	5	0.013616776012002493	0.02373069144187242	7.394437707402978e-07	unsupported	True	0.0014294527473744	-0.0014294527473744
SLC13A3	chr20:46777326-46777827	12	-0.0049706821618416925	0.03322122976893051	5	0.0381919119307722	0.055580299673240026	7.051929942958782e-05	unsupported	True	0.0012643354396139	-0.0012643354396139
SLC13A3	chr20:46778643-46779144	13	-0.011836272855263992	0.0006503721639114705	4	0.012486645019175463	0.027106664158389252	2.2013230725020186e-07	unsupported	True	0.0012441000938475	-0.0012441000938475
SLC13A3	chr20:46695859-46696360	14	0.00895811825394051	0.06097746444974134	4	0.052019346195800835	0.07246946338854592	0.00022987370554737295	unsupported	True	0.0008434070563218	0.0008434070563218
SLC13A3	chr20:46799967-46800468	15	-0.025125533863829944	-0.0019751294137840877	2	0.023150404450045854	0.032068347758242716	0.0	unsupported	True	0.0007683365369648	0.0007683365369648
SLC13A3	chr20:46758047-46758548	16	0.0004954660487656126	0.044623364988051646	4	0.04412789893928604	0.049719754916894614	9.79049265290301e-05	unsupported	True	0.0007304716799984	-0.0007304716799984
SLC13A3	chr20:46613408-46613909	17	-0.010931193572657791	0.03061671934140206	2	0.04154791291405985	0.04788791946318405	6.091634461163401e-05	unsupported	True	0.0006993052176402	0.0006993052176402
SLC13A3	chr20:46809635-46810136	18	-0.0061969092394713945	0.017962168268756393	2	0.024159077508227787	0.029075862821640215	1.2617453674303684e-05	unsupported	True	0.0005841927198515	-0.0005841927198515
SLC13A3	chr20:46816696-46817197	19	-0.011935476641985094	0.017536456813719764	5	0.029471933455704858	0.047557600788506224	2.4579351197412768e-05	unsupported	True	0.0005670793903241	-0.0005670793903241
SKIDA1	chr10:21518103-21518604	0	0.013672351187298894	0.03192933652187452	4	0.018256985334575624	0.02221886131062565	1.2952117003892888e-05	unsupported	True	0.0058964153918916	0.0058964153918916
SKIDA1	chr10:21495615-21496116	1	0.015150509996505697	0.039404448517829926	0	0.02425393852132423	0.0194423239101543	1.8581283107456695e-05	unsupported	True	0.0048045941442163	0.0048045941442163
SKIDA1	chr10:21525738-21526239	2	0.033750750990839136	0.04283167126503358	4	0.009080920274194444	0.03134168944916585	1.2190381201214676e-05	unsupported	True	0.0047189915708585	0.0047189915708585
SKIDA1	chr10:21497106-21497607	3	0.05238408518744582	0.07291875463290354	0	0.020534669445457718	0.06774427891956498	0.00010143774438563229	unsupported	True	0.0043639525934015	0.0043639525934015
SKIDA1	chr10:21508619-21509120	4	0.02855907902084695	0.03252901325729904	4	0.003969934236452088	0.012859325316401243	1.6606281109090145e-06	unsupported	True	0.0032798015018999	0.0032798015018999
SKIDA1	chr10:21526270-21526771	5	0.043922902856839356	0.05152680731643776	0	0.007603904459598403	0.022468153270586388	8.80313299343407e-06	unsupported	True	0.003136756336836	0.003136756336836
SKIDA1	chr10:21534761-21535262	6	0.03670535655340725	0.04956407183474263	4	0.012858715281335378	0.030374962989557067	1.935888390728701e-05	unsupported	True	0.0031256724771066	0.0031256724771066
SKIDA1	chr10:21510202-21510703	7	0.027671822930356988	0.04810359039788668	0	0.02043176746752969	0.04076488317358273	4.006541376330282e-05	unsupported	True	0.0023660058133036	0.0023660058133036
SKIDA1	chr10:21527012-21527513	8	0.02963132825487303	0.03519199059817696	4	0.005560662343303928	0.021020357097195935	4.113490011174765e-06	unsupported	True	0.0021739665913417	0.0021739665913417
SKIDA1	chr10:21509424-21509925	9	0.021081585613553503	0.046768036762258526	0	0.025686451148705023	0.04015644977923421	4.8240139549669847e-05	unsupported	True	0.0021153204010271	0.0021153204010271
SKIDA1	chr10:21533870-21534371	10	0.01624948510691207	0.03298732443381364	4	0.016737839326901573	0.014705574978303482	8.119485231313805e-06	unsupported	True	0.0014206066688291	0.0014206066688291
SKIDA1	chr10:21671178-21671679	11	0.025137719383697858	0.034347221298275776	3	0.009209501914577919	0.04070690511856031	1.2876440805120131e-05	unsupported	True	0.0013279658633493	0.0013279658633493
SKIDA1	chr10:21373015-21373516	12	0.032540195006095195	0.04641979297474293	3	0.013879597968647732	0.039891014393405116	2.5701304445584506e-05	unsupported	True	0.0012720380812816	0.0012720380812816
SKIDA1	chr10:21488655-21489156	13	0.008154135153309473	0.06484034892720529	0	0.05668621377389582	0.06070161525919855	0.00022311205751623163	unsupported	True	0.0010090716127021	0.0010090716127021
SKIDA1	chr10:21364391-21364892	14	0.04019450767348925	0.05610280671243847	0	0.01590829903894922	0.055914024135846514	4.990327918373033e-05	unsupported	True	0.0009718338415679	0.0009718338415679
SKIDA1	chr10:21516737-21517238	15	0.012954369621353544	0.04184064967078826	4	0.028886280049434714	0.03317780134955004	4.009937828253539e-05	unsupported	True	0.0006236987371543	-0.0006236987371543
SKIDA1	chr10:21496529-21497030	16	0.009556297219326573	0.052371084256543056	0	0.04281478703721649	0.04889795666300986	0.00010964177678001302	unsupported	True	0.0003657788700972	-0.0003657788700972
SKIDA1	chr10:21507716-21508217	17	-0.009263384436906124	0.002613900335690333	4	0.011877284772596457	0.009282166501742439	2.8817450000762646e-07	unsupported	True	0.0002231902188928	-0.0002231902188928
SKIDA1	chr10:21517326-21517827	18	-0.009115801795163655	0.03165352495437748	2	0.04076932674954114	0.04569902521277355	5.8974267648941145e-05	unsupported	True	0.000209090447775	-0.000209090447775
SKIDA1	chr10:21399533-21400034	19	0.008869017169422956	0.0708615495086986	2	0.06199253233927565	0.07462885413534642	0.0003278361156580374	unsupported	True	0.0001970749514579	-0.0001970749514579
WDHD1	chr14:55089486-55089987	0	0.0062697074862599995	0.032776335035169225	3	0.026506627548909225	0.04636445675871923	4.028098126473967e-05	unsupported	True	0.0074592411032842	0.0074592411032842
WDHD1	chr14:55128964-55129465	1	0.01016796333709469	0.030717140188798602	3	0.02054917685170391	0.036251480149606385	2.2882367334898494e-05	unsupported	True	0.0066060484846898	0.0066060484846898
WDHD1	chr14:55137329-55137830	2	0.007192476130984539	0.013914174462928712	3	0.0067216983319441734	0.019693476074115986	1.841869438118941e-06	unsupported	True	0.0045999199242227	0.0045999199242227
WDHD1	chr14:55071770-55072271	3	0.008893235767950532	0.01646118994357903	3	0.007567954175628496	0.026012710885340715	3.2405993011171136e-06	unsupported	True	0.0045920327438888	0.0045920327438888
WDHD1	chr14:55102103-55102604	4	0.002786183640461448	0.014458851083928274	3	0.011672667443466827	0.019524041181922466	3.295138037246494e-06	unsupported	True	0.0037459783122422	0.0037459783122422
WDHD1	chr14:55129576-55130077	5	0.0036237878914442494	0.037175031659211655	2	0.03355124376776741	0.050188044305035234	6.259796921117434e-05	unsupported	True	0.0026170658762931	0.0026170658762931
WDHD1	chr14:55026894-55027395	6	-0.007524192649030114	0.041482359368044765	2	0.04900655201707488	0.05569743343408248	0.00011322772470952025	unsupported	True	0.0023542816027069	-0.0023542816027069
WDHD1	chr14:55051337-55051838	7	-0.0048490762924401675	0.04938312871692657	2	0.05423220500936674	0.06170931865967166	0.00016526717959174927	unsupported	True	0.0017256998848989	-0.0017256998848989
WDHD1	chr14:54818536-54819037	8	-0.001260649047139003	0.07364887258700861	2	0.07490952163414762	0.08152108288492717	0.00044975196218694456	unsupported	True	0.0015198203544369	-0.0015198203544369
WDHD1	chr14:55051844-55052345	9	-0.007113564017745672	0.0573936908855171	2	0.06450725490326277	0.08024692783837797	0.0002970989590922391	unsupported	True	0.0013326937681098	-0.0013326937681098
WDHD1	chr14:54902633-54903134	10	-0.008168521512118165	0.0630055577168928	2	0.07117407922901096	0.07725246835891539	0.00034642807652988114	unsupported	True	0.001188013030982	0.001188013030982
WDHD1	chr14:54902047-54902548	11	-0.009915376188235844	0.04782473729059141	2	0.05774011347882725	0.05210081843784308	0.0001438715000439982	unsupported	True	0.0011243462670688	0.0011243462670688
WDHD1	chr14:55123019-55123520	12	0.001424911704473752	0.040530234427596276	3	0.039105322723122525	0.040530234427596276	6.423830983451186e-05	unsupported	True	0.00108068406458	0.00108068406458
WDHD1	chr14:55062556-55063057	13	0.013824047266049964	0.06046996168812656	3	0.04664591442207659	0.057895279772297956	0.0001633038642627142	unsupported	True	0.0008246130498403	0.0008246130498403
WDHD1	chr14:55122452-55122953	14	-0.012224401015442168	0.01712490214564206	2	0.029349303161084226	0.034558430594761186	1.736920353875085e-05	unsupported	True	0.0007984317768474	0.0007984317768474
WDHD1	chr14:54909792-54910293	15	0.0025684778020263503	0.08022694868836386	3	0.07765847088633751	0.08022694868836386	0.0004998381316242989	unsupported	True	0.0004820631646029	0.0004820631646029
WDHD1	chr14:55090454-55090955	16	-0.01067138450119783	0.03965628116310122	3	0.050327665664299054	0.04124361816335544	8.23143455484605e-05	unsupported	True	0.0004618421361955	-0.0004618421361955
WDHD1	chr14:55160917-55161418	17	-0.0004910689398884891	0.045532280352737584	2	0.046023349292626074	0.045532280352737584	9.541508097575265e-05	unsupported	True	0.0004461148044502	-0.0004461148044502
WDHD1	chr14:55133462-55133963	18	-0.008296427886759763	0.028817189840479804	3	0.03711361772723957	0.05312499275554548	5.681771991172788e-05	unsupported	True	0.0003919924126053	0.0003919924126053
WDHD1	chr14:55092191-55092692	19	0.0064491460546871795	0.12062172947592956	2	0.11417258342124238	0.12140527872780756	0.0016719564058065802	unsupported	True	0.0002269768806726	0.0002269768806726
CTHRC1	chr8:103452477-103452978	0	-0.004543792975278734	0.01747089633740578	0	0.022014689312684514	0.017957375843915154	6.90670044033463e-06	unsupported	True	0.010087650807769	0.010087650807769
CTHRC1	chr8:103371189-103371690	1	0.005965330432455837	0.06212479009643877	0	0.05615945966398293	0.07690116752594055	0.00026830007146433045	unsupported	True	0.0092546322936503	0.0092546322936503
CTHRC1	chr8:103373125-103373626	2	-0.007079957705521395	0.060496096210602396	0	0.06757605391612378	0.07600114786220726	0.00031069933946353806	unsupported	True	0.0057450783983063	0.0057450783983063
CTHRC1	chr8:103500919-103501420	3	-0.01184332093951194	0.015404261509285899	0	0.02724758244879784	0.03009314123615745	1.2630960633363234e-05	unsupported	True	0.0044618723777311	0.0044618723777311
CTHRC1	chr8:103499437-103499938	4	-0.009902520436061336	0.03337920670241346	0	0.0432817271384748	0.05026965177100089	7.262505436329183e-05	unsupported	True	0.002726845953317	0.002726845953317
CTHRC1	chr8:103501433-103501934	5	-0.01354829199607613	0.021860166288805192	0	0.035408458284881324	0.03495031834215607	2.7052762183416273e-05	unsupported	True	0.0023538898075309	0.0023538898075309
CTHRC1	chr8:103228891-103229392	6	-0.004578183040749648	0.044837853689458765	2	0.04941603673020841	0.07429972721269679	0.00016462657612698539	unsupported	True	0.0015732694224597	0.0015732694224597
CTHRC1	chr8:103500259-103500760	7	-0.022145236788100556	0.03134134293276437	0	0.05348657972086492	0.054059751832489095	9.06225912767501e-05	unsupported	True	0.0014171402269675	0.0014171402269675
CTHRC1	chr8:103299114-103299615	8	0.0014848675039108613	0.05585317747300391	4	0.05436830996909305	0.06289687499841609	0.00019099534673316975	unsupported	True	0.0011702229185454	0.0011702229185454
CTHRC1	chr8:103357059-103357560	9	0.02168177241547109	0.04878031939637273	4	0.02709854698090164	0.04513810177912425	5.9666963357341695e-05	unsupported	True	0.0010236476291371	0.0010236476291371
CTHRC1	chr8:103279005-103279506	10	0.025195272882675784	0.10237446149122853	4	0.07717918860855275	0.11356956844814706	0.0008973333611699151	unsupported	True	0.0007463379418584	0.0007463379418584
CTHRC1	chr8:103414962-103415463	11	-0.010222382988274655	0.032307126112112415	4	0.04252950910038707	0.04380047903258739	6.018213036662054e-05	unsupported	True	0.0004387325694173	0.0004387325694173
CTHRC1	chr8:103350760-103351261	12	0.0015590435981631921	0.030686358628638954	0	0.02912731503047576	0.03514866545798451	3.141627207859864e-05	unsupported	True	0.0004034527194369	0.0004034527194369
CTHRC1	chr8:103511935-103512436	13	-0.02373989012163871	0.0240918500509377	0	0.04783174017257641	0.03646260271830261	4.2017866636093375e-05	unsupported	True	0.0003776759418707	0.0003776759418707
CTHRC1	chr8:103464265-103464766	14	-0.018342650592214137	0.0008795662738951726	5	0.01922221686610931	0.025637830591305075	4.3346427971244045e-07	unsupported	True	0.0003567527630647	-0.0003567527630647
CTHRC1	chr8:103351421-103351922	15	-0.016613954210349977	0.01823376316433411	2	0.03484771737468409	0.030647199465584304	1.9473384555715564e-05	unsupported	True	0.0003541981444673	0.0003541981444673
CTHRC1	chr8:103241284-103241785	16	-0.02425144774500139	0.007266917179898041	1	0.03151836492489943	0.03369546459083443	7.717654616378105e-06	unsupported	True	0.0003139402305393	0.0003139402305393
CTHRC1	chr8:103348726-103349227	17	-0.014930870255464945	0.03123940786712819	0	0.04617027812259313	0.05270645151556306	7.60202095127801e-05	unsupported	True	0.0002716362197413	-0.0002716362197413
CTHRC1	chr8:103337399-103337900	18	-0.020146918721000665	0.03493396662172252	0	0.05508088534272318	0.0543367898121166	0.00010455451461487653	unsupported	True	0.000261758917852	-0.000261758917852
CTHRC1	chr8:103277180-103277681	19	-0.007491262021924845	0.02925817818038793	2	0.03674944020231277	0.031310703397328256	3.3665946779117044e-05	unsupported	True	0.0002027797748351	0.0002027797748351
RAB2B	chr14:21308665-21309166	0	-0.004359151040013155	0.025693343354781163	0	0.030052494394794318	0.04837808265804893	3.735509091128658e-05	unsupported	True	0.0056404292973728	0.0056404292973728
RAB2B	chr14:21536231-21536732	1	0.011643470979376644	0.028595149063946588	1	0.016951678084569946	0.03126396611676991	1.5154762429760443e-05	unsupported	True	0.0052092707032749	0.0052092707032749
RAB2B	chr14:21437087-21437588	2	-0.001841985444911263	0.03176780851972591	1	0.033609793964637175	0.04998908027942359	5.337381586341519e-05	unsupported	True	0.0045193457874281	-0.0045193457874281
RAB2B	chr14:21526674-21527175	3	0.005968887455994129	0.02294044971846667	1	0.01697156226247254	0.031557717784802645	1.2286532597243296e-05	unsupported	True	0.0035003720114637	-0.0035003720114637
RAB2B	chr14:21455953-21456454	4	0.0033062661894742505	0.027471422833396042	1	0.02416515664392179	0.034843821920901324	2.3131114249169054e-05	unsupported	True	0.0034040513768518	-0.0034040513768518
RAB2B	chr14:21525528-21526029	5	0.004993929682395017	0.06761498854107546	1	0.06262105885868044	0.09256477063508864	0.00039193054816972887	unsupported	True	0.0032029633796981	0.0032029633796981
RAB2B	chr14:21511194-21511695	6	-0.0018429556358675369	0.022959365949142805	1	0.02480232158501034	0.035196682943993904	2.004259545070836e-05	unsupported	True	0.0031835426800246	-0.0031835426800246
RAB2B	chr14:21476844-21477345	7	-0.004499077464138355	0.01542603623125122	1	0.019925113695389574	0.024139879407840004	7.4197667263812075e-06	unsupported	True	0.0029035367398986	-0.0029035367398986
RAB2B	chr14:21526113-21526614	8	0.0004267888908810648	0.03498154343538414	1	0.034554754544503075	0.04338851343102682	5.2447108560392576e-05	unsupported	True	0.0021321185302765	-0.0021321185302765
RAB2B	chr14:21384112-21384613	9	0.0038456647195648824	0.035715759523322226	1	0.03187009480375734	0.04924304828125659	5.605162072267984e-05	unsupported	True	0.0021219480998522	-0.0021219480998522
RAB2B	chr14:21539118-21539619	10	0.011490782315922026	0.03184532750150726	1	0.020354545185585233	0.03493534629390471	2.264499216675371e-05	unsupported	True	0.0017802381101776	0.0017802381101776
RAB2B	chr14:21537036-21537537	11	0.01791191648442913	0.03251684275636907	1	0.01460492627193994	0.02509704398500077	1.191873905590279e-05	unsupported	True	0.0015184971409769	0.0015184971409769
RAB2B	chr14:21498551-21499052	12	-0.008093940390933387	0.02400367560229873	1	0.03209761599323212	0.04600199605433325	3.5442732929342574e-05	unsupported	True	0.0014877069401813	0.0014877069401813
RAB2B	chr14:21534507-21535008	13	-0.00343123654879912	0.035809480331004125	1	0.039240716879803246	0.05642640991676803	7.928980885396755e-05	unsupported	True	0.0014379516052204	0.0014379516052204
RAB2B	chr14:21557334-21557835	14	0.01729739565817321	0.057808980261526165	1	0.040511584603352954	0.0653880519143763	0.00015313446239254908	unsupported	True	0.0007438147680448	0.0007438147680448
RAB2B	chr14:21518675-21519176	15	0.003428808134844025	0.024429970919503503	1	0.02100116278465948	0.025614307077446257	1.3141619937911033e-05	unsupported	True	0.0004950694036628	0.0004950694036628
RAB2B	chr14:21493516-21494017	16	0.008331649151313406	0.02965277717683393	1	0.021321128025520525	0.03280901101520765	2.0742862638862383e-05	unsupported	True	0.0002521878015596	0.0002521878015596
VCP	chr9:34986369-34986870	0	-0.0031747349152692634	0.04317517504519308	2	0.04634990996046234	0.06455273091087974	0.00012918069647210135	unsupported	True	0.0096299462372851	-0.0096299462372851
VCP	chr9:34957990-34958491	1	0.0007149313274112599	0.032628987072196525	2	0.031914055744785265	0.045456749224430104	4.73351726695903e-05	unsupported	True	0.0064410375619586	0.0064410375619586
VCP	chr9:35111451-35111952	2	-0.0016499061327604966	0.04431483170076577	2	0.04596473783352627	0.06008305011809646	0.00012238434369085113	unsupported	True	0.0033948778132927	-0.0033948778132927
VCP	chr9:35114066-35114567	3	0.0012464289197869217	0.08203270730410052	2	0.0807862783843136	0.11015481030256401	0.000730008830185528	unsupported	True	0.0027086407801875	0.0027086407801875
VCP	chr9:35007025-35007526	4	-0.010023715456072191	0.05277030252016246	1	0.06279401797623466	0.06976867543867259	0.000231189621964611	unsupported	True	0.0025636860814815	0.0025636860814815
VCP	chr9:35207174-35207675	5	-0.017123241598556705	0.00045161396599532064	2	0.017574855564552027	0.021963450460577502	1.7432500938261505e-07	unsupported	True	0.0023343832504878	0.0023343832504878
VCP	chr9:35161707-35162208	6	0.000340525776756172	0.05689127159338448	2	0.056550745816628306	0.07470489549375861	0.0002403438647750843	unsupported	True	0.0019424984504901	-0.0019424984504901
VCP	chr9:35115935-35116436	7	-0.002901442584218464	0.07134393112862603	2	0.0742453737128445	0.09108561605837567	0.0004824765759848003	unsupported	True	0.0018228538478444	-0.0018228538478444
VCP	chr9:35071913-35072414	8	-0.0024394427415494087	0.047802736098998766	1	0.05024217884054817	0.0650542155753259	0.00015624159533544037	unsupported	True	0.0015826518522689	-0.0015826518522689
VCP	chr9:34927002-34927503	9	-0.0065654079393181386	0.047889280349665296	1	0.054454688288983435	0.07200490527712675	0.00018777409199663786	unsupported	True	0.0014800881459439	-0.0014800881459439
VCP	chr9:35102963-35103464	10	-0.003051498968159015	0.048873019686118804	2	0.05192451865427782	0.05879024391358727	0.00014919247361734982	unsupported	True	0.0013683149800781	-0.0013683149800781
VCP	chr9:35088901-35089402	11	0.011386762498970995	0.041033589553362684	2	0.02964682705439169	0.03716565894657993	4.521260883246085e-05	unsupported	True	0.0013398755042135	0.0013398755042135
VCP	chr9:34989341-34989842	12	-0.0046068322904811556	0.03938549010655925	2	0.04399232239704041	0.04827732765892946	8.364815488329885e-05	unsupported	True	0.0012243020647329	-0.0012243020647329
VCP	chr9:35072468-35072969	13	-0.004389640280246225	0.03230566923156092	2	0.03669530951180714	0.04160370715704819	4.9319802418436235e-05	unsupported	True	0.0012136649112803	-0.0012136649112803
VCP	chr9:34994352-34994853	14	-0.005048926326243652	0.033481451493955115	2	0.03853037782019877	0.05981960307661517	7.717045697396555e-05	unsupported	True	0.0010647313462704	0.0010647313462704
VCP	chr9:34993754-34994255	15	0.0036205724772809663	0.10105721077550803	2	0.09743663829822706	0.1199303283621049	0.0011809149532836355	unsupported	True	0.0010294933074895	0.0010294933074895
VCP	chr9:35022644-35023145	16	0.009104088261730935	0.04509788831555387	1	0.03599380005382294	0.03612617199263125	5.8641605472974644e-05	unsupported	True	0.0007594643787641	-0.0007594643787641
VCP	chr9:35096361-35096862	17	-0.0036734440367725556	0.03230813879574669	2	0.035981582832519246	0.04157821501502743	4.833459064448145e-05	unsupported	True	0.0007430816938356	-0.0007430816938356
VCP	chr9:35079813-35080314	18	-0.0024056068043632516	0.05748997911037691	2	0.05989558591474017	0.075485181833389	0.00025992537190430156	unsupported	True	0.0004612159636487	-0.0004612159636487
VCP	chr9:34962514-34963015	19	-0.0018842571415627074	0.02475112901020406	2	0.026635386151766766	0.026492399433905873	1.746527007241266e-05	unsupported	True	0.000422672304058	-0.000422672304058
ZBTB46	chr20:63864110-63864611	0	-0.021707652800042058	0.026677409126677203	1	0.048385061926719264	0.049659459443526635	6.409983893657873e-05	unsupported	True	0.0082621099916932	0.0082621099916932
ZBTB46	chr20:63857742-63858243	1	-0.01306971154317389	0.019842795494332564	1	0.03291250703750646	0.04295961629233386	2.8055900656915972e-05	unsupported	True	0.0045942926469376	0.0045942926469376
ZBTB46	chr20:63653240-63653741	2	-0.013191420060221433	0.027040902276628098	1	0.04023232233684953	0.05535866674944821	6.022570643612302e-05	unsupported	True	0.0042296412634332	-0.0042296412634332
ZBTB46	chr20:63652555-63653056	3	-0.005646318328755304	0.05172428027414389	0	0.0573705986028992	0.07523303749221615	0.00022325049690950902	unsupported	True	0.0037490645382584	-0.0037490645382584
ZBTB46	chr20:63949015-63949516	4	-0.006332217249835867	0.03254515573928666	0	0.03887737298912253	0.04288748944041801	5.426426056903532e-05	unsupported	True	0.0028933933649677	-0.0028933933649677
ZBTB46	chr20:63847895-63848396	5	-0.00703952999634333	0.0378687388281861	3	0.04490826882452943	0.042130000481034074	7.164710049385765e-05	unsupported	True	0.002242312862672	0.002242312862672
ZBTB46	chr20:63834926-63835427	6	-0.009917191954929959	0.025278527859987566	0	0.03519571981491752	0.05238776312978404	4.660918246174379e-05	unsupported	True	0.0021234864785071	0.0021234864785071
ZBTB46	chr20:63858620-63859121	7	-0.011596466557685889	0.004671119832499296	1	0.016267586390185183	0.021372456577499557	1.6240469265303796e-06	unsupported	True	0.0018968783045273	0.0018968783045273
ZBTB46	chr20:63845993-63846494	8	-0.008761465563120843	0.01627995680854419	1	0.025041422371665033	0.025939857480390058	1.0574986642601496e-05	unsupported	True	0.0018449269641141	0.0018449269641141
ZBTB46	chr20:63770338-63770839	9	0.008505495801403673	0.05101623593621487	0	0.042510740134811195	0.05666402165481453	0.00012288941407972526	unsupported	True	0.0017443440767824	0.0017443440767824
ZBTB46	chr20:63686810-63687311	10	-0.012990412256895928	0.01042536100120963	0	0.02341577325810556	0.0417091772814029	1.0181956323969758e-05	unsupported	True	0.0013617092591356	-0.0013617092591356
ZBTB46	chr20:63786177-63786678	11	-0.012853662147231708	0.04731274695132686	1	0.06016640909855857	0.0593227014148212	0.00016887026136904788	unsupported	True	0.0013255573674988	0.0013255573674988
ZBTB46	chr20:63955383-63955884	12	-0.011210152014386656	0.03606870880759575	0	0.047278860821982405	0.06476569802996462	0.00011044413293105889	unsupported	True	0.0011436661205002	-0.0011436661205002
ZBTB46	chr20:63894755-63895256	13	-0.018374390277756072	0.037607242694905785	1	0.05598163297266186	0.06477308617529974	0.00013636774070135234	unsupported	True	0.001027331315474	0.001027331315474
ZBTB46	chr20:63979404-63979905	14	-0.014106782334019203	0.036507938340914474	1	0.05061472067493368	0.04845662474049028	8.95400459242781e-05	unsupported	True	0.0009785058360358	0.0009785058360358
ZBTB46	chr20:63973772-63974273	15	-0.012846214150667876	0.01731931252919879	1	0.030165526679866665	0.03625421712056408	1.8940877394944864e-05	unsupported	True	0.0009716989196285	-0.0009716989196285
ZBTB46	chr20:63938440-63938941	16	-0.008961795687176434	0.05113502562427179	0	0.06009682131144822	0.08003879964547354	0.00024596343316328733	unsupported	True	0.0008219552173801	0.0008219552173801
ZBTB46	chr20:63947650-63948151	17	-0.0015623237052325857	0.06922257682778639	0	0.07078490053301897	0.08670765114148381	0.0004248599657039399	unsupported	True	0.000812114987028	-0.000812114987028
ZBTB46	chr20:63957201-63957702	18	-0.01252556753724376	0.029166026917602512	0	0.04169159445484627	0.052408671600742446	6.372780038121747e-05	unsupported	True	0.0007510652713889	-0.0007510652713889
ZBTB46	chr20:63696134-63696635	19	-0.00258826082815937	0.03945052473481484	0	0.04203878556297421	0.0575021805188183	9.536461489235885e-05	unsupported	True	0.0007460830846735	0.0007460830846735
GPR34	chrX:41634189-41634690	0	-0.009071614492240395	-0.006419793589943818	5	0.002651820902296577	0.005754687136975901	0.0	unsupported	True	0.0218866103752153	0.0218866103752153
GPR34	chrX:41584115-41584616	1	-0.012310926508831584	0.02287972021127177	5	0.03519064672010336	0.04224887821439252	3.401677517206387e-05	unsupported	True	0.0179592696468855	0.0179592696468855
GPR34	chrX:41734498-41734999	2	-0.01385936443293632	0.0184097593772384	5	0.03226912381017472	0.029349497470197293	1.7435562180486033e-05	unsupported	True	0.0018019007482587	-0.0018019007482587
GPR34	chrX:41778982-41779483	3	-0.005367250770420106	0.03316561823576678	0	0.03853286900618689	0.038916558170375384	4.973405463999923e-05	unsupported	True	0.0008129940144644	0.0008129940144644
GPR34	chrX:41789324-41789825	4	-0.003877110159794759	0.03120155310456878	0	0.03507866326436354	0.04953900640353022	5.422087719760863e-05	unsupported	True	0.0004238713161853	0.0004238713161853
GPR34	chrX:41589765-41590266	5	-0.008538450371183304	0.06744523422216803	5	0.07598368459335134	0.08245542401919011	0.0004225623956719115	unsupported	True	0.0001903204215731	-0.0001903204215731
GPR34	chrX:41797973-41798474	6	-0.005631896671371221	0.026212153594237023	5	0.03184405026560824	0.04468393112117296	3.72977280957041e-05	unsupported	True	0.0001181062697286	-0.0001181062697286
GPR34	chrX:41747635-41748136	7	-0.011396731245655723	0.0007034902232809326	5	0.012100221468936656	0.01867415127552871	1.5896161194565327e-07	unsupported	True	6.417401185426715e-05	-6.417401185426715e-05
GPR34	chrX:41784686-41785187	8	-0.009146890293418041	0.0058446384788705215	5	0.014991528772288563	0.01344948272677051	1.1784445631043189e-06	unsupported	True	6.232288015941953e-05	-6.232288015941953e-05
GPR34	chrX:41633108-41633609	9	-0.005949587176433495	0.008513068522127201	2	0.014462655698560697	0.021018246055389416	2.5877996415989818e-06	unsupported	True	5.045370103287297e-05	-5.045370103287297e-05
GPR34	chrX:41717772-41718273	10	0.0029916281389706805	0.030179669531045197	0	0.027188041392074515	0.03695951661327472	3.032624818753693e-05	unsupported	True	4.504897721805342e-05	-4.504897721805342e-05
GPR34	chrX:41688055-41688556	11	-0.007849110801614342	0.010841921230556238	2	0.018691032032170582	0.022966875142169604	4.654161388215454e-06	unsupported	True	3.979069001566428e-05	-3.979069001566428e-05
GPR34	chrX:41681307-41681808	12	-0.003959498668465745	0.020789193362028863	2	0.02474869203049461	0.032217503787227084	1.6576077871421976e-05	unsupported	True	3.1968736433069375e-05	-3.1968736433069375e-05
GPR34	chrX:41608592-41609093	13	-0.011460316382701072	0.0031751887701117728	5	0.014635505152812846	0.020614388123541345	9.579607502604172e-07	unsupported	True	4.537417006381323e-06	-4.537417006381323e-06
SH2D3A	chr19:6767419-6767920	0	0.004205209498414695	0.02404241443486531	2	0.019837204936450616	0.02404241443486531	1.1466652154376461e-05	unsupported	True	0.0149481385983865	0.0149481385983865
SH2D3A	chr19:6661675-6662176	1	0.003001927927014762	0.028005025926691123	2	0.02500309799967636	0.028005025926691123	1.960946663262845e-05	unsupported	True	0.0089260302785358	0.0089260302785358
SH2D3A	chr19:6811803-6812304	2	0.011645737843848245	0.04324192799639737	1	0.03159619015254912	0.03510107819772704	4.7957907421933074e-05	unsupported	True	0.0073048430333815	0.0073048430333815
SH2D3A	chr19:6862682-6863183	3	0.009260850123516256	0.08321358423455102	1	0.07395273411103477	0.08321358423455102	0.0005120857518093391	unsupported	True	0.0028827414808704	0.0028827414808704
SH2D3A	chr19:6739350-6739851	4	0.002408906070534761	0.06725889591117083	1	0.06484998984063607	0.06725889591117083	0.00029336573032693805	unsupported	True	0.0025183660729176	-0.0025183660729176
SH2D3A	chr19:6863455-6863956	5	-0.00046106543630725	0.04272078462740772	1	0.04318185006371497	0.04272078462740772	7.880970215119742e-05	unsupported	True	0.0024589444935602	0.0024589444935602
SH2D3A	chr19:6753607-6754108	6	0.011095065283510215	0.07043119214449045	1	0.059336126860980234	0.07043119214449045	0.00029433999183718445	unsupported	True	0.0018574021712021	0.0018574021712021
SH2D3A	chr19:6631972-6632473	7	0.001538902927221545	0.021109146326562668	2	0.019570243399341124	0.021109146326562668	8.720423325298182e-06	unsupported	True	0.0006653217423062	0.0006653217423062
SH2D3A	chr19:6603920-6604421	8	0.004215914874490969	0.10835281488747145	1	0.10413690001298048	0.11104614452972043	0.0012529920867692345	unsupported	True	0.0006450326836189	0.0006450326836189
SH2D3A	chr19:6744895-6745396	9	-0.009809359207469559	0.042938932324574346	0	0.052748291532043905	0.04753169201209263	0.0001076571587071404	unsupported	True	0.0003081104639695	-0.0003081104639695
SH2D3A	chr19:6730292-6730793	10	-0.00688270027121041	0.01576832141926587	0	0.02265102169047628	0.02350409651493809	8.394925022985894e-06	unsupported	True	0.000236265648567	-0.000236265648567
SH2D3A	chr19:6781112-6781613	11	0.01059957012084114	0.08459009025579738	1	0.07399052013495623	0.08459009025579738	0.0005294379363251463	unsupported	True	0.0001754089509229	0.0001754089509229
SH2D3A	chr19:6633165-6633666	12	-0.010232280622636022	0.036331662416520236	0	0.04656394303915626	0.03809620361590892	6.4449079483047e-05	unsupported	True	0.0001525524077305	-0.0001525524077305
SH2D3A	chr19:6856933-6857434	13	-0.012120802758744033	0.036571236745453595	0	0.04869203950419763	0.045253580202358576	8.05843220877554e-05	unsupported	True	0.0001467977457006	-0.0001467977457006
SH2D3A	chr19:6737422-6737923	14	0.0013260369645663717	0.07353724595680047	1	0.0722112089922341	0.07814605538721614	0.0004149722333266559	unsupported	True	0.0001306434026272	-0.0001306434026272
SH2D3A	chr19:6718562-6719063	15	-0.0031058896911694525	0.0223456219876625	2	0.025451511678831952	0.02284424562870821	1.2992204595142574e-05	unsupported	True	5.195473152651007e-05	5.195473152651007e-05
SH2D3A	chr19:6801689-6802190	16	-0.009549290051721717	0.0022368419624704265	1	0.011786132014192143	0.010398844209851096	2.741521615897374e-07	unsupported	True	4.3689026374297855e-05	4.3689026374297855e-05
SH2D3A	chr19:6779176-6779677	17	-0.009106369188447214	0.012695047477707097	1	0.02180141666615431	0.02501232438547197	6.922661511861944e-06	unsupported	True	2.0345472080918264e-05	-2.0345472080918264e-05
SH2D3A	chr19:6849010-6849511	18	-0.003061309092082895	0.018068048372220476	2	0.02112935746430337	0.02177167359485478	8.311690244163713e-06	unsupported	True	1.3189651462434784e-05	-1.3189651462434784e-05
SH2D3A	chr19:6802376-6802877	19	-0.004634628360584975	0.0070201181527495314	0	0.011654746513334507	0.0070201181527495314	5.743699038848838e-07	unsupported	True	4.327337790137228e-06	-4.327337790137228e-06
HNRNPD	chr4:82374820-82375321	0	0.004245975221507413	0.04352071146826952	0	0.0392747362467621	0.06304461404000414	0.00010775991843700926	unsupported	True	0.0101016285312786	-0.0101016285312786
HNRNPD	chr4:82373901-82374402	1	-0.013167865255988686	0.03308746949665001	4	0.0462553347526387	0.05819782090225484	8.907013405324698e-05	unsupported	True	0.0049559490255551	-0.0049559490255551
HNRNPD	chr4:82284753-82285254	2	-0.01601734930070172	0.045668269479186833	4	0.061685618779888554	0.07694370578455317	0.00021675622547718033	unsupported	True	0.0048538930651666	0.0048538930651666
HNRNPD	chr4:82428727-82429228	3	-0.019496489115476065	0.018712340390941117	4	0.038208829506417186	0.03397775008845785	2.429329703792823e-05	unsupported	True	0.0046236044293117	-0.0046236044293117
HNRNPD	chr4:82444571-82445072	4	-0.01955442694125497	0.035220984691366704	4	0.05477541163262167	0.0591213289865007	0.0001140594653512715	unsupported	True	0.004476086538422	0.004476086538422
HNRNPD	chr4:82268509-82269010	5	-0.014720943007798354	0.03467452078794823	4	0.04939546379574658	0.06522186394590646	0.00011170966294151887	unsupported	True	0.0036124307707152	0.0036124307707152
HNRNPD	chr4:82429242-82429743	6	-0.015335924286062513	0.05616256242273495	4	0.07149848670879747	0.08192860057418284	0.0003289874271554787	unsupported	True	0.0019455920288821	-0.0019455920288821
HNRNPD	chr4:82224524-82225025	7	0.004821771462247589	0.04891191792038629	0	0.0440901464581387	0.06605145415610131	0.00014244218184520806	unsupported	True	0.0016514810663978	0.0016514810663978
HNRNPD	chr4:82430258-82430759	8	-0.015085540512920584	0.05229175053271711	4	0.0673772910456377	0.07060384607218226	0.0002487568713176881	unsupported	True	0.0015497138981376	-0.0015497138981376
HNRNPD	chr4:82231513-82232014	9	-0.038399861249768734	-0.006568088125005674	4	0.03183177312476306	0.033654905124498265	0.0	unsupported	True	0.0012136305116131	-0.0012136305116131
HNRNPD	chr4:82249139-82249640	10	0.00918374488497282	0.10586752073497553	1	0.0966837758500027	0.11439119513255304	0.001170870712402845	unsupported	True	0.0010845838351816	-0.0010845838351816
HNRNPD	chr4:82440622-82441123	11	-0.038015555830504234	-0.010270165620475743	3	0.02774539021002849	0.029836071981146545	0.0	unsupported	True	0.0008907157655139	-0.0008907157655139
HNRNPD	chr4:82462367-82462868	12	-0.006360708992414053	0.03470396623965187	4	0.041064675232065924	0.035356703540804876	5.038708935098509e-05	unsupported	True	0.0008513257149545	-0.0008513257149545
HNRNPD	chr4:82421616-82422117	13	-0.005460466165474807	0.0920774487264936	1	0.0975379148919684	0.11175003298999432	0.001003631779718881	unsupported	True	0.000576959753487	0.000576959753487
HNRNPD	chr4:82360495-82360996	14	-0.0052230810157135365	0.05833924788198381	4	0.06356232889769735	0.06920127626238223	0.00025661068214578826	unsupported	True	0.0004439633569043	0.0004439633569043
HNRNPD	chr4:82515739-82516240	15	0.018634128231728418	0.06260071967240707	4	0.04396659144067866	0.0817687976999909	0.0002250555543899483	unsupported	True	0.0003617660973892	-0.0003617660973892
HNRNPD	chr4:82213880-82214381	16	0.0076266229854840585	0.08848539768172443	4	0.08085877469624038	0.08325333101665196	0.0005956626673455711	unsupported	True	0.0002862174284008	-0.0002862174284008
LRATD2	chr8:126558266-126558767	0	0.019008018216484904	0.008707519368112317	1	-0.010300498848372587	0.01276799031285124	0.0	unsupported	True	0.0085437313426109	0.0085437313426109
LRATD2	chr8:126564555-126565056	1	0.03912943059121291	0.0666209266543925	1	0.027491496063179584	0.07606643887819854	0.00013931636305576333	unsupported	True	0.0047592250819572	0.0047592250819572
LRATD2	chr8:126555419-126555920	2	-0.0054366450258477046	0.002185254264268023	4	0.007621899290115728	0.02681828689068421	4.466796989777084e-07	unsupported	True	0.0039165656751619	0.0039165656751619
LRATD2	chr8:126635020-126635521	3	0.053947159774162104	0.030997651069281332	5	-0.022949508704880772	0.01761505592227191	0.0	unsupported	True	0.0037300653790552	0.0037300653790552
LRATD2	chr8:126439291-126439792	4	-0.03609681560366077	-0.016411843960852657	0	0.019684971642808115	0.012911340306835006	0.0	unsupported	True	0.0032442049893484	0.0032442049893484
LRATD2	chr8:126408980-126409481	5	-0.03647986083126428	0.003105009711642157	0	0.039584870542906436	0.03781441747014027	4.6478232739063674e-06	unsupported	True	0.0029505676514737	0.0029505676514737
LRATD2	chr8:126579909-126580410	6	0.06413757867773817	0.053787845763969215	1	-0.010349732913768957	0.030078961764118624	0.0	unsupported	True	0.0026686602272632	0.0026686602272632
LRATD2	chr8:126668320-126668821	7	0.0693748052017527	0.050366490389382484	1	-0.01900831481237021	0.016497247561762837	0.0	unsupported	True	0.0022603907890521	0.0022603907890521
LRATD2	chr8:126411758-126412259	8	-0.03693041161641258	-0.0033603991690682473	0	0.03357001244734433	0.037001669209182596	0.0	unsupported	True	0.0020661201674038	0.0020661201674038
LRATD2	chr8:126695216-126695717	9	0.053200790472634214	0.0399543714953738	1	-0.013246418977260414	0.022597161371808835	0.0	unsupported	True	0.0019865271277749	0.0019865271277749
LRATD2	chr8:126426511-126427012	10	0.014749824821815312	0.014260665654305628	5	-0.0004891591675096844	0.01817793308877483	0.0	unsupported	True	0.001454128165122	0.001454128165122
LRATD2	chr8:126588849-126589350	11	0.07604839903740472	0.07252346141974401	1	-0.003524937617660706	0.040825815622766784	0.0	unsupported	True	0.0013785053732683	0.0013785053732683
LRATD2	chr8:126696037-126696538	12	-0.026897566488212052	0.011755674217643253	0	0.0386532407058553	0.04241066892399671	1.9271191884941322e-05	unsupported	True	0.0011627638381997	0.0011627638381997
LRATD2	chr8:126556284-126556785	13	-0.02205197383246623	-0.00909212855164908	0	0.01295984528081715	0.018102938738260313	0.0	unsupported	True	0.0010293326012681	0.0010293326012681
LRATD2	chr8:126652350-126652851	14	0.06763913319406861	0.09238347480090243	1	0.024744341606833822	0.0832711559847396	0.0001903552194963218	unsupported	True	0.0006727036131473	0.0006727036131473
LRATD2	chr8:126476914-126477415	15	-0.02801538995374371	0.025715051885239107	5	0.05373044183898282	0.046324016742676846	6.400501839583319e-05	unsupported	True	0.0004486995791416	-0.0004486995791416
LRATD2	chr8:126668838-126669339	16	0.072442867143509	0.060906914103230854	1	-0.01153595304027815	0.027761015332627377	0.0	unsupported	True	0.0003421683218983	0.0003421683218983
LRATD2	chr8:126499452-126499953	17	-0.036981466653884465	-0.002893783828007535	5	0.03408768282587693	0.025425503011519003	0.0	unsupported	True	0.0003232817126787	-0.0003232817126787
LRATD2	chr8:126471711-126472212	18	-0.04098953084799817	-0.020631253642920653	0	0.020358277205077515	0.013671290778807983	0.0	unsupported	True	0.0002811193225453	-0.0002811193225453
LRATD2	chr8:126531325-126531826	19	-0.027850910420031273	-0.005473430563562715	0	0.022377479856468558	0.01917860858867702	0.0	unsupported	True	0.0002603611105834	-0.0002603611105834
GABRE	chrX:151973787-151974288	0	-0.0182983635715179	0.0	0	0.0182983635715179	0.02495027248332143	0.0	unsupported	True	0.0185580058784191	0.0185580058784191
GABRE	chrX:151826079-151826580	1	-0.0056508051566398826	0.010126750745145517	4	0.0157775559017854	0.02966562734701334	4.739836763199372e-06	unsupported	True	0.0110949404938568	0.0110949404938568
GABRE	chrX:151974505-151975006	2	-0.013008203757119231	0.0	0	0.013008203757119231	0.019625941593480647	0.0	unsupported	True	0.0082428671623004	0.0082428671623004
GABRE	chrX:151982172-151982673	3	0.013254187101226481	0.08262785651953226	4	0.06937366941830578	0.09197396132662854	0.0005272129206484061	unsupported	True	0.0053225881575477	0.0053225881575477
GABRE	chrX:151815375-151815876	4	0.002717071827004212	0.029352597258803174	5	0.02663552543179896	0.04406747495734071	3.445291483018215e-05	unsupported	True	0.0002081131134892	-0.0002081131134892
GABRE	chrX:151851903-151852404	5	-0.013775171233634129	0.0	0	0.013775171233634129	0.014275616321652867	0.0	unsupported	True	4.994385988982703e-05	-4.994385988982703e-05
HPS5	chr11:18455528-18456029	0	-0.003798490737281895	0.0803992672000584	4	0.08419775793734029	0.10426554900115771	0.0007058191734666095	unsupported	True	0.0159250604790666	0.0159250604790666
HPS5	chr11:18396006-18396507	1	-0.012797225543050721	0.020452036332570877	4	0.0332492618756216	0.03383914691771165	2.30111312782332e-05	unsupported	True	0.0098820580166373	-0.0098820580166373
HPS5	chr11:18394267-18394768	2	-0.012751190728826826	0.03742851982039192	2	0.05017971054921875	0.0485975117735826	9.127352806827997e-05	unsupported	True	0.00503829682938	0.00503829682938
HPS5	chr11:18322002-18322503	3	-0.007040557756379076	0.037880937391598084	2	0.04492149514797716	0.05208612454275979	8.863330936051238e-05	unsupported	True	0.0048552948451546	-0.0048552948451546
HPS5	chr11:18374917-18375418	4	-0.01372376247552156	0.004637235796680296	2	0.018360998272201855	0.02408814626298899	2.050967832775666e-06	unsupported	True	0.0024173536576646	0.0024173536576646
HPS5	chr11:18270145-18270646	5	-0.0030029414258212874	0.08502288004343687	2	0.08802582146925816	0.10261561979010747	0.0007679967307567936	unsupported	True	0.0016441771051023	0.0016441771051023
HPS5	chr11:18295283-18295784	6	0.02650101287130113	0.09439640996901584	4	0.06789539709771471	0.10062649241152961	0.0006449234150191359	unsupported	True	0.001091653243827	-0.001091653243827
HPS5	chr11:18469137-18469638	7	-0.015655302439910517	0.0027816444446946364	4	0.018436946884605152	0.020011104216926392	1.0262700976817938e-06	unsupported	True	0.0008160561899412	0.0008160561899412
HPS5	chr11:18347319-18347820	8	-0.012559566033711268	-0.009431797903194506	5	0.003127768130516762	0.004460421847761855	0.0	unsupported	True	0.0005893145017031	0.0005893145017031
HPS5	chr11:18360188-18360689	9	0.0022416322788268847	0.08686452526775852	2	0.08462289298893164	0.08964303221943945	0.0006589414955092486	unsupported	True	0.0005666719921393	-0.0005666719921393
HPS5	chr11:18235351-18235852	10	0.0028842722061367195	0.05136346497029848	4	0.04847919276416176	0.06577241197927688	0.00016377720740383487	unsupported	True	0.0003837205544842	-0.0003837205544842
HPS5	chr11:18383264-18383765	11	-0.0055195968522265765	0.048586094679562306	2	0.05410569153178888	0.06854696913651727	0.00018019519295184967	unsupported	True	0.0002576654841427	-0.0002576654841427
TPP1	chr11:6576962-6577463	0	0.07256182549269982	0.09262900398515912	1	0.0200671784924593	0.10859422786020861	0.00020185525009185643	unsupported	True	0.0042317477265808	0.0042317477265808
TPP1	chr11:6481160-6481661	1	-0.009305186320063363	0.04701423871869908	2	0.056319425038762444	0.04514406246865357	0.00011953312094731401	unsupported	True	0.0041181140781945	-0.0041181140781945
TPP1	chr11:6618092-6618593	2	0.07223097197116242	0.09499124539949856	4	0.022760273428336142	0.10950982412817346	0.00023676316571328668	unsupported	True	0.0036721771818583	0.0036721771818583
TPP1	chr11:6603415-6603916	3	0.034694402098129073	0.07436115283459972	1	0.03966675073647065	0.07137918484813295	0.00021054470568575268	unsupported	True	0.0031627276370192	0.0031627276370192
TPP1	chr11:6683245-6683746	4	0.0027396589559852136	0.05275253527821784	2	0.05001287632223263	0.05379230294179955	0.00014192055681838407	unsupported	True	0.0030700676293932	-0.0030700676293932
TPP1	chr11:6606876-6607377	5	0.07429445654838701	0.10046204786161077	1	0.026167591313223756	0.09329202782465137	0.00024525072970831214	unsupported	True	0.0027978648833823	0.0027978648833823
TPP1	chr11:6604216-6604717	6	0.04973549006456448	0.08497495327245114	1	0.03523946320788666	0.08228260298758633	0.00024639292929359483	unsupported	True	0.0025975465647528	0.0025975465647528
TPP1	chr11:6468991-6469492	7	0.07869833538300716	0.09948775720755215	4	0.02078942182454499	0.10233879819032132	0.00021166661490734474	unsupported	True	0.0025748236825513	0.0025748236825513
TPP1	chr11:6703402-6703903	8	0.056364193442692376	0.08617370970388744	1	0.02980951626119506	0.06983012373496741	0.0001793793844772312	unsupported	True	0.0024736295690354	0.0024736295690354
TPP1	chr11:6635396-6635897	9	0.05757639077282186	0.10199072686544794	1	0.04441433609262608	0.09919965725454959	0.0004493596092106337	unsupported	True	0.0021802286449145	0.0021802286449145
TPP1	chr11:6619239-6619740	10	0.001941393862521689	0.03567084714432115	1	0.033729453281799465	0.040493535206040446	4.872012780751738e-05	unsupported	True	0.0019977301509147	-0.0019977301509147
TPP1	chr11:6570968-6571469	11	0.05449023212523113	0.11263820269431159	1	0.05814797056908046	0.12487651724628623	0.0008179015890230145	unsupported	True	0.0017027695536637	0.0017027695536637
TPP1	chr11:6667613-6668114	12	0.05679976303160471	0.10703056826428696	1	0.05023080523268225	0.12738676423026146	0.0006848607508976667	unsupported	True	0.0015713121096708	0.0015713121096708
TPP1	chr11:6568388-6568889	13	0.04001000444396079	0.06333708546202742	4	0.02332708101806663	0.06339234703130373	9.366024811644012e-05	unsupported	True	0.0013953208934793	0.0013953208934793
TPP1	chr11:6596218-6596719	14	0.07109862143589685	0.10439661174771367	4	0.03329799031181682	0.10588187753466657	0.0003680663038526346	unsupported	True	0.0012751253779234	0.0012751253779234
TPP1	chr11:6647208-6647709	15	0.0584410438313629	0.0910187732611114	1	0.03257772942974849	0.07970678331307002	0.00023634535575370135	unsupported	True	0.0012579228679296	0.0012579228679296
TPP1	chr11:6587493-6587994	16	0.060998220941466265	0.09727443602031936	4	0.0362762150788531	0.093141709101644	0.00032867365349590596	unsupported	True	0.001157343725538	0.001157343725538
TPP1	chr11:6473772-6474273	17	0.007367360964479009	0.050520839978155666	1	0.04315347901367666	0.052903377331032134	0.00011533729849828566	unsupported	True	0.0008351568370635	0.0008351568370635
TPP1	chr11:6655656-6656157	18	0.0016967589923889926	0.0452824378728966	2	0.04358567888050761	0.04211466278220628	8.312026944561449e-05	unsupported	True	0.0007383658788957	-0.0007383658788957
TPP1	chr11:6612719-6613220	19	0.004091172676928831	0.04350959730719695	2	0.03941842463026812	0.040788955952909906	6.995631368972275e-05	unsupported	True	0.0006519454768425	0.0006519454768425
SEC14L5	chr16:4937084-4937585	0	-0.013105731576098031	0.0	2	0.013105731576098031	0.017235448222254455	0.0	unsupported	True	0.007901860421193	0.007901860421193
SEC14L5	chr16:4832961-4833462	1	-0.01330204365581566	0.0	2	0.01330204365581566	0.01630609902332328	0.0	unsupported	True	0.005504491645901	0.005504491645901
SEC14L5	chr16:4923854-4924355	2	-0.012022378752436415	0.0	2	0.012022378752436415	0.021093806970789296	0.0	unsupported	True	0.0054893257492163	0.0054893257492163
SEC14L5	chr16:4957937-4958438	3	-0.024329179992655332	0.0	2	0.024329179992655332	0.028062853109224746	0.0	unsupported	True	0.0042368797112793	0.0042368797112793
SEC14L5	chr16:4987876-4988377	4	-0.004913539079158715	0.006880667152215123	4	0.011794206231373838	0.015937886139741585	1.2933914539951392e-06	unsupported	True	0.0037262325331947	0.0037262325331947
SEC14L5	chr16:5033658-5034159	5	-0.024320229622904657	0.0	2	0.024320229622904657	0.026264040545016108	0.0	unsupported	True	0.0028340218286899	0.0028340218286899
SEC14L5	chr16:4888951-4889452	6	-0.025512973978727614	0.0	2	0.025512973978727614	0.022514883010745133	0.0	unsupported	True	0.0027747759642801	0.0027747759642801
SEC14L5	chr16:5061242-5061743	7	-0.013918540550663978	0.0	2	0.013918540550663978	0.0178283438489846	0.0	unsupported	True	0.0018832799468703	0.0018832799468703
SEC14L5	chr16:5098389-5098890	8	-0.028972826056144353	0.0	2	0.028972826056144353	0.027695454640619628	0.0	unsupported	True	0.0018397789979694	-0.0018397789979694
SEC14L5	chr16:4847152-4847653	9	-0.02776162615472416	0.0	2	0.02776162615472416	0.02100238125383682	0.0	unsupported	True	0.0014918390972085	-0.0014918390972085
SEC14L5	chr16:5097669-5098170	10	-0.03025271888884727	0.0	2	0.03025271888884727	0.029403995627244536	0.0	unsupported	True	0.0010852979053846	-0.0010852979053846
SEC14L5	chr16:4943304-4943805	11	-0.025116834804470477	0.0	2	0.025116834804470477	0.02604611891250751	0.0	unsupported	True	0.0008331556991133	0.0008331556991133
SEC14L5	chr16:5166263-5166764	12	-0.004810993371721851	0.026843076722535702	0	0.03165407009425755	0.03810359045912745	3.237634007046437e-05	unsupported	True	0.0008206224178793	0.0008206224178793
SEC14L5	chr16:5092175-5092676	13	-0.02538285711766854	0.0	2	0.02538285711766854	0.029426500772015553	0.0	unsupported	True	0.0007903733625313	-0.0007903733625313
SEC14L5	chr16:5071581-5072082	14	-0.026368478155613828	0.0	2	0.026368478155613828	0.023532109530647695	0.0	unsupported	True	0.0006636516220787	-0.0006636516220787
SEC14L5	chr16:4892342-4892843	15	-0.020922366064475974	0.0	2	0.020922366064475974	0.02710505449830767	0.0	unsupported	True	0.0005020616718034	-0.0005020616718034
SEC14L5	chr16:5145281-5145782	16	-0.010266169296518003	0.01464260609172264	4	0.024908775388240642	0.02789115329342834	1.0172723222159872e-05	unsupported	True	0.0004790686354836	0.0004790686354836
SEC14L5	chr16:5035323-5035824	17	-0.01936693907312291	0.0	2	0.01936693907312291	0.03193260370021658	0.0	unsupported	True	0.0002670253831722	-0.0002670253831722
SEC14L5	chr16:4834073-4834574	18	-0.01705104115909648	0.0	2	0.01705104115909648	0.020912236508175683	0.0	unsupported	True	0.0001919602059856	0.0001919602059856
SEC14L5	chr16:4944722-4945223	19	-0.01463901262677529	0.0	2	0.01463901262677529	0.02828203462947911	0.0	unsupported	True	0.0001437625656877	-0.0001437625656877
DSE	chr6:116229214-116229715	0	0.015314272372574026	0.034597568503204064	5	0.01928329613063004	0.0236684930032528	1.5790557209255237e-05	unsupported	True	0.0069162626168038	0.0069162626168038
DSE	chr6:116370647-116371148	1	-0.03542805068347282	0.05672267743526789	2	0.09215072811874071	0.08076528698554365	0.00042216306476440367	unsupported	True	0.0064574835138665	-0.0064574835138665
DSE	chr6:116279727-116280228	2	0.017428298161061766	0.04524531429718229	5	0.02781701613612052	0.022450495222422734	2.825596065240797e-05	unsupported	True	0.0055101709977931	0.0055101709977931
DSE	chr6:116371464-116371965	3	-0.03140186918112614	0.03812721574509698	2	0.06952908492622312	0.056003389631266665	0.00014846220935074686	unsupported	True	0.0041790033255523	-0.0041790033255523
DSE	chr6:116268446-116268947	4	0.012153026641239248	0.05005175335125234	5	0.03789872671001309	0.06677577623103678	0.0001266668177917998	unsupported	True	0.0030863338556962	0.0030863338556962
DSE	chr6:116265134-116265635	5	-0.006179534800492529	0.05468046002422648	4	0.06085999482471901	0.04340201589619029	0.00014443550771661023	unsupported	True	0.0025843434674127	-0.0025843434674127
DSE	chr6:116571075-116571576	6	0.012842494800361872	0.037844485981038296	5	0.025001991180676426	0.019469672477545837	1.8421960819539764e-05	unsupported	True	0.0021798669577111	0.0021798669577111
DSE	chr6:116461960-116462461	7	0.013029241458184895	0.04065213489876951	5	0.027622893440584613	0.028329461463446025	3.1811990558561e-05	unsupported	True	0.0020723540240944	0.0020723540240944
DSE	chr6:116218084-116218585	8	0.004533083957685821	0.06390741672122663	2	0.05937433276354081	0.06743610070395792	0.00025588360194901504	unsupported	True	0.0017264157236327	0.0017264157236327
DSE	chr6:116253341-116253842	9	0.011332044393047754	0.03813668028733535	5	0.026804635894287596	0.026606425074587638	2.7198147427032018e-05	unsupported	True	0.0015007746630375	0.0015007746630375
DSE	chr6:116253884-116254385	10	0.012842199500738167	0.038465720223333576	5	0.02562352072259541	0.021360173515721885	2.1053167570637338e-05	unsupported	True	0.0014655950584111	0.0014655950584111
DSE	chr6:116486584-116487085	11	-0.007828940857724422	0.021149970002378074	3	0.028978910860102496	0.030779748589104518	1.8865003185672974e-05	unsupported	True	0.0013823691926567	0.0013823691926567
DSE	chr6:116536099-116536600	12	-0.0030292995309060453	0.031887366450104065	5	0.03491666598101011	0.04212401432170925	4.690089959149304e-05	unsupported	True	0.0008331796344253	-0.0008331796344253
DSE	chr6:116531909-116532410	13	-0.016361959945850293	0.06251773884544531	2	0.07887969879129561	0.07296273982912965	0.0003598070257979623	unsupported	True	0.0008178146591819	-0.0008178146591819
DSE	chr6:116402170-116402671	14	0.010045231939805022	0.017433082376816518	1	0.007387850437011496	0.021328363009040924	2.7469439691257383e-06	unsupported	True	0.0006543483280017	0.0006543483280017
DSE	chr6:116564801-116565302	15	0.007529806808206868	0.04315419189599552	4	0.03562438508778865	0.041166415011076755	6.328684027158067e-05	unsupported	True	0.0005497063241943	0.0005497063241943
DSE	chr6:116287607-116288108	16	0.012698367775587515	0.055979000677906544	2	0.04328063290231903	0.047705893560865464	0.00011558215275626114	unsupported	True	0.0005265916335079	-0.0005265916335079
DSE	chr6:116497309-116497810	17	0.00816392031111751	0.08807105528962897	1	0.07990713497851146	0.09884384591948081	0.0006956141293379463	unsupported	True	0.0004057705647428	0.0004057705647428
DSE	chr6:116532785-116533286	18	0.0001407683940685658	0.05851074930730805	5	0.05836998091323948	0.09248353167076384	0.000315856353314006	unsupported	True	0.000380224661566	0.000380224661566
DSE	chr6:116561337-116561838	19	0.027605982745223565	0.055908279829515205	2	0.02830229708429164	0.03577166164496311	5.6602671571277875e-05	unsupported	True	0.0002139848215364	0.0002139848215364
TIAL1	chr10:119445250-119445751	0	0.0024454905585921485	0.03224965798600836	4	0.02980416742741621	0.03465692170180474	3.331133920232143e-05	unsupported	True	0.007618640357569	0.007618640357569
TIAL1	chr10:119448664-119449165	1	-0.011577890105737001	0.013574601846212732	0	0.025152491951949733	0.029529489120415427	1.0082402998496877e-05	unsupported	True	0.0068457619868167	0.0068457619868167
TIAL1	chr10:119686433-119686934	2	0.004071829589325297	0.022677473538458007	0	0.01860564394913271	0.010662416936156693	4.49878289756869e-06	unsupported	True	0.0066847921194997	0.0066847921194997
TIAL1	chr10:119425100-119425601	3	-0.027297109120600953	-0.001311393549428831	3	0.025985715571172123	0.028294334781890897	0.0	unsupported	True	0.0053297509566884	0.0053297509566884
TIAL1	chr10:119643813-119644314	4	-0.007068585161754468	0.03583976824028697	4	0.04290835340204144	0.040671184763032615	6.254518266459948e-05	unsupported	True	0.0026452990233798	0.0026452990233798
TIAL1	chr10:119627415-119627916	5	0.0017076464383261717	0.039900948272414874	0	0.0381933018340887	0.05339398672242318	8.136971058045865e-05	unsupported	True	0.0020326081886127	0.0020326081886127
TIAL1	chr10:119726186-119726687	6	0.004938911798175088	0.05637549450964502	4	0.05143658271146993	0.05125848299262252	0.00014863744146139825	unsupported	True	0.001856033224408	-0.001856033224408
TIAL1	chr10:119543151-119543652	7	-0.00409415371589886	0.029326176762269104	4	0.03342033047816796	0.05406323575416401	5.298686479215649e-05	unsupported	True	0.0018249886215909	0.0018249886215909
TIAL1	chr10:119667932-119668433	8	-0.013497663491319752	0.013007873815884278	0	0.02650553730720403	0.049992139145613214	1.7236323964958242e-05	unsupported	True	0.0011203265813126	0.0011203265813126
TIAL1	chr10:119651044-119651545	9	0.007154960981181824	0.051960113767651944	4	0.04480515278647012	0.059636941762141994	0.00013883962124375292	unsupported	True	0.0009991662008402	-0.0009991662008402
TIAL1	chr10:119620354-119620855	10	6.674895472528889e-05	0.0350115300041467	3	0.03494478104942141	0.05451725056037886	6.670023418333125e-05	unsupported	True	0.0009519953659422	-0.0009519953659422
TIAL1	chr10:119535250-119535751	11	-0.0003286689303241973	0.026251147314814538	3	0.026579816245138735	0.035354944424974416	2.4668936225810275e-05	unsupported	True	0.0008406765557449	0.0008406765557449
TIAL1	chr10:119706645-119707146	12	-0.016581923042208284	0.014539329437467382	4	0.031121252479675666	0.04171782158610081	1.887656928372698e-05	unsupported	True	0.0008312215047918	0.0008312215047918
TIAL1	chr10:119743010-119743511	13	-0.009136939973638092	0.013190394695687882	1	0.022327334669325974	0.011416741668454558	3.3623029952019876e-06	unsupported	True	0.0007237160598246	0.0007237160598246
TIAL1	chr10:119596246-119596747	14	0.0013163511818070437	0.03965794881156196	3	0.03834159762975492	0.030976257832754636	4.710092146936358e-05	unsupported	True	0.0006292027477919	-0.0006292027477919
TIAL1	chr10:119633912-119634413	15	0.016827745765198774	0.05789511863922836	4	0.04106737287402959	0.0675850512726961	0.0001606902466122648	unsupported	True	0.000594122535218	-0.000594122535218
TIAL1	chr10:119596834-119597335	16	0.0008378346561815932	0.02589431683272771	4	0.025056482176546116	0.007411522781633602	4.808747829433648e-06	unsupported	True	0.0005277901658041	-0.0005277901658041
TIAL1	chr10:119542581-119543082	17	9.14725866273021e-05	0.05017257180885312	3	0.05008109922222582	0.06110759226603167	0.00015354489718953206	unsupported	True	0.0005011504818684	0.0005011504818684
TIAL1	chr10:119516537-119517038	18	-0.015340605452733474	0.04649953678849941	3	0.06184014224123289	0.07859545843853127	0.0002260042249429239	unsupported	True	0.0004478736908254	0.0004478736908254
TIAL1	chr10:119460768-119461269	19	0.008839451102594946	0.053887944845680956	4	0.04504849374308601	0.05226766574422817	0.0001268834563332884	unsupported	True	0.0004239850914922	-0.0004239850914922
FGD2	chr6:37029210-37029711	0	-0.007408774567111709	0.0	0	0.007408774567111709	0.0	0.0	unsupported	True	0.008627607082267	0.008627607082267
FGD2	chr6:37169177-37169678	1	-0.015554681802254347	0.0	0	0.015554681802254347	0.0	0.0	unsupported	True	0.0066031705687882	0.0066031705687882
FGD2	chr6:37059193-37059694	2	-0.007864084230339212	0.0	0	0.007864084230339212	0.0	0.0	unsupported	True	0.005545464087186	0.005545464087186
FGD2	chr6:37103413-37103914	3	-0.012710563669204075	0.0	0	0.012710563669204075	0.0	0.0	unsupported	True	0.0032355021312447	0.0032355021312447
FGD2	chr6:36986496-36986997	4	-0.01660240663259579	0.0	0	0.01660240663259579	0.0	0.0	unsupported	True	0.0025493424712964	-0.0025493424712964
FGD2	chr6:37125717-37126218	5	-0.001971129496918882	0.0	0	0.001971129496918882	0.0	0.0	unsupported	True	0.0025364398309381	0.0025364398309381
FGD2	chr6:36991706-36992207	6	-0.007811172353537017	0.0	0	0.007811172353537017	0.0	0.0	unsupported	True	0.0017839540068388	0.0017839540068388
FGD2	chr6:36963886-36964387	7	0.0044123936781481745	0.0	0	-0.0044123936781481745	0.0	0.0	unsupported	True	0.001437733755375	0.001437733755375
FGD2	chr6:37102444-37102945	8	-0.008079700449282174	0.0	0	0.008079700449282174	0.0	0.0	unsupported	True	0.0014374969411184	-0.0014374969411184
FGD2	chr6:37170602-37171103	9	-0.005533685955231695	0.0	0	0.005533685955231695	0.0	0.0	unsupported	True	0.0012380429908643	0.0012380429908643
FGD2	chr6:37131347-37131848	10	0.00187491515115755	0.0	0	-0.00187491515115755	0.0	0.0	unsupported	True	0.0010571921601759	0.0010571921601759
FGD2	chr6:37051368-37051869	11	-0.010971679566388635	0.0	0	0.010971679566388635	0.0	0.0	unsupported	True	0.0010146266530836	0.0010146266530836
FGD2	chr6:37110150-37110651	12	-0.009966165133296966	0.0	0	0.009966165133296966	0.0	0.0	unsupported	True	0.0010010952518639	0.0010010952518639
FGD2	chr6:36984836-36985337	13	-0.013197668464315911	0.0	0	0.013197668464315911	0.0	0.0	unsupported	True	0.0008974811681156	0.0008974811681156
FGD2	chr6:36907731-36908232	14	-0.001530411924278986	0.0	0	0.001530411924278986	0.0	0.0	unsupported	True	0.0008462317439823	0.0008462317439823
FGD2	chr6:37141501-37142002	15	-0.014982269192430026	0.0	0	0.014982269192430026	0.0	0.0	unsupported	True	0.0007749464043769	-0.0007749464043769
FGD2	chr6:36945416-36945917	16	0.009858371872421768	0.0	0	-0.009858371872421768	0.0	0.0	unsupported	True	0.0007633897306387	0.0007633897306387
FGD2	chr6:36874769-36875270	17	-0.021143399519030288	0.0	0	0.021143399519030288	0.0	0.0	unsupported	True	0.0007322163876104	-0.0007322163876104
FGD2	chr6:37018586-37019087	18	-0.018564118616973335	0.0	0	0.018564118616973335	0.0	0.0	unsupported	True	0.0006706355979801	-0.0006706355979801
FGD2	chr6:36962886-36963387	19	-0.016156336974528902	0.0	0	0.016156336974528902	0.0	0.0	unsupported	True	0.0006699792502994	0.0006699792502994
CFAP65	chr2:219060468-219060969	0	0.056402772238622285	0.0801442067924845	4	0.02374143455386222	0.0801442067924845	0.00015249346304222977	unsupported	True	0.0097658862265829	0.0097658862265829
CFAP65	chr2:219017482-219017983	1	0.034210601806586055	0.05276747358184397	4	0.018556871775257916	0.06254617310766669	6.12451652446511e-05	unsupported	True	0.0080495972071879	0.0080495972071879
CFAP65	chr2:219160317-219160818	2	0.031419371410757325	0.053367601395871475	3	0.02194822998511415	0.022872069566760123	2.6790612914807608e-05	unsupported	True	0.0037858104253428	0.0037858104253428
CFAP65	chr2:219176726-219177227	3	0.036219259447136776	0.06745833707344466	3	0.031239077626307885	0.060781201062989794	0.0001280864270044254	unsupported	True	0.0029722980150692	0.0029722980150692
CFAP65	chr2:219154971-219155472	4	0.031175045173809163	0.07800974123938752	3	0.04683469606557836	0.07337344490435743	0.0002680744683466389	unsupported	True	0.0018149149062592	0.0018149149062592
CFAP65	chr2:218959325-218959826	5	0.022323370961999142	0.060709884331596416	3	0.038386513369597274	0.03913952196379439	9.121233835094727e-05	unsupported	True	0.0016996672341524	-0.0016996672341524
CFAP65	chr2:219087293-219087794	6	0.018985544464271347	0.04281477763619936	4	0.023829233171928015	0.05259337514560664	5.365803964211755e-05	unsupported	True	0.0016980438835971	0.0016980438835971
CFAP65	chr2:218896853-218897354	7	0.011094889159651844	0.07045899658613161	0	0.05936410742647977	0.0600704518746179	0.00025125880810302024	unsupported	True	0.0016970784279905	-0.0016970784279905
CFAP65	chr2:218963108-218963609	8	0.03020648605324283	0.08596004178676504	0	0.05575355573352221	0.07075417574539919	0.00033909490471391475	unsupported	True	0.0015083612056327	-0.0015083612056327
CFAP65	chr2:218908836-218909337	9	0.018533589348724958	0.04337530183168045	0	0.024841712482955493	0.025821386471899365	2.782297712794332e-05	unsupported	True	0.0014635952851531	-0.0014635952851531
CFAP65	chr2:219109306-219109807	10	0.01383912207792323	0.029642016492553196	2	0.015802894414629967	0.029642016492553196	1.3885199614498245e-05	unsupported	True	0.0013947369295698	0.0013947369295698
CFAP65	chr2:219073331-219073832	11	0.03419379815041882	0.04183386073091769	2	0.007640062580498867	0.027353918133093402	8.74267642452968e-06	unsupported	True	0.0012614047064242	0.0012614047064242
CFAP65	chr2:218876562-218877063	12	0.006496359146340455	0.06285864189689942	0	0.05636228275055897	0.06285864189689942	0.0002226991510371083	unsupported	True	0.0011916946829471	-0.0011916946829471
CFAP65	chr2:218979972-218980473	13	0.011817198122017687	0.03581054777112023	2	0.02399334964910254	0.014920113453304969	1.2819585188252512e-05	unsupported	True	0.0011525170127092	-0.0011525170127092
CFAP65	chr2:218898126-218898627	14	0.005264159293998285	0.08500645428032948	3	0.07974229498633119	0.08506677020229765	0.0005766344381464514	unsupported	True	0.0007661094595416	-0.0007661094595416
CFAP65	chr2:219119371-219119872	15	0.02813809053849987	0.04917462035006812	4	0.021036529811568252	0.0388052066645881	4.014256474209072e-05	unsupported	True	0.0007580249110691	-0.0007580249110691
CFAP65	chr2:218981750-218982251	16	0.022385303417565394	0.08809916529472674	3	0.06571386187716134	0.07537272078811988	0.0004363580344934379	unsupported	True	0.0007417662575822	-0.0007417662575822
CFAP65	chr2:219114693-219115194	17	-0.00029227082170958906	0.04050938170497842	1	0.040801652526688006	0.04050938170497842	6.695592006251173e-05	unsupported	True	0.0006195843979351	0.0006195843979351
CFAP65	chr2:218871588-218872089	18	0.003179440158927441	0.09184819042006823	3	0.08866875026114078	0.10757263952266116	0.0008760784887069281	unsupported	True	0.0005385812771986	-0.0005385812771986
CFAP65	chr2:218873172-218873673	19	0.0060142242757427146	0.06836301388235894	0	0.062348789606616224	0.07200056026889873	0.0003068916722614232	unsupported	True	0.0005382532524048	-0.0005382532524048
ACO1	chr9:32251401-32251902	0	0.026276439532648407	0.10912960851074345	4	0.08285316897809504	0.11906265460853561	0.0010765328397376647	unsupported	True	0.009689167014171	0.009689167014171
ACO1	chr9:32581455-32581956	1	-0.005192374159709878	0.04230700480694028	5	0.04749937896665016	0.05176700448206592	0.00010402871797509469	unsupported	True	0.0043494436705168	0.0043494436705168
ACO1	chr9:32550754-32551255	2	0.0017687703268101332	0.04075275933217092	1	0.03898398900536079	0.035071434721935	5.571816796962976e-05	unsupported	True	0.0041362041044045	-0.0041362041044045
ACO1	chr9:32572944-32573445	3	-0.0032847027395883806	0.03973967165750187	1	0.043024374397090254	0.05569194007510557	9.522065965365407e-05	unsupported	True	0.003702149615692	-0.003702149615692
ACO1	chr9:32602220-32602721	4	0.01950423426730235	0.13531606947765062	4	0.11581183521034827	0.15272269278719142	0.00239334822052546	unsupported	True	0.0032003323792433	0.0032003323792433
ACO1	chr9:32525982-32526483	5	0.0032412074707209837	0.024404916574875802	1	0.02116370910415482	0.03773391914736065	1.948951471794135e-05	unsupported	True	0.0027846707523213	0.0027846707523213
ACO1	chr9:32572189-32572690	6	0.011770024220949213	0.030042478499624378	1	0.018272454278675167	0.014686307849562983	8.062045974149634e-06	unsupported	True	0.0022379180219059	0.0022379180219059
ACO1	chr9:32336850-32337351	7	0.005593983401791029	0.042473782999032955	4	0.03687979959724193	0.030826441490696233	4.828729643996835e-05	unsupported	True	0.0022313874222966	0.0022313874222966
ACO1	chr9:32552078-32552579	8	0.00030253866441059765	0.041036714541103685	1	0.040734175876693084	0.045372740693322505	7.584492576897934e-05	unsupported	True	0.0019636937449227	-0.0019636937449227
ACO1	chr9:32341253-32341754	9	0.027474586174195754	0.10187631308659412	4	0.07440172691239837	0.09496139261958264	0.0007197858591817012	unsupported	True	0.0019123684997721	0.0019123684997721
ACO1	chr9:32348826-32349327	10	-0.012491924564655194	0.018552206901584833	5	0.03104413146624003	0.04158223438362771	2.394875356327191e-05	unsupported	True	0.001168555142858	0.001168555142858
ACO1	chr9:32378449-32378950	11	-0.012494474526445547	0.03994952313629618	5	0.05244399766274173	0.05195327395339405	0.00010884796396178244	unsupported	True	0.0010749253363371	0.0010749253363371
ACO1	chr9:32292954-32293455	12	-0.022664839849338293	0.030855255823650507	5	0.0535200956729888	0.06431027233762285	0.00010620045596399098	unsupported	True	0.001019498389819	-0.001019498389819
ACO1	chr9:32260121-32260622	13	-0.015749712782987278	0.06820529078580255	5	0.08395500356878982	0.09329116024378817	0.0005342015497484738	unsupported	True	0.0008448136590554	-0.0008448136590554
ACO1	chr9:32588998-32589499	14	0.012906557570857477	0.06116497455479496	4	0.04825841698393748	0.04549473616482497	0.00013428794313983752	unsupported	True	0.0006292775011808	0.0006292775011808
ACO1	chr9:32319519-32320020	15	-0.014398964148941944	0.0622042043272736	4	0.07660316847621555	0.09562831997796735	0.00045567268797103085	unsupported	True	0.0005745378817025	-0.0005745378817025
ACO1	chr9:32379231-32379732	16	0.0013264054902723341	0.024263764281916612	1	0.022937358791644276	0.009477237820462999	5.274525121062646e-06	unsupported	True	0.0005500323837219	0.0005500323837219
ACO1	chr9:32267823-32268324	17	-0.02850639195100953	0.020896656120425117	5	0.04940304807143465	0.05181999279775626	5.3496810389648735e-05	unsupported	True	0.0005472214868071	-0.0005472214868071
ACO1	chr9:32345250-32345751	18	-0.011279258930050037	0.03206663712308649	5	0.043345896053136525	0.05492451878097107	7.634272591532394e-05	unsupported	True	0.00043185108978	-0.00043185108978
ACO1	chr9:32419851-32420352	19	-0.026176606297253695	-0.011482911985948618	5	0.014693694311305077	0.010880133684726777	0.0	unsupported	True	0.000361835116425	0.000361835116425
ZXDC	chr3:126487185-126487686	0	0.009308427302669361	0.08229432793183701	2	0.07298590062916765	0.0763808245888051	0.00045876810519144515	unsupported	True	0.0059932587961548	0.0059932587961548
ZXDC	chr3:126287357-126287858	1	-0.010777174383597682	0.017470438191386897	2	0.02824761257498458	0.04350691967435254	2.1470585221856573e-05	unsupported	True	0.0048091822056171	0.0048091822056171
ZXDC	chr3:126524061-126524562	2	0.0012440652696899814	0.0471020440221928	2	0.04585797875250282	0.0547273213902035	0.00011821126233482748	unsupported	True	0.0038529571942485	0.0038529571942485
ZXDC	chr3:126342768-126343269	3	-0.013791567076445363	0.0008075989240030403	1	0.014599166000448404	0.018325367634005687	2.1606104605875915e-07	unsupported	True	0.0030045340221502	0.0030045340221502
ZXDC	chr3:126338996-126339497	4	-0.00552419552663554	0.011944008180268764	1	0.017468203706904304	0.024880834170523097	5.191146396735158e-06	unsupported	True	0.0028704064438703	0.0028704064438703
ZXDC	chr3:126389153-126389654	5	0.002721131774472495	0.07329414339802308	2	0.07057301162355058	0.089480004168316	0.0004628432346323383	unsupported	True	0.002261709799167	0.002261709799167
ZXDC	chr3:126522198-126522699	6	0.017753032262952273	0.1060821141981472	2	0.08832908193519493	0.12251693207227807	0.0011480002860320795	unsupported	True	0.0020756717622915	-0.0020756717622915
ZXDC	chr3:126508896-126509397	7	0.001072551057599292	0.085806667989215	2	0.08473411693161571	0.11463037318056163	0.0008334490424497113	unsupported	True	0.0020645188117921	0.0020645188117921
ZXDC	chr3:126356606-126357107	8	-0.002880569452280031	0.033184527437392836	2	0.03606509688967287	0.04325219303351219	5.176436291134195e-05	unsupported	True	0.0018681868009318	0.0018681868009318
ZXDC	chr3:126511932-126512433	9	0.00035836507676748064	0.06176248126015518	2	0.0614041161833877	0.07719902158395131	0.0002927750177815511	unsupported	True	0.0018089491330999	0.0018089491330999
ZXDC	chr3:126583700-126584201	10	0.01412087166609549	0.04357687867706574	2	0.029456007010970252	0.04639731990044652	5.955563897556379e-05	unsupported	True	0.0016601551154241	-0.0016601551154241
ZXDC	chr3:126475762-126476263	11	0.011381164537284164	0.06044055408545981	2	0.04905938954817565	0.060224555439153726	0.00017857644779637353	unsupported	True	0.0016174109680162	-0.0016174109680162
ZXDC	chr3:126357275-126357776	12	0.002604899041732835	0.055754061373421274	2	0.05314916233168844	0.07126305556979078	0.00021117250550481916	unsupported	True	0.0014471764840396	0.0014471764840396
ZXDC	chr3:126355781-126356282	13	-0.009353913736670796	0.00707344122404966	1	0.016427354960720456	0.027890271137606108	3.240791767227766e-06	unsupported	True	0.0013653440371985	0.0013653440371985
ZXDC	chr3:126567924-126568425	14	0.000924609639782374	0.06536299842624643	2	0.06443838878646406	0.08149779881431701	0.00034325946270058716	unsupported	True	0.0012975812025077	0.0012975812025077
ZXDC	chr3:126375966-126376467	15	0.011013979416642374	0.05628959784108777	2	0.0452756184244454	0.04809729826713459	0.00012257819409356224	unsupported	True	0.0011840941414055	0.0011840941414055
ZXDC	chr3:126454796-126455297	16	-0.011355660305073472	0.02101100665877063	2	0.032366666963844104	0.029601612741365038	2.013076190579953e-05	unsupported	True	0.0011753127344052	0.0011753127344052
ZXDC	chr3:126446859-126447360	17	-0.029706038575296464	0.038737173060818586	2	0.06844321163611505	0.06652333636072677	0.00017637309112240776	unsupported	True	0.0011156647349988	0.0011156647349988
ZXDC	chr3:126513024-126513525	18	0.019887933773094196	0.08848472223749086	2	0.06859678846439667	0.07771415625915457	0.00047170688121868744	unsupported	True	0.0010034266777851	0.0010034266777851
ZXDC	chr3:126394617-126395118	19	0.007013392270092207	0.053596246578029326	2	0.04658285430793712	0.0605920738098949	0.0001512781793847742	unsupported	True	0.0009325062159976	0.0009325062159976
CCDC125	chr5:69332555-69333056	0	0.0018314649513079691	0.03362214078772692	4	0.03179067583641895	0.03215624825954527	3.4370867686292565e-05	unsupported	True	0.0159181191539727	0.0159181191539727
CCDC125	chr5:69280321-69280822	1	0.007999797195342745	0.1836137213793695	4	0.17561392418402674	0.19307045417433594	0.0062255811498134125	unsupported	True	0.007551840177304	0.007551840177304
CCDC125	chr5:69234574-69235075	2	0.00634552569237855	0.06684241495936778	1	0.060496889266989234	0.07051340664795185	0.0002851391646597886	unsupported	True	0.0066988152017517	0.0066988152017517
CCDC125	chr5:69318782-69319283	3	0.01106055884980666	0.11438719465965452	1	0.10332663580984786	0.12722853930910583	0.00150374515035516	unsupported	True	0.0019988392514731	0.0019988392514731
CCDC125	chr5:69414804-69415305	4	0.01902207060857778	0.0992455861846787	1	0.08022351557610091	0.11187700403649367	0.0008907456679332245	unsupported	True	0.0019630733445067	0.0019630733445067
CCDC125	chr5:69369537-69370038	5	0.006923422924215329	0.06634616986928282	4	0.059422746945067495	0.07466938774150433	0.000294381945258232	unsupported	True	0.0015521566950499	-0.0015521566950499
CCDC125	chr5:69263064-69263565	6	-0.02475536940721864	-0.001803881664066116	1	0.022951487743152525	0.01571177376154443	0.0	unsupported	True	0.0013730582941823	0.0013730582941823
CCDC125	chr5:69166772-69167273	7	0.002567516184041651	0.056415649770124705	4	0.053848133586083057	0.06071330465101079	0.0001844395788208797	unsupported	True	0.0011577149067973	-0.0011577149067973
CCDC125	chr5:69468508-69469009	8	0.02317169927443301	0.07707708947102995	2	0.053905390196596945	0.05163506628752575	0.00021453701797724152	unsupported	True	0.0009793203536227	-0.0009793203536227
CCDC125	chr5:69217482-69217983	9	-0.0016861840678272272	0.06483876613027072	4	0.06652495019809794	0.0717448255071013	0.0003094638209587253	unsupported	True	0.0009368394224108	-0.0009368394224108
CCDC125	chr5:69218037-69218538	10	0.0039835831603862205	0.07733348893895706	4	0.07334990577857084	0.08652177289944206	0.0004907864616875124	unsupported	True	0.0007239934132591	0.0007239934132591
CCDC125	chr5:69189273-69189774	11	0.005365255808381588	0.060866291273213635	4	0.055501035464832045	0.06487109748348688	0.00021914379135737946	unsupported	True	0.0006137557607685	0.0006137557607685
CCDC125	chr5:69334671-69335172	12	0.016514949262480413	0.08573051149921314	1	0.06921556223673273	0.07953984155787523	0.00047198031680846216	unsupported	True	0.0005294847349469	0.0005294847349469
CCDC125	chr5:69360418-69360919	13	-0.004215144885951495	0.027056491330547147	5	0.031271636216498644	0.04288100732729832	3.628165263978472e-05	unsupported	True	0.0005157173236672	0.0005157173236672
CCDC125	chr5:69207834-69208335	14	-0.010967457516124764	0.10501460164550747	4	0.11598205916163223	0.12737168366166662	0.001551362873375225	unsupported	True	0.0004164747402936	0.0004164747402936
CCDC125	chr5:69300447-69300948	15	0.002106590470957404	0.06283801531821738	4	0.06073142484725998	0.06580860449179751	0.0002511415739038322	unsupported	True	0.0002720212857595	-0.0002720212857595
CCDC125	chr5:69270779-69271280	16	-0.013098585686094589	0.00870560657128665	5	0.021804192257381238	0.02367804772149377	4.494536696325788e-06	unsupported	True	0.0001454509456934	0.0001454509456934
CCDC125	chr5:69323586-69324087	17	0.004163103320144013	0.050479700756822815	1	0.046316597436678805	0.051541231989046324	0.00012050587327055191	unsupported	True	5.379498301368384e-05	-5.379498301368384e-05
HPSE	chr4:83334592-83335093	0	0.009294446303018976	0.05373886598920789	3	0.04444441968618892	0.05373886598920789	0.00012834951595952905	unsupported	True	0.0207683057543296	0.0207683057543296
HPSE	chr4:83484443-83484944	1	0.022182962993859332	0.08860707054894623	1	0.0664241075550869	0.08860707054894623	0.0005215098135127798	unsupported	True	0.0059911644041367	-0.0059911644041367
HPSE	chr4:83484951-83485452	2	0.01592524342634027	0.07273919748641444	1	0.05681395406007417	0.07273919748641444	0.00030060211113914603	unsupported	True	0.0051734872347718	-0.0051734872347718
HPSE	chr4:83260483-83260984	3	0.000788675938254821	0.03788854840584817	3	0.037099872467593345	0.03788854840584817	5.325842884307642e-05	unsupported	True	0.002816116803063	0.002816116803063
HPSE	chr4:83359914-83360415	4	0.005997243324652312	0.04619778037094454	3	0.04020053704629223	0.04619778037094454	8.579738961326737e-05	unsupported	True	0.0020353685907445	0.0020353685907445
HPSE	chr4:83240529-83241030	5	-0.0004011543826116133	0.04332625510302297	3	0.04372740948563458	0.04332625510302297	8.208353557086388e-05	unsupported	True	0.0017810059389699	0.0017810059389699
HPSE	chr4:83219400-83219901	6	0.003084597822831003	0.027344154568929135	3	0.024259556746098133	0.027344154568929135	1.8138938241132283e-05	unsupported	True	0.0015591498062188	0.0015591498062188
HPSE	chr4:83455674-83456175	7	0.01229491172557104	0.058706455772888876	1	0.046411544047317836	0.058706455772888876	0.00015995497081102342	unsupported	True	0.0009804949477265	0.0009804949477265
HPSE	chr4:83340576-83341077	8	0.0025764578621175122	0.010682024566021868	3	0.008105566703904356	0.010682024566021868	9.248909478765129e-07	unsupported	True	0.0009354225059928	0.0009354225059928
HPSE	chr4:83389223-83389724	9	-0.0023915625016809874	0.04081610652445063	3	0.043207669026131615	0.04081610652445063	7.198201288741296e-05	unsupported	True	0.0006559945348737	0.0006559945348737
HPSE	chr4:83284547-83285048	10	0.017346695420258344	0.07056285674541357	1	0.05321616132515523	0.07056285674541357	0.00026496948033514	unsupported	True	0.0003690758716923	-0.0003690758716923
HPSE	chr4:83256792-83257293	11	-0.0037868379977829066	0.013116276762758084	3	0.01690311476054099	0.013116276762758084	2.9079563555567875e-06	unsupported	True	0.0003230835453708	0.0003230835453708
HPSE	chr4:83408778-83409279	12	0.0014109398729692118	0.02457777927821856	3	0.02316683940524935	0.02457777927821856	1.3994328605815778e-05	unsupported	True	1.1609074967772164e-05	1.1609074967772164e-05
ERLEC1	chr2:53859787-53860288	0	-0.003804808602487343	0.04461526142617779	5	0.048420070028665135	0.03462425392037011	7.479787837363154e-05	unsupported	True	0.0088926174024977	0.0088926174024977
ERLEC1	chr2:53729082-53729583	1	-0.024845939420730257	0.017829456085642997	0	0.042675395506373254	0.04600289166439531	3.500263835241713e-05	unsupported	True	0.0063076177563443	0.0063076177563443
ERLEC1	chr2:53670278-53670779	2	-0.01539062803483045	0.012251678129268865	4	0.027642306164099316	0.04105626955935068	1.3904306662744017e-05	unsupported	True	0.0050194513446944	0.0050194513446944
ERLEC1	chr2:53767568-53768069	3	-0.025373662618100173	0.018196547853790556	0	0.04357021047189073	0.06626511410685046	5.253679944349856e-05	unsupported	True	0.0032809608339001	0.0032809608339001
ERLEC1	chr2:53786722-53787223	4	-0.020968297360956317	0.0227077986869016	5	0.04367609604785792	0.06367627071179532	6.315336095285843e-05	unsupported	True	0.0029965598798219	-0.0029965598798219
ERLEC1	chr2:53844161-53844662	5	-0.013043421719911219	0.019115698985449073	5	0.03215912070536029	0.045117215118335746	2.7735540495850748e-05	unsupported	True	0.0024604791425565	0.0024604791425565
ERLEC1	chr2:53727817-53728318	6	-0.0016368382115774331	0.043550518563857006	5	0.04518735677543444	0.049393428898247625	9.720294982614652e-05	unsupported	True	0.0019909233897739	0.0019909233897739
ERLEC1	chr2:53916321-53916822	7	-0.020755431794316766	0.02941987214340182	5	0.05017530393771859	0.07525341196012283	0.00011108540132038956	unsupported	True	0.0018254164598751	0.0018254164598751
ERLEC1	chr2:53829361-53829862	8	-0.029563529522494265	-0.004922441454840418	0	0.024641088067653846	0.01898856193785467	0.0	unsupported	True	0.0018157752862995	0.0018157752862995
ERLEC1	chr2:53740089-53740590	9	-0.025928806723296692	0.005136790056172751	5	0.03106559677946944	0.029463580173002372	4.7017229513909245e-06	unsupported	True	0.001746128784	0.001746128784
ERLEC1	chr2:53859241-53859742	10	-0.026123525769488263	0.02801595752167415	5	0.054139483291162416	0.06532938342305239	9.908961388656525e-05	unsupported	True	0.0014004721015795	0.0014004721015795
ERLEC1	chr2:53970823-53971324	11	-0.013865531485543012	0.023746059282467535	5	0.037611590768010544	0.046954081816188584	4.1935961239303484e-05	unsupported	True	0.0013269715918609	-0.0013269715918609
ERLEC1	chr2:53667713-53668214	12	-0.026475258636414225	0.038018657172090776	0	0.064493915808505	0.07583415976322859	0.00018594324205605878	unsupported	True	0.0012287604580633	0.0012287604580633
ERLEC1	chr2:53970112-53970613	13	-0.000262207741742667	0.03735556502265293	5	0.037617772764395596	0.0433972479175907	6.098325167498588e-05	unsupported	True	0.0006226124199427	0.0006226124199427
ERLEC1	chr2:53955024-53955525	14	0.01873835233004153	0.08040276528470666	5	0.06166441295466513	0.049717030937423703	0.0002464965084701713	unsupported	True	0.0006129570085455	-0.0006129570085455
ERLEC1	chr2:53749905-53750406	15	0.007448038693268766	0.06296644830073746	4	0.05551840960746869	0.08234245211380667	0.00028785250269507747	unsupported	True	0.0005844031966029	-0.0005844031966029
ERLEC1	chr2:53964489-53964990	16	-0.014000691986967987	0.050401246595146894	5	0.06440193858211488	0.06492865040178057	0.00021075437282810767	unsupported	True	0.0004916843019166	-0.0004916843019166
ERLEC1	chr2:53644003-53644504	17	-0.023530884181208345	0.02591962437142597	5	0.04945050855263432	0.05879132290702972	7.535510830657023e-05	unsupported	True	0.0002677906269239	-0.0002677906269239
ERLEC1	chr2:53660819-53661320	18	-0.02492514956366762	0.02321484841593492	0	0.04813999797960254	0.06418705371212113	7.173306063576091e-05	unsupported	True	0.0002659757427383	-0.0002659757427383
ERLEC1	chr2:53961631-53962132	19	0.022419184768674928	0.06129239697909362	5	0.03887321221041869	0.06933201055664191	0.00016519269156543522	unsupported	True	0.00024528277329	0.00024528277329
SIN3A	chr15:75347381-75347882	0	0.02815232385268859	0.058369108564470897	4	0.030216784711782307	0.0404359847837221	7.131802953436142e-05	unsupported	True	0.0073791590928039	0.0073791590928039
SIN3A	chr15:75367784-75368285	1	0.03712285634985406	0.06785683437465066	1	0.030733978024796604	0.038730856656959564	8.077360654739932e-05	unsupported	True	0.0057507612030255	0.0057507612030255
SIN3A	chr15:75579143-75579644	2	0.03616323766288093	0.06444425401254408	1	0.02828101634966315	0.03906520253729495	7.119824587268731e-05	unsupported	True	0.0049603716588863	0.0049603716588863
SIN3A	chr15:75451594-75452095	3	0.027008204858665848	0.05933105345574838	4	0.03232284859708253	0.045632844821887474	8.751232691586927e-05	unsupported	True	0.0044488720959354	-0.0044488720959354
SIN3A	chr15:75453863-75454364	4	0.027870742262713764	0.06400901826231813	4	0.03613827599960436	0.04874863886257859	0.00011276416041100572	unsupported	True	0.003405988487595	-0.003405988487595
SIN3A	chr15:75385839-75386340	5	-0.0005597709140055947	0.06285462611662292	5	0.06341439703062851	0.07837385898886236	0.00031238944096822314	unsupported	True	0.0028044137897118	0.0028044137897118
SIN3A	chr15:75368329-75368830	6	0.0175742761206259	0.04817949888662054	1	0.03060522276599464	0.04320146201966921	6.370246940769747e-05	unsupported	True	0.0026751279508466	-0.0026751279508466
SIN3A	chr15:75348005-75348506	7	0.04108901389988874	0.07236870267278213	4	0.03127968877289339	0.05241276236485735	0.00011864522380553376	unsupported	True	0.0024621790591274	0.0024621790591274
SIN3A	chr15:75531426-75531927	8	0.02803083629225536	0.0517513025816253	1	0.023720466289369944	0.020882907024866143	2.563512635335088e-05	unsupported	True	0.0021242433224183	0.0021242433224183
SIN3A	chr15:75532663-75533164	9	-0.0020437464941788497	0.03673362629942021	1	0.03877737279359906	0.03974738274053859	5.661750435055636e-05	unsupported	True	0.0019964887012074	0.0019964887012074
SIN3A	chr15:75542284-75542785	10	0.016696374192045223	0.051126362149011104	5	0.03442998795696588	0.04139660790127136	7.286962232559839e-05	unsupported	True	0.0012383297356822	0.0012383297356822
SIN3A	chr15:75306712-75307213	11	0.015148639274987536	0.047123072828818544	0	0.031974433553831005	0.033565849685033324	5.057479222450496e-05	unsupported	True	0.0011156443279895	0.0011156443279895
SIN3A	chr15:75375636-75376137	12	0.010312840579409831	0.028423331665837097	5	0.018110491086427268	0.018709116287714357	9.630713957173658e-06	unsupported	True	0.0008073776870545	0.0008073776870545
SIN3A	chr15:75387286-75387787	13	0.03354345416984511	0.06412813202633066	4	0.030584677856485554	0.03318081061045566	6.507879333361713e-05	unsupported	True	0.0007202930100077	0.0007202930100077
SIN3A	chr15:75578560-75579061	14	0.04229770468434477	0.07792014910650193	1	0.03562244442215716	0.040877864466698555	0.00011346494106272124	unsupported	True	0.0006194668400611	0.0006194668400611
SIN3A	chr15:75450866-75451367	15	0.03845361720925331	0.0726179732538793	1	0.03416435604462598	0.04992813418381531	0.0001238690194439413	unsupported	True	0.0002317269387272	0.0002317269387272
SIN3A	chr15:75335769-75336270	16	0.03111299099596495	0.0682331043845786	4	0.037120113388613644	0.04537614568462828	0.0001149296352505199	unsupported	True	0.0001742629634964	0.0001742629634964
SIN3A	chr15:75455601-75456102	17	0.03064640100359317	0.05821825444233536	4	0.02757185343874219	0.034481646497206135	5.534942790288337e-05	unsupported	True	0.0001687582509518	-0.0001687582509518
SIN3A	chr15:75396906-75397407	18	0.0038005447103683985	0.09009519649635492	5	0.08629465178598653	0.10297127245415434	0.0008005742127358297	unsupported	True	0.0001556694946641	0.0001556694946641
SIN3A	chr15:75468497-75468998	19	0.02298164857160762	0.07340450135387819	4	0.05042285278227057	0.0614936911258353	0.0002276044076562076	unsupported	True	0.0001428030653937	0.0001428030653937
TM9SF4	chr20:32028803-32029304	0	-0.015334554882443513	0.0005463287736405605	4	0.015880883656084074	0.014437041693059646	1.2525842570031236e-07	unsupported	True	0.0088295257343783	0.0088295257343783
TM9SF4	chr20:32255147-32255648	1	-0.022801798842303864	0.013293001355106575	1	0.03609480019741044	0.04329645547381162	2.077399557682018e-05	unsupported	True	0.0081947857249439	0.0081947857249439
TM9SF4	chr20:32109442-32109943	2	-0.004297745451639967	0.026319340438785165	4	0.03061708589042513	0.03467810615232674	2.7944363752417207e-05	unsupported	True	0.0030714691211802	-0.0030714691211802
TM9SF4	chr20:32315875-32316376	3	-0.00890029906212248	0.030718723420505765	4	0.03961902248262825	0.04205643256073759	5.118460435173659e-05	unsupported	True	0.0027098540520843	0.0027098540520843
TM9SF4	chr20:32018821-32019322	4	-0.002137970978310801	0.026671279121425105	4	0.028809250099735905	0.032802974593371594	2.520513487931756e-05	unsupported	True	0.0023028938622324	0.0023028938622324
TM9SF4	chr20:32304328-32304829	5	0.0049060215102742525	0.04789120185111617	2	0.04298518034084192	0.059078494575174625	0.00012161969482061557	unsupported	True	0.0019786258492074	0.0019786258492074
TM9SF4	chr20:32019329-32019830	6	-0.0137218581516241	0.0178898481561899	4	0.031611706307814	0.03183100788476041	1.800134614705231e-05	unsupported	True	0.00197449843372	0.00197449843372
TM9SF4	chr20:32007247-32007748	7	0.0036446756696842044	0.08323642657002811	2	0.0795917509003439	0.09528288953564609	0.0006312427524927456	unsupported	True	0.0019673544173007	0.0019673544173007
TM9SF4	chr20:31994863-31995364	8	-0.0029256266788569526	0.0331352122018376	2	0.03606083888069455	0.041305224202193576	4.9354932865813184e-05	unsupported	True	0.0017339632096247	0.0017339632096247
TM9SF4	chr20:32018286-32018787	9	-0.00874203945824798	0.01160071339151378	3	0.02034275284976176	0.03167565503299509	7.475151939715371e-06	unsupported	True	0.0014868154329152	0.0014868154329152
TM9SF4	chr20:31998742-31999243	10	0.005873625362718262	0.05307884948302927	1	0.047205224120311	0.06667972001547669	0.0001670726388505176	unsupported	True	0.0010939887178592	0.0010939887178592
TM9SF4	chr20:32301889-32302390	11	0.02917255951602299	0.12204585816753889	4	0.0928732986515159	0.11509861952313405	0.0013046199977113716	unsupported	True	0.0010496721085218	0.0010496721085218
TM9SF4	chr20:32125818-32126319	12	-0.012369725685227326	0.02805904598480942	1	0.040428771670036744	0.04476913102633557	5.078577825993319e-05	unsupported	True	0.0010344958072243	0.0010344958072243
TM9SF4	chr20:32052503-32053004	13	-0.0036709577384980187	0.03366243490153575	4	0.03733339264003377	0.05123014106824482	6.438260372129515e-05	unsupported	True	0.0009975874181854	0.0009975874181854
TM9SF4	chr20:32189591-32190092	14	-0.00143388176977305	0.024488579810620362	4	0.02592246158039341	0.02605792400975495	1.6541681410466677e-05	unsupported	True	0.0009810939489765	0.0009810939489765
TM9SF4	chr20:32031405-32031906	15	-0.0064710365605432935	0.018590135014399222	4	0.025061171574942517	0.0328288812434219	1.5294665971632e-05	unsupported	True	0.0009681045846095	0.0009681045846095
TM9SF4	chr20:32190106-32190607	16	0.004559955170444805	0.09403554845258483	4	0.08947559328214003	0.10203975376560762	0.0008585509053867276	unsupported	True	0.0008679072779315	0.0008679072779315
TM9SF4	chr20:32091801-32092302	17	-0.004391114692282988	0.03827087260483219	4	0.04266198729711518	0.05062511600502083	8.265620812414559e-05	unsupported	True	0.000779801849386	0.000779801849386
TM9SF4	chr20:32207558-32208059	18	0.0012532109060923132	0.08074423078805727	4	0.07949101988196496	0.08800160275127643	0.0005648331175985276	unsupported	True	0.0007187386515485	-0.0007187386515485
TM9SF4	chr20:31968335-31968836	19	0.004135746646554659	0.06317028307970958	4	0.05903453643315492	0.06522018510537561	0.00024322096511088985	unsupported	True	0.0006307314532617	0.0006307314532617
AKAP10	chr17:20095254-20095755	0	-0.025586589548203094	0.007453691137233913	2	0.033040280685437004	0.0310400068735842	7.644286041483964e-06	unsupported	True	0.0061637308864642	0.0061637308864642
AKAP10	chr17:19866854-19867355	1	-0.019696787070895224	0.013516629513517517	2	0.03321341658441274	0.03819743727738511	1.7148107177758868e-05	unsupported	True	0.0049441694320572	0.0049441694320572
AKAP10	chr17:20126638-20127139	2	-0.0021117941699483854	0.013320377673946386	2	0.015432171843894772	0.016349446770034748	3.360830818434411e-06	unsupported	True	0.0038088616771087	-0.0038088616771087
AKAP10	chr17:19762813-19763314	3	-0.004995129580822547	0.010797604626240086	2	0.015792734207062634	0.020318330112826903	3.4647568273432114e-06	unsupported	True	0.0032484605365013	0.0032484605365013
AKAP10	chr17:19989748-19990249	4	-0.010709371327373889	0.006472051871903464	2	0.017181423199277353	0.012063054505085956	1.3414003479778928e-06	unsupported	True	0.0029620629145328	-0.0029620629145328
AKAP10	chr17:20009047-20009548	5	-0.024636820410010495	0.009958764034399676	2	0.034595584444410174	0.03420865759034225	1.178588355751209e-05	unsupported	True	0.0029163898331639	0.0029163898331639
AKAP10	chr17:19977634-19978135	6	-0.02510286089360087	0.016912682488082847	2	0.042015543381683715	0.04998471020586333	3.551891237934026e-05	unsupported	True	0.0027707962578123	-0.0027707962578123
AKAP10	chr17:20019951-20020452	7	-0.012707553769167303	0.04792210601833434	2	0.06062965978750164	0.07397432800967316	0.0002149324828370617	unsupported	True	0.0027284301894296	0.0027284301894296
AKAP10	chr17:19867640-19868141	8	-0.02384773668485697	0.013095428507573639	2	0.03694316519243061	0.04452324812832871	2.1539749881096117e-05	unsupported	True	0.0023405709668504	0.0023405709668504
AKAP10	chr17:19812351-19812852	9	-0.02463937290316911	-0.005697649523214808	5	0.0189417233799543	0.006175020110937231	0.0	unsupported	True	0.0022530605954029	0.0022530605954029
AKAP10	chr17:20053953-20054454	10	-0.0016209264065593957	0.03856396311029655	2	0.04018488951685595	0.048853176376338	7.570721035370201e-05	unsupported	True	0.0015508102891924	0.0015508102891924
AKAP10	chr17:20085336-20085837	11	-0.01961858721974551	0.028284572259159566	5	0.047903159478905076	0.049722998237372376	6.737070345386136e-05	unsupported	True	0.0013769396130811	-0.0013769396130811
AKAP10	chr17:19992690-19993191	12	-0.027223360815239815	0.01698415262808221	2	0.04420751344332202	0.05214415828373409	3.91512500468641e-05	unsupported	True	0.0010471018567465	0.0010471018567465
AKAP10	chr17:20120866-20121367	13	-0.023603792268371622	0.03184153170006104	5	0.055445323968432665	0.04637109172256496	8.186649496701864e-05	unsupported	True	0.0010170357141716	0.0010170357141716
AKAP10	chr17:19766414-19766915	14	-0.02686379626148189	0.026208436788252316	2	0.053072233049734206	0.06703336824301433	9.323941099417285e-05	unsupported	True	0.0009286543623486	-0.0009286543623486
AKAP10	chr17:20121557-20122058	15	-0.027501548746321082	0.0031492275402299473	5	0.03065077628655103	0.028809128858220498	2.7808377163802942e-06	unsupported	True	0.0009108349944519	-0.0009108349944519
AKAP10	chr17:20010042-20010543	16	-0.023275451664006647	0.0038499330971910255	5	0.027125384761197673	0.030467827352064325	3.1817831361560844e-06	unsupported	True	0.0007689321403163	0.0007689321403163
AKAP10	chr17:19876466-19876967	17	-0.00758086429147953	0.0205599640558084	2	0.02814082834728793	0.0339823729824684	1.966133171547837e-05	unsupported	True	0.0007109700770915	0.0007109700770915
AKAP10	chr17:19957914-19958415	18	-0.009392378493763662	0.033404869457000684	0	0.042797247950764346	0.04863771529777354	6.953425213801441e-05	unsupported	True	0.0004923818246034	0.0004923818246034
AKAP10	chr17:20116625-20117126	19	-0.029381116651754927	0.01124842092239853	2	0.040629537574153454	0.03355041971362266	1.5333150431067444e-05	unsupported	True	0.0004246551648901	0.0004246551648901
HMGN3	chr6:79234511-79235012	0	-0.01507846898856933	0.030621238087938825	4	0.04569970707650815	0.05645476957445099	7.900176639227505e-05	unsupported	True	0.0072138805972754	0.0072138805972754
HMGN3	chr6:79077683-79078184	1	-0.008387678845433679	0.06802492612063207	4	0.07641260496606575	0.09457648695081662	0.0004916049670580246	unsupported	True	0.0071195042850757	-0.0071195042850757
HMGN3	chr6:79076850-79077351	2	-0.009700329377324745	0.031758874487490533	4	0.041459203864815275	0.045726987484605026	6.020861704916352e-05	unsupported	True	0.007014642499138	-0.007014642499138
HMGN3	chr6:79233688-79234189	3	-0.0010173968375105946	0.03027520261269193	0	0.031292599450202525	0.035592990301142984	3.3720435558205363e-05	unsupported	True	0.0067489761810399	0.0067489761810399
HMGN3	chr6:79150854-79151355	4	-0.027549128120502288	0.0025106627704276404	4	0.03005979089092993	0.0446164933340257	3.3672066571846164e-06	unsupported	True	0.0058367342424846	-0.0058367342424846
HMGN3	chr6:79269824-79270325	5	-0.022716598464167768	0.011955441579705302	5	0.03467204004387307	0.05036243037488331	2.0876211935297113e-05	unsupported	True	0.0022217199844734	-0.0022217199844734
HMGN3	chr6:79201952-79202453	6	0.0030148206741582445	0.054621298585049674	0	0.05160647791089143	0.07419056682125244	0.0002091293222805378	unsupported	True	0.0021955566756004	0.0021955566756004
HMGN3	chr6:79078290-79078791	7	-0.017359726232421317	0.05040327449609875	4	0.06776300072852007	0.07288258561714979	0.00024892880408818724	unsupported	True	0.0016744201441781	-0.0016744201441781
HMGN3	chr6:79333160-79333661	8	0.028574478199267096	0.09006286852662093	0	0.061488390327353835	0.09921371291310885	0.0005494277644010633	unsupported	True	0.0007775790497988	0.0007775790497988
HMGN3	chr6:79171166-79171667	9	0.04447835236221922	0.1174893136682872	0	0.07301096130606799	0.11275650635921644	0.0009672261836207851	unsupported	True	0.0007773656345748	0.0007773656345748
HMGN3	chr6:79188895-79189396	10	0.015271585901131216	0.07983412413255521	5	0.064562538231424	0.06105095686997294	0.0003146745618537401	unsupported	True	0.0005966984793111	0.0005966984793111
HMGN3	chr6:79225430-79225931	11	0.009736735261635722	0.07584032472568945	1	0.06610358946405373	0.07684340168250789	0.0003852403850521536	unsupported	True	0.0005231162838909	0.0005231162838909
HMGN3	chr6:79376130-79376631	12	-0.007571031313284133	0.02182170904629214	3	0.029392740359576272	0.03712453906189366	2.381167297629839e-05	unsupported	True	0.0003601168660678	-0.0003601168660678
HMGN3	chr6:79204137-79204638	13	0.021366935929945065	0.09520723897963076	5	0.0738403030496857	0.07865778659820667	0.0005529745737494167	unsupported	True	0.0001969221832842	-0.0001969221832842
HMGN3	chr6:79311232-79311733	14	-0.022371979003072473	0.0202482126618259	0	0.042620191664898374	0.059217452730487195	5.110363751206068e-05	unsupported	True	8.269492829040363e-05	-8.269492829040363e-05
HMGN3	chr6:79179948-79180449	15	0.006135171847430332	0.053658910527087766	0	0.04752373867965744	0.052841424141023254	0.0001347494383469262	unsupported	True	4.781428706725298e-06	-4.781428706725298e-06
SLC35A3	chr1:100038469-100038970	0	0.031718782485847946	0.10040241270427172	1	0.06868363021842377	0.07910282113332973	0.0005454932275505381	unsupported	True	0.01064935725676	-0.01064935725676
SLC35A3	chr1:99849800-99850301	1	0.016979687871015343	0.0902322607324224	1	0.07325257286140704	0.1063203848892895	0.0007027506593989873	unsupported	True	0.0071440353871058	0.0071440353871058
SLC35A3	chr1:100132807-100133308	2	0.010259399762208715	0.10051092031018459	1	0.09025152054797587	0.11393659634268524	0.0010335488751470768	unsupported	True	0.0068589246337671	0.0068589246337671
SLC35A3	chr1:100087127-100087628	3	-0.01140605774382659	-0.0017418106667399476	2	0.009664247077086642	0.012952516498724633	0.0	unsupported	True	0.0041871576327011	0.0041871576327011
SLC35A3	chr1:99969734-99970235	4	0.01675848049708334	0.09986548794698921	1	0.08310700744990587	0.10269072641703662	0.0008522839277726092	unsupported	True	0.003924130490335	0.003924130490335
SLC35A3	chr1:100164160-100164661	5	0.024218610366509685	0.04865470880561817	1	0.024436098439108482	0.047571849447612724	5.655965861410382e-05	unsupported	True	0.0029528351168571	-0.0029528351168571
SLC35A3	chr1:100037801-100038302	6	0.018399308996171024	0.0940970544432308	1	0.07569774544705977	0.09773358528109644	0.0006961499630146826	unsupported	True	0.0028554119088659	-0.0028554119088659
SLC35A3	chr1:100081752-100082253	7	-0.0017715971762799056	0.020785982219447444	0	0.02255757939572735	0.022474759058830267	1.0537997486301188e-05	unsupported	True	0.0026752121990323	0.0026752121990323
SLC35A3	chr1:100077548-100078049	8	0.023136483426791647	0.04594029509883403	5	0.022803811672042384	0.03733320372706545	3.911078082610988e-05	unsupported	True	0.0008518396455098	-0.0008518396455098
SLC35A3	chr1:100084185-100084686	9	0.0002563582015348776	0.035102667052830536	5	0.03484630885129566	0.04462213626836329	5.458172468971883e-05	unsupported	True	0.0007995344146483	-0.0007995344146483
SLC35A3	chr1:99920890-99921391	10	0.004119091397742271	0.056369126891426966	1	0.0522500354936847	0.05968793469206425	0.00017579821036795012	unsupported	True	0.0003304329904498	0.0003304329904498
SLC35A3	chr1:100008810-100009311	11	-0.0012287497152670948	0.028925977231677474	5	0.030154726946944568	0.04158636250773054	3.627391034587169e-05	unsupported	True	5.732333504070166e-05	-5.732333504070166e-05
SLC35A3	chr1:100105631-100106132	12	-0.008115190635090669	-0.0005371367211844258	0	0.007578053913906243	0.019613215329788693	0.0	unsupported	True	5.561334225113613e-05	-5.561334225113613e-05
IFT122	chr3:129597430-129597931	0	-0.00595982964644938	0.017839781201912038	4	0.023799610848361418	0.03802948007981737	1.614655095643945e-05	unsupported	True	0.0079937464147555	0.0079937464147555
IFT122	chr3:129557605-129558106	1	0.0042504651155894834	0.04275117074463775	4	0.03850070562904827	0.047460599320839306	7.811778484915664e-05	unsupported	True	0.0040088542473845	0.0040088542473845
IFT122	chr3:129439907-129440408	2	-0.009113991014296706	0.08165440090070304	4	0.09076839191499975	0.09288811581672891	0.000688453150477717	unsupported	True	0.0037783835295005	-0.0037783835295005
IFT122	chr3:129503467-129503968	3	-0.004821456791436116	0.023038667076168893	4	0.02786012386760501	0.02094730245790872	1.344523803760749e-05	unsupported	True	0.0031126522139985	0.0031126522139985
IFT122	chr3:129326487-129326988	4	0.018968000862661465	0.07022587059257246	4	0.05125786972991099	0.07245630677394144	0.0002608157887885804	unsupported	True	0.0028819971500893	0.0028819971500893
IFT122	chr3:129305564-129306065	5	0.016623108304796307	0.07403153041718664	4	0.057408422112390334	0.08136091027224278	0.00034578658186570655	unsupported	True	0.0022598011980041	0.0022598011980041
IFT122	chr3:129520397-129520898	6	-0.002451657498383402	0.040098334318750394	4	0.042549991817133793	0.04253095042542313	7.256561849297143e-05	unsupported	True	0.0021888599116976	0.0021888599116976
IFT122	chr3:129593771-129594272	7	0.012269979120179719	0.06449863454540487	4	0.05222865542522515	0.08640049754757695	0.0002910553653406611	unsupported	True	0.0020972399859382	0.0020972399859382
IFT122	chr3:129555750-129556251	8	0.010537181373546358	0.06098029074392555	4	0.05044310937037919	0.06607222085145367	0.00020324049527973916	unsupported	True	0.0017616624174504	0.0017616624174504
IFT122	chr3:129314724-129315225	9	0.0021599973137874963	0.0647022268896362	4	0.0625422295758487	0.06600045786727232	0.00026707887367677965	unsupported	True	0.0013930535995173	0.0013930535995173
IFT122	chr3:129518083-129518584	10	0.01518863485890651	0.07710690399746743	4	0.061918269138560925	0.08803660371701938	0.00042031544908487285	unsupported	True	0.0013906796492792	0.0013906796492792
IFT122	chr3:129596252-129596753	11	0.02238295883394645	0.06111996439279985	4	0.0387370055588534	0.05830670728426079	0.00013804721674143004	unsupported	True	0.0013364756137863	0.0013364756137863
IFT122	chr3:129399459-129399960	12	-0.008891699696034152	0.06031301775442005	4	0.0692047174504542	0.06151975862253057	0.0002567801105758293	unsupported	True	0.0012835978354984	-0.0012835978354984
IFT122	chr3:129428450-129428951	13	-0.0036605805814014076	0.0872926038297047	4	0.09095318441110611	0.0898682981296741	0.0007135129741401607	unsupported	True	0.0012719476328995	-0.0012719476328995
IFT122	chr3:129612005-129612506	14	0.001968250570583338	0.02224525760039598	4	0.02027700702981264	0.03442628905920536	1.5528571352669506e-05	unsupported	True	0.0012510992879857	0.0012510992879857
IFT122	chr3:129316545-129317046	15	-0.007621812912314146	0.049843685057051855	4	0.057465497969366	0.06423643086025083	0.00018399190674033288	unsupported	True	0.001121662401701	0.001121662401701
IFT122	chr3:129577365-129577866	16	-0.01849039352008838	0.012642834598023288	4	0.031133228118111665	0.04236864173173975	1.6676816553993195e-05	unsupported	True	0.001110216209658	-0.001110216209658
IFT122	chr3:129279210-129279711	17	0.006805737601962686	0.06144044048709228	4	0.054634702885129595	0.07219332072239161	0.00024233711037767992	unsupported	True	0.001093655956979	0.001093655956979
IFT122	chr3:129548112-129548613	18	0.031553855774980946	0.07580279204133776	4	0.044248936266356814	0.07386298025620334	0.0002477506849711298	unsupported	True	0.0010016098901308	0.0010016098901308
IFT122	chr3:129413596-129414097	19	-0.01274495464318437	0.03783282710619727	2	0.05057778174938164	0.059541902392488855	0.00011393345835201003	unsupported	True	0.0009968743040642	0.0009968743040642
UBE2C	chr20:45880888-45881389	0	-0.009015995210459465	0.07049213588342913	2	0.0795081310938886	0.08633500056184436	0.00048388160333065076	unsupported	True	0.0057956283345852	-0.0057956283345852
UBE2C	chr20:45857243-45857744	1	-0.01282775505895812	0.07231407230365416	2	0.08514182736261228	0.08938234176071108	0.0005503228111045906	unsupported	True	0.0048304719193745	-0.0048304719193745
UBE2C	chr20:45934954-45935455	2	-0.005245050196595419	0.05852829337875038	2	0.0637733435753458	0.07213940467156128	0.0002692635715061493	unsupported	True	0.0048190285438929	-0.0048190285438929
UBE2C	chr20:45934419-45934920	3	-0.013454088308825562	0.07527631351573667	2	0.08873040182456224	0.09589522634301874	0.0006405127499978387	unsupported	True	0.0043664665144588	-0.0043664665144588
UBE2C	chr20:45812251-45812752	4	-0.01174739254003954	0.06210121669618718	2	0.07384860923622671	0.07534340195512765	0.00034553150811892237	unsupported	True	0.0041914989942136	-0.0041914989942136
UBE2C	chr20:45911924-45912425	5	0.051977565292263786	0.058046558913212115	1	0.006068993620948329	0.06589410276208196	2.321345099701745e-05	unsupported	True	0.003984040174372	0.003984040174372
UBE2C	chr20:45833843-45834344	6	0.016339406271288513	0.04383562706505853	1	0.027496220793770017	0.050862371053249	6.130513199373316e-05	unsupported	True	0.0031554693891833	0.0031554693891833
UBE2C	chr20:45783847-45784348	7	0.02571950525922829	0.08919067123904628	3	0.063471165979818	0.09736852292555548	0.0005512067036231235	unsupported	True	0.0025507628429989	0.0025507628429989
UBE2C	chr20:45910788-45911289	8	0.014087344866715926	0.052666135579345456	2	0.038578790712629527	0.08229962795956916	0.0001672160402534548	unsupported	True	0.0022847775437575	0.0022847775437575
UBE2C	chr20:45791646-45792147	9	-0.011699315124191612	0.04265577089539441	2	0.05435508601958602	0.06369945087645576	0.00014769087755634404	unsupported	True	0.0019015755292547	-0.0019015755292547
UBE2C	chr20:45891060-45891561	10	-0.008721210490591946	0.07163244139717344	2	0.08035365188776539	0.08564317263321872	0.0004929559576269719	unsupported	True	0.0014622457634648	-0.0014622457634648
UBE2C	chr20:45779006-45779507	11	0.04609888618616904	0.06581837726829749	1	0.019719491082128456	0.0808550919702797	0.0001049422203478286	unsupported	True	0.000963277513678	0.000963277513678
UBE2C	chr20:45799104-45799605	12	-0.00892355576614733	0.023380962294791915	1	0.032304518060939244	0.0466149650337835	3.520878274343871e-05	unsupported	True	0.0006945260437541	0.0006945260437541
UBE2C	chr20:45889996-45890497	13	0.0012679918630026273	0.07556452162178119	2	0.07429652975877857	0.09566936937539322	0.0005371052256086901	unsupported	True	0.0005969925855571	-0.0005969925855571
UBE2C	chr20:45917716-45918217	14	-0.0005315980611375002	0.024462894474910842	2	0.02499449253604834	0.05328121131843564	3.2578137751274016e-05	unsupported	True	0.0003800816463329	0.0003800816463329
UBE2C	chr20:45919633-45920134	15	-0.007849777226805651	0.02698989625022291	2	0.034839673477028564	0.05559915036101774	5.228094706121265e-05	unsupported	True	0.0003797087644874	0.0003797087644874
UBE2C	chr20:45822756-45823257	16	-0.028158794981275357	0.032696213446189	2	0.06085500842746436	0.06700904401692986	0.00013332979423937464	unsupported	True	0.0003681596927219	-0.0003681596927219
UBE2C	chr20:45948736-45949237	17	-0.009441658172064845	0.023767072048479485	2	0.03320873022054433	0.04506382542779851	3.5567718539372045e-05	unsupported	True	0.000305466477864	0.000305466477864
UBE2C	chr20:45949426-45949927	18	0.002406637994610292	0.0447990503842774	2	0.04239241238966711	0.054639387052067744	0.000103767835612062	unsupported	True	0.0002280527853358	-0.0002280527853358
UBE2C	chr20:45765144-45765645	19	-0.029945637629035595	0.02016623497405	2	0.0501118726030856	0.04463455008869288	4.510623899354306e-05	unsupported	True	5.193522478295818e-05	-5.193522478295818e-05
MEI4	chr6:77650015-77650516	0	0.012323680151936037	0.051491453126601104	4	0.03916777297466507	0.0651608565629496	0.00013141677691118995	unsupported	True	0.0252081508331541	0.0252081508331541
MEI4	chr6:77653861-77654362	1	-0.012544710522736936	0.023916444624453925	1	0.03646115514719086	0.038260667372553556	3.336411299931295e-05	unsupported	True	0.0058501844826126	0.0058501844826126
MEI4	chr6:78073917-78074418	2	-0.009874470411814284	0.010407050140488344	4	0.020281520552302628	0.02357595925993178	4.976196612720175e-06	unsupported	True	0.0043279325455656	0.0043279325455656
MEI4	chr6:77656427-77656928	3	0.02370836266840323	0.09092891940296403	0	0.0672205567345608	0.08138888686691817	0.0004974726897419568	unsupported	True	0.0030601850085088	-0.0030601850085088
MEI4	chr6:77502979-77503480	4	-0.005497853579072801	0.012376600174008755	1	0.017874453753081554	0.03053066799050102	6.7541460318361215e-06	unsupported	True	0.0016398684131696	0.0016398684131696
MEI4	chr6:77588097-77588598	5	0.022795568908465808	0.24273016415637413	3	0.21993459524790832	0.25045692737221353	0.013370583060337185	regional_candidate	True	0.0009463826736563	-0.0009463826736563
MEI4	chr6:77693267-77693768	6	-0.01050660269229828	0.012118789630461178	4	0.02262539232275946	0.021993655406155596	6.030492497833776e-06	unsupported	True	0.0005624221067811	-0.0005624221067811
MEI4	chr6:77683424-77683925	7	0.034519233868244154	0.17723950802340646	0	0.1427202741551623	0.1905066395080324	0.004818993309883138	unsupported	True	0.0005341541495683	-0.0005341541495683
MEI4	chr6:77895120-77895621	8	-0.013067545133028357	0.02003224859584883	1	0.03309979372887719	0.03850406721854284	2.5530633736589554e-05	unsupported	True	0.0004994513204337	0.0004994513204337
MEI4	chr6:77560275-77560776	9	0.039482549558664065	0.18315581870575967	0	0.1436732691470956	0.19810569542673123	0.005213071189253122	unsupported	True	0.000353782892397	-0.000353782892397
MEI4	chr6:77990052-77990553	10	-0.00417235870144463	0.06657494020507472	3	0.07074729890651935	0.0781955444908669	0.0003683007951643797	unsupported	True	0.0002115982002214	-0.0002115982002214
MEI4	chr6:77806102-77806603	11	-0.00838579251336441	0.0005068700684511806	0	0.00889266258181559	0.010670938517038136	4.8098449619608584e-08	unsupported	True	0.0001037487536992	0.0001037487536992
CD163L1	chr12:7439865-7440366	0	-0.013314696825995953	0.02663250881197684	1	0.03994720563797279	0.031502806527917794	3.351565649333742e-05	unsupported	True	0.0216157970871993	0.0216157970871993
CD163L1	chr12:7219607-7220108	1	-0.00432252953067473	0.06663044168447593	1	0.07095297121515066	0.06964642305403093	0.00032926236655934427	unsupported	True	0.0096880913371358	0.0096880913371358
CD163L1	chr12:7555682-7556183	2	-0.007155793580725721	0.00012990381363303373	2	0.007285697394358755	0.006682130716230058	6.324234969848746e-09	unsupported	True	0.0031871759525261	-0.0031871759525261
CD163L1	chr12:7262384-7262885	3	0.02497985878989819	0.17385468972173362	1	0.14887483093183543	0.17711881608094	0.004584293262024248	unsupported	True	0.0016242744227112	0.0016242744227112
CD163L1	chr12:7542755-7543256	4	0.0009426754505113289	0.03411137521247645	1	0.033168699761965126	0.03507238062518562	3.968194230923072e-05	unsupported	True	0.0014859181570021	0.0014859181570021
CD163L1	chr12:7486433-7486934	5	-0.01076767043935332	0.0	3	0.01076767043935332	0.017947242970524035	0.0	unsupported	True	0.0012425091919912	-0.0012425091919912
CD163L1	chr12:7338462-7338963	6	-0.0005733443623358014	0.06337204819955243	1	0.06394539256188823	0.07990473011235434	0.0003238019729889076	unsupported	True	0.001150268745853	0.001150268745853
CD163L1	chr12:7625744-7626245	7	-0.013967318741983365	0.02374999915586096	5	0.03771731789784433	0.049147266852654026	4.4025446767895655e-05	unsupported	True	0.0009868138014821	0.0009868138014821
CD163L1	chr12:7240012-7240513	8	-0.017254011825999668	0.0	3	0.017254011825999668	0.012201308445725461	0.0	unsupported	True	0.0009434145608594	0.0009434145608594
CD163L1	chr12:7222533-7223034	9	-0.012245865941546757	0.0	3	0.012245865941546757	0.01099659471093907	0.0	unsupported	True	0.0006372829503532	0.0006372829503532
CD163L1	chr12:7404213-7404714	10	-0.008436256483414551	0.0	3	0.008436256483414551	0.008903317843232764	0.0	unsupported	True	0.0004956370535736	0.0004956370535736
CD163L1	chr12:7460548-7461049	11	-0.02357895709836452	0.0	3	0.02357895709836452	0.018316353614096795	0.0	unsupported	True	0.000231756116383	-0.000231756116383
TBC1D31	chr8:122995343-122995844	0	0.003540366078333974	0.07103297081260503	2	0.06749260473427106	0.06881771418277326	0.0003299259006233309	unsupported	True	0.0061965923040848	0.0061965923040848
TBC1D31	chr8:122988794-122989295	1	-1.5852954662182453e-05	0.08644553129382922	2	0.0864613842484914	0.10290661462793896	0.0007691446496936927	unsupported	True	0.0061237858957381	0.0061237858957381
TBC1D31	chr8:123022337-123022838	2	-0.013813776916449425	0.007478010347724831	0	0.021291787264174255	0.02182074683885318	3.474303795475836e-06	unsupported	True	0.0055067949056065	-0.0055067949056065
TBC1D31	chr8:123129835-123130336	3	-0.005858364642359575	0.06772881014395718	2	0.07358717478631675	0.09035832363340193	0.00045034333599255064	unsupported	True	0.0033124852336135	0.0033124852336135
TBC1D31	chr8:123273921-123274422	4	-0.002197147224655816	0.03128074294027668	2	0.0334778901649325	0.0379215246180817	3.9711924042600764e-05	unsupported	True	0.0033049468043709	0.0033049468043709
TBC1D31	chr8:123232293-123232794	5	-0.00439775773682274	0.012545436706508492	2	0.016943194443331235	0.016848121174117672	3.5812328205847167e-06	unsupported	True	0.0029667804346229	0.0029667804346229
TBC1D31	chr8:122933182-122933683	6	-0.002956896491298541	0.108357922171149	2	0.11131481866244754	0.12415301835802259	0.0014975141480105265	unsupported	True	0.0027368138198324	0.0027368138198324
TBC1D31	chr8:123274454-123274955	7	-0.007844623724781563	0.003114162209510082	2	0.010958785934291646	0.01191474546109958	4.066197253172993e-07	unsupported	True	0.0021595056927915	-0.0021595056927915
TBC1D31	chr8:123012750-123013251	8	-0.012576934698963814	0.010504645214318632	1	0.023081579913282448	0.025036145726278283	6.070359229809842e-06	unsupported	True	0.0019857637153696	-0.0019857637153696
TBC1D31	chr8:123241147-123241648	9	-0.0157534669507113	0.017536135911497764	2	0.03328960286220906	0.0325879650212777	1.9023908935979865e-05	unsupported	True	0.0015867556568689	-0.0015867556568689
TBC1D31	chr8:123072361-123072862	10	-0.0045356959563759335	0.05208160642459894	2	0.05661730238097488	0.06706481359803629	0.00019775536113835897	unsupported	True	0.0011503722085652	0.0011503722085652
TBC1D31	chr8:123157587-123158088	11	-0.00039001479340795365	0.01813287727259476	2	0.018522892066002716	0.02022322461941074	6.792441767266371e-06	unsupported	True	0.0011188782727461	0.0011188782727461
TBC1D31	chr8:123041661-123042162	12	9.742927098307897e-05	0.017495108849543438	2	0.01739767957856036	0.022199447018417237	6.756941101250876e-06	unsupported	True	0.0009148522536868	0.0009148522536868
TBC1D31	chr8:123226401-123226902	13	0.027489693318083982	0.2703863623804257	3	0.2428966690623417	0.28077205878172634	0.01843997079044613	regional_candidate	True	0.0008116997245569	0.0008116997245569
TBC1D31	chr8:123160396-123160897	14	-0.011916113246034064	0.0118821515981867	2	0.023798264844220762	0.027206991099853764	7.693445771156286e-06	unsupported	True	0.0007868517479832	0.0007868517479832
TBC1D31	chr8:122914063-122914564	15	0.004144434554903594	0.051747896432722124	2	0.047603461877818526	0.07065661283737207	0.00017405401734108987	unsupported	True	0.000654302217239	-0.000654302217239
TBC1D31	chr8:122994554-122995055	16	-0.007059136463072641	0.00569732291130979	0	0.01275645937438243	0.014996929121466013	1.0899418396215612e-06	unsupported	True	0.0006364377719806	-0.0006364377719806
TBC1D31	chr8:123220539-123221040	17	0.011899226804485167	0.04679550857440913	3	0.034896281769923966	0.04082010692316455	6.66587959028367e-05	unsupported	True	0.0005160626043963	0.0005160626043963
TBC1D31	chr8:123042173-123042674	18	0.0028944269053504156	0.024060796541406766	4	0.02116636963605635	0.029758845651764815	1.5155576382662547e-05	unsupported	True	0.000453582089048	0.000453582089048
TBC1D31	chr8:123091294-123091795	19	0.012406433278632825	0.1471117507246916	3	0.13470531744605876	0.1518979178124922	0.003010120796708714	unsupported	True	0.0003559671799191	0.0003559671799191
TMEM144	chr4:158164150-158164651	0	-0.006822168385389702	0.07166675765384002	5	0.07848892603922972	0.08466306153879839	0.00047623368685512893	unsupported	True	0.0078818808618445	0.0078818808618445
TMEM144	chr4:158197467-158197968	1	-0.01762151244576162	0.0	0	0.01762151244576162	0.017094098913593397	0.0	unsupported	True	0.0067043284199835	0.0067043284199835
TMEM144	chr4:158120789-158121290	2	-0.014050080314782155	0.0688791782478815	5	0.08292925856266366	0.09837414194497512	0.0005619228557832639	unsupported	True	0.0055815506565866	0.0055815506565866
TMEM144	chr4:158210249-158210750	3	-0.005739958250274454	0.18955283203224502	5	0.19529279028251947	0.22121592775248494	0.00818903790428831	unsupported	True	0.0053848391663361	0.0053848391663361
TMEM144	chr4:158259863-158260364	4	-0.020076646518948506	0.03872663611872388	5	0.058803282637672386	0.04577006228082478	0.00010423002671107576	unsupported	True	0.0043653083606868	0.0043653083606868
TMEM144	chr4:158164813-158165314	5	-0.02232763245304784	0.02577374397189394	1	0.04810137642494178	0.05104154104570373	6.327888121206355e-05	unsupported	True	0.0026399063818285	0.0026399063818285
TMEM144	chr4:158190577-158191078	6	-0.030753633424083084	0.0	0	0.030753633424083084	0.028907884150668115	0.0	unsupported	True	0.0020961973022945	-0.0020961973022945
TMEM144	chr4:158171072-158171573	7	-0.02632589758222876	0.03126442271484774	1	0.057590320297076496	0.06354546628387645	0.0001144153988187988	unsupported	True	0.0020169032367585	0.0020169032367585
TMEM144	chr4:158172504-158173005	8	-0.015026918843058304	0.03803662241029811	5	0.05306354125335641	0.0633914162676619	0.00012794656470079108	unsupported	True	0.0014885885701106	0.0014885885701106
TMEM144	chr4:158159359-158159860	9	-0.024073693258723966	0.022722772488150123	1	0.046796465746874086	0.048339128812361756	5.140119240965004e-05	unsupported	True	0.0011499756523959	0.0011499756523959
TMEM144	chr4:158356231-158356732	10	-0.023220914922922317	0.014646106988989913	5	0.03786702191191223	0.04155788661619597	2.3048189027651378e-05	unsupported	True	0.0010690511254497	0.0010690511254497
TMEM144	chr4:158255703-158256204	11	-0.028306688518442143	0.050576308271860736	5	0.07888299679030288	0.07528384116005085	0.0003003532229777344	unsupported	True	0.0008733056814427	-0.0008733056814427
TMEM144	chr4:158219898-158220399	12	-0.010022906259976736	0.018921496084047227	1	0.028944402344023963	0.043182056807876804	2.3649577317173823e-05	unsupported	True	0.0005737701575096	0.0005737701575096
TMEM144	chr4:158253287-158253788	13	-0.030324293965452154	0.019362503438465954	5	0.04968679740391811	0.04000673187452708	3.848890789568497e-05	unsupported	True	0.0005261292374744	-0.0005261292374744
TMEM144	chr4:158169945-158170446	14	-0.02361400919642582	0.05082767813155026	5	0.07444168732797607	0.07822311314639993	0.00029597264639318494	unsupported	True	0.0003739065997214	0.0003739065997214
TMEM144	chr4:158054603-158055104	15	0.0014814682708527347	0.03740362353413783	4	0.03592215526328509	0.054549017256736526	7.329308358045388e-05	unsupported	True	0.0002903928457316	0.0002903928457316
TMEM144	chr4:158324305-158324806	16	-0.0066963164567628375	0.012996119051137747	3	0.019692435507900584	0.020888324384721945	5.345849353392735e-06	unsupported	True	0.0001346837941967	0.0001346837941967
TMEM144	chr4:158143222-158143723	17	-0.01776449436247179	0.006836085823523476	4	0.024600580185995268	0.02804529711593835	4.716424660849623e-06	unsupported	True	7.148089278172462e-05	-7.148089278172462e-05
TMEM144	chr4:158134150-158134651	18	-0.012575956233902874	0.0	0	0.012575956233902874	0.014389240558287372	0.0	unsupported	True	2.8168013495354484e-05	-2.8168013495354484e-05
TMEM144	chr4:158297882-158298383	19	-0.029632957810727518	0.0	0	0.029632957810727518	0.026104688175858773	0.0	unsupported	True	2.2323491248135777e-05	-2.2323491248135777e-05
PTGFRN	chr1:116878163-116878664	0	0.009915593426433687	0.0787803116060904	4	0.06886471817965673	0.08798750702581784	0.0004773484115204816	unsupported	True	0.0052096107136785	0.0052096107136785
PTGFRN	chr1:116983768-116984269	1	-0.0013533287603004183	0.040129533567119326	0	0.041482862327419746	0.06328051278328455	0.00010534230496306935	unsupported	True	0.0045652920071231	0.0045652920071231
PTGFRN	chr1:117012607-117013108	2	0.005477998958917867	0.06365267224365426	0	0.05817467328473639	0.09014114538086224	0.0003337902646252349	unsupported	True	0.0036795387594765	0.0036795387594765
PTGFRN	chr1:117096725-117097226	3	0.011887954546513837	0.0473540246415545	0	0.03546607009504066	0.06737330661881641	0.000113150851499752	unsupported	True	0.0033412302059469	0.0033412302059469
PTGFRN	chr1:116922048-116922549	4	0.01215397459187597	0.05713171328896616	0	0.04497773869709019	0.0875180102639067	0.0002248911164370583	unsupported	True	0.0032038174847828	0.0032038174847828
PTGFRN	chr1:116909777-116910278	5	0.003036299279099708	0.032206415619075356	4	0.029170116339975648	0.02998861198644011	2.817324807614903e-05	unsupported	True	0.0028468881270619	0.0028468881270619
PTGFRN	chr1:116908738-116909239	6	0.0017904019088501812	0.023827406516589655	0	0.022037004607739476	0.024792188879226882	1.3017998246723297e-05	unsupported	True	0.0023389940237615	0.0023389940237615
PTGFRN	chr1:116847815-116848316	7	0.0199686026158434	0.05667438721121008	0	0.03670578459536668	0.05371511160998393	0.0001117423568414487	unsupported	True	0.0019577518392668	0.0019577518392668
PTGFRN	chr1:117097419-117097920	8	-0.0007823923883304602	0.0342454494592957	0	0.03502784184762616	0.060372390518979156	7.241935014224662e-05	unsupported	True	0.0018427362388197	0.0018427362388197
PTGFRN	chr1:117015668-117016169	9	-0.010863757460010887	0.024525652831140745	0	0.035389410291151634	0.05818647176188495	5.0502854526214856e-05	unsupported	True	0.0018015644640485	0.0018015644640485
PTGFRN	chr1:116878940-116879441	10	0.00841639128641434	0.08066011926781579	4	0.07224372798140144	0.09876299670146538	0.0005755105211081026	unsupported	True	0.0016876920831189	0.0016876920831189
PTGFRN	chr1:117092894-117093395	11	-0.007327760989328959	0.021989953872069985	1	0.029317714861398943	0.03903115323314903	2.5163197039825675e-05	unsupported	True	0.0016457865377502	-0.0016457865377502
PTGFRN	chr1:116915179-116915680	12	-0.0028716758991148366	0.02432330752847249	4	0.027194983427587326	0.05115512721586194	3.383768150340738e-05	unsupported	True	0.0016283813447733	0.0016283813447733
PTGFRN	chr1:117122120-117122621	13	-0.009423770355917883	0.02154408461889335	1	0.030967854974811235	0.025087638375551054	1.6737822254359608e-05	unsupported	True	0.0012843604025645	-0.0012843604025645
PTGFRN	chr1:117022774-117023275	14	0.007221892349970073	0.0894005163777948	1	0.08217862402782472	0.1037476608917572	0.0007622145001806507	unsupported	True	0.0012296676650596	0.0012296676650596
PTGFRN	chr1:117022094-117022595	15	0.00521722906972965	0.06582382021825353	1	0.06060659114852388	0.08409840167031132	0.00033549857765101035	unsupported	True	0.0011489774791506	0.0011489774791506
PTGFRN	chr1:117121609-117122110	16	-0.007156872553617711	0.0159245939185382	4	0.023081466472155913	0.014316040191619944	5.262046403413593e-06	unsupported	True	0.0011047440069398	-0.0011047440069398
PTGFRN	chr1:117083075-117083576	17	-0.0007795844292061412	0.05770397387481072	1	0.058483558304016865	0.07731425515933035	0.00026091502396006106	unsupported	True	0.001003715223032	-0.001003715223032
PTGFRN	chr1:116842614-116843115	18	-0.018196389330524077	0.03248307127171878	2	0.05067946060224286	0.062157052957505586	0.00010232446533807828	unsupported	True	0.0009038798990219	0.0009038798990219
PTGFRN	chr1:117104947-117105448	19	0.0007576046826051988	0.04586391964111664	0	0.045106314958511445	0.06466101384110541	0.0001337676278653372	unsupported	True	0.0008467799676104	0.0008467799676104
CPPED1	chr16:12646099-12646600	0	0.007131874424487537	0.09383510880794363	4	0.08670323438345609	0.10474751347819511	0.0008522055986784114	unsupported	True	0.0085008332483057	0.0085008332483057
CPPED1	chr16:12881627-12882128	1	0.010562731691268682	0.07040798884048316	4	0.05984525714921448	0.0792225745747539	0.0003338109883148536	unsupported	True	0.0043885996240172	0.0043885996240172
CPPED1	chr16:12803681-12804182	2	0.005444609453849371	0.0459650594694908	3	0.04052045001564143	0.0592550771400439	0.00011036405631067031	unsupported	True	0.0035995570835813	0.0035995570835813
CPPED1	chr16:12526302-12526803	3	0.008115920944775479	0.0715549297165751	3	0.06343900877179962	0.08348223421390041	0.00037895706792106376	unsupported	True	0.0031384458064631	0.0031384458064631
CPPED1	chr16:12936425-12936926	4	0.01286831695487155	0.0815521998112605	1	0.06868388285638895	0.0848634937062844	0.0004753477321035489	unsupported	True	0.0031035983906176	0.0031035983906176
CPPED1	chr16:12741148-12741649	5	0.004625089343434573	0.07326806816244766	4	0.06864297881901309	0.08075388591046107	0.00040613862347592975	unsupported	True	0.0025208481434564	0.0025208481434564
CPPED1	chr16:12527032-12527533	6	0.004577029586947856	0.06616716006251853	4	0.06159013047557068	0.07343235925829251	0.00029925478304821394	unsupported	True	0.0024517386048918	0.0024517386048918
CPPED1	chr16:12674852-12675353	7	0.009487385169013214	0.07863526417655663	4	0.0691478790075434	0.08340472941546374	0.00045351002454836655	unsupported	True	0.0020393168354274	0.0020393168354274
CPPED1	chr16:12947119-12947620	8	-0.0017764510139740273	0.035818827144212306	3	0.037595278158186335	0.04418181640424251	5.949606325322098e-05	unsupported	True	0.0019306461045522	0.0019306461045522
CPPED1	chr16:12764901-12765402	9	-0.0027641262031370324	0.03340022344687162	4	0.036164349650008656	0.035072599193372765	4.236409994318718e-05	unsupported	True	0.0014743878255371	0.0014743878255371
CPPED1	chr16:12757950-12758451	10	0.004388343615922575	0.053000417594787665	4	0.04861207397886509	0.06990918640196775	0.0001801182378491407	unsupported	True	0.0014211084268724	0.0014211084268724
CPPED1	chr16:12769295-12769796	11	0.0009695598205232967	0.050838014117391424	1	0.04986845429686813	0.06259209546391278	0.0001586843056065494	unsupported	True	0.001157513231376	0.001157513231376
CPPED1	chr16:12831252-12831753	12	0.03577115279659418	0.16526843749035014	3	0.12949728469375596	0.1622610708441586	0.0034726812415155233	unsupported	True	0.0010755236169643	0.0010755236169643
CPPED1	chr16:12765822-12766323	13	0.01377795191476406	0.0874617285801459	4	0.07368377666538184	0.09744554041942728	0.0006279888060206118	unsupported	True	0.0010361419045104	0.0010361419045104
CPPED1	chr16:12672991-12673492	14	0.013515700647678206	0.08358161875212489	3	0.07006591810444668	0.06630329697609338	0.0003882868830816548	unsupported	True	0.0010165744508577	-0.0010165744508577
CPPED1	chr16:12901217-12901718	15	0.007123509840826967	0.05642676646486479	3	0.049303256624037825	0.06150679536621042	0.00017111334073758772	unsupported	True	0.0010089234744817	0.0010089234744817
CPPED1	chr16:12513645-12514146	16	0.017454529291598745	0.09995478613637002	3	0.08250025684477127	0.09376726280623113	0.0007732325600563478	unsupported	True	0.0009292314530822	-0.0009292314530822
CPPED1	chr16:12660098-12660599	17	8.038437968672513e-05	0.06493051827745241	1	0.06485013389776569	0.07524143530373038	0.00031682308470805875	unsupported	True	0.0008807084569294	0.0008807084569294
CPPED1	chr16:12644032-12644533	18	0.007971934255931061	0.09151690520682922	4	0.08354497095089816	0.09927529818779388	0.0007590368101189067	unsupported	True	0.0008134031967812	0.0008134031967812
CPPED1	chr16:12810660-12811161	19	0.01941886898977682	0.07180415195327282	4	0.052385282963496	0.06305042427883159	0.00023716296149322962	unsupported	True	0.0007797319414711	0.0007797319414711
MCM3AP	chr21:46143464-46143965	0	-0.02101160229014603	0.05981348700440194	5	0.08082508929454797	0.10315847843539949	0.0004987124870696551	unsupported	True	0.0090132542477359	0.0090132542477359
MCM3AP	chr21:46228695-46229196	1	-0.024552802306450596	0.043381539760891485	5	0.06793434206734209	0.0881776344762479	0.000259867985732779	unsupported	True	0.0067729871709711	-0.0067729871709711
MCM3AP	chr21:46259687-46260188	2	-0.010230367279062494	0.022345118059988598	5	0.032575485339051094	0.03439317743421258	2.5034899295677806e-05	unsupported	True	0.0042496269611414	0.0042496269611414
MCM3AP	chr21:46184508-46185009	3	-0.021433092570360992	0.035797031021674156	5	0.05723012359203515	0.06031838573489358	0.0001235723774048815	unsupported	True	0.0029557902536386	0.0029557902536386
MCM3AP	chr21:46324294-46324795	4	-0.018664623727849168	0.05016634322638744	5	0.0688309669542366	0.09679417322321598	0.00033423007811390557	unsupported	True	0.0026982044050313	-0.0026982044050313
MCM3AP	chr21:46323774-46324275	5	-0.02190250998675576	0.042270153515917515	5	0.06417266350267328	0.09245867368450161	0.00025080231996349234	unsupported	True	0.0022542808919473	-0.0022542808919473
MCM3AP	chr21:46168937-46169438	6	0.0024079258960952193	0.06509081180542901	5	0.0626828859093338	0.0830645014612518	0.0003389098053196053	unsupported	True	0.0021613906103814	0.0021613906103814
MCM3AP	chr21:46286054-46286555	7	-0.016401597894881017	0.03369395537764662	5	0.05009555327252764	0.07458878926199777	0.00012589971051006683	unsupported	True	0.0018670124677275	-0.0018670124677275
MCM3AP	chr21:46134264-46134765	8	-0.0024114627757301924	0.024727426535623508	0	0.0271388893113537	0.055688581254013506	3.7371208634237563e-05	unsupported	True	0.0018612547634053	0.0018612547634053
MCM3AP	chr21:46297189-46297690	9	-0.019717650200442277	0.047226830527349196	5	0.06694448072779147	0.09550318746132326	0.000301940551600045	unsupported	True	0.0014532927412651	0.0014532927412651
MCM3AP	chr21:46183815-46184316	10	-0.009965605668064913	0.03209590713815892	5	0.04206151280622383	0.06045427010637419	8.161341028513846e-05	unsupported	True	0.001364071404204	0.001364071404204
MCM3AP	chr21:46135995-46136496	11	-0.007778032536094627	0.032204899497756935	5	0.03998293203385156	0.03514190805489521	4.5250348155083724e-05	unsupported	True	0.0009938370946906	0.0009938370946906
MCM3AP	chr21:46097855-46098356	12	-0.03325019715667153	0.011010901630210079	0	0.044261098786881614	0.04350401231784544	2.120188072982818e-05	unsupported	True	0.0009242963817468	0.0009242963817468
MCM3AP	chr21:46120255-46120756	13	-0.010870340911648256	0.01931431387870639	0	0.030184654790354645	0.04820615383481325	2.8103989893017624e-05	unsupported	True	0.0008924619410653	0.0008924619410653
MCM3AP	chr21:46297699-46298200	14	-0.0098216090262449	0.030011906174327606	5	0.0398335152005725	0.07487398405245087	8.951032954970106e-05	unsupported	True	0.0008025546852728	0.0008025546852728
MCM3AP	chr21:46098443-46098944	15	-0.021042344472753917	0.02337790480689946	0	0.04442024927965338	0.0455820316742243	4.733476832733483e-05	unsupported	True	0.0007217780373059	0.0007217780373059
MCM3AP	chr21:46417876-46418377	16	-0.0006396154207841896	0.01836825490999881	3	0.019007870330782998	0.027394904561153767	9.564695537686731e-06	unsupported	True	0.0006210316755372	0.0006210316755372
MCM3AP	chr21:46393311-46393812	17	-0.022498350157765905	0.03902847171470553	3	0.06152682187247144	0.07325841546115847	0.00017591527386700046	unsupported	True	0.000593953444454	0.000593953444454
MCM3AP	chr21:46153194-46153695	18	-0.028856025382820234	0.012720280210831427	0	0.04157630559365166	0.04131590486503366	2.1850422708586893e-05	unsupported	True	0.0005558465356837	0.0005558465356837
MCM3AP	chr21:46394048-46394549	19	-0.023458088420908386	0.06881500267639609	5	0.09227309109730447	0.09205976829523277	0.0005845586321034438	unsupported	True	0.0004990854677518	0.0004990854677518
SLC45A2	chr5:33957839-33958340	0	0.0	0.0	0	0.0	0.0	0.0	unsupported	True	0.0131436113218243	0.0131436113218243
SLC45A2	chr5:33934644-33935145	1	0.0	0.0	0	0.0	0.0	0.0	unsupported	True	0.008625255841991	0.008625255841991
SLC45A2	chr5:34042999-34043500	2	0.0	0.0	0	0.0	0.0	0.0	unsupported	True	0.0036699818918651	0.0036699818918651
SLC45A2	chr5:33975207-33975708	3	0.0	0.0	0	0.0	0.0	0.0	unsupported	True	0.0026576792126804	-0.0026576792126804
SLC45A2	chr5:34055517-34056018	4	0.0	0.0	0	0.0	0.0	0.0	unsupported	True	0.0022298714706874	0.0022298714706874
SLC45A2	chr5:34007902-34008403	5	0.0	0.0	0	0.0	0.0	0.0	unsupported	True	0.0020925071115631	0.0020925071115631
SLC45A2	chr5:33969784-33970285	6	0.0	0.0	0	0.0	0.0	0.0	unsupported	True	0.0020356352999643	0.0020356352999643
SLC45A2	chr5:34082252-34082753	7	0.0	0.0	0	0.0	0.0	0.0	unsupported	True	0.001922026321334	-0.001922026321334
SLC45A2	chr5:33935840-33936341	8	0.0	0.0	0	0.0	0.0	0.0	unsupported	True	0.0016990060086208	0.0016990060086208
SLC45A2	chr5:33997270-33997771	9	0.0	0.0	0	0.0	0.0	0.0	unsupported	True	0.0009792205159867	0.0009792205159867
SLC45A2	chr5:34012763-34013264	10	0.0	0.0	0	0.0	0.0	0.0	unsupported	True	0.0009430362773206	-0.0009430362773206
SLC45A2	chr5:33892693-33893194	11	0.0	0.0	0	0.0	0.0	0.0	unsupported	True	0.0008275271400698	-0.0008275271400698
SLC45A2	chr5:34001211-34001712	12	0.0	0.0	0	0.0	0.0	0.0	unsupported	True	0.0007777788102341	-0.0007777788102341
SLC45A2	chr5:34026014-34026515	13	0.0	0.0	0	0.0	0.0	0.0	unsupported	True	0.0006821774376309	0.0006821774376309
SLC45A2	chr5:34047226-34047727	14	0.0	0.0	0	0.0	0.0	0.0	unsupported	True	0.0002458183128999	-0.0002458183128999
SLC45A2	chr5:33837751-33838252	15	0.0	0.0	0	0.0	0.0	0.0	unsupported	True	0.0002381837238779	0.0002381837238779
SLC45A2	chr5:33826785-33827286	16	0.0	0.0	0	0.0	0.0	0.0	unsupported	True	0.0001571729269894	-0.0001571729269894
SLC45A2	chr5:33968151-33968652	17	0.0	0.0	0	0.0	0.0	0.0	unsupported	True	0.000138463809278	0.000138463809278
SLC45A2	chr5:34052512-34053013	18	0.0	0.0	0	0.0	0.0	0.0	unsupported	True	0.000101745917386	0.000101745917386
SLC45A2	chr5:33824506-33825007	19	0.0	0.0	0	0.0	0.0	0.0	unsupported	True	7.497444116209137e-05	7.497444116209137e-05
IPO7	chr11:9364292-9364793	0	-0.009413950970508617	0.018941876630748516	4	0.028355827601257134	0.031331216560584255	1.6828390817864777e-05	unsupported	True	0.0088743436634548	0.0088743436634548
IPO7	chr11:9506664-9507165	1	0.0011749132329525209	0.05959342902431591	4	0.05841851579136339	0.06269418802109888	0.00021826101800333396	unsupported	True	0.0080852449620264	0.0080852449620264
IPO7	chr11:9527476-9527977	2	-0.015292461246570702	0.01943917572252746	0	0.03473163696909816	0.041221184826745444	2.7830664068808192e-05	unsupported	True	0.0065005615753547	0.0065005615753547
IPO7	chr11:9460579-9461080	3	-0.012064204682833864	0.020655047228916465	1	0.03271925191175033	0.027465902719462764	1.856194302664212e-05	unsupported	True	0.0040668459564484	-0.0040668459564484
IPO7	chr11:9265156-9265657	4	-0.01147197188761178	0.02149379536436358	1	0.032965767251975364	0.029815875121097634	2.1126320236385712e-05	unsupported	True	0.00232212368938	0.00232212368938
IPO7	chr11:9384847-9385348	5	-0.011391540241051155	0.02428820338093237	4	0.03567974362198353	0.05023785234071102	4.353596557741694e-05	unsupported	True	0.0022066722693747	0.0022066722693747
IPO7	chr11:9461106-9461607	6	-0.011499275464237825	0.016760755546761954	4	0.02826003101099978	0.03084946959327533	1.4612143464200872e-05	unsupported	True	0.0017231645330928	0.0017231645330928
IPO7	chr11:9314468-9314969	7	-0.016319768389231895	0.018025164593202136	1	0.03434493298243403	0.024102758498429293	1.4921368697907047e-05	unsupported	True	0.0014995426957109	-0.0014995426957109
IPO7	chr11:9473388-9473889	8	-0.0011413358208873317	0.05908728628458067	4	0.060228622105468	0.08357773591827693	0.00029743191975432296	unsupported	True	0.0012929801577932	0.0012929801577932
IPO7	chr11:9573302-9573803	9	-0.006932234504318113	0.020981981014410775	1	0.02791421551872889	0.026785271586933695	1.5688014107391666e-05	unsupported	True	0.0012674864308142	-0.0012674864308142
IPO7	chr11:9483348-9483849	10	-0.021692553765626465	0.004992158682336449	3	0.026684712447962913	0.0266487121467132	3.549990039059289e-06	unsupported	True	0.0012404264394266	0.0012404264394266
IPO7	chr11:9274995-9275496	11	-0.01860527465923381	0.02545363588510708	1	0.04405891054434089	0.052887324840527626	5.93109910997498e-05	unsupported	True	0.0012195067241219	0.0012195067241219
IPO7	chr11:9398147-9398648	12	-0.018909417917780943	0.015463686943006196	0	0.03437310486078714	0.05318922751493781	2.827193247423722e-05	unsupported	True	0.00060245882878	-0.00060245882878
IPO7	chr11:9384343-9384844	13	-0.009390736118308131	0.01658485379763034	4	0.02597558991593847	0.01809181850375115	7.793980035521498e-06	unsupported	True	0.0005402810464386	0.0005402810464386
IPO7	chr11:9568788-9569289	14	-0.0072217959383021205	0.018299816776684193	1	0.025521612714986312	0.04270786549348431	1.994631722647666e-05	unsupported	True	0.000498927505278	0.000498927505278
IPO7	chr11:9563371-9563872	15	-0.01818685175852652	0.016843144589770563	1	0.03502999634829708	0.03954177207794581	2.3330250257031544e-05	unsupported	True	0.000468920481103	-0.000468920481103
IPO7	chr11:9375272-9375773	16	-0.0076392984691845455	0.01972188710166423	1	0.027361185570848774	0.017775036433154305	9.591662292296138e-06	unsupported	True	0.0003012141054012	-0.0003012141054012
IPO7	chr11:9534260-9534761	17	0.00018076669802187604	0.0351703976769951	4	0.03498963097897322	0.0568788923243237	6.999512144462903e-05	unsupported	True	0.000215911305676	0.000215911305676
IPO7	chr11:9256840-9257341	18	-0.019925273675973302	0.017966839715841683	1	0.03789211339181499	0.0446765174964638	3.0415841368610006e-05	unsupported	True	0.0001885286686769	-0.0001885286686769
IPO7	chr11:9411235-9411736	19	-0.009781062586470105	0.03797263621988329	0	0.0477536988063534	0.06816380936263391	0.00012360374169848658	unsupported	True	0.000125382243146	-0.000125382243146
DNAJC3	chr13:95623925-95624426	0	0.0243045585713862	0.0968776490218658	4	0.0725730904504796	0.10336916597439717	0.0007267586687146668	unsupported	True	0.0124192036828707	0.0124192036828707
DNAJC3	chr13:95643843-95644344	1	0.017467145018228707	0.052998488359825784	4	0.03553134334159708	0.042273001332992846	7.960460528692439e-05	unsupported	True	0.007679726038955	0.007679726038955
DNAJC3	chr13:95636823-95637324	2	0.019772701407139614	0.07673547677023877	5	0.056962775363099155	0.0787310382787013	0.0003441385429643518	unsupported	True	0.0038553639035443	0.0038553639035443
DNAJC3	chr13:95621023-95621524	3	0.0281964111509339	0.06414103056852295	4	0.03594461941758906	0.058353271154272496	0.00013453492155880272	unsupported	True	0.0033292294705775	0.0033292294705775
DNAJC3	chr13:95676784-95677285	4	0.01597352884189445	0.07412910380774337	4	0.05815557496584892	0.08244943754062567	0.0003554412281188377	unsupported	True	0.0030251317524575	-0.0030251317524575
DNAJC3	chr13:95540787-95541288	5	0.01149863934569098	0.07652163502563465	2	0.06502299567994367	0.07975430838026092	0.0003968307960705386	unsupported	True	0.0030228626331217	0.0030228626331217
DNAJC3	chr13:95604139-95604640	6	0.0163791069064361	0.08040806189619751	2	0.06402895498976141	0.07560996549792004	0.00038927368651272485	unsupported	True	0.002823924274338	0.002823924274338
DNAJC3	chr13:95920003-95920504	7	0.02233878814129105	0.12080684049434416	4	0.09846805235305311	0.14192718834791637	0.0016883110904760453	unsupported	True	0.001112597728017	-0.001112597728017
DNAJC3	chr13:95533829-95534330	8	0.01749039054404598	0.06992017238427063	4	0.05242978184022465	0.05869069128465168	0.0002151541690467885	unsupported	True	0.0009544144975806	-0.0009544144975806
DNAJC3	chr13:95719288-95719789	9	0.02350392972426339	0.08889200707010013	4	0.06538807734583674	0.10558476313993191	0.0006137090530961984	unsupported	True	0.0008990934851981	0.0008990934851981
DNAJC3	chr13:95834102-95834603	10	0.0021305693843614876	0.03041709074981807	4	0.028286521365456584	0.03069352955461973	2.6408519071891994e-05	unsupported	True	0.0006852948392605	0.0006852948392605
DNAJC3	chr13:95809333-95809834	11	0.01124431370463649	0.061351976721433096	2	0.0501076630167966	0.05637871296494675	0.00017331967477638279	unsupported	True	0.0006045826311651	0.0006045826311651
DNAJC3	chr13:95817986-95818487	12	-0.00213109688799995	0.022609778203806614	2	0.024740875091806565	0.035114474563264164	1.9642534877303902e-05	unsupported	True	0.0005901532557512	-0.0005901532557512
DNAJC3	chr13:95644481-95644982	13	0.007669196950119085	0.05354901826356133	2	0.045879821313442246	0.06110261879007557	0.0001501180985891682	unsupported	True	0.0005344073667067	0.0005344073667067
DNAJC3	chr13:95891679-95892180	14	-0.010624463047767757	0.010668309314854938	0	0.021292772362622697	0.025747101186549843	5.8486569663598945e-06	unsupported	True	0.0004304715481031	-0.0004304715481031
DNAJC3	chr13:95770543-95771044	15	0.003265843283856888	0.006636946236940191	2	0.0033711029530833028	0.004224413468712496	9.451630482268344e-08	unsupported	True	0.0004250753662672	0.0004250753662672
DNAJC3	chr13:95596740-95597241	16	0.01916662376447216	0.05055595649615284	4	0.03138933273168068	0.026768651551821655	4.2479648024163374e-05	unsupported	True	0.000393528182266	-0.000393528182266
DNAJC3	chr13:95536693-95537194	17	0.01380296903084778	0.07589689781489246	2	0.06209392878404468	0.08678802062389983	0.000409009078445386	unsupported	True	0.0002549122151095	-0.0002549122151095
DNAJC3	chr13:95704433-95704934	18	0.013235534014949289	0.07491857134076974	2	0.06168303732582045	0.08834979702434825	0.00040828252662130623	unsupported	True	0.0001196882574229	0.0001196882574229
DNAJC3	chr13:95552402-95552903	19	0.015170772693424161	0.07826042839592048	2	0.06308965570249632	0.09054984612304177	0.0004470829365963028	unsupported	True	8.047585815079218e-05	8.047585815079218e-05
AGAP2	chr12:57632964-57633465	0	-0.010430629686735448	0.017440118553607817	4	0.027870748240343267	0.030032118702110554	1.4597686515026345e-05	unsupported	True	0.0045216851988913	0.0045216851988913
AGAP2	chr12:57631911-57632412	1	-0.007222937440869004	0.013553990292649252	0	0.020776927733518257	0.025634501753235683	7.218939134645417e-06	unsupported	True	0.004276207109151	0.004276207109151
AGAP2	chr12:57632426-57632927	2	-0.0029882737214500586	0.038601129728080746	4	0.041589403449530805	0.03935747339379196	6.318440741327033e-05	unsupported	True	0.0040253823806873	0.0040253823806873
AGAP2	chr12:57590909-57591410	3	-0.008734957405940451	0.011252206709688725	2	0.019987164115629175	0.01945516801512286	4.375461492259342e-06	unsupported	True	0.0038382603425892	0.0038382603425892
AGAP2	chr12:57625158-57625659	4	0.0019813792990915477	0.023160641174784755	1	0.021179261875693207	0.018159483546823514	8.907685835897678e-06	unsupported	True	0.0027455908939708	0.0027455908939708
AGAP2	chr12:57846846-57847347	5	-0.01238139846415822	0.009940316680110878	0	0.0223217151442691	0.025863092338556017	5.738630106660993e-06	unsupported	True	0.0026913208857266	0.0026913208857266
AGAP2	chr12:57836782-57837283	6	-0.016967250163258497	0.07155125813325731	0	0.08851850829651581	0.1065674107554894	0.0006749564862860002	unsupported	True	0.002657301948453	-0.002657301948453
AGAP2	chr12:57738781-57739282	7	-0.01060267980934374	0.010412600247543478	4	0.021015280056887218	0.028212155623843174	6.173488569806258e-06	unsupported	True	0.0022537390790131	0.0022537390790131
AGAP2	chr12:57861929-57862430	8	-0.005610420008006974	0.049165701315315294	4	0.05477612132332227	0.06275602936015429	0.00016900866557571065	unsupported	True	0.00204588004967	0.00204588004967
AGAP2	chr12:57737774-57738275	9	-0.011496022368496481	0.009224517163442386	4	0.020720539531938868	0.015761223184546168	3.012552483149969e-06	unsupported	True	0.0019906920915099	0.0019906920915099
AGAP2	chr12:57693681-57694182	10	-0.013461184386226491	0.009038493879177767	4	0.022499678265404256	0.02354708241035823	4.788610130541074e-06	unsupported	True	0.0019143694500481	0.0019143694500481
AGAP2	chr12:57754700-57755201	11	-0.010497635148238009	0.008079252621261858	0	0.018576887769499867	0.023109488810177402	3.4684423792293297e-06	unsupported	True	0.001808056841076	0.001808056841076
AGAP2	chr12:57771901-57772402	12	-0.010315148030154835	0.013062763496388297	4	0.02337791152654313	0.028326869749678858	8.65046314712493e-06	unsupported	True	0.0013879617594241	0.0013879617594241
AGAP2	chr12:57735829-57736330	13	-0.012474902895896799	0.018310165873603117	2	0.030785068769499914	0.03830006747071672	2.1588971139347613e-05	unsupported	True	0.001321644207401	0.001321644207401
AGAP2	chr12:57583242-57583743	14	-0.012971458014292059	0.020207729435613313	0	0.033179187449905376	0.04227722941420142	2.8345869481613794e-05	unsupported	True	0.0012645503072334	0.0012645503072334
AGAP2	chr12:57726664-57727165	15	-0.019910039192787388	-0.0022260466250907085	4	0.01768399256769668	0.014513755631972844	0.0	unsupported	True	0.0010804115309772	0.0010804115309772
AGAP2	chr12:57868726-57869227	16	-0.008742551077642113	0.10188462685013502	0	0.11062717792777714	0.12936242668032352	0.0014580709145703375	unsupported	True	0.000893223516059	-0.000893223516059
AGAP2	chr12:57845391-57845892	17	-0.016438695520003967	0.05561978668834952	0	0.07205848220835348	0.08818821729274345	0.00035344756387297333	unsupported	True	0.0008646273380602	-0.0008646273380602
AGAP2	chr12:57811305-57811806	18	-0.008589972915905025	0.02374659032658999	2	0.032336563242495016	0.0403074732364364	3.095142830365318e-05	unsupported	True	0.0008341260186774	0.0008341260186774
AGAP2	chr12:57869329-57869830	19	-0.009590204541517353	0.08332922242222374	0	0.09291942696374109	0.09401803282392354	0.0007279725645170907	unsupported	True	0.0007937132506593	-0.0007937132506593
PIK3C2G	chr12:18462325-18462826	0	0.03756828776464249	0.07349723035880268	4	0.03592894259416019	0.07349723035880268	0.00019408250239381065	unsupported	True	0.009697912653262	0.009697912653262
PIK3C2G	chr12:18680873-18681374	1	0.024649404183413753	0.06919157962718961	4	0.04454217544377585	0.06919157962718961	0.00021324453763277602	unsupported	True	0.0096188739759907	0.0096188739759907
PIK3C2G	chr12:18483680-18484181	2	0.044102485229145144	0.08003863642109185	4	0.03593615119194671	0.08003863642109185	0.000230213572356156	unsupported	True	0.0084934739295877	0.0084934739295877
PIK3C2G	chr12:18419332-18419833	3	0.05169649318303736	0.09973978196162125	4	0.048043288778583895	0.09973978196162125	0.0004779357948889451	unsupported	True	0.007868771462975	0.007868771462975
PIK3C2G	chr12:18772516-18773017	4	0.003311897586207636	0.02113715262668802	4	0.017825255040480385	0.02113715262668802	7.963953564033785e-06	unsupported	True	0.0020358183175257	0.0020358183175257
PIK3C2G	chr12:18700230-18700731	5	0.027869444909636887	0.06636992029925935	2	0.038500475389622466	0.06636992029925935	0.00016959329741568258	unsupported	True	0.0012734602622154	0.0012734602622154
PIK3C2G	chr12:18640473-18640974	6	0.007786844954982713	0.039408966581129606	2	0.031622121626146894	0.039408966581129606	4.911126240471183e-05	unsupported	True	0.0012127102589727	-0.0012127102589727
PIK3C2G	chr12:18332147-18332648	7	-0.008350407839160223	0.059257853713659395	2	0.06760826155281961	0.059257853713659395	0.00023740595251503177	unsupported	True	0.0009299051129583	0.0009299051129583
PIK3C2G	chr12:18468664-18469165	8	0.008030342181648054	0.03518523915608844	2	0.027154896974440387	0.03518523915608844	3.361779108841235e-05	unsupported	True	0.0005001105703211	0.0005001105703211
PIK3C2G	chr12:18551011-18551512	9	-0.007793533000246092	0.0	1	0.007793533000246092	0.004110532464432617	0.0	unsupported	True	0.0002979385849326	0.0002979385849326
PIK3C2G	chr12:18153830-18154331	10	-0.012514196198312942	0.0	1	0.012514196198312942	0.01304789557313376	0.0	unsupported	True	0.0002772013971	0.0002772013971
PIK3C2G	chr12:18562496-18562997	11	0.005419919691460985	0.023321140109380654	2	0.01790122041791967	0.023321140109380654	9.736036565923422e-06	unsupported	True	0.0001828261785734	0.0001828261785734
PIK3C2G	chr12:18139941-18140442	12	-0.010574452940576164	0.03991764715228556	2	0.05049210009286172	0.03991764715228556	8.045504912719538e-05	unsupported	True	0.0001523219119084	-0.0001523219119084
PIK3C2G	chr12:18225300-18225801	13	0.022809566961056904	0.06842656047469821	2	0.045616993513641305	0.06842656047469821	0.00021358762146556925	unsupported	True	0.0001376049726977	0.0001376049726977
PIK3C2G	chr12:18381369-18381870	14	0.007755753100702546	0.04308990082965723	4	0.035334147728954685	0.04308990082965723	6.560630967790492e-05	unsupported	True	0.0001258060518126	-0.0001258060518126
PIK3C2G	chr12:18502767-18503268	15	0.012166165445867419	0.053416708951332076	2	0.04125054350546466	0.053416708951332076	0.0001177020236101307	unsupported	True	0.0001136066717403	0.0001136066717403
PIK3C2G	chr12:18134692-18135193	16	0.0031765530372693065	0.023355493934251865	4	0.020178940896982557	0.023355493934251865	1.1007190457144337e-05	unsupported	True	9.186111557955747e-05	9.186111557955747e-05
PIK3C2G	chr12:18759968-18760469	17	-0.006534815707826202	0.004254153393054834	2	0.010788969100881035	0.004254153393054834	1.9525683255097655e-07	unsupported	True	7.997625974730053e-05	7.997625974730053e-05
PIK3C2G	chr12:18224689-18225190	18	0.006267209602160116	0.06384353913029947	4	0.057576329528139354	0.06384353913029947	0.00023468097456422787	unsupported	True	6.081407796935338e-05	-6.081407796935338e-05
PIK3C2G	chr12:18250251-18250752	19	0.01673130184920959	0.07728912396165392	4	0.060557822112444336	0.07728912396165392	0.0003617487319799274	unsupported	True	5.749112106467755e-05	-5.749112106467755e-05
HPCAL1	chr2:10187055-10187556	0	-0.014021091497144724	0.06086774295676545	2	0.07488883445391017	0.08860700420356274	0.00040389857663373287	unsupported	True	0.0068867653828945	0.0068867653828945
HPCAL1	chr2:10202896-10203397	1	0.006368202553536602	0.05402685937242983	2	0.047658656818893225	0.06996659987351111	0.00018015332825447263	unsupported	True	0.0064195084062652	0.0064195084062652
HPCAL1	chr2:10217059-10217560	2	-0.01806132779277457	0.06006613362502392	2	0.0781274614177985	0.09941242270794406	0.000466524062472588	unsupported	True	0.0033815915196919	0.0033815915196919
HPCAL1	chr2:10385398-10385899	3	-0.006933454854562126	0.041406551220619904	4	0.04834000607518203	0.0511758224590121	0.00010243316480763476	unsupported	True	0.0033265192109838	0.0033265192109838
HPCAL1	chr2:10389062-10389563	4	-0.007918852746197807	0.0469292379385416	2	0.054848090684739406	0.07711969334542934	0.0001985044787321819	unsupported	True	0.0032304081381268	0.0032304081381268
HPCAL1	chr2:10400448-10400949	5	-0.017366289865785648	0.13576769969259514	0	0.15313398955838078	0.16315780052751772	0.0033921566451155273	unsupported	True	0.0024440933930853	0.0024440933930853
HPCAL1	chr2:10333214-10333715	6	-0.024094156537190017	0.06819230305531801	2	0.09228645959250803	0.1110579707323619	0.0006989129334011658	unsupported	True	0.0017615619360728	0.0017615619360728
HPCAL1	chr2:10172147-10172648	7	-0.013524069534186837	0.061138600259756884	2	0.07466266979394372	0.07984947750746067	0.0003644945891013678	unsupported	True	0.0017476824134635	0.0017476824134635
HPCAL1	chr2:10448297-10448798	8	-0.03920222635574613	0.03892286801569781	2	0.07812509437144394	0.09208885650668222	0.00028002865134943466	unsupported	True	0.0015783472872151	-0.0015783472872151
HPCAL1	chr2:10357565-10358066	9	-0.028063550517912244	-0.006073173279952568	2	0.021990377237959675	0.02862684803059764	0.0	unsupported	True	0.0015537120319601	0.0015537120319601
HPCAL1	chr2:10310243-10310744	10	-0.014577165434516409	0.026617167457561923	2	0.04119433289207833	0.05217534943124566	5.720904228142209e-05	unsupported	True	0.0013243520567162	0.0013243520567162
HPCAL1	chr2:10414484-10414985	11	-0.001810107082086529	0.06935775521687954	2	0.07116786229896606	0.09422379800729642	0.0004650927348541521	unsupported	True	0.0012934477875595	0.0012934477875595
HPCAL1	chr2:10316775-10317276	12	-0.019416308738400896	0.021665245991152854	4	0.04108155472955375	0.0524661910852946	4.669711306433908e-05	unsupported	True	0.0012863592095842	0.0012863592095842
HPCAL1	chr2:10170978-10171479	13	-0.0062022652034085385	0.07290156879484166	2	0.0791038339982502	0.10164057496713519	0.0005861402168304115	unsupported	True	0.0012111110184114	0.0012111110184114
HPCAL1	chr2:10180149-10180650	14	-0.0074357474479736525	0.05146828290503852	2	0.05890403035301217	0.07163351603266989	0.00021717056396700773	unsupported	True	0.0010415317366237	0.0010415317366237
HPCAL1	chr2:10208454-10208955	15	0.0017859501658216335	0.03556623684050978	0	0.033780286674688145	0.04811504857965722	5.780723216600711e-05	unsupported	True	0.0010068041682977	0.0010068041682977
HPCAL1	chr2:10357064-10357565	16	-0.02714462686555209	0.00657978348577652	2	0.03372441035132861	0.05332689254527825	1.183320110270649e-05	unsupported	True	0.0009774289147321	0.0009774289147321
HPCAL1	chr2:10410578-10411079	17	-0.019783016778503172	0.08184681790373165	2	0.10162983468223483	0.1304604668510882	0.0010851804139145513	unsupported	True	0.0009706712696177	0.0009706712696177
HPCAL1	chr2:10325473-10325974	18	-0.007919676251246163	0.02817926666875676	2	0.03609894292000292	0.04755847153121152	4.837846228473386e-05	unsupported	True	0.0009335215704564	0.0009335215704564
HPCAL1	chr2:10526558-10527059	19	-0.021727753779429287	0.05109895750506623	4	0.07282671128449553	0.08418116708989404	0.0003132691877101639	unsupported	True	0.0008269866406095	-0.0008269866406095
SMC2	chr9:104093775-104094276	0	-0.01442832612142159	0.053601544987006394	5	0.06802987110842798	0.0812538730451599	0.0002962927515633158	unsupported	True	0.0138406869045632	-0.0138406869045632
SMC2	chr9:104031387-104031888	1	-0.014733602482078946	0.052691206303295726	4	0.06742480878537467	0.06788709844886459	0.00024118212193673807	unsupported	True	0.0095705892199944	-0.0095705892199944
SMC2	chr9:104049821-104050322	2	-0.02071508779587664	0.020161000462321246	5	0.040876088258197885	0.04907813666992318	4.044543153044339e-05	unsupported	True	0.0054494295893241	-0.0054494295893241
SMC2	chr9:104094286-104094787	3	-0.017430348868357495	0.03214421703138987	5	0.04957456589974737	0.06724827573057346	0.00010716252178638897	unsupported	True	0.005199495733418	0.005199495733418
SMC2	chr9:104022021-104022522	4	-0.015361386694321315	0.02742529976446871	5	0.042786686458790024	0.047522755207566936	5.576499266635816e-05	unsupported	True	0.0027097700501232	-0.0027097700501232
SMC2	chr9:104240042-104240543	5	-0.022517474117472566	0.011337049578487465	5	0.03385452369596003	0.03845461473531046	1.4759281586279627e-05	unsupported	True	0.0016422785294508	-0.0016422785294508
SMC2	chr9:104207005-104207506	6	-0.026228672828600138	0.057292101580693935	4	0.08352077440929408	0.09303195552860562	0.0004451654140975805	unsupported	True	0.0010337143291211	-0.0010337143291211
SMC2	chr9:104085485-104085986	7	-0.01836622828380516	0.01839411446572131	5	0.03676034274952647	0.04354371238674148	2.9443124103835247e-05	unsupported	True	0.0009098758336516	-0.0009098758336516
SMC2	chr9:104211237-104211738	8	-0.013500234881927108	0.0589811475128457	5	0.07248138239477281	0.10160825824328257	0.0004343788711471998	unsupported	True	0.0004509150467424	-0.0004509150467424
SMC2	chr9:104287250-104287751	9	0.012755321063176723	0.05367163487056578	5	0.04091631380738906	0.06564090566693712	0.0001441504125466884	unsupported	True	0.0004387881603449	0.0004387881603449
SMC2	chr9:104233820-104234321	10	-0.01727664916642161	0.01688585960022649	5	0.0341625087666481	0.04659335835803351	2.6877999701051847e-05	unsupported	True	0.0004221953043833	-0.0004221953043833
SMC2	chr9:103949096-103949597	11	-0.024793812900174836	0.033456313960813784	5	0.05825012686098862	0.06904708984600055	0.00013456135306179112	unsupported	True	0.0003793071898028	-0.0003793071898028
SMC2	chr9:103997739-103998240	12	-0.007310593563766633	0.11134593688477387	4	0.1186565304485405	0.14863838568577956	0.00196379883968057	unsupported	True	0.0003605912781508	-0.0003605912781508
SMC2	chr9:104041299-104041800	13	-0.025397933317738597	0.005925008068907873	5	0.03132294138664647	0.03548882593046129	6.586324375431177e-06	unsupported	True	0.0002916141566444	-0.0002916141566444
SMC2	chr9:104004493-104004994	14	0.005239091233242565	0.06991680127609654	5	0.06467771004285397	0.105736020397088	0.00047814448037268825	unsupported	True	0.0002623153100942	-0.0002623153100942
SMC2	chr9:103993099-103993600	15	-0.009470652174545784	0.027785540273244907	5	0.03725619244779069	0.03640016280031329	3.768084558715262e-05	unsupported	True	0.0002217567535161	-0.0002217567535161
SMC2	chr9:104068949-104069450	16	-0.010322284303674578	0.03436696745838859	5	0.04468925176206317	0.06162956444015459	9.465278423465328e-05	unsupported	True	1.860207280594374e-05	-1.860207280594374e-05
RNF185	chr22:31098569-31099070	0	0.000472741099437744	0.023259846546253973	0	0.02278710544681623	0.02487451085240273	1.3184102065917749e-05	unsupported	True	0.0053068818309108	0.0053068818309108
RNF185	chr22:31346503-31347004	1	0.0022698602485127835	0.028390535195642837	0	0.02612067494713005	0.04012144393505156	2.9753258043059076e-05	unsupported	True	0.0047740050934181	-0.0047740050934181
RNF185	chr22:31248034-31248535	2	-0.011135839538081786	0.030100470357623463	0	0.041236309895705245	0.0470337645570269	5.8379828872228494e-05	unsupported	True	0.0036709028028283	0.0036709028028283
RNF185	chr22:31292276-31292777	3	0.019294200692369787	0.04412630353666456	4	0.02483210284429477	0.041297956574963234	4.5252190801518505e-05	unsupported	True	0.0034473781274583	0.0034473781274583
RNF185	chr22:31211941-31212442	4	0.0240394403617204	0.05536498721381297	4	0.03132554685209257	0.06039797185535919	0.00010475052796694497	unsupported	True	0.0032715406954223	0.0032715406954223
RNF185	chr22:31122717-31123218	5	0.013541363164698736	0.05985611485909949	0	0.04631475169440075	0.05558861813427962	0.00015410393994996996	unsupported	True	0.0032623810074243	0.0032623810074243
RNF185	chr22:31080985-31081486	6	0.0034226049665400343	0.03456926815572126	4	0.031146663189181228	0.043798360449698495	4.715845468283292e-05	unsupported	True	0.0031390369274733	-0.0031390369274733
RNF185	chr22:31107382-31107883	7	0.0091526722795863	0.038112646879729976	0	0.028959974600143677	0.03321347411111187	3.6659082614017355e-05	unsupported	True	0.002965678267668	0.002965678267668
RNF185	chr22:31290572-31291073	8	0.008424444279674783	0.046980871186563765	4	0.038556426906888985	0.05060367988602014	9.16642408108823e-05	unsupported	True	0.0021189274722231	-0.0021189274722231
RNF185	chr22:31345783-31346284	9	-0.0047397303205437375	0.04275329956996325	0	0.04749302989050699	0.052452479630156756	0.00010650390671766928	unsupported	True	0.0015456768476821	-0.0015456768476821
RNF185	chr22:31084669-31085170	10	0.027189593723747064	0.04790037873305852	4	0.020710785009311453	0.03362243114513838	3.3355282296306e-05	unsupported	True	0.0014685128196967	0.0014685128196967
RNF185	chr22:31159902-31160403	11	-0.00912503343292669	0.0324270197228726	0	0.041552053155799296	0.05027383220357157	6.773942640372366e-05	unsupported	True	0.0014029606338053	0.0014029606338053
RNF185	chr22:31046645-31047146	12	0.05780927313368805	0.14610689861457324	4	0.08829762548088518	0.14394152065752464	0.0018569740431282054	unsupported	True	0.0013286467222845	-0.0013286467222845
RNF185	chr22:31284152-31284653	13	-0.008499989592521493	0.04514146830350167	4	0.05364145789602316	0.07457294514623393	0.00018057496909546685	unsupported	True	0.0009284762007698	-0.0009284762007698
RNF185	chr22:31055528-31056029	14	0.03315286610471356	0.06451514357019185	1	0.03136227746547829	0.05713858609655138	0.00011561089154896725	unsupported	True	0.0009206144560465	-0.0009206144560465
RNF185	chr22:31140240-31140741	15	0.041639827086833205	0.09719544800465998	4	0.05555562091782678	0.09467996983812595	0.0005112484951318421	unsupported	True	0.0008608949742323	0.0008608949742323
RNF185	chr22:31243909-31244410	16	0.014828047963507975	0.03417456469565768	3	0.019346516732149707	0.009632731915550915	6.3687653555100414e-06	unsupported	True	0.000752468125416	0.000752468125416
RNF185	chr22:31313303-31313804	17	0.019948592054639804	0.05200354666899294	1	0.032054954614353134	0.04906294972539432	8.17865304720924e-05	unsupported	True	0.000727181616573	-0.000727181616573
RNF185	chr22:31284959-31285460	18	0.011067924587087689	0.11700440053859293	4	0.10593647595150524	0.13692496774607618	0.0016971896120228716	unsupported	True	0.000708252635924	-0.000708252635924
RNF185	chr22:31265932-31266433	19	0.05815693065985408	0.17126682522268857	4	0.11310989456283449	0.1913578570497155	0.0037069791526639197	unsupported	True	0.0005956338137656	0.0005956338137656
ZNF25	chr10:38062694-38063195	0	0.011150808927233006	0.05649383478469018	1	0.04534302585745718	0.04932388991707876	0.00012634814602876352	unsupported	True	0.0124768276587435	0.0124768276587435
ZNF25	chr10:38125449-38125950	1	-0.014508111578134131	0.031816490405947064	2	0.0463246019840812	0.05076325912430009	7.48192698612849e-05	unsupported	True	0.0118689853907951	0.0118689853907951
ZNF25	chr10:38094582-38095083	2	-0.0023366259884272933	0.018078800400428544	0	0.020415426388855837	0.01133398948302771	4.1832215887102295e-06	unsupported	True	0.0050393324754641	-0.0050393324754641
ZNF25	chr10:37857443-37857944	3	0.01121233476452391	0.03793285910052019	2	0.02672052433599628	0.03331330207694111	3.376589275891303e-05	unsupported	True	0.003985687300406	0.003985687300406
ZNF25	chr10:37976467-37976968	4	0.01074619461777631	0.04260318617677773	2	0.03185699155900142	0.04392934604043666	5.962131885248933e-05	unsupported	True	0.0034545452053748	0.0034545452053748
ZNF25	chr10:38010772-38011273	5	0.012598575461153347	0.039548807171455806	2	0.02695023171030246	0.03464092505391135	3.692201324188369e-05	unsupported	True	0.002760699522699	0.002760699522699
ZNF25	chr10:38094052-38094553	6	0.00751272685980032	0.03863766591230595	2	0.03112493905250563	0.04539632785176691	5.459339674089042e-05	unsupported	True	0.0020694151058353	-0.0020694151058353
ZNF25	chr10:37963107-37963608	7	0.0005656434992489335	0.015473250983524013	2	0.01490760748427508	0.017877218574025855	4.123722851593447e-06	unsupported	True	0.0015395086821792	-0.0015395086821792
USP28	chr11:113730810-113731311	0	0.010897112159333448	0.05366521034971279	5	0.04276809819037934	0.03708034021519138	8.510527603562856e-05	unsupported	True	0.0149895361717537	0.0149895361717537
USP28	chr11:113681580-113682081	1	0.014514283970711377	0.071325564716939	4	0.05681128074622763	0.08451176042385669	0.00034244982396269054	unsupported	True	0.0058622170784291	0.0058622170784291
USP28	chr11:113896263-113896764	2	-0.0022393618747723614	0.04413589368368729	4	0.04637525555845965	0.07019214642869381	0.00014367022229693074	unsupported	True	0.0027122960216795	0.0027122960216795
USP28	chr11:113773529-113774030	3	0.005732926518160563	0.062254841850434985	4	0.05652191533227442	0.0960288645624561	0.00033790280596056235	unsupported	True	0.0022220979082668	0.0022220979082668
USP28	chr11:113994255-113994756	4	-0.0023962564353537086	0.04812660747362623	5	0.05052286390897994	0.07283286176141814	0.00017709266927380384	unsupported	True	0.0022220728073732	0.0022220728073732
USP28	chr11:113848898-113849399	5	-0.0032150725867200235	0.08314284338415107	5	0.08635791597087109	0.10763338967419549	0.0007728123319280246	unsupported	True	0.002123387886106	0.002123387886106
USP28	chr11:114000470-114000971	6	0.0022215448958437956	0.052220521391453945	5	0.04999897649561015	0.04420411491393755	0.0001154157338041111	unsupported	True	0.001731812801475	0.001731812801475
USP28	chr11:113766470-113766971	7	-0.012312349522202741	0.034857120361456204	1	0.04716946988365894	0.04804852596130625	7.900099666978914e-05	unsupported	True	0.0016782882438122	0.0016782882438122
USP28	chr11:113934668-113935169	8	-0.01619985074479471	0.05397237678277554	5	0.07017222752757026	0.09345374584207183	0.0003539431567701075	unsupported	True	0.0013503594398321	0.0013503594398321
USP28	chr11:113923264-113923765	9	-0.0007581462226898966	0.05505271507294074	1	0.055810861295630634	0.07131788325802008	0.0002191270094358825	unsupported	True	0.0011568615585671	0.0011568615585671
USP28	chr11:113958284-113958785	10	-0.008214050661119774	0.018457249257937722	1	0.026671299919057496	0.041684350590828714	2.052032336481004e-05	unsupported	True	0.000894200193412	-0.000894200193412
USP28	chr11:113745578-113746079	11	-0.00584068156975631	0.03377351267953985	1	0.03961419424929616	0.05686117685363003	7.607516508676775e-05	unsupported	True	0.0008410488993538	0.0008410488993538
USP28	chr11:114001330-114001831	12	-0.01004571372705327	0.03974638035482799	5	0.04979209408188126	0.069368177698996	0.00013728347429675902	unsupported	True	0.000788013623164	0.000788013623164
USP28	chr11:113684411-113684912	13	-0.003643270563103651	0.05496893020628779	1	0.05861220076939144	0.090908322808333	0.00029289297741546687	unsupported	True	0.0007642742467684	0.0007642742467684
USP28	chr11:113952006-113952507	14	0.00771117522783017	0.05667921074745469	5	0.04896803551962452	0.052201093516609426	0.0001448825484086268	unsupported	True	0.0007610246072452	0.0007610246072452
USP28	chr11:113960653-113961154	15	0.0069801237749702065	0.03866843817766814	2	0.03168831440269793	0.051841426707248714	6.352325075247638e-05	unsupported	True	0.0007421853823752	0.0007421853823752
USP28	chr11:113947825-113948326	16	-0.01156388402586608	0.038130483394884264	1	0.04969436742075034	0.059432331079792164	0.00011261655615562351	unsupported	True	0.0006287209282049	0.0006287209282049
USP28	chr11:113935826-113936327	17	-0.001767472932107021	0.020789323058966254	4	0.022556795991073277	0.016742726583446867	7.851342894079514e-06	unsupported	True	0.0006271101661491	-0.0006271101661491
USP28	chr11:113875408-113875909	18	0.0024830560985017493	0.06870083040258501	4	0.06621777430408327	0.09753613206775469	0.0004437129405886031	unsupported	True	0.0005591775933606	-0.0005591775933606
USP28	chr11:113974830-113975331	19	-0.0077916813049420785	0.06186394089536998	5	0.06965562220031206	0.07365061005297062	0.00031737309468700284	unsupported	True	0.0005106525038271	0.0005106525038271
